	rxn10158	rxn05312	rxn05318	rJB00240	rxn05158	rxn00615	rxn05209	rxn13836	rxn00148	rxn05229	rxn00250	rxn00134	rxn05581	rxn00097	rxn00251	rxn10165	rxn10053	EX_cpd00182_e	EX_cpd00100_e	EX_cpd00080_e	EX_cpd00009_e	ATPM	EX_cpd00170_e	EX_cpd00222_e	DM_cpd00002_c
0	-415.92418385000036	622.7293177000006	209.11905000000047	415.92418385000036	4.627832299999416	-431.2559322999994	-415.92418385000036	196.1012177000006	209.11905000000002	-209.11905000000002	209.11905000000002	209.11905000000047	431.2559322999994	0.0	209.11905000000002	426.6281000000005	209.11905000000002	-209.11905000000013	431.2559322999994	-431.2559322999994	-196.10121770000057	8.39	-196.1012177000006	196.1012177000006	209.11904999999996
1	-607.8194559000004	911.7291838500007	303.9097279500002	607.8194559000003	0.0	-616.2094559000004	-607.8194559000003	295.51972795000023	303.9097279500002	-303.9097279500002	303.9097279500002	303.9097279500002	616.2094559000004	0.0	303.9097279500002	616.2094559000004	303.9097279500002	-303.9097279500002	616.2094559000004	-616.2094559000004	-295.51972795000034	8.39	-295.51972795000023	295.51972795000023	303.9097279500002
2	-666.6666666666667	1000.0	333.33333333333337	666.6666666666667	0.0	-839.9944633333333	-666.6666666666667	160.00553666666667	168.3955366666667	-168.3955366666667	168.3955366666667	333.33333333333337	839.9944633333333	164.93779666666666	168.3955366666667	839.9944633333333	168.3955366666667	-333.33333333333337	839.9944633333333	-839.9944633333333	-160.00553666666667	8.39	-160.00553666666667	160.00553666666667	333.33333333333337
3	-558.9633168765507	766.3371947942512	351.5894389588502	558.9633168765507	288.4311220822995	-1000.0	-558.9633168765507	54.76831687655073	351.5894389588502	-351.5894389588502	351.5894389588502	351.5894389588502	1000.0	0.0	351.5894389588502	711.5688779177005	351.5894389588502	-351.5894389588502	1000.0	-1000.0	-54.76831687655067	8.39	-54.76831687655073	54.76831687655073	351.5894389588502
4	-345.68514460515223	410.8735743419204	280.49671486838406	345.68514460515223	430.61657026323184	-1000.0	-345.68514460515223	-158.50985539484785	280.49671486838406	-280.49671486838406	280.49671486838406	280.49671486838406	1000.0	0.0	280.49671486838406	569.3834297367682	280.49671486838406	-280.49671486838406	1000.0	-1000.0	158.50985539484782	8.39	158.50985539484785	-158.50985539484785	280.49671486838406
5	-627.9808163983334	922.6282994633333	333.33333333333337	627.9808163983334	77.3717005366667	-1000.0	-627.9808163983334	0.0	85.7617005366667	-85.7617005366667	85.7617005366667	333.33333333333337	1000.0	247.57163279666665	85.7617005366667	922.6282994633333	85.7617005366667	-333.33333333333337	1000.0	-1000.0	0.0	8.39	0.0	0.0	333.33333333333326
6	-545.3469802683335	757.3606272033334	333.33333333333337	545.3469802683335	242.63937279666666	-1000.0	-545.3469802683335	0.0	251.02937279666668	-251.02937279666668	251.02937279666668	333.33333333333337	1000.0	82.30396053666666	251.02937279666668	757.3606272033334	251.02937279666668	-333.33333333333337	1000.0	-1000.0	0.0	8.39	0.0	0.0	333.33333333333337
7	-368.35787231205006	493.94049641606676	242.77524820803342	368.35787231205006	234.38524820803337	-728.3257446241001	-368.35787231205006	0.0	242.77524820803336	-242.77524820803336	242.77524820803336	242.7752482080334	728.3257446241001	0.0	242.77524820803336	493.94049641606676	242.77524820803336	-242.77524820803342	728.3257446241001	-728.3257446241001	0.0	8.39	0.0	0.0	242.77524820803342
8	-238.8327802971816	232.7863004953026	244.8792600990605	238.8327802971816	501.85147980187895	-1000.0	-238.8327802971816	-265.36221970281844	244.8792600990605	-244.8792600990605	244.8792600990605	244.8792600990605	1000.0	0.0	244.8792600990605	498.14852019812105	244.8792600990605	-244.8792600990605	1000.0	-1000.0	265.36221970281844	8.39	265.36221970281844	-265.36221970281844	244.87926009906056
9	-515.5276476235999	773.2914714353999	257.76382381179997	515.5276476235999	0.0	-523.9176476235999	-515.5276476235999	249.37382381179998	257.76382381179997	-257.76382381179997	257.76382381179997	257.76382381179997	523.9176476235999	0.0	257.76382381179997	523.9176476235999	257.76382381179997	-257.76382381179997	523.9176476235999	-523.9176476235999	-249.37382381179998	8.39	-249.37382381179998	249.37382381179998	257.76382381179997
10	-691.1767237203334	1000.0	382.35344744066674	691.1767237203334	147.060342322	-920.1572372033334	-691.1767237203334	226.9031051186667	382.3534474406667	-382.3534474406667	382.3534474406667	382.3534474406667	920.1572372033334	0.0	382.3534474406667	773.0968948813334	382.3534474406667	-382.35344744066674	920.1572372033334	-920.1572372033334	-226.90310511866664	8.39	-226.9031051186667	226.9031051186667	382.35344744066657
11	-670.2638815302204	1000.0	340.52776306044075	670.2638815302204	21.583289181322005	-1000.0	-670.2638815302204	21.58328918132199	51.556578362644	-51.556578362644	51.556578362644	340.5277630604407	1000.0	288.9711846977967	51.556578362644	978.416710818678	51.556578362644	-340.52776306044075	1000.0	-1000.0	-21.583289181322016	8.39	-21.58328918132199	21.58328918132199	340.5277630604406
12	-686.8071755234464	1000.0	373.6143510468927	686.8071755234464	120.84305314067801	-1000.0	-686.8071755234464	120.843053140678	250.076106281356	-250.076106281356	250.076106281356	373.6143510468927	1000.0	123.53824476553666	250.076106281356	879.156946859322	250.076106281356	-373.6143510468927	1000.0	-1000.0	-120.84305314067797	8.39	-120.843053140678	120.843053140678	373.6143510468927
13	-678.5437919104463	1000.0	357.08758382089263	678.5437919104463	71.26275146267801	-1000.0	-678.5437919104463	71.262751462678	150.915502925356	-150.915502925356	150.915502925356	357.08758382089263	1000.0	206.17208089553665	150.915502925356	928.737248537322	150.915502925356	-357.08758382089263	1000.0	-1000.0	-71.26275146267801	8.39	-71.262751462678	71.262751462678	357.08758382089275
14	-695.0540323692203	1000.0	390.1080647384406	695.0540323692203	170.324194215322	-1000.0	-695.0540323692203	170.324194215322	349.038388430644	-349.038388430644	349.038388430644	390.10806473844065	1000.0	41.06967630779667	349.038388430644	829.675805784678	349.038388430644	-390.1080647384406	1000.0	-1000.0	-170.324194215322	8.39	-170.324194215322	170.324194215322	390.10806473844065
15	-452.5375089131229	588.9608481885382	316.1141696377076	452.5375089131229	359.3816607245847	-1000.0	-452.5375089131229	-51.65749108687709	316.1141696377076	-316.1141696377076	316.1141696377076	316.1141696377076	1000.0	0.0	316.1141696377076	640.6183392754153	316.1141696377076	-316.1141696377076	1000.0	-1000.0	51.657491086877144	8.39	51.65749108687709	-51.65749108687709	316.1141696377076
16	-340.38485827538716	456.6431443671829	224.12657218359152	340.38485827538716	215.73657218359148	-672.3797165507744	-340.38485827538716	0.0	224.12657218359146	-224.12657218359146	224.12657218359146	224.1265721835915	672.3797165507744	0.0	224.12657218359146	456.64314436718297	224.12657218359146	-224.12657218359152	672.3797165507744	-672.3797165507744	0.0	8.39	0.0	0.0	224.1265721835914
17	-396.330886348713	531.2378484649506	261.4239242324753	396.330886348713	253.03392423247533	-784.271772697426	-396.330886348713	0.0	261.4239242324753	-261.4239242324753	261.4239242324753	261.4239242324753	784.271772697426	0.0	261.4239242324753	531.2378484649506	261.4239242324753	-261.4239242324753	784.271772697426	-784.271772697426	0.0	8.39	0.0	0.0	261.4239242324753
18	-185.2997457788883	143.56457629814724	227.03491525962943	185.2997457788883	537.5401694807412	-1000.0	-185.2997457788883	-318.8952542211117	227.03491525962943	-227.03491525962943	227.03491525962943	227.03491525962943	1000.0	0.0	227.03491525962943	462.45983051925884	227.03491525962943	-227.03491525962943	1000.0	-1000.0	318.8952542211116	8.39	318.8952542211117	-318.8952542211117	227.03491525962943
19	-292.3658148154749	322.00802469245815	262.7236049384917	292.3658148154749	466.16279012301675	-1000.0	-292.3658148154749	-211.8291851845251	262.72360493849163	-262.72360493849163	262.72360493849163	262.72360493849163	1000.0	0.0	262.72360493849163	533.8372098769833	262.72360493849163	-262.7236049384917	1000.0	-1000.0	211.8291851845251	8.39	211.8291851845251	-211.8291851845251	262.7236049384915
20	-176.90979723330003	144.70054446660004	209.11905000000047	176.90979723330003	482.6566055334	-1000.0	-176.90979723330003	-372.6428499999988	118.40375553340004	-118.40375553340004	118.40375553340004	209.11905000000047	1000.0	90.71529446659997	118.40375553340004	517.3433944666	118.40375553340004	-209.11905000000013	1000.0	-1000.0	372.64284999999927	8.39	372.6428499999995	-372.6428499999995	209.11904999999996
21	-392.71242416143787	576.305798322876	209.11905000000047	392.71242416143787	51.05135167712359	-477.67945167712327	-392.71242416143787	149.67769832287632	209.1190499999998	-209.11904999999985	209.11904999999985	209.11905000000047	477.67945167712327	0.0	209.11904999999985	426.6281000000005	209.11904999999985	-209.11905000000013	477.6794516771233	-477.67945167712327	-149.67769832287627	8.39	-149.67769832287632	149.67769832287632	209.11904999999996
22	-346.47422821496167	483.8294064299233	209.11905000000047	346.47422821496167	143.5277435700766	-570.1558435700766	-346.47422821496167	57.20130642992342	209.11905000000002	-209.11905000000002	209.11905000000002	209.11905000000047	570.1558435700766	0.0	209.11905000000002	426.6281000000005	209.11905000000002	-209.11905000000013	570.1558435700766	-570.1558435700766	-57.20130642992331	8.39	-57.20130642992342	57.20130642992342	209.11904999999996
23	-399.2181791234457	500.0952985390761	298.34105970781525	399.2181791234457	394.9278805843695	-1000.0	-399.2181791234457	-104.9768208765545	298.34105970781513	-298.34105970781513	298.34105970781513	298.3410597078152	1000.0	0.0	298.34105970781513	605.0721194156305	298.34105970781513	-298.34105970781525	1000.0	-1000.0	104.97682087655437	8.39	104.9768208765545	-104.9768208765545	298.34105970781536
24	-587.8526116318096	842.3718899302856	333.33333333333337	587.8526116318096	157.62811006971435	-1000.0	-587.8526116318096	0.0	166.01811006971434	-166.01811006971434	166.01811006971434	333.33333333333337	1000.0	167.315223263619	166.01811006971434	842.3718899302856	166.01811006971434	-333.33333333333337	1000.0	-1000.0	0.0	8.39	0.0	0.0	333.3333333333335
25	-511.62183723774854	689.9103411421637	333.33333333333326	511.62183723774854	310.0896588578363	-1000.0	-511.62183723774854	0.0	318.4796588578363	-318.4796588578363	318.4796588578363	333.3333333333333	1000.0	14.85367447549705	318.4796588578363	689.9103411421637	318.4796588578363	-333.33333333333326	1000.0	-1000.0	0.0	8.39	0.0	0.0	333.33333333333354
26	-191.47414347889833	173.82923695779664	209.11905000000047	191.47414347889833	453.5279130422034	-880.1560130422034	-191.47414347889833	-252.79886304220338	209.11905000000002	-209.11905000000002	209.11905000000002	209.11905000000047	880.1560130422034	0.0	209.11905000000002	426.6281000000005	209.11905000000002	-209.11905000000013	880.1560130422034	-880.1560130422034	252.79886304220338	8.39	252.79886304220338	-252.79886304220338	209.11904999999996
27	-151.472919317768	93.8267886355361	209.11905000000047	151.472919317768	533.5303613644636	-960.1584613644634	-151.472919317768	-332.8013113644637	209.1190499999999	-209.1190499999999	209.1190499999999	209.11905000000047	960.1584613644634	0.0	209.1190499999999	426.6281000000005	209.1190499999999	-209.11905000000013	960.1584613644634	-960.1584613644634	332.8013113644637	8.39	332.8013113644637	-332.8013113644637	209.11904999999996
28	-223.19675212015773	237.27445424031544	209.11905000000047	223.19675212015773	390.0826957596846	-1000.0	-223.19675212015773	-372.6428499999988	25.82984575968464	-25.82984575968464	25.82984575968464	209.11905000000047	1000.0	183.28920424031537	25.82984575968464	609.9173042403154	25.82984575968464	-209.11905000000013	1000.0	-1000.0	372.64284999999927	8.39	372.6428499999995	-372.6428499999995	209.11904999999996
29	-659.0511801001314	984.7690268669295	333.33333333333326	659.0511801001314	15.230973133070544	-1000.0	-659.0511801001314	0.0	23.620973133070493	-23.620973133070493	23.620973133070493	333.33333333333326	1000.0	309.71236020026276	23.620973133070493	984.7690268669295	23.620973133070493	-333.33333333333326	1000.0	-1000.0	0.0	8.39	0.0	0.0	333.33333333333326
30	-638.3100045976652	943.2866758619972	333.33333333333326	638.3100045976652	56.71332413800284	-1000.0	-638.3100045976652	0.0	65.10332413800279	-65.10332413800279	65.10332413800279	333.33333333333326	1000.0	268.2300091953305	65.10332413800279	943.2866758619972	65.10332413800279	-333.33333333333326	1000.0	-1000.0	0.0	8.39	0.0	0.0	333.33333333333326
31	-576.2933105821002	819.2532878308672	333.33333333333326	576.2933105821002	180.74671216913285	-1000.0	-576.2933105821002	0.0	189.1367121691328	-189.1367121691328	189.1367121691328	333.33333333333326	1000.0	144.19662116420054	189.1367121691328	819.2532878308672	189.1367121691328	-333.33333333333326	1000.0	-1000.0	0.0	8.39	0.0	0.0	333.33333333333326
32	-617.6102286471003	901.8871239608673	333.33333333333337	617.6102286471003	98.11287603913274	-1000.0	-617.6102286471003	0.0	106.50287603913273	-106.50287603913273	106.50287603913273	333.33333333333337	1000.0	226.83045729420053	106.50287603913273	901.8871239608673	106.50287603913273	-333.33333333333337	1000.0	-1000.0	0.0	8.39	0.0	0.0	333.33333333333337
33	-535.0177920690013	736.7022508046693	333.33333333333326	535.0177920690013	263.2977491953306	-1000.0	-535.0177920690013	0.0	271.6877491953305	-271.6877491953305	271.6877491953305	333.33333333333326	1000.0	61.645584138002796	271.6877491953305	736.7022508046693	271.6877491953305	-333.33333333333326	1000.0	-1000.0	0.0	8.39	0.0	0.0	333.33333333333326
34	-482.13875740376034	638.2962623396006	325.98125246792006	482.13875740376034	339.6474950641598	-1000.0	-482.13875740376034	-22.056242596239713	325.98125246792006	-325.98125246792006	325.98125246792006	325.9812524679201	1000.0	0.0	325.98125246792006	660.3525049358402	325.98125246792006	-325.98125246792006	1000.0	-1000.0	22.0562425962396	8.39	22.056242596239713	-22.056242596239713	325.9812524679203
35	-185.0991233328847	161.07919666576936	209.11905000000047	185.0991233328847	466.2779533342307	-1000.0	-185.0991233328847	-372.6428499999988	102.02510333423061	-102.02510333423061	102.02510333423061	209.11905000000047	1000.0	107.09394666576938	102.02510333423061	533.7220466657693	102.02510333423061	-209.11905000000013	1000.0	-1000.0	372.64284999999927	8.39	372.6428499999995	-372.6428499999995	209.11904999999996
36	-309.37677175698093	409.63449351396184	209.11905000000047	309.37677175698093	217.7226564860382	-644.3507564860382	-309.37677175698093	-16.993606486038175	209.11905000000002	-209.11905000000002	209.11905000000002	209.11905000000047	644.3507564860382	0.0	209.11905000000002	426.6281000000005	209.11905000000002	-209.11905000000013	644.3507564860382	-644.3507564860382	16.993606486038175	8.39	16.993606486038175	-16.993606486038175	209.11904999999996
37	-253.37479765558152	297.63054531116313	209.11905000000047	253.37479765558146	329.7266046888366	-756.3547046888364	-253.37479765558152	-128.99755468883666	209.1190499999999	-209.1190499999999	209.1190499999999	209.11905000000047	756.3547046888364	0.0	209.1190499999999	426.6281000000005	209.1190499999999	-209.11905000000013	756.3547046888364	-756.3547046888364	128.99755468883666	8.39	128.99755468883666	-128.99755468883666	209.11904999999996
38	-281.3478116922444	353.57657338448894	209.11905000000047	281.3478116922445	273.78057661551077	-700.4086766155106	-281.3478116922444	-73.05152661551085	209.1190499999999	-209.1190499999999	209.1190499999999	209.11905000000047	700.4086766155106	0.0	209.1190499999999	426.6281000000005	209.1190499999999	-209.11905000000013	700.4086766155106	-700.4086766155106	73.05152661551085	8.39	73.05152661551085	-73.05152661551085	209.11904999999996
39	-225.45772964699194	241.79640929398397	209.11905000000047	225.457729646992	385.56074070601574	-812.1888407060155	-225.45772964699194	-184.83169070601582	209.1190499999999	-209.1190499999999	209.1190499999999	209.11905000000047	812.1888407060155	0.0	209.1190499999999	426.6281000000005	209.1190499999999	-209.11905000000013	812.1888407060155	-812.1888407060155	184.83169070601582	8.39	184.83169070601582	-184.83169070601582	209.11904999999996
40	-372.3981288297813	455.3952147163021	289.40104294326045	372.3981288297813	412.8079141134791	-1000.0	-372.3981288297813	-131.79687117021865	289.40104294326045	-289.40104294326045	289.40104294326045	289.40104294326045	1000.0	0.0	289.40104294326045	587.1920858865209	289.40104294326045	-289.40104294326045	1000.0	-1000.0	131.79687117021876	8.39	131.79687117021865	-131.79687117021865	289.4010429432603
41	-318.9721603805237	366.3519339675395	271.5923867935079	318.97216038052375	448.4252264129842	-1000.0	-318.9721603805237	-185.2228396194763	271.5923867935079	-271.5923867935079	271.5923867935079	271.5923867935079	1000.0	0.0	271.5923867935079	551.5747735870158	271.5923867935079	-271.5923867935079	1000.0	-1000.0	185.2228396194763	8.39	185.2228396194763	-185.2228396194763	271.59238679350784
42	-600.198322	835.0622033333332	365.33444066666664	600.198322	260.94111866666674	-1000.0	-600.198322	96.00332199999991	365.33444066666664	-365.33444066666664	365.33444066666664	365.33444066666664	1000.0	0.0	365.33444066666664	739.0588813333333	365.33444066666664	-365.33444066666664	1000.0	-1000.0	-96.00332199999991	8.39	-96.00332199999991	96.00332199999991	365.33444066666664
43	-356.5762331001697	478.2316441335597	234.92082206677983	356.5762331001697	226.53082206677982	-704.7624662003395	-356.5762331001697	0.0	234.9208220667798	-234.9208220667798	234.9208220667798	234.92082206677983	704.7624662003395	0.0	234.9208220667798	478.2316441335597	234.9208220667798	-234.92082206677983	704.7624662003395	-704.7624662003395	0.0	8.39	0.0	0.0	234.92082206677992
44	-355.0870295116149	501.05500902322984	209.11905000000047	355.0870295116149	126.30214097676999	-627.3571499999998	-355.08702951161484	0.0	134.69214097677	-134.69214097677	134.69214097677	209.11905000000047	627.3571499999998	74.42690902322994	134.69214097677	501.05500902322984	134.69214097677	-209.11905000000013	627.3571499999998	-627.3571499999998	0.0	8.39	0.0	0.0	209.11904999999996
45	-404.29509224603044	599.4711344920609	209.11905000000047	404.29509224603044	27.886015507938623	-454.5141155079384	-404.2950922460304	172.8430344920613	209.1190499999999	-209.1190499999999	209.1190499999999	209.11905000000047	454.5141155079384	0.0	209.1190499999999	426.6281000000005	209.1190499999999	-209.11905000000013	454.51411550793847	-454.5141155079384	-172.84303449206107	8.39	-172.8430344920613	172.8430344920613	209.11904999999996
46	-358.0106581036074	506.9022662072149	209.11905000000047	358.0106581036074	120.45488379278493	-547.0829837927847	-358.0106581036074	80.27416620721499	209.1190499999999	-209.1190499999999	209.1190499999999	209.11905000000047	547.0829837927847	0.0	209.1190499999999	426.6281000000005	209.1190499999999	-209.11905000000013	547.0829837927847	-547.0829837927847	-80.2741662072151	8.39	-80.27416620721499	80.27416620721499	209.11904999999996
47	-381.12975607684587	553.1404621536917	209.11905000000047	381.12975607684587	74.21668784630816	-500.84478784630807	-381.12975607684587	126.51236215369175	209.11905000000002	-209.11904999999996	209.11904999999996	209.11905000000047	500.84478784630807	0.0	209.11904999999996	426.6281000000005	209.11904999999996	-209.11905000000013	500.84478784630807	-500.84478784630807	-126.51236215369181	8.39	-126.51236215369175	126.51236215369175	209.11904999999996
48	-685.8034024447261	977.7373374078768	393.86946748157527	685.8034024447261	203.87106503684936	-1000.0	-685.8034024447261	181.60840244472604	393.8694674815754	-393.8694674815754	393.8694674815754	393.86946748157527	1000.0	0.0	393.8694674815754	796.1289349631506	393.8694674815754	-393.86946748157527	1000.0	-1000.0	-181.60840244472615	8.39	-181.60840244472604	181.60840244472604	393.8694674815755
49	-334.93779832631594	460.75654665263176	209.11905000000047	334.93779832631594	166.6006033473684	-593.2287033473684	-334.9377983263159	34.128446652631624	209.11905000000002	-209.11905000000002	209.11905000000002	209.11905000000047	593.2287033473684	0.0	209.11905000000002	426.6281000000005	209.11905000000002	-209.11905000000013	593.2287033473684	-593.2287033473684	-34.12844665263174	8.39	-34.128446652631624	34.128446652631624	209.11904999999996
50	-329.15172792096905	441.66563722795865	216.63781861397933	329.15172792096905	208.24781861397935	-649.913455841938	-329.151727920969	0.0	216.63781861397933	-216.63781861397933	216.63781861397933	216.63781861397933	649.913455841938	0.0	216.63781861397933	441.66563722795865	216.63781861397933	-216.63781861397933	649.913455841938	-649.913455841938	0.0	8.39	0.0	0.0	216.63781861397928
51	-518.1627296949073	702.9921260564812	333.33333333333326	518.1627296949073	297.0078739435188	-1000.0	-518.1627296949073	0.0	305.3978739435188	-305.3978739435188	305.3978739435188	333.33333333333326	1000.0	27.935459389814557	305.3978739435188	702.9921260564812	305.3978739435188	-333.33333333333326	1000.0	-1000.0	0.0	8.39	0.0	0.0	333.33333333333337
52	-212.11979607255353	188.2646601209226	235.97493202418445	212.11979607255353	519.660135951631	-1000.0	-212.11979607255353	-292.07520392744675	235.97493202418445	-235.97493202418445	235.97493202418445	235.97493202418445	1000.0	0.0	235.97493202418445	480.339864048369	235.97493202418445	-235.97493202418445	1000.0	-1000.0	292.0752039274464	8.39	292.07520392744675	-292.07520392744675	235.97493202418468
53	-434.25269986873866	581.8002664916517	286.70513324582566	434.25269986873866	278.3151332458258	-860.1153997374772	-434.25269986873866	0.0	286.7051332458258	-286.7051332458258	286.7051332458258	286.7051332458257	860.1153997374772	0.0	286.7051332458258	581.8002664916514	286.7051332458258	-286.70513324582566	860.1153997374772	-860.1153997374772	0.0	8.39	0.0	0.0	286.7051332458259
54	-474.2939252540297	635.188567005373	313.39928350268644	474.2939252540298	305.00928350268646	-940.1978505080594	-474.2939252540297	0.0	313.39928350268644	-313.39928350268644	313.39928350268644	313.39928350268644	940.1978505080594	0.0	313.39928350268644	635.188567005373	313.39928350268644	-313.39928350268644	940.1978505080594	-940.1978505080594	0.0	8.39	0.0	0.0	313.39928350268644
55	-454.29331317346475	608.5210842312863	300.0655421156432	454.29331317346475	291.67554211564317	-900.1966263469295	-454.29331317346475	0.0	300.0655421156432	-300.0655421156432	300.0655421156432	300.0655421156432	900.1966263469295	0.0	300.0655421156432	608.5210842312863	300.0655421156432	-300.0655421156432	900.1966263469295	-900.1966263469294	0.0	8.39	0.0	0.0	300.0655421156432
56	-494.2545361104336	661.8027148139115	326.7063574069557	494.2545361104336	318.3163574069558	-980.1190722208672	-494.2545361104336	0.0	326.7063574069557	-326.7063574069557	326.7063574069557	326.7063574069557	980.1190722208672	0.0	326.7063574069557	661.8027148139115	326.7063574069557	-326.7063574069557	980.1190722208672	-980.1190722208673	0.0	8.39	0.0	0.0	326.7063574069557
57	-601.5488798456354	869.7644263579375	333.33333333333337	601.5488798456354	130.2355736420625	-1000.0	-601.5488798456354	0.0	138.62557364206248	-138.62557364206248	138.62557364206248	333.33333333333337	1000.0	194.70775969127078	138.62557364206248	869.7644263579375	138.62557364206248	-333.33333333333337	1000.0	-1000.0	0.0	8.39	0.0	0.0	333.33333333333337
58	-381.1966397787144	511.058853038286	251.33442651914297	381.1966397787145	242.944426519143	-754.003279557429	-381.1966397787145	0.0	251.334426519143	-251.334426519143	251.334426519143	251.33442651914297	754.003279557429	0.0	251.334426519143	511.058853038286	251.334426519143	-251.33442651914297	754.003279557429	-754.003279557429	0.0	8.39	0.0	0.0	251.334426519143
59	-679.8023425058095	1000.0	359.60468501161904	679.8023425058095	78.814055034857	-806.413425058095	-679.8023425058095	272.40062997676205	359.60468501161904	-359.6046850116189	359.6046850116189	359.60468501161904	806.413425058095	0.0	359.6046850116189	727.599370023238	359.6046850116189	-359.60468501161904	806.413425058095	-806.413425058095	-272.400629976762	8.39	-272.40062997676205	272.40062997676205	359.60468501161904
60	-666.6666666666666	1000.0	333.33333333333326	666.6666666666665	0.0	-969.6710612062327	-666.6666666666665	30.32893879376728	38.71893879376728	-38.71893879376728	38.71893879376728	333.3333333333333	969.6710612062327	294.6143945395661	38.71893879376728	969.6710612062327	38.71893879376728	-333.33333333333326	969.6710612062327	-969.6710612062327	-30.328938793767293	8.39	-30.32893879376728	30.32893879376728	333.33333333333326
61	-666.6666666666667	1000.0	333.3333333333335	666.6666666666667	0.0	-995.160355793665	-666.6666666666667	4.839644206335265	13.229644206335252	-13.229644206335252	13.229644206335252	333.3333333333335	995.160355793665	320.1036891269983	13.229644206335252	995.160355793665	13.229644206335252	-333.3333333333335	995.160355793665	-995.160355793665	-4.839644206335038	8.39	-4.839644206335265	4.839644206335265	333.33333333333314
62	-666.6666666666666	1000.0	333.33333333333326	666.6666666666666	0.0	-953.6365224377279	-666.6666666666666	46.363477562272124	54.75347756227211	-54.75347756227211	54.75347756227211	333.33333333333326	953.6365224377279	278.57985577106115	54.75347756227211	953.6365224377279	54.75347756227211	-333.33333333333326	953.6365224377279	-953.6365224377279	-46.363477562272124	8.39	-46.363477562272124	46.363477562272124	333.3333333333335
63	-666.6666666666666	1000.0	333.33333333333326	666.6666666666666	0.0	-829.6031344065979	-666.6666666666666	170.39686559340214	178.78686559340213	-178.78686559340213	178.78686559340213	333.33333333333326	829.6031344065979	154.5464677399311	178.78686559340213	829.6031344065979	178.78686559340213	-333.33333333333326	829.6031344065979	-829.6031344065979	-170.39686559340214	8.39	-170.39686559340214	170.39686559340214	333.3333333333335
64	-666.6666666666666	1000.0	333.33333333333326	666.6666666666666	0.0	-912.2369705365978	-666.6666666666666	87.76302946340218	96.15302946340216	-96.15302946340216	96.15302946340216	333.33333333333326	912.2369705365978	237.18030386993112	96.15302946340216	912.2369705365978	96.15302946340216	-333.33333333333326	912.2369705365978	-912.2369705365978	-87.76302946340218	8.39	-87.76302946340218	87.76302946340218	333.3333333333335
65	-666.6666666666667	1000.0	333.3333333333335	666.6666666666667	0.0	-808.9034412551367	-666.6666666666667	191.0965587448635	199.4865587448635	-199.4865587448635	199.4865587448635	333.3333333333335	808.9034412551367	133.84677458846994	199.4865587448635	808.9034412551367	199.4865587448635	-333.3333333333335	808.9034412551367	-808.9034412551367	-191.09655874486327	8.39	-191.0965587448635	191.0965587448635	333.3333333333335
66	-666.6666666666667	1000.0	333.3333333333335	666.6666666666667	0.0	-891.5372773851367	-666.6666666666667	108.46272261486354	116.85272261486352	-116.85272261486352	116.85272261486352	333.3333333333335	891.5372773851367	216.4806107184699	116.85272261486352	891.5372773851367	116.85272261486352	-333.3333333333335	891.5372773851367	-891.5372773851367	-108.46272261486331	8.39	-108.46272261486354	108.46272261486354	333.3333333333335
67	-666.6666666666667	1000.0	333.3333333333335	666.6666666666667	0.0	-932.9368292862667	-666.6666666666667	67.06317071373348	75.45317071373347	-75.45317071373347	75.45317071373347	333.3333333333335	932.9368292862667	257.8801626195999	75.45317071373347	932.9368292862667	75.45317071373347	-333.3333333333335	932.9368292862667	-932.9368292862667	-67.06317071373326	8.39	-67.06317071373348	67.06317071373348	333.3333333333335
68	-158.47969548522337	98.86449247537223	218.0948984950744	158.47969548522337	555.4202030098511	-1000.0	-158.47969548522332	-345.71530451477673	218.0948984950744	-218.09489849507446	218.09489849507446	218.09489849507446	1000.0	0.0	218.09489849507446	444.5797969901489	218.09489849507446	-218.0948984950744	1000.0	-1000.0	345.7153045147767	8.39	345.71530451477673	-345.71530451477673	218.09489849507435
69	-529.8635271575347	726.3937209817361	333.33333333333326	529.8635271575347	273.6062790182639	-1000.0	-529.8635271575347	0.0	281.99627901826386	-281.99627901826386	281.99627901826386	333.3333333333333	1000.0	51.33705431506952	281.99627901826386	726.3937209817361	281.99627901826386	-333.33333333333326	1000.0	-1000.0	0.0	8.39	0.0	0.0	333.3333333333335
70	-261.0225868631544	269.7693114385907	252.27586228771816	261.0225868631544	487.0582754245638	-1000.0	-261.0225868631544	-243.17241313684565	252.27586228771816	-252.27586228771816	252.27586228771816	252.27586228771816	1000.0	0.0	252.27586228771816	512.9417245754362	252.27586228771816	-252.27586228771816	1000.0	-1000.0	243.17241313684548	8.39	243.17241313684565	-243.17241313684565	252.27586228771816
71	-542.3376180012406	738.6276966687342	346.04753933374684	542.3376180012406	299.51492133250633	-1000.0	-542.3376180012406	38.14261800124052	346.04753933374684	-346.04753933374684	346.04753933374684	346.04753933374684	1000.0	0.0	346.04753933374684	700.4850786674937	346.04753933374684	-346.04753933374684	1000.0	-1000.0	-38.14261800124052	8.39	-38.14261800124052	38.14261800124052	346.04753933374695
72	-485.7813672034663	650.5051562712885	321.05757813564423	485.7813672034663	312.66757813564425	-963.1727344069327	-485.78136720346635	0.0	321.05757813564423	-321.05757813564423	321.05757813564423	321.05757813564423	963.1727344069327	0.0	321.05757813564423	650.5051562712885	321.05757813564423	-321.05757813564423	963.1727344069327	-963.1727344069327	0.0	8.39	0.0	0.0	321.0575781356442
73	-467.1909929228441	625.7179905637921	308.66399528189606	467.1909929228441	300.2739952818961	-925.9919858456882	-467.1909929228441	0.0	308.66399528189606	-308.66399528189606	308.66399528189606	308.66399528189606	925.9919858456882	0.0	308.66399528189606	625.7179905637921	308.66399528189606	-308.66399528189606	925.9919858456882	-925.9919858456882	0.0	8.39	0.0	0.0	308.66399528189606
74	-561.8448257087765	790.3563180842199	333.33333333333326	561.8448257087765	209.64368191578015	-1000.0	-561.8448257087765	0.0	218.0336819157801	-218.0336819157801	218.0336819157801	333.33333333333326	1000.0	115.29965141755325	218.0336819157801	790.3563180842199	218.0336819157801	-333.33333333333326	1000.0	-1000.0	0.0	8.39	0.0	0.0	333.33333333333326
75	-553.6391209569928	773.9449085806522	333.33333333333326	553.6391209569928	226.05509141934786	-1000.0	-553.6391209569928	0.0	234.44509141934782	-234.44509141934782	234.44509141934782	333.33333333333326	1000.0	98.88824191398551	234.44509141934782	773.9449085806522	234.44509141934782	-333.33333333333326	1000.0	-1000.0	0.0	8.39	0.0	0.0	333.33333333333326
76	-505.35263052756386	676.9860508792732	333.71921017585464	505.35263052756386	324.17157964829073	-1000.0	-505.35263052756386	1.1576305275639243	333.71921017585464	-333.71921017585464	333.71921017585464	333.71921017585464	1000.0	0.0	333.71921017585464	675.8284203517093	333.71921017585464	-333.71921017585464	1000.0	-1000.0	-1.1576305275639243	8.39	-1.1576305275639243	1.1576305275639243	333.71921017585464
77	-347.4061127716036	466.0048170288047	228.80740851440248	347.4061127716036	220.4174085144025	-686.4222255432072	-347.40611277160355	0.0	228.80740851440248	-228.80740851440248	228.80740851440248	228.80740851440245	686.4222255432072	0.0	228.80740851440248	466.0048170288047	228.80740851440248	-228.80740851440248	686.4222255432072	-686.4222255432072	0.0	8.39	0.0	0.0	228.80740851440237
78	-389.3655778805699	521.9507705074265	256.78038525371323	389.36557788056984	248.39038525371325	-770.3411557611397	-389.3655778805699	0.0	256.78038525371323	-256.78038525371323	256.78038525371323	256.78038525371323	770.3411557611397	0.0	256.78038525371323	521.9507705074265	256.78038525371323	-256.78038525371323	770.3411557611397	-770.3411557611397	0.0	8.39	0.0	0.0	256.78038525371323
79	-591.8381198854952	850.3429064376571	333.33333333333337	591.8381198854952	149.65709356234288	-1000.0	-591.8381198854952	0.0	158.04709356234287	-158.04709356234287	158.04709356234287	333.33333333333337	1000.0	175.2862397709905	158.04709356234287	850.3429064376571	158.04709356234287	-333.33333333333337	1000.0	-1000.0	0.0	8.39	0.0	0.0	333.33333333333337
80	-445.0149870134535	596.1499826846047	293.87999134230233	445.0149870134535	285.48999134230235	-881.639974026907	-445.01498701345344	0.0	293.87999134230233	-293.87999134230233	293.87999134230233	293.87999134230233	881.639974026907	0.0	293.87999134230233	596.1499826846047	293.87999134230233	-293.87999134230233	881.639974026907	-881.639974026907	0.0	8.39	0.0	0.0	293.87999134230233
81	-165.18914223529146	121.25923447058251	209.11905000000047	165.18914223529146	506.09791552941743	-932.7260155294174	-165.1891422352914	-305.36886552941735	209.11905000000013	-209.11905000000013	209.11905000000013	209.11905000000047	932.7260155294174	0.0	209.11905000000013	426.6281000000005	209.11905000000013	-209.11905000000013	932.7260155294174	-932.7260155294174	305.36886552941746	8.39	305.36886552941735	-305.36886552941735	209.11904999999996
82	-470.38209305657256	664.7107309541242	276.0534551590207	470.38209305657256	163.4496345229379	-1000.0	-470.38209305657256	-171.8396345229379	0.0	0.0	0.0	276.0534551590207	1000.0	276.0534551590207	0.0	836.5503654770621	0.0	-276.0534551590207	1000.0	-1000.0	171.8396345229379	8.39	171.8396345229379	-171.8396345229379	276.0534551590208
83	-209.84452597424342	210.57000194848698	209.11905000000047	209.84452597424342	416.7871480515128	-1000.0	-209.84452597424348	-372.6428499999988	52.534298051512565	-52.534298051512565	52.534298051512565	209.11905000000047	1000.0	156.5847519484873	52.534298051512565	583.2128519484872	52.534298051512565	-209.11905000000013	1000.0	-1000.0	372.64284999999927	8.39	372.6428499999995	-372.6428499999995	209.11904999999996
84	-439.2790262674912	611.3911878871276	267.1668646478546	439.2790262674912	190.10940605643623	-1000.0	-439.27902626749113	-198.49940605643621	0.0	0.0	0.0	267.1668646478546	1000.0	267.1668646478546	0.0	809.8905939435638	0.0	-267.1668646478546	1000.0	-1000.0	198.49940605643621	8.39	198.49940605643621	-198.49940605643621	267.1668646478547
85	-688.9875800736928	1000.0	377.97516014738596	688.9875800736928	133.9254804421579	-1000.0	-688.9875800736928	133.9254804421579	276.24096088431577	-276.24096088431577	276.24096088431577	377.97516014738596	1000.0	101.7341992630702	276.24096088431577	866.0745195578421	276.24096088431577	-377.97516014738596	1000.0	-1000.0	-133.9254804421579	8.39	-133.9254804421579	133.9254804421579	377.9751601473861
86	-567.0490434729331	830.4255030964567	303.6725838494095	567.0490434729331	80.59224845177164	-1000.0	-567.0490434729331	-88.98224845177162	0.0	0.0	0.0	303.6725838494095	1000.0	303.6725838494095	0.0	919.4077515482284	0.0	-303.6725838494095	1000.0	-1000.0	88.98224845177162	8.39	88.98224845177162	-88.98224845177162	303.6725838494096
87	-308.98878950850667	388.0364963002971	229.94108271671618	308.98878950850667	301.7867518498515	-1000.0	-308.98878950850667	-310.1767518498515	0.0	0.0	0.0	229.94108271671618	1000.0	229.94108271671618	0.0	698.2132481501485	0.0	-229.94108271671618	1000.0	-1000.0	310.17675184985137	8.39	310.1767518498515	-310.1767518498515	229.94108271671624
88	-232.0155891823406	254.91212836468105	209.11905000000047	232.0155891823406	372.4450216353188	-1000.0	-232.01558918234053	-372.6428499999988	8.1921716353188	-8.1921716353188	8.1921716353188	209.11905000000047	1000.0	200.92687836468122	8.1921716353188	627.5549783646811	8.1921716353188	-209.11905000000013	1000.0	-1000.0	372.64284999999927	8.39	372.6428499999995	-372.6428499999995	209.11904999999996
89	-507.915845456112	682.4983575788907	333.3333333333333	507.915845456112	317.5016424211093	-1000.0	-507.915845456112	0.0	325.8916424211093	-325.8916424211093	325.8916424211093	333.3333333333333	1000.0	7.441690912224022	325.8916424211093	682.4983575788907	325.8916424211093	-333.3333333333333	1000.0	-1000.0	0.0	8.39	0.0	0.0	333.33333333333337
90	-405.48063474514476	553.451088134534	257.51018135575566	405.4806347451448	219.07945593273303	-1000.0	-405.4806347451448	-227.46945593273304	0.0	0.0	0.0	257.51018135575566	1000.0	257.51018135575566	0.0	780.920544067267	0.0	-257.51018135575566	1000.0	-1000.0	227.469455932733	8.39	227.46945593273304	-227.46945593273304	257.5101813557558
91	-488.5334597504652	732.800189625698	244.26672987523264	488.5334597504652	0.0	-741.1901896256979	-488.5334597504652	-8.389999999999986	0.0	0.0	0.0	244.26672987523264	741.1901896256979	244.26672987523264	0.0	741.1901896256979	0.0	-244.26672987523264	741.1901896256979	-741.1901896256979	8.389999999999986	8.39	8.389999999999986	-8.389999999999986	244.26672987523258
92	-695.0346601195213	1000.0	390.06932023904244	695.0346601195213	170.20796071712752	-958.7366011952126	-695.0346601195213	211.471359521915	390.06932023904244	-390.06932023904244	390.06932023904244	390.06932023904244	958.7366011952126	0.0	390.06932023904244	788.5286404780852	390.06932023904244	-390.06932023904244	958.7366011952126	-958.7366011952126	-211.4713595219148	8.39	-211.471359521915	211.471359521915	390.0693202390428
93	-684.74133788358	1000.0	369.4826757671599	684.74133788358	108.44802730147967	-855.8033788357994	-684.74133788358	252.64464846568023	369.4826757671599	-369.4826757671599	369.4826757671599	369.4826757671599	855.8033788357994	0.0	369.4826757671599	747.3553515343198	369.4826757671599	-369.4826757671599	855.8033788357994	-855.8033788357994	-252.64464846568023	8.39	-252.64464846568023	252.64464846568023	369.4826757671599
94	-627.8965234747543	934.7354688138645	321.057578135644	627.8965234747543	28.43726559306775	-1000.0	-627.8965234747543	-36.827265593067736	0.0	0.0	0.0	321.05757813564406	1000.0	321.05757813564406	0.0	971.5627344069322	0.0	-321.057578135644	1000.0	-1000.0	36.827265593067736	8.39	36.827265593067736	-36.827265593067736	321.0575781356442
95	-670.3519732409292	1000.0	340.70394648185834	670.3519732409292	22.1118394455749	-711.9097324092915	-670.3519732409292	310.2021070362834	340.70394648185834	-340.70394648185834	340.70394648185834	340.70394648185834	711.9097324092915	0.0	340.70394648185834	689.7978929637165	340.70394648185834	-340.70394648185834	711.9097324092915	-711.9097324092915	-310.20210703628345	8.39	-310.2021070362834	310.2021070362834	340.7039464818582
96	-141.5324554282023	73.94586085640469	209.11905000000047	141.5324554282023	553.4112891435951	-980.039389143595	-141.5324554282023	-352.68223914359515	209.11905000000002	-209.11904999999996	209.11904999999996	209.11905000000047	980.039389143595	0.0	209.11904999999996	426.6281000000005	209.11904999999996	-209.11905000000013	980.039389143595	-980.039389143595	352.6822391435951	8.39	352.68223914359515	-352.68223914359515	209.11904999999996
97	-607.5958367318458	881.8583401303583	333.33333333333326	607.5958367318458	118.14165986964167	-1000.0	-607.5958367318458	0.0	126.53165986964164	-126.53165986964164	126.53165986964164	333.3333333333333	1000.0	206.80167346369169	126.53165986964164	881.8583401303583	126.53165986964164	-333.33333333333326	1000.0	-1000.0	0.0	8.39	0.0	0.0	333.3333333333333
98	-693.1095498563266	1000.0	386.21909971265313	693.1095498563266	158.65729913795948	-1000.0	-693.1095498563266	158.65729913795948	325.70459827591895	-325.70459827591895	325.70459827591895	386.2190997126532	1000.0	60.51450143673423	325.70459827591895	841.3427008620405	325.70459827591895	-386.21909971265313	1000.0	-999.9999999999999	-158.65729913795948	8.39	-158.65729913795948	158.65729913795948	386.219099712653
99	-434.5182820871769	651.7774231307653	217.25914104358844	434.5182820871769	0.0	-442.9082820871769	-434.5182820871769	208.86914104358846	217.25914104358844	-217.25914104358844	217.25914104358844	217.25914104358844	442.9082820871769	0.0	217.25914104358844	442.9082820871769	217.25914104358844	-217.25914104358844	442.9082820871769	-442.9082820871769	-208.86914104358846	8.39	-208.86914104358846	208.86914104358846	217.25914104358844
100	-457.7299489287002	686.5949233930501	228.8649744643501	457.7299489287002	0.0	-466.11994892870007	-457.7299489287002	220.47497446435005	228.86497446435004	-228.86497446435004	228.86497446435004	228.86497446435004	466.11994892870007	0.0	228.86497446435004	466.11994892870007	228.86497446435004	-228.8649744643501	466.11994892870007	-466.11994892870007	-220.47497446435005	8.39	-220.47497446435005	220.47497446435005	228.86497446434998
101	-480.8952850978849	721.3429276468273	240.44764254894244	480.8952850978849	0.0	-489.28528509788487	-480.8952850978849	232.05764254894245	240.44764254894244	-240.44764254894244	240.44764254894244	240.44764254894244	489.28528509788487	0.0	240.44764254894244	489.28528509788487	240.44764254894244	-240.44764254894244	489.28528509788487	-489.28528509788487	-232.05764254894245	8.39	-232.05764254894245	232.05764254894245	240.44764254894244
102	-527.1334810443616	790.7002215665424	263.5667405221808	527.1334810443616	0.0	-535.5234810443616	-527.1334810443616	255.1767405221808	263.5667405221808	-263.5667405221808	263.5667405221808	263.5667405221808	535.5234810443616	0.0	263.5667405221808	535.5234810443616	263.5667405221808	-263.5667405221808	535.5234810443616	-535.5234810443616	-255.1767405221808	8.39	-255.1767405221808	255.1767405221808	263.5667405221808
103	-550.2524865412079	825.3787298118118	275.12624327060394	550.2524865412079	0.0	-558.6424865412079	-550.2524865412079	266.73624327060395	275.12624327060394	-275.12624327060394	275.12624327060394	275.12624327060394	558.6424865412079	0.0	275.12624327060394	558.6424865412079	275.12624327060394	-275.12624327060394	558.6424865412079	-558.6424865412079	-266.73624327060395	8.39	-266.73624327060395	266.73624327060395	275.12624327060394
104	-504.01429059473134	756.021435892097	252.0071452973657	504.01429059473134	0.0	-512.4042905947313	-504.01429059473134	243.61714529736565	252.00714529736564	-252.00714529736564	252.00714529736564	252.00714529736564	512.4042905947313	0.0	252.00714529736564	512.4042905947313	252.00714529736564	-252.0071452973657	512.4042905947313	-512.4042905947313	-243.6171452973657	8.39	-243.61714529736565	243.61714529736565	252.00714529736564
105	-573.3253463184997	859.9880194777496	286.66267315924983	573.3253463184997	0.0	-581.7153463184998	-573.3253463184997	278.2726731592499	286.6626731592499	-286.6626731592499	286.6626731592499	286.6626731592499	581.7153463184998	0.0	286.6626731592499	581.7153463184998	286.6626731592499	-286.66267315924983	581.7153463184998	-581.7153463184998	-278.27267315924985	8.39	-278.2726731592499	278.2726731592499	286.6626731592499
106	-596.352060376237	894.5280905643555	298.1760301881185	596.352060376237	0.0	-604.742060376237	-596.352060376237	289.7860301881185	298.1760301881185	-298.1760301881185	298.1760301881185	298.1760301881185	604.742060376237	0.0	298.1760301881185	604.742060376237	298.1760301881185	-298.1760301881185	604.742060376237	-604.742060376237	-289.7860301881185	8.39	-289.7860301881185	289.7860301881185	298.1760301881185
107	-323.52392961340536	434.1619061512072	212.88595307560354	323.52392961340536	204.4959530756036	-638.6578592268108	-323.52392961340536	0.0	212.8859530756036	-212.8859530756036	212.8859530756036	212.8859530756036	638.6578592268108	0.0	212.8859530756036	434.1619061512072	212.8859530756036	-212.88595307560354	638.6578592268108	-638.6578592268108	0.0	8.39	0.0	0.0	212.8859530756036
108	-521.4397168159437	709.5461002985543	333.33333333333326	521.4397168159437	290.4538997014457	-1000.0	-521.4397168159437	0.0	298.8438997014457	-298.8438997014457	298.8438997014457	333.3333333333333	1000.0	34.48943363188763	298.8438997014457	709.5461002985543	298.8438997014457	-333.33333333333326	1000.0	-999.9999999999999	0.0	8.39	0.0	0.0	333.33333333333337
109	-514.8857425738709	696.4381518144082	333.33333333333337	514.8857425738709	303.5618481855918	-1000.0	-514.8857425738709	0.0	311.95184818559187	-311.95184818559187	311.95184818559187	333.33333333333337	1000.0	21.381485147741486	311.95184818559187	696.4381518144082	311.95184818559187	-333.33333333333337	1000.0	-1000.0	0.0	8.39	0.0	0.0	333.33333333333337
110	-673.2944871201967	1000.0	346.5889742403933	673.2944871201967	39.766922721179725	-741.3348712019664	-673.2944871201967	298.4320515192136	346.5889742403933	-346.5889742403933	346.5889742403933	346.5889742403933	741.3348712019664	0.0	346.5889742403933	701.5679484807865	346.5889742403933	-346.5889742403933	741.3348712019664	-741.3348712019663	-298.4320515192135	8.39	-298.4320515192136	298.4320515192136	346.5889742403933
111	-652.7790524570651	979.1685786855976	326.38952622853253	652.7790524570651	0.0	-661.169052457065	-652.7790524570651	317.99952622853255	326.38952622853253	-326.38952622853253	326.38952622853253	326.38952622853253	661.169052457065	0.0	326.38952622853253	661.169052457065	326.38952622853253	-326.38952622853253	661.169052457065	-661.169052457065	-317.99952622853255	8.39	-317.99952622853255	317.99952622853255	326.38952622853253
112	-692.3586534744269	1000.0	384.7173069488538	692.3586534744269	154.15192084656132	-1000.0	-692.3586534744269	154.15192084656132	316.69384169312264	-316.69384169312264	316.69384169312264	384.7173069488538	1000.0	68.02346525573114	316.69384169312264	845.8480791534387	316.69384169312264	-384.7173069488538	1000.0	-1000.0	-154.15192084656132	8.39	-154.15192084656132	154.15192084656132	384.71730694885366
113	-678.6974740530121	1000.0	357.39494810602423	678.6974740530121	72.18484431807269	-795.3647405301211	-678.6974740530121	276.82010378795155	357.39494810602423	-357.39494810602423	357.39494810602423	357.39494810602423	795.3647405301211	0.0	357.39494810602423	723.1798962120484	357.39494810602423	-357.39494810602423	795.3647405301211	-795.3647405301211	-276.82010378795155	8.39	-276.82010378795155	276.82010378795155	357.39494810602423
114	-359.06834970169143	433.17891616948566	284.9577832338971	359.06834970169143	421.6944335322057	-1000.0	-359.0683497016914	-145.12665029830862	284.9577832338971	-284.9577832338971	284.9577832338971	284.95778323389715	1000.0	0.0	284.9577832338971	578.3055664677943	284.9577832338971	-284.9577832338971	1000.0	-1000.0	145.12665029830862	8.39	145.12665029830862	-145.12665029830862	284.9577832338971
115	-225.50300116909204	210.57000194848683	240.43600038969737	225.50300116909204	510.73799922060533	-1000.0	-225.50300116909204	-278.69199883090795	240.43600038969734	-240.43600038969734	240.43600038969734	240.43600038969734	1000.0	0.0	240.43600038969734	489.26200077939467	240.43600038969734	-240.43600038969737	1000.0	-1000.0	278.69199883090783	8.39	278.69199883090795	-278.69199883090795	240.43600038969728
116	-646.9054446533623	960.4775559733912	333.33333333333337	646.9054446533623	39.522444026608824	-1000.0	-646.9054446533623	0.0	47.912444026608824	-47.912444026608824	47.912444026608824	333.33333333333337	1000.0	285.4208893067245	47.912444026608824	960.4775559733912	47.912444026608824	-333.33333333333337	1000.0	-1000.0	0.0	8.39	0.0	0.0	333.33333333333337
117	-515.5450341957893	693.9733903263154	337.1166780652631	515.5450341957892	317.3766438694738	-1000.0	-515.5450341957892	11.350034195789306	337.1166780652631	-337.1166780652631	337.1166780652631	337.1166780652631	1000.0	0.0	337.1166780652631	682.6233561305262	337.1166780652631	-337.1166780652631	1000.0	-1000.0	-11.350034195789249	8.39	-11.350034195789306	11.350034195789306	337.11667806526316
118	-271.20552450252853	333.29199900505716	209.11905000000047	271.20552450252853	294.0651509949426	-720.6932509949424	-271.20552450252853	-93.33610099494268	209.1190499999999	-209.1190499999999	209.1190499999999	209.11905000000047	720.6932509949424	0.0	209.1190499999999	426.6281000000005	209.1190499999999	-209.11905000000013	720.6932509949424	-720.6932509949424	93.33610099494274	8.39	93.33610099494268	-93.33610099494268	209.11904999999996
119	-499.2148275913271	668.4164367884362	330.0132183942181	499.2148275913271	321.6232183942181	-990.0396551826543	-499.2148275913271	0.0	330.0132183942181	-330.0132183942181	330.0132183942181	330.0132183942181	990.0396551826543	0.0	330.0132183942181	668.4164367884362	330.0132183942181	-330.0132183942181	990.0396551826543	-990.0396551826543	0.0	8.39	0.0	0.0	330.01321839421814
120	-439.27287350157246	588.49383133543	290.051915667715	439.27287350157246	281.66191566771505	-870.155747003145	-439.27287350157246	0.0	290.051915667715	-290.051915667715	290.051915667715	290.051915667715	870.155747003145	0.0	290.051915667715	588.4938313354301	290.051915667715	-290.051915667715	870.155747003145	-870.155747003145	0.0	8.39	0.0	0.0	290.051915667715
121	-598.6885317051712	864.0437300770088	333.33333333333337	598.6885317051712	135.9562699229912	-1000.0	-598.6885317051712	0.0	144.3462699229912	-144.3462699229912	144.3462699229912	333.33333333333337	1000.0	188.98706341034213	144.3462699229912	864.0437300770088	144.3462699229912	-333.33333333333337	1000.0	-1000.0	0.0	8.39	0.0	0.0	333.33333333333337
122	-387.23183295111676	480.11805491852795	294.3456109837056	387.23183295111676	402.9187780325888	-1000.0	-387.2318329511168	-116.96316704888324	294.34561098370557	-294.34561098370557	294.34561098370557	294.3456109837056	1000.0	0.0	294.34561098370557	597.0812219674112	294.34561098370557	-294.3456109837056	1000.0	-1000.0	116.96316704888324	8.39	116.96316704888324	-116.96316704888324	294.34561098370557
123	-467.3677344069323	613.6778906782207	321.0575781356441	467.3677344069323	349.49484372871177	-1000.0	-467.3677344069323	-36.82726559306764	321.0575781356441	-321.0575781356441	321.0575781356441	321.0575781356441	1000.0	0.0	321.0575781356441	650.5051562712883	321.0575781356441	-321.0575781356441	1000.0	-1000.0	36.82726559306764	8.39	36.82726559306764	-36.82726559306764	321.0575781356441
124	-248.5348954265655	248.95649237760927	248.11329847552184	248.5348954265654	495.3834030489563	-1000.0	-248.5348954265654	-255.66010457343447	248.11329847552184	-248.11329847552184	248.11329847552184	248.11329847552184	1000.0	0.0	248.11329847552184	504.6165969510437	248.11329847552184	-248.11329847552184	1000.0	-1000.0	255.6601045734344	8.39	255.66010457343447	-255.66010457343447	248.1132984755218
125	-200.6777051090662	169.19450851511033	232.1609017030221	200.6777051090662	527.288196593956	-1000.0	-200.67770510906624	-303.51729489093384	232.1609017030221	-232.1609017030221	232.1609017030221	232.1609017030221	1000.0	0.0	232.1609017030221	472.71180340604406	232.1609017030221	-232.1609017030221	1000.0	-1000.0	303.5172948909337	8.39	303.51729489093384	-303.51729489093384	232.16090170302198
126	-219.96803431512	230.81701863024	209.11905000000047	219.96803431512	396.54013136976005	-1000.0	-219.96803431512	-372.6428499999988	32.287281369760045	-32.287281369760045	32.287281369760045	209.11905000000047	1000.0	176.83176863023994	32.287281369760045	603.45986863024	32.287281369760045	-209.11905000000013	1000.0	-1000.0	372.64284999999927	8.39	372.6428499999995	-372.6428499999995	209.11904999999996
127	-631.9105724967194	887.9159541611989	375.9051908322398	631.9105724967194	239.79961833552045	-1000.0	-631.9105724967194	127.71557249671935	375.9051908322398	-375.9051908322398	375.9051908322398	375.9051908322398	1000.0	0.0	375.9051908322398	760.2003816644796	375.9051908322398	-375.9051908322398	1000.0	-999.9999999999999	-127.71557249671935	8.39	-127.71557249671935	127.71557249671935	375.9051908322398
128	-425.10677037538824	569.6056938338509	280.6078469169254	425.10677037538824	272.2178469169254	-841.8235407507761	-425.10677037538824	0.0	280.6078469169254	-280.6078469169254	280.6078469169254	280.6078469169254	841.8235407507761	0.0	280.6078469169254	569.6056938338509	280.6078469169254	-280.6078469169254	841.8235407507761	-841.8235407507761	0.0	8.39	0.0	0.0	280.6078469169254
129	-335.8701505195323	450.6235340260431	221.11676701302147	335.8701505195322	212.72676701302146	-663.3503010390644	-335.8701505195323	0.0	221.11676701302147	-221.11676701302147	221.11676701302147	221.11676701302147	663.3503010390644	0.0	221.11676701302147	450.6235340260431	221.11676701302147	-221.11676701302147	663.3503010390644	-663.3503010390644	0.0	8.39	0.0	0.0	221.1167670130215
130	-661.6438166673519	989.9543000013705	333.33333333333326	661.6438166673519	10.045699998629582	-1000.0	-661.6438166673519	0.0	18.435699998629584	-18.435699998629584	18.435699998629584	333.3333333333333	1000.0	314.89763333470376	18.435699998629584	989.9543000013704	18.435699998629584	-333.33333333333326	1000.0	-1000.0	0.0	8.39	0.0	0.0	333.33333333333337
131	-615.0175920798798	896.7018508264262	333.33333333333337	615.0175920798798	103.29814917357385	-1000.0	-615.0175920798798	0.0	111.68814917357386	-111.68814917357386	111.68814917357386	333.33333333333337	1000.0	221.64518415975948	111.68814917357386	896.7018508264262	111.68814917357386	-333.33333333333337	1000.0	-1000.0	0.0	8.39	0.0	0.0	333.33333333333337
132	-573.7006740148798	814.0680146964262	333.33333333333337	573.7006740148798	185.93198530357384	-1000.0	-573.7006740148798	0.0	194.32198530357385	-194.32198530357385	194.32198530357385	333.33333333333337	1000.0	139.0113480297595	194.32198530357385	814.0680146964262	194.32198530357385	-333.33333333333337	1000.0	-1000.0	0.0	8.39	0.0	0.0	333.33333333333337
133	-578.8755973027451	824.4178612721568	333.33333333333337	578.8755973027451	175.58213872784327	-1000.0	-578.8755973027451	0.0	183.9721387278433	-183.9721387278433	183.9721387278433	333.33333333333337	1000.0	149.36119460549008	183.9721387278433	824.4178612721568	183.9721387278433	-333.33333333333337	1000.0	-1000.0	0.0	8.39	0.0	0.0	333.33333333333337
134	-145.04285028809716	76.4697504801619	213.6159500960324	145.04285028809716	564.3780998079352	-1000.0	-145.04285028809716	-359.1521497119028	213.6159500960324	-213.6159500960324	213.6159500960324	213.6159500960324	1000.0	0.0	213.6159500960324	435.6219001920648	213.6159500960324	-213.6159500960324	1000.0	-999.9999999999999	359.1521497119029	8.39	359.1521497119028	-359.1521497119028	213.6159500960324
135	-568.5361005735901	803.738867813847	333.33333333333326	568.5361005735901	196.261132186153	-1000.0	-568.5361005735901	0.0	204.65113218615298	-204.65113218615298	204.65113218615298	333.3333333333333	1000.0	128.68220114718036	204.65113218615298	803.738867813847	204.65113218615298	-333.33333333333326	1000.0	-1000.0	0.0	8.39	0.0	0.0	333.3333333333335
136	-527.2915489667129	721.2497646000925	333.33333333333326	527.2915489667129	278.7502353999075	-1000.0	-527.2915489667129	0.0	287.1402353999075	-287.1402353999075	287.1402353999075	333.3333333333333	1000.0	46.193097933425825	287.1402353999075	721.2497646000925	287.1402353999075	-333.33333333333326	1000.0	-1000.0	0.0	8.39	0.0	0.0	333.3333333333333
137	-332.3553654770626	388.65727579510417	276.0534551590208	332.3553654770626	439.50308968195833	-1000.0	-332.3553654770626	-171.8396345229375	276.0534551590208	-276.0534551590208	276.0534551590208	276.0534551590208	1000.0	0.0	276.0534551590208	560.4969103180417	276.0534551590208	-276.0534551590208	1000.0	-1000.0	171.83963452293756	8.39	171.8396345229375	-171.8396345229375	276.0534551590208
138	-441.8618851843347	571.1681419738911	312.5556283947783	441.8618851843347	366.49874321044354	-1000.0	-441.8618851843347	-62.33311481566533	312.55562839477824	-312.55562839477824	312.55562839477824	312.55562839477824	1000.0	0.0	312.55562839477824	633.5012567895565	312.55562839477824	-312.5556283947783	1000.0	-1000.0	62.33311481566528	8.39	62.33311481566533	-62.33311481566533	312.5556283947781
139	-621.9816252301468	910.6299171269603	333.33333333333337	621.9816252301468	89.37008287303955	-1000.0	-621.9816252301468	0.0	97.76008287303955	-97.76008287303955	97.76008287303955	333.33333333333337	1000.0	235.5732504602938	97.76008287303955	910.6299171269604	97.76008287303955	-333.33333333333337	1000.0	-1000.0	0.0	8.39	0.0	0.0	333.33333333333326
140	-414.65170092500375	555.6656012333382	273.6378006166691	414.65170092500375	265.24780061666905	-820.9134018500072	-414.6517009250037	0.0	273.6378006166691	-273.6378006166691	273.6378006166691	273.6378006166691	820.9134018500072	0.0	273.6378006166691	555.6656012333381	273.6378006166691	-273.6378006166691	820.9134018500072	-820.9134018500072	0.0	8.39	0.0	0.0	273.6378006166691
141	-591.5864992504632	820.7091654174388	362.46383308348777	591.5864992504632	266.6823338330245	-1000.0	-591.5864992504632	87.39149925046331	362.46383308348777	-362.46383308348777	362.46383308348777	362.46383308348777	1000.0	0.0	362.46383308348777	733.3176661669755	362.46383308348777	-362.46383308348777	1000.0	-1000.0	-87.39149925046331	8.39	-87.39149925046331	87.39149925046331	362.46383308348777
142	-630.4604842638261	927.5876351943188	333.33333333333337	630.4604842638261	72.41236480568126	-1000.0	-630.4604842638261	0.0	80.80236480568126	-80.80236480568126	80.80236480568126	333.33333333333337	1000.0	252.53096852765208	80.80236480568126	927.5876351943188	80.80236480568126	-333.33333333333337	1000.0	-1000.0	0.0	8.39	0.0	0.0	333.33333333333326
143	-246.4234198043747	283.72778960874945	209.11905000000047	246.4234198043747	343.6293603912505	-770.2574603912504	-246.4234198043747	-142.90031039125049	209.11905	-209.11905	209.11905	209.11905000000047	770.2574603912504	0.0	209.11905	426.6281000000005	209.11905	-209.11905000000013	770.2574603912504	-770.2574603912504	142.90031039125063	8.39	142.90031039125049	-142.90031039125049	209.11904999999996
144	-300.6939251366838	373.81672880574354	227.5711214676239	300.6939251366838	308.89663559712824	-1000.0	-300.6939251366838	-317.2866355971282	0.0	0.0	0.0	227.5711214676239	1000.0	227.57112146762395	0.0	691.1033644028718	0.0	-227.5711214676239	1000.0	-1000.0	317.2866355971282	8.39	317.2866355971282	-317.2866355971282	227.57112146762393
145	-244.97287359917442	278.29492617001335	211.65082102833557	244.97287359917436	356.65753691499333	-1000.0	-244.97287359917442	-365.0475369149933	0.0	0.0	0.0	211.65082102833557	1000.0	211.65082102833557	0.0	643.3424630850067	0.0	-211.65082102833557	1000.0	-999.9999999999999	365.0475369149933	8.39	365.0475369149933	-365.0475369149933	211.65082102833549
146	-677.1665066225048	1000.0	354.3330132450097	677.1665066225048	62.999039735028916	-1000.0	-677.1665066225048	62.9990397350289	134.38807947005782	-134.38807947005782	134.38807947005782	354.3330132450097	1000.0	219.94493377495183	134.38807947005782	937.0009602649711	134.38807947005782	-354.3330132450097	1000.0	-1000.0	-62.999039735028916	8.39	-62.9990397350289	62.9990397350289	354.33301324500945
147	-644.4517515941851	963.1158598757459	325.7876433126243	644.451751594185	14.24707006212708	-1000.0	-644.451751594185	-22.63707006212708	0.0	0.0	0.0	325.7876433126243	1000.0	325.7876433126243	0.0	985.752929937873	0.0	-325.7876433126243	1000.0	-1000.0	22.637070062127066	8.39	22.63707006212708	-22.63707006212708	325.78764331262437
148	-181.0126496091916	152.90624921838344	209.11905000000047	181.0126496091916	474.45090078161616	-1000.0	-181.01264960919167	-372.6428499999988	110.19805078161585	-110.19805078161585	110.19805078161585	209.11905000000047	1000.0	98.92099921838405	110.19805078161585	525.5490992183838	110.19805078161585	-209.11905000000013	1000.0	-1000.0	372.64284999999927	8.39	372.6428499999995	-372.6428499999995	209.11904999999996
149	-671.6851996574754	1000.0	343.37039931495093	671.6851996574754	30.111197944852655	-1000.0	-671.6851996574754	30.11119794485264	68.6123958897053	-68.6123958897053	68.6123958897053	343.37039931495093	1000.0	274.7580034252456	68.6123958897053	969.8888020551474	68.6123958897053	-343.37039931495093	1000.0	-1000.0	-30.111197944852655	8.39	-30.11119794485264	30.11119794485264	343.3703993149507
150	-672.9095773068301	1000.0	345.81915461366026	672.90957730683	37.45746384098061	-1000.0	-672.90957730683	37.457463840980594	83.3049276819612	-83.3049276819612	83.3049276819612	345.8191546136602	1000.0	262.514226931699	83.3049276819612	962.5425361590194	83.3049276819612	-345.81915461366026	1000.0	-1000.0	-37.45746384098061	8.39	-37.457463840980594	37.457463840980594	345.8191546136602
151	-535.1751786082314	802.762767912347	267.5875893041157	535.1751786082314	0.0	-543.5651786082313	-535.1751786082314	259.1975893041157	267.5875893041157	-267.5875893041157	267.5875893041157	267.5875893041157	543.5651786082313	0.0	267.5875893041157	543.5651786082313	267.5875893041157	-267.5875893041157	543.5651786082313	-543.5651786082313	-259.1975893041157	8.39	-259.1975893041157	259.1975893041157	267.5875893041157
152	-666.6666666666666	1000.0	333.3333333333333	666.6666666666666	0.0	-730.9732670954469	-666.6666666666666	269.0267329045531	277.4167329045531	-277.4167329045531	277.4167329045531	333.3333333333333	730.9732670954469	55.91660042878021	277.4167329045531	730.9732670954469	277.4167329045531	-333.3333333333333	730.9732670954469	-730.9732670954469	-269.0267329045531	8.39	-269.0267329045531	269.0267329045531	333.3333333333335
153	-173.42021271124213	123.7653545187369	223.07507090374736	173.42021271124213	545.4598581925053	-1000.0	-173.4202127112422	-330.7747872887579	223.07507090374736	-223.07507090374736	223.07507090374736	223.07507090374736	1000.0	0.0	223.07507090374736	454.5401418074948	223.07507090374736	-223.07507090374736	1000.0	-1000.0	330.7747872887579	8.39	330.7747872887579	-330.7747872887579	223.07507090374736
154	-653.7622155025889	974.1910976718445	333.3333333333333	653.7622155025889	25.808902328155426	-1000.0	-653.7622155025889	0.0	34.19890232815541	-34.19890232815541	34.19890232815541	333.3333333333333	1000.0	299.13443100517793	34.19890232815541	974.1910976718445	34.19890232815541	-333.3333333333333	1000.0	-1000.0	0.0	8.39	0.0	0.0	333.33333333333326
155	-551.4476184047098	753.8110306745165	349.0842061349033	551.4476184047098	293.4415877301934	-1000.0	-551.4476184047098	47.25261840470989	349.0842061349033	-349.0842061349033	349.0842061349033	349.0842061349033	1000.0	0.0	349.0842061349033	706.5584122698066	349.0842061349033	-349.0842061349033	1000.0	-1000.0	-47.25261840470989	8.39	-47.25261840470989	47.25261840470989	349.0842061349033
156	-482.08122594276074	645.5716345903476	318.5908172951738	482.08122594276074	310.2008172951738	-955.7724518855214	-482.0812259427607	0.0	318.5908172951738	-318.5908172951738	318.5908172951738	318.5908172951738	955.7724518855214	0.0	318.5908172951738	645.5716345903476	318.5908172951738	-318.5908172951738	955.7724518855214	-955.7724518855213	0.0	8.39	0.0	0.0	318.5908172951738
157	-376.9492218355192	544.7793936710385	209.11905000000047	376.9492218355192	82.57775632896116	-627.3571499999997	-376.9492218355192	0.0	90.96775632896116	-90.96775632896116	90.96775632896116	209.11905000000047	627.3571499999997	118.15129367103876	90.96775632896116	544.7793936710385	90.96775632896116	-209.11905000000013	627.3571499999997	-627.3571499999997	0.0	8.39	0.0	0.0	209.11904999999996
158	-335.63230377051934	462.14555754103867	209.11905000000047	335.63230377051934	165.21159245896115	-627.3571499999998	-335.63230377051934	0.0	173.60159245896114	-173.60159245896114	173.60159245896114	209.11905000000047	627.3571499999998	35.51745754103882	173.60159245896114	462.14555754103867	173.60159245896114	-209.11905000000013	627.3571499999998	-627.3571499999998	0.0	8.39	0.0	0.0	209.11904999999996
159	-392.4637246516435	575.8083993032869	209.11905000000047	392.4637246516435	51.54875069671318	-627.35715	-392.4637246516435	0.0	59.93875069671318	-59.93875069671318	59.93875069671318	209.11905000000047	627.35715	149.18029930328683	59.93875069671318	575.8083993032869	59.93875069671318	-209.11905000000013	627.35715	-627.35715	0.0	8.39	0.0	0.0	209.11904999999996
160	-259.4813562405959	309.8436624811919	209.11905000000047	259.4813562405959	317.51348751880784	-744.1415875188076	-259.4813562405959	-116.78443751880809	209.1190499999998	-209.11904999999985	209.11904999999985	209.11905000000047	744.1415875188076	0.0	209.11904999999985	426.6281000000005	209.11904999999985	-209.11905000000013	744.1415875188076	-744.1415875188076	116.78443751880786	8.39	116.78443751880809	-116.78443751880809	209.11904999999996
161	-690.5091961164437	1000.0	381.0183922328873	690.5091961164437	143.05517669866208	-1000.0	-690.5091961164437	143.05517669866208	294.50035339732415	-294.50035339732415	294.50035339732415	381.0183922328873	1000.0	86.51803883556325	294.50035339732415	856.9448233013379	294.50035339732415	-381.0183922328873	1000.0	-1000.0	-143.05517669866208	8.39	-143.05517669866208	143.05517669866208	381.01839223288744
162	-683.0840372647706	1000.0	366.16807452954106	683.0840372647706	98.50422358862292	-1000.0	-683.0840372647706	98.50422358862295	205.39844717724588	-205.39844717724588	205.39844717724588	366.16807452954106	1000.0	160.76962735229515	205.39844717724588	901.495776411377	205.39844717724588	-366.16807452954106	1000.0	-999.9999999999999	-98.50422358862292	8.39	-98.50422358862295	98.50422358862295	366.16807452954106
163	-612.5832317665602	918.8748476498403	306.2916158832801	612.5832317665602	0.0	-918.8748476498403	-612.5832317665602	0.0	8.389999999999986	-8.389999999999986	8.389999999999986	306.2916158832801	918.8748476498403	297.9016158832801	8.389999999999986	918.8748476498403	8.389999999999986	-306.2916158832801	918.8748476498403	-918.8748476498403	0.0	8.39	0.0	0.0	306.2916158832803
164	-646.8546815786228	970.2820223679342	323.4273407893114	646.8546815786228	0.0	-970.2820223679342	-646.8546815786228	0.0	8.389999999999986	-8.389999999999986	8.389999999999986	323.4273407893114	970.2820223679342	315.03734078931143	8.389999999999986	970.2820223679342	8.389999999999986	-323.4273407893114	970.2820223679342	-970.2820223679342	0.0	8.39	0.0	0.0	323.4273407893113
165	-418.23810000000003	627.3571499999999	209.11905000000047	418.23810000000003	0.0	-537.833104746413	-418.2381	89.5240452535869	97.91404525358689	-97.91404525358689	97.91404525358689	209.11905000000047	537.833104746413	111.2050047464131	97.91404525358689	537.833104746413	97.91404525358689	-209.11905000000013	537.833104746413	-537.833104746413	-89.5240452535869	8.39	-89.5240452535869	89.5240452535869	209.11904999999996
166	-418.2381000000002	627.3571500000002	209.11905000000047	418.23810000000026	0.0	-521.4380411377402	-418.2381000000002	105.91910886225992	114.3091088622599	-114.3091088622599	114.3091088622599	209.11905000000047	521.4380411377402	94.80994113774013	114.3091088622599	521.4380411377402	114.3091088622599	-209.11905000000013	521.4380411377402	-521.4380411377402	-105.91910886225992	8.39	-105.91910886225992	105.91910886225992	209.11904999999996
167	-452.9433423706556	679.4150135559834	226.47167118532775	452.9433423706556	0.0	-679.4150135559834	-452.9433423706556	0.0	8.389999999999986	-8.389999999999986	8.389999999999986	226.47167118532778	679.4150135559834	218.0816711853278	8.389999999999986	679.4150135559834	8.389999999999986	-226.47167118532775	679.4150135559834	-679.4150135559834	0.0	8.39	0.0	0.0	226.4716711853281
168	-462.28629168695414	693.4294375304313	231.1431458434771	462.2862916869542	0.0	-693.4294375304313	-462.28629168695414	0.0	8.389999999999986	-8.389999999999986	8.389999999999986	231.1431458434771	693.4294375304313	222.7531458434771	8.389999999999986	693.4294375304313	8.389999999999986	-231.1431458434771	693.4294375304313	-693.4294375304313	0.0	8.39	0.0	0.0	231.14314584347687
169	-565.8849597542485	848.8274396313728	282.94247987712424	565.8849597542485	0.0	-848.8274396313728	-565.8849597542485	0.0	8.389999999999986	-8.389999999999986	8.389999999999986	282.9424798771243	848.8274396313728	274.55247987712426	8.389999999999986	848.8274396313728	8.389999999999986	-282.94247987712424	848.8274396313728	-848.8274396313728	0.0	8.39	0.0	0.0	282.94247987712436
170	-518.2135965641461	777.3203948462191	259.106798282073	518.2135965641461	0.0	-777.3203948462191	-518.2135965641461	0.0	8.389999999999986	-8.389999999999986	8.389999999999986	259.10679828207304	777.3203948462191	250.71679828207303	8.389999999999986	777.3203948462191	8.389999999999986	-259.106798282073	777.3203948462191	-777.3203948462191	0.0	8.39	0.0	0.0	259.1067982820733
171	-508.8799901971639	763.3199852957458	254.4399950985819	508.8799901971639	0.0	-763.3199852957458	-508.8799901971639	0.0	8.389999999999986	-8.389999999999986	8.389999999999986	254.43999509858193	763.3199852957458	246.04999509858197	8.389999999999986	763.3199852957458	8.389999999999986	-254.4399950985819	763.3199852957458	-763.3199852957458	0.0	8.39	0.0	0.0	254.43999509858224
172	-589.8493512669062	846.3653692004789	333.3333333333335	589.8493512669062	153.63463079952112	-1000.0	-589.8493512669062	0.0	162.0246307995211	-162.0246307995211	162.0246307995211	333.3333333333334	1000.0	171.30870253381215	162.0246307995211	846.3653692004789	162.0246307995211	-333.3333333333335	1000.0	-1000.0	0.0	8.39	0.0	0.0	333.33333333333326
173	-543.3816559157308	753.4299784981284	333.33333333333326	543.3816559157308	246.5700215018716	-1000.0	-543.3816559157308	0.0	254.96002150187155	-254.96002150187155	254.96002150187155	333.33333333333326	1000.0	78.37331183146173	254.96002150187155	753.4299784981284	254.96002150187155	-333.33333333333326	1000.0	-1000.0	0.0	8.39	0.0	0.0	333.3333333333335
174	-159.60165410748618	110.08425821497258	209.11905000000047	159.60165410748618	517.2728917850274	-943.9009917850271	-159.60165410748624	-316.54384178502744	209.1190499999999	-209.1190499999999	209.1190499999999	209.11905000000047	943.9009917850271	0.0	209.1190499999999	426.6281000000005	209.1190499999999	-209.11905000000013	943.9009917850271	-943.9009917850271	316.5438417850272	8.39	316.54384178502744	-316.54384178502744	209.11904999999996
175	-315.58380029876537	422.0485505975306	209.11905000000047	315.58380029876537	205.30859940246918	-631.936699402469	-315.58380029876537	-4.579549402469183	209.11905000000002	-209.11905000000002	209.11905000000002	209.11905000000047	631.936699402469	0.0	209.11905000000002	426.6281000000005	209.11905000000002	-209.11905000000013	631.936699402469	-631.936699402469	4.579549402469183	8.39	4.579549402469183	-4.579549402469183	209.11904999999996
176	-337.9297454635725	437.64956365183855	238.20992727530643	337.92974546357243	276.98021817408073	-1000.0	-337.92974546357243	-285.3702181740807	0.0	0.0	0.0	238.20992727530643	1000.0	238.20992727530643	0.0	723.0197818259193	0.0	-238.20992727530643	1000.0	-1000.0	285.3702181740807	8.39	285.3702181740807	-285.3702181740807	238.20992727530654
177	-204.27934318826613	199.4396363765323	209.11905000000047	204.27934318826613	427.9175136234678	-1000.0	-204.27934318826613	-372.6428499999988	63.66466362346773	-63.66466362346773	63.66466362346773	209.11905000000047	1000.0	145.45438637653217	63.66466362346773	572.0824863765322	63.66466362346773	-209.11905000000013	1000.0	-1000.0	372.64284999999927	8.39	372.6428499999995	-372.6428499999995	209.11904999999996
178	-698.0456406041345	1000.0	396.0912812082692	698.0456406041346	188.27384362480768	-1000.0	-698.0456406041346	188.27384362480768	384.93768724961535	-384.93768724961535	384.93768724961535	396.0912812082692	1000.0	11.153593958653914	384.93768724961535	811.7261563751923	384.93768724961535	-396.0912812082692	1000.0	-1000.0	-188.27384362480768	8.39	-188.27384362480768	188.27384362480768	396.09128120826915
179	-556.5590565468237	834.8385848202355	278.2795282734118	556.5590565468237	0.0	-834.8385848202355	-556.5590565468237	0.0	8.389999999999986	-8.389999999999986	8.389999999999986	278.2795282734118	834.8385848202355	269.8895282734119	8.389999999999986	834.8385848202355	8.389999999999986	-278.2795282734118	834.8385848202355	-834.8385848202355	0.0	8.39	0.0	0.0	278.27952827341187
180	-669.5763748254129	1000.0	339.15274965082585	669.5763748254129	17.458248952477618	-1000.0	-669.5763748254129	17.45824895247759	43.30649790495521	-43.30649790495521	43.30649790495521	339.15274965082585	1000.0	295.84625174587063	43.30649790495521	982.5417510475224	43.30649790495521	-339.15274965082585	1000.0	-1000.0	-17.45824895247756	8.39	-17.45824895247759	17.45824895247759	339.1527496508258
181	-423.1253518226051	539.9405863710084	306.31011727420173	423.1253518226051	378.98976545159655	-1000.0	-423.12535182260507	-81.06964817739481	306.31011727420173	-306.31011727420173	306.31011727420173	306.31011727420173	1000.0	0.0	306.31011727420173	621.0102345484034	306.31011727420173	-306.31011727420173	1000.0	-1000.0	81.06964817739504	8.39	81.06964817739481	-81.06964817739481	306.31011727420173
182	-506.05170188259984	678.7700704318664	333.33333333333326	506.05170188259984	321.22992956813357	-1000.0	-506.05170188259984	0.0	329.61992956813356	-329.61992956813356	329.61992956813356	333.3333333333333	1000.0	3.713403765199787	329.61992956813356	678.7700704318664	329.61992956813356	-333.33333333333326	1000.0	-1000.0	0.0	8.39	0.0	0.0	333.33333333333337
183	-268.8897684224148	282.8812807040247	254.89825614080496	268.8897684224148	481.81348771839015	-1000.0	-268.8897684224148	-235.3052315775852	254.89825614080496	-254.89825614080496	254.89825614080496	254.89825614080496	1000.0	0.0	254.89825614080496	518.1865122816098	254.89825614080496	-254.89825614080496	1000.0	-1000.0	235.30523157758512	8.39	235.3052315775852	-235.3052315775852	254.8982561408049
184	-284.56131971211914	309.0005328535319	260.12210657070636	284.56131971211914	471.3657868585872	-1000.0	-284.56131971211914	-219.63368028788088	260.12210657070636	-260.12210657070636	260.12210657070636	260.12210657070636	1000.0	0.0	260.12210657070636	528.6342131414128	260.12210657070636	-260.12210657070636	1000.0	-1000.0	219.6336802878809	8.39	219.63368028788088	-219.63368028788088	260.12210657070636
185	-338.6611171233512	399.16686187225184	278.1553723744504	338.66111712335123	435.2992552510992	-1000.0	-338.66111712335123	-165.53388287664887	278.15537237445034	-278.15537237445034	278.15537237445034	278.1553723744504	1000.0	0.0	278.15537237445034	564.7007447489008	278.15537237445034	-278.1553723744504	1000.0	-1000.0	165.53388287664893	8.39	165.53388287664887	-165.53388287664887	278.15537237445034
186	-301.860924941706	337.8332082361767	265.8886416472353	301.860924941706	459.83271670552926	-1000.0	-301.860924941706	-202.33407505829388	265.8886416472354	-265.8886416472354	265.8886416472354	265.8886416472354	1000.0	0.0	265.8886416472354	540.1672832944707	265.8886416472354	-265.8886416472353	1000.0	-1000.0	202.33407505829405	8.39	202.33407505829388	-202.33407505829388	265.8886416472354
187	-618.8281451952397	866.1119086587328	371.54438173174657	618.8281451952396	248.52123653650693	-1000.0	-618.8281451952396	114.63314519523965	371.54438173174657	-371.54438173174657	371.54438173174657	371.54438173174657	1000.0	0.0	371.54438173174657	751.4787634634931	371.54438173174657	-371.54438173174657	1000.0	-1000.0	-114.63314519523959	8.39	-114.63314519523965	114.63314519523965	371.54438173174657
188	-214.9164036530227	220.71375730604524	209.11905000000047	214.9164036530227	406.6433926939546	-833.2714926939544	-214.91640365302268	-205.9143426939546	209.11904999999996	-209.11904999999996	209.11904999999996	209.11905000000047	833.2714926939544	0.0	209.11904999999996	426.6281000000005	209.11904999999996	-209.11905000000013	833.2714926939544	-833.2714926939543	205.91434269395455	8.39	205.9143426939546	-205.9143426939546	209.11904999999996
189	-619.2282566736226	919.8755828690674	318.5809304781779	619.2282566736226	35.867208565466285	-1000.0	-619.2282566736226	-44.257208565466286	0.0	0.0	0.0	318.5809304781779	1000.0	318.5809304781779	0.0	964.1327914345337	0.0	-318.5809304781779	1000.0	-1000.0	44.25720856546625	8.39	44.257208565466286	-44.257208565466286	318.5809304781779
190	-447.7459413796283	625.9058995079341	269.5859832513224	447.74594137962833	182.85205024603295	-1000.0	-447.74594137962833	-191.24205024603293	0.0	0.0	0.0	269.5859832513224	1000.0	269.5859832513224	0.0	817.147949753967	0.0	-269.5859832513224	1000.0	-1000.0	191.24205024603305	8.39	191.24205024603293	-191.24205024603293	269.5859832513224
191	-136.5522830195298	63.98551603905986	209.11905000000047	136.5522830195298	563.3716339609398	-1000.0	-136.55228301952985	-372.6428499999988	199.11878396093957	-199.11878396093957	199.11878396093957	209.11905000000047	1000.0	10.000266039060362	199.11878396093957	436.6283660390602	199.11878396093957	-209.11905000000013	1000.0	-1000.0	372.64284999999927	8.39	372.6428499999995	-372.6428499999995	209.11904999999996
192	-604.1365053983827	906.2047580975739	302.0682526991913	604.1365053983827	0.0	-906.2047580975739	-604.1365053983827	0.0	8.389999999999986	-8.389999999999986	8.389999999999986	302.0682526991913	906.2047580975739	293.6782526991913	8.389999999999986	906.2047580975739	8.389999999999986	-302.0682526991913	906.2047580975739	-906.2047580975739	0.0	8.39	0.0	0.0	302.0682526991912
193	-171.40190731511052	133.68476463022148	209.11905000000047	171.40190731511052	493.6723853697782	-920.300485369778	-171.40190731511058	-292.9433353697783	209.1190499999999	-209.1190499999999	209.1190499999999	209.11905000000047	920.300485369778	0.0	209.1190499999999	426.6281000000005	209.1190499999999	-209.11905000000013	920.300485369778	-920.300485369778	292.9433353697783	8.39	292.9433353697783	-292.9433353697783	209.11904999999996
194	-670.9616468494643	1000.0	341.92329369892855	670.9616468494643	25.769881096785674	-1000.0	-670.9616468494643	25.76988109678566	59.929762193571335	-59.929762193571335	59.929762193571335	341.92329369892855	1000.0	281.9935315053572	59.929762193571335	974.2301189032144	59.929762193571335	-341.92329369892855	1000.0	-1000.0	-25.76988109678564	8.39	-25.76988109678566	25.76988109678566	341.9232936989286
195	-621.2274069429001	931.8411104143502	310.61370347145004	621.2274069429	0.0	-629.6174069429001	-621.2274069429	302.22370347145005	310.61370347145004	-310.61370347145004	310.61370347145004	310.61370347145004	629.6174069429001	0.0	310.61370347145004	629.6174069429001	310.61370347145004	-310.61370347145004	629.6174069429001	-629.6174069429001	-302.2237034714501	8.39	-302.22370347145005	302.22370347145005	310.61370347145004
196	-418.23810000000003	627.35715	209.11905000000047	418.23810000000003	0.0	-631.6428720107053	-418.23810000000003	-4.285722010705282	4.104277989294719	-4.104277989294719	4.104277989294719	209.11905000000047	631.6428720107053	205.01477201070531	4.104277989294719	631.6428720107053	4.104277989294719	-209.11905000000013	631.6428720107053	-631.6428720107053	4.285722010705285	8.39	4.285722010705282	-4.285722010705282	209.11904999999996
197	-361.2033101014076	513.2875702028155	209.11905000000047	361.2033101014076	114.0695797971846	-627.35715	-361.2033101014076	0.0	122.4595797971846	-122.4595797971846	122.4595797971846	209.11905000000047	627.35715	86.65947020281544	122.4595797971846	513.2875702028155	122.4595797971846	-209.11905000000013	627.35715	-627.35715	0.0	8.39	0.0	0.0	209.11904999999996
198	-694.0701798776608	1000.0	388.1403597553217	694.0701798776608	164.4210792659651	-1000.0	-694.0701798776608	164.4210792659651	337.23215853193017	-337.23215853193017	337.23215853193017	388.14035975532175	1000.0	50.90820122339152	337.23215853193017	835.5789207340349	337.23215853193017	-388.1403597553217	1000.0	-1000.0	-164.4210792659651	8.39	-164.4210792659651	164.4210792659651	388.1403597553215
199	-636.1906927625892	948.9540447358671	323.4273407893112	636.1906927625892	21.327977632066425	-1000.0	-636.1906927625892	-29.717977632066425	0.0	0.0	0.0	323.4273407893112	1000.0	323.4273407893112	0.0	978.6720223679336	0.0	-323.4273407893112	1000.0	-1000.0	29.71797763206641	8.39	29.717977632066425	-29.717977632066425	323.4273407893112
200	-428.70375954337544	643.0556393150632	214.35187977168766	428.70375954337544	0.0	-437.0937595433754	-428.70375954337544	205.96187977168773	214.35187977168772	-214.35187977168772	214.35187977168772	214.35187977168772	437.09375954337537	0.0	214.35187977168772	437.0937595433754	214.35187977168772	-214.35187977168766	437.0937595433754	-437.0937595433754	-205.96187977168773	8.39	-205.96187977168773	205.96187977168773	214.35187977168778
201	-448.59197650767464	600.9193020102329	296.26465100511643	448.59197650767464	287.87465100511645	-888.7939530153493	-448.5919765076746	0.0	296.26465100511643	-296.26465100511643	296.26465100511643	296.26465100511643	888.7939530153493	0.0	296.26465100511643	600.9193020102329	296.26465100511643	-296.26465100511643	888.7939530153493	-888.7939530153493	0.0	8.39	0.0	0.0	296.26465100511643
202	-401.38783097412966	593.6566119482595	209.11905000000047	401.38783097412966	33.70053805174018	-460.32863805174	-401.38783097412966	167.02851194825973	209.1190499999999	-209.1190499999999	209.1190499999999	209.11905000000047	460.32863805174003	0.0	209.1190499999999	426.6281000000005	209.1190499999999	-209.11905000000013	460.32863805174	-460.3286380517401	-167.02851194825973	8.39	-167.02851194825973	167.02851194825973	209.11904999999996
203	-366.6860649162989	524.253079832598	209.11905000000047	366.68606491629885	103.10407016740169	-529.7321701674015	-366.6860649162989	97.62497983259823	209.1190499999999	-209.1190499999999	209.1190499999999	209.11905000000047	529.7321701674015	0.0	209.1190499999999	426.6281000000005	209.1190499999999	-209.11905000000013	529.7321701674015	-529.7321701674015	-97.62497983259823	8.39	-97.62497983259823	97.62497983259823	209.11904999999996
204	-389.8051628895372	570.4912757790746	209.11905000000047	389.8051628895372	56.86587422092509	-483.4939742209249	-389.8051628895372	143.86317577907482	209.1190499999999	-209.1190499999999	209.1190499999999	209.11905000000047	483.4939742209248	0.0	209.1190499999999	426.6281000000005	209.1190499999999	-209.11905000000013	483.4939742209249	-483.49397422092477	-143.86317577907482	8.39	-143.86317577907482	143.86317577907482	209.11904999999996
205	-407.19074768451037	605.262445369021	209.11905000000047	407.19074768451037	22.094704630978754	-448.72280463097854	-407.19074768451037	178.63434536902116	209.1190499999999	-209.1190499999999	209.1190499999999	209.11905000000047	448.72280463097854	0.0	209.1190499999999	426.6281000000005	209.1190499999999	-209.11905000000013	448.7228046309785	-448.72280463097854	-178.63434536902116	8.39	-178.63434536902116	178.63434536902116	209.11904999999996
206	-442.14967237102485	592.3295631613664	291.9697815806832	442.14967237102485	283.57978158068323	-875.9093447420496	-442.14967237102485	0.0	291.9697815806832	-291.9697815806832	291.9697815806832	291.9697815806832	875.9093447420496	0.0	291.9697815806832	592.3295631613664	291.9697815806832	-291.9697815806832	875.9093447420496	-875.9093447420496	0.0	8.39	0.0	0.0	291.9697815806832
207	-395.59652009716956	582.0739901943393	209.11905000000047	395.59652009716956	45.283159805660375	-471.91125980566017	-395.5965200971696	155.44589019433954	209.1190499999999	-209.1190499999999	209.1190499999999	209.11905000000047	471.91125980566017	0.0	209.1190499999999	426.6281000000005	209.1190499999999	-209.11905000000013	471.9112598056601	-471.9112598056603	-155.44589019433954	8.39	-155.44589019433954	155.44589019433954	209.11904999999996
208	-384.0138520125772	558.9086540251546	209.11905000000047	384.0138520125772	68.44849597484512	-495.0765959748449	-384.0138520125772	132.2805540251548	209.1190499999999	-209.1190499999999	209.1190499999999	209.11905000000047	495.0765959748449	0.0	209.1190499999999	426.6281000000005	209.1190499999999	-209.11905000000013	495.0765959748449	-495.07659597484496	-132.28055402515486	8.39	-132.2805540251548	132.2805540251548	209.11904999999996
209	-378.23410063836565	547.3491512767315	209.11905000000047	378.2341006383656	80.00799872326826	-506.63609872326805	-378.23410063836565	120.72105127673166	209.1190499999999	-209.1190499999999	209.1190499999999	209.11905000000047	506.63609872326805	0.0	209.1190499999999	426.6281000000005	209.1190499999999	-209.11905000000013	506.63609872326805	-506.636098723268	-120.72105127673171	8.39	-120.72105127673166	120.72105127673166	209.11904999999996
210	-355.11500266512724	501.1109553302547	209.11905000000047	355.11500266512724	126.24619466974502	-552.8742946697448	-355.11500266512724	74.48285533025489	209.1190499999999	-209.1190499999999	209.1190499999999	209.11905000000047	552.8742946697448	0.0	209.1190499999999	426.6281000000005	209.1190499999999	-209.11905000000013	552.8742946697448	-552.8742946697447	-74.48285533025489	8.39	-74.48285533025489	74.48285533025489	209.11904999999996
211	-343.57857277648134	478.0380955529629	209.11905000000047	343.57857277648134	149.31905444703682	-575.9471544470366	-343.57857277648134	51.409995552963096	209.1190499999999	-209.1190499999999	209.1190499999999	209.11905000000047	575.9471544470366	0.0	209.1190499999999	426.6281000000005	209.1190499999999	-209.11905000000013	575.9471544470366	-575.9471544470365	-51.409995552963096	8.39	-51.409995552963096	51.409995552963096	209.11904999999996
212	-349.3468107936641	489.57457158732836	209.11905000000047	349.3468107936641	137.78257841267134	-564.4106784126711	-349.3468107936641	62.946471587328574	209.1190499999999	-209.1190499999999	209.1190499999999	209.11905000000047	564.4106784126711	0.0	209.1190499999999	426.6281000000005	209.1190499999999	-209.11905000000013	564.4106784126711	-564.410678412671	-62.946471587328574	8.39	-62.946471587328574	62.946471587328574	209.11904999999996
213	-337.8103809050182	466.50171181003657	209.11905000000047	337.8103809050182	160.85543818996314	-587.4835381899629	-337.8103809050182	39.87361181003678	209.1190499999999	-209.1190499999999	209.1190499999999	209.11905000000047	587.4835381899629	0.0	209.1190499999999	426.6281000000005	209.1190499999999	-209.11905000000013	587.4835381899629	-587.4835381899628	-39.87361181003678	8.39	-39.87361181003678	39.87361181003678	209.11904999999996
214	-332.05370239058385	454.9883547811679	209.11905000000047	332.0537023905838	172.3687952188318	-598.9968952188316	-332.05370239058385	28.360254781168123	209.1190499999999	-209.1190499999999	209.1190499999999	209.11905000000047	598.9968952188316	0.0	209.1190499999999	426.6281000000005	209.1190499999999	-209.11905000000013	598.9968952188316	-598.9968952188316	-28.360254781168123	8.39	-28.360254781168123	28.360254781168123	209.11904999999996
215	-326.30853723317847	443.49802446635715	209.11905000000047	326.3085372331784	183.85912553364255	-610.4872255336423	-326.30853723317847	16.86992446635736	209.1190499999999	-209.1190499999999	209.1190499999999	209.11905000000047	610.4872255336423	0.0	209.1190499999999	426.6281000000005	209.1190499999999	-209.11905000000013	610.4872255336423	-610.4872255336423	-16.86992446635736	8.39	-16.86992446635736	16.86992446635736	209.11904999999996
216	-680.1500141217948	968.3150235363246	391.9850047072649	680.1500141217948	207.63999058547017	-1000.0	-680.1500141217948	175.95501412179476	391.9850047072649	-391.9850047072649	391.9850047072649	391.9850047072649	1000.0	0.0	391.9850047072649	792.3600094145298	391.9850047072649	-391.9850047072649	1000.0	-999.9999999999999	-175.95501412179476	8.39	-175.95501412179476	175.95501412179476	391.985004707265
217	-516.520959147268	699.7085849612026	333.33333333333326	516.520959147268	300.29141503879737	-1000.0	-516.520959147268	0.0	308.68141503879735	-308.68141503879735	308.68141503879735	333.3333333333333	1000.0	24.651918294535946	308.68141503879735	699.7085849612026	308.68141503879735	-333.33333333333326	1000.0	-1000.0	0.0	8.39	0.0	0.0	333.3333333333335
218	-519.7979462683045	706.2625592032757	333.33333333333326	519.7979462683045	293.73744079672434	-1000.0	-519.7979462683045	0.0	302.1274407967243	-302.1274407967243	302.1274407967243	333.3333333333333	1000.0	31.20589253660902	302.1274407967243	706.2625592032757	302.1274407967243	-333.33333333333326	1000.0	-1000.0	0.0	8.39	0.0	0.0	333.3333333333334
219	-513.2505260004734	693.1677186676136	333.33333333333326	513.2505260004734	306.83228133238634	-1000.0	-513.2505260004734	0.0	315.2222813323863	-315.2222813323863	315.2222813323863	333.3333333333333	1000.0	18.111052000947023	315.2222813323863	693.1677186676136	315.2222813323863	-333.33333333333326	1000.0	-1000.0	0.0	8.39	0.0	0.0	333.3333333333334
220	-605.6278036219416	877.9222739105498	333.33333333333337	605.6278036219416	122.07772608945015	-1000.0	-605.6278036219416	0.0	130.46772608945014	-130.46772608945014	130.46772608945014	333.3333333333333	1000.0	202.86560724388318	130.46772608945014	877.9222739105498	130.46772608945014	-333.33333333333337	1000.0	-1000.0	0.0	8.39	0.0	0.0	333.3333333333333
221	-331.97125487305834	445.4250064974111	218.51750324870557	331.97125487305834	210.12750324870558	-655.5525097461167	-331.9712548730584	0.0	218.51750324870557	-218.51750324870557	218.51750324870557	218.5175032487056	655.5525097461167	0.0	218.51750324870557	445.4250064974111	218.51750324870557	-218.51750324870557	655.5525097461167	-655.5525097461167	0.0	8.39	0.0	0.0	218.51750324870568
222	-594.2220144998337	855.1106956663342	333.33333333333326	594.2220144998337	144.88930433366582	-1000.0	-594.2220144998337	0.0	153.27930433366578	-153.27930433366578	153.27930433366578	333.33333333333326	1000.0	180.05402899966757	153.27930433366578	855.1106956663342	153.27930433366578	-333.33333333333326	1000.0	-1000.0	0.0	8.39	0.0	0.0	333.3333333333335
223	-320.65492467794934	432.1907993558989	209.11905000000047	320.65492467794934	195.16635064410048	-621.7944506441	-320.65492467794934	5.562699355899326	209.1190499999998	-209.1190499999998	209.1190499999998	209.11905000000047	621.7944506441	0.0	209.1190499999998	426.6281000000005	209.1190499999998	-209.11905000000013	621.7944506441	-621.7944506441	-5.562699355899326	8.39	-5.562699355899326	5.562699355899326	209.11904999999996
224	-539.8043918478564	746.2754503623796	333.33333333333326	539.8043918478564	253.72454963762038	-1000.0	-539.8043918478564	0.0	262.11454963762037	-262.11454963762037	262.11454963762037	333.3333333333333	1000.0	71.21878369571304	262.11454963762037	746.2754503623796	262.11454963762037	-333.33333333333326	1000.0	-1000.0	0.0	8.39	0.0	0.0	333.3333333333335
225	-399.10967479080307	534.9428997210708	263.2764498605354	399.10967479080307	254.8864498605354	-789.8293495816063	-399.10967479080307	0.0	263.2764498605354	-263.2764498605354	263.2764498605354	263.2764498605354	789.8293495816063	0.0	263.2764498605354	534.9428997210708	263.2764498605354	-263.2764498605354	789.8293495816063	-789.8293495816062	0.0	8.39	0.0	0.0	263.27644986053565
226	-536.6090734078746	739.8848134824159	333.33333333333337	536.6090734078746	260.1151865175841	-1000.0	-536.6090734078746	0.0	268.5051865175841	-268.5051865175841	268.5051865175841	333.33333333333337	1000.0	64.82814681574924	268.5051865175841	739.8848134824159	268.5051865175841	-333.33333333333337	1000.0	-1000.0	0.0	8.39	0.0	0.0	333.33333333333337
227	-404.64506573931806	542.3234209857574	266.96671049287875	404.64506573931806	258.5767104928787	-800.900131478636	-404.64506573931806	0.0	266.96671049287875	-266.96671049287875	266.96671049287875	266.96671049287875	800.900131478636	0.0	266.96671049287875	542.3234209857574	266.96671049287875	-266.96671049287875	800.900131478636	-800.900131478636	0.0	8.39	0.0	0.0	266.96671049287875
228	-352.3901303585184	422.0485505975307	282.73171011950603	352.3901303585184	426.1465797609877	-1000.0	-352.3901303585184	-151.80486964148167	282.73171011950615	-282.73171011950615	282.73171011950615	282.7317101195061	1000.0	0.0	282.73171011950615	573.8534202390123	282.73171011950615	-282.73171011950603	1000.0	-999.9999999999999	151.80486964148156	8.39	151.80486964148167	-151.80486964148167	282.7317101195064
229	-232.18122051226499	221.70036752044166	242.6620735040883	232.18122051226499	506.28585299182333	-1000.0	-232.18122051226499	-272.0137794877351	242.6620735040883	-242.6620735040883	242.6620735040883	242.6620735040883	1000.0	0.0	242.6620735040883	493.71414700817667	242.6620735040883	-242.6620735040883	1000.0	-1000.0	272.013779487735	8.39	272.0137794877351	-272.0137794877351	242.66207350408854
230	-603.1005499546512	872.8677665759693	333.33333333333326	603.1005499546512	127.13223342403073	-1000.0	-603.1005499546512	0.0	135.52223342403067	-135.52223342403067	135.52223342403067	333.33333333333326	1000.0	197.81109990930258	135.52223342403067	872.8677665759693	135.52223342403067	-333.33333333333326	1000.0	-1000.0	0.0	8.39	0.0	0.0	333.3333333333335
231	-325.87232944170637	377.8522157361772	273.89244314723544	325.87232944170637	443.8251137055292	-1000.0	-325.87232944170637	-178.3226705582938	273.89244314723544	-273.89244314723544	273.89244314723544	273.89244314723544	1000.0	0.0	273.89244314723544	556.1748862944708	273.89244314723544	-273.89244314723544	1000.0	-1000.0	178.32267055829362	8.39	178.3226705582938	-178.3226705582938	273.89244314723544
232	-164.9496060535301	109.64767675588348	220.2515353511767	164.94960605353003	551.1069292976466	-1000.0	-164.9496060535301	-339.24539394646985	220.2515353511767	-220.2515353511767	220.2515353511767	220.2515353511767	1000.0	0.0	220.2515353511767	448.8930707023534	220.2515353511767	-220.2515353511767	1000.0	-1000.0	339.2453939464699	8.39	339.24539394646985	-339.24539394646985	220.2515353511767
233	-150.26037595760263	85.16562659600437	215.35512531920097	150.2603759576026	560.8997493615982	-1000.0	-150.2603759576026	-353.93462404239733	215.35512531920085	-215.35512531920085	215.35512531920085	215.35512531920094	1000.0	0.0	215.35512531920085	439.1002506384018	215.35512531920085	-215.35512531920097	1000.0	-1000.0	353.93462404239745	8.39	353.93462404239733	-353.93462404239733	215.35512531920108
234	-624.8111358863349	916.2889384393363	333.3333333333335	624.8111358863349	83.71106156066367	-1000.0	-624.8111358863349	0.0	92.10106156066365	-92.10106156066365	92.10106156066365	333.3333333333334	1000.0	241.2322717726696	92.10106156066365	916.2889384393363	92.10106156066365	-333.3333333333335	1000.0	-1000.0	0.0	8.39	0.0	0.0	333.33333333333326
235	-657.5382161242427	981.7430989151519	333.33333333333337	657.5382161242427	18.256901084848096	-1000.0	-657.5382161242427	0.0	26.646901084848082	-26.646901084848082	26.646901084848082	333.33333333333337	1000.0	306.68643224848523	26.646901084848082	981.7430989151519	26.646901084848082	-333.33333333333337	1000.0	-1000.0	0.0	8.39	0.0	0.0	333.33333333333337
236	-640.8922913183101	948.4512493032868	333.33333333333326	640.8922913183101	51.54875069671323	-1000.0	-640.8922913183101	0.0	59.938750696713214	-59.938750696713214	59.938750696713214	333.3333333333333	1000.0	273.3945826366201	59.938750696713214	948.4512493032868	59.938750696713214	-333.33333333333326	1000.0	-1000.0	0.0	8.39	0.0	0.0	333.3333333333335
237	-510.43863995800893	685.4627332633481	335.4145466526696	510.43863995800893	320.78090669466076	-1000.0	-510.43863995800893	6.243639958008885	335.4145466526696	-335.4145466526696	335.4145466526696	335.4145466526696	1000.0	0.0	335.4145466526696	679.2190933053392	335.4145466526696	-335.4145466526696	1000.0	-1000.0	-6.243639958008885	8.39	-6.243639958008885	6.243639958008885	335.4145466526695
238	-276.2868103845762	343.45457076915227	209.11905000000047	276.2868103845762	283.9025792308476	-710.5306792308476	-276.2868103845762	-83.17352923084763	209.11905000000002	-209.11905000000002	209.11905000000002	209.11905000000047	710.5306792308476	0.0	209.11905000000002	426.6281000000005	209.11905000000002	-209.11905000000013	710.5306792308476	-710.5306792308476	83.17352923084763	8.39	83.17352923084763	-83.17352923084763	209.11904999999996
239	-372.24097264155137	499.1179635220685	245.3639817610342	372.24097264155137	236.97398176103422	-736.0919452831027	-372.24097264155137	0.0	245.3639817610342	-245.3639817610342	245.3639817610342	245.3639817610342	736.0919452831027	0.0	245.3639817610342	499.1179635220685	245.3639817610342	-245.3639817610342	736.0919452831027	-736.0919452831027	0.0	8.39	0.0	0.0	245.36398176103432
240	-501.7098939680721	671.7431919574295	331.6765959787148	501.7098939680721	323.2865959787148	-995.0297879361443	-501.7098939680721	0.0	331.6765959787148	-331.6765959787148	331.6765959787148	331.6765959787148	995.0297879361443	0.0	331.6765959787148	671.7431919574295	331.6765959787148	-331.6765959787148	995.0297879361443	-995.0297879361443	0.0	8.39	0.0	0.0	331.6765959787148
241	-607.6611816413385	847.5003027355643	367.82206054711287	607.6611816413385	255.96587890577428	-1000.0	-607.6611816413385	103.46618164133861	367.82206054711287	-367.82206054711287	367.82206054711287	367.82206054711287	1000.0	0.0	367.82206054711287	744.0341210942257	367.82206054711287	-367.82206054711287	1000.0	-1000.0	-103.46618164133861	8.39	-103.46618164133861	103.46618164133861	367.822060547113
242	-436.7678068587884	585.1537424783845	288.38187123919226	436.7678068587884	279.9918712391923	-865.1456137175768	-436.7678068587884	0.0	288.38187123919226	-288.38187123919226	288.38187123919226	288.38187123919226	865.1456137175768	0.0	288.38187123919226	585.1537424783845	288.38187123919226	-288.38187123919226	865.1456137175768	-865.1456137175768	0.0	8.39	0.0	0.0	288.38187123919226
243	-496.7396421423613	665.1161895231484	328.3630947615742	496.7396421423613	319.9730947615742	-985.0892842847226	-496.7396421423613	0.0	328.3630947615742	-328.3630947615742	328.3630947615742	328.3630947615742	985.0892842847226	0.0	328.3630947615742	665.1161895231484	328.3630947615742	-328.3630947615742	985.0892842847226	-985.0892842847226	0.0	8.39	0.0	0.0	328.3630947615742
244	-600.1158454272627	866.8983575211921	333.3333333333333	600.1158454272627	133.1016424788079	-1000.0	-600.1158454272627	0.0	141.49164247880788	-141.49164247880788	141.49164247880788	333.3333333333333	1000.0	191.84169085452552	141.49164247880788	866.8983575211921	141.49164247880788	-333.3333333333333	1000.0	-1000.0	0.0	8.39	0.0	0.0	333.3333333333335
245	-489.59430652081573	650.722177534693	328.4664355069386	489.59430652081573	334.67712898612285	-1000.0	-489.59430652081573	-14.600693479184315	328.4664355069385	-328.4664355069386	328.4664355069386	328.4664355069386	1000.0	0.0	328.4664355069386	665.3228710138771	328.4664355069386	-328.4664355069386	1000.0	-1000.0	14.600693479184201	8.39	14.600693479184315	-14.600693479184315	328.46643550693847
246	-381.2266735187802	470.10945586463356	292.34389117292676	381.2266735187802	406.9222176541466	-1000.0	-381.22667351878016	-122.96832648121999	292.34389117292676	-292.34389117292676	292.34389117292676	292.34389117292676	1000.0	0.0	292.34389117292676	593.0777823458534	292.34389117292676	-292.34389117292676	1000.0	-1000.0	122.96832648121983	8.39	122.96832648121999	-122.96832648121999	292.34389117292676
247	-597.2612179830794	861.1891026328254	333.33333333333326	597.2612179830794	138.8108973671746	-1000.0	-597.2612179830794	0.0	147.20089736717455	-147.20089736717455	147.20089736717455	333.33333333333326	1000.0	186.1324359661587	147.20089736717455	861.1891026328254	147.20089736717455	-333.33333333333326	1000.0	-1000.0	0.0	8.39	0.0	0.0	333.33333333333326
248	-378.7361476150785	507.77819682010465	249.6940984100523	378.7361476150785	241.30409841005235	-749.0822952301569	-378.7361476150785	0.0	249.69409841005233	-249.69409841005233	249.69409841005233	249.6940984100523	749.0822952301569	0.0	249.69409841005233	507.77819682010454	249.69409841005233	-249.6940984100523	749.0822952301569	-749.0822952301569	0.0	8.39	0.0	0.0	249.69409841005245
249	-489.4815084641716	655.4386779522288	323.52433897611445	489.4815084641716	315.1343389761145	-970.5730169283435	-489.4815084641716	0.0	323.52433897611445	-323.52433897611445	323.52433897611445	323.52433897611445	970.5730169283435	0.0	323.52433897611445	655.438677952229	323.52433897611445	-323.52433897611445	970.5730169283435	-970.5730169283436	0.0	8.39	0.0	0.0	323.52433897611445
250	-386.413287961728	563.7075259234563	209.11905000000047	386.413287961728	63.649624076543404	-627.3571499999997	-386.413287961728	0.0	72.0396240765434	-72.0396240765434	72.0396240765434	209.11905000000047	627.3571499999997	137.0794259234565	72.0396240765434	563.7075259234563	72.0396240765434	-209.11905000000013	627.3571499999997	-627.3571499999997	0.0	8.39	0.0	0.0	209.11904999999996
251	-550.7757751657292	768.2182169981252	333.3333333333333	550.7757751657292	231.78178300187471	-1000.0	-550.7757751657292	0.0	240.1717830018747	-240.1717830018747	240.1717830018747	333.3333333333333	1000.0	93.16155033145863	240.1717830018747	768.2182169981253	240.1717830018747	-333.3333333333333	1000.0	-1000.0	0.0	8.39	0.0	0.0	333.3333333333335
252	-620.5763993781244	907.8194654229154	333.33333333333337	620.5763993781244	92.1805345770847	-1000.0	-620.5763993781244	0.0	100.57053457708469	-100.57053457708469	100.57053457708469	333.33333333333337	1000.0	232.76279875624857	100.57053457708469	907.8194654229153	100.57053457708469	-333.33333333333337	1000.0	-1000.0	0.0	8.39	0.0	0.0	333.33333333333337
253	-291.90133524115504	358.7437175562658	225.0589529260443	291.90133524115504	316.4331412218671	-1000.0	-291.901335241155	-324.8231412218671	0.0	0.0	0.0	225.0589529260443	1000.0	225.0589529260443	0.0	683.5668587781329	0.0	-225.0589529260443	1000.0	-1000.0	324.8231412218671	8.39	324.8231412218671	-324.8231412218671	225.0589529260444
254	-626.9256617613535	940.3884926420302	313.46283088067673	626.9256617613535	0.0	-948.7784926420302	-626.9256617613535	-8.389999999999986	0.0	0.0	0.0	313.46283088067673	948.7784926420302	313.46283088067673	0.0	948.7784926420302	0.0	-313.46283088067673	948.7784926420302	-948.7784926420302	8.389999999999986	8.39	8.389999999999986	-8.389999999999986	313.4628308806766
255	-541.5147081554545	786.652356837922	296.377059472987	541.5147081554545	102.47882158103903	-1000.0	-541.5147081554545	-110.86882158103903	0.0	0.0	0.0	296.377059472987	1000.0	296.377059472987	0.0	897.521178418961	0.0	-296.377059472987	1000.0	-1000.0	110.86882158103901	8.39	110.86882158103903	-110.86882158103903	296.3770594729871
256	-330.2288358365088	424.4480042911579	236.00966738185966	330.2288358365088	283.58099785442107	-1000.0	-330.2288358365087	-291.97099785442106	0.0	0.0	0.0	236.00966738185966	1000.0	236.00966738185966	0.0	716.4190021455789	0.0	-236.00966738185966	1000.0	-1000.0	291.97099785442106	8.39	291.97099785442106	-291.97099785442106	236.0096673818596
257	-528.8987356441693	765.0249753900044	292.77249589833406	528.8987356441693	113.29251230499779	-1000.0	-528.8987356441693	-121.68251230499777	0.0	0.0	0.0	292.77249589833406	1000.0	292.7724958983341	0.0	886.7074876950022	0.0	-292.77249589833406	1000.0	-1000.0	121.68251230499777	8.39	121.68251230499777	-121.68251230499777	292.77249589833434
258	-150.69615735282514	92.27326470565049	209.11905000000047	150.69615735282514	535.0838852943492	-1000.0	-150.69615735282514	-372.6428499999988	170.8310352943489	-170.8310352943489	170.8310352943489	209.11905000000047	1000.0	38.28801470565099	170.8310352943489	464.9161147056508	170.8310352943489	-209.11905000000013	1000.0	-1000.0	372.64284999999927	8.39	372.6428499999995	-372.6428499999995	209.11904999999996
259	-405.02689834437	509.77649724061655	300.27729944812336	405.02689834437	391.0554011037534	-1000.0	-405.02689834436995	-99.1681016556302	300.27729944812336	-300.27729944812336	300.27729944812336	300.27729944812336	1000.0	0.0	300.27729944812336	608.9445988962466	300.27729944812336	-300.27729944812336	1000.0	-1000.0	99.16810165563004	8.39	99.1681016556302	-99.1681016556302	300.27729944812336
260	-492.4316688408112	738.6475032612168	246.2158344204056	492.4316688408112	0.0	-500.8216688408112	-492.4316688408112	237.8258344204056	246.2158344204056	-246.2158344204056	246.2158344204056	246.2158344204056	500.8216688408112	0.0	246.2158344204056	500.8216688408112	246.2158344204056	-246.2158344204056	500.8216688408112	-500.8216688408112	-237.82583442040567	8.39	-237.8258344204056	237.8258344204056	246.2158344204056
261	-491.8528347040923	658.600446272123	325.1052231360615	491.8528347040923	316.71522313606147	-975.3156694081845	-491.8528347040923	0.0	325.10522313606145	-325.10522313606145	325.10522313606145	325.1052231360615	975.3156694081845	0.0	325.10522313606145	658.600446272123	325.10522313606145	-325.1052231360615	975.3156694081845	-975.3156694081845	0.0	8.39	0.0	0.0	325.10522313606157
262	-676.8980404208362	1000.0	353.7960808416724	676.8980404208362	61.388242525017176	-777.3704042083618	-676.8980404208362	284.01783831665523	353.7960808416724	-353.7960808416724	353.7960808416724	353.7960808416724	777.3704042083618	0.0	353.7960808416724	715.9821616833447	353.7960808416724	-353.7960808416724	777.3704042083618	-777.3704042083618	-284.0178383166553	8.39	-284.01783831665523	284.01783831665523	353.7960808416724
263	-687.0770617732808	1000.0	374.15412354656144	687.0770617732808	122.46237063968404	-1000.0	-687.0770617732808	122.46237063968408	253.31474127936815	-253.31474127936815	253.31474127936815	374.15412354656144	1000.0	120.83938226719322	253.31474127936815	877.5376293603159	253.31474127936815	-374.15412354656144	1000.0	-1000.0	-122.46237063968407	8.39	-122.46237063968408	122.46237063968408	374.15412354656144
264	-688.7201286782984	1000.0	377.4402573565966	688.7201286782984	132.32077206978974	-1000.0	-688.7201286782984	132.32077206978977	273.0315441395795	-273.0315441395795	273.0315441395795	377.4402573565966	1000.0	104.4087132170171	273.0315441395795	867.6792279302102	273.0315441395795	-377.4402573565966	1000.0	-999.9999999999999	-132.32077206978974	8.39	-132.32077206978977	132.32077206978977	377.44025735659693
265	-196.08512785561243	183.05120571122495	209.11905000000047	196.08512785561243	444.30594428877475	-870.9340442887744	-196.08512785561243	-243.57689428877484	209.1190499999999	-209.1190499999999	209.1190499999999	209.11905000000047	870.9340442887744	0.0	209.1190499999999	426.6281000000005	209.1190499999999	-209.11905000000013	870.9340442887744	-870.9340442887744	243.57689428877472	8.39	243.57689428877484	-243.57689428877484	209.11904999999996
266	-641.5636126395343	904.0043543992236	379.12287087984475	641.5636126395343	233.3642582403105	-1000.0	-641.5636126395343	137.36861263953426	379.12287087984475	-379.12287087984475	379.12287087984475	379.12287087984475	1000.0	0.0	379.12287087984475	766.6357417596895	379.12287087984475	-379.12287087984475	1000.0	-1000.0	-137.36861263953415	8.39	-137.36861263953426	137.36861263953426	379.12287087984475
267	-366.85751265848637	446.16085443081056	287.5541708861621	366.85751265848637	416.50165822767576	-1000.0	-366.85751265848637	-137.33748734151362	287.5541708861621	-287.5541708861621	287.5541708861621	287.5541708861621	1000.0	0.0	287.5541708861621	583.4983417723242	287.5541708861621	-287.5541708861621	1000.0	-1000.0	137.33748734151365	8.39	137.33748734151362	-137.33748734151362	287.5541708861621
268	-583.3551274529483	833.3769215725634	333.33333333333337	583.3551274529483	166.62307842743655	-1000.0	-583.3551274529483	0.0	175.01307842743654	-175.01307842743654	175.01307842743654	333.33333333333337	1000.0	158.3202549058968	175.01307842743654	833.3769215725634	175.01307842743654	-333.33333333333337	1000.0	-1000.0	0.0	8.39	0.0	0.0	333.33333333333326
269	-373.0870501916105	537.055050383221	209.11905000000047	373.0870501916105	90.30209961677883	-516.9301996167787	-373.0870501916105	110.42695038322114	209.11904999999996	-209.11904999999996	209.11904999999996	209.11905000000047	516.9301996167787	0.0	209.11904999999996	426.6281000000005	209.11904999999996	-209.11905000000013	516.9301996167787	-516.9301996167787	-110.42695038322108	8.39	-110.42695038322114	110.42695038322114	209.11904999999996
270	-338.1320191052156	453.6393588069541	222.62467940347707	338.1320191052156	214.23467940347706	-667.8740382104312	-338.1320191052156	0.0	222.62467940347705	-222.62467940347705	222.62467940347705	222.62467940347707	667.8740382104312	0.0	222.62467940347705	453.6393588069541	222.62467940347705	-222.62467940347707	667.8740382104312	-667.8740382104311	0.0	8.39	0.0	0.0	222.6246794034771
271	-235.7373135423549	262.3555770847098	209.11905000000047	235.7373135423549	365.0015729152902	-791.6296729152901	-235.7373135423549	-164.27252291529018	209.11905	-209.11905	209.11905	209.11905000000047	791.6296729152901	0.0	209.11905	426.6281000000005	209.11905	-209.11905000000013	791.6296729152901	-791.6296729152901	164.2725229152902	8.39	164.27252291529018	-164.27252291529018	209.11904999999996
272	-685.0000830129886	1000.0	370.00016602597714	685.0000830129886	110.00049807793134	-1000.0	-685.0000830129886	110.00049807793133	228.39099615586267	-228.39099615586267	228.39099615586267	370.00016602597714	1000.0	141.60916987011444	228.39099615586267	889.9995019220687	228.39099615586267	-370.00016602597714	1000.0	-1000.0	-110.00049807793134	8.39	-110.00049807793133	110.00049807793133	370.00016602597714
273	-683.9650983554155	1000.0	367.930196710831	683.9650983554155	103.79059013249301	-1000.0	-683.9650983554155	103.790590132493	215.971180264986	-215.971180264986	215.971180264986	367.930196710831	1000.0	151.959016445845	215.971180264986	896.209409867507	215.971180264986	-367.930196710831	1000.0	-1000.0	-103.79059013249301	8.39	-103.790590132493	103.790590132493	367.9301967108309
274	-138.2840094437608	65.20501573960144	211.36300314792027	138.2840094437608	568.8839937041595	-1000.0	-138.2840094437608	-365.9109905562392	211.36300314792027	-211.36300314792027	211.36300314792027	211.36300314792027	1000.0	0.0	211.36300314792027	431.11600629584063	211.36300314792027	-211.36300314792027	1000.0	-1000.0	365.9109905562392	8.39	365.9109905562392	-365.9109905562392	211.36300314792027
275	-197.18181164719158	185.24457329438337	209.11905000000047	197.18181164719158	442.11257670561633	-1000.0	-197.18181164719158	-372.6428499999988	77.85972670561603	-77.85972670561603	77.85972670561603	209.11905000000047	1000.0	131.25932329438388	77.85972670561603	557.8874232943837	77.85972670561603	-209.11905000000013	1000.0	-1000.0	372.64284999999927	8.39	372.6428499999995	-372.6428499999995	209.11904999999996
276	-194.60468949998818	180.09032899997658	209.11905000000047	194.60468949998818	447.26682100002324	-1000.0	-194.60468949998818	-372.6428499999988	83.01397100002305	-83.01397100002305	83.01397100002305	209.11905000000047	1000.0	126.10507899997687	83.01397100002305	552.7331789999768	83.01397100002305	-209.11905000000013	1000.0	-1000.0	372.64284999999927	8.39	372.6428499999995	-372.6428499999995	209.11904999999996
277	-218.82478182591922	199.439636376532	238.20992727530643	218.82478182591922	515.1901454493872	-1000.0	-218.82478182591922	-285.3702181740807	238.20992727530643	-238.20992727530643	238.20992727530643	238.20992727530643	1000.0	0.0	238.20992727530643	484.80985455061284	238.20992727530643	-238.20992727530643	1000.0	-1000.0	285.37021817408083	8.39	285.3702181740807	-285.3702181740807	238.20992727530643
278	-526.0081318494928	718.6829303656523	333.3333333333333	526.0081318494928	281.3170696343477	-1000.0	-526.0081318494928	0.0	289.7070696343477	-289.7070696343477	289.7070696343477	333.3333333333333	1000.0	43.626263698985625	289.7070696343477	718.6829303656523	289.7070696343477	-333.3333333333333	1000.0	-1000.0	0.0	8.39	0.0	0.0	333.33333333333326
279	-436.51339769621177	562.2539961603529	310.7727992320706	436.51339769621177	370.06440153585885	-1000.0	-436.51339769621177	-67.68160230378822	310.7727992320706	-310.7727992320706	310.7727992320706	310.7727992320706	1000.0	0.0	310.7727992320706	629.9355984641411	310.7727992320706	-310.7727992320706	1000.0	-1000.0	67.68160230378822	8.39	67.68160230378822	-67.68160230378822	310.7727992320706
280	-362.3501376103513	485.9301834804684	238.7700917402342	362.3501376103513	230.3800917402342	-716.3102752207026	-362.3501376103513	0.0	238.7700917402342	-238.7700917402342	238.7700917402342	238.7700917402342	716.3102752207026	0.0	238.7700917402342	485.9301834804684	238.7700917402342	-238.7700917402342	716.3102752207026	-716.3102752207025	0.0	8.39	0.0	0.0	238.7700917402342
281	-447.21037267245765	580.0822877874293	314.33845755748587	447.21037267245765	362.9330848850283	-1000.0	-447.21037267245765	-56.98462732754243	314.33845755748587	-314.33845755748587	314.33845755748587	314.33845755748587	1000.0	0.0	314.33845755748587	637.0669151149717	314.33845755748587	-314.33845755748587	1000.0	-999.9999999999999	56.9846273275424	8.39	56.98462732754243	-56.98462732754243	314.33845755748587
282	-412.47492291957764	552.7632305594369	272.18661527971847	412.47492291957764	263.7966152797184	-816.5598458391553	-412.47492291957764	0.0	272.18661527971847	-272.18661527971847	272.18661527971847	272.18661527971847	816.5598458391553	0.0	272.18661527971847	552.7632305594368	272.18661527971847	-272.18661527971847	816.5598458391553	-816.5598458391553	0.0	8.39	0.0	0.0	272.18661527971847
283	-595.883798802482	827.8713313374701	363.896266267494	595.8837988024819	263.817467465012	-1000.0	-595.8837988024819	91.68879880248204	363.896266267494	-363.896266267494	363.896266267494	363.896266267494	1000.0	0.0	363.896266267494	736.182532534988	363.896266267494	-363.896266267494	1000.0	-1000.0	-91.68879880248204	8.39	-91.68879880248204	91.68879880248204	363.89626626749396
284	-205.975258829165	178.0237647152751	233.92675294305502	205.975258829165	523.75649411389	-1000.0	-205.975258829165	-298.21974117083494	233.92675294305502	-233.92675294305502	233.92675294305502	233.92675294305502	1000.0	0.0	233.92675294305502	476.24350588611003	233.92675294305502	-233.92675294305502	1000.0	-999.9999999999999	298.21974117083494	8.39	298.21974117083494	-298.21974117083494	233.92675294305502
285	-416.8284789304295	558.5679719072394	275.0889859536197	416.8284789304295	266.6989859536197	-825.2669578608591	-416.8284789304295	0.0	275.0889859536197	-275.0889859536197	275.0889859536197	275.0889859536197	825.2669578608591	0.0	275.0889859536197	558.5679719072393	275.0889859536197	-275.0889859536197	825.2669578608591	-825.2669578608591	0.0	8.39	0.0	0.0	275.0889859536197
286	-587.2891996984446	813.5469994974076	361.0313998994815	587.2891996984445	269.54720020103696	-1000.0	-587.2891996984445	83.09419969844458	361.0313998994815	-361.0313998994815	361.0313998994815	361.0313998994815	1000.0	0.0	361.0313998994815	730.452799798963	361.0313998994815	-361.0313998994815	1000.0	-1000.0	-83.09419969844458	8.39	-83.09419969844458	83.09419969844458	361.0313998994816
287	-452.13280560749746	605.6404074766633	298.6252037383316	452.13280560749746	290.2352037383317	-895.8756112149949	-452.13280560749746	0.0	298.6252037383316	-298.6252037383316	298.6252037383316	298.6252037383316	895.8756112149949	0.0	298.6252037383316	605.6404074766633	298.6252037383316	-298.6252037383316	895.8756112149949	-895.8756112149949	0.0	8.39	0.0	0.0	298.6252037383316
288	-631.7027978644379	930.0722623955425	333.33333333333337	631.7027978644379	69.92773760445756	-1000.0	-631.7027978644379	0.0	78.31773760445756	-78.31773760445756	78.31773760445756	333.33333333333337	1000.0	255.01559572887578	78.31773760445756	930.0722623955425	78.31773760445756	-333.33333333333337	1000.0	-1000.0	0.0	8.39	0.0	0.0	333.33333333333326
289	-249.90606010782932	290.6930702156587	209.11905000000047	249.90606010782932	336.66407978434137	-763.2921797843413	-249.90606010782932	-135.93502978434137	209.11905	-209.11905	209.11905	209.11905000000047	763.2921797843413	0.0	209.11905	426.6281000000005	209.11905	-209.11905000000013	763.2921797843413	-763.2921797843413	135.93502978434128	8.39	135.93502978434137	-135.93502978434137	209.11904999999996
290	-296.52154186575814	366.66407176987116	226.37901196164523	296.52154186575814	312.4729641150644	-1000.0	-296.52154186575814	-320.8629641150644	0.0	0.0	0.0	226.37901196164523	1000.0	226.3790119616452	0.0	687.5270358849356	0.0	-226.37901196164523	1000.0	-999.9999999999999	320.8629641150644	8.39	320.8629641150644	-320.8629641150644	226.37901196164512
291	-236.503837377524	263.77657836146966	209.23109639357827	236.503837377524	363.9167108192652	-1000.0	-236.503837377524	-372.30671081926516	0.0	0.0	0.0	209.23109639357827	1000.0	209.23109639357827	0.0	636.0832891807348	0.0	-209.23109639357827	1000.0	-999.9999999999999	372.30671081926516	8.39	372.30671081926516	-372.30671081926516	209.23109639357835
292	-253.44190982082495	292.81327397855705	214.07054566309284	253.44190982082495	349.3983630107215	-1000.0	-253.44190982082495	-357.78836301072147	0.0	0.0	0.0	214.07054566309284	1000.0	214.07054566309284	0.0	650.6016369892785	0.0	-214.07054566309284	1000.0	-999.9999999999999	357.78836301072147	8.39	357.78836301072147	-357.78836301072147	214.07054566309284
293	-677.8537719811877	1000.0	355.7075439623755	677.8537719811877	67.12263188712632	-1000.0	-677.8537719811877	67.12263188712632	142.63526377425262	-142.63526377425262	142.63526377425262	355.7075439623755	1000.0	213.0722801881228	142.63526377425262	932.8773681128737	142.63526377425262	-355.7075439623755	1000.0	-1000.0	-67.12263188712632	8.39	-67.12263188712632	67.12263188712632	355.70754396237527
294	-652.7459208820201	977.3344357977486	328.15740596629144	652.74592088202	7.137782101125708	-1000.0	-652.74592088202	-15.527782101125709	0.0	0.0	0.0	328.15740596629144	1000.0	328.15740596629144	0.0	992.8622178988743	0.0	-328.15740596629144	1000.0	-1000.0	15.527782101125695	8.39	15.527782101125709	-15.527782101125709	328.15740596629144
295	-155.82983234084918	102.54061468169846	209.11905000000047	155.82983234084918	524.8165353183015	-1000.0	-155.82983234084918	-372.6428499999988	160.56368531830128	-160.56368531830128	160.56368531830128	209.11905000000047	1000.0	48.55536468169864	160.56368531830128	475.1834646816985	160.56368531830128	-209.11905000000013	1000.0	-1000.0	372.64284999999927	8.39	372.6428499999995	-372.6428499999995	209.11904999999996
296	-221.38094957649048	233.64284915298094	209.11905000000047	221.38094957649048	393.7143008470191	-1000.0	-221.38094957649048	-372.6428499999988	29.46145084701915	-29.46145084701915	29.46145084701915	209.11905000000047	1000.0	179.65759915298088	29.46145084701915	606.2856991529809	29.46145084701915	-209.11905000000013	1000.0	-1000.0	372.64284999999927	8.39	372.6428499999995	-372.6428499999995	209.11904999999996
297	-666.6666666666666	1000.0	333.3333333333333	666.6666666666666	0.0	-798.9783119262275	-666.6666666666666	201.02168807377245	209.41168807377247	-209.41168807377247	209.41168807377247	333.3333333333333	798.9783119262275	123.9216452595609	209.41168807377247	798.9783119262275	209.41168807377247	-333.3333333333333	798.9783119262275	-798.9783119262275	-201.02168807377248	8.39	-201.02168807377245	201.02168807377245	333.33333333333337
298	-666.6666666666666	1000.0	333.3333333333333	666.6666666666666	0.0	-939.9018650941596	-666.6666666666666	60.098134905840354	68.48813490584035	-68.48813490584035	68.48813490584035	333.3333333333333	939.9018650941596	264.84519842749296	68.48813490584035	939.9018650941596	68.48813490584035	-333.3333333333333	939.9018650941596	-939.9018650941596	-60.09813490584039	8.39	-60.098134905840354	60.098134905840354	333.33333333333337
299	-666.6666666666666	1000.0	333.3333333333333	666.6666666666666	0.0	-935.2584955066282	-666.6666666666666	64.74150449337178	73.13150449337178	-73.13150449337178	73.13150449337178	333.3333333333333	935.2584955066282	260.20182883996154	73.13150449337178	935.2584955066282	73.13150449337178	-333.3333333333333	935.2584955066282	-935.2584955066282	-64.74150449337185	8.39	-64.74150449337178	64.74150449337178	333.3333333333334
300	-666.6666666666667	1000.0	333.33333333333337	666.6666666666667	0.0	-733.2768155004319	-666.6666666666667	266.7231844995682	275.1131844995682	-275.1131844995682	275.1131844995682	333.33333333333337	733.2768155004319	58.22014883376517	275.1131844995682	733.2768155004319	275.1131844995682	-333.33333333333337	733.2768155004319	-733.2768155004319	-266.7231844995681	8.39	-266.7231844995682	266.7231844995682	333.33333333333337
301	-366.94329663983666	487.3870799540058	246.49951332566764	366.94329663983666	252.1114600229971	-1000.0	-366.94329663983666	-260.5014600229971	0.0	0.0	0.0	246.49951332566764	1000.0	246.49951332566764	0.0	747.8885399770029	0.0	-246.49951332566764	1000.0	-1000.0	260.5014600229971	8.39	260.5014600229971	-260.5014600229971	246.49951332566764
302	-264.94831046122533	312.5385322192434	217.3580887032072	264.94831046122533	339.5357338903783	-1000.0	-264.94831046122533	-347.9257338903783	0.0	0.0	0.0	217.3580887032072	1000.0	217.35808870320724	0.0	660.4642661096217	0.0	-217.3580887032072	1000.0	-999.9999999999999	347.9257338903783	8.39	347.9257338903783	-347.9257338903783	217.35808870320727
303	-158.36327391290558	107.60749782581115	209.11905000000047	158.36327391290558	519.7496521741889	-1000.0	-158.36327391290558	-372.6428499999988	155.49680217418882	-155.49680217418882	155.49680217418882	209.11905000000047	1000.0	53.62224782581115	155.49680217418882	480.2503478258111	155.49680217418882	-209.11905000000013	1000.0	-1000.0	372.64284999999927	8.39	372.6428499999995	-372.6428499999995	209.11904999999996
304	-179.34809971199752	133.64516618666255	225.0510332373325	179.34809971199752	541.507933525335	-1000.0	-179.34809971199752	-324.84690028800253	225.0510332373325	-225.0510332373325	225.0510332373325	225.0510332373325	1000.0	0.0	225.0510332373325	458.4920664746651	225.0510332373325	-225.0510332373325	1000.0	-1000.0	324.84690028800253	8.39	324.84690028800253	-324.84690028800253	225.0510332373325
305	-559.0913924605729	816.7838156466966	301.3989692744494	559.0913924605728	87.41309217665173	-1000.0	-559.0913924605728	-95.80309217665173	0.0	0.0	0.0	301.3989692744494	1000.0	301.3989692744494	0.0	912.5869078233483	0.0	-301.3989692744494	1000.0	-1000.0	95.80309217665172	8.39	95.80309217665173	-95.80309217665173	301.3989692744494
306	-534.3061979448521	725.2419965747536	343.3703993149507	534.306197944852	304.86920137009855	-1000.0	-534.306197944852	30.111197944852165	343.3703993149507	-343.3703993149507	343.3703993149507	343.3703993149507	1000.0	0.0	343.3703993149507	695.1307986299014	343.3703993149507	-343.3703993149507	1000.0	-1000.0	-30.111197944852165	8.39	-30.111197944852165	30.111197944852165	343.37039931495093
307	-366.45356515157516	491.4014202021002	241.5057101010501	366.45356515157516	233.11571010105013	-724.5171303031503	-366.45356515157516	0.0	241.5057101010501	-241.5057101010501	241.5057101010501	241.5057101010501	724.5171303031503	0.0	241.5057101010501	491.4014202021002	241.5057101010501	-241.5057101010501	724.5171303031503	-724.5171303031503	0.0	8.39	0.0	0.0	241.5057101010501
308	-691.4994371834722	987.2307286391203	395.76814572782405	691.4994371834722	200.07370854435186	-1000.0	-691.4994371834722	187.3044371834722	395.76814572782405	-395.76814572782405	395.76814572782405	395.76814572782405	1000.0	0.0	395.76814572782405	799.9262914556482	395.76814572782405	-395.76814572782405	1000.0	-1000.0	-187.30443718347215	8.39	-187.3044371834722	187.3044371834722	395.76814572782405
309	-668.7083005536304	949.2455009227172	388.17110018454343	668.7083005536304	215.26779963091315	-1000.0	-668.7083005536304	164.5133005536303	388.17110018454343	-388.17110018454343	388.17110018454343	388.17110018454343	1000.0	0.0	388.17110018454343	784.7322003690869	388.17110018454343	-388.17110018454343	1000.0	-1000.0	-164.5133005536303	8.39	-164.5133005536303	164.5133005536303	388.17110018454355
310	-555.2129833391019	760.0866388985035	350.3393277797007	555.2129833391019	290.93134444059865	-1000.0	-555.2129833391019	51.017983339102045	350.3393277797007	-350.3393277797007	350.3393277797007	350.3393277797007	1000.0	0.0	350.3393277797007	709.0686555594013	350.3393277797007	-350.3393277797007	1000.0	-1000.0	-51.017983339102045	8.39	-51.017983339102045	51.017983339102045	350.3393277797006
311	-256.0163433032643	261.4255721721072	250.60711443442142	256.0163433032643	490.3957711311571	-1000.0	-256.0163433032643	-248.17865669673566	250.60711443442145	-250.60711443442145	250.60711443442145	250.60711443442145	1000.0	0.0	250.60711443442145	509.6042288688429	250.60711443442145	-250.60711443442142	1000.0	-1000.0	248.17865669673563	8.39	248.17865669673566	-248.17865669673566	250.6071144344215
312	-547.6972848672614	747.560474778769	347.8340949557538	547.6972848672613	295.9418100884924	-1000.0	-547.6972848672613	43.50228486726144	347.8340949557538	-347.8340949557538	347.8340949557538	347.8340949557538	1000.0	0.0	347.8340949557538	704.0581899115076	347.8340949557538	-347.8340949557538	1000.0	-999.9999999999999	-43.50228486726144	8.39	-43.50228486726144	43.50228486726144	347.8340949557538
313	-626.6766994223635	920.0200655113938	333.33333333333337	626.6766994223635	79.9799344886062	-1000.0	-626.6766994223635	0.0	88.36993448860623	-88.36993448860623	88.36993448860623	333.33333333333337	1000.0	244.96339884472715	88.36993448860623	920.0200655113938	88.36993448860623	-333.33333333333337	1000.0	-1000.0	0.0	8.39	0.0	0.0	333.33333333333326
314	-662.9427275875292	992.5521218417252	333.3333333333333	662.9427275875292	7.4478781582747615	-1000.0	-662.9427275875292	0.0	15.837878158274712	-15.837878158274712	15.837878158274712	333.3333333333333	1000.0	317.4954551750586	15.837878158274712	992.5521218417252	15.837878158274712	-333.3333333333333	1000.0	-1000.0	0.0	8.39	0.0	0.0	333.33333333333326
315	-483.93499671437405	648.0433289524988	319.82666447624933	483.93499671437405	311.43666447624935	-959.479993428748	-483.93499671437405	0.0	319.82666447624933	-319.82666447624933	319.82666447624933	319.82666447624933	959.479993428748	0.0	319.82666447624933	648.0433289524987	319.82666447624933	-319.82666447624933	959.479993428748	-959.4799934287481	0.0	8.39	0.0	0.0	319.82666447624945
316	-480.22002522817485	643.0900336375665	317.3500168187832	480.2200252281748	308.9600168187832	-952.0500504563496	-480.2200252281748	0.0	317.35001681878316	-317.35001681878316	317.35001681878316	317.3500168187832	952.0500504563496	0.0	317.35001681878316	643.0900336375665	317.35001681878316	-317.3500168187832	952.0500504563496	-952.0500504563496	0.0	8.39	0.0	0.0	317.35001681878316
317	-331.7407562831214	454.3624625662429	209.11905000000047	331.7407562831214	172.99468743375712	-627.3571499999999	-331.7407562831214	0.0	181.38468743375714	-181.38468743375714	181.38468743375714	209.11905000000047	627.3571499999999	27.73436256624285	181.38468743375714	454.3624625662429	181.38468743375714	-209.11905000000013	627.3571499999999	-627.3571499999999	0.0	8.39	0.0	0.0	209.11904999999996
318	-326.56583299525596	444.01261599051213	209.11905000000047	326.56583299525596	183.34453400948775	-627.3571499999998	-326.56583299525596	0.0	191.73453400948776	-191.73453400948776	191.73453400948776	209.11905000000047	627.3571499999998	17.38451599051217	191.73453400948776	444.01261599051213	191.73453400948776	-209.11905000000013	627.3571499999998	-627.3571499999998	0.0	8.39	0.0	0.0	209.11904999999996
319	-411.91633908050767	614.7136281610153	209.11905000000047	411.91633908050767	12.64352183898448	-627.3571499999998	-411.91633908050767	0.0	21.03352183898448	-21.03352183898448	21.03352183898448	209.11905000000047	627.3571499999998	188.08552816101547	21.03352183898448	614.7136281610153	21.03352183898448	-209.11905000000013	627.3571499999998	-627.3571499999998	0.0	8.39	0.0	0.0	209.11904999999996
320	-393.7597019187234	578.4003538374468	209.11905000000047	393.7597019187234	48.95679616255302	-627.3571499999998	-393.7597019187234	0.0	57.34679616255302	-57.34679616255302	57.34679616255302	209.11905000000047	627.3571499999998	151.77225383744693	57.34679616255302	578.4003538374468	57.34679616255302	-209.11905000000013	627.3571499999998	-627.3571499999998	0.0	8.39	0.0	0.0	209.11904999999996
321	-329.1533049890352	449.18755997807057	209.11905000000047	329.1533049890352	178.1695900219293	-627.3571499999998	-329.1533049890352	0.0	186.55959002192932	-186.55959002192932	186.55959002192932	209.11905000000047	627.3571499999998	22.559459978070606	186.55959002192932	449.18755997807057	186.55959002192932	-209.11905000000013	627.3571499999998	-627.3571499999998	0.0	8.39	0.0	0.0	209.11904999999996
322	-321.39609498052516	433.6731399610503	209.11905000000047	321.39609498052516	193.6840100389495	-627.3571499999998	-321.39609498052516	0.0	202.0740100389495	-202.0740100389495	202.0740100389495	209.11905000000047	627.3571499999998	7.045039961050463	202.0740100389495	433.6731399610503	202.0740100389495	-209.11905000000013	627.3571499999998	-627.3571499999998	0.0	8.39	0.0	0.0	209.11904999999996
323	-537.9719846270206	731.3516410450344	344.5923282090069	537.9719846270206	302.4253435819862	-1000.0	-537.9719846270206	33.776984627020624	344.59232820900684	-344.59232820900684	344.59232820900684	344.5923282090069	1000.0	0.0	344.59232820900684	697.5746564180138	344.59232820900684	-344.5923282090069	1000.0	-1000.0	-33.776984627020624	8.39	-33.776984627020624	33.776984627020624	344.59232820900706
324	-288.23866749216614	367.3582849843325	209.11905000000047	288.23866749216614	259.99886501566704	-686.6269650156668	-288.23866749216614	-59.26981501566718	209.1190499999999	-209.1190499999999	209.1190499999999	209.11905000000047	686.6269650156668	0.0	209.1190499999999	426.6281000000005	209.1190499999999	-209.11905000000013	686.6269650156668	-686.6269650156667	59.26981501566718	8.39	59.26981501566718	-59.26981501566718	209.11904999999996
325	-693.9114591554525	1000.0	387.822918310905	693.9114591554525	163.468754932715	-947.504591554525	-693.9114591554525	215.96416337818994	387.8229183109049	-387.822918310905	387.822918310905	387.822918310905	947.504591554525	0.0	387.822918310905	784.03583662181	387.822918310905	-387.822918310905	947.504591554525	-947.504591554525	-215.96416337819	8.39	-215.96416337818994	215.96416337818994	387.8229183109049
326	-274.42275250540047	292.10292084233424	256.7425841684668	274.42275250540047	478.1248316630664	-1000.0	-274.42275250540047	-229.77224749459958	256.7425841684668	-256.7425841684668	256.7425841684668	256.7425841684668	1000.0	0.0	256.7425841684668	521.8751683369337	256.7425841684668	-256.7425841684668	1000.0	-1000.0	229.77224749459947	8.39	229.77224749459958	-229.77224749459958	256.7425841684667
327	-565.0263827632162	796.719432193099	333.3333333333333	565.0263827632162	203.28056780690088	-1000.0	-565.0263827632162	0.0	211.67056780690086	-211.67056780690086	211.67056780690086	333.3333333333333	1000.0	121.66276552643247	211.67056780690086	796.7194321930991	211.67056780690086	-333.3333333333333	1000.0	-999.9999999999999	0.0	8.39	0.0	0.0	333.33333333333354
328	-173.75554280390804	138.39203560781607	209.11905000000047	173.75554280390804	488.965114392184	-1000.0	-173.75554280390804	-372.6428499999988	124.7122643921839	-124.7122643921839	124.7122643921839	209.11905000000047	1000.0	84.40678560781606	124.7122643921839	511.034885607816	124.7122643921839	-209.11905000000013	1000.0	-1000.0	372.64284999999927	8.39	372.6428499999995	-372.6428499999995	209.11904999999996
329	-212.97692192008344	216.83479384016687	209.11905000000047	212.97692192008344	410.5223561598334	-1000.0	-212.97692192008344	-372.6428499999988	46.269506159833554	-46.269506159833554	46.269506159833554	209.11905000000047	1000.0	162.84954384016652	46.269506159833554	589.4776438401666	46.269506159833554	-209.11905000000013	1000.0	-1000.0	372.64284999999927	8.39	372.6428499999995	-372.6428499999995	209.11904999999996
330	-419.4898700861212	533.8814501435353	305.0982900287071	419.4898700861212	381.41341994258585	-1000.0	-419.4898700861212	-84.70512991387875	305.0982900287071	-305.0982900287071	305.0982900287071	305.0982900287071	1000.0	0.0	305.0982900287071	618.5865800574142	305.0982900287071	-305.0982900287071	1000.0	-999.9999999999999	84.70512991387886	8.39	84.70512991387875	-84.70512991387875	305.098290028707
331	-305.43198508967316	343.78497514945525	267.0789950298911	305.43198508967316	457.4520099402179	-1000.0	-305.43198508967316	-198.76301491032694	267.07899502989096	-267.07899502989096	267.07899502989096	267.0789950298911	1000.0	0.0	267.07899502989096	542.547990059782	267.07899502989096	-267.0789950298911	1000.0	-1000.0	198.76301491032683	8.39	198.76301491032694	-198.76301491032694	267.0789950298912
332	-470.9152690994723	619.5904484991205	322.2400896998241	470.9152690994723	347.12982060035176	-1000.0	-470.9152690994723	-33.279730900527625	322.2400896998241	-322.2400896998241	322.2400896998241	322.2400896998241	1000.0	0.0	322.2400896998241	652.8701793996482	322.2400896998241	-322.2400896998241	1000.0	-999.9999999999999	33.27973090052774	8.39	33.279730900527625	-33.279730900527625	322.240089699824
333	-654.7940400057561	926.0550666762604	383.53301333525206	654.7940400057561	224.54397332949588	-1000.0	-654.7940400057561	150.59904000575614	383.533013335252	-383.533013335252	383.533013335252	383.53301333525206	1000.0	0.0	383.533013335252	775.4560266705041	383.533013335252	-383.53301333525206	1000.0	-1000.0	-150.59904000575625	8.39	-150.59904000575614	150.59904000575614	383.533013335252
334	-461.9849704774417	604.7066174624028	319.2633234924806	461.9849704774417	353.0833530150388	-1000.0	-461.9849704774417	-42.210029522558216	319.2633234924806	-319.2633234924806	319.2633234924806	319.2633234924806	1000.0	0.0	319.2633234924806	646.9166469849611	319.2633234924806	-319.2633234924806	1000.0	-1000.0	42.210029522558216	8.39	42.210029522558216	-42.210029522558216	319.2633234924806
335	-188.94009124994136	168.76113249988293	209.11905000000047	188.94009124994136	458.5960175001168	-885.2241175001166	-188.94009124994142	-257.86696750011686	209.1190499999999	-209.1190499999999	209.1190499999999	209.11905000000047	885.2241175001166	0.0	209.1190499999999	426.6281000000005	209.1190499999999	-209.11905000000013	885.2241175001166	-885.2241175001167	257.86696750011686	8.39	257.86696750011686	-257.86696750011686	209.11904999999996
336	-426.64910720012375	545.8135120002062	307.4847024000412	426.6491072001237	376.6405951999176	-1000.0	-426.6491072001237	-77.54589279987636	307.4847024000412	-307.4847024000412	307.4847024000412	307.4847024000412	1000.0	0.0	307.4847024000412	623.3594048000824	307.4847024000412	-307.4847024000412	1000.0	-1000.0	77.54589279987624	8.39	77.54589279987636	-77.54589279987636	307.4847024000412
337	-186.1248323240053	163.13061464801058	209.11905000000047	186.1248323240053	464.22653535198947	-1000.0	-186.1248323240053	-372.6428499999988	99.97368535198939	-99.97368535198939	99.97368535198939	209.11905000000047	1000.0	109.1453646480106	99.97368535198939	535.7734646480105	99.97368535198939	-209.11905000000013	1000.0	-1000.0	372.64284999999927	8.39	372.6428499999995	-372.6428499999995	209.11904999999996
338	-188.17626671765595	167.233483435312	209.11905000000047	188.17626671765595	460.12366656468805	-1000.0	-188.17626671765595	-372.6428499999988	95.87081656468797	-95.87081656468797	95.87081656468797	209.11905000000047	1000.0	113.24823343531203	95.87081656468797	539.876333435312	95.87081656468797	-209.11905000000013	1000.0	-999.9999999999999	372.64284999999927	8.39	372.6428499999995	-372.6428499999995	209.11904999999996
339	-179.9746566125433	150.83026322508658	209.11905000000047	179.9746566125433	476.52688677491346	-1000.0	-179.9746566125433	-372.6428499999988	112.27403677491338	-112.27403677491338	112.27403677491338	209.11905000000047	1000.0	96.84501322508657	112.27403677491338	523.4731132250865	112.27403677491338	-209.11905000000013	1000.0	-1000.0	372.64284999999927	8.39	372.6428499999995	-372.6428499999995	209.11904999999996
340	-298.37110755074923	332.01684591791536	264.72536918358304	298.37110755074923	462.15926163283393	-1000.0	-298.37110755074923	-205.82389244925082	264.7253691835831	-264.7253691835831	264.7253691835831	264.72536918358304	1000.0	0.0	264.7253691835831	537.8407383671661	264.7253691835831	-264.72536918358304	1000.0	-1000.0	205.8238924492507	8.39	205.82389244925082	-205.82389244925082	264.7253691835831
341	-175.89381325522197	142.66857651044393	209.11905000000047	175.89381325522197	484.6885734895561	-1000.0	-175.89381325522197	-372.6428499999988	120.43572348955604	-120.43572348955604	120.43572348955604	209.11905000000047	1000.0	88.68332651044392	120.43572348955604	515.3114265104439	120.43572348955604	-209.11905000000013	1000.0	-1000.0	372.64284999999927	8.39	372.6428499999995	-372.6428499999995	209.11904999999996
342	-293.5999498248073	378.08084964961483	209.11905000000047	293.59994982480725	249.27630035038464	-675.9044003503842	-293.5999498248073	-48.54725035038484	209.1190499999998	-209.1190499999998	209.1190499999998	209.11905000000047	675.9044003503842	0.0	209.1190499999998	426.6281000000005	209.1190499999998	-209.11905000000013	675.9044003503842	-675.9044003503842	48.54725035038473	8.39	48.54725035038484	-48.54725035038484	209.11904999999996
343	-290.08933661920815	371.0596232384165	209.11905000000047	290.0893366192081	256.29752676158296	-682.9256267615825	-290.08933661920815	-55.568476761583156	209.1190499999998	-209.1190499999998	209.1190499999998	209.11905000000047	682.9256267615825	0.0	209.1190499999998	426.6281000000005	209.1190499999998	-209.11905000000013	682.9256267615825	-682.9256267615825	55.56847676158304	8.39	55.568476761583156	-55.568476761583156	209.11904999999996
344	-208.8859029550223	208.65275591004468	209.11905000000047	208.8859029550223	418.7043940899554	-845.3324940899552	-208.8859029550223	-217.97534408995546	209.1190499999999	-209.1190499999999	209.1190499999999	209.11905000000047	845.3324940899552	0.0	209.1190499999999	426.6281000000005	209.1190499999999	-209.11905000000013	845.3324940899552	-845.332494089955	217.97534408995512	8.39	217.97534408995546	-217.97534408995546	209.11904999999996
345	-244.6332727286175	280.1474954572351	209.11905000000047	244.6332727286175	347.2096545427647	-773.8377545427645	-244.6332727286175	-146.4806045427648	209.1190499999999	-209.1190499999999	209.1190499999999	209.11905000000047	773.8377545427645	0.0	209.1190499999999	426.6281000000005	209.1190499999999	-209.11905000000013	773.8377545427645	-773.8377545427646	146.4806045427647	8.39	146.4806045427648	-146.4806045427648	209.11904999999996
346	-283.0891318439721	357.0592136879442	209.11905000000047	283.08913184397215	270.297936312056	-696.926036312056	-283.0891318439721	-69.56888631205595	209.11905000000002	-209.11905000000002	209.11905000000002	209.11905000000047	696.926036312056	0.0	209.11905000000002	426.6281000000005	209.11905000000002	-209.11905000000013	696.926036312056	-696.926036312056	69.56888631205584	8.39	69.56888631205595	-69.56888631205595	209.11904999999996
347	-205.3909574136045	201.6628648272091	209.11905000000047	205.3909574136045	425.6942851727907	-852.3223851727905	-205.3909574136045	-224.9652351727908	209.1190499999999	-209.1190499999999	209.1190499999999	209.11905000000047	852.3223851727905	0.0	209.1190499999999	426.6281000000005	209.1190499999999	-209.11905000000013	852.3223851727905	-852.3223851727906	224.9652351727907	8.39	224.9652351727908	-224.9652351727908	209.11904999999996
348	-230.70434412631312	252.2896382526261	209.11905000000047	230.70434412631312	375.06751174737394	-1000.0	-230.70434412631312	-372.6428499999988	10.814661747373954	-10.814661747373954	10.814661747373954	209.11905000000047	1000.0	198.30438825262604	10.814661747373954	624.9324882526261	10.814661747373954	-209.11905000000013	1000.0	-999.9999999999999	372.64284999999927	8.39	372.6428499999995	-372.6428499999995	209.11904999999996
349	-384.1101898558421	514.9435864744562	253.27679323722805	384.1101898558421	244.88679323722806	-759.8303797116843	-384.1101898558421	0.0	253.27679323722805	-253.27679323722805	253.27679323722805	253.27679323722805	759.8303797116843	0.0	253.27679323722805	514.9435864744562	253.27679323722805	-253.27679323722805	759.8303797116843	-759.8303797116844	0.0	8.39	0.0	0.0	253.27679323722816
350	-387.59283015929685	519.5871068790625	255.5985534395312	387.5928301592969	247.20855343953122	-766.7956603185936	-387.59283015929685	0.0	255.5985534395312	-255.5985534395312	255.5985534395312	255.5985534395312	766.7956603185936	0.0	255.5985534395312	519.5871068790624	255.5985534395312	-255.5985534395312	766.7956603185936	-766.7956603185936	0.0	8.39	0.0	0.0	255.5985534395312
351	-588.8489847097228	844.3646360861122	333.33333333333326	588.8489847097228	155.63536391388797	-1000.0	-588.8489847097228	0.0	164.025363913888	-164.025363913888	164.025363913888	333.33333333333326	1000.0	169.30796941944539	164.025363913888	844.364636086112	164.025363913888	-333.33333333333326	1000.0	-999.9999999999999	0.0	8.39	0.0	0.0	333.3333333333335
352	-572.4990759512095	811.6648185690858	333.3333333333333	572.4990759512095	188.33518143091408	-1000.0	-572.4990759512095	0.0	196.72518143091406	-196.72518143091406	196.72518143091406	333.3333333333333	1000.0	136.60815190241928	196.72518143091406	811.6648185690859	196.72518143091406	-333.3333333333333	1000.0	-999.9999999999999	0.0	8.39	0.0	0.0	333.33333333333326
353	-394.60899491069154	528.9419932142554	260.2759966071276	394.60899491069154	251.88599660712762	-780.827989821383	-394.6089949106915	0.0	260.2759966071276	-260.2759966071276	260.2759966071276	260.2759966071276	780.827989821383	0.0	260.2759966071276	528.9419932142554	260.2759966071276	-260.2759966071276	780.827989821383	-780.8279898213831	0.0	8.39	0.0	0.0	260.2759966071276
354	-590.8417468075821	848.3501602818309	333.33333333333337	590.8417468075821	151.64983971816923	-1000.0	-590.8417468075821	0.0	160.03983971816922	-160.03983971816922	160.03983971816922	333.33333333333337	1000.0	173.29349361516415	160.03983971816922	848.3501602818308	160.03983971816922	-333.33333333333337	1000.0	-1000.0	0.0	8.39	0.0	0.0	333.33333333333337
355	-281.15714544193395	303.3269090698899	258.987381813978	281.15714544193395	473.63523637204406	-1000.0	-281.15714544193395	-223.03785455806604	258.987381813978	-258.987381813978	258.987381813978	258.987381813978	1000.0	0.0	258.987381813978	526.3647636279559	258.987381813978	-258.987381813978	1000.0	-1000.0	223.03785455806604	8.39	223.03785455806604	-223.03785455806604	258.987381813978
356	-542.3930820122688	751.4528306912043	333.3333333333333	542.3930820122688	248.54716930879567	-1000.0	-542.3930820122688	0.0	256.93716930879566	-256.93716930879566	256.93716930879566	333.3333333333333	1000.0	76.39616402453761	256.93716930879566	751.4528306912043	256.93716930879566	-333.3333333333333	1000.0	-1000.0	0.0	8.39	0.0	0.0	333.3333333333335
357	-645.1917657526785	957.0501981720238	333.3333333333333	645.1917657526785	42.949801827976216	-1000.0	-645.1917657526785	0.0	51.3398018279762	-51.3398018279762	51.3398018279762	333.3333333333333	1000.0	281.9935315053571	51.3398018279762	957.0501981720238	51.3398018279762	-333.3333333333333	1000.0	-1000.0	0.0	8.39	0.0	0.0	333.33333333333337
358	-544.3623527676796	755.3913722020257	333.33333333333337	544.3623527676796	244.60862779797435	-1000.0	-544.3623527676796	0.0	252.99862779797434	-252.99862779797434	252.99862779797434	333.33333333333337	1000.0	80.33470553535899	252.99862779797434	755.3913722020257	252.99862779797434	-333.33333333333337	1000.0	-1000.0	0.0	8.39	0.0	0.0	333.33333333333314
359	-349.2125018727819	468.4133358303759	230.0116679151879	349.2125018727819	221.62166791518794	-690.0350037455638	-349.2125018727819	0.0	230.0116679151879	-230.0116679151879	230.0116679151879	230.0116679151879	690.0350037455638	0.0	230.0116679151879	468.4133358303759	230.0116679151879	-230.0116679151879	690.0350037455638	-690.0350037455638	0.0	8.39	0.0	0.0	230.011667915188
360	-409.04040925670733	548.1838790089431	269.89693950447156	409.04040925670733	261.5069395044716	-809.6908185134147	-409.0404092567073	0.0	269.89693950447156	-269.89693950447156	269.89693950447156	269.89693950447156	809.6908185134147	0.0	269.89693950447156	548.1838790089431	269.89693950447156	-269.89693950447156	809.6908185134147	-809.6908185134147	0.0	8.39	0.0	0.0	269.89693950447156
361	-312.79564372299046	416.47223744598114	209.11905000000047	312.79564372299046	210.88491255401877	-637.5130125540186	-312.7956437229905	-10.155862554018881	209.1190499999999	-209.1190499999999	209.1190499999999	209.11905000000047	637.5130125540186	0.0	209.1190499999999	426.6281000000005	209.1190499999999	-209.11905000000013	637.5130125540186	-637.5130125540185	10.155862554018654	8.39	10.155862554018881	-10.155862554018881	209.11904999999996
362	-162.40098565951658	115.68292131903314	209.11905000000047	162.40098565951655	511.6742286809671	-938.3023286809671	-162.40098565951658	-310.94517868096705	209.11905000000002	-209.11905000000002	209.11905000000002	209.11905000000047	938.3023286809671	0.0	209.11905000000002	426.6281000000005	209.11905000000002	-209.11905000000013	938.3023286809671	-938.3023286809672	310.94517868096693	8.39	310.94517868096705	-310.94517868096705	209.11904999999996
363	-201.49118661249145	193.8633232249829	209.11905000000047	201.49118661249145	433.49382677501706	-860.1219267750171	-201.49118661249145	-232.76477677501703	209.11905000000002	-209.11905000000002	209.11905000000002	209.11905000000047	860.1219267750171	0.0	209.11905000000002	426.6281000000005	209.11905000000002	-209.11905000000013	860.1219267750171	-860.1219267750172	232.76477677501714	8.39	232.76477677501703	-232.76477677501703	209.11904999999996
364	-695.8216139687788	994.4343566146313	397.20887132292626	695.8216139687788	197.1922573541475	-1000.0	-695.8216139687788	191.62661396877877	397.20887132292626	-397.20887132292626	397.20887132292626	397.20887132292626	1000.0	0.0	397.20887132292626	802.8077426458525	397.20887132292626	-397.20887132292626	1000.0	-999.9999999999999	-191.62661396877877	8.39	-191.62661396877877	191.62661396877877	397.20887132292637
365	-692.0975734717236	1000.0	384.1951469434473	692.0975734717236	152.5854408303419	-929.3657347172365	-692.0975734717236	223.21970611310542	384.1951469434473	-384.1951469434473	384.1951469434473	384.1951469434473	929.3657347172365	0.0	384.1951469434473	776.7802938868946	384.1951469434473	-384.1951469434473	929.3657347172365	-929.3657347172365	-223.21970611310542	8.39	-223.21970611310542	223.21970611310542	384.1951469434473
366	-558.7806775149859	838.1710162724788	279.39033875749294	558.7806775149859	0.0	-567.1706775149859	-558.7806775149859	271.00033875749295	279.39033875749294	-279.39033875749294	279.39033875749294	279.39033875749294	567.1706775149859	0.0	279.39033875749294	567.1706775149859	279.39033875749294	-279.39033875749294	567.1706775149859	-567.1706775149859	-271.00033875749295	8.39	-271.00033875749295	271.00033875749295	279.39033875749294
367	-679.248803410958	1000.0	358.49760682191607	679.248803410958	75.4928204657482	-800.8780341095803	-679.248803410958	274.6147863561679	358.49760682191607	-358.49760682191607	358.49760682191607	358.49760682191607	800.8780341095803	0.0	358.49760682191607	725.3852136438321	358.49760682191607	-358.49760682191607	800.8780341095803	-800.8780341095802	-274.6147863561679	8.39	-274.6147863561679	274.6147863561679	358.49760682191607
368	-676.3452766291892	1000.0	352.6905532583785	676.3452766291892	58.07165977513546	-771.8427662918924	-676.3452766291892	286.22889348324304	352.6905532583785	-352.6905532583785	352.6905532583785	352.6905532583785	771.8427662918924	0.0	352.6905532583785	713.771106516757	352.6905532583785	-352.6905532583785	771.8427662918924	-771.8427662918924	-286.22889348324304	8.39	-286.22889348324304	286.22889348324304	352.6905532583785
369	-474.22399517695294	711.3359927654294	237.11199758847647	474.22399517695294	0.0	-482.6139951769529	-474.22399517695294	228.72199758847648	237.11199758847647	-237.11199758847647	237.11199758847647	237.11199758847647	482.6139951769529	0.0	237.11199758847647	482.6139951769529	237.11199758847647	-237.11199758847647	482.6139951769529	-482.6139951769529	-228.72199758847648	8.39	-228.72199758847648	228.72199758847648	237.11199758847644
370	-690.7172546970332	1000.0	381.4345093940665	690.7172546970332	144.3035281821994	-915.5625469703323	-690.7172546970332	228.74098121186717	381.4345093940665	-381.4345093940665	381.4345093940665	381.4345093940665	915.5625469703323	0.0	381.4345093940665	771.2590187881328	381.4345093940665	-381.4345093940665	915.5625469703323	-915.5625469703323	-228.7409812118671	8.39	-228.74098121186717	228.74098121186717	381.4345093940665
371	-669.3856088257061	1000.0	338.7712176514121	669.385608825706	16.313652954236204	-1000.0	-669.385608825706	16.313652954236225	41.01730590847243	-41.01730590847243	41.01730590847243	338.7712176514121	1000.0	297.75391174293964	41.01730590847243	983.6863470457638	41.01730590847243	-338.7712176514121	1000.0	-1000.0	-16.313652954236204	8.39	-16.313652954236225	16.313652954236225	338.77121765141214
372	-670.0741961013134	1000.0	340.14839220262695	670.0741961013134	20.445176607881102	-1000.0	-670.0741961013134	20.44517660788108	49.28035321576215	-49.28035321576215	49.28035321576215	340.14839220262695	1000.0	290.86803898686486	49.28035321576215	979.5548233921189	49.28035321576215	-340.14839220262695	1000.0	-1000.0	-20.445176607881102	8.39	-20.44517660788108	20.44517660788108	340.14839220262695
373	-671.3512682874245	1000.0	342.702536574849	671.3512682874245	28.107609724547157	-721.902682874245	-671.3512682874245	306.2049268503019	342.702536574849	-342.702536574849	342.702536574849	342.702536574849	721.902682874245	0.0	342.702536574849	693.7950731496979	342.702536574849	-342.702536574849	721.902682874245	-721.902682874245	-306.20492685030206	8.39	-306.2049268503019	306.2049268503019	342.70253657484886
374	-666.6666666666666	1000.0	333.3333333333333	666.6666666666665	0.0	-971.926559402573	-666.6666666666665	28.07344059742696	36.46344059742696	-36.46344059742696	36.46344059742696	333.3333333333333	971.926559402573	296.86989273590643	36.46344059742696	971.926559402573	36.46344059742696	-333.3333333333333	971.926559402573	-971.926559402573	-28.073440597426952	8.39	-28.07344059742696	28.07344059742696	333.33333333333326
375	-666.6666666666666	1000.0	333.33333333333326	666.6666666666666	0.0	-986.640511736456	-666.6666666666666	13.359488263543994	21.74948826354398	-21.74948826354398	21.74948826354398	333.33333333333326	986.640511736456	311.58384506978933	21.74948826354398	986.640511736456	21.74948826354398	-333.33333333333326	986.640511736456	-986.640511736456	-13.359488263544032	8.39	-13.359488263543994	13.359488263543994	333.33333333333337
376	-695.8038396133383	1000.0	391.60767922667645	695.8038396133381	174.82303768002913	-966.428396133382	-695.8038396133381	208.39464154664716	391.6076792266763	-391.6076792266763	391.6076792266763	391.60767922667645	966.428396133382	0.0	391.6076792266763	791.6053584533529	391.6076792266763	-391.60767922667645	966.428396133382	-966.428396133382	-208.39464154664716	8.39	-208.39464154664716	208.39464154664716	391.6076792266763
377	-243.69353997700307	240.8875666283384	246.49951332566766	243.69353997700307	498.6109733486647	-1000.0	-243.69353997700307	-260.5014600229971	246.49951332566764	-246.49951332566766	246.49951332566766	246.49951332566766	1000.0	0.0	246.49951332566766	501.38902665133537	246.49951332566766	-246.49951332566766	1000.0	-1000.0	260.501460022997	8.39	260.5014600229971	-260.5014600229971	246.4995133256675
378	-264.964044824344	276.3384080405732	253.5896816081147	264.964044824344	484.43063678377075	-1000.0	-264.96404482434394	-239.2309551756562	253.5896816081147	-253.5896816081147	253.5896816081147	253.5896816081147	1000.0	0.0	253.5896816081147	515.5693632162292	253.5896816081147	-253.5896816081147	1000.0	-1000.0	239.23095517565605	8.39	239.2309551756562	-239.2309551756562	253.5896816081147
379	-577.8518084634915	822.3702835936494	333.33333333333337	577.8518084634915	177.62971640635055	-1000.0	-577.8518084634915	0.0	186.01971640635054	-186.01971640635054	186.01971640635054	333.33333333333337	1000.0	147.31361692698272	186.01971640635054	822.3702835936494	186.01971640635054	-333.33333333333337	1000.0	-1000.0	0.0	8.39	0.0	0.0	333.33333333333337
380	-319.6437725162554	428.9883633550073	210.29918167750358	319.64377251625535	201.90918167750362	-630.8975450325108	-319.64377251625535	0.0	210.2991816775036	-210.2991816775036	210.2991816775036	210.29918167750358	630.8975450325108	0.0	210.2991816775036	428.9883633550073	210.2991816775036	-210.29918167750358	630.8975450325108	-630.8975450325108	0.0	8.39	0.0	0.0	210.2991816775036
381	-370.2988662703066	531.4786825406131	209.11905000000047	370.2988662703066	95.87846745938657	-627.3571499999998	-370.2988662703066	0.0	104.26846745938657	-104.26846745938657	104.26846745938657	209.11905000000047	627.3571499999998	104.85058254061337	104.26846745938657	531.4786825406131	104.26846745938657	-209.11905000000013	627.3571499999998	-627.3571499999998	0.0	8.39	0.0	0.0	209.11904999999996
382	-505.1214942394174	676.9096551455013	333.33333333333337	505.1214942394174	323.09034485449865	-1000.0	-505.1214942394174	0.0	331.48034485449864	-331.48034485449864	331.48034485449864	333.33333333333337	1000.0	1.8529884788346938	331.48034485449864	676.9096551455013	331.48034485449864	-333.33333333333337	1000.0	-1000.0	0.0	8.39	0.0	0.0	333.3333333333335
383	-426.70285357212776	571.733804762837	281.6719023814185	426.70285357212776	273.2819023814185	-845.0157071442554	-426.70285357212776	0.0	281.6719023814185	-281.6719023814185	281.6719023814185	281.6719023814185	845.0157071442554	0.0	281.6719023814185	571.7338047628369	281.6719023814185	-281.6719023814185	845.0157071442554	-845.0157071442555	0.0	8.39	0.0	0.0	281.6719023814185
384	-510.69496706827925	688.0566008032253	333.33333333333326	510.69496706827925	311.94339919677475	-1000.0	-510.69496706827925	0.0	320.33339919677474	-320.33339919677474	320.33339919677474	333.3333333333333	1000.0	12.99993413655864	320.33339919677474	688.0566008032253	320.33339919677474	-333.33333333333326	1000.0	-1000.0	0.0	8.39	0.0	0.0	333.33333333333337
385	-669.379245196696	1000.0	338.7584903933922	669.379245196696	16.275471180176506	-702.1824519669609	-669.379245196696	314.0930192132157	338.7584903933922	-338.7584903933922	338.7584903933922	338.7584903933922	702.1824519669609	0.0	338.7584903933922	685.9069807867844	338.7584903933922	-338.7584903933922	702.1824519669609	-702.1824519669609	-314.0930192132156	8.39	-314.0930192132157	314.0930192132157	338.7584903933922
386	-392.0253859182326	488.10730986372084	295.9434619727442	392.0253859182326	399.7230760545116	-1000.0	-392.02538591823253	-112.16961408176735	295.9434619727442	-295.9434619727442	295.9434619727442	295.9434619727442	1000.0	0.0	295.9434619727442	600.2769239454883	295.9434619727442	-295.9434619727442	1000.0	-1000.0	112.16961408176746	8.39	112.16961408176735	-112.16961408176735	295.9434619727442
387	-335.5145470518532	393.92257841975527	277.10651568395105	335.51454705185324	437.3969686320979	-1000.0	-335.51454705185324	-168.6804529481468	277.1065156839511	-277.1065156839511	277.1065156839511	277.10651568395105	1000.0	0.0	277.1065156839511	562.6030313679021	277.1065156839511	-277.10651568395105	1000.0	-1000.0	168.6804529481468	8.39	168.6804529481468	-168.6804529481468	277.1065156839511
388	-341.8076871948491	404.41114532474853	279.2042290649497	341.8076871948491	433.2015418701006	-1000.0	-341.8076871948491	-162.38731280515094	279.2042290649497	-279.2042290649497	279.2042290649497	279.2042290649497	1000.0	0.0	279.2042290649497	566.7984581298995	279.2042290649497	-279.2042290649497	1000.0	-1000.0	162.38731280515088	8.39	162.38731280515094	-162.38731280515094	279.2042290649499
389	-625.3562764186779	876.9921273644633	373.72042547289266	625.3562764186779	244.1691490542147	-1000.0	-625.3562764186779	121.16127641867797	373.72042547289266	-373.72042547289266	373.72042547289266	373.72042547289266	1000.0	0.0	373.72042547289266	755.8308509457853	373.72042547289266	-373.72042547289266	1000.0	-1000.0	-121.16127641867797	8.39	-121.16127641867797	121.16127641867797	373.72042547289277
390	-168.30173754028078	127.48442508056132	209.11905000000047	168.30173754028078	499.8727249194382	-926.500824919438	-168.3017375402808	-299.14367491943824	209.11904999999996	-209.11904999999996	209.11904999999996	209.11905000000047	926.500824919438	0.0	209.11904999999996	426.6281000000005	209.11904999999996	-209.11905000000013	926.500824919438	-926.500824919438	299.14367491943835	8.39	299.14367491943824	-299.14367491943824	209.11904999999996
391	-621.9268892600135	871.2764821000222	372.5772964200045	621.9268892600135	246.45540715999107	-1000.0	-621.9268892600135	117.73188926001342	372.5772964200045	-372.5772964200045	372.5772964200045	372.5772964200045	1000.0	0.0	372.5772964200045	753.5445928400089	372.5772964200045	-372.5772964200045	1000.0	-1000.0	-117.7318892600133	8.39	-117.73188926001342	117.73188926001342	372.5772964200045
392	-196.00544477834092	161.4074079639015	230.60348159278033	196.00544477834092	530.4030368144394	-1000.0	-196.00544477834092	-308.189555221659	230.60348159278033	-230.60348159278033	230.60348159278033	230.60348159278033	1000.0	0.0	230.60348159278033	469.5969631855605	230.60348159278033	-230.60348159278033	1000.0	-1000.0	308.189555221659	8.39	308.189555221659	-308.189555221659	230.60348159278033
393	-682.1642846733383	1000.0	364.3285693466767	682.1642846733383	92.98570804003019	-830.0328467333836	-682.1642846733383	262.9528613066465	364.3285693466767	-364.3285693466767	364.3285693466767	364.3285693466767	830.0328467333836	0.0	364.3285693466767	737.0471386933534	364.3285693466767	-364.3285693466767	830.0328467333836	-830.0328467333836	-262.9528613066466	8.39	-262.9528613066465	262.9528613066465	364.3285693466767
394	-670.4417513293131	1000.0	340.8835026586261	670.4417513293131	22.65050797587827	-1000.0	-670.4417513293131	22.650507975878256	53.691015951756526	-53.691015951756526	53.691015951756526	340.8835026586261	1000.0	287.19248670686954	53.691015951756526	977.3494920241217	53.691015951756526	-340.8835026586261	1000.0	-1000.0	-22.65050797587827	8.39	-22.650507975878256	22.650507975878256	340.88350265862607
395	-567.9042937177348	851.8564405766023	283.9521468588674	567.9042937177348	0.0	-576.2942937177348	-567.9042937177348	275.56214685886744	283.9521468588674	-283.9521468588674	283.9521468588674	283.9521468588674	576.2942937177348	0.0	283.9521468588674	576.2942937177348	283.9521468588674	-283.9521468588674	576.2942937177348	-576.2942937177348	-275.56214685886744	8.39	-275.56214685886744	275.56214685886744	283.9521468588674
396	-666.6666666666667	1000.0	333.33333333333337	666.6666666666667	0.0	-946.6952170673195	-666.6666666666667	53.30478293268054	61.69478293268054	-61.69478293268054	61.69478293268054	333.33333333333337	946.6952170673195	271.63855040065283	61.69478293268054	946.6952170673195	61.69478293268054	-333.33333333333337	946.6952170673195	-946.6952170673195	-53.30478293268053	8.39	-53.30478293268054	53.30478293268054	333.33333333333337
397	-268.0707470632061	327.0224441264122	209.11905000000047	268.0707470632061	300.3347058735877	-726.9628058735877	-268.0707470632061	-99.6056558735877	209.11905000000002	-209.11905000000002	209.11905000000002	209.11905000000047	726.9628058735877	0.0	209.11905000000002	426.6281000000005	209.11905000000002	-209.11905000000013	726.9628058735877	-726.9628058735876	99.6056558735878	8.39	99.6056558735877	-99.6056558735877	209.11904999999996
398	-134.05721664278508	58.9953832855701	209.11905000000047	134.05721664278508	568.3617667144298	-994.9898667144298	-134.05721664278508	-367.63271671442976	209.11905000000002	-209.11905000000002	209.11905000000002	209.11905000000047	994.9898667144298	0.0	209.11905000000002	426.6281000000005	209.11905000000002	-209.11905000000013	994.9898667144298	-994.9898667144299	367.6327167144299	8.39	367.63271671442976	-367.63271671442976	209.11904999999996
399	-444.2557463508319	619.9227080299976	268.58878467166625	444.2557463508318	185.84364598500122	-1000.0	-444.2557463508318	-194.2336459850012	0.0	0.0	0.0	268.58878467166625	1000.0	268.58878467166625	0.0	814.1563540149988	0.0	-268.58878467166625	1000.0	-1000.0	194.2336459850012	8.39	194.2336459850012	-194.2336459850012	268.58878467166625
400	-306.09086669593717	383.0686286216066	229.1131047702678	306.09086669593717	304.27068568919674	-1000.0	-306.0908666959372	-312.6606856891967	0.0	0.0	0.0	229.11310477026777	1000.0	229.11310477026777	0.0	695.7293143108033	0.0	-229.1131047702678	1000.0	-1000.0	312.6606856891966	8.39	312.6606856891967	-312.6606856891967	229.1131047702677
401	-600.5579310196832	900.8368965295249	300.27896550984156	600.5579310196832	0.0	-909.2268965295249	-600.5579310196832	-8.39	0.0	0.0	0.0	300.2789655098416	909.2268965295249	300.2789655098416	0.0	909.2268965295249	0.0	-300.27896550984156	909.2268965295249	-909.2268965295249	8.389999999999986	8.39	8.39	-8.39	300.2789655098417
402	-596.5444669026682	894.8167003540023	298.27223345133416	596.5444669026682	0.0	-903.2067003540022	-596.5444669026682	-8.39	0.0	0.0	0.0	298.2722334513341	903.2067003540022	298.2722334513341	0.0	903.2067003540022	0.0	-298.27223345133416	903.2067003540022	-903.2067003540022	8.389999999999986	8.39	8.39	-8.39	298.272233451334
403	-477.26290134107643	676.5064022989881	278.0194003831647	477.2629013410765	157.55179885050595	-1000.0	-477.2629013410765	-165.94179885050596	0.0	0.0	0.0	278.0194003831647	1000.0	278.0194003831647	0.0	842.448201149494	0.0	-278.0194003831647	1000.0	-1000.0	165.94179885050596	8.39	165.94179885050596	-165.94179885050596	278.0194003831647
404	-497.15824066883835	710.6126982894372	283.70378304823953	497.15824066883835	140.49865085528143	-1000.0	-497.15824066883835	-148.8886508552814	0.0	0.0	0.0	283.70378304823953	1000.0	283.70378304823953	0.0	859.5013491447186	0.0	-283.70378304823953	1000.0	-1000.0	148.8886508552814	8.39	148.8886508552814	-148.8886508552814	283.70378304823953
405	-286.0369967547042	348.69056586520713	223.38342764420122	286.0369967547042	321.45971706739647	-1000.0	-286.0369967547042	-329.84971706739645	0.0	0.0	0.0	223.38342764420122	1000.0	223.38342764420122	0.0	678.5402829326035	0.0	-223.38342764420122	1000.0	-1000.0	329.84971706739634	8.39	329.84971706739645	-329.84971706739645	223.3834276442011
406	-644.3400536569717	955.3467739806101	333.33333333333326	644.3400536569717	44.6532260193899	-1000.0	-644.3400536569717	0.0	53.04322601938988	-53.04322601938988	53.04322601938988	333.3333333333333	1000.0	280.29010731394345	53.04322601938988	955.3467739806101	53.04322601938988	-333.33333333333326	1000.0	-1000.0	0.0	8.39	0.0	0.0	333.33333333333337
407	-619.2815981697253	928.9223972545878	309.64079908486264	619.2815981697253	0.0	-928.9223972545878	-619.2815981697253	0.0	8.389999999999986	-8.389999999999986	8.389999999999986	309.64079908486264	928.9223972545878	301.25079908486265	8.389999999999986	928.9223972545878	8.389999999999986	-309.64079908486264	928.9223972545878	-928.9223972545878	0.0	8.39	0.0	0.0	309.6407990848626
408	-662.4441621817577	993.6662432726366	331.2220810908789	662.4441621817577	0.0	-1000.0	-662.4441621817577	-6.333756727363347	2.056243272636654	-2.056243272636654	2.056243272636654	331.22208109087893	1000.0	329.16583781824227	2.056243272636654	1000.0	2.056243272636654	-331.2220810908789	1000.0	-1000.0	6.333756727363379	8.39	6.333756727363347	-6.333756727363347	331.2220810908788
409	-649.8198422914626	966.3063512495919	333.33333333333337	649.8198422914626	33.69364875040797	-1000.0	-649.8198422914626	0.0	42.083648750407974	-42.083648750407974	42.083648750407974	333.33333333333337	1000.0	291.2496845829254	42.083648750407974	966.306351249592	42.083648750407974	-333.33333333333337	1000.0	-999.9999999999999	0.0	8.39	0.0	0.0	333.33333333333337
410	-233.03551864702365	256.9519872940473	209.11905000000047	233.03551864702365	370.40516270595276	-1000.0	-233.03551864702365	-372.6428499999988	6.152312705952784	-6.152312705952784	6.152312705952784	209.11905000000047	1000.0	202.96673729404722	6.152312705952784	629.5948372940472	6.152312705952784	-209.11905000000013	1000.0	-1000.0	372.64284999999927	8.39	372.6428499999995	-372.6428499999995	209.11904999999996
411	-425.79068374893086	638.6860256233963	212.89534187446543	425.79068374893086	0.0	-434.1806837489308	-425.79068374893086	204.50534187446544	212.89534187446543	-212.89534187446537	212.89534187446537	212.89534187446543	434.18068374893073	0.0	212.89534187446537	434.18068374893073	212.89534187446537	-212.89534187446543	434.18068374893073	-434.18068374893073	-204.5053418744655	8.39	-204.50534187446544	204.50534187446544	212.8953418744655
412	-478.0245570604733	631.4392617674555	324.6098523534911	478.0245570604733	342.3902952930178	-1000.0	-478.0245570604733	-26.17044293952681	324.6098523534911	-324.6098523534911	324.6098523534911	324.6098523534911	1000.0	0.0	324.6098523534911	657.6097047069823	324.6098523534911	-324.6098523534911	1000.0	-1000.0	26.170442939526765	8.39	26.17044293952681	-26.17044293952681	324.6098523534913
413	-408.64147105918914	608.1638921183783	209.11905000000047	408.64147105918914	19.193257881621605	-445.8213578816215	-408.64147105918914	181.5357921183783	209.11905000000002	-209.11904999999996	209.11904999999996	209.11905000000047	445.8213578816215	0.0	209.11904999999996	426.6281000000005	209.11904999999996	-209.11905000000013	445.82135788162145	-445.82135788162145	-181.53579211837842	8.39	-181.5357921183783	181.5357921183783	209.11904999999996
414	-402.8385543488082	596.5580586976165	209.11905000000047	402.8385543488082	30.799091302383317	-457.4271913023831	-402.83855434880815	169.9299586976166	209.1190499999999	-209.1190499999999	209.1190499999999	209.11905000000047	457.4271913023831	0.0	209.1190499999999	426.6281000000005	209.1190499999999	-209.11905000000013	457.4271913023831	-457.42719130238305	-169.9299586976167	8.39	-169.9299586976166	169.9299586976166	209.11904999999996
415	-368.1367882909774	527.154526581955	209.11905000000047	368.1367882909774	100.20262341804471	-526.8307234180445	-368.1367882909774	100.5264265819552	209.1190499999999	-209.1190499999999	209.1190499999999	209.11905000000047	526.8307234180445	0.0	209.1190499999999	426.6281000000005	209.1190499999999	-209.11905000000013	526.8307234180445	-526.8307234180446	-100.5264265819552	8.39	-100.5264265819552	100.5264265819552	209.11904999999996
416	-411.5487323310897	613.9784146621796	209.11905000000047	411.5487323310897	13.378735337820103	-440.0068353378199	-411.5487323310897	187.3503146621798	209.1190499999999	-209.1190499999999	209.1190499999999	209.11905000000047	440.0068353378199	0.0	209.1190499999999	426.6281000000005	209.1190499999999	-209.11905000000013	440.0068353378199	-440.0068353378199	-187.3503146621798	8.39	-187.3503146621798	187.3503146621798	209.11904999999996
417	-440.7141497351679	590.4155329802239	291.012766490112	440.7141497351679	282.622766490112	-873.038299470336	-440.71414973516795	0.0	291.01276649011197	-291.01276649011197	291.01276649011197	291.012766490112	873.038299470336	0.0	291.01276649011197	590.4155329802239	291.01276649011197	-291.012766490112	873.038299470336	-873.038299470336	0.0	8.39	0.0	0.0	291.01276649011197
418	-397.0414521609712	584.9638543219423	209.11905000000047	397.0414521609712	42.39329567805737	-469.02139567805716	-397.0414521609711	158.33575432194255	209.1190499999999	-209.1190499999999	209.1190499999999	209.11905000000047	469.02139567805716	0.0	209.1190499999999	426.6281000000005	209.1190499999999	-209.11905000000013	469.02139567805716	-469.02139567805716	-158.33575432194255	8.39	-158.33575432194255	158.33575432194255	209.11904999999996
419	-365.2353415416204	521.351633083241	209.11905000000047	365.2353415416204	106.00551691675867	-532.6336169167585	-365.2353415416204	94.72353308324125	209.1190499999999	-209.1190499999999	209.1190499999999	209.11905000000047	532.6336169167585	0.0	209.1190499999999	426.6281000000005	209.1190499999999	-209.11905000000013	532.6336169167585	-532.6336169167583	-94.72353308324125	8.39	-94.72353308324125	94.72353308324125	209.11904999999996
420	-356.5599347289285	504.00081945785723	209.11905000000047	356.5599347289285	123.35633054214213	-549.9844305421417	-356.5599347289285	77.37271945785767	209.1190499999998	-209.1190499999998	209.1190499999998	209.11905000000047	549.9844305421417	0.0	209.1190499999998	426.6281000000005	209.1190499999998	-209.11905000000013	549.9844305421417	-549.9844305421417	-77.37271945785767	8.39	-77.37271945785767	77.37271945785767	209.11904999999996
421	-399.9371075994517	590.7551651989033	209.11905000000047	399.9371075994517	36.601984801096876	-463.230084801097	-399.9371075994517	164.12706519890327	209.11905000000002	-209.11905000000007	209.11905000000007	209.11905000000047	463.23008480109706	0.0	209.11905000000007	426.6281000000005	209.11905000000007	-209.11905000000013	463.23008480109706	-463.23008480109706	-164.12706519890315	8.39	-164.12706519890327	164.12706519890327	209.11904999999996
422	-385.45878407637895	561.7985181527579	209.11905000000047	385.45878407637895	65.558631847242	-492.1867318472419	-385.45878407637895	135.17041815275792	209.11905000000002	-209.11904999999996	209.11904999999996	209.11905000000047	492.1867318472419	0.0	209.11904999999996	426.6281000000005	209.11904999999996	-209.11905000000013	492.1867318472419	-492.1867318472419	-135.17041815275797	8.39	-135.17041815275792	135.17041815275792	209.11904999999996
423	-388.35443951485877	567.5898290297177	209.11905000000047	388.35443951485877	59.76732097028196	-486.39542097028175	-388.35443951485877	140.96172902971796	209.1190499999999	-209.1190499999999	209.1190499999999	209.11905000000047	486.39542097028175	0.0	209.1190499999999	426.6281000000005	209.1190499999999	-209.11905000000013	486.39542097028175	-486.3954209702818	-140.96172902971796	8.39	-140.96172902971796	140.96172902971796	209.11904999999996
424	-379.679032702167	550.2390154043342	209.11905000000047	379.679032702167	77.11813459566537	-503.74623459566504	-379.679032702167	123.61091540433455	209.1190499999998	-209.11904999999985	209.11904999999985	209.11905000000047	503.74623459566504	0.0	209.11904999999985	426.6281000000005	209.11904999999985	-209.11905000000013	503.74623459566504	-503.7462345956651	-123.61091540433443	8.39	-123.61091540433455	123.61091540433455	209.11904999999996
425	-345.02350484028284	480.9279596805659	209.11905000000047	345.02350484028284	146.42919031943381	-573.0572903194336	-345.02350484028284	54.2998596805661	209.1190499999999	-209.1190499999999	209.1190499999999	209.11905000000047	573.0572903194336	0.0	209.1190499999999	426.6281000000005	209.1190499999999	-209.11905000000013	573.0572903194336	-573.0572903194337	-54.2998596805661	8.39	-54.2998596805661	54.2998596805661	209.11904999999996
426	-405.74002430983194	602.3609986196641	209.11905000000047	405.74002430983194	24.99615138033562	-451.6242513803354	-405.74002430983194	175.7328986196643	209.1190499999999	-209.1190499999999	209.1190499999999	209.11905000000047	451.6242513803354	0.0	209.1190499999999	426.6281000000005	209.1190499999999	-209.11905000000013	451.62425138033547	-451.6242513803353	-175.7328986196643	8.39	-175.7328986196643	175.7328986196643	209.11904999999996
427	-506.8829451134646	680.4325568935959	333.33333333333326	506.8829451134646	319.5674431064041	-1000.0	-506.8829451134646	0.0	327.95744310640407	-327.95744310640407	327.95744310640407	333.3333333333333	1000.0	5.3758902269292745	327.95744310640407	680.4325568935959	327.95744310640407	-333.33333333333326	1000.0	-999.9999999999999	0.0	8.39	0.0	0.0	333.33333333333337
428	-358.0211704643119	480.15822728574926	235.8841136428747	358.0211704643119	227.4941136428747	-707.652340928624	-358.0211704643119	0.0	235.8841136428747	-235.8841136428747	235.8841136428747	235.88411364287467	707.652340928624	0.0	235.8841136428747	480.15822728574926	235.8841136428747	-235.8841136428747	707.652340928624	-707.652340928624	0.0	8.39	0.0	0.0	235.88411364287458
429	-350.7859746655946	492.4528993311892	209.11905000000047	350.7859746655946	134.90425066881085	-561.5323506688109	-350.7859746655946	65.82479933118918	209.11905000000002	-209.11905000000002	209.11905000000002	209.11905000000047	561.5323506688109	0.0	209.11905000000002	426.6281000000005	209.11905000000002	-209.11905000000013	561.5323506688109	-561.5323506688109	-65.82479933118918	8.39	-65.82479933118918	65.82479933118918	209.11904999999996
430	-376.7891685745642	544.4592871491285	209.11905000000047	376.7891685745642	82.89786285087132	-509.5259628508711	-376.78916857456414	117.8311871491286	209.1190499999999	-209.1190499999999	209.1190499999999	209.11905000000047	509.5259628508711	0.0	209.1190499999999	426.6281000000005	209.1190499999999	-209.11905000000013	509.5259628508711	-509.5259628508711	-117.83118714912871	8.39	-117.8311871491286	117.8311871491286	209.11904999999996
431	-394.15158803336806	579.1841260667363	209.11905000000047	394.15158803336806	48.17302393326338	-474.80112393326317	-394.15158803336806	152.55602606673654	209.1190499999999	-209.1190499999999	209.1190499999999	209.11905000000047	474.80112393326317	0.0	209.1190499999999	426.6281000000005	209.1190499999999	-209.11905000000013	474.8011239332632	-474.80112393326306	-152.55602606673654	8.39	-152.55602606673654	152.55602606673654	209.11904999999996
432	-339.24954477694826	469.3800395538967	209.11905000000047	339.24954477694826	157.97711044610298	-584.6052104461028	-339.24954477694826	42.75193955389693	209.1190499999999	-209.1190499999999	209.1190499999999	209.11905000000047	584.6052104461028	0.0	209.1190499999999	426.6281000000005	209.1190499999999	-209.11905000000013	584.6052104461028	-584.6052104461027	-42.75193955389693	8.39	-42.75193955389693	42.75193955389693	209.11904999999996
433	-333.49286626251364	457.8666825250275	209.11905000000047	333.49286626251364	169.49046747497187	-596.1185674749714	-333.49286626251364	31.238582525027937	209.1190499999998	-209.1190499999998	209.1190499999998	209.11905000000047	596.1185674749714	0.0	209.1190499999998	426.6281000000005	209.1190499999998	-209.11905000000013	596.1185674749714	-596.1185674749714	-31.238582525027937	8.39	-31.238582525027937	31.238582525027937	209.11904999999996
434	-353.6700706013255	498.22109120265134	209.11905000000047	353.6700706013255	129.13605879734814	-555.7641587973477	-353.67007060132556	71.59299120265166	209.1190499999998	-209.1190499999998	209.1190499999998	209.11905000000047	555.7641587973477	0.0	209.1190499999998	426.6281000000005	209.1190499999998	-209.11905000000013	555.7641587973477	-555.7641587973477	-71.59299120265177	8.39	-71.59299120265166	71.59299120265166	209.11904999999996
435	-688.6571158488377	982.4935264147294	394.8207052829459	688.6571158488377	201.96858943410825	-1000.0	-688.6571158488377	184.4621158488377	394.82070528294594	-394.82070528294594	394.82070528294594	394.8207052829459	1000.0	0.0	394.82070528294594	798.0314105658917	394.82070528294594	-394.8207052829459	1000.0	-1000.0	-184.4621158488377	8.39	-184.4621158488377	184.4621158488377	394.82070528294594
436	-671.5613252955427	954.0005421592377	389.12210843184755	671.5613252955427	213.3657831363049	-1000.0	-671.5613252955427	167.36632529554265	389.12210843184755	-389.12210843184755	389.12210843184755	389.12210843184755	1000.0	0.0	389.12210843184755	786.6342168636951	389.12210843184755	-389.12210843184755	1000.0	-1000.0	-167.36632529554265	8.39	-167.36632529554265	167.36632529554265	389.12210843184766
437	-581.971865933823	872.9577989007345	290.9859329669115	581.971865933823	0.0	-590.361865933823	-581.971865933823	282.5959329669115	290.9859329669115	-290.9859329669115	290.9859329669115	290.9859329669115	590.361865933823	0.0	290.9859329669115	590.361865933823	290.9859329669115	-290.9859329669115	590.361865933823	-590.361865933823	-282.5959329669115	8.39	-282.5959329669115	282.5959329669115	290.9859329669115
438	-593.4852229626918	890.2278344440375	296.74261148134576	593.4852229626918	0.0	-601.8752229626916	-593.4852229626918	288.3526114813459	296.7426114813459	-296.7426114813459	296.7426114813459	296.74261148134576	601.8752229626916	0.0	296.7426114813459	601.8752229626916	296.7426114813459	-296.74261148134576	601.8752229626916	-601.8752229626916	-288.3526114813459	8.39	-288.3526114813459	288.3526114813459	296.742611481346
439	-599.2303881200969	898.8455821801455	299.61519406004845	599.2303881200969	0.0	-607.620388120097	-599.2303881200969	291.2251940600484	299.61519406004845	-299.6151940600485	299.6151940600485	299.61519406004845	607.620388120097	0.0	299.6151940600485	607.620388120097	299.6151940600485	-299.61519406004845	607.620388120097	-607.620388120097	-291.22519406004847	8.39	-291.2251940600484	291.2251940600484	299.61519406004845
440	-489.5648774806941	734.3473162210412	244.78243874034706	489.5648774806941	0.0	-497.95487748069405	-489.5648774806941	236.39243874034705	244.78243874034706	-244.78243874034703	244.78243874034703	244.78243874034706	497.95487748069405	0.0	244.78243874034703	497.95487748069405	244.78243874034703	-244.78243874034706	497.95487748069405	-497.95487748069405	-236.39243874034713	8.39	-236.39243874034705	236.39243874034705	244.78243874034706
441	-644.4125812331577	908.7526353885959	380.0725270777192	644.4125812331577	231.4649458445616	-1000.0	-644.4125812331577	140.2175812331576	380.0725270777192	-380.0725270777192	380.0725270777192	380.0725270777192	1000.0	0.0	380.0725270777192	768.5350541554384	380.0725270777192	-380.0725270777192	1000.0	-999.9999999999999	-140.2175812331575	8.39	-140.2175812331576	140.2175812331576	380.07252707771914
442	-263.200898974162	317.282747948324	209.11905000000047	263.200898974162	310.07440205167615	-736.7025020516761	-263.200898974162	-109.34535205167617	209.11905000000002	-209.11905000000002	209.11905000000002	209.11905000000047	736.7025020516761	0.0	209.11905000000002	426.6281000000005	209.11905000000002	-209.11905000000013	736.7025020516761	-736.7025020516761	109.34535205167606	8.39	109.34535205167617	-109.34535205167617	209.11904999999996
443	-418.23810000000003	627.35715	209.11905000000047	418.23810000000003	0.0	-540.704873751184	-418.23810000000003	86.65227624881607	95.04227624881605	-95.04227624881605	95.04227624881605	209.11905000000047	540.704873751184	114.07677375118396	95.04227624881605	540.704873751184	95.04227624881605	-209.11905000000013	540.704873751184	-540.704873751184	-86.65227624881607	8.39	-86.65227624881607	86.65227624881607	209.11904999999996
444	-418.2380999999996	627.3571499999994	209.11905000000047	418.2380999999996	0.0	-613.3540629471878	-418.2380999999996	14.003087052811566	22.393087052811552	-22.393087052811552	22.393087052811552	209.11905000000047	613.3540629471878	186.72596294718824	22.393087052811552	613.3540629471878	22.393087052811552	-209.11905000000013	613.3540629471878	-613.3540629471878	-14.003087052811566	8.39	-14.003087052811566	14.003087052811566	209.11904999999996
445	-696.4626758158231	1000.0	392.9253516316462	696.4626758158231	178.77605489493862	-1000.0	-696.4626758158231	178.77605489493862	365.94210978987724	-365.94210978987724	365.94210978987724	392.9253516316462	1000.0	26.98324184176897	365.94210978987724	821.2239451050614	365.94210978987724	-392.9253516316462	1000.0	-1000.0	-178.77605489493862	8.39	-178.77605489493862	178.77605489493862	392.9253516316459
446	-667.536378506543	1000.0	335.07275701308595	667.536378506543	5.218271039257805	-683.7537850654295	-667.536378506543	321.4644859738281	335.07275701308595	-335.07275701308595	335.07275701308595	335.07275701308595	683.7537850654295	0.0	335.07275701308595	678.5355140261718	335.07275701308595	-335.07275701308595	683.7537850654295	-683.7537850654296	-321.4644859738282	8.39	-321.4644859738281	321.4644859738281	335.0727570130857
447	-695.8765620456848	1000.0	391.7531240913694	695.8765620456848	175.2593722741082	-1000.0	-695.8765620456848	175.25937227410816	358.9087445482163	-358.9087445482163	358.9087445482163	391.7531240913694	1000.0	32.844379543153046	358.9087445482163	824.7406277258918	358.9087445482163	-391.7531240913694	1000.0	-1000.0	-175.2593722741082	8.39	-175.25937227410816	175.25937227410816	391.7531240913693
448	-633.1200007536836	949.6800011305255	316.5600003768418	633.1200007536836	0.0	-641.5100007536837	-633.1200007536836	308.1700003768418	316.5600003768418	-316.56000037684186	316.56000037684186	316.56000037684186	641.5100007536837	0.0	316.56000037684186	641.5100007536837	316.56000037684186	-316.5600003768418	641.5100007536837	-641.5100007536837	-308.1700003768418	8.39	-308.1700003768418	308.1700003768418	316.56000037684174
449	-691.4761927108209	1000.0	382.9523854216418	691.4761927108209	148.8571562649254	-923.1519271082091	-691.4761927108209	225.70522915671643	382.9523854216418	-382.9523854216418	382.9523854216418	382.9523854216418	923.1519271082091	0.0	382.9523854216418	774.2947708432837	382.9523854216418	-382.9523854216418	923.1519271082091	-923.1519271082091	-225.70522915671637	8.39	-225.70522915671643	225.70522915671643	382.9523854216418
450	-697.1867001858802	1000.0	394.37340037176045	697.1867001858802	183.12020111528153	-1000.0	-697.1867001858802	183.1202011152816	374.63040223056305	-374.63040223056305	374.63040223056305	394.37340037176045	1000.0	19.74299814119746	374.63040223056305	816.8797988847184	374.63040223056305	-394.37340037176045	1000.0	-1000.0	-183.12020111528153	8.39	-183.1202011152816	183.1202011152816	394.37340037176045
451	-696.2042594469935	1000.0	392.408518893987	696.2042594469935	177.22555668196105	-1000.0	-696.2042594469935	177.22555668196105	362.8411133639221	-362.8411133639221	362.8411133639221	392.408518893987	1000.0	29.567405530064995	362.8411133639221	822.774443318039	362.8411133639221	-392.408518893987	1000.0	-1000.0	-177.22555668196105	8.39	-177.22555668196105	177.22555668196105	392.4085188939871
452	-676.6761357538138	1000.0	353.3522715076276	676.6761357538137	60.05681452288286	-1000.0	-676.6761357538137	60.056814522882846	128.5036290457657	-128.5036290457657	128.5036290457657	353.3522715076276	1000.0	224.8486424618619	128.5036290457657	939.9431854771171	128.5036290457657	-353.3522715076276	1000.0	-1000.0	-60.05681452288286	8.39	-60.056814522882846	60.056814522882846	353.3522715076276
453	-568.3584246824375	781.9957078040622	354.7211415608125	568.3584246824375	282.1677168783751	-1000.0	-568.3584246824375	64.1634246824375	354.7211415608125	-354.7211415608125	354.7211415608125	354.7211415608125	1000.0	0.0	354.7211415608125	717.8322831216249	354.7211415608125	-354.7211415608125	1000.0	-1000.0	-64.16342468243732	8.39	-64.1634246824375	64.1634246824375	354.7211415608124
454	-169.19337998904393	116.72063331507309	221.66612666301467	169.19337998904393	548.2777466739708	-1000.0	-169.19337998904388	-335.00162001095606	221.66612666301467	-221.6661266630146	221.6661266630146	221.6661266630146	1000.0	0.0	221.6661266630146	451.7222533260292	221.6661266630146	-221.66612666301467	1000.0	-1000.0	335.0016200109561	8.39	335.00162001095606	-335.00162001095606	221.66612666301472
455	-169.89576343343242	130.67247686686483	209.11905000000047	169.89576343343242	496.6846731331349	-1000.0	-169.89576343343242	-372.6428499999988	132.4318231331346	-132.4318231331346	132.4318231331346	209.11905000000047	1000.0	76.68722686686533	132.4318231331346	503.3153268668651	132.4318231331346	-209.11905000000013	1000.0	-999.9999999999999	372.64284999999927	8.39	372.6428499999995	-372.6428499999995	209.11904999999996
456	-305.18283907603393	401.24662815206807	209.11905000000047	305.18283907603393	226.11052184793164	-652.7386218479314	-305.18283907603393	-25.38147184793172	209.1190499999999	-209.1190499999999	209.1190499999999	209.11905000000047	652.7386218479314	0.0	209.1190499999999	426.6281000000005	209.1190499999999	-209.11905000000013	652.7386218479314	-652.7386218479313	25.38147184793172	8.39	25.38147184793172	-25.38147184793172	209.11904999999996
457	-302.36895117784843	395.6188523556971	209.11905000000047	302.36895117784843	231.7382976443023	-658.3663976443019	-302.36895117784843	-31.00924764430249	209.1190499999998	-209.1190499999998	209.1190499999998	209.11905000000047	658.3663976443019	0.0	209.1190499999998	426.6281000000005	209.1190499999998	-209.11905000000013	658.3663976443019	-658.3663976443019	31.00924764430249	8.39	31.00924764430249	-31.00924764430249	209.11904999999996
458	-222.38634072237505	235.65363144475032	209.11905000000047	222.38634072237505	391.7035185552494	-1000.0	-222.38634072237505	-372.6428499999988	27.45066855524908	-27.45066855524908	27.45066855524908	209.11905000000047	1000.0	181.66838144475082	27.45066855524908	608.2964814447506	27.45066855524908	-209.11905000000013	1000.0	-1000.0	372.64284999999927	8.39	372.6428499999995	-372.6428499999995	209.11904999999996
459	-431.4837786463824	553.8712977439708	309.09625954879414	431.4837786463824	373.4174809024117	-1000.0	-431.4837786463824	-72.71122135361753	309.09625954879414	-309.09625954879414	309.09625954879414	309.09625954879414	1000.0	0.0	309.09625954879414	626.5825190975884	309.09625954879414	-309.09625954879414	1000.0	-1000.0	72.71122135361753	8.39	72.71122135361753	-72.71122135361753	309.09625954879436
460	-610.6175382667943	915.9263074001916	305.30876913339716	610.6175382667943	0.0	-619.0075382667944	-610.6175382667943	296.9187691333972	305.30876913339716	-305.3087691333972	305.3087691333972	305.3087691333972	619.0075382667944	0.0	305.3087691333972	619.0075382667944	305.3087691333972	-305.30876913339716	619.0075382667944	-619.0075382667944	-296.9187691333972	8.39	-296.9187691333972	296.9187691333972	305.3087691333971
461	-626.3404322913952	939.510648437093	313.1702161456976	626.3404322913952	0.0	-634.7304322913953	-626.3404322913952	304.7802161456976	313.1702161456976	-313.1702161456977	313.1702161456977	313.1702161456976	634.7304322913953	0.0	313.1702161456977	634.7304322913953	313.1702161456977	-313.1702161456976	634.7304322913953	-634.7304322913953	-304.78021614569764	8.39	-304.7802161456976	304.7802161456976	313.1702161456976
462	-691.8790361765856	1000.0	383.7580723531712	691.8790361765856	151.27421705951363	-1000.0	-691.8790361765856	151.27421705951372	310.9384341190273	-310.9384341190273	310.9384341190273	383.7580723531712	1000.0	72.81963823414398	310.9384341190273	848.7257829404864	310.9384341190273	-383.7580723531712	1000.0	-1000.0	-151.27421705951366	8.39	-151.27421705951372	151.27421705951372	383.7580723531712
463	-638.747668863344	958.1215032950159	319.373834431672	638.747668863344	0.0	-647.137668863344	-638.747668863344	310.983834431672	319.373834431672	-319.373834431672	319.373834431672	319.373834431672	647.137668863344	0.0	319.373834431672	647.137668863344	319.373834431672	-319.373834431672	647.137668863344	-647.137668863344	-310.983834431672	8.39	-310.983834431672	310.983834431672	319.3738344316721
464	-616.1913630214058	924.2870445321087	308.0956815107029	616.1913630214058	0.0	-624.5813630214058	-616.1913630214058	299.7056815107029	308.0956815107029	-308.0956815107029	308.0956815107029	308.0956815107029	624.5813630214058	0.0	308.0956815107029	624.5813630214058	308.0956815107029	-308.0956815107029	624.5813630214058	-624.5813630214058	-299.7056815107029	8.39	-299.7056815107029	299.7056815107029	308.0956815107029
465	-677.8666118716401	1000.0	355.73322374328006	677.8666118716401	67.19967122984012	-787.0561187164002	-677.8666118716401	280.14355251344	355.73322374328006	-355.73322374328006	355.73322374328006	355.73322374328006	787.0561187164002	0.0	355.73322374328006	719.85644748656	355.73322374328006	-355.73322374328006	787.0561187164002	-787.0561187164001	-280.14355251343994	8.39	-280.14355251344	280.14355251344	355.73322374327995
466	-501.1946942847153	670.0561571411922	332.3332314282385	501.1946942847153	326.9435371435231	-1000.0	-501.1946942847153	-3.0003057152846395	332.3332314282385	-332.3332314282385	332.3332314282385	332.3332314282385	1000.0	0.0	332.3332314282385	673.0564628564769	332.3332314282385	-332.3332314282385	1000.0	-1000.0	3.0003057152846395	8.39	3.0003057152846395	-3.0003057152846395	332.3332314282384
467	-537.40630535865	741.4792773839667	333.33333333333326	537.40630535865	258.52072261603325	-1000.0	-537.40630535865	0.0	266.91072261603324	-266.91072261603324	266.91072261603324	333.3333333333333	1000.0	66.4226107173002	266.91072261603324	741.4792773839667	266.91072261603324	-333.33333333333326	1000.0	-1000.0	0.0	8.39	0.0	0.0	333.33333333333326
468	-539.003964578641	744.6745958239488	333.33333333333326	539.003964578641	255.3254041760512	-1000.0	-539.003964578641	0.0	263.71540417605115	-263.71540417605115	263.71540417605115	333.33333333333326	1000.0	69.61792915728212	263.71540417605115	744.6745958239488	263.71540417605115	-333.33333333333326	1000.0	-1000.0	0.0	8.39	0.0	0.0	333.3333333333335
469	-234.92168583587042	226.26780972645062	243.57556194529013	234.92168583587045	504.4588761094198	-1000.0	-234.92168583587045	-269.2733141641296	243.57556194529013	-243.57556194529013	243.57556194529013	243.57556194529013	1000.0	0.0	243.57556194529013	495.5411238905802	243.57556194529013	-243.57556194529013	1000.0	-1000.0	269.27331416412954	8.39	269.2733141641296	-269.2733141641296	243.57556194529008
470	-535.811841457099	738.2903495808648	333.33333333333326	535.811841457099	261.7096504191352	-1000.0	-535.811841457099	0.0	270.0996504191352	-270.0996504191352	270.0996504191352	333.3333333333333	1000.0	63.233682914198276	270.0996504191352	738.2903495808648	270.0996504191352	-333.33333333333326	1000.0	-1000.0	0.0	8.39	0.0	0.0	333.33333333333326
471	-406.02614578097257	544.1648610412967	267.8874305206484	406.02614578097257	259.4974305206484	-803.662291561945	-406.02614578097257	0.0	267.8874305206484	-267.8874305206484	267.8874305206484	267.8874305206484	803.662291561945	0.0	267.8874305206484	544.1648610412967	267.8874305206484	-267.8874305206484	803.662291561945	-803.662291561945	0.0	8.39	0.0	0.0	267.8874305206484
472	-349.04434246758865	416.47223744598114	281.61644748919616	349.04434246758865	428.3771050216076	-1000.0	-349.04434246758865	-155.1506575324114	281.61644748919616	-281.61644748919616	281.61644748919616	281.61644748919616	1000.0	0.0	281.61644748919616	571.6228949783924	281.61644748919616	-281.61644748919616	1000.0	-1000.0	155.15065753241132	8.39	155.1506575324114	-155.1506575324114	281.6164474891964
473	-222.17056971684895	205.0159495280816	239.3251899056163	222.17056971684895	512.9596201887674	-1000.0	-222.17056971684895	-282.0244302831511	239.3251899056163	-239.3251899056163	239.3251899056163	239.3251899056163	1000.0	0.0	239.3251899056163	487.0403798112326	239.3251899056163	-239.3251899056163	1000.0	-1000.0	282.02443028315105	8.39	282.0244302831511	-282.0244302831511	239.3251899056163
474	-228.84878906002155	216.14631510003608	241.55126302000724	228.84878906002155	508.50747395998553	-1000.0	-228.8487890600216	-275.34621093997833	241.55126302000724	-241.55126302000724	241.55126302000724	241.5512630200072	1000.0	0.0	241.55126302000724	491.49252604001447	241.55126302000724	-241.55126302000724	1000.0	-999.9999999999999	275.3462109399784	8.39	275.34621093997833	-275.34621093997833	241.55126302000747
475	-154.37825504094053	92.02875840156742	216.72775168031353	154.37825504094053	558.154496639373	-1000.0	-154.37825504094053	-349.8167449590594	216.72775168031353	-216.72775168031353	216.72775168031353	216.72775168031353	1000.0	0.0	216.72775168031353	441.84550336062694	216.72775168031353	-216.72775168031353	1000.0	-1000.0	349.8167449590595	8.39	349.8167449590594	-349.8167449590594	216.72775168031353
476	-628.7655351869423	924.1977370405511	333.3333333333335	628.7655351869423	75.80226295944885	-1000.0	-628.7655351869423	0.0	84.19226295944884	-84.19226295944884	84.19226295944884	333.3333333333334	1000.0	249.14107037388445	84.19226295944884	924.1977370405511	84.19226295944884	-333.3333333333335	1000.0	-1000.0	0.0	8.39	0.0	0.0	333.33333333333326
477	-582.4097937678739	831.4862542024147	333.33333333333326	582.4097937678739	168.51374579758533	-1000.0	-582.4097937678739	0.0	176.9037457975853	-176.9037457975853	176.9037457975853	333.3333333333333	1000.0	156.42958753574803	176.9037457975853	831.4862542024147	176.9037457975853	-333.33333333333326	1000.0	-999.9999999999999	0.0	8.39	0.0	0.0	333.33333333333326
478	-215.53099276542935	193.94998794238234	237.11199758847658	215.53099276542935	517.3860048230471	-1000.0	-215.5309927654294	-288.66400723457053	237.11199758847658	-237.11199758847658	237.11199758847658	237.11199758847656	1000.0	0.0	237.11199758847658	482.6139951769529	237.11199758847658	-237.11199758847658	1000.0	-1000.0	288.6640072345706	8.39	288.66400723457053	-288.66400723457053	237.11199758847658
479	-342.047029464641	474.975008929282	209.11905000000047	342.047029464641	152.38214107071803	-579.010241070718	-342.047029464641	48.346908929281994	209.11905000000002	-209.11905000000002	209.11905000000002	209.11905000000047	579.010241070718	0.0	209.11905000000002	426.6281000000005	209.11905000000002	-209.11905000000013	579.010241070718	-579.010241070718	-48.346908929281994	8.39	-48.346908929281994	48.346908929281994	209.11904999999996
480	-471.69399496388087	631.7219932851743	311.6659966425872	471.69399496388087	303.2759966425872	-934.9979899277615	-471.6939949638808	0.0	311.6659966425872	-311.6659966425872	311.6659966425872	311.6659966425872	934.9979899277615	0.0	311.6659966425872	631.7219932851743	311.6659966425872	-311.6659966425872	934.9979899277615	-934.9979899277615	0.0	8.39	0.0	0.0	311.6659966425872
481	-602.3231632300344	871.3129931267354	333.33333333333337	602.3231632300344	128.68700687326464	-1000.0	-602.3231632300344	0.0	137.07700687326462	-137.07700687326462	137.07700687326462	333.33333333333337	1000.0	196.25632646006866	137.07700687326462	871.3129931267354	137.07700687326462	-333.33333333333337	1000.0	-1000.0	0.0	8.39	0.0	0.0	333.33333333333337
482	-477.03713396451553	638.8461786193541	315.228089309677	477.03713396451553	306.838089309677	-945.684267929031	-477.03713396451553	0.0	315.228089309677	-315.228089309677	315.228089309677	315.228089309677	945.684267929031	0.0	315.228089309677	638.8461786193541	315.228089309677	-315.228089309677	945.684267929031	-945.684267929031	0.0	8.39	0.0	0.0	315.228089309677
483	-318.80186540427724	428.48468080855434	209.11905000000047	318.80186540427724	198.8724691914456	-627.3571499999999	-318.80186540427724	0.0	207.2624691914456	-207.2624691914456	207.2624691914456	209.11905000000047	627.3571499999999	1.8565808085543836	207.2624691914456	428.48468080855434	207.2624691914456	-209.11905000000013	627.3571499999999	-627.3571499999999	0.0	8.39	0.0	0.0	209.11904999999996
484	-353.7633897614179	474.48118634855723	233.04559317427857	353.7633897614179	224.65559317427858	-699.1367795228357	-353.7633897614179	0.0	233.04559317427857	-233.04559317427857	233.04559317427857	233.04559317427857	699.1367795228357	0.0	233.04559317427857	474.4811863485571	233.04559317427857	-233.04559317427857	699.1367795228357	-699.1367795228358	0.0	8.39	0.0	0.0	233.04559317427854
485	-322.62432838799293	372.438880646655	272.8097761293309	322.62432838799293	445.990447741338	-1000.0	-322.62432838799293	-181.570671612007	272.809776129331	-272.809776129331	272.809776129331	272.80977612933094	1000.0	0.0	272.809776129331	554.009552258662	272.809776129331	-272.8097761293309	1000.0	-999.9999999999999	181.570671612007	8.39	181.570671612007	-181.570671612007	272.8097761293312
486	-596.3307092907548	859.3280852481765	333.33333333333326	596.3307092907548	140.67191475182346	-1000.0	-596.3307092907548	0.0	149.06191475182345	-149.06191475182345	149.06191475182345	333.3333333333333	1000.0	184.27141858150986	149.06191475182345	859.3280852481765	149.06191475182345	-333.33333333333326	1000.0	-999.9999999999999	0.0	8.39	0.0	0.0	333.3333333333332
487	-329.1203304954196	383.2655508256994	274.97511016513977	329.1203304954196	441.65977966972025	-1000.0	-329.1203304954196	-175.0746695045805	274.9751101651399	-274.9751101651399	274.9751101651399	274.9751101651398	1000.0	0.0	274.9751101651399	558.3402203302797	274.9751101651399	-274.97511016513977	1000.0	-999.9999999999999	175.07466950458036	8.39	175.0746695045805	-175.0746695045805	274.9751101651401
488	-616.6845873741082	900.0358414148833	333.33333333333326	616.6845873741081	99.96415858511678	-1000.0	-616.6845873741081	0.0	108.35415858511678	-108.35415858511678	108.35415858511678	333.3333333333333	1000.0	224.97917474821654	108.35415858511678	900.0358414148832	108.35415858511678	-333.33333333333326	1000.0	-1000.0	0.0	8.39	0.0	0.0	333.33333333333326
489	-161.72112067994522	104.2668677999086	219.17537355998172	161.72112067994522	553.2592528800366	-1000.0	-161.72112067994522	-342.473879320055	219.17537355998172	-219.17537355998172	219.17537355998172	219.17537355998172	1000.0	0.0	219.17537355998172	446.74074711996343	219.17537355998172	-219.17537355998172	1000.0	-999.9999999999999	342.47387932005483	8.39	342.473879320055	-342.473879320055	219.17537355998195
490	-629.2787183663447	883.5295306105746	375.0279061221149	629.2787183663447	241.55418775577016	-1000.0	-629.2787183663447	125.08371836634478	375.0279061221149	-375.0279061221149	375.0279061221149	375.0279061221149	1000.0	0.0	375.0279061221149	758.4458122442298	375.0279061221149	-375.0279061221149	1000.0	-1000.0	-125.08371836634478	8.39	-125.08371836634478	125.08371836634478	375.02790612211504
491	-139.35161457155994	69.58417914311987	209.11905000000047	139.35161457155994	557.7729708568803	-984.4010708568803	-139.35161457155994	-357.0439208568803	209.11905000000002	-209.11905000000002	209.11905000000002	209.11905000000047	984.4010708568803	0.0	209.11905000000002	426.6281000000005	209.11905000000002	-209.11905000000013	984.4010708568803	-984.4010708568803	357.04392085688005	8.39	357.0439208568803	-357.0439208568803	209.11904999999996
492	-144.9727172070995	80.82638441419897	209.11905000000047	144.97271720709955	546.5307655858011	-973.1588655858011	-144.9727172070995	-345.80171558580105	209.11905000000002	-209.11905000000002	209.11905000000002	209.11905000000047	973.1588655858011	0.0	209.11905000000002	426.6281000000005	209.11905000000002	-209.11905000000013	973.1588655858011	-973.158865585801	345.80171558580105	8.39	345.80171558580105	-345.80171558580105	209.11904999999996
493	-147.6568306485194	86.19461129703882	209.11905000000047	147.65683064851942	541.1625387029609	-1000.0	-147.65683064851942	-372.6428499999988	176.90968870296058	-176.90968870296058	176.90968870296058	209.11905000000047	1000.0	32.20936129703932	176.90968870296058	458.8374612970391	176.90968870296058	-209.11905000000013	1000.0	-999.9999999999999	372.64284999999927	8.39	372.6428499999995	-372.6428499999995	209.11904999999996
494	-625.5712676410269	917.8092019487203	333.33333333333337	625.5712676410269	82.19079805127967	-1000.0	-625.5712676410269	0.0	90.58079805127966	-90.58079805127966	90.58079805127966	333.33333333333337	1000.0	242.75253528205369	90.58079805127966	917.8092019487203	90.58079805127966	-333.33333333333337	1000.0	-1000.0	0.0	8.39	0.0	0.0	333.33333333333314
495	-658.296211076163	983.2590888189925	333.33333333333337	658.296211076163	16.740911181007505	-1000.0	-658.296211076163	0.0	25.13091118100749	-25.13091118100749	25.13091118100749	333.33333333333337	1000.0	308.2024221523258	25.13091118100749	983.2590888189925	25.13091118100749	-333.33333333333337	1000.0	-1000.0	0.0	8.39	0.0	0.0	333.33333333333337
496	-624.0570609342426	914.780788535152	333.33333333333326	624.0570609342426	85.21921146484799	-1000.0	-624.0570609342426	0.0	93.60921146484793	-93.60921146484793	93.60921146484793	333.33333333333326	1000.0	239.72412186848538	93.60921146484793	914.780788535152	93.60921146484793	-333.33333333333326	1000.0	-1000.0	0.0	8.39	0.0	0.0	333.33333333333326
497	-656.7862609486731	980.239188564013	333.33333333333326	656.7862609486731	19.760811435986927	-1000.0	-656.7862609486731	0.0	28.150811435986952	-28.150811435986952	28.150811435986952	333.33333333333326	1000.0	305.1825218973464	28.150811435986952	980.239188564013	28.150811435986952	-333.33333333333326	1000.0	-1000.0	0.0	8.39	0.0	0.0	333.3333333333335
498	-571.6238661729976	857.4357992594964	285.8119330864988	571.6238661729976	0.0	-857.4357992594964	-571.6238661729976	0.0	8.389999999999986	-8.389999999999986	8.389999999999986	285.8119330864988	857.4357992594964	277.4219330864988	8.389999999999986	857.4357992594964	8.389999999999986	-285.8119330864988	857.4357992594964	-857.4357992594964	0.0	8.39	0.0	0.0	285.8119330864988
499	-537.5508794052888	806.3263191079332	268.7754397026444	537.5508794052888	0.0	-806.3263191079332	-537.5508794052888	0.0	8.389999999999986	-8.389999999999986	8.389999999999986	268.7754397026444	806.3263191079332	260.3854397026444	8.389999999999986	806.3263191079332	8.389999999999986	-268.7754397026444	806.3263191079332	-806.3263191079332	0.0	8.39	0.0	0.0	268.77543970264435
500	-639.6037302447081	945.8741271560832	333.3333333333333	639.6037302447081	54.12587284391674	-1000.0	-639.6037302447081	0.0	62.51587284391678	-62.51587284391678	62.51587284391678	333.3333333333333	1000.0	270.81746048941653	62.51587284391678	945.8741271560832	62.51587284391678	-333.3333333333333	1000.0	-1000.0	0.0	8.39	0.0	0.0	333.33333333333337
501	-668.1319551137769	1000.0	336.26391022755394	668.1319551137769	8.791730682661637	-1000.0	-668.1319551137769	8.791730682661637	25.97346136532326	-25.97346136532326	25.97346136532326	336.26391022755394	1000.0	310.2904488622305	25.97346136532326	991.2082693173384	25.97346136532326	-336.26391022755394	1000.0	-1000.0	-8.791730682661637	8.39	-8.791730682661637	8.791730682661637	336.26391022755377
502	-558.2811199701982	837.4216799552975	279.1405599850992	558.2811199701982	0.0	-837.4216799552975	-558.2811199701982	0.0	8.389999999999986	-8.389999999999986	8.389999999999986	279.1405599850992	837.4216799552975	270.7505599850992	8.389999999999986	837.4216799552975	8.389999999999986	-279.1405599850992	837.4216799552975	-837.4216799552975	0.0	8.39	0.0	0.0	279.14055998509923
503	-541.4927171925575	812.2390757888363	270.74635859627875	541.4927171925575	0.0	-812.2390757888363	-541.4927171925575	0.0	8.389999999999986	-8.389999999999986	8.389999999999986	270.74635859627875	812.2390757888363	262.3563585962787	8.389999999999986	812.2390757888363	8.389999999999986	-270.74635859627875	812.2390757888363	-812.2390757888363	0.0	8.39	0.0	0.0	270.7463585962788
504	-315.1527994385533	359.9863323975885	270.31926647951775	315.1527994385533	450.97146704096457	-1000.0	-315.15279943855325	-189.04220056144686	270.31926647951775	-270.31926647951775	270.31926647951775	270.31926647951775	1000.0	0.0	270.31926647951775	549.0285329590354	270.31926647951775	-270.31926647951775	1000.0	-1000.0	189.04220056144686	8.39	189.04220056144686	-189.04220056144686	270.3192664795175
505	-288.38482660567314	315.3730443427886	261.3966088685577	288.3848266056732	468.8167822628846	-1000.0	-288.38482660567314	-215.81017339432685	261.3966088685577	-261.3966088685577	261.3966088685577	261.3966088685577	1000.0	0.0	261.3966088685577	531.1832177371155	261.3966088685577	-261.3966088685577	1000.0	-1000.0	215.81017339432685	8.39	215.81017339432685	-215.81017339432685	261.3966088685577
506	-435.51439696661987	583.4825292888264	287.5462646444132	435.51439696661987	279.1562646444131	-862.6387939332395	-435.5143969666198	0.0	287.5462646444131	-287.5462646444131	287.5462646444131	287.54626464441316	862.6387939332395	0.0	287.5462646444131	583.4825292888264	287.5462646444131	-287.5462646444132	862.6387939332395	-862.6387939332395	0.0	8.39	0.0	0.0	287.5462646444132
507	-605.175240656928	843.3570677615467	366.99341355230933	605.175240656928	257.62317289538134	-1000.0	-605.175240656928	100.980240656928	366.99341355230933	-366.99341355230933	366.99341355230933	366.99341355230933	1000.0	0.0	366.99341355230933	742.3768271046187	366.99341355230933	-366.99341355230933	1000.0	-999.9999999999999	-100.980240656928	8.39	-100.980240656928	100.980240656928	366.99341355230945
508	-438.0228452468232	586.8271269957643	289.2185634978821	438.0228452468232	280.8285634978822	-867.6556904936465	-438.0228452468232	0.0	289.2185634978822	-289.2185634978822	289.2185634978822	289.21856349788214	867.6556904936465	0.0	289.2185634978822	586.8271269957643	289.2185634978822	-289.2185634978821	867.6556904936465	-867.6556904936465	0.0	8.39	0.0	0.0	289.2185634978823
509	-518.0028272509985	698.0697120849976	337.9359424169995	518.0028272509985	315.73811516600097	-1000.0	-518.0028272509985	13.807827250998571	337.9359424169995	-337.9359424169995	337.9359424169995	337.9359424169995	1000.0	0.0	337.9359424169995	684.261884833999	337.9359424169995	-337.9359424169995	1000.0	-1000.0	-13.807827250998571	8.39	-13.807827250998571	13.807827250998571	337.9359424169995
510	-600.8309296020307	868.3285258707281	333.33333333333337	600.8309296020307	131.67147412927193	-1000.0	-600.8309296020307	0.0	140.06147412927191	-140.06147412927191	140.06147412927191	333.33333333333337	1000.0	193.2718592040614	140.06147412927191	868.3285258707281	140.06147412927191	-333.33333333333337	1000.0	-1000.0	0.0	8.39	0.0	0.0	333.33333333333337
511	-378.2180886431794	465.09514773863225	291.3410295477265	378.2180886431794	408.9279409045471	-1000.0	-378.2180886431794	-125.97691135682055	291.3410295477265	-291.3410295477265	291.3410295477265	291.3410295477265	1000.0	0.0	291.3410295477265	591.0720590954529	291.3410295477265	-291.3410295477265	1000.0	-1000.0	125.97691135682062	8.39	125.97691135682055	-125.97691135682055	291.3410295477265
512	-464.74354700613503	609.304245010225	320.18284900204503	464.74354700613503	351.24430199591	-1000.0	-464.74354700613503	-39.451452993865075	320.1828490020449	-320.1828490020449	320.1828490020449	320.18284900204503	1000.0	0.0	320.1828490020449	648.7556980040899	320.1828490020449	-320.18284900204503	1000.0	-1000.0	39.45145299386496	8.39	39.451452993865075	-39.451452993865075	320.18284900204515
513	-193.36153753371423	157.00089588952378	229.72217917790476	193.36153753371423	532.1656416441905	-1000.0	-193.36153753371423	-310.8334624662857	229.72217917790476	-229.72217917790476	229.72217917790476	229.72217917790476	1000.0	0.0	229.72217917790476	467.8343583558094	229.72217917790476	-229.72217917790476	1000.0	-999.9999999999999	310.8334624662856	8.39	310.8334624662857	-310.8334624662857	229.72217917790476
514	-599.4007612524947	865.4681891716563	333.33333333333326	599.4007612524947	134.53181082834374	-1000.0	-599.4007612524947	0.0	142.92181082834372	-142.92181082834372	142.92181082834372	333.33333333333326	1000.0	190.41152250498965	142.92181082834372	865.4681891716563	142.92181082834372	-333.33333333333326	1000.0	-999.9999999999999	0.0	8.39	0.0	0.0	333.33333333333337
515	-493.3146255302263	656.9227092170437	329.7065418434088	493.3146255302263	332.19691631318244	-1000.0	-493.3146255302263	-10.880374469773642	329.7065418434088	-329.7065418434088	329.7065418434088	329.7065418434088	1000.0	0.0	329.7065418434088	667.8030836868174	329.7065418434088	-329.7065418434088	1000.0	-1000.0	10.880374469773756	8.39	10.880374469773642	-10.880374469773642	329.7065418434088
516	-500.45485558003696	670.0698074400492	330.8399037200246	500.45485558003696	322.4499037200246	-992.5197111600738	-500.45485558003696	0.0	330.8399037200246	-330.8399037200246	330.8399037200246	330.8399037200246	992.5197111600738	0.0	330.8399037200246	670.0698074400492	330.8399037200246	-330.8399037200246	992.5197111600738	-992.5197111600738	0.0	8.39	0.0	0.0	330.8399037200246
517	-562.5563104510213	791.7792875687092	333.33333333333337	562.5563104510213	208.22071243129085	-1000.0	-562.5563104510213	0.0	216.61071243129084	-216.61071243129084	216.61071243129084	333.33333333333337	1000.0	116.72262090204251	216.61071243129084	791.7792875687092	216.61071243129084	-333.33333333333337	1000.0	-1000.0	0.0	8.39	0.0	0.0	333.33333333333326
518	-377.50344104109683	506.1345880547958	248.87229402739786	377.50344104109683	240.48229402739787	-746.6168820821937	-377.50344104109683	0.0	248.87229402739786	-248.87229402739786	248.87229402739786	248.87229402739786	746.6168820821937	0.0	248.87229402739786	506.1345880547958	248.87229402739786	-248.87229402739786	746.6168820821937	-746.6168820821938	0.0	8.39	0.0	0.0	248.87229402739797
519	-391.47632101473096	573.8335920294619	209.11905000000047	391.47632101473096	53.52355797053798	-480.1516579705379	-391.47632101473096	147.20549202946194	209.11905000000002	-209.11904999999996	209.11904999999996	209.11905000000047	480.1516579705379	0.0	209.11904999999996	426.6281000000005	209.11904999999996	-209.11905000000013	480.1516579705378	-480.1516579705378	-147.20549202946205	8.39	-147.20549202946194	147.20549202946194	209.11904999999996
520	-635.696948061011	938.0605627886888	333.33333333333326	635.696948061011	61.9394372113112	-1000.0	-635.696948061011	0.0	70.32943721131119	-70.32943721131119	70.32943721131119	333.3333333333333	1000.0	263.0038961220221	70.32943721131119	938.0605627886888	70.32943721131119	-333.33333333333326	1000.0	-999.9999999999999	0.0	8.39	0.0	0.0	333.3333333333332
521	-379.96885418906004	509.4218055854134	250.5159027927068	379.96885418906004	242.1259027927068	-751.5477083781202	-379.9688541890601	0.0	250.5159027927068	-250.5159027927068	250.5159027927068	250.5159027927068	751.5477083781202	0.0	250.5159027927068	509.4218055854134	250.5159027927068	-250.5159027927068	751.5477083781202	-751.5477083781201	0.0	8.39	0.0	0.0	250.5159027927068
522	-278.7268482483124	348.33464649662506	209.11905000000047	278.7268482483124	279.0225035033745	-705.6506035033742	-278.7268482483124	-78.29345350337462	209.1190499999998	-209.1190499999998	209.1190499999998	209.11905000000047	705.6506035033742	0.0	209.1190499999998	426.6281000000005	209.1190499999998	-209.11905000000013	705.6506035033742	-705.6506035033742	78.29345350337462	8.39	78.29345350337462	-78.29345350337462	209.11904999999996
523	-241.26802089677216	273.4169917935444	209.11905000000047	241.26802089677216	353.9401582064552	-780.568258206455	-241.26802089677216	-153.21110820645538	209.1190499999998	-209.1190499999998	209.1190499999998	209.11905000000047	780.568258206455	0.0	209.1190499999998	426.6281000000005	209.1190499999998	-209.11905000000013	780.568258206455	-780.568258206455	153.21110820645538	8.39	153.21110820645538	-153.21110820645538	209.11904999999996
524	-593.3159290305438	853.2985247277543	333.3333333333333	593.3159290305438	146.70147527224572	-1000.0	-593.3159290305438	0.0	155.0914752722457	-155.0914752722457	155.0914752722457	333.3333333333333	1000.0	178.24185806108767	155.0914752722457	853.2985247277543	155.0914752722457	-333.3333333333333	1000.0	-1000.0	0.0	8.39	0.0	0.0	333.33333333333326
525	-619.8695595102215	906.4057856871095	333.33333333333337	619.8695595102215	93.59421431289047	-1000.0	-619.8695595102215	0.0	101.98421431289046	-101.98421431289046	101.98421431289046	333.33333333333337	1000.0	231.34911902044286	101.98421431289046	906.4057856871095	101.98421431289046	-333.33333333333337	1000.0	-1000.0	0.0	8.39	0.0	0.0	333.33333333333337
526	-375.15702952861693	503.00603937148924	247.30801968574463	375.15702952861693	238.91801968574464	-741.9240590572339	-375.15702952861693	0.0	247.30801968574463	-247.30801968574463	247.30801968574463	247.30801968574463	741.9240590572339	0.0	247.30801968574463	503.00603937148924	247.30801968574463	-247.30801968574463	741.9240590572339	-741.9240590572339	0.0	8.39	0.0	0.0	247.30801968574463
527	-554.3573930203413	775.3814527073491	333.33333333333337	554.3573930203413	224.61854729265087	-1000.0	-554.3573930203413	0.0	233.00854729265086	-233.00854729265086	233.00854729265086	333.33333333333337	1000.0	100.32478604068244	233.00854729265086	775.3814527073491	233.00854729265086	-333.33333333333337	1000.0	-1000.0	0.0	8.39	0.0	0.0	333.33333333333337
528	-621.2776070782835	909.2218808232338	333.33333333333326	621.2776070782835	90.7781191767662	-1000.0	-621.2776070782835	0.0	99.16811917676614	-99.16811917676614	99.16811917676614	333.33333333333326	1000.0	234.16521415656715	99.16811917676614	909.2218808232338	99.16811917676614	-333.33333333333326	1000.0	-1000.0	0.0	8.39	0.0	0.0	333.3333333333335
529	-637.462109500322	941.5908856673107	333.33333333333326	637.462109500322	58.40911433268941	-1000.0	-637.462109500322	0.0	66.79911433268941	-66.79911433268941	66.79911433268941	333.3333333333333	1000.0	266.53421900064393	66.79911433268941	941.5908856673105	66.79911433268941	-333.33333333333326	1000.0	-999.9999999999999	0.0	8.39	0.0	0.0	333.33333333333314
530	-580.2550384531294	827.1767435729256	333.33333333333326	580.2550384531294	172.8232564270744	-1000.0	-580.2550384531294	0.0	181.21325642707438	-181.21325642707438	181.21325642707438	333.3333333333333	1000.0	152.12007690625896	181.21325642707438	827.1767435729256	181.21325642707438	-333.33333333333326	1000.0	-1000.0	0.0	8.39	0.0	0.0	333.3333333333337
531	-605.7440452109013	908.6160678163519	302.87202260545064	605.7440452109013	0.0	-917.0060678163519	-605.7440452109013	-8.389999999999986	0.0	0.0	0.0	302.87202260545064	917.0060678163519	302.87202260545064	0.0	917.0060678163519	0.0	-302.87202260545064	917.0060678163519	-917.0060678163519	8.389999999999986	8.39	8.389999999999986	-8.389999999999986	302.8720226054506
532	-427.1848427204592	590.6583018065014	263.71138363441685	427.1848427204592	200.47584909674927	-1000.0	-427.1848427204592	-208.86584909674926	0.0	0.0	0.0	263.7113836344169	1000.0	263.7113836344169	0.0	799.5241509032508	0.0	-263.71138363441685	1000.0	-1000.0	208.86584909674926	8.39	208.86584909674926	-208.86584909674926	263.711383634417
533	-693.5113064151888	1000.0	387.0226128303775	693.5113064151888	161.06783849113253	-1000.0	-693.5113064151888	161.06783849113253	330.52567698226505	-330.52567698226505	330.52567698226505	387.02261283037757	1000.0	56.49693584811245	330.52567698226505	838.9321615088675	330.52567698226505	-387.0226128303775	1000.0	-1000.0	-161.06783849113253	8.39	-161.06783849113253	161.06783849113253	387.0226128303772
534	-674.7979390717209	1000.0	349.5958781434417	674.7979390717209	48.78763443032517	-1000.0	-674.7979390717209	48.78763443032517	105.96526886065033	-105.96526886065033	105.96526886065033	349.5958781434417	1000.0	243.6306092827914	105.96526886065033	951.2123655696748	105.96526886065033	-349.5958781434417	1000.0	-1000.0	-48.78763443032517	8.39	-48.78763443032517	48.78763443032517	349.5958781434416
535	-685.9520394899592	1000.0	371.9040789799185	685.9520394899592	115.71223693975514	-1000.0	-685.9520394899592	115.71223693975514	239.81447387951027	-239.81447387951027	239.81447387951027	371.90407897991844	1000.0	132.08960510040808	239.81447387951027	884.2877630602449	239.81447387951027	-371.9040789799185	1000.0	-1000.0	-115.71223693975514	8.39	-115.71223693975514	115.71223693975514	371.90407897991815
536	-248.41872741938104	284.20210414751034	212.6353506912517	248.41872741938096	353.70394792624484	-1000.0	-248.41872741938096	-362.09394792624494	0.0	0.0	0.0	212.63535069125172	1000.0	212.63535069125174	0.0	646.2960520737552	0.0	-212.6353506912517	1000.0	-1000.0	362.0939479262448	8.39	362.09394792624494	-362.09394792624494	212.63535069125186
537	-537.2064701522486	779.2668059752831	295.14613432921385	537.2064701522486	106.17159701235846	-1000.0	-537.2064701522486	-114.56159701235845	0.0	0.0	0.0	295.14613432921385	1000.0	295.14613432921385	0.0	893.8284029876415	0.0	-295.14613432921385	1000.0	-1000.0	114.56159701235845	8.39	114.56159701235845	-114.56159701235845	295.1461343292139
538	-659.4633450273592	989.1950175410389	329.73167251367954	659.4633450273591	0.0	-997.5850175410388	-659.4633450273591	-8.389999999999986	0.0	0.0	0.0	329.7316725136796	997.5850175410388	329.73167251367965	0.0	997.5850175410388	0.0	-329.73167251367954	997.5850175410388	-997.5850175410388	8.389999999999986	8.39	8.389999999999986	-8.389999999999986	329.73167251367965
539	-524.0358135841631	714.7382938349926	333.33333333333337	524.0358135841631	285.26170616500735	-1000.0	-524.0358135841631	0.0	293.65170616500734	-293.65170616500734	293.65170616500734	333.33333333333337	1000.0	39.681627168325974	293.65170616500734	714.7382938349926	293.65170616500734	-333.33333333333337	1000.0	-1000.0	0.0	8.39	0.0	0.0	333.33333333333337
540	-522.6477533402547	711.9621733471761	333.33333333333326	522.6477533402547	288.03782665282387	-1000.0	-522.6477533402547	0.0	296.4278266528238	-296.4278266528238	296.4278266528238	333.33333333333326	1000.0	36.90550668050952	296.4278266528238	711.9621733471761	296.4278266528238	-333.33333333333326	1000.0	-1000.0	0.0	8.39	0.0	0.0	333.33333333333326
541	-571.8101123113794	810.2868912894253	333.33333333333337	571.8101123113794	189.71310871057472	-1000.0	-571.8101123113794	0.0	198.1031087105747	-198.1031087105747	198.1031087105747	333.33333333333337	1000.0	135.23022462275856	198.1031087105747	810.2868912894253	198.1031087105747	-333.33333333333337	1000.0	-1000.0	0.0	8.39	0.0	0.0	333.33333333333337
542	-687.723575362998	1000.0	375.4471507259958	687.723575362998	126.34145217798714	-885.6257536299786	-687.723575362998	240.71569854800867	375.4471507259958	-375.4471507259958	375.4471507259958	375.4471507259958	885.6257536299786	0.0	375.4471507259958	759.2843014519915	375.4471507259958	-375.4471507259958	885.6257536299786	-885.6257536299786	-240.7156985480085	8.39	-240.71569854800867	240.71569854800867	375.4471507259957
543	-686.280068030983	1000.0	372.560136061966	686.280068030983	117.6804081858977	-871.1906803098294	-686.280068030983	246.48972787606837	372.560136061966	-372.560136061966	372.560136061966	372.560136061966	871.1906803098294	0.0	372.560136061966	753.5102721239317	372.560136061966	-372.560136061966	871.1906803098294	-871.1906803098294	-246.4897278760683	8.39	-246.48972787606837	246.48972787606837	372.56013606196575
544	-696.9292252995625	1000.0	393.85845059912515	696.9292252995626	181.57535179737516	-977.6822529956253	-696.9292252995626	203.8930988017499	393.85845059912504	-393.85845059912504	393.85845059912504	393.85845059912515	977.6822529956253	0.0	393.85845059912504	796.1069011982502	393.85845059912504	-393.85845059912515	977.6822529956253	-977.6822529956253	-203.89309880174983	8.39	-203.8930988017499	203.8930988017499	393.85845059912504
545	-684.3539943590258	1000.0	368.70798871805164	684.3539943590258	106.123966154155	-851.9299435902584	-684.3539943590258	254.19402256389662	368.70798871805164	-368.7079887180517	368.7079887180517	368.70798871805164	851.9299435902584	0.0	368.7079887180517	745.8059774361034	368.7079887180517	-368.70798871805164	851.9299435902584	-851.9299435902584	-254.19402256389662	8.39	-254.19402256389662	254.19402256389662	368.7079887180517
546	-685.3869090472837	1000.0	370.7738180945676	685.3869090472837	112.32145428370279	-862.259090472838	-685.3869090472837	250.06236381086478	370.77381809456756	-370.77381809456756	370.77381809456756	370.7738180945676	862.259090472838	0.0	370.77381809456756	749.9376361891352	370.77381809456756	-370.7738180945676	862.259090472838	-862.259090472838	-250.06236381086478	8.39	-250.06236381086478	250.06236381086478	370.77381809456756
547	-687.4654386948455	1000.0	374.930877389691	687.4654386948455	124.79263216907304	-1000.0	-687.4654386948455	124.79263216907304	257.9752643381461	-257.9752643381461	257.9752643381461	374.930877389691	1000.0	116.95561305154496	257.9752643381461	875.207367830927	257.9752643381461	-374.930877389691	1000.0	-1000.0	-124.79263216907304	8.39	-124.79263216907304	124.79263216907304	374.9308773896913
548	-687.2111973942287	1000.0	374.4223947884576	687.2111973942287	123.26718436537271	-1000.0	-687.2111973942287	123.26718436537271	254.9243687307454	-254.9243687307454	254.9243687307454	374.4223947884576	1000.0	119.49802605771214	254.9243687307454	876.7328156346273	254.9243687307454	-374.4223947884576	1000.0	-1000.0	-123.26718436537271	8.39	-123.26718436537271	123.26718436537271	374.4223947884576
549	-688.3355945139471	1000.0	376.6711890278941	688.3355945139471	130.01356708368235	-1000.0	-688.3355945139471	130.01356708368235	268.4171341673647	-268.4171341673647	268.4171341673647	376.6711890278942	1000.0	108.25405486052937	268.4171341673647	869.9864329163177	268.4171341673647	-376.6711890278941	1000.0	-1000.0	-130.01356708368235	8.39	-130.01356708368235	130.01356708368235	376.671189027894
550	-688.8535869246003	1000.0	377.7071738492007	688.8535869246002	133.12152154760133	-1000.0	-688.8535869246002	133.12152154760133	274.63304309520265	-274.63304309520265	274.63304309520265	377.70717384920056	1000.0	103.0741307539976	274.63304309520265	866.8784784523987	274.63304309520265	-377.7071738492007	1000.0	-1000.0	-133.12152154760133	8.39	-133.12152154760133	133.12152154760133	377.70717384920044
551	-697.4272707113408	1000.0	394.8545414226817	697.4272707113408	184.56362426804498	-1000.0	-697.4272707113408	184.56362426804492	377.5172485360899	-377.5172485360899	377.5172485360899	394.8545414226817	1000.0	17.337292886591797	377.5172485360899	815.436375731955	377.5172485360899	-394.8545414226817	1000.0	-1000.0	-184.56362426804498	8.39	-184.56362426804492	184.56362426804492	394.8545414226814
552	-667.0530906637166	1000.0	334.1061813274332	667.0530906637166	2.3185439822997074	-1000.0	-667.0530906637166	2.3185439822997296	13.027087964599446	-13.027087964599446	13.027087964599446	334.10618132743326	1000.0	321.0790933628338	13.027087964599446	997.6814560177003	13.027087964599446	-334.1061813274332	1000.0	-1000.0	-2.3185439822997296	8.39	-2.3185439822997296	2.3185439822997296	334.1061813274331
553	-420.5566439822999	630.8349659734498	210.27832199114994	420.5566439822999	0.0	-428.94664398229986	-420.5566439822998	201.88832199114995	210.27832199114994	-210.27832199114994	210.27832199114994	210.27832199114994	428.94664398229986	0.0	210.27832199114994	428.94664398229986	210.27832199114994	-210.27832199114994	428.94664398229986	-428.94664398229986	-201.88832199114995	8.39	-201.88832199114995	201.88832199114995	210.27832199114982
554	-364.0816639566675	441.5344399277792	286.6288879855558	364.0816639566675	418.3522240288884	-1000.0	-364.0816639566675	-140.11333604333242	286.62888798555593	-286.62888798555593	286.62888798555593	286.6288879855559	1000.0	0.0	286.62888798555593	581.6477759711116	286.62888798555593	-286.6288879855558	1000.0	-1000.0	140.11333604333242	8.39	140.11333604333242	-140.11333604333242	286.62888798555593
555	-660.5951046139689	935.7235076899482	385.4667015379896	660.5951046139688	220.6765969240207	-1000.0	-660.5951046139688	156.4001046139689	385.4667015379896	-385.4667015379896	385.4667015379896	385.46670153798965	1000.0	0.0	385.4667015379896	779.3234030759793	385.4667015379896	-385.4667015379896	1000.0	-1000.0	-156.4001046139689	8.39	-156.4001046139689	156.4001046139689	385.4667015379898
556	-604.0015054092707	874.6696774852082	333.33333333333337	604.0015054092707	125.33032251479176	-1000.0	-604.0015054092707	0.0	133.72032251479175	-133.72032251479175	133.72032251479175	333.33333333333337	1000.0	199.61301081854157	133.72032251479175	874.6696774852082	133.72032251479175	-333.33333333333337	1000.0	-1000.0	0.0	8.39	0.0	0.0	333.33333333333337
557	-676.764117104211	962.6718618403515	390.8563723680703	676.764117104211	209.8972552638594	-1000.0	-676.764117104211	172.56911710421093	390.8563723680703	-390.8563723680703	390.8563723680703	390.8563723680703	1000.0	0.0	390.8563723680703	790.1027447361406	390.8563723680703	-390.8563723680703	1000.0	-999.9999999999999	-172.56911710421093	8.39	-172.56911710421093	172.56911710421093	390.8563723680703
558	-374.2162644926111	539.3134789852224	209.11905000000047	374.2162644926111	88.04367101477726	-514.671771014777	-374.2162644926111	112.68537898522266	209.1190499999999	-209.1190499999999	209.1190499999999	209.11905000000047	514.671771014777	0.0	209.1190499999999	426.6281000000005	209.1190499999999	-209.11905000000013	514.671771014777	-514.6717710147772	-112.68537898522266	8.39	-112.68537898522266	112.68537898522266	209.11904999999996
559	-337.00334668095957	452.1344622412794	221.87223112063975	337.00334668095957	213.48223112063977	-665.6166933619191	-337.00334668095957	0.0	221.87223112063975	-221.87223112063975	221.87223112063975	221.87223112063975	665.6166933619191	0.0	221.87223112063975	452.1344622412794	221.87223112063975	-221.87223112063975	665.6166933619191	-665.6166933619193	0.0	8.39	0.0	0.0	221.87223112063964
560	-409.8842055833054	517.8720093055089	301.89640186110177	409.8842055833054	387.8171962777965	-1000.0	-409.8842055833054	-94.31079441669465	301.8964018611018	-301.89640186110177	301.89640186110177	301.89640186110177	1000.0	0.0	301.89640186110177	612.1828037222035	301.89640186110177	-301.89640186110177	1000.0	-1000.0	94.31079441669465	8.39	94.31079441669465	-94.31079441669465	301.8964018611019
561	-371.95783589060943	534.796621781219	209.11905000000047	371.95783589060943	92.56052821878063	-519.1886282187804	-371.9578358906094	108.16852178121928	209.1190499999999	-209.1190499999999	209.1190499999999	209.11905000000047	519.1886282187804	0.0	209.1190499999999	426.6281000000005	209.1190499999999	-209.11905000000013	519.1886282187804	-519.1886282187805	-108.16852178121917	8.39	-108.16852178121928	108.16852178121928	209.11904999999996
562	-574.3488305640484	815.3643277947633	333.3333333333334	574.3488305640484	184.6356722052367	-1000.0	-574.3488305640484	0.0	193.02567220523667	-193.02567220523667	193.02567220523667	333.3333333333334	1000.0	140.30766112809658	193.02567220523667	815.3643277947633	193.02567220523667	-333.3333333333334	1000.0	-1000.0	0.0	8.39	0.0	0.0	333.33333333333326
563	-339.2606915294716	455.1442553726288	223.37712768631437	339.2606915294716	214.98712768631435	-670.1313830589431	-339.2606915294716	0.0	223.37712768631434	-223.37712768631434	223.37712768631434	223.37712768631437	670.1313830589431	0.0	223.37712768631434	455.1442553726288	223.37712768631434	-223.37712768631437	670.1313830589431	-670.1313830589431	0.0	8.39	0.0	0.0	223.37712768631445
564	-575.6451540329317	817.95697473253	333.33333333333326	575.6451540329317	182.04302526746997	-1000.0	-575.6451540329317	0.0	190.43302526746993	-190.43302526746993	190.43302526746993	333.33333333333326	1000.0	142.9003080658634	190.43302526746993	817.95697473253	190.43302526746993	-333.33333333333326	1000.0	-1000.0	0.0	8.39	0.0	0.0	333.33333333333337
565	-134.92481158132455	59.60635263554104	210.24327052710817	134.92481158132455	571.1234589457837	-1000.0	-134.9248115813246	-369.2701884186755	210.24327052710817	-210.24327052710817	210.24327052710817	210.24327052710817	1000.0	0.0	210.24327052710817	428.87654105421643	210.24327052710817	-210.24327052710817	1000.0	-1000.0	369.2701884186754	8.39	369.2701884186755	-369.2701884186755	210.24327052710805
566	-532.0804198804061	730.8275064274787	333.33333333333337	532.0804198804061	269.17249357252126	-1000.0	-532.0804198804061	0.0	277.56249357252125	-277.56249357252125	277.56249357252125	333.33333333333337	1000.0	55.770839760812066	277.56249357252125	730.8275064274787	277.56249357252125	-333.33333333333337	1000.0	-1000.0	0.0	8.39	0.0	0.0	333.33333333333326
567	-262.07673323686913	315.0344164737385	209.11905000000047	262.07673323686913	312.32273352626123	-738.950833526261	-262.07673323686913	-111.59368352626132	209.1190499999999	-209.1190499999999	209.1190499999999	209.11905000000047	738.950833526261	0.0	209.1190499999999	426.6281000000005	209.1190499999999	-209.11905000000013	738.950833526261	-738.9508335262611	111.59368352626132	8.39	111.59368352626132	-111.59368352626132	209.11904999999996
568	-196.5362425493169	183.95343509863403	209.11905000000047	196.53624254931697	443.40371490136545	-1000.0	-196.5362425493169	-372.6428499999988	79.15086490136491	-79.15086490136491	79.15086490136491	209.11905000000047	1000.0	129.9681850986349	79.15086490136491	556.5962850986346	79.15086490136491	-209.11905000000013	1000.0	-1000.0	372.64284999999927	8.39	372.6428499999995	-372.6428499999995	209.11904999999996
569	-195.24768147571535	181.37631295143092	209.11905000000047	195.24768147571535	445.9808370485688	-1000.0	-195.24768147571535	-372.6428499999988	81.72798704856848	-81.72798704856848	81.72798704856848	209.11905000000047	1000.0	127.39106295143141	81.72798704856848	554.0191629514312	81.72798704856848	-209.11905000000013	1000.0	-1000.0	372.64284999999927	8.39	372.6428499999995	-372.6428499999995	209.11904999999996
570	-154.0057069909854	98.89236398197102	209.11905000000047	154.00570699098535	528.4647860180288	-1000.0	-154.0057069909854	-372.6428499999988	164.21193601802872	-164.21193601802872	164.21193601802872	209.11905000000047	1000.0	44.90711398197128	164.21193601802872	471.5352139819712	164.21193601802872	-209.11905000000013	1000.0	-1000.0	372.64284999999927	8.39	372.6428499999995	-372.6428499999995	209.11904999999996
571	-135.91135995025718	62.70366990051457	209.11905000000047	135.91135995025718	564.653480099485	-1000.0	-135.91135995025718	-372.6428499999988	200.4006300994845	-200.4006300994845	200.4006300994845	209.11905000000047	1000.0	8.718419900515356	200.4006300994845	435.346519900515	200.4006300994845	-209.11905000000013	1000.0	-1000.0	372.64284999999927	8.39	372.6428499999995	-372.6428499999995	209.11904999999996
572	-152.7248567079995	96.3306634159992	209.11905000000047	152.7248567079995	531.0264865840004	-1000.0	-152.7248567079995	-372.6428499999988	166.77363658399986	-166.77363658399986	166.77363658399986	209.11905000000047	1000.0	42.34541341599996	166.77363658399986	468.9735134159996	166.77363658399986	-209.11905000000013	1000.0	-1000.0	372.64284999999927	8.39	372.6428499999995	-372.6428499999995	209.11904999999996
573	-401.89839045992596	504.56231743320996	299.234463486642	401.89839045992596	393.1410730267161	-1000.0	-401.89839045992596	-102.29660954007406	299.2344634866421	-299.2344634866421	299.2344634866421	299.234463486642	1000.0	0.0	299.2344634866421	606.8589269732839	299.2344634866421	-299.234463486642	1000.0	-1000.0	102.29660954007397	8.39	102.29660954007406	-102.29660954007406	299.2344634866421
574	-274.49494782109514	339.8708456421905	209.11905000000047	274.49494782109514	287.4863043578089	-714.1144043578084	-274.49494782109514	-86.75725435780907	209.1190499999998	-209.1190499999998	209.1190499999998	209.11905000000047	714.1144043578084	0.0	209.1190499999998	426.6281000000005	209.1190499999998	-209.11905000000013	714.1144043578084	-714.1144043578084	86.75725435780907	8.39	86.75725435780907	-86.75725435780907	209.11904999999996
575	-486.48629191419286	645.5421531903213	327.43043063806425	486.48629191419286	336.7491387238715	-1000.0	-486.48629191419286	-17.70870808580719	327.4304306380643	-327.4304306380643	327.4304306380643	327.43043063806425	1000.0	0.0	327.4304306380643	663.2508612761285	327.4304306380643	-327.43043063806425	1000.0	-1000.0	17.70870808580719	8.39	17.70870808580719	-17.70870808580719	327.4304306380643
576	-439.18229295278513	566.7021549213085	311.66243098426173	439.18229295278513	368.2851380314766	-1000.0	-439.18229295278513	-65.0127070472148	311.66243098426173	-311.66243098426173	311.66243098426173	311.66243098426173	1000.0	0.0	311.66243098426173	631.7148619685233	311.66243098426173	-311.66243098426173	1000.0	-1000.0	65.01270704721487	8.39	65.0127070472148	-65.0127070472148	311.66243098426173
577	-272.29907695820134	335.4791039164029	209.11905000000047	272.29907695820134	291.8780460835968	-718.5061460835966	-272.29907695820134	-91.1489960835969	209.1190499999999	-209.1190499999999	209.1190499999999	209.11905000000047	718.5061460835966	0.0	209.1190499999999	426.6281000000005	209.1190499999999	-209.11905000000013	718.5061460835966	-718.5061460835966	91.14899608359701	8.39	91.1489960835969	-91.1489960835969	209.11904999999996
578	-222.1816612997036	235.2442725994074	209.11905000000047	222.1816612997036	392.1128774005923	-818.7409774005921	-222.1816612997036	-191.3838274005924	209.1190499999999	-209.1190499999999	209.1190499999999	209.11905000000047	818.7409774005921	0.0	209.1190499999999	426.6281000000005	209.1190499999999	-209.11905000000013	818.7409774005921	-818.7409774005922	191.3838274005924	8.39	191.3838274005924	-191.3838274005924	209.11904999999996
579	-220.00488329427765	230.8907165885555	209.11905000000047	220.00488329427765	396.4664334114442	-823.094533411444	-220.00488329427765	-195.73738341144428	209.1190499999999	-209.1190499999999	209.1190499999999	209.11905000000047	823.094533411444	0.0	209.1190499999999	426.6281000000005	209.1190499999999	-209.11905000000013	823.094533411444	-823.0945334114439	195.7373834114444	8.39	195.73738341144428	-195.73738341144428	209.11904999999996
580	-396.5686622480762	495.67943708012683	297.45788741602536	396.5686622480762	396.6942251679493	-1000.0	-396.5686622480762	-107.62633775192387	297.4578874160254	-297.4578874160254	297.4578874160254	297.45788741602536	1000.0	0.0	297.4578874160254	603.3057748320507	297.4578874160254	-297.45788741602536	1000.0	-1000.0	107.62633775192387	8.39	107.62633775192387	-107.62633775192387	297.4578874160254
581	-589.4335521749022	817.1209202915035	361.7461840583007	589.4335521749022	268.11763188339864	-1000.0	-589.4335521749022	85.23855217490211	361.74618405830074	-361.74618405830074	361.74618405830074	361.7461840583007	1000.0	0.0	361.74618405830074	731.8823681166014	361.74618405830074	-361.7461840583007	1000.0	-1000.0	-85.23855217490211	8.39	-85.23855217490211	85.23855217490211	361.74618405830074
582	-593.7308517269207	824.2830862115344	363.17861724230687	593.7308517269207	265.2527655153863	-1000.0	-593.7308517269207	89.53585172692067	363.1786172423069	-363.1786172423069	363.1786172423069	363.17861724230687	1000.0	0.0	363.1786172423069	734.7472344846137	363.1786172423069	-363.17861724230687	1000.0	-1000.0	-89.53585172692067	8.39	-89.53585172692067	89.53585172692067	363.1786172423069
583	-227.25133045944006	245.38361091888024	209.11905000000047	227.25133045944006	381.97353908111984	-808.6016390811197	-227.25133045944006	-181.2444890811198	209.11905000000002	-209.11905000000002	209.11905000000002	209.11905000000047	808.6016390811197	0.0	209.11905000000002	426.6281000000005	209.11905000000002	-209.11905000000013	808.6016390811197	-808.6016390811197	181.2444890811198	8.39	181.2444890811198	-181.2444890811198	209.11904999999996
584	-688.5320782633896	1000.0	377.06415652677913	688.5320782633896	131.19246958033744	-893.7107826338957	-688.5320782633896	237.48168694644176	377.06415652677913	-377.06415652677913	377.06415652677913	377.06415652677913	893.7107826338957	0.0	377.06415652677913	762.5183130535584	377.06415652677913	-377.06415652677913	893.7107826338957	-893.7107826338959	-237.48168694644164	8.39	-237.48168694644176	237.48168694644176	377.064156526779
585	-208.61873813549437	182.42956355915737	234.80791271183156	208.61873813549437	521.9941745763371	-1000.0	-208.61873813549443	-295.57626186450557	234.8079127118316	-234.8079127118316	234.8079127118316	234.80791271183156	1000.0	0.0	234.8079127118316	478.00582542366294	234.8079127118316	-234.80791271183156	1000.0	-1000.0	295.57626186450557	8.39	295.57626186450557	-295.57626186450557	234.8079127118316
586	-417.9146911551371	560.0162548735161	275.8131274367581	417.9146911551371	267.4231274367581	-827.4393823102743	-417.9146911551371	0.0	275.8131274367581	-275.8131274367581	275.8131274367581	275.8131274367581	827.4393823102743	0.0	275.8131274367581	560.0162548735161	275.8131274367581	-275.8131274367581	827.4393823102743	-827.4393823102741	0.0	8.39	0.0	0.0	275.8131274367581
587	-632.3251969783445	931.3170606233555	333.33333333333337	632.3251969783445	68.68293937664453	-1000.0	-632.3251969783445	0.0	77.07293937664451	-77.07293937664451	77.07293937664451	333.33333333333337	1000.0	256.26039395668886	77.07293937664451	931.3170606233555	77.07293937664451	-333.33333333333337	1000.0	-1000.0	0.0	8.39	0.0	0.0	333.33333333333337
588	-585.1448472219877	809.9730787033127	360.31661574066254	585.1448472219877	270.97676851867493	-1000.0	-585.1448472219877	80.94984722198762	360.31661574066254	-360.31661574066254	360.31661574066254	360.31661574066254	1000.0	0.0	360.31661574066254	729.0232314813251	360.31661574066254	-360.31661574066254	1000.0	-999.9999999999999	-80.94984722198762	8.39	-80.94984722198762	80.94984722198762	360.3166157406624
589	-453.21521989804705	607.0836265307294	299.34681326536474	453.21521989804705	290.95681326536476	-898.0404397960941	-453.21521989804705	0.0	299.34681326536474	-299.34681326536474	299.34681326536474	299.34681326536474	898.0404397960941	0.0	299.34681326536474	607.0836265307294	299.34681326536474	-299.34681326536474	898.0404397960941	-898.0404397960942	0.0	8.39	0.0	0.0	299.34681326536463
590	-411.396890792023	551.3258543893639	271.46792719468203	411.396890792023	263.0779271946821	-814.4037815840461	-411.396890792023	0.0	271.46792719468203	-271.46792719468203	271.46792719468203	271.46792719468203	814.4037815840461	0.0	271.46792719468203	551.3258543893639	271.46792719468203	-271.46792719468203	814.4037815840461	-814.4037815840461	0.0	8.39	0.0	0.0	271.46792719468203
591	-631.0803987505312	928.8274641677293	333.33333333333326	631.0803987505312	71.17253583227064	-1000.0	-631.0803987505312	0.0	79.56253583227067	-79.56253583227067	79.56253583227067	333.33333333333326	1000.0	253.7707975010627	79.56253583227067	928.8274641677293	79.56253583227067	-333.33333333333326	1000.0	-999.9999999999999	0.0	8.39	0.0	0.0	333.3333333333335
592	-512.2415000313166	691.1496667293	333.33333333333326	512.2415000313166	308.8503332707	-1000.0	-512.2415000313166	0.0	317.2403332706999	-317.2403332706999	317.2403332706999	333.33333333333326	1000.0	16.09300006263333	317.2403332706999	691.1496667293	317.2403332706999	-333.33333333333326	1000.0	-1000.0	0.0	8.39	0.0	0.0	333.33333333333326
593	-459.8617147246197	615.9456196328264	303.7778098164132	459.8617147246197	295.3878098164132	-911.3334294492396	-459.8617147246197	0.0	303.7778098164132	-303.7778098164132	303.7778098164132	303.7778098164132	911.3334294492396	0.0	303.7778098164132	615.9456196328264	303.7778098164132	-303.7778098164132	911.3334294492396	-911.3334294492396	1.1368683772161603e-13	8.39	0.0	0.0	303.7778098164132
594	-495.32717676875484	663.2329023583397	327.4214511791699	495.32717676875484	319.03145117916995	-982.2643535375097	-495.32717676875484	0.0	327.42145117916994	-327.42145117916994	327.42145117916994	327.4214511791699	982.2643535375097	0.0	327.42145117916994	663.2329023583397	327.42145117916994	-327.4214511791699	982.2643535375097	-982.2643535375096	0.0	8.39	0.0	0.0	327.4214511791698
595	-648.466184146342	963.5990349593507	333.33333333333337	648.4661841463419	36.40096504064926	-1000.0	-648.4661841463419	0.0	44.79096504064926	-44.79096504064926	44.79096504064926	333.33333333333337	1000.0	288.5423682926841	44.79096504064926	963.5990349593508	44.79096504064926	-333.33333333333337	1000.0	-1000.0	1.1368683772161603e-13	8.39	0.0	0.0	333.3333333333333
596	-662.3269699338997	991.3206065344659	333.33333333333337	662.3269699338997	8.679393465534076	-1000.0	-662.3269699338997	0.0	17.069393465534063	-17.069393465534063	17.069393465534063	333.33333333333337	1000.0	316.26393986779925	17.069393465534063	991.3206065344659	17.069393465534063	-333.33333333333337	1000.0	-1000.0	0.0	8.39	0.0	0.0	333.33333333333337
597	-583.9662458783247	834.5991584233162	333.33333333333326	583.9662458783247	165.4008415766838	-1000.0	-583.9662458783247	0.0	173.79084157668376	-173.79084157668376	173.79084157668376	333.33333333333326	1000.0	159.54249175664958	173.79084157668376	834.5991584233162	173.79084157668376	-333.33333333333326	1000.0	-1000.0	-1.1368683772161603e-13	8.39	0.0	0.0	333.33333333333326
598	-443.2134627802134	593.7479503736179	292.6789751868089	443.2134627802134	284.28897518680895	-878.0369255604268	-443.2134627802134	0.0	292.6789751868089	-292.6789751868089	292.6789751868089	292.6789751868089	878.0369255604268	0.0	292.6789751868089	593.7479503736179	292.6789751868089	-292.6789751868089	878.0369255604268	-878.0369255604269	0.0	8.39	0.0	0.0	292.6789751868089
599	-550.1629880715822	766.9926428098312	333.33333333333326	550.1629880715822	233.00735719016885	-1000.0	-550.1629880715822	0.0	241.3973571901688	-241.3973571901688	241.3973571901688	333.33333333333326	1000.0	91.93597614316444	241.3973571901688	766.9926428098312	241.3973571901688	-333.33333333333326	1000.0	-1000.0	-1.1368683772161603e-13	8.39	0.0	0.0	333.33333333333326
600	-608.2019777528525	883.0706221723718	333.33333333333326	608.2019777528525	116.92937782762822	-1000.0	-608.2019777528525	0.0	125.31937782762816	-125.31937782762816	125.31937782762816	333.33333333333326	1000.0	208.0139555057051	125.31937782762816	883.0706221723718	125.31937782762816	-333.33333333333326	1000.0	-1000.0	-1.1368683772161603e-13	8.39	0.0	0.0	333.33333333333326
601	-580.8604229661306	828.3875125989281	333.33333333333326	580.8604229661306	171.61248740107195	-1000.0	-580.8604229661306	0.0	180.0024874010719	-180.0024874010719	180.0024874010719	333.33333333333326	1000.0	153.33084593226135	180.0024874010719	828.3875125989281	180.0024874010719	-333.33333333333326	1000.0	-1000.0	-1.1368683772161603e-13	8.39	0.0	0.0	333.33333333333326
602	-609.414269493161	885.4952056529888	333.33333333333326	609.414269493161	114.50479434701121	-1000.0	-609.414269493161	0.0	122.89479434701116	-122.89479434701116	122.89479434701116	333.33333333333326	1000.0	210.43853898632216	122.89479434701116	885.4952056529888	122.89479434701116	-333.33333333333326	1000.0	-1000.0	-1.1368683772161603e-13	8.39	0.0	0.0	333.33333333333326
603	-579.4771565811184	825.6209798289033	333.33333333333337	579.4771565811184	174.37902017109673	-1000.0	-579.4771565811184	0.0	182.7690201710967	-182.7690201710967	182.7690201710967	333.33333333333337	1000.0	150.56431316223657	182.7690201710967	825.6209798289033	182.7690201710967	-333.33333333333337	1000.0	-1000.0	0.0	8.39	0.0	0.0	333.33333333333337
604	-611.831584062863	890.3298347923926	333.33333333333337	611.831584062863	109.6701652076074	-1000.0	-611.831584062863	0.0	118.06016520760738	-118.06016520760738	118.06016520760738	333.33333333333337	1000.0	215.273168125726	118.06016520760738	890.3298347923926	118.06016520760738	-333.33333333333337	1000.0	-1000.0	0.0	8.39	0.0	0.0	333.33333333333337
605	-183.05997294476185	157.00089588952392	209.11905000000047	183.05997294476185	470.3562541104755	-896.9843541104751	-183.05997294476185	-269.62720411047576	209.1190499999998	-209.1190499999998	209.1190499999998	209.11905000000047	896.9843541104751	0.0	209.1190499999998	426.6281000000005	209.1190499999998	-209.11905000000013	896.9843541104751	-896.9843541104751	269.62720411047576	8.39	269.62720411047576	-269.62720411047576	209.11904999999996
606	-587.2570662692729	841.1807992052125	333.3333333333333	587.2570662692729	158.81920079478755	-1000.0	-587.2570662692729	0.0	167.20920079478753	-167.20920079478753	167.20920079478753	333.3333333333333	1000.0	166.12413253854587	167.20920079478753	841.1807992052125	167.20920079478753	-333.3333333333333	1000.0	-1000.0	0.0	8.39	0.0	0.0	333.3333333333335
607	-176.85169413907988	129.4844902317999	224.21889804636007	176.85169413907988	543.17220390728	-1000.0	-176.85169413907994	-327.3433058609201	224.2188980463601	-224.2188980463601	224.2188980463601	224.21889804636007	1000.0	0.0	224.2188980463601	456.82779609271995	224.2188980463601	-224.21889804636007	1000.0	-1000.0	327.34330586092005	8.39	327.3433058609201	-327.3433058609201	224.2188980463601
608	-648.590542068815	970.2109292608258	326.9701548768044	648.5905420688149	10.699535369587124	-1000.0	-648.5905420688149	-19.08953536958711	0.0	0.0	0.0	326.9701548768044	1000.0	326.97015487680426	0.0	989.3004646304129	0.0	-326.9701548768044	1000.0	-1000.0	19.08953536958711	8.39	19.08953536958711	-19.08953536958711	326.97015487680426
609	-163.2263104911807	117.33357098236138	209.11905000000047	163.2263104911807	510.02357901763867	-1000.0	-163.2263104911807	-372.6428499999988	145.7707290176387	-145.7707290176387	145.7707290176387	209.11905000000047	1000.0	63.348320982361315	145.7707290176387	489.97642098236133	145.7707290176387	-209.11905000000013	1000.0	-1000.0	372.64284999999927	8.39	372.6428499999995	-372.6428499999995	209.11904999999996
610	-678.2045247110044	1000.0	356.4090494220089	678.2045247110044	69.22714826602646	-1000.0	-678.2045247110044	69.22714826602646	146.8442965320529	-146.8442965320529	146.8442965320529	356.4090494220089	1000.0	209.56475288995588	146.8442965320529	930.7728517339735	146.8442965320529	-356.4090494220089	1000.0	-1000.0	-69.22714826602646	8.39	-69.22714826602646	69.22714826602646	356.40904942200876
611	-694.4238130959185	1000.0	388.84762619183726	694.4238130959185	166.54287857551165	-1000.0	-694.4238130959185	166.54287857551165	341.4757571510233	-341.4757571510233	341.4757571510233	388.84762619183726	1000.0	47.37186904081396	341.4757571510233	833.4571214244884	341.4757571510233	-388.84762619183726	1000.0	-1000.0	-166.54287857551162	8.39	-166.54287857551165	166.54287857551165	388.84762619183726
612	-666.7004868251556	1000.0	333.40097365031113	666.7004868251556	0.20292095093335547	-1000.0	-666.7004868251556	0.20292095093334162	8.795841901866698	-8.795841901866698	8.795841901866698	333.40097365031113	1000.0	324.6051317484444	8.795841901866698	999.7970790490666	8.795841901866698	-333.40097365031113	1000.0	-1000.0	-0.20292095093338958	8.39	-0.20292095093334162	0.20292095093334162	333.400973650311
613	-694.1880569883997	1000.0	388.37611397679933	694.1880569883997	165.12834193039797	-1000.0	-694.1880569883997	165.12834193039794	338.6466838607959	-338.6466838607959	338.6466838607959	388.37611397679933	1000.0	49.72943011600339	338.6466838607959	834.8716580696021	338.6466838607959	-388.37611397679933	1000.0	-1000.0	-165.12834193039794	8.39	-165.12834193039794	165.12834193039794	388.3761139767992
614	-666.9359131171354	1000.0	333.8718262342708	666.9359131171354	1.6154787028124133	-1000.0	-666.9359131171354	1.615478702812398	11.620957405624813	-11.620957405624813	11.620957405624813	333.8718262342708	1000.0	322.250868828646	11.620957405624813	998.3845212971876	11.620957405624813	-333.8718262342708	1000.0	-1000.0	-1.6154787028124247	8.39	-1.615478702812398	1.615478702812398	333.8718262342707
615	-668.5401283564888	1000.0	337.08025671297776	668.5401283564888	11.240770138933442	-1000.0	-668.5401283564888	11.240770138933414	30.871540277866856	-30.871540277866856	30.871540277866856	337.0802567129778	1000.0	306.20871643511094	30.871540277866856	988.7592298610666	30.871540277866856	-337.08025671297776	1000.0	-1000.0	-11.240770138933385	8.39	-11.240770138933414	11.240770138933414	337.0802567129777
616	-698.2633668958717	1000.0	396.5267337917436	698.2633668958717	189.5802013752309	-991.0236689587182	-698.2633668958717	198.5565324165127	396.5267337917436	-396.5267337917436	396.5267337917436	396.5267337917436	991.0236689587182	0.0	396.5267337917436	801.4434675834873	396.5267337917436	-396.5267337917436	991.0236689587182	-991.0236689587182	-198.55653241651274	8.39	-198.5565324165127	198.5565324165127	396.5267337917437
617	-696.5794751255395	1000.0	393.158950251079	696.5794751255395	179.47685075323685	-1000.0	-696.5794751255395	179.47685075323687	367.34370150647374	-367.34370150647374	367.34370150647374	393.158950251079	1000.0	25.815248744605228	367.34370150647374	820.5231492467631	367.34370150647374	-393.158950251079	1000.0	-999.9999999999999	-179.47685075323687	8.39	-179.47685075323687	179.47685075323687	393.158950251079
618	-673.257132593644	1000.0	346.51426518728795	673.257132593644	39.542795561863805	-1000.0	-673.257132593644	39.54279556186379	87.4755911237276	-87.4755911237276	87.4755911237276	346.51426518728795	1000.0	259.03867406356034	87.4755911237276	960.4572044381362	87.4755911237276	-346.51426518728795	1000.0	-1000.0	-39.542795561863805	8.39	-39.54279556186379	39.54279556186379	346.51426518728795
619	-451.4406050057607	677.1609075086411	225.72030250288037	451.44060500576074	0.0	-459.83060500576073	-451.44060500576074	217.3303025028804	225.72030250288037	-225.72030250288037	225.72030250288037	225.72030250288037	459.83060500576073	0.0	225.72030250288037	459.83060500576073	225.72030250288037	-225.72030250288037	459.83060500576073	-459.83060500576073	-217.3303025028804	8.39	-217.3303025028804	217.3303025028804	225.72030250288037
620	-356.0744607487136	428.1891012478559	283.9598202495712	356.0744607487136	423.69035950085765	-1000.0	-356.07446074871353	-148.12053925128646	283.9598202495712	-283.9598202495712	283.9598202495712	283.9598202495712	1000.0	0.0	283.9598202495712	576.3096404991423	283.9598202495712	-283.9598202495712	1000.0	-999.9999999999999	148.12053925128646	8.39	148.12053925128646	-148.12053925128646	283.9598202495712
621	-241.2680208967721	236.84503482795344	245.69100696559076	241.2680208967721	500.2279860688186	-1000.0	-241.2680208967721	-262.9269791032279	245.6910069655907	-245.6910069655907	245.6910069655907	245.6910069655907	1000.0	0.0	245.6910069655907	499.7720139311814	245.6910069655907	-245.69100696559076	1000.0	-1000.0	262.92697910322795	8.39	262.9269791032279	-262.9269791032279	245.69100696559065
622	-584.7521244497568	836.1709155661804	333.33333333333326	584.7521244497568	163.82908443381962	-1000.0	-584.7521244497568	0.0	172.21908443381963	-172.21908443381963	172.21908443381963	333.3333333333333	1000.0	161.11424889951374	172.21908443381963	836.1709155661804	172.21908443381963	-333.33333333333326	1000.0	-1000.0	0.0	8.39	0.0	0.0	333.33333333333337
623	-533.8775153913233	734.4216974493133	333.33333333333326	533.8775153913233	265.5783025506866	-1000.0	-533.8775153913233	0.0	273.96830255068653	-273.96830255068653	273.96830255068653	333.33333333333326	1000.0	59.365030782646734	273.96830255068653	734.4216974493133	273.96830255068653	-333.33333333333326	1000.0	-1000.0	0.0	8.39	0.0	0.0	333.3333333333335
624	-530.4336829384647	727.5340325435961	333.33333333333326	530.4336829384647	272.4659674564038	-1000.0	-530.4336829384647	0.0	280.85596745640373	-280.85596745640373	280.85596745640373	333.33333333333326	1000.0	52.477365876929596	280.85596745640373	727.5340325435961	280.85596745640373	-333.33333333333326	1000.0	-1000.0	0.0	8.39	0.0	0.0	333.3333333333335
625	-397.30759639928436	532.5401285323791	262.07506426618954	397.3075963992844	253.68506426618956	-786.2251927985686	-397.3075963992844	0.0	262.07506426618954	-262.07506426618954	262.07506426618954	262.07506426618954	786.2251927985686	0.0	262.07506426618954	532.5401285323791	262.07506426618954	-262.07506426618954	786.2251927985686	-786.2251927985686	0.0	8.39	0.0	0.0	262.07506426618954
626	-248.2865640738264	287.45407814765264	209.11905000000047	248.2865640738264	339.9030718523475	-766.5311718523475	-248.28656407382636	-139.17402185234744	209.11905000000013	-209.11905000000013	209.11905000000013	209.11905000000047	766.5311718523475	0.0	209.11905000000013	426.6281000000005	209.11905000000013	-209.11905000000013	766.5311718523475	-766.5311718523474	139.17402185234732	8.39	139.17402185234744	-139.17402185234744	209.11904999999996
627	-308.380943908531	348.69990651421824	268.0619813028436	308.380943908531	455.4860373943127	-1000.0	-308.3809439085309	-195.81405609146907	268.0619813028436	-268.06198130284366	268.06198130284366	268.06198130284366	1000.0	0.0	268.06198130284366	544.5139626056873	268.06198130284366	-268.0619813028436	1000.0	-1000.0	195.81405609146907	8.39	195.81405609146907	-195.81405609146907	268.06198130284355
628	-557.180010619533	781.0266879057328	333.33333333333326	557.180010619533	218.97331209426716	-1000.0	-557.180010619533	0.0	227.36331209426714	-227.36331209426714	227.36331209426714	333.3333333333333	1000.0	105.97002123906623	227.36331209426714	781.0266879057328	227.36331209426714	-333.33333333333326	1000.0	-1000.0	0.0	8.39	0.0	0.0	333.3333333333335
629	-328.19163198982733	440.3855093197699	215.9977546598849	328.19163198982733	207.6077546598849	-647.9932639796548	-328.19163198982733	0.0	215.9977546598849	-215.9977546598849	215.9977546598849	215.99775465988492	647.9932639796548	0.0	215.9977546598849	440.3855093197699	215.9977546598849	-215.9977546598849	647.9932639796548	-647.9932639796548	0.0	8.39	0.0	0.0	215.997754659885
630	-384.8768796683155	476.19313278052607	293.56062655610515	384.8768796683155	404.4887468877896	-1000.0	-384.87687966831555	-119.31812033168438	293.56062655610526	-293.56062655610526	293.56062655610526	293.56062655610515	1000.0	0.0	293.56062655610526	595.5112531122104	293.56062655610526	-293.56062655610515	1000.0	-1000.0	119.31812033168433	8.39	119.31812033168438	-119.31812033168438	293.56062655610526
631	-317.06629927048033	363.17549878413394	270.9570997568268	317.0662992704804	449.6958004863464	-1000.0	-317.0662992704804	-187.1287007295196	270.9570997568268	-270.9570997568268	270.9570997568268	270.9570997568268	1000.0	0.0	270.9570997568268	550.3041995136537	270.9570997568268	-270.9570997568268	1000.0	-1000.0	187.12870072951972	8.39	187.1287007295196	-187.1287007295196	270.9570997568268
632	-253.70161992418502	257.5676998736417	249.83553997472836	253.70161992418502	491.9389200505434	-1000.0	-253.70161992418502	-250.49338007581503	249.83553997472836	-249.83553997472836	249.83553997472836	249.83553997472836	1000.0	0.0	249.83553997472836	508.0610799494566	249.83553997472836	-249.83553997472836	1000.0	-1000.0	250.49338007581497	8.39	250.49338007581503	-250.49338007581503	249.83553997472836
633	-557.0843997742887	763.2056662904813	350.96313325809626	557.0843997742887	289.6837334838075	-1000.0	-557.0843997742887	52.88939977428879	350.96313325809626	-350.96313325809626	350.96313325809626	350.96313325809626	1000.0	0.0	350.96313325809626	710.3162665161925	350.96313325809626	-350.96313325809626	1000.0	-999.9999999999999	-52.88939977428879	8.39	-52.88939977428879	52.88939977428879	350.96313325809626
634	-549.5762019695233	750.6920032825388	348.4604006565077	549.5762019695233	294.68919868698447	-1000.0	-549.5762019695233	45.38120196952332	348.4604006565078	-348.4604006565078	348.4604006565078	348.4604006565078	1000.0	0.0	348.4604006565078	705.3108013130155	348.4604006565078	-348.4604006565077	1000.0	-1000.0	-45.38120196952332	8.39	-45.38120196952332	45.38120196952332	348.4604006565079
635	-686.6598821303971	1000.0	373.3197642607943	686.6598821303971	119.95929278238289	-1000.0	-686.6598821303971	119.95929278238293	248.30858556476585	-248.30858556476585	248.30858556476585	373.3197642607943	1000.0	125.01117869602848	248.30858556476585	880.0407072176171	248.30858556476585	-373.3197642607943	1000.0	-1000.0	-119.95929278238293	8.39	-119.95929278238293	119.95929278238293	373.3197642607944
636	-258.32182626965266	265.2680437827546	251.37560875655083	258.32182626965266	488.85878248689824	-1000.0	-258.32182626965266	-245.87317373034728	251.37560875655095	-251.37560875655095	251.37560875655095	251.37560875655083	1000.0	0.0	251.37560875655095	511.14121751310176	251.37560875655095	-251.37560875655083	1000.0	-1000.0	245.87317373034722	8.39	245.87317373034728	-245.87317373034728	251.37560875655095
637	-545.8258684320745	744.4414473867909	347.21028947735823	545.8258684320745	297.18942104528367	-1000.0	-545.8258684320745	41.63086843207452	347.2102894773582	-347.2102894773582	347.2102894773582	347.2102894773582	1000.0	0.0	347.2102894773582	702.8105789547163	347.2102894773582	-347.21028947735823	1000.0	-1000.0	-41.63086843207452	8.39	-41.63086843207452	41.63086843207452	347.21028947735806
638	-664.8009731880188	942.733288646698	386.8686577293396	664.8009731880188	217.8726845413209	-1000.0	-664.8009731880188	160.6059731880187	386.8686577293396	-386.8686577293396	386.8686577293396	386.8686577293396	1000.0	0.0	386.8686577293396	782.127315458679	386.8686577293396	-386.8686577293396	1000.0	-1000.0	-160.60597318801894	8.39	-160.6059731880187	160.6059731880187	386.8686577293396
639	-497.82659317226523	666.5654575630203	329.0877287815101	497.82659317226523	320.69772878151014	-987.2631863445304	-497.82659317226523	0.0	329.0877287815101	-329.0877287815101	329.0877287815101	329.0877287815101	987.2631863445304	0.0	329.0877287815101	666.5654575630202	329.0877287815101	-329.0877287815101	987.2631863445304	-987.2631863445305	0.0	8.39	0.0	0.0	329.0877287815101
640	-415.1649152918718	621.2107805837435	209.11905000000047	415.1649152918718	6.1463694162569205	-627.3571500000004	-415.1649152918718	0.0	14.536369416256921	-14.536369416256921	14.536369416256921	209.11905000000047	627.3571500000004	194.58268058374324	14.536369416256921	621.2107805837435	14.536369416256921	-209.11905000000013	627.3571500000004	-627.3571500000004	0.0	8.39	0.0	0.0	209.11904999999996
641	-563.7852677657536	794.2372021981737	333.33333333333337	563.7852677657536	205.7627978018263	-1000.0	-563.7852677657536	0.0	214.1527978018263	-214.1527978018263	214.1527978018263	333.33333333333337	1000.0	119.18053553150703	214.1527978018263	794.2372021981737	214.1527978018263	-333.33333333333337	1000.0	-1000.0	0.0	8.39	0.0	0.0	333.3333333333336
642	-456.3810025561199	684.5715038341799	228.19050127805997	456.3810025561198	0.0	-692.9615038341799	-456.3810025561198	-8.389999999999986	0.0	0.0	0.0	228.19050127805997	692.9615038341799	228.19050127805997	0.0	692.9615038341799	0.0	-228.19050127805997	692.9615038341799	-692.9615038341799	8.389999999999986	8.39	8.389999999999986	-8.389999999999986	228.19050127805997
643	-660.9956601181833	988.6579869030332	333.33333333333326	660.9956601181833	11.342013096966678	-1000.0	-660.9956601181833	0.0	19.73201309696668	-19.73201309696668	19.73201309696668	333.33333333333326	1000.0	313.6013202363667	19.73201309696668	988.6579869030334	19.73201309696668	-333.33333333333326	1000.0	-1000.0	0.0	8.39	0.0	0.0	333.3333333333333
644	-529.0006278602135	793.5009417903204	264.5003139301067	529.0006278602135	0.0	-793.5009417903204	-529.0006278602135	0.0	8.39	-8.39	8.39	264.5003139301067	793.5009417903204	256.1103139301069	8.39	793.5009417903204	8.39	-264.5003139301067	793.5009417903204	-793.5009417903204	0.0	8.39	0.0	0.0	264.50031393010687
645	-642.8378948947604	952.3424564561877	333.33333333333337	642.8378948947604	47.65754354381228	-1000.0	-642.8378948947604	0.0	56.04754354381228	-56.04754354381228	56.04754354381228	333.33333333333337	1000.0	277.28578978952106	56.04754354381228	952.3424564561877	56.04754354381228	-333.33333333333337	1000.0	-1000.0	0.0	8.39	0.0	0.0	333.3333333333333
646	-635.9334091242798	953.9001136864196	317.96670456213985	635.9334091242798	0.0	-953.9001136864196	-635.9334091242798	0.0	8.39	-8.39	8.39	317.96670456213985	953.9001136864196	309.57670456213987	8.39	953.9001136864196	8.39	-317.96670456213985	953.9001136864196	-953.9001136864196	0.0	8.39	0.0	0.0	317.9667045621399
647	-345.2229211926233	481.32679238524645	209.11905000000047	345.2229211926233	146.03035761475337	-627.3571499999998	-345.22292119262323	0.0	154.42035761475336	-154.42035761475336	154.42035761475336	209.11905000000047	627.3571499999998	54.69869238524661	154.42035761475336	481.32679238524645	154.42035761475336	-209.11905000000013	627.3571499999998	-627.3571499999999	0.0	8.39	0.0	0.0	209.11904999999996
648	-393.1152518939846	577.1114537879693	209.11905000000047	393.1152518939846	50.245696212031156	-627.3571500000004	-393.1152518939846	0.0	58.63569621203116	-58.63569621203116	58.63569621203116	209.11905000000047	627.3571500000004	150.483353787969	58.63569621203116	577.1114537879693	58.63569621203116	-209.11905000000013	627.3571500000004	-627.3571500000004	0.0	8.39	0.0	0.0	209.11904999999996
649	-672.6022572924644	1000.0	345.2045145849289	672.6022572924644	35.61354375478686	-1000.0	-672.6022572924644	35.61354375478673	79.6170875095736	-79.6170875095736	79.6170875095736	345.2045145849289	1000.0	265.5874270753553	79.6170875095736	964.3864562452131	79.6170875095736	-345.2045145849289	1000.0	-1000.0	-35.61354375478686	8.39	-35.61354375478673	35.61354375478673	345.2045145849289
650	-178.44529178230084	147.77153356460178	209.11905000000047	178.44529178230084	479.58561643539804	-906.2137164353979	-178.44529178230084	-278.85656643539807	209.11904999999996	-209.11904999999996	209.11904999999996	209.11905000000047	906.2137164353979	0.0	209.11904999999996	426.6281000000005	209.11904999999996	-209.11905000000013	906.2137164353979	-906.213716435398	278.8565664353981	8.39	278.85656643539807	-278.85656643539807	209.11904999999996
651	-576.9388796799747	820.5444260266162	333.33333333333326	576.9388796799747	179.45557397338382	-1000.0	-576.9388796799747	0.0	187.84557397338386	-187.84557397338386	187.84557397338386	333.33333333333326	1000.0	145.4877593599495	187.84557397338386	820.5444260266162	187.84557397338386	-333.33333333333326	1000.0	-999.9999999999999	0.0	8.39	0.0	0.0	333.3333333333335
652	-569.1816696714648	805.0300060095959	333.3333333333335	569.1816696714648	194.96999399040408	-1000.0	-569.1816696714648	0.0	203.359993990404	-203.359993990404	203.359993990404	333.33333333333337	1000.0	129.9733393429293	203.359993990404	805.0300060095959	203.359993990404	-333.3333333333335	1000.0	-1000.0	0.0	8.39	0.0	0.0	333.3333333333332
653	-134.98614243982877	60.85323487965752	209.11905000000047	134.98614243982877	566.5039151203425	-1000.0	-134.98614243982877	-372.6428499999988	202.25106512034267	-202.25106512034267	202.25106512034267	209.11905000000047	1000.0	6.867984879657342	202.25106512034267	433.4960848796575	202.25106512034267	-209.11905000000013	1000.0	-1000.0	372.64284999999927	8.39	372.6428499999995	-372.6428499999995	209.11904999999996
654	-516.7487585097738	775.1231377646607	258.37437925488683	516.7487585097737	0.0	-783.5131377646607	-516.7487585097737	-8.39	0.0	0.0	0.0	258.3743792548869	783.5131377646607	258.3743792548869	0.0	783.5131377646607	0.0	-258.37437925488683	783.5131377646607	-783.5131377646607	8.389999999999986	8.39	8.39	-8.39	258.3743792548869
655	-622.4420828585469	933.6631242878203	311.22104142927344	622.4420828585469	0.0	-942.0531242878203	-622.4420828585469	-8.39	0.0	0.0	0.0	311.22104142927344	942.0531242878203	311.22104142927344	0.0	942.0531242878203	0.0	-311.22104142927344	942.0531242878203	-942.0531242878203	8.389999999999986	8.39	8.39	-8.39	311.22104142927344
656	-671.9912928454364	1000.0	343.98258569087284	671.9912928454364	31.947757072618685	-1000.0	-671.9912928454364	31.94775707261867	72.28551414523736	-72.28551414523736	72.28551414523736	343.98258569087284	1000.0	271.6970715456356	72.28551414523736	968.0522429273813	72.28551414523736	-343.98258569087284	1000.0	-1000.0	-31.947757072618685	8.39	-31.94775707261867	31.94775707261867	343.982585690873
657	-583.0184154349058	857.8015693169815	308.23526155283025	583.0184154349057	66.90421534150924	-1000.0	-583.0184154349057	-75.29421534150924	0.0	0.0	0.0	308.23526155283025	1000.0	308.23526155283025	0.0	933.0957846584907	0.0	-308.23526155283025	1000.0	-999.9999999999999	75.29421534150923	8.39	75.29421534150924	-75.29421534150924	308.23526155283025
658	-369.633361360305	450.7872689338417	288.4794537867683	369.633361360305	414.65109242646326	-1000.0	-369.633361360305	-134.56163863969493	288.4794537867683	-288.4794537867683	288.4794537867683	288.4794537867683	1000.0	0.0	288.4794537867683	585.3489075735367	288.4794537867683	-288.4794537867683	1000.0	-1000.0	134.56163863969505	8.39	134.56163863969493	-134.56163863969493	288.4794537867683
659	-694.4741828384509	1000.0	388.94836567690186	694.4741828384509	166.8450970307058	-953.1318283845096	-694.4741828384509	213.71326864619613	388.9483656769019	-388.9483656769019	388.9483656769019	388.94836567690186	953.1318283845096	0.0	388.9483656769019	786.2867313538038	388.9483656769019	-388.94836567690186	953.1318283845096	-953.1318283845096	-213.71326864619613	8.39	-213.71326864619613	213.71326864619613	388.94836567690203
660	-698.0544412306585	998.1557353844308	397.9531470768861	698.0544412306585	195.70370584622768	-1000.0	-698.0544412306585	193.85944123065846	397.9531470768862	-397.9531470768862	397.9531470768862	397.9531470768861	1000.0	0.0	397.9531470768862	804.2962941537724	397.9531470768862	-397.9531470768861	1000.0	-1000.0	-193.85944123065852	8.39	-193.85944123065846	193.85944123065846	397.9531470768862
661	-592.4744175868398	851.615501840346	333.33333333333337	592.4744175868398	148.38449815965402	-1000.0	-592.4744175868398	0.0	156.774498159654	-156.774498159654	156.774498159654	333.33333333333337	1000.0	176.5588351736793	156.774498159654	851.615501840346	156.774498159654	-333.33333333333337	1000.0	-1000.0	0.0	8.39	0.0	0.0	333.33333333333326
662	-566.5402383608878	799.7471433884423	333.33333333333337	566.5402383608878	200.2528566115576	-1000.0	-566.5402383608878	0.0	208.6428566115576	-208.6428566115576	208.6428566115576	333.33333333333337	1000.0	124.69047672177574	208.6428566115576	799.7471433884424	208.6428566115576	-333.33333333333337	1000.0	-999.9999999999999	0.0	8.39	0.0	0.0	333.3333333333333
663	-690.6145476525083	1000.0	381.22909530501636	690.6145476525082	143.68728591504959	-1000.0	-690.6145476525082	143.68728591504959	295.76457183009916	-295.76457183009916	295.76457183009916	381.2290953050165	1000.0	85.4645234749174	295.76457183009916	856.3127140849504	295.76457183009916	-381.22909530501636	1000.0	-1000.0	-143.68728591504959	8.39	-143.68728591504959	143.68728591504959	381.2290953050165
664	-675.5994549460262	1000.0	351.1989098920524	675.5994549460261	53.59672967615717	-1000.0	-675.5994549460261	53.59672967615715	115.58345935231432	-115.58345935231432	115.58345935231432	351.19890989205237	1000.0	235.61545053973805	115.58345935231432	946.4032703238429	115.58345935231432	-351.1989098920524	1000.0	-1000.0	-53.59672967615717	8.39	-53.59672967615715	53.59672967615715	351.19890989205237
665	-690.8256729752829	1000.0	381.651345950566	690.8256729752829	144.95403785169788	-1000.0	-690.8256729752829	144.95403785169788	298.29807570339574	-298.29807570339574	298.29807570339574	381.651345950566	1000.0	83.35327024717022	298.29807570339574	855.0459621483021	298.29807570339574	-381.651345950566	1000.0	-1000.0	-144.95403785169788	8.39	-144.95403785169788	144.95403785169788	381.6513459505659
666	-696.8006403322013	1000.0	393.6012806644027	696.8006403322013	180.80384199320793	-1000.0	-696.8006403322013	180.80384199320793	369.99768398641584	-369.99768398641584	369.99768398641584	393.6012806644027	1000.0	23.60359667798681	369.99768398641584	819.1961580067921	369.99768398641584	-393.6012806644027	1000.0	-1000.0	-180.80384199320793	8.39	-180.80384199320793	180.80384199320793	393.60128066440257
667	-682.7718417999411	1000.0	365.543683599882	682.7718417999411	96.63105079964593	-1000.0	-682.7718417999411	96.631050799646	201.65210159929188	-201.65210159929188	201.65210159929188	365.543683599882	1000.0	163.8915820005901	201.65210159929188	903.3689492003541	201.65210159929188	-365.543683599882	1000.0	-1000.0	-96.63105079964593	8.39	-96.631050799646	96.631050799646	365.543683599882
668	-182.58840241605685	139.04567069342795	226.13113413868564	182.58840241605685	539.3477317226289	-1000.0	-182.5884024160568	-321.6065975839432	226.13113413868564	-226.13113413868564	226.13113413868564	226.13113413868564	1000.0	0.0	226.13113413868564	460.65226827737115	226.13113413868564	-226.13113413868564	1000.0	-1000.0	321.6065975839432	8.39	321.6065975839432	-321.6065975839432	226.1311341386854
669	-402.78256989978524	539.8400931997137	265.7250465998568	402.78256989978524	257.3350465998568	-797.1751397995705	-402.78256989978524	0.0	265.7250465998568	-265.7250465998568	265.7250465998568	265.7250465998568	797.1751397995705	0.0	265.7250465998568	539.8400931997137	265.7250465998568	-265.7250465998568	797.1751397995705	-797.1751397995706	0.0	8.39	0.0	0.0	265.7250465998569
670	-460.9527963271487	617.4003951028648	304.5051975514324	460.9527963271487	296.1151975514324	-913.5155926542972	-460.95279632714863	0.0	304.5051975514324	-304.5051975514324	304.5051975514324	304.5051975514324	913.5155926542972	0.0	304.5051975514324	617.4003951028648	304.5051975514324	-304.5051975514324	913.5155926542972	-913.5155926542972	0.0	8.39	0.0	0.0	304.5051975514324
671	-488.4473537434857	654.0598049913143	322.83490249565716	488.4473537434857	314.4449024956572	-968.5047074869715	-488.4473537434857	0.0	322.83490249565716	-322.83490249565716	322.83490249565716	322.83490249565716	968.5047074869715	0.0	322.83490249565716	654.0598049913143	322.83490249565716	-322.83490249565716	968.5047074869715	-968.5047074869714	0.0	8.39	0.0	0.0	322.8349024956571
672	-202.8688887147856	172.8464811913093	232.89129623826182	202.8688887147856	525.8274075234763	-1000.0	-202.8688887147856	-301.32611128521455	232.8912962382617	-232.8912962382617	232.8912962382617	232.89129623826182	1000.0	0.0	232.8912962382617	474.17259247652373	232.8912962382617	-232.89129623826182	1000.0	-1000.0	301.32611128521444	8.39	301.32611128521455	-301.32611128521455	232.89129623826193
673	-415.9646709620856	528.0061182701426	303.92322365402856	415.9646709620856	383.7635526919429	-1000.0	-415.9646709620856	-88.23032903791432	303.92322365402856	-303.92322365402856	303.92322365402856	303.92322365402856	1000.0	0.0	303.92322365402856	616.236447308057	303.92322365402856	-303.92322365402856	1000.0	-1000.0	88.23032903791443	8.39	88.23032903791432	-88.23032903791432	303.92322365402856
674	-445.91281495349267	597.3470866046567	294.4785433023284	445.91281495349267	286.0885433023283	-883.435629906985	-445.9128149534926	0.0	294.47854330232826	-294.47854330232826	294.47854330232826	294.4785433023284	883.435629906985	0.0	294.47854330232826	597.3470866046567	294.47854330232826	-294.4785433023284	883.435629906985	-883.435629906985	0.0	8.39	0.0	0.0	294.4785433023284
675	-486.67002464394756	651.6900328585967	321.6500164292984	486.6700246439475	313.2600164292984	-964.9500492878951	-486.6700246439475	0.0	321.6500164292984	-321.6500164292984	321.6500164292984	321.6500164292984	964.9500492878951	0.0	321.6500164292984	651.6900328585967	321.6500164292984	-321.6500164292984	964.9500492878951	-964.9500492878951	0.0	8.39	0.0	0.0	321.6500164292984
676	-322.28795867416216	435.45686734832464	209.11905000000047	322.28795867416216	191.90028265167538	-627.3571499999999	-322.2879586741622	0.0	200.29028265167528	-200.29028265167528	200.29028265167528	209.11905000000047	627.3571499999999	8.828767348324618	200.29028265167528	435.45686734832464	200.29028265167528	-209.11905000000013	627.3571499999999	-627.3571499999999	0.0	8.39	0.0	0.0	209.11904999999996
677	-559.2815625285568	785.2297917237801	333.33333333333337	559.2815625285568	214.77020827621993	-1000.0	-559.2815625285568	0.0	223.16020827621992	-223.16020827621992	223.16020827621992	333.33333333333337	1000.0	110.17312505711344	223.16020827621992	785.2297917237801	223.16020827621992	-333.33333333333337	1000.0	-999.9999999999999	0.0	8.39	0.0	0.0	333.33333333333337
678	-689.3473235378867	1000.0	378.69464707577333	689.3473235378867	136.08394122732003	-901.8632353788666	-689.3473235378867	234.22070584845335	378.69464707577333	-378.69464707577333	378.69464707577333	378.69464707577333	901.8632353788666	0.0	378.69464707577333	765.7792941515467	378.69464707577333	-378.69464707577333	901.8632353788666	-901.8632353788666	-234.22070584845338	8.39	-234.22070584845335	234.22070584845335	378.69464707577333
679	-613.7971688444945	920.6957532667418	306.8985844222473	613.7971688444945	0.0	-622.1871688444945	-613.7971688444945	298.5085844222473	306.89858442224727	-306.89858442224727	306.89858442224727	306.89858442224727	622.1871688444945	0.0	306.89858442224727	622.1871688444945	306.89858442224727	-306.8985844222473	622.1871688444945	-622.1871688444945	-298.5085844222473	8.39	-298.5085844222473	298.5085844222473	306.89858442224727
680	-666.6666666666666	1000.0	333.33333333333326	666.6666666666666	0.0	-879.0453732843263	-666.6666666666666	120.95462671567373	129.3446267156737	-129.3446267156737	129.3446267156737	333.33333333333326	879.0453732843263	203.9887066176596	129.3446267156737	879.0453732843263	129.3446267156737	-333.33333333333326	879.0453732843263	-879.0453732843263	-120.95462671567377	8.39	-120.95462671567373	120.95462671567373	333.3333333333335
681	-449.8792679290309	584.5304465483847	315.228089309677	449.8792679290309	361.1538213806461	-1000.0	-449.87926792903085	-54.31573207096915	315.228089309677	-315.228089309677	315.228089309677	315.228089309677	1000.0	0.0	315.228089309677	638.8461786193539	315.228089309677	-315.228089309677	1000.0	-1000.0	54.31573207096915	8.39	54.31573207096915	-54.31573207096915	315.22808930967676
682	-553.1272921704237	772.9212510075139	333.33333333333337	553.1272921704237	227.0787489924861	-1000.0	-553.1272921704237	0.0	235.4687489924861	-235.4687489924861	235.4687489924861	333.33333333333337	1000.0	97.86458434084713	235.4687489924861	772.9212510075139	235.4687489924861	-333.33333333333337	1000.0	-999.9999999999999	0.0	8.39	0.0	0.0	333.33333333333337
683	-560.3072879310869	787.2812425288403	333.33333333333337	560.3072879310869	212.71875747115973	-1000.0	-560.3072879310869	0.0	221.10875747115972	-221.10875747115972	221.10875747115972	333.33333333333337	1000.0	112.22457586217365	221.10875747115972	787.2812425288403	221.10875747115972	-333.33333333333337	1000.0	-1000.0	0.0	8.39	0.0	0.0	333.33333333333326
684	-152.63151139784455	89.11751899640764	216.1455037992814	152.63151139784463	559.3189924014368	-1000.0	-152.63151139784463	-351.5634886021553	216.14550379928153	-216.14550379928153	216.14550379928153	216.1455037992814	1000.0	0.0	216.14550379928153	440.68100759856316	216.14550379928153	-216.1455037992814	1000.0	-1000.0	351.56348860215553	8.39	351.5634886021553	-351.5634886021553	216.14550379928187
685	-198.93325427159084	166.28709045265157	231.57941809053034	198.93325427159084	528.4511638189394	-1000.0	-198.93325427159078	-305.2617457284091	231.57941809053034	-231.57941809053034	231.57941809053034	231.57941809053034	1000.0	0.0	231.57941809053034	471.54883618106055	231.57941809053034	-231.57941809053034	1000.0	-1000.0	305.261745728409	8.39	305.2617457284091	-305.2617457284091	231.57941809053023
686	-179.46487105466275	149.81069210932571	209.11905000000047	179.4648710546628	477.5464578906741	-1000.0	-179.4648710546628	-372.6428499999988	113.29360789067391	-113.29360789067391	113.29360789067391	209.11905000000047	1000.0	95.82544210932599	113.29360789067391	522.4535421093259	113.29360789067391	-209.11905000000013	1000.0	-999.9999999999999	372.64284999999927	8.39	372.6428499999995	-372.6428499999995	209.11904999999996
687	-674.5604583822164	1000.0	349.12091676443276	674.5604583822164	47.362750293298326	-753.9945838221638	-674.5604583822164	293.3681664711345	349.12091676443276	-349.12091676443276	349.12091676443276	349.12091676443276	753.9945838221638	0.0	349.12091676443276	706.6318335288655	349.12091676443276	-349.12091676443276	753.9945838221638	-753.9945838221638	-293.3681664711345	8.39	-293.3681664711345	293.3681664711345	349.12091676443276
688	-457.79706058385943	597.7267676397657	317.8673535279531	457.79706058385943	355.8752929440937	-1000.0	-457.79706058385943	-46.397939416140645	317.8673535279531	-317.8673535279531	317.8673535279531	317.8673535279531	1000.0	0.0	317.8673535279531	644.1247070559064	317.8673535279531	-317.8673535279531	1000.0	-1000.0	46.397939416140616	8.39	46.397939416140645	-46.397939416140645	317.8673535279531
689	-549.0436392602828	764.7539451872325	333.33333333333326	549.0436392602828	235.24605481276754	-1000.0	-549.0436392602828	0.0	243.6360548127675	-243.6360548127675	243.6360548127675	333.33333333333326	1000.0	89.69727852056579	243.6360548127675	764.7539451872325	243.6360548127675	-333.33333333333326	1000.0	-1000.0	0.0	8.39	0.0	0.0	333.3333333333335
690	-341.26779156718953	457.82038875625267	224.71519437812628	341.26779156718953	216.32519437812618	-674.1455831343789	-341.26779156718953	0.0	224.71519437812617	-224.71519437812617	224.71519437812617	224.71519437812628	674.1455831343789	0.0	224.71519437812617	457.82038875625267	224.71519437812617	-224.71519437812628	674.1455831343789	-674.1455831343787	0.0	8.39	0.0	0.0	224.71519437812628
691	-358.8883504971536	508.65765099430723	209.11905000000047	358.8883504971536	118.6994990056927	-545.3275990056926	-358.8883504971536	82.02955099430727	209.11905000000002	-209.11904999999996	209.11904999999996	209.11905000000047	545.3275990056926	0.0	209.11904999999996	426.6281000000005	209.11904999999996	-209.11905000000013	545.3275990056926	-545.3275990056927	-82.02955099430733	8.39	-82.02955099430727	82.02955099430727	209.11904999999996
692	-548.029687250161	762.7260411669887	333.33333333333337	548.029687250161	237.2739588330113	-1000.0	-548.029687250161	0.0	245.6639588330113	-245.6639588330113	245.6639588330113	333.33333333333337	1000.0	87.66937450032205	245.6639588330113	762.7260411669887	245.6639588330113	-333.33333333333337	1000.0	-1000.0	0.0	8.39	0.0	0.0	333.33333333333314
693	-343.0266087831947	460.1654783775929	225.88773918879644	343.02660878319466	217.49773918879646	-677.6632175663893	-343.0266087831947	0.0	225.88773918879644	-225.88773918879644	225.88773918879644	225.88773918879644	677.6632175663893	0.0	225.88773918879644	460.1654783775929	225.88773918879644	-225.88773918879644	677.6632175663893	-677.6632175663893	0.0	8.39	0.0	0.0	225.88773918879644
694	-344.7819153859943	462.50588718132565	227.05794359066283	344.78191538599435	218.66794359066284	-681.1738307719885	-344.7819153859943	0.0	227.05794359066283	-227.05794359066283	227.05794359066283	227.05794359066283	681.1738307719885	0.0	227.05794359066283	462.50588718132565	227.05794359066283	-227.05794359066283	681.1738307719885	-681.1738307719885	0.0	8.39	0.0	0.0	227.05794359066283
695	-586.0538059270989	838.7742785208645	333.33333333333337	586.0538059270989	161.22572147913547	-1000.0	-586.0538059270989	0.0	169.61572147913546	-169.61572147913546	169.61572147913546	333.33333333333337	1000.0	163.7176118541979	169.61572147913546	838.7742785208645	169.61572147913546	-333.33333333333337	1000.0	-1000.0	0.0	8.39	0.0	0.0	333.33333333333326
696	-251.64389761925318	294.1687452385065	209.11905000000047	251.64389761925315	333.18840476149336	-759.8165047614932	-251.64389761925315	-132.4593547614934	209.11905000000002	-209.11905000000002	209.11905000000002	209.11905000000047	759.8165047614932	0.0	209.11905000000002	426.6281000000005	209.11905000000002	-209.11905000000013	759.8165047614932	-759.8165047614932	132.4593547614934	8.39	132.4593547614934	-132.4593547614934	209.11904999999996
697	-473.545864946612	623.9747749110202	323.116954982204	473.545864946612	345.37609003559203	-1000.0	-473.5458649466121	-30.649135053388022	323.116954982204	-323.116954982204	323.116954982204	323.116954982204	1000.0	0.0	323.116954982204	654.6239099644081	323.116954982204	-323.116954982204	1000.0	-1000.0	30.64913505338791	8.39	30.649135053388022	-30.649135053388022	323.116954982204
698	-351.78561676001266	471.8441556800169	231.7270778400084	351.78561676001266	223.33707784000842	-695.1812335200253	-351.78561676001266	0.0	231.7270778400084	-231.7270778400084	231.7270778400084	231.7270778400084	695.1812335200253	0.0	231.7270778400084	471.8441556800169	231.7270778400084	-231.7270778400084	695.1812335200253	-695.1812335200254	0.0	8.39	0.0	0.0	231.72707784000852
699	-427.73673090310285	573.1123078708036	282.36115393540183	427.73673090310285	273.97115393540173	-847.0834618062054	-427.7367309031028	0.0	282.3611539354017	-282.3611539354017	282.3611539354017	282.36115393540183	847.0834618062054	0.0	282.3611539354017	573.1123078708036	282.3611539354017	-282.36115393540183	847.0834618062054	-847.0834618062054	0.0	8.39	0.0	0.0	282.36115393540183
700	-167.07573679522284	113.19122799203797	220.9602455984076	167.07573679522284	549.6895088031848	-1000.0	-167.07573679522284	-337.11926320477744	220.9602455984076	-220.9602455984076	220.9602455984076	220.9602455984076	1000.0	0.0	220.9602455984076	450.3104911968152	220.9602455984076	-220.9602455984076	1000.0	-1000.0	337.1192632047772	8.39	337.11926320477744	-337.11926320477744	220.96024559840748
701	-391.9862786673975	525.4450382231968	258.5275191115984	391.9862786673975	250.1375191115984	-775.5825573347952	-391.9862786673976	0.0	258.5275191115984	-258.5275191115984	258.5275191115984	258.5275191115984	775.5825573347952	0.0	258.5275191115984	525.4450382231968	258.5275191115984	-258.5275191115984	775.5825573347952	-775.5825573347953	0.0	8.39	0.0	0.0	258.5275191115985
702	-431.2281814989791	577.767575331972	284.68878766598607	431.2281814989791	276.2987876659861	-854.0663629979581	-431.2281814989791	0.0	284.68878766598607	-284.68878766598607	284.68878766598607	284.68878766598607	854.0663629979581	0.0	284.68878766598607	577.767575331972	284.68878766598607	-284.68878766598607	854.0663629979581	-854.0663629979581	0.0	8.39	0.0	0.0	284.68878766598596
703	-143.25602657942983	73.49171096571627	213.02034219314328	143.25602657942983	565.5693156137136	-1000.0	-143.25602657942983	-360.9389734205703	213.02034219314328	-213.02034219314328	213.02034219314328	213.02034219314328	1000.0	0.0	213.02034219314328	434.43068438628643	213.02034219314328	-213.02034219314328	1000.0	-1000.0	360.93897342057016	8.39	360.9389734205703	-360.9389734205703	213.02034219314328
704	-216.70531762175705	224.29158524351408	209.11905000000047	216.7053176217571	403.06556475648574	-1000.0	-216.70531762175705	-372.6428499999988	38.81271475648555	-38.81271475648549	38.81271475648549	209.11905000000047	1000.0	170.3063352435144	38.81271475648549	596.9344352435143	38.81271475648549	-209.11905000000013	1000.0	-1000.0	372.64284999999927	8.39	372.6428499999995	-372.6428499999995	209.11904999999996
705	-272.7101385041838	289.2485641736397	256.17171283472794	272.7101385041839	479.26657433054413	-1000.0	-272.7101385041839	-231.48486149581618	256.17171283472794	-256.17171283472794	256.17171283472794	256.17171283472794	1000.0	0.0	256.17171283472794	520.7334256694559	256.17171283472794	-256.17171283472794	1000.0	-1000.0	231.48486149581618	8.39	231.48486149581618	-231.48486149581618	256.17171283472794
706	-384.9773707740427	516.0998276987236	253.85491384936176	384.9773707740427	245.4649138493618	-761.5647415480854	-384.9773707740427	0.0	253.85491384936176	-253.85491384936176	253.85491384936176	253.85491384936176	761.5647415480854	0.0	253.85491384936176	516.0998276987236	253.85491384936176	-253.85491384936176	761.5647415480854	-761.5647415480855	0.0	8.39	0.0	0.0	253.85491384936188
707	-383.23953326261875	513.7827110168249	252.69635550841247	383.2395332626188	244.30635550841248	-758.0890665252374	-383.23953326261875	0.0	252.69635550841247	-252.69635550841247	252.69635550841247	252.69635550841247	758.0890665252374	0.0	252.69635550841247	513.7827110168249	252.69635550841247	-252.69635550841247	758.0890665252374	-758.0890665252374	0.0	8.39	0.0	0.0	252.69635550841247
708	-388.4600110774973	520.7433481033297	256.1766740516649	388.46001107749726	247.78667405166493	-768.5300221549946	-388.4600110774973	0.0	256.1766740516649	-256.1766740516649	256.1766740516649	256.1766740516649	768.5300221549946	0.0	256.1766740516649	520.7433481033297	256.1766740516649	-256.1766740516649	768.5300221549946	-768.5300221549946	0.0	8.39	0.0	0.0	256.1766740516648
709	-573.0986733849809	812.8640134366286	333.33333333333337	573.0986733849809	187.13598656337138	-1000.0	-573.0986733849809	0.0	195.5259865633713	-195.5259865633713	195.5259865633713	333.33333333333337	1000.0	137.807346769962	195.5259865633713	812.8640134366286	195.5259865633713	-333.33333333333337	1000.0	-999.9999999999999	0.0	8.39	0.0	0.0	333.3333333333332
710	-588.3498017976883	843.366270262043	333.33333333333337	588.3498017976883	156.63372973795694	-1000.0	-588.3498017976883	0.0	165.02372973795696	-165.02372973795696	165.02372973795696	333.33333333333337	1000.0	168.3096035953764	165.02372973795696	843.366270262043	165.02372973795696	-333.33333333333337	1000.0	-999.9999999999999	0.0	8.39	0.0	0.0	333.33333333333326
711	-591.3389369734607	849.3445406135882	333.33333333333337	591.3389369734607	150.65545938641185	-1000.0	-591.3389369734607	0.0	159.04545938641184	-159.04545938641184	159.04545938641184	333.33333333333337	1000.0	174.2878739469215	159.04545938641184	849.3445406135882	159.04545938641184	-333.33333333333337	1000.0	-1000.0	0.0	8.39	0.0	0.0	333.33333333333326
712	-311.08962661195176	353.21437768658643	268.9648755373173	311.08962661195176	453.6802489253655	-1000.0	-311.08962661195176	-193.10537338804818	268.9648755373173	-268.9648755373173	268.9648755373173	268.9648755373173	1000.0	0.0	268.9648755373173	546.3197510746345	268.9648755373173	-268.9648755373173	1000.0	-1000.0	193.10537338804806	8.39	193.10537338804818	-193.10537338804818	268.9648755373173
713	-279.4516541325711	300.48442355428523	258.4188847108571	279.4516541325711	474.77223057828587	-1000.0	-279.4516541325711	-224.74334586742873	258.4188847108571	-258.4188847108571	258.4188847108571	258.4188847108571	1000.0	0.0	258.4188847108571	525.2277694217141	258.4188847108571	-258.4188847108571	1000.0	-1000.0	224.74334586742884	8.39	224.74334586742873	-224.74334586742873	258.418884710857
714	-590.3445566417035	847.3557799500735	333.33333333333337	590.3445566417035	152.6442200499265	-1000.0	-590.3445566417035	0.0	161.0342200499265	-161.0342200499265	161.0342200499265	333.33333333333337	1000.0	172.2991132834068	161.0342200499265	847.3557799500735	161.0342200499265	-333.33333333333337	1000.0	-999.9999999999999	0.0	8.39	0.0	0.0	333.33333333333337
715	-282.8626367512967	306.16939458549456	259.5558789170989	282.8626367512967	472.4982421658023	-1000.0	-282.8626367512967	-221.3323632487033	259.555878917099	-259.555878917099	259.555878917099	259.5558789170989	1000.0	0.0	259.555878917099	527.5017578341976	259.555878917099	-259.5558789170989	1000.0	-1000.0	221.3323632487032	8.39	221.3323632487033	-221.3323632487033	259.55587891709877
716	-634.879464115284	936.4255948972346	333.33333333333337	634.879464115284	63.574405102765354	-1000.0	-634.879464115284	0.0	71.96440510276534	-71.96440510276534	71.96440510276534	333.33333333333337	1000.0	261.368928230568	71.96440510276534	936.4255948972346	71.96440510276534	-333.33333333333337	1000.0	-1000.0	0.0	8.39	0.0	0.0	333.33333333333314
717	-541.8997836344413	750.4662339355491	333.33333333333337	541.8997836344413	249.5337660644509	-1000.0	-541.8997836344413	0.0	257.9237660644509	-257.9237660644509	257.9237660644509	333.33333333333337	1000.0	75.40956726888245	257.9237660644509	750.4662339355491	257.9237660644509	-333.33333333333337	1000.0	-1000.0	0.0	8.39	0.0	0.0	333.33333333333326
718	-544.8536818905059	756.3740304476781	333.33333333333337	544.8536818905059	243.62596955232183	-1000.0	-544.8536818905059	0.0	252.01596955232185	-252.01596955232185	252.01596955232185	333.33333333333337	1000.0	81.31736378101152	252.01596955232185	756.3740304476781	252.01596955232185	-333.33333333333337	1000.0	-999.9999999999999	0.0	8.39	0.0	0.0	333.33333333333326
719	-348.3621962096727	467.2795949462301	229.44479747311505	348.3621962096727	221.05479747311506	-688.3343924193451	-348.3621962096726	0.0	229.44479747311505	-229.44479747311505	229.44479747311505	229.44479747311505	688.3343924193451	0.0	229.44479747311505	467.2795949462301	229.44479747311505	-229.44479747311505	688.3343924193451	-688.3343924193451	0.0	8.39	0.0	0.0	229.44479747311505
720	-646.0418138160735	958.7502942988139	333.33333333333326	646.0418138160735	41.249705701186144	-1000.0	-646.0418138160735	0.0	49.63970570118613	-49.63970570118613	49.63970570118613	333.33333333333326	1000.0	283.6936276321472	49.63970570118613	958.7502942988139	49.63970570118613	-333.33333333333326	1000.0	-1000.0	0.0	8.39	0.0	0.0	333.3333333333335
721	-594.8117829512071	856.2902325690808	333.33333333333337	594.8117829512071	143.70976743091921	-1000.0	-594.8117829512071	0.0	152.0997674309192	-152.0997674309192	152.0997674309192	333.33333333333337	1000.0	181.2335659024141	152.0997674309192	856.2902325690808	152.0997674309192	-333.33333333333337	1000.0	-1000.0	0.0	8.39	0.0	0.0	333.3333333333333
722	-543.8710236448532	754.408713956373	333.33333333333326	543.8710236448532	245.59128604362687	-1000.0	-543.8710236448532	0.0	253.98128604362682	-253.98128604362682	253.98128604362682	333.33333333333326	1000.0	79.35204728970648	253.98128604362682	754.4087139563732	253.98128604362682	-333.33333333333326	1000.0	-1000.0	0.0	8.39	0.0	0.0	333.3333333333335
723	-395.45113502515596	530.064846700208	260.8374233501041	395.45113502515596	252.44742335010403	-782.512270050312	-395.45113502515596	0.0	260.837423350104	-260.837423350104	260.837423350104	260.837423350104	782.512270050312	0.0	260.837423350104	530.064846700208	260.837423350104	-260.8374233501041	782.512270050312	-782.512270050312	0.0	8.39	0.0	0.0	260.837423350104
724	-455.4551310938652	610.0701747918202	300.8400873959101	455.45513109386525	292.45008739591015	-902.5202621877304	-455.4551310938652	0.0	300.84008739591013	-300.84008739591013	300.84008739591013	300.84008739591013	902.5202621877304	0.0	300.84008739591013	610.0701747918202	300.84008739591013	-300.8400873959101	902.5202621877304	-902.5202621877304	0.0	8.39	0.0	0.0	300.84008739591013
725	-311.3987772785274	413.67850455705485	209.11905000000047	311.3987772785274	213.6786454429452	-640.3067454429452	-311.3987772785274	-12.94959544294511	209.11905000000002	-209.11905000000002	209.11905000000002	209.11905000000047	640.3067454429452	0.0	209.11905000000002	426.6281000000005	209.11905000000002	-209.11905000000013	640.3067454429452	-640.3067454429452	12.94959544294511	8.39	12.94959544294511	-12.94959544294511	209.11904999999996
726	-200.0943201680284	191.0695903360568	209.11905000000047	200.0943201680284	436.2875596639433	-862.9156596639432	-200.0943201680284	-235.55850966394325	209.11905000000002	-209.11905000000002	209.11905000000002	209.11905000000047	862.9156596639432	0.0	209.11905000000002	426.6281000000005	209.11905000000002	-209.11905000000013	862.9156596639432	-862.9156596639432	235.5585096639431	8.39	235.55850966394325	-235.55850966394325	209.11904999999996
727	-617.2640506770591	925.8960760155887	308.6320253385295	617.2640506770591	0.0	-925.8960760155887	-617.2640506770591	0.0	8.389999999999986	-8.389999999999986	8.389999999999986	308.6320253385295	925.8960760155887	300.2420253385296	8.389999999999986	925.8960760155887	8.389999999999986	-308.6320253385295	925.8960760155887	-925.8960760155887	0.0	8.39	0.0	0.0	308.63202533852984
728	-314.19251016745375	419.2659703349074	209.11905000000047	314.19251016745375	208.09117966509223	-843.838329665092	-314.1925101674537	-216.4811796650922	0.0	0.0	0.0	209.11905000000047	843.838329665092	209.1190499999999	0.0	635.7471499999998	0.0	-209.11905000000013	843.838329665092	-843.8383296650919	216.48117966509233	8.39	216.4811796650922	-216.4811796650922	209.11904999999996
729	-211.24139241870648	213.36373483741306	209.11905000000047	211.24139241870648	413.99341516258613	-1000.0	-211.24139241870643	-372.6428499999988	49.74056516258531	-49.74056516258531	49.74056516258531	209.11905000000047	1000.0	159.37848483741445	49.74056516258531	586.0065848374138	49.74056516258531	-209.11905000000013	1000.0	-1000.0	372.64284999999927	8.39	372.6428499999995	-372.6428499999995	209.11904999999996
730	-484.2155581450638	726.3233372175956	242.1077790725319	484.2155581450638	0.0	-726.3233372175956	-484.2155581450638	0.0	8.389999999999986	-8.389999999999986	8.389999999999986	242.10777907253186	726.3233372175956	233.71777907253193	8.389999999999986	726.3233372175956	8.389999999999986	-242.1077790725319	726.3233372175956	-726.3233372175956	0.0	8.39	0.0	0.0	242.10777907253203
731	-479.7634119162817	719.6451178744227	239.8817059581409	479.7634119162817	0.0	-719.6451178744227	-479.76341191628177	0.0	8.389999999999986	-8.389999999999986	8.389999999999986	239.88170595814086	719.6451178744227	231.49170595814087	8.389999999999986	719.6451178744227	8.389999999999986	-239.8817059581409	719.6451178744227	-719.6451178744227	0.0	8.39	0.0	0.0	239.88170595814097
732	-420.57636306632276	630.8645445994841	210.28818153316138	420.57636306632276	0.0	-630.8645445994841	-420.57636306632276	0.0	8.389999999999986	-8.389999999999986	8.389999999999986	210.28818153316138	630.8645445994841	201.8981815331614	8.389999999999986	630.8645445994841	8.389999999999986	-210.28818153316138	630.8645445994841	-630.8645445994841	0.0	8.39	0.0	0.0	210.2881815331615
733	-615.1061569360927	922.6592354041392	307.55307846804635	615.1061569360927	0.0	-931.0492354041392	-615.1061569360927	-8.389999999999986	0.0	0.0	0.0	307.55307846804635	931.0492354041392	307.5530784680464	0.0	931.0492354041392	0.0	-307.55307846804635	931.0492354041392	-931.0492354041392	8.389999999999986	8.39	8.389999999999986	-8.389999999999986	307.5530784680464
734	-679.5250194192889	1000.0	359.05003883857785	679.5250194192888	77.15011651573366	-1000.0	-679.5250194192888	77.15011651573366	162.6902330314673	-162.6902330314673	162.6902330314673	359.05003883857785	1000.0	196.35980580711055	162.6902330314673	922.8498834842663	162.6902330314673	-359.05003883857785	1000.0	-1000.0	-77.15011651573366	8.39	-77.15011651573366	77.15011651573366	359.05003883857773
735	-559.8892663780989	839.8338995671483	279.9446331890494	559.8892663780989	0.0	-839.8338995671483	-559.8892663780989	0.0	8.389999999999986	-8.389999999999986	8.389999999999986	279.94463318904945	839.8338995671483	271.55463318904947	8.389999999999986	839.8338995671483	8.389999999999986	-279.9446331890494	839.8338995671483	-839.8338995671483	0.0	8.39	0.0	0.0	279.94463318904934
736	-672.1583346614443	1000.0	344.31666932288863	672.1583346614443	32.950007968666114	-1000.0	-672.1583346614443	32.95000796866614	74.29001593733226	-74.29001593733226	74.29001593733226	344.31666932288863	1000.0	270.0266533855565	74.29001593733226	967.0499920313339	74.29001593733226	-344.31666932288863	1000.0	-1000.0	-32.950007968666114	8.39	-32.95000796866614	32.95000796866614	344.31666932288874
737	-678.973690061343	1000.0	357.947380122686	678.9736900613428	73.84214036805804	-1000.0	-678.9736900613428	73.84214036805803	156.07428073611607	-156.07428073611607	156.07428073611607	357.947380122686	1000.0	201.87309938656995	156.07428073611607	926.157859631942	156.07428073611607	-357.947380122686	1000.0	-1000.0	-73.84214036805804	8.39	-73.84214036805803	73.84214036805803	357.947380122686
738	-473.1194603099227	709.6791904648841	236.55973015496136	473.1194603099227	0.0	-709.6791904648841	-473.1194603099227	0.0	8.39	-8.39	8.39	236.55973015496136	709.6791904648841	228.16973015496137	8.39	709.6791904648841	8.39	-236.55973015496136	709.6791904648841	-709.6791904648841	0.0	8.39	0.0	0.0	236.55973015496141
739	-676.0694474971574	1000.0	352.13889499431485	676.0694474971574	56.41668498294439	-1000.0	-676.0694474971574	56.416684982944375	121.22336996588876	-121.22336996588876	121.22336996588876	352.1388949943148	1000.0	230.91552502842603	121.22336996588876	943.5833150170556	121.22336996588876	-352.13889499431485	1000.0	-1000.0	-56.41668498294439	8.39	-56.416684982944375	56.416684982944375	352.1388949943148
740	-202.90967590394564	196.70030180789132	209.11905000000047	202.90967590394564	430.65684819210844	-857.2849481921083	-202.90967590394564	-229.92779819210847	209.11904999999996	-209.11904999999996	209.11904999999996	209.11905000000047	857.2849481921083	0.0	209.11904999999996	426.6281000000005	209.11904999999996	-209.11905000000013	857.2849481921083	-857.2849481921083	229.92779819210853	8.39	229.92779819210847	-229.92779819210847	209.11904999999996
741	-336.01221126552423	434.3623621694701	237.66206036157834	336.01221126552423	278.62381891526496	-1000.0	-336.01221126552423	-287.01381891526495	0.0	0.0	0.0	237.66206036157834	1000.0	237.66206036157834	0.0	721.376181084735	0.0	-237.66206036157834	1000.0	-1000.0	287.01381891526495	8.39	287.01381891526495	-287.01381891526495	237.6620603615783
742	-683.6067139839084	1000.0	367.21342796781687	683.6067139839084	101.64028390345048	-844.457139839084	-683.6067139839084	257.18314406436633	367.2134279678168	-367.2134279678168	367.2134279678168	367.21342796781687	844.457139839084	0.0	367.2134279678168	742.8168559356336	367.2134279678168	-367.21342796781687	844.457139839084	-844.457139839084	-257.1831440643664	8.39	-257.18314406436633	257.18314406436633	367.2134279678167
743	-685.2749662009486	1000.0	370.5499324018972	685.2749662009485	111.64979720569158	-1000.0	-685.2749662009485	111.64979720569157	231.68959441138315	-231.68959441138315	231.68959441138315	370.5499324018972	1000.0	138.86033799051404	231.68959441138315	888.3502027943084	231.68959441138315	-370.5499324018972	1000.0	-1000.0	-111.64979720569158	8.39	-111.64979720569157	111.64979720569157	370.5499324018972
744	-670.168849130338	1000.0	340.3376982606761	670.168849130338	21.013094782028112	-1000.0	-670.168849130338	21.013094782028098	50.41618956405621	-50.41618956405621	50.41618956405621	340.3376982606761	1000.0	289.9215086966198	50.41618956405621	978.9869052179719	50.41618956405621	-340.3376982606761	1000.0	-1000.0	-21.013094782028134	8.39	-21.013094782028098	21.013094782028098	340.337698260676
745	-648.1320203028506	972.1980304542759	324.0660101514253	648.1320203028506	0.0	-972.1980304542759	-648.1320203028506	0.0	8.389999999999986	-8.389999999999986	8.389999999999986	324.0660101514253	972.1980304542759	315.6760101514253	8.389999999999986	972.1980304542759	8.389999999999986	-324.0660101514253	972.1980304542759	-972.1980304542759	0.0	8.39	0.0	0.0	324.0660101514255
746	-548.8653879783394	823.2980819675091	274.4326939891697	548.8653879783394	0.0	-823.2980819675091	-548.8653879783394	0.0	8.389999999999986	-8.389999999999986	8.389999999999986	274.4326939891697	823.2980819675091	266.0426939891697	8.389999999999986	823.2980819675091	8.389999999999986	-274.4326939891697	823.2980819675091	-823.2980819675091	0.0	8.39	0.0	0.0	274.4326939891699
747	-315.5252508493919	421.9314516987838	209.11905000000047	315.5252508493919	205.4256983012162	-841.1728483012162	-315.5252508493919	-213.81569830121617	0.0	0.0	0.0	209.11905000000047	841.1728483012162	209.11905000000002	0.0	635.7471499999999	0.0	-209.11905000000013	841.1728483012162	-841.1728483012162	213.81569830121612	8.39	213.81569830121617	-213.81569830121617	209.11904999999996
748	-633.6116954046694	950.4175431070041	316.80584770233463	633.6116954046694	0.0	-950.4175431070041	-633.6116954046694	0.0	8.39	-8.39	8.39	316.80584770233463	950.4175431070041	308.4158477023347	8.39	950.4175431070041	8.39	-316.80584770233463	950.4175431070041	-950.4175431070041	0.0	8.39	0.0	0.0	316.8058477023348
749	-532.8575082778052	799.2862624167078	266.42875413890266	532.8575082778052	0.0	-799.2862624167078	-532.8575082778052	0.0	8.39	-8.39	8.39	266.4287541389026	799.2862624167078	258.0387541389026	8.39	799.2862624167078	8.39	-266.42875413890266	799.2862624167078	-799.2862624167078	0.0	8.39	0.0	0.0	266.4287541389026
750	-395.6185303788177	582.1180107576354	209.11905000000047	395.6185303788177	45.23913924236466	-627.3571499999999	-395.6185303788177	0.0	53.62913924236466	-53.62913924236466	53.62913924236466	209.11905000000047	627.3571499999999	155.48991075763539	53.62913924236466	582.1180107576353	53.62913924236466	-209.11905000000013	627.3571499999999	-627.3571499999999	0.0	8.39	0.0	0.0	209.11904999999996
751	-439.42906123474086	659.1435918521113	219.7145306173704	439.42906123474074	0.0	-667.5335918521113	-439.42906123474074	-8.39	0.0	0.0	0.0	219.71453061737043	667.5335918521113	219.71453061737043	0.0	667.5335918521113	0.0	-219.7145306173704	667.5335918521113	-667.5335918521113	8.389999999999986	8.39	8.39	-8.39	219.71453061737043
752	-653.1972132044057	973.0610930754781	333.33333333333326	653.1972132044057	26.938906924521916	-1000.0	-653.1972132044057	0.0	35.32890692452192	-35.32890692452192	35.32890692452192	333.33333333333326	1000.0	298.0044264088114	35.32890692452192	973.0610930754781	35.32890692452192	-333.33333333333326	1000.0	-1000.0	0.0	8.39	0.0	0.0	333.3333333333334
753	-660.457608480522	987.5818836277107	333.33333333333337	660.457608480522	12.418116372289385	-1000.0	-660.457608480522	0.0	20.808116372289387	-20.808116372289387	20.808116372289387	333.33333333333337	1000.0	312.52521696104395	20.808116372289387	987.5818836277106	20.808116372289387	-333.33333333333337	1000.0	-1000.0	0.0	8.39	0.0	0.0	333.3333333333333
754	-565.4961903126118	797.6590472918903	333.33333333333326	565.4961903126118	202.3409527081097	-1000.0	-565.4961903126118	0.0	210.73095270810967	-210.73095270810967	210.73095270810967	333.33333333333326	1000.0	122.60238062522366	210.73095270810967	797.6590472918903	210.73095270810967	-333.33333333333326	1000.0	-999.9999999999999	0.0	8.39	0.0	0.0	333.33333333333337
755	-432.92298424480964	580.0273123264128	285.81865616320647	432.92298424480964	277.4286561632064	-857.4559684896192	-432.92298424480964	0.0	285.8186561632064	-285.81865616320636	285.81865616320636	285.81865616320647	857.4559684896192	0.0	285.81865616320636	580.0273123264128	285.81865616320636	-285.81865616320647	857.4559684896192	-857.4559684896192	0.0	8.39	0.0	0.0	285.81865616320624
756	-403.63637740310367	598.1537048062071	209.11905000000047	403.63637740310367	29.203445193793463	-627.3571500000005	-403.63637740310367	0.0	37.593445193793464	-37.593445193793464	37.593445193793464	209.11905000000047	627.3571500000005	171.52560480620673	37.593445193793464	598.1537048062071	37.593445193793464	-209.11905000000024	627.3571500000005	-627.3571500000005	0.0	8.39	0.0	0.0	209.11904999999996
757	-262.99725730171053	273.0604288361842	252.93408576723687	262.99725730171053	485.7418284655264	-1000.0	-262.99725730171053	-241.19774269828972	252.93408576723687	-252.93408576723687	252.93408576723687	252.93408576723687	1000.0	0.0	252.93408576723687	514.2581715344736	252.93408576723687	-252.93408576723687	1000.0	-1000.0	241.1977426982894	8.39	241.19774269828972	-241.19774269828972	252.93408576723687
758	-420.0227041798148	562.8269389064199	277.2184694532099	420.0227041798148	268.82846945321	-831.6554083596296	-420.02270417981487	0.0	277.21846945321	-277.21846945321	277.21846945321	277.2184694532099	831.6554083596296	0.0	277.21846945321	562.8269389064196	277.21846945321	-277.2184694532099	831.6554083596296	-831.6554083596295	0.0	8.39	0.0	0.0	277.21846945320965
759	-578.3175457163793	823.3017580994252	333.33333333333326	578.3175457163793	176.69824190057489	-1000.0	-578.3175457163793	0.0	185.08824190057487	-185.08824190057487	185.08824190057487	333.33333333333326	1000.0	148.24509143275844	185.08824190057487	823.3017580994251	185.08824190057487	-333.33333333333326	1000.0	-1000.0	0.0	8.39	0.0	0.0	333.3333333333335
760	-619.2871522861998	905.2409712390663	333.33333333333337	619.2871522861998	94.75902876093373	-1000.0	-619.2871522861998	0.0	103.14902876093373	-103.14902876093373	103.14902876093373	333.33333333333337	1000.0	230.18430457239958	103.14902876093373	905.2409712390663	103.14902876093373	-333.33333333333337	1000.0	-1000.0	0.0	8.39	0.0	0.0	333.33333333333326
761	-596.7950331282249	860.2567329231164	333.33333333333337	596.7950331282249	139.74326707688374	-1000.0	-596.7950331282249	0.0	148.13326707688373	-148.13326707688373	148.13326707688373	333.33333333333337	1000.0	185.20006625644965	148.13326707688373	860.2567329231163	148.13326707688373	-333.33333333333337	1000.0	-1000.0	0.0	8.39	0.0	0.0	333.33333333333326
762	-320.4432343512736	430.05431246836486	210.83215623418235	320.44323435127365	202.44215623418233	-632.496468702547	-320.44323435127365	0.0	210.83215623418232	-210.83215623418232	210.83215623418232	210.83215623418232	632.496468702547	0.0	210.83215623418232	430.05431246836474	210.83215623418232	-210.83215623418235	632.496468702547	-632.496468702547	0.0	8.39	0.0	0.0	210.83215623418232
763	-505.5865677319603	677.8398021305873	333.33333333333337	505.5865677319603	322.1601978694129	-1000.0	-505.5865677319603	0.0	330.55019786941295	-330.55019786941295	330.55019786941295	333.33333333333337	1000.0	2.78313546392044	330.55019786941295	677.839802130587	330.55019786941295	-333.33333333333337	1000.0	-1000.0	0.0	8.39	0.0	0.0	333.33333333333337
764	-511.15747528284453	688.9816172323557	333.33333333333337	511.15747528284453	311.0183827676444	-1000.0	-511.15747528284453	0.0	319.4083827676444	-319.4083827676444	319.4083827676444	333.33333333333337	1000.0	13.924950565688905	319.4083827676444	688.9816172323556	319.4083827676444	-333.33333333333337	1000.0	-1000.0	0.0	8.39	0.0	0.0	333.33333333333337
765	-236.88114416098756	229.5335736016459	244.2287147203292	236.88114416098756	503.1525705593417	-1000.0	-236.88114416098756	-267.31385583901266	244.2287147203292	-244.2287147203292	244.2287147203292	244.2287147203292	1000.0	0.0	244.2287147203292	496.8474294406583	244.2287147203292	-244.2287147203292	1000.0	-1000.0	267.3138558390124	8.39	267.31385583901266	-267.31385583901266	244.2287147203292
766	-504.65732062546937	675.9813079176054	333.33333333333337	504.65732062546937	324.0186920823948	-1000.0	-504.65732062546937	0.0	332.40869208239485	-332.40869208239485	332.40869208239485	333.33333333333337	1000.0	0.9246412509385122	332.40869208239485	675.9813079176051	332.40869208239485	-333.33333333333337	1000.0	-1000.0	0.0	8.39	0.0	0.0	333.33333333333337
767	-386.65939488030165	518.3425265070689	254.9762632535344	386.65939488030165	246.5862632535344	-764.9287897606033	-386.65939488030165	0.0	254.9762632535344	-254.9762632535344	254.9762632535344	254.9762632535344	764.9287897606033	0.0	254.9762632535344	518.3425265070689	254.9762632535344	-254.9762632535344	764.9287897606033	-764.9287897606034	0.0	8.39	0.0	0.0	254.9762632535345
768	-668.8919084465354	1000.0	337.7838168930707	668.8919084465354	13.351450679211894	-697.3090844653532	-668.8919084465354	316.0423662138588	337.7838168930707	-337.7838168930707	337.7838168930707	337.7838168930707	697.3090844653532	0.0	337.7838168930707	683.9576337861413	337.7838168930707	-337.7838168930707	697.3090844653532	-697.3090844653532	-316.04236621385877	8.39	-316.0423662138588	316.0423662138588	337.7838168930706
769	-481.95546878509685	722.9332031776453	240.97773439254837	481.95546878509685	0.0	-490.34546878509684	-481.95546878509685	232.58773439254844	240.97773439254843	-240.97773439254843	240.97773439254843	240.97773439254843	490.34546878509684	0.0	240.97773439254843	490.34546878509684	240.97773439254843	-240.97773439254837	490.34546878509684	-490.34546878509684	-232.58773439254844	8.39	-232.58773439254844	232.58773439254844	240.97773439254843
770	-666.6666666666667	1000.0	333.33333333333337	666.6666666666667	0.0	-687.1315843740949	-666.6666666666667	312.86841562590496	321.25841562590495	-321.25841562590495	321.25841562590495	333.33333333333337	687.1315843740949	12.074917707428373	321.25841562590495	687.1315843740949	321.25841562590495	-333.33333333333337	687.1315843740949	-687.1315843740949	-312.868415625905	8.39	-312.86841562590496	312.86841562590496	333.33333333333314
771	-677.0582529061406	1000.0	354.1165058122813	677.0582529061406	62.349517436843996	-778.9725290614066	-677.0582529061406	283.3769883754374	354.1165058122814	-354.1165058122814	354.1165058122814	354.1165058122813	778.9725290614066	0.0	354.1165058122814	716.6230116245627	354.1165058122814	-354.1165058122813	778.9725290614066	-778.9725290614067	-283.3769883754374	8.39	-283.3769883754374	283.3769883754374	354.1165058122814
772	-389.63340298764183	484.1206716460696	295.14613432921396	389.63340298764183	401.31773134157214	-1000.0	-389.6334029876418	-114.56159701235822	295.14613432921396	-295.14613432921396	295.14613432921396	295.14613432921396	1000.0	0.0	295.14613432921396	598.6822686584278	295.14613432921396	-295.14613432921396	1000.0	-1000.0	114.56159701235822	8.39	114.56159701235822	-114.56159701235822	295.14613432921396
773	-189.59661941898366	150.72603236497287	228.46720647299458	189.59661941898366	534.6755870540109	-1000.0	-189.59661941898372	-314.5983805810163	228.46720647299458	-228.46720647299458	228.46720647299458	228.46720647299458	1000.0	0.0	228.46720647299458	465.32441294598914	228.46720647299458	-228.46720647299458	1000.0	-1000.0	314.5983805810163	8.39	314.5983805810163	-314.5983805810163	228.46720647299458
774	-419.0665577230162	561.5520769640216	276.58103848201085	419.0665577230162	268.19103848201087	-829.7431154460326	-419.0665577230162	0.0	276.58103848201085	-276.58103848201085	276.58103848201085	276.58103848201085	829.7431154460326	0.0	276.58103848201085	561.5520769640217	276.58103848201085	-276.58103848201085	829.7431154460326	-829.7431154460324	0.0	8.39	0.0	0.0	276.5810384820109
775	-300.2071212050273	391.29519241005437	209.11905000000047	300.2071212050273	236.06195758994573	-662.6900575899457	-300.20712120502725	-35.33290758994565	209.11905000000013	-209.11905000000013	209.11905000000013	209.11905000000047	662.6900575899457	0.0	209.11905000000013	426.6281000000005	209.11905000000013	-209.11905000000013	662.6900575899457	-662.6900575899456	35.332907589945535	8.39	35.33290758994565	-35.33290758994565	209.11904999999996
776	-483.6671281830223	687.485076885181	279.84917948086354	483.6671281830223	152.0624615574095	-1000.0	-483.6671281830223	-160.4524615574097	0.0	0.0	0.0	279.84917948086354	1000.0	279.8491794808635	0.0	847.9375384425905	0.0	-279.84917948086354	1000.0	-1000.0	160.4524615574095	8.39	160.4524615574097	-160.4524615574097	279.8491794808635
777	-191.37509729681028	173.63114459362032	209.11905000000047	191.37509729681028	453.72600540638	-1000.0	-191.37509729681028	-372.6428499999988	89.47315540638029	-89.47315540638029	89.47315540638029	209.11905000000047	1000.0	119.64589459361979	89.47315540638029	546.27399459362	89.47315540638029	-209.11905000000013	1000.0	-1000.0	372.64284999999927	8.39	372.6428499999995	-372.6428499999995	209.11904999999996
778	-216.1552721293366	223.1914942586733	209.11905000000047	216.1552721293366	404.1656557413269	-1000.0	-216.1552721293366	-372.6428499999988	39.91280574132697	-39.91280574132697	39.91280574132697	209.11905000000047	1000.0	169.20624425867305	39.91280574132697	595.8343442586731	39.91280574132697	-209.11905000000013	1000.0	-1000.0	372.64284999999927	8.39	372.6428499999995	-372.6428499999995	209.11904999999996
779	-292.505164238975	375.89127847795	209.11905000000047	292.505164238975	251.46587152204972	-887.2130215220494	-292.505164238975	-259.8558715220497	0.0	0.0	0.0	209.11905000000047	887.2130215220494	209.1190499999999	0.0	635.7471499999997	0.0	-209.11905000000013	887.2130215220494	-887.2130215220495	259.8558715220497	8.39	259.8558715220497	-259.8558715220497	209.11904999999996
780	-204.75340700051697	200.3877640010336	209.11905000000047	204.75340700051697	426.9693859989667	-1000.0	-204.75340700051692	-372.6428499999988	62.71653599896695	-62.71653599896695	62.71653599896695	209.11905000000047	1000.0	146.40251400103315	62.71653599896695	573.0306140010333	62.71653599896695	-209.11905000000013	1000.0	-999.9999999999999	372.64284999999927	8.39	372.6428499999995	-372.6428499999995	209.11904999999996
781	-320.0671916144009	407.0280427675444	233.10634046125745	320.0671916144008	292.2909786162278	-1000.0	-320.0671916144008	-300.6809786162278	0.0	0.0	0.0	233.10634046125745	1000.0	233.1063404612574	0.0	707.7090213837722	0.0	-233.10634046125745	1000.0	-999.9999999999999	300.6809786162279	8.39	300.6809786162278	-300.6809786162278	233.10634046125745
782	-670.7022189849088	1000.0	341.40443796981754	670.7022189849088	24.213313909452854	-1000.0	-670.7022189849088	24.213313909452843	56.816627818905694	-56.816627818905694	56.816627818905694	341.40443796981754	1000.0	284.587810150912	56.816627818905694	975.7866860905472	56.816627818905694	-341.40443796981754	1000.0	-1000.0	-24.213313909452854	8.39	-24.213313909452843	24.213313909452843	341.40443796981765
783	-673.9984302424891	1000.0	347.99686048497824	673.998430242489	43.990581454935146	-1000.0	-673.998430242489	43.99058145493513	96.37116290987028	-96.37116290987028	96.37116290987028	347.99686048497824	1000.0	251.62569757510815	96.37116290987028	956.0094185450648	96.37116290987028	-347.99686048497824	1000.0	-1000.0	-43.990581454935146	8.39	-43.99058145493513	43.99058145493513	347.9968604849785
784	-266.52050264601394	278.9325044100233	254.1085008820046	266.52050264601394	483.3929982359908	-1000.0	-266.5205026460139	-237.67449735398614	254.10850088200468	-254.10850088200468	254.10850088200468	254.1085008820046	1000.0	0.0	254.10850088200468	516.6070017640093	254.10850088200468	-254.1085008820046	1000.0	-1000.0	237.67449735398594	8.39	237.67449735398614	-237.67449735398614	254.10850088200468
785	-206.3612529426124	203.603455885225	209.11905000000047	206.3612529426124	423.7536941147747	-850.3817941147745	-206.3612529426124	-223.0246441147748	209.1190499999999	-209.1190499999999	209.1190499999999	209.11905000000047	850.3817941147745	0.0	209.1190499999999	426.6281000000005	209.1190499999999	-209.11905000000013	850.3817941147745	-850.3817941147744	223.0246441147748	8.39	223.0246441147748	-223.0246441147748	209.11904999999996
786	-681.6939368550214	1000.0	363.38787371004287	681.6939368550214	90.1636211301283	-825.329368550214	-681.6939368550214	264.83425257991445	363.3878737100428	-363.3878737100428	363.3878737100428	363.38787371004287	825.329368550214	0.0	363.3878737100428	735.1657474200856	363.3878737100428	-363.38787371004287	825.329368550214	-825.329368550214	-264.8342525799144	8.39	-264.83425257991445	264.83425257991445	363.38787371004287
787	-682.6346324916553	1000.0	365.2692649833107	682.6346324916552	95.80779494993209	-834.7363249165535	-682.6346324916552	261.0714700333786	365.2692649833107	-365.2692649833108	365.2692649833108	365.2692649833107	834.7363249165535	0.0	365.2692649833108	738.9285299666215	365.2692649833108	-365.2692649833107	834.7363249165535	-834.7363249165535	-261.0714700333786	8.39	-261.0714700333786	261.0714700333786	365.2692649833106
788	-670.5305083590604	1000.0	341.06101671812064	670.5305083590604	23.183050154361897	-1000.0	-670.5305083590604	23.18305015436189	54.75610030872379	-54.75610030872379	54.75610030872379	341.06101671812064	1000.0	286.30491640939687	54.75610030872379	976.8169498456381	54.75610030872379	-341.06101671812064	1000.0	-1000.0	-23.1830501543619	8.39	-23.18305015436189	23.18305015436189	341.0610167181205
789	-419.4763912689535	629.2145869034301	209.73819563447674	419.47639126895353	0.0	-427.8663912689534	-419.47639126895353	201.34819563447672	209.7381956344767	-209.7381956344767	209.7381956344767	209.7381956344767	427.8663912689534	0.0	209.7381956344767	427.8663912689534	209.7381956344767	-209.73819563447674	427.8663912689534	-427.8663912689534	-201.34819563447672	8.39	-201.34819563447672	201.34819563447672	209.7381956344767
790	-562.2263116072661	843.3394674108991	281.11315580363305	562.2263116072661	0.0	-570.6163116072661	-562.2263116072661	272.72315580363306	281.11315580363305	-281.11315580363305	281.11315580363305	281.11315580363305	570.6163116072661	0.0	281.11315580363305	570.6163116072661	281.11315580363305	-281.11315580363305	570.6163116072661	-570.6163116072661	-272.72315580363306	8.39	-272.72315580363306	272.72315580363306	281.11315580363316
791	-666.6666666666667	1000.0	333.33333333333337	666.6666666666667	0.0	-808.0230993416176	-666.6666666666667	191.97690065838242	200.3669006583824	-200.3669006583824	200.3669006583824	333.33333333333337	808.0230993416176	132.96643267495094	200.3669006583824	808.0230993416176	200.3669006583824	-333.33333333333337	808.0230993416176	-808.0230993416176	-191.97690065838242	8.39	-191.97690065838242	191.97690065838242	333.33333333333337
792	-468.87792809040207	703.3168921356032	234.43896404520115	468.87792809040207	0.0	-477.2679280904023	-468.87792809040207	226.04896404520116	234.43896404520115	-234.43896404520115	234.43896404520115	234.43896404520115	477.2679280904023	0.0	234.43896404520115	477.2679280904023	234.43896404520115	-234.43896404520115	477.2679280904023	-477.2679280904023	-226.04896404520093	8.39	-226.04896404520116	226.04896404520116	234.43896404520115
793	-692.8387368260624	1000.0	385.6774736521247	692.8387368260624	157.03242095637393	-936.7773682606232	-692.8387368260624	220.25505269575075	385.67747365212466	-385.67747365212466	385.67747365212466	385.6774736521247	936.7773682606232	0.0	385.67747365212466	779.7449473042493	385.67747365212466	-385.6774736521247	936.7773682606232	-936.7773682606232	-220.2550526957507	8.39	-220.25505269575075	220.25505269575075	385.6774736521245
794	-429.70901158198376	644.5635173729756	214.85450579099182	429.70901158198376	0.0	-438.09901158198375	-429.70901158198376	206.4645057909919	214.85450579099188	-214.85450579099188	214.85450579099188	214.85450579099188	438.09901158198375	0.0	214.85450579099188	438.09901158198375	214.85450579099188	-214.85450579099182	438.09901158198375	-438.09901158198375	-206.4645057909919	8.39	-206.4645057909919	206.4645057909919	214.85450579099188
795	-266.8196494144345	324.5202488288691	209.11905000000047	266.8196494144345	302.8369011711307	-729.4650011711306	-266.81964941443454	-102.10785117113076	209.11904999999993	-209.11904999999993	209.11904999999993	209.11905000000047	729.4650011711306	0.0	209.11904999999993	426.6281000000005	209.11904999999993	-209.11905000000013	729.4650011711306	-729.4650011711306	102.10785117113073	8.39	102.10785117113076	-102.10785117113076	209.11904999999996
796	-132.8071883880359	56.49532677607173	209.11905000000047	132.8071883880359	570.8618232239281	-997.489923223928	-132.8071883880359	-370.13277322392815	209.11904999999996	-209.11904999999996	209.11904999999996	209.11905000000047	997.489923223928	0.0	209.11904999999996	426.6281000000005	209.11904999999996	-209.11905000000013	997.489923223928	-997.4899232239281	370.1327732239282	8.39	370.13277322392815	-370.13277322392815	209.11904999999996
797	-665.6685649653818	998.5028474480728	332.834282482691	665.6685649653818	0.0	-1000.0	-665.6685649653818	-1.4971525519272433	6.892847448072757	-6.892847448072757	6.892847448072757	332.8342824826909	1000.0	325.94143503461817	6.892847448072757	1000.0	6.892847448072757	-332.834282482691	1000.0	-1000.0	1.497152551927229	8.39	1.4971525519272433	-1.4971525519272433	332.8342824826909
798	-432.47972875006326	599.7352492858225	265.22420821430376	432.47972875006326	195.93737535708874	-1000.0	-432.4797287500632	-204.32737535708873	0.0	0.0	0.0	265.22420821430376	1000.0	265.22420821430376	0.0	804.0626246429113	0.0	-265.22420821430376	1000.0	-1000.0	204.32737535708873	8.39	204.32737535708873	-204.32737535708873	265.22420821430376
799	-219.13528911982792	229.15152823965582	209.11905000000047	219.13528911982792	398.2056217603439	-1000.0	-219.13528911982792	-372.6428499999988	33.95277176034392	-33.95277176034392	33.95277176034392	209.11905000000047	1000.0	175.1662782396561	33.95277176034392	601.794378239656	33.95277176034392	-209.11905000000013	1000.0	-1000.0	372.64284999999927	8.39	372.6428499999995	-372.6428499999995	209.11904999999996
800	-274.8568729973074	329.5246394239553	220.1891065706593	274.8568729973074	331.0426802880223	-1000.0	-274.85687299730733	-339.4326802880223	0.0	0.0	0.0	220.1891065706592	1000.0	220.1891065706592	0.0	668.9573197119777	0.0	-220.1891065706593	1000.0	-1000.0	339.4326802880224	8.39	339.4326802880223	-339.4326802880223	220.1891065706593
801	-304.63900736684	380.5797269145827	228.69828781909723	304.63900736684	305.51513654270866	-1000.0	-304.63900736684	-313.90513654270865	0.0	0.0	0.0	228.69828781909712	1000.0	228.69828781909712	0.0	694.4848634572913	0.0	-228.69828781909723	1000.0	-1000.0	313.90513654270865	8.39	313.90513654270865	-313.90513654270865	228.69828781909712
802	-669.825783284639	1000.0	339.651566569278	669.825783284639	18.954699707834095	-1000.0	-669.825783284639	18.95469970783408	46.29939941566818	-46.29939941566818	46.29939941566818	339.651566569278	1000.0	293.3521671536099	46.29939941566818	981.0453002921658	46.29939941566818	-339.651566569278	1000.0	-1000.0	-18.954699707834095	8.39	-18.95469970783408	18.95469970783408	339.65156656927815
803	-641.112408105827	961.6686121587405	320.5562040529135	641.112408105827	0.0	-961.6686121587405	-641.112408105827	0.0	8.389999999999986	-8.389999999999986	8.389999999999986	320.5562040529135	961.6686121587405	312.16620405291354	8.389999999999986	961.6686121587405	8.389999999999986	-320.5562040529135	961.6686121587405	-961.6686121587405	0.0	8.39	0.0	0.0	320.55620405291353
804	-605.1488797750371	907.7233196625556	302.57443988751857	605.1488797750371	0.0	-907.7233196625556	-605.1488797750371	0.0	8.389999999999986	-8.389999999999986	8.389999999999986	302.57443988751857	907.7233196625556	294.1844398875185	8.389999999999986	907.7233196625556	8.389999999999986	-302.57443988751857	907.7233196625556	-907.7233196625556	0.0	8.39	0.0	0.0	302.5744398875185
805	-582.9221194650747	832.5109055968162	333.33333333333337	582.9221194650747	167.4890944031838	-1000.0	-582.9221194650747	0.0	175.87909440318379	-175.87909440318379	175.87909440318379	333.33333333333337	1000.0	157.45423893014947	175.87909440318379	832.5109055968162	175.87909440318379	-333.33333333333337	1000.0	-1000.0	0.0	8.39	0.0	0.0	333.33333333333337
806	-585.1868158323904	837.0402983314475	333.33333333333326	585.1868158323904	162.95970166855253	-1000.0	-585.1868158323904	0.0	171.34970166855254	-171.34970166855254	171.34970166855254	333.33333333333326	1000.0	161.98363166478077	171.34970166855254	837.0402983314475	171.34970166855254	-333.33333333333326	1000.0	-1000.0	0.0	8.39	0.0	0.0	333.3333333333335
807	-603.1391515223544	904.7087272835315	301.56957576117725	603.1391515223544	0.0	-904.7087272835315	-603.1391515223544	0.0	8.389999999999986	-8.389999999999986	8.389999999999986	301.56957576117725	904.7087272835315	293.1795757611772	8.389999999999986	904.7087272835315	8.389999999999986	-301.56957576117725	904.7087272835315	-904.7087272835315	0.0	8.39	0.0	0.0	301.5695757611771
808	-361.3153643425426	436.9239405709043	285.7067881141809	361.3153643425426	420.1964237716383	-1000.0	-361.3153643425426	-142.8796356574574	285.7067881141809	-285.7067881141809	285.7067881141809	285.7067881141809	1000.0	0.0	285.7067881141809	579.8035762283616	285.7067881141809	-285.7067881141809	1000.0	-1000.0	142.87963565745736	8.39	142.8796356574574	-142.8796356574574	285.7067881141809
809	-569.8350690775773	784.456781795962	355.21335635919246	569.8350690775773	281.1832872816152	-1000.0	-569.8350690775773	65.64006907757721	355.2133563591924	-355.2133563591924	355.2133563591924	355.2133563591924	1000.0	0.0	355.2133563591924	718.8167127183848	355.2133563591924	-355.21335635919246	1000.0	-1000.0	-65.64006907757721	8.39	-65.64006907757721	65.64006907757721	355.2133563591924
810	-532.8734095639766	732.4134857946199	333.33333333333326	532.8734095639766	267.5865142053802	-1000.0	-532.8734095639766	0.0	275.9765142053801	-275.9765142053801	275.9765142053801	333.33333333333326	1000.0	57.35681912795316	275.9765142053801	732.4134857946199	275.9765142053801	-333.33333333333326	1000.0	-1000.0	0.0	8.39	0.0	0.0	333.3333333333334
811	-347.2190271457066	485.3190042914132	209.11905000000047	347.2190271457066	142.0381457085865	-568.6662457085863	-347.21902714570655	58.6909042914134	209.1190499999999	-209.1190499999999	209.1190499999999	209.11905000000047	568.6662457085863	0.0	209.1190499999999	426.6281000000005	209.1190499999999	-209.11905000000013	568.6662457085863	-568.6662457085862	-58.6909042914134	8.39	-58.6909042914134	58.6909042914134	209.11904999999996
812	-322.41110558418507	432.6781407789134	212.14407038945672	322.41110558418507	203.75407038945673	-636.4322111683701	-322.41110558418507	0.0	212.14407038945672	-212.14407038945672	212.14407038945672	212.14407038945672	636.4322111683701	0.0	212.14407038945672	432.6781407789134	212.14407038945672	-212.14407038945672	636.4322111683701	-636.4322111683701	0.0	8.39	0.0	0.0	212.1440703894566
813	-462.89676303263275	619.992350710177	305.8011753550885	462.89676303263275	297.4111753550885	-917.4035260652655	-462.89676303263275	0.0	305.8011753550885	-305.8011753550885	305.8011753550885	305.8011753550885	917.4035260652655	0.0	305.8011753550885	619.992350710177	305.8011753550885	-305.8011753550885	917.4035260652655	-917.4035260652655	0.0	8.39	0.0	0.0	305.80117535508856
814	-482.82374534483824	646.5616604597844	319.08583022989217	482.82374534483824	310.69583022989224	-957.2574906896766	-482.8237453448383	0.0	319.0858302298922	-319.0858302298922	319.0858302298922	319.08583022989217	957.2574906896766	0.0	319.0858302298922	646.5616604597844	319.0858302298922	-319.08583022989217	957.2574906896766	-957.2574906896766	0.0	8.39	0.0	0.0	319.0858302298922
815	-661.760118586394	992.640177879591	330.88005929319706	661.760118586394	0.0	-1000.0	-661.760118586394	-7.359822120409037	1.0301778795909637	-1.0301778795909637	1.0301778795909637	330.88005929319695	1000.0	329.84988141360606	1.0301778795909637	1000.0	1.0301778795909637	-330.88005929319706	1000.0	-1000.0	7.359822120409035	8.39	7.359822120409037	-7.359822120409037	330.880059293197
816	-651.2858076653318	976.9287114979977	325.64290383266575	651.2858076653318	0.0	-985.3187114979976	-651.2858076653318	-8.389999999999986	0.0	0.0	0.0	325.64290383266575	985.3187114979976	325.64290383266587	0.0	985.3187114979976	0.0	-325.64290383266575	985.3187114979976	-985.3187114979976	8.389999999999873	8.39	8.389999999999986	-8.389999999999986	325.642903832666
817	-562.2870456676834	843.4305685015252	281.14352283384164	562.2870456676834	0.0	-851.820568501525	-562.2870456676834	-8.389999999999986	0.0	0.0	0.0	281.14352283384164	851.820568501525	281.1435228338417	0.0	851.820568501525	0.0	-281.14352283384164	851.820568501525	-851.820568501525	8.389999999999873	8.39	8.389999999999986	-8.389999999999986	281.14352283384164
818	-295.0636674373236	381.0082848746474	209.11905000000047	295.0636674373236	246.34886512535172	-882.0960151253507	-295.0636674373236	-254.7388651253517	0.0	0.0	0.0	209.11905000000047	882.0960151253507	209.1190499999998	0.0	635.747149999999	0.0	-209.11905000000013	882.0960151253507	-882.0960151253507	254.7388651253516	8.39	254.7388651253517	-254.7388651253517	209.11904999999996
819	-645.6159397363128	957.8985461392922	333.33333333333337	645.6159397363128	42.10145386070792	-1000.0	-645.6159397363128	0.0	50.49145386070791	-50.49145386070791	50.49145386070791	333.33333333333337	1000.0	282.8418794726254	50.49145386070791	957.8985461392921	50.49145386070791	-333.33333333333337	1000.0	-999.9999999999999	0.0	8.39	0.0	0.0	333.33333333333337
820	-469.3873362738144	628.6464483650859	310.1282241825429	469.3873362738144	301.7382241825429	-930.3846725476287	-469.3873362738144	0.0	310.1282241825429	-310.1282241825429	310.1282241825429	310.1282241825429	930.3846725476287	0.0	310.1282241825429	628.6464483650858	310.1282241825429	-310.1282241825429	930.3846725476287	-930.3846725476288	0.0	8.39	0.0	0.0	310.1282241825429
821	-418.2380999999999	627.3571499999998	209.11905000000047	418.2380999999999	0.0	-632.6648413343174	-418.2380999999999	-5.307691334317656	3.0823086656823446	-3.0823086656823446	3.0823086656823446	209.11905000000047	632.6648413343174	206.03674133431753	3.0823086656823446	632.6648413343174	3.0823086656823446	-209.11905000000013	632.6648413343174	-632.6648413343174	5.30769133431761	8.39	5.307691334317656	-5.307691334317656	209.11904999999996
822	-418.23810000000026	627.3571500000004	209.11905000000047	418.23810000000026	0.0	-630.61680661766	-418.23810000000026	-3.2596566176595907	5.13034338234041	-5.13034338234041	5.13034338234041	209.11905000000047	630.61680661766	203.98870661765977	5.13034338234041	630.61680661766	5.13034338234041	-209.11905000000013	630.61680661766	-630.61680661766	3.2596566176596298	8.39	3.2596566176595907	-3.2596566176595907	209.11904999999996
823	-561.8750492044378	842.8125738066566	280.9375246022189	561.8750492044378	0.0	-842.8125738066566	-561.8750492044378	0.0	8.389999999999986	-8.389999999999986	8.389999999999986	280.9375246022189	842.8125738066566	272.54752460221886	8.389999999999986	842.8125738066566	8.389999999999986	-280.9375246022189	842.8125738066566	-842.8125738066566	0.0	8.39	0.0	0.0	280.9375246022188
824	-322.16061303791867	435.20217607583743	209.11905000000047	322.16061303791867	192.15497392416248	-827.9021239241624	-322.1606130379187	-200.54497392416246	0.0	0.0	0.0	209.11905000000047	827.9021239241624	209.11905000000002	0.0	635.7471499999999	0.0	-209.11905000000013	827.9021239241624	-827.9021239241624	200.54497392416246	8.39	200.54497392416246	-200.54497392416246	209.11904999999996
825	-667.2952178729727	1000.0	334.59043574594523	667.2952178729727	3.7713072378356856	-1000.0	-667.2952178729727	3.7713072378356856	15.932614475671357	-15.932614475671357	15.932614475671357	334.59043574594523	1000.0	318.65782127027387	15.932614475671357	996.2286927621643	15.932614475671357	-334.59043574594523	1000.0	-1000.0	-3.7713072378356856	8.39	-3.7713072378356856	3.7713072378356856	334.59043574594534
826	-668.311118028996	1000.0	336.62223605799204	668.3111180289959	9.866708173976235	-691.5011802899604	-668.3111180289959	318.3655278840158	336.62223605799204	-336.62223605799204	336.62223605799204	336.62223605799215	691.5011802899604	0.0	336.62223605799204	681.6344721159842	336.62223605799204	-336.62223605799204	691.5011802899604	-691.5011802899604	-318.3655278840158	8.39	-318.3655278840158	318.3655278840158	336.6222360579919
827	-675.9193142899529	1000.0	351.83862857990584	675.9193142899528	55.515885739717135	-1000.0	-675.9193142899528	55.51588573971706	119.4217714794342	-119.4217714794342	119.4217714794342	351.83862857990573	1000.0	232.41685710047147	119.4217714794342	944.4841142602829	119.4217714794342	-351.83862857990584	1000.0	-1000.0	-55.515885739717135	8.39	-55.51588573971706	55.51588573971706	351.8386285799056
828	-691.4081416735801	1000.0	382.81628334716015	691.4081416735801	148.44885004148063	-1000.0	-691.4081416735801	148.44885004148068	305.28770008296124	-305.28770008296124	305.28770008296124	382.81628334716015	1000.0	77.52858326419894	305.28770008296124	851.5511499585193	305.28770008296124	-382.81628334716015	1000.0	-1000.0	-148.44885004148063	8.39	-148.44885004148068	148.44885004148068	382.8162833471604
829	-424.33123277591403	636.496849163871	212.16561638795702	424.33123277591403	0.0	-432.721232775914	-424.33123277591403	203.77561638795703	212.16561638795702	-212.16561638795702	212.16561638795702	212.16561638795702	432.721232775914	0.0	212.16561638795702	432.721232775914	212.16561638795702	-212.16561638795702	432.721232775914	-432.721232775914	-203.77561638795703	8.39	-203.77561638795703	203.77561638795703	212.16561638795702
830	-357.300146719605	479.1968622928067	235.40343114640334	357.300146719605	227.01343114640338	-706.2102934392101	-357.300146719605	0.0	235.40343114640336	-235.40343114640336	235.40343114640336	235.40343114640336	706.2102934392101	0.0	235.40343114640336	479.1968622928067	235.40343114640336	-235.40343114640334	706.2102934392101	-706.2102934392101	0.0	8.39	0.0	0.0	235.40343114640336
831	-476.2543372488958	628.4888954148265	324.01977908296533	476.2543372488958	343.5704418340694	-1000.0	-476.25433724889587	-27.940662751104014	324.01977908296533	-324.01977908296533	324.01977908296533	324.01977908296533	1000.0	0.0	324.01977908296533	656.4295581659305	324.01977908296533	-324.01977908296533	1000.0	-1000.0	27.940662751104046	8.39	27.940662751104014	-27.940662751104014	324.01977908296533
832	-403.56536675952213	598.0116835190445	209.11905000000047	403.56536675952213	29.345466480955338	-455.9735664809552	-403.56536675952213	171.38358351904458	209.1190499999999	-209.1190499999999	209.1190499999999	209.11905000000047	455.9735664809552	0.0	209.1190499999999	426.6281000000005	209.1190499999999	-209.11905000000013	455.97356648095524	-455.97356648095524	-171.38358351904458	8.39	-171.38358351904458	171.38358351904458	209.11904999999996
833	-413.7320826390261	618.3451152780522	209.11905000000047	413.7320826390261	9.012034721947657	-435.64013472194756	-413.7320826390261	191.71701527805243	209.11905000000002	-209.11904999999996	209.11904999999996	209.11905000000047	435.64013472194756	0.0	209.11904999999996	426.6281000000005	209.11904999999996	-209.11905000000013	435.6401347219475	-435.64013472194756	-191.71701527805232	8.39	-191.71701527805243	191.71701527805243	209.11904999999996
834	-368.86360070169155	528.6081514033831	209.11905000000047	368.86360070169155	98.74899859661684	-525.3770985966167	-368.86360070169155	101.98005140338313	209.11905000000002	-209.11904999999996	209.11904999999996	209.11905000000047	525.3770985966167	0.0	209.11904999999996	426.6281000000005	209.11904999999996	-209.11905000000013	525.3770985966167	-525.3770985966167	-101.98005140338319	8.39	-101.98005140338313	101.98005140338313	209.11904999999996
835	-409.3682834699032	609.6175169398063	209.11905000000047	409.3682834699032	17.739633060193682	-444.36773306019364	-409.36828346990313	182.98941693980635	209.11905000000002	-209.11905000000002	209.11905000000002	209.11905000000047	444.36773306019364	0.0	209.11905000000002	426.6281000000005	209.11905000000002	-209.11905000000013	444.3677330601936	-444.3677330601936	-182.98941693980635	8.39	-182.98941693980635	182.98941693980635	209.11904999999996
836	-665.9580313444337	998.5827293555342	333.33333333333337	665.9580313444337	1.417270644465816	-1000.0	-665.9580313444337	0.0	9.807270644465833	-9.807270644465833	9.807270644465833	333.33333333333337	1000.0	323.52606268886757	9.807270644465833	998.5827293555342	9.807270644465833	-333.33333333333337	1000.0	-1000.0	0.0	8.39	0.0	0.0	333.33333333333326
837	-459.18357375012795	688.775360625192	229.59178687506403	459.18357375012795	0.0	-467.573573750128	-459.18357375012795	221.20178687506404	229.59178687506403	-229.59178687506403	229.59178687506403	229.59178687506403	467.573573750128	0.0	229.59178687506403	467.57357375012793	229.59178687506403	-229.59178687506403	467.57357375012793	-467.57357375012793	-221.20178687506404	8.39	-221.20178687506404	221.20178687506404	229.59178687506397
838	-453.39226287316797	680.0883943097518	226.69613143658398	453.39226287316797	0.0	-461.78226287316784	-453.39226287316797	218.306131436584	226.69613143658398	-226.69613143658387	226.69613143658387	226.69613143658398	461.78226287316784	0.0	226.69613143658387	461.78226287316784	226.69613143658387	-226.69613143658398	461.7822628731679	-461.78226287316784	-218.306131436584	8.39	-218.306131436584	218.306131436584	226.69613143658398
839	-438.88498270304945	658.327474054574	219.44249135152472	438.88498270304945	0.0	-447.2749827030493	-438.88498270304945	211.05249135152474	219.44249135152472	-219.4424913515246	219.4424913515246	219.44249135152472	447.2749827030493	0.0	219.4424913515246	447.2749827030493	219.4424913515246	-219.44249135152472	447.2749827030493	-447.2749827030494	-211.05249135152474	8.39	-211.05249135152474	211.05249135152474	219.44249135152472
840	-493.90841266773606	740.862619001604	246.954206333868	493.90841266773606	0.0	-502.29841266773593	-493.90841266773606	238.564206333868	246.954206333868	-246.95420633386797	246.95420633386797	246.954206333868	502.29841266773593	0.0	246.95420633386797	502.29841266773593	246.95420633386797	-246.954206333868	502.29841266773593	-502.29841266773593	-238.56420633386807	8.39	-238.564206333868	238.564206333868	246.954206333868
841	-476.55759904235265	714.836398563529	238.27879952117632	476.55759904235265	0.0	-484.94759904235275	-476.55759904235265	229.88879952117628	238.27879952117632	-238.27879952117638	238.27879952117638	238.27879952117632	484.94759904235275	0.0	238.27879952117638	484.94759904235275	238.27879952117638	-238.27879952117632	484.94759904235275	-484.9475990423527	-229.88879952117628	8.39	-229.88879952117628	229.88879952117628	238.27879952117632
842	-433.0704601592479	649.6056902388717	216.53523007962394	433.0704601592479	0.0	-441.46046015924776	-433.0704601592479	208.14523007962396	216.53523007962394	-216.53523007962383	216.53523007962383	216.53523007962394	441.46046015924776	0.0	216.53523007962383	441.46046015924776	216.53523007962383	-216.53523007962394	441.46046015924776	-441.46046015924776	-208.14523007962396	8.39	-208.14523007962396	208.14523007962396	216.53523007962394
843	-519.8943482394725	779.8415223592086	259.94717411973625	519.8943482394725	0.0	-528.2843482394724	-519.8943482394725	251.55717411973632	259.94717411973625	-259.9471741197362	259.9471741197362	259.94717411973625	528.2843482394724	0.0	259.9471741197362	528.2843482394724	259.9471741197362	-259.94717411973625	528.2843482394724	-528.2843482394724	-251.55717411973626	8.39	-251.55717411973632	251.55717411973632	259.9471741197362
844	-522.7957949888291	784.1936924832438	261.39789749441456	522.7957949888291	0.0	-531.1857949888292	-522.7957949888291	253.00789749441452	261.39789749441456	-261.3978974944146	261.3978974944146	261.39789749441456	531.1857949888292	0.0	261.3978974944146	531.1857949888292	261.3978974944146	-261.39789749441456	531.1857949888292	-531.1857949888292	-253.00789749441458	8.39	-253.00789749441452	253.00789749441452	261.3978974944146
845	-540.1466086142127	810.219912921319	270.07330430710635	540.1466086142127	0.0	-548.5366086142126	-540.1466086142127	261.6833043071064	270.07330430710635	-270.0733043071063	270.0733043071063	270.07330430710635	548.5366086142126	0.0	270.0733043071063	548.5366086142126	270.0733043071063	-270.07330430710635	548.5366086142126	-548.5366086142126	-261.68330430710637	8.39	-261.6833043071064	261.6833043071064	270.0733043071063
846	-441.78642945240654	662.6796441786097	220.89321472620327	441.78642945240654	0.0	-450.1764294524064	-441.78642945240654	212.50321472620328	220.89321472620327	-220.89321472620315	220.89321472620315	220.89321472620327	450.1764294524064	0.0	220.89321472620315	450.1764294524064	220.89321472620315	-220.89321472620327	450.17642945240635	-450.1764294524064	-212.50321472620328	8.39	-212.50321472620328	212.50321472620328	220.89321472620327
847	-330.55447670508374	385.65579450847287	275.45315890169456	330.55447670508374	440.70368219661094	-1000.0	-330.5544767050837	-173.6405232949163	275.45315890169456	-275.45315890169456	275.45315890169456	275.45315890169456	1000.0	0.0	275.45315890169456	559.296317803389	275.45315890169456	-275.45315890169456	1000.0	-1000.0	173.64052329491625	8.39	173.6405232949163	-173.6405232949163	275.45315890169456
848	-364.51143057765614	519.9038111553123	209.11905000000047	364.51143057765614	107.45333884468766	-534.0814388446876	-364.51143057765614	93.27571115531231	209.11905000000002	-209.11904999999996	209.11904999999996	209.11905000000047	534.0814388446876	0.0	209.11904999999996	426.6281000000005	209.11904999999996	-209.11905000000013	534.0814388446876	-534.0814388446876	-93.27571115531237	8.39	-93.27571115531231	93.27571115531231	209.11904999999996
849	-387.63052855089427	566.1420071017887	209.11905000000047	387.63052855089427	61.21514289821107	-487.8432428982109	-387.63052855089427	139.51390710178885	209.1190499999999	-209.1190499999999	209.1190499999999	209.11905000000047	487.8432428982109	0.0	209.1190499999999	426.6281000000005	209.1190499999999	-209.11905000000013	487.843242898211	-487.843242898211	-139.51390710178885	8.39	-139.51390710178885	139.51390710178885	209.11904999999996
850	-355.8360237649646	502.5529975299291	209.11905000000047	355.8360237649646	124.8041524700709	-551.4322524700708	-355.8360237649646	75.92489752992918	209.11905000000002	-209.11904999999996	209.11904999999996	209.11905000000047	551.4322524700708	0.0	209.11904999999996	426.6281000000005	209.11904999999996	-209.11905000000013	551.4322524700708	-551.4322524700708	-75.92489752992918	8.39	-75.92489752992918	75.92489752992918	209.11904999999996
851	-394.8726091332053	580.6261682664106	209.11905000000047	394.8726091332053	46.730981733589374	-473.3590817335893	-394.8726091332053	153.9980682664106	209.11905000000002	-209.11904999999996	209.11904999999996	209.11905000000047	473.3590817335893	0.0	209.11904999999996	426.6281000000005	209.11904999999996	-209.11905000000013	473.3590817335893	-473.3590817335894	-153.9980682664107	8.39	-153.9980682664106	153.9980682664106	209.11904999999996
852	-377.5101896744013	545.9013293488026	209.11905000000047	377.5101896744013	81.45582065119726	-508.08392065119716	-377.5101896744013	119.27322934880266	209.11905000000002	-209.11904999999996	209.11904999999996	209.11905000000047	508.08392065119716	0.0	209.11904999999996	426.6281000000005	209.11904999999996	-209.11905000000013	508.08392065119716	-508.08392065119716	-119.27322934880272	8.39	-119.27322934880266	119.27322934880266	209.11904999999996
853	-396.3175411970068	583.5160323940136	209.11905000000047	396.3175411970068	43.84111760598648	-470.4692176059864	-396.3175411970068	156.8879323940136	209.11905000000002	-209.11904999999996	209.11904999999996	209.11905000000047	470.4692176059864	0.0	209.11904999999996	426.6281000000005	209.11904999999996	-209.11905000000013	470.4692176059864	-470.46921760598633	-156.8879323940136	8.39	-156.8879323940136	156.8879323940136	209.11904999999996
854	-405.0161133458678	600.9131766917355	209.11905000000047	405.0161133458678	26.443973308264503	-453.0720733082644	-405.0161133458678	174.28507669173558	209.11905000000002	-209.11904999999996	209.11904999999996	209.11905000000047	453.0720733082644	0.0	209.11904999999996	426.6281000000005	209.11904999999996	-209.11905000000013	453.0720733082644	-453.07207330826446	-174.28507669173558	8.39	-174.28507669173558	174.28507669173558	209.11904999999996
855	-399.21319663548684	589.3073432709737	209.11905000000047	399.21319663548684	38.04980672902627	-464.6779067290262	-399.21319663548684	162.6792432709737	209.11905000000002	-209.11904999999996	209.11904999999996	209.11905000000047	464.6779067290262	0.0	209.11904999999996	426.6281000000005	209.11904999999996	-209.11905000000013	464.6779067290262	-464.6779067290263	-162.6792432709738	8.39	-162.6792432709737	162.6792432709737	209.11904999999996
856	-384.73487311241433	560.3506962248287	209.11905000000047	384.73487311241433	67.00645377517117	-493.63455377517107	-384.73487311241433	133.72259622482892	209.11905000000002	-209.11904999999996	209.11904999999996	209.11905000000047	493.63455377517107	0.0	209.11904999999996	426.6281000000005	209.11904999999996	-209.11905000000013	493.63455377517107	-493.63455377517107	-133.72259622482875	8.39	-133.72259622482892	133.72259622482892	209.11904999999996
857	-378.9551217382028	548.7911934764056	209.11905000000047	378.9551217382028	78.56595652359425	-505.19405652359416	-378.9551217382028	122.16309347640566	209.11905000000002	-209.11904999999996	209.11904999999996	209.11905000000047	505.19405652359416	0.0	209.11904999999996	426.6281000000005	209.11904999999996	-209.11905000000013	505.19405652359416	-505.1940565235941	-122.16309347640578	8.39	-122.16309347640566	122.16309347640566	209.11904999999996
858	-351.5069957654315	493.8949415308629	209.11905000000047	351.5069957654315	133.46220846913707	-560.090308469137	-351.5069957654315	67.26684153086302	209.11905000000002	-209.11904999999996	209.11904999999996	209.11905000000047	560.090308469137	0.0	209.11904999999996	426.6281000000005	209.11904999999996	-209.11905000000013	560.090308469137	-560.090308469137	-67.26684153086302	8.39	-67.26684153086302	67.26684153086302	209.11904999999996
859	-344.29959387631857	479.4801377526371	209.11905000000047	344.29959387631857	147.8770122473628	-574.5051122473627	-344.29959387631857	52.85203775263716	209.11905000000002	-209.11904999999996	209.11904999999996	209.11905000000047	574.5051122473627	0.0	209.11904999999996	426.6281000000005	209.11904999999996	-209.11905000000013	574.5051122473627	-574.5051122473628	-52.852037752637216	8.39	-52.85203775263716	52.85203775263716	209.11904999999996
860	-339.9705658767855	470.82208175357096	209.11905000000047	339.9705658767855	156.53506824642898	-583.1631682464289	-339.9705658767855	44.193981753570995	209.11905000000002	-209.11904999999996	209.11904999999996	209.11905000000047	583.1631682464289	0.0	209.11904999999996	426.6281000000005	209.11904999999996	-209.11905000000013	583.1631682464289	-583.163168246429	-44.19398175357105	8.39	-44.193981753570995	44.193981753570995	209.11904999999996
861	-334.2138873623512	459.3087247247024	209.11905000000047	334.2138873623512	168.04842527529763	-594.6765252752975	-334.2138873623512	32.680624724702454	209.11905000000002	-209.11904999999996	209.11904999999996	209.11905000000047	594.6765252752975	0.0	209.11904999999996	426.6281000000005	209.11904999999996	-209.11905000000013	594.6765252752975	-594.6765252752975	-32.68062472470251	8.39	-32.680624724702454	32.680624724702454	209.11904999999996
862	-354.39109170116296	499.6631334023259	209.11905000000047	354.39109170116296	127.69401659767391	-554.3221165976738	-354.39109170116296	73.03503340232618	209.11905000000002	-209.11904999999996	209.11904999999996	209.11905000000047	554.3221165976738	0.0	209.11904999999996	426.6281000000005	209.11904999999996	-209.11905000000013	554.3221165976738	-554.3221165976738	-73.03503340232601	8.39	-73.03503340232618	73.03503340232618	209.11904999999996
863	-648.2000169955222	915.0650283258702	381.3350056651741	648.2000169955222	228.93998866965183	-1000.0	-648.2000169955222	144.00501699552228	381.3350056651741	-381.3350056651741	381.3350056651741	381.3350056651741	1000.0	0.0	381.3350056651741	771.0600113303481	381.3350056651741	-381.3350056651741	1000.0	-1000.0	-144.00501699552217	8.39	-144.00501699552228	144.00501699552228	381.3350056651741
864	-506.4664922548015	679.5996511762695	333.33333333333337	506.4664922548015	320.4003488237305	-1000.0	-506.4664922548015	0.0	328.7903488237305	-328.7903488237305	328.7903488237305	333.33333333333337	1000.0	4.542984509602801	328.7903488237305	679.5996511762695	328.7903488237305	-333.33333333333337	1000.0	-1000.0	0.0	8.39	0.0	0.0	333.33333333333337
865	-350.0649535657575	491.01085713151497	209.11905000000047	350.0649535657575	136.34629286848497	-562.9743928684849	-350.0649535657575	64.382757131515	209.11905000000002	-209.11904999999996	209.11904999999996	209.11905000000047	562.9743928684849	0.0	209.11904999999996	426.6281000000005	209.11904999999996	-209.11905000000013	562.9743928684849	-562.9743928684848	-64.38275713151506	8.39	-64.382757131515	64.382757131515	209.11904999999996
866	-376.0681474747274	543.0172449494548	209.11905000000047	376.0681474747274	84.33990505054516	-510.96800505054506	-376.0681474747274	116.38914494945487	209.11905000000002	-209.11904999999996	209.11904999999996	209.11905000000047	510.96800505054506	0.0	209.11904999999996	426.6281000000005	209.11904999999996	-209.11905000000013	510.96800505054506	-510.9680050505451	-116.38914494945487	8.39	-116.38914494945487	116.38914494945487	209.11904999999996
867	-352.9490495014892	496.7790490029783	209.11905000000047	352.9490495014892	130.5781009970217	-557.2062009970216	-352.9490495014892	70.1509490029784	209.11905000000002	-209.11904999999996	209.11904999999996	209.11905000000047	557.2062009970216	0.0	209.11904999999996	426.6281000000005	209.11904999999996	-209.11905000000013	557.2062009970216	-557.2062009970216	-70.1509490029784	8.39	-70.1509490029784	70.1509490029784	209.11904999999996
868	-338.5285236771116	467.93799735422317	209.11905000000047	338.5285236771116	159.41915264577676	-586.0472526457767	-338.5285236771116	41.30989735422321	209.11905000000002	-209.11904999999996	209.11904999999996	209.11905000000047	586.0472526457767	0.0	209.11904999999996	426.6281000000005	209.11904999999996	-209.11905000000013	586.0472526457767	-586.0472526457766	-41.30989735422327	8.39	-41.30989735422321	41.30989735422321	209.11904999999996
869	-332.7718451626773	456.42464032535463	209.11905000000047	332.7718451626773	170.93250967464542	-597.5606096746453	-332.7718451626773	29.79654032535467	209.11905000000002	-209.11904999999996	209.11904999999996	209.11905000000047	597.5606096746453	0.0	209.11904999999996	426.6281000000005	209.11904999999996	-209.11905000000013	597.5606096746453	-597.5606096746453	-29.796540325354727	8.39	-29.79654032535467	29.79654032535467	209.11904999999996
870	-337.0893598051815	465.059669610363	209.11905000000047	337.0893598051815	162.2974803896368	-588.9255803896367	-337.0893598051815	38.43156961036328	209.11905000000002	-209.11904999999996	209.11904999999996	209.11905000000047	588.9255803896367	0.0	209.11904999999996	426.6281000000005	209.11904999999996	-209.11905000000013	588.9255803896367	-588.9255803896367	-38.43156961036311	8.39	-38.43156961036328	38.43156961036328	209.11904999999996
871	-331.33268129074725	453.5463125814945	209.11905000000047	331.33268129074725	173.81083741850546	-600.4389374185054	-331.33268129074725	26.918212581494515	209.11905000000002	-209.11904999999996	209.11904999999996	209.11905000000047	600.4389374185054	0.0	209.11904999999996	426.6281000000005	209.11904999999996	-209.11905000000013	600.4389374185054	-600.4389374185052	-26.918212581494572	8.39	-26.918212581494515	26.918212581494515	209.11904999999996
872	-328.46009871204456	447.8011474240891	209.11905000000047	328.46009871204456	179.55600257591084	-606.1841025759107	-328.46009871204456	21.173047424089134	209.11905000000002	-209.11904999999996	209.11904999999996	209.11905000000047	606.1841025759107	0.0	209.11904999999996	426.6281000000005	209.11904999999996	-209.11905000000013	606.1841025759107	-606.1841025759109	-21.17304742408919	8.39	-21.173047424089134	21.173047424089134	209.11904999999996
873	-383.29284249536227	557.4666349907245	209.11905000000047	383.29284249536227	69.89051500927542	-496.5186150092753	-383.29284249536227	130.83853499072455	209.11905000000002	-209.11904999999996	209.11904999999996	209.11905000000047	496.5186150092753	0.0	209.11904999999996	426.6281000000005	209.11904999999996	-209.11905000000013	496.5186150092753	-496.51861500927544	-130.83853499072455	8.39	-130.83853499072455	130.83853499072455	209.11904999999996
874	-642.9909459049393	906.3832431748989	379.59864863497984	642.9909459049393	232.41270273004045	-1000.0	-642.9909459049393	138.79594590493934	379.5986486349798	-379.5986486349798	379.5986486349798	379.5986486349798	1000.0	0.0	379.5986486349798	767.5872972699595	379.5986486349798	-379.59864863497984	1000.0	-1000.0	-138.79594590493934	8.39	-138.79594590493934	138.79594590493934	379.5986486349798
875	-530.8818610178032	796.3227915267049	265.4409305089016	530.8818610178032	0.0	-539.2718610178033	-530.8818610178032	257.0509305089016	265.4409305089016	-265.4409305089017	265.4409305089017	265.4409305089016	539.2718610178033	0.0	265.4409305089017	539.2718610178033	265.4409305089017	-265.4409305089016	539.2718610178033	-539.2718610178033	-257.0509305089016	8.39	-257.0509305089016	257.0509305089016	265.4409305089016
876	-686.6086693151465	1000.0	373.21733863029294	686.6086693151465	119.65201589087867	-874.4766931514645	-686.6086693151465	245.17532273941424	373.21733863029294	-373.21733863029294	373.21733863029294	373.21733863029294	874.4766931514645	0.0	373.21733863029294	754.8246772605858	373.21733863029294	-373.21733863029294	874.4766931514645	-874.4766931514645	-245.17532273941424	8.39	-245.17532273941424	245.17532273941424	373.21733863029283
877	-694.7983307736263	1000.0	389.59666154725244	694.7983307736263	168.7899846417574	-956.3733077362623	-694.7983307736263	212.41667690549502	389.59666154725244	-389.59666154725244	389.59666154725244	389.59666154725244	956.3733077362623	0.0	389.59666154725244	787.5833230945049	389.59666154725244	-389.59666154725244	956.3733077362623	-956.3733077362623	-212.41667690549514	8.39	-212.41667690549502	212.41667690549502	389.59666154725244
878	-583.4081514780091	875.1122272170138	291.70407573900457	583.4081514780091	0.0	-591.7981514780092	-583.4081514780091	283.3140757390046	291.70407573900457	-291.7040757390047	291.7040757390047	291.70407573900457	591.7981514780092	0.0	291.7040757390047	591.7981514780092	291.7040757390047	-291.70407573900457	591.7981514780092	-591.7981514780092	-283.3140757390046	8.39	-283.3140757390046	283.3140757390046	291.70407573900445
879	-603.5335110778287	905.300266616743	301.76675553891437	603.5335110778287	0.0	-611.9235110778286	-603.5335110778287	293.37675553891444	301.76675553891437	-301.7667555389143	301.7667555389143	301.76675553891437	611.9235110778286	0.0	301.7667555389143	611.9235110778286	301.7667555389143	-301.76675553891437	611.9235110778286	-611.9235110778286	-293.3767555389144	8.39	-293.37675553891444	293.37675553891444	301.7667555389143
880	-594.9215085068779	892.3822627603168	297.46075425343895	594.9215085068779	0.0	-603.3115085068779	-594.9215085068779	289.07075425343896	297.46075425343895	-297.46075425343895	297.46075425343895	297.46075425343895	603.3115085068779	0.0	297.46075425343895	603.3115085068779	297.46075425343895	-297.46075425343895	603.3115085068779	-603.3115085068779	-289.07075425343896	8.39	-289.07075425343896	289.07075425343896	297.46075425343895
881	-600.6666736642833	901.0000104964249	300.33333683214164	600.6666736642833	0.0	-609.0566736642833	-600.6666736642833	291.94333683214165	300.33333683214164	-300.33333683214164	300.33333683214164	300.33333683214164	609.0566736642833	0.0	300.33333683214164	609.0566736642833	300.33333683214164	-300.33333683214164	609.0566736642833	-609.0566736642833	-291.94333683214165	8.39	-291.94333683214165	291.94333683214165	300.33333683214164
882	-491.00113995211274	736.5017099281691	245.50056997605634	491.00113995211274	0.0	-499.3911399521128	-491.00113995211274	237.1105699760563	245.50056997605634	-245.5005699760564	245.5005699760564	245.50056997605634	499.3911399521128	0.0	245.5005699760564	499.3911399521128	245.5005699760564	-245.50056997605634	499.3911399521128	-499.3911399521128	-237.11056997605635	8.39	-237.1105699760563	237.1105699760563	245.5005699760564
883	-645.8342165613751	911.122027602292	380.5464055204584	645.8342165613751	230.51718895908323	-1000.0	-645.8342165613751	141.63921656137518	380.5464055204584	-380.5464055204584	380.5464055204584	380.5464055204584	1000.0	0.0	380.5464055204584	769.4828110409168	380.5464055204584	-380.5464055204584	1000.0	-1000.0	-141.63921656137518	8.39	-141.63921656137518	141.63921656137518	380.54640552045845
884	-264.38458079856764	319.6501115971352	209.11905000000047	264.38458079856764	307.7070384028646	-734.3351384028646	-264.38458079856764	-106.97798840286464	209.11905000000002	-209.11905000000002	209.11905000000002	209.11905000000047	734.3351384028646	0.0	209.11905000000002	426.6281000000005	209.11905000000002	-209.11905000000013	734.3351384028646	-734.3351384028646	106.97798840286475	8.39	106.97798840286464	-106.97798840286464	209.11904999999996
885	-418.23810000000003	627.3571499999999	209.11905000000047	418.23810000000003	0.0	-542.1378864845647	-418.2381	85.21926351543527	93.60926351543526	-93.60926351543526	93.60926351543526	209.11905000000047	542.1378864845647	115.50978648456476	93.60926351543526	542.1378864845647	93.60926351543526	-209.11905000000013	542.1378864845647	-542.1378864845647	-85.21926351543527	8.39	-85.21926351543527	85.21926351543527	209.11904999999996
886	-689.7625902656207	1000.0	379.5251805312414	689.7625902656207	138.57554159372415	-1000.0	-689.7625902656207	138.5755415937242	285.5410831874483	-285.5410831874483	285.5410831874483	379.5251805312414	1000.0	93.9840973437931	285.5410831874483	861.4244584062758	285.5410831874483	-379.5251805312414	1000.0	-1000.0	-138.57554159372418	8.39	-138.5755415937242	138.5755415937242	379.5251805312414
887	-667.1023922984448	1000.0	334.20478459688945	667.1023922984448	2.614353790668133	-679.4139229844469	-667.1023922984448	323.20043080622133	334.20478459688945	-334.20478459688945	334.20478459688945	334.20478459688945	679.4139229844469	0.0	334.20478459688945	676.7995691937788	334.20478459688945	-334.20478459688945	679.4139229844469	-679.4139229844469	-323.2004308062213	8.39	-323.20043080622133	323.20043080622133	334.20478459688934
888	-606.3946148165469	909.5919222248205	303.19730740827345	606.3946148165469	0.0	-614.784614816547	-606.3946148165469	294.80730740827346	303.19730740827345	-303.19730740827356	303.19730740827356	303.19730740827345	614.784614816547	0.0	303.19730740827356	614.784614816547	303.19730740827356	-303.19730740827345	614.784614816547	-614.784614816547	-294.80730740827346	8.39	-294.80730740827346	294.80730740827346	303.19730740827333
889	-695.7944738466567	1000.0	391.58894769331357	695.7944738466567	174.76684307994097	-1000.0	-695.7944738466567	174.76684307994105	357.923686159882	-357.923686159882	357.923686159882	391.58894769331357	1000.0	33.665261533431604	357.923686159882	825.233156920059	357.923686159882	-391.58894769331357	1000.0	-999.9999999999999	-174.76684307994103	8.39	-174.76684307994105	174.76684307994105	391.5889476933139
890	-172.58107869499815	136.04310738999638	209.11905000000047	172.58107869499815	491.3140426100036	-917.9421426100035	-172.58107869499815	-290.5849926100035	209.11905000000002	-209.11905	209.11905	209.11905000000047	917.9421426100035	0.0	209.11905	426.6281000000005	209.11905	-209.11905000000013	917.9421426100035	-917.9421426100035	290.5849926100036	8.39	290.5849926100035	-290.5849926100035	209.11904999999996
891	-691.3339057680732	1000.0	382.66781153614636	691.3339057680732	148.0034346084392	-921.729057680732	-691.3339057680732	226.27437692770718	382.66781153614636	-382.66781153614636	382.66781153614636	382.66781153614636	921.729057680732	0.0	382.66781153614636	773.7256230722928	382.66781153614636	-382.66781153614636	921.729057680732	-921.729057680732	-226.27437692770718	8.39	-226.27437692770718	226.27437692770718	382.6678115361465
892	-682.3999289303151	1000.0	364.7998578606303	682.3999289303151	94.39957358189076	-832.3892893031513	-682.3999289303151	262.0102842787395	364.79985786063025	-364.79985786063025	364.79985786063025	364.79985786063025	832.3892893031513	0.0	364.79985786063025	737.9897157212605	364.79985786063025	-364.7998578606303	832.3892893031513	-832.3892893031513	-262.0102842787395	8.39	-262.0102842787395	262.0102842787395	364.79985786063025
893	-561.5056622220973	770.574437036829	352.4368874073658	561.5056622220973	286.73622518526844	-1000.0	-561.5056622220973	57.31066222209745	352.4368874073658	-352.4368874073658	352.4368874073658	352.4368874073658	1000.0	0.0	352.4368874073658	713.2637748147315	352.4368874073658	-352.4368874073658	1000.0	-1000.0	-57.31066222209739	8.39	-57.31066222209745	57.31066222209745	352.4368874073658
894	-697.1049396842536	1000.0	394.20987936850736	697.1049396842536	182.62963810552225	-1000.0	-697.1049396842536	182.6296381055222	373.6492762110445	-373.6492762110445	373.6492762110445	394.20987936850736	1000.0	20.56060315746293	373.6492762110445	817.3703618944778	373.6492762110445	-394.20987936850736	1000.0	-1000.0	-182.62963810552225	8.39	-182.6296381055222	182.6296381055222	394.2098793685076
895	-696.1224989453669	1000.0	392.244997890734	696.1224989453669	176.73499367220174	-1000.0	-696.1224989453669	176.73499367220177	361.8599873444035	-361.8599873444035	361.8599873444035	392.244997890734	1000.0	30.385010546330463	361.8599873444035	823.2650063277982	361.8599873444035	-392.244997890734	1000.0	-999.9999999999999	-176.73499367220174	8.39	-176.73499367220177	176.73499367220177	392.24499789073377
896	-634.5432193755933	951.8148290633899	317.2716096877966	634.5432193755933	0.0	-642.9332193755932	-634.5432193755933	308.88160968779664	317.2716096877966	-317.2716096877966	317.2716096877966	317.2716096877966	642.9332193755932	0.0	317.2716096877966	642.9332193755932	317.2716096877966	-317.2716096877966	642.9332193755932	-642.9332193755932	-308.88160968779664	8.39	-308.88160968779664	308.88160968779664	317.2716096877966
897	-607.1018584532267	880.8703835731202	333.33333333333326	607.1018584532267	119.1296164268798	-1000.0	-607.1018584532267	0.0	127.51961642687981	-127.51961642687981	127.51961642687981	333.33333333333337	1000.0	205.81371690645358	127.51961642687981	880.8703835731202	127.51961642687981	-333.33333333333326	1000.0	-999.9999999999999	0.0	8.39	0.0	0.0	333.33333333333326
898	-613.6432340209585	893.9531347085838	333.33333333333326	613.6432340209585	106.04686529141622	-1000.0	-613.6432340209585	0.0	114.43686529141621	-114.43686529141621	114.43686529141621	333.33333333333326	1000.0	218.89646804191705	114.43686529141621	893.9531347085838	114.43686529141621	-333.33333333333326	1000.0	-1000.0	0.0	8.39	0.0	0.0	333.3333333333335
899	-513.6576965624661	693.9820597915987	333.33333333333337	513.6576965624661	306.01794020840134	-1000.0	-513.6576965624661	0.0	314.4079402084013	-314.4079402084013	314.4079402084013	333.33333333333337	1000.0	18.925393124931993	314.4079402084013	693.9820597915987	314.4079402084013	-333.33333333333337	1000.0	-1000.0	0.0	8.39	0.0	0.0	333.33333333333326
900	-518.5699002568997	703.8064671804661	333.33333333333337	518.5699002568997	296.19353281953386	-1000.0	-518.5699002568997	0.0	304.58353281953384	-304.58353281953384	304.58353281953384	333.33333333333337	1000.0	28.749800513799528	304.58353281953384	703.8064671804661	304.58353281953384	-333.33333333333337	1000.0	-1000.0	0.0	8.39	0.0	0.0	333.33333333333326
901	-439.9747875019186	589.4297166692248	290.5198583346124	439.9747875019186	282.12985833461244	-871.5595750038373	-439.97478750191857	0.0	290.5198583346124	-290.5198583346124	290.5198583346124	290.5198583346124	871.5595750038373	0.0	290.5198583346124	589.4297166692248	290.5198583346124	-290.5198583346124	871.5595750038373	-871.5595750038373	0.0	8.39	0.0	0.0	290.5198583346124
902	-356.7072306458315	504.2954112916633	209.11905000000047	356.7072306458315	123.06173870833607	-627.3571499999994	-356.7072306458315	0.0	131.45173870833605	-131.45173870833605	131.45173870833605	209.11905000000047	627.3571499999994	77.66731129166374	131.45173870833605	504.2954112916633	131.45173870833605	-209.11905000000013	627.3571499999994	-627.3571499999995	0.0	8.39	0.0	0.0	209.11904999999996
903	-329.85943200547024	442.60924267396035	217.10962133698024	329.85943200547024	208.71962133698037	-651.3288640109407	-329.85943200547024	0.0	217.10962133698035	-217.10962133698035	217.10962133698035	217.10962133698024	651.3288640109407	0.0	217.10962133698035	442.60924267396035	217.10962133698035	-217.10962133698024	651.3288640109407	-651.3288640109406	0.0	8.39	0.0	0.0	217.10962133698
904	-331.2691898424612	444.4889197899482	218.049459894974	331.2691898424612	209.65945989497405	-654.1483796849222	-331.2691898424611	0.0	218.049459894974	-218.049459894974	218.049459894974	218.049459894974	654.1483796849222	0.0	218.049459894974	444.4889197899482	218.049459894974	-218.049459894974	654.1483796849222	-654.1483796849222	0.0	8.39	0.0	0.0	218.04945989497423
905	-332.67613379155387	446.3648450554051	218.9874225277025	332.67613379155387	210.5974225277024	-656.9622675831075	-332.67613379155387	0.0	218.9874225277024	-218.9874225277024	218.9874225277024	218.9874225277025	656.9622675831075	0.0	218.9874225277024	446.3648450554051	218.9874225277024	-218.9874225277025	656.9622675831075	-656.9622675831074	0.0	8.39	0.0	0.0	218.9874225277025
906	-595.4335860098687	857.5338386864042	333.33333333333326	595.4335860098687	142.4661613135958	-1000.0	-595.4335860098687	0.0	150.85616131359575	-150.85616131359575	150.85616131359575	333.33333333333326	1000.0	182.47717201973754	150.85616131359575	857.5338386864042	150.85616131359575	-333.33333333333326	1000.0	-1000.0	0.0	8.39	0.0	0.0	333.3333333333335
907	-334.08026385274815	448.2370184703308	219.9235092351654	334.0802638527482	211.5335092351654	-659.7705277054962	-334.08026385274815	0.0	219.9235092351654	-219.9235092351654	219.9235092351654	219.9235092351654	659.7705277054962	0.0	219.9235092351654	448.2370184703308	219.9235092351654	-219.9235092351654	659.7705277054962	-659.7705277054962	0.0	8.39	0.0	0.0	219.9235092351654
908	-523.3828189446102	707.0363649076837	339.7292729815367	523.3828189446102	312.1514540369265	-1000.0	-523.3828189446102	19.187818944610285	339.7292729815368	-339.7292729815368	339.7292729815368	339.7292729815367	1000.0	0.0	339.7292729815368	687.8485459630735	339.7292729815368	-339.7292729815367	1000.0	-1000.0	-19.187818944610285	8.39	-19.187818944610285	19.187818944610285	339.7292729815369
909	-322.74650241711765	436.3739548342353	209.11905000000047	322.74650241711765	190.9831951657644	-617.6112951657642	-322.7465024171176	9.745854834235502	209.1190499999999	-209.1190499999999	209.1190499999999	209.11905000000047	617.6112951657642	0.0	209.1190499999999	426.6281000000005	209.1190499999999	-209.11905000000013	617.6112951657642	-617.6112951657641	-9.745854834235502	8.39	-9.745854834235502	9.745854834235502	209.11904999999996
910	-541.005833178949	748.6783330245646	333.33333333333337	541.005833178949	251.3216669754354	-1000.0	-541.005833178949	0.0	259.7116669754354	-259.7116669754354	259.7116669754354	333.33333333333337	1000.0	73.62166635789788	259.7116669754354	748.6783330245646	259.7116669754354	-333.33333333333337	1000.0	-1000.0	0.0	8.39	0.0	0.0	333.33333333333337
911	-327.0684997935342	438.88799972471224	215.2489998623562	327.0684997935342	206.85899986235617	-645.7469995870684	-327.0684997935342	0.0	215.24899986235613	-215.24899986235613	215.24899986235613	215.2489998623562	645.7469995870684	0.0	215.24899986235613	438.88799972471224	215.24899986235613	-215.2489998623562	645.7469995870684	-645.7469995870683	0.0	8.39	0.0	0.0	215.24899986235607
912	-321.3502593160873	433.58146863217485	209.11905000000047	321.3502593160873	193.77568136782486	-620.4037813678246	-321.3502593160873	6.9533686321750565	209.1190499999999	-209.1190499999999	209.1190499999999	209.11905000000047	620.4037813678246	0.0	209.1190499999999	426.6281000000005	209.1190499999999	-209.11905000000013	620.4037813678246	-620.4037813678245	-6.9533686321750565	8.39	-6.9533686321750565	6.9533686321750565	209.11904999999996
913	-484.4005254320624	642.065875720104	326.7351751440208	484.4005254320624	338.1396497119584	-1000.0	-484.4005254320624	-19.794474567937584	326.7351751440208	-326.7351751440208	326.7351751440208	326.7351751440208	1000.0	0.0	326.7351751440208	661.8603502880417	326.7351751440208	-326.7351751440208	1000.0	-1000.0	19.79447456793764	8.39	19.794474567937584	-19.794474567937584	326.7351751440208
914	-499.1115682270482	666.5842803784137	331.6388560756827	499.1115682270482	328.3322878486345	-1000.0	-499.1115682270482	-5.083431772951826	331.6388560756827	-331.6388560756827	331.6388560756827	331.6388560756827	1000.0	0.0	331.6388560756827	671.6677121513655	331.6388560756827	-331.6388560756827	1000.0	-1000.0	5.083431772951826	8.39	5.083431772951826	-5.083431772951826	331.6388560756827
915	-537.8057185659886	742.2781037986439	333.33333333333337	537.8057185659886	257.7218962013561	-1000.0	-537.8057185659886	0.0	266.1118962013561	-266.1118962013561	266.1118962013561	333.33333333333337	1000.0	67.22143713197724	266.1118962013561	742.2781037986439	266.1118962013561	-333.33333333333337	1000.0	-1000.0	0.0	8.39	0.0	0.0	333.33333333333326
916	-540.203805055195	747.0742767770568	333.33333333333326	540.203805055195	252.92572322294328	-1000.0	-540.203805055195	0.0	261.3157232229433	-261.3157232229433	261.3157232229433	333.33333333333326	1000.0	72.01761011039008	261.3157232229433	747.0742767770568	261.3157232229433	-333.33333333333326	1000.0	-1000.0	0.0	8.39	0.0	0.0	333.33333333333337
917	-539.4033777859795	745.4734222386259	333.33333333333326	539.4033777859795	254.52657776137417	-1000.0	-539.4033777859795	0.0	262.9165777613742	-262.9165777613742	262.9165777613742	333.33333333333326	1000.0	70.41675557195916	262.9165777613742	745.4734222386259	262.9165777613742	-333.33333333333326	1000.0	-1000.0	0.0	8.39	0.0	0.0	333.33333333333337
918	-498.5220986162152	667.4927981549536	329.55139907747684	498.5220986162152	321.1613990774768	-988.6541972324304	-498.5220986162152	0.0	329.55139907747684	-329.55139907747684	329.55139907747684	329.55139907747684	988.6541972324304	0.0	329.55139907747684	667.4927981549536	329.55139907747684	-329.55139907747684	988.6541972324304	-988.6541972324303	0.0	8.39	0.0	0.0	329.5513990774768
919	-318.56613385115907	428.01321770231823	209.11905000000047	318.56613385115907	199.34393229768148	-625.9720322976813	-318.566133851159	1.3851177023184391	209.1190499999999	-209.1190499999999	209.1190499999999	209.11905000000047	625.9720322976813	0.0	209.1190499999999	426.6281000000005	209.1190499999999	-209.11905000000013	625.9720322976813	-625.9720322976813	-1.3851177023184391	8.39	-1.3851177023184391	1.3851177023184391	209.11904999999996
920	-398.417753689934	534.0203382532454	262.81516912662266	398.417753689934	254.42516912662285	-788.4455073798683	-398.417753689934	0.0	262.81516912662283	-262.81516912662283	262.81516912662283	262.81516912662266	788.4455073798683	0.0	262.81516912662283	534.0203382532454	262.81516912662283	-262.81516912662266	788.4455073798683	-788.4455073798683	0.0	8.39	0.0	0.0	262.8151691266227
921	-503.7364101711913	674.4452135615884	333.02760678079426	503.7364101711913	324.6376067807942	-999.0828203423825	-503.7364101711913	0.0	333.0276067807942	-333.0276067807942	333.0276067807942	333.02760678079426	999.0828203423825	0.0	333.0276067807942	674.4452135615884	333.0276067807942	-333.02760678079426	999.0828203423825	-999.0828203423825	0.0	8.39	0.0	0.0	333.0276067807941
922	-690.1262899128429	984.9421498547383	395.31042997094767	690.1262899128429	200.98914005810468	-1000.0	-690.1262899128429	185.931289912843	395.31042997094767	-395.31042997094767	395.31042997094767	395.31042997094767	1000.0	0.0	395.31042997094767	799.0108599418953	395.31042997094767	-395.31042997094767	1000.0	-999.9999999999999	-185.931289912843	8.39	-185.931289912843	185.931289912843	395.3104299709476
923	-538.6045513713026	743.8757694092717	333.33333333333337	538.6045513713026	256.1242305907283	-1000.0	-538.6045513713026	0.0	264.5142305907283	-264.5142305907283	264.5142305907283	333.33333333333337	1000.0	68.81910274260507	264.5142305907283	743.8757694092717	264.5142305907283	-333.33333333333337	1000.0	-1000.0	0.0	8.39	0.0	0.0	333.33333333333337
924	-537.0068921513115	740.6804509692897	333.33333333333326	537.0068921513115	259.3195490307102	-1000.0	-537.0068921513115	0.0	267.70954903071015	-267.70954903071015	267.70954903071015	333.33333333333326	1000.0	65.62378430262316	267.70954903071015	740.6804509692897	267.70954903071015	-333.33333333333326	1000.0	-1000.0	0.0	8.39	0.0	0.0	333.3333333333333
925	-406.712768093338	512.5862801555634	300.83925603111265	406.712768093338	389.9314879377747	-1000.0	-406.712768093338	-97.48223190666198	300.8392560311127	-300.8392560311127	300.8392560311127	300.83925603111265	1000.0	0.0	300.8392560311127	610.0685120622253	300.8392560311127	-300.83925603111265	1000.0	-1000.0	97.48223190666198	8.39	97.48223190666198	-97.48223190666198	300.8392560311127
926	-405.3369868401869	543.2459824535825	267.4279912267913	405.3369868401869	259.0379912267913	-802.2839736803738	-405.33698684018685	0.0	267.4279912267913	-267.4279912267913	267.4279912267913	267.4279912267913	802.2839736803738	0.0	267.4279912267913	543.2459824535825	267.4279912267913	-267.4279912267913	802.2839736803738	-802.2839736803738	0.0	8.39	0.0	0.0	267.4279912267913
927	-347.3681027342328	413.6785045570548	281.05770091141096	347.3681027342328	429.4945981771781	-1000.0	-347.3681027342328	-156.82689726576712	281.05770091141096	-281.05770091141096	281.05770091141096	281.05770091141096	1000.0	0.0	281.05770091141096	570.5054018228219	281.05770091141096	-281.05770091141096	1000.0	-999.9999999999999	156.82689726576712	8.39	156.82689726576712	-156.82689726576712	281.05770091141096
928	-348.6554310185343	488.19181203706876	209.11905000000047	348.6554310185343	139.16533796293095	-565.7934379629307	-348.6554310185343	61.56371203706897	209.1190499999999	-209.1190499999999	209.1190499999999	209.11905000000047	565.7934379629307	0.0	209.1190499999999	426.6281000000005	209.1190499999999	-209.11905000000013	565.7934379629307	-565.7934379629307	-61.56371203706897	8.39	-61.56371203706897	61.56371203706897	209.11904999999996
929	-277.59170524719366	346.0643604943873	209.11905000000047	277.59170524719366	281.29278950561246	-707.9208895056123	-277.5917052471936	-80.56373950561252	209.11904999999993	-209.11904999999993	209.11904999999993	209.11905000000047	707.9208895056123	0.0	209.11904999999993	426.6281000000005	209.11904999999993	-209.11905000000013	707.9208895056123	-707.9208895056123	80.56373950561249	8.39	80.56373950561252	-80.56373950561252	209.11904999999996
930	-692.9168778375124	1000.0	385.8337556750247	692.9168778375124	157.50126702507396	-1000.0	-692.9168778375124	157.50126702507396	323.3925340501479	-323.3925340501479	323.3925340501479	385.8337556750247	1000.0	62.44122162487673	323.3925340501479	842.498732974926	323.3925340501479	-385.8337556750247	1000.0	-1000.0	-157.50126702507396	8.39	-157.50126702507396	157.50126702507396	385.8337556750247
931	-339.8853584858207	441.00204311855	238.76867385309163	339.8853584858207	275.303978440725	-1000.0	-339.88535848582075	-283.693978440725	0.0	0.0	0.0	238.76867385309163	1000.0	238.76867385309166	0.0	724.696021559275	0.0	-238.76867385309163	1000.0	-1000.0	283.693978440725	8.39	283.693978440725	-283.693978440725	238.76867385309174
932	-347.67661438618904	454.3584818048955	240.99474696748257	347.67661438618904	268.62575909755225	-1000.0	-347.67661438618904	-277.01575909755223	0.0	0.0	0.0	240.99474696748257	1000.0	240.99474696748257	0.0	731.3742409024478	0.0	-240.99474696748257	1000.0	-1000.0	277.01575909755223	8.39	277.01575909755223	-277.01575909755223	240.99474696748257
933	-610.7578304738709	916.1367457108063	305.3789152369354	610.7578304738709	0.0	-924.5267457108063	-610.7578304738709	-8.39	0.0	0.0	0.0	305.3789152369354	924.5267457108063	305.3789152369354	0.0	924.5267457108063	0.0	-305.3789152369354	924.5267457108063	-924.5267457108063	8.389999999999986	8.39	8.39	-8.39	305.3789152369354
934	-587.8522390164087	881.7783585246128	293.92611950820435	587.8522390164087	0.0	-890.1683585246128	-587.8522390164087	-8.39	0.0	0.0	0.0	293.92611950820435	890.1683585246128	293.92611950820424	0.0	890.1683585246128	0.0	-293.92611950820435	890.1683585246128	-890.1683585246128	8.389999999999986	8.39	8.39	-8.39	293.92611950820424
935	-351.5722267538613	461.036674435191	242.1077790725318	351.5722267538613	265.2866627824045	-1000.0	-351.57222675386134	-273.6766627824045	0.0	0.0	0.0	242.1077790725318	1000.0	242.10777907253183	0.0	734.7133372175955	0.0	-242.1077790725318	1000.0	-1000.0	273.6766627824045	8.39	273.6766627824045	-273.6766627824045	242.1077790725319
936	-287.36179966675195	350.9616565715747	223.76194276192916	287.36179966675195	320.32417171421264	-1000.0	-287.3617996667519	-328.7141717142126	0.0	0.0	0.0	223.76194276192916	1000.0	223.76194276192913	0.0	679.6758282857874	0.0	-223.76194276192916	1000.0	-1000.0	328.71417171421274	8.39	328.7141717142126	-328.7141717142126	223.76194276192905
937	-629.1602550279434	924.9871767225536	333.33333333333326	629.1602550279434	75.01282327744643	-1000.0	-629.1602550279434	0.0	83.4028232774464	-83.4028232774464	83.4028232774464	333.33333333333326	1000.0	249.9305100558869	83.4028232774464	924.9871767225536	83.4028232774464	-333.33333333333326	1000.0	-1000.0	0.0	8.39	0.0	0.0	333.3333333333334
938	-259.674907326997	267.52317887832845	251.82663577566552	259.67490732699696	487.9567284486687	-1000.0	-259.67490732699696	-244.520092673003	251.82663577566572	-251.82663577566572	251.82663577566572	251.82663577566564	1000.0	0.0	251.82663577566572	512.0432715513314	251.82663577566572	-251.82663577566552	1000.0	-1000.0	244.52009267300292	8.39	244.520092673003	-244.520092673003	251.82663577566572
939	-454.58468795603085	592.3728132600513	316.79656265201027	454.58468795603085	358.0168746959795	-1000.0	-454.58468795603085	-49.6103120439692	316.79656265201027	-316.79656265201027	316.79656265201027	316.79656265201027	1000.0	0.0	316.79656265201027	641.9831253040205	316.79656265201027	-316.79656265201027	1000.0	-1000.0	49.6103120439692	8.39	49.6103120439692	-49.6103120439692	316.79656265201027
940	-628.3723910738493	923.411448814365	333.33333333333337	628.3723910738493	76.58855118563497	-1000.0	-628.3723910738493	0.0	84.97855118563496	-84.97855118563496	84.97855118563496	333.33333333333337	1000.0	248.35478214769833	84.97855118563496	923.411448814365	84.97855118563496	-333.33333333333337	1000.0	-1000.0	0.0	8.39	0.0	0.0	333.33333333333337
941	-342.7246583292099	476.3302666584201	209.11905000000047	342.7246583292099	151.0268833415796	-577.6549833415794	-342.72465832920994	49.70216665842031	209.1190499999999	-209.1190499999999	209.1190499999999	209.11905000000047	577.6549833415794	0.0	209.1190499999999	426.6281000000005	209.1190499999999	-209.11905000000013	577.6549833415794	-577.6549833415794	-49.70216665842031	8.39	-49.70216665842031	49.70216665842031	209.11904999999996
942	-341.36940060007123	473.6197512001427	209.11905000000047	341.36940060007123	153.7373987998568	-580.3654987998566	-341.36940060007123	46.99165120014311	209.1190499999999	-209.1190499999999	209.1190499999999	209.11905000000047	580.3654987998566	0.0	209.1190499999999	426.6281000000005	209.1190499999999	-209.11905000000013	580.3654987998566	-580.3654987998566	-46.99165120014288	8.39	-46.99165120014311	46.99165120014311	209.11904999999996
943	-581.9365895041308	830.5398456749282	333.33333333333337	581.9365895041308	169.4601543250718	-1000.0	-581.9365895041308	0.0	177.8501543250718	-177.8501543250718	177.8501543250718	333.33333333333337	1000.0	155.48317900826157	177.8501543250718	830.5398456749282	177.8501543250718	-333.33333333333337	1000.0	-1000.0	0.0	8.39	0.0	0.0	333.33333333333326
944	-682.9545626219093	972.9892710365157	392.91985420730316	682.9545626219094	205.77029158539375	-1000.0	-682.9545626219094	178.75956262190937	392.9198542073031	-392.9198542073031	392.9198542073031	392.91985420730316	1000.0	0.0	392.9198542073031	794.2297084146062	392.9198542073031	-392.91985420730316	1000.0	-1000.0	-178.75956262190942	8.39	-178.75956262190937	178.75956262190937	392.919854207303
945	-472.36255322565233	632.6134043008698	312.11170215043495	472.3625532256523	303.7217021504349	-936.3351064513047	-472.3625532256523	0.0	312.1117021504349	-312.1117021504349	312.1117021504349	312.1117021504349	936.3351064513047	0.0	312.1117021504349	632.6134043008698	312.1117021504349	-312.11170215043495	936.3351064513047	-936.3351064513047	0.0	8.39	0.0	0.0	312.1117021504349
946	-476.3712445980004	637.9583261306672	314.78416306533364	476.37124459800043	306.3941630653336	-944.3524891960008	-476.3712445980004	0.0	314.7841630653336	-314.7841630653336	314.7841630653336	314.7841630653336	944.3524891960008	0.0	314.7841630653336	637.9583261306672	314.7841630653336	-314.78416306533364	944.3524891960008	-944.3524891960008	0.0	8.39	0.0	0.0	314.7841630653336
947	-601.9352472544505	870.5371611755676	333.33333333333326	601.9352472544505	129.46283882443245	-1000.0	-601.9352472544505	0.0	137.85283882443247	-137.85283882443247	137.85283882443247	333.33333333333326	1000.0	195.4804945089009	137.85283882443247	870.5371611755676	137.85283882443247	-333.33333333333326	1000.0	-1000.0	0.0	8.39	0.0	0.0	333.33333333333337
948	-477.7030233310306	639.7340311080408	315.67201555402033	477.7030233310305	307.2820155540204	-947.0160466620612	-477.7030233310305	0.0	315.6720155540204	-315.6720155540204	315.6720155540204	315.6720155540204	947.0160466620612	0.0	315.6720155540204	639.7340311080408	315.6720155540204	-315.67201555402033	947.0160466620612	-947.0160466620612	0.0	8.39	0.0	0.0	315.6720155540204
949	-319.2669388968204	429.4148277936405	209.11905000000047	319.2669388968204	197.9423222063599	-627.3571500000004	-319.26693889682036	0.0	206.33232220635992	-206.33232220635992	206.33232220635992	209.11905000000047	627.3571500000004	2.786727793640239	206.33232220635992	429.4148277936405	206.33232220635992	-209.11905000000013	627.3571500000004	-627.3571500000004	0.0	8.39	0.0	0.0	209.11904999999996
950	-226.27135391094725	243.4236578218946	209.11905000000047	226.27135391094725	383.9334921781052	-810.561592178105	-226.2713539109472	-183.2044421781054	209.1190499999998	-209.1190499999998	209.1190499999998	209.11905000000047	810.561592178105	0.0	209.1190499999998	426.6281000000005	209.1190499999998	-209.11905000000013	810.561592178105	-810.561592178105	183.20444217810518	8.39	183.2044421781054	-183.2044421781054	209.11904999999996
951	-229.52261598375446	249.9261819675089	209.11905000000047	229.52261598375446	377.43096803249085	-804.0590680324908	-229.52261598375446	-176.70191803249085	209.11905000000002	-209.11905000000002	209.11905000000002	209.11905000000047	804.0590680324908	0.0	209.11905000000002	426.6281000000005	209.11905000000002	-209.11905000000013	804.0590680324908	-804.0590680324908	176.701918032491	8.39	176.70191803249085	-176.70191803249085	209.11904999999996
952	-289.0068131276016	368.89457625520333	209.11905000000047	289.0068131276016	258.4625737447964	-685.0906737447962	-289.00681312760156	-57.73352374479646	209.1190499999999	-209.1190499999999	209.1190499999999	209.11905000000047	685.0906737447962	0.0	209.1190499999999	426.6281000000005	209.1190499999999	-209.11905000000013	685.0906737447962	-685.0906737447962	57.73352374479646	8.39	57.73352374479646	-57.73352374479646	209.11904999999996
953	-182.39649070266466	155.6739314053293	209.11905000000047	182.39649070266466	471.68321859467073	-1000.0	-182.39649070266466	-372.6428499999988	107.43036859467074	-107.43036859467074	107.43036859467074	209.11905000000047	1000.0	101.68868140532925	107.43036859467074	528.3167814053293	107.43036859467074	-209.11905000000013	1000.0	-1000.0	372.64284999999927	8.39	372.6428499999995	-372.6428499999995	209.11904999999996
954	-160.0971666573895	101.56027776231576	218.63405555246322	160.0971666573895	554.3418888950737	-1000.0	-160.0971666573895	-344.09783334261044	218.63405555246322	-218.63405555246322	218.63405555246322	218.63405555246322	1000.0	0.0	218.63405555246322	445.6581111049263	218.63405555246322	-218.63405555246322	1000.0	-1000.0	344.0978333426105	8.39	344.09783334261044	-344.09783334261044	218.6340555524631
955	-202.15797822760203	195.19690645520404	209.11905000000047	202.15797822760203	432.160243544796	-858.788343544796	-202.15797822760203	-231.43119354479597	209.11905000000002	-209.11905000000002	209.11905000000002	209.11905000000047	858.788343544796	0.0	209.11905000000002	426.6281000000005	209.11905000000002	-209.11905000000013	858.788343544796	-858.788343544796	231.43119354479597	8.39	231.43119354479597	-231.43119354479597	209.11904999999996
956	-181.47270071221863	153.82635142443723	209.11905000000047	181.47270071221863	473.5307985755628	-1000.0	-181.47270071221863	-372.6428499999988	109.27794857556282	-109.27794857556282	109.27794857556282	209.11905000000047	1000.0	99.84110142443717	109.27794857556282	526.4692014244372	109.27794857556282	-209.11905000000013	1000.0	-1000.0	372.64284999999927	8.39	372.6428499999995	-372.6428499999995	209.11904999999996
957	-138.25901330238207	67.39897660476416	209.11905000000047	138.25901330238207	559.9581733952359	-986.5862733952359	-138.25901330238207	-359.2291233952359	209.11905000000002	-209.11905000000002	209.11905000000002	209.11905000000047	986.5862733952359	0.0	209.11905000000002	426.6281000000005	209.11905000000002	-209.11905000000013	986.5862733952359	-986.5862733952359	359.2291233952359	8.39	359.2291233952359	-359.2291233952359	209.11904999999996
958	-602.8503194601531	891.799119074548	313.901519845758	602.8503194601531	49.905440462726006	-1000.0	-602.8503194601531	-58.29544046272599	0.0	0.0	0.0	313.901519845758	1000.0	313.901519845758	0.0	950.094559537274	0.0	-313.901519845758	1000.0	-1000.0	58.295440462726106	8.39	58.29544046272599	-58.29544046272599	313.90151984575806
959	-293.78140499752146	361.9666942814654	225.59611571357755	293.78140499752146	314.82165285926726	-1000.0	-293.78140499752146	-323.21165285926725	0.0	0.0	0.0	225.59611571357755	1000.0	225.5961157135776	0.0	685.1783471407327	0.0	-225.59611571357755	1000.0	-1000.0	323.21165285926736	8.39	323.21165285926725	-323.21165285926725	225.5961157135776
960	-526.2284860026001	760.4474045758859	292.0095674293143	526.2284860026	115.581297712057	-1000.0	-526.2284860026	-123.97129771205698	0.0	0.0	0.0	292.0095674293143	1000.0	292.00956742931436	0.0	884.418702287943	0.0	-292.0095674293143	1000.0	-1000.0	123.9712977120571	8.39	123.97129771205698	-123.97129771205698	292.0095674293143
961	-146.3524544486687	78.65242408111465	214.052484816223	146.3524544486687	563.5050303675544	-1000.0	-146.3524544486687	-357.84254555133134	214.052484816223	-214.052484816223	214.052484816223	214.052484816223	1000.0	0.0	214.052484816223	436.49496963244565	214.052484816223	-214.052484816223	1000.0	-1000.0	357.842545551331	8.39	357.84254555133134	-357.84254555133134	214.05248481622266
962	-148.96120684837	83.00034474728346	214.92206894945662	148.96120684837	561.7658621010867	-1000.0	-148.96120684837	-355.23379315163004	214.92206894945662	-214.92206894945662	214.92206894945662	214.92206894945662	1000.0	0.0	214.92206894945662	438.2341378989134	214.92206894945662	-214.92206894945662	1000.0	-1000.0	355.2337931516299	8.39	355.23379315163004	-355.23379315163004	214.92206894945673
963	-598.0324041516526	862.7314749699716	333.33333333333337	598.0324041516526	137.2685250300284	-1000.0	-598.0324041516526	0.0	145.6585250300284	-145.6585250300284	145.6585250300284	333.33333333333337	1000.0	187.67480830330496	145.6585250300284	862.7314749699716	145.6585250300284	-333.33333333333337	1000.0	-1000.0	0.0	8.39	0.0	0.0	333.33333333333326
964	-656.408021467665	979.4827096019967	333.33333333333326	656.408021467665	20.517290398003297	-1000.0	-656.408021467665	0.0	28.907290398003283	-28.907290398003283	28.907290398003283	333.33333333333326	1000.0	304.42604293533003	28.907290398003283	979.4827096019967	28.907290398003283	-333.33333333333326	1000.0	-1000.0	0.0	8.39	0.0	0.0	333.3333333333335
965	-608.9589932468455	884.5846531603573	333.33333333333337	608.9589932468455	115.4153468396427	-1000.0	-608.9589932468455	0.0	123.8053468396427	-123.8053468396427	123.8053468396427	333.33333333333337	1000.0	209.5279864936906	123.8053468396427	884.5846531603573	123.8053468396427	-333.33333333333337	1000.0	-1000.0	0.0	8.39	0.0	0.0	333.33333333333326
966	-365.80126051806326	490.53168069075105	241.07084034537547	365.80126051806326	232.68084034537551	-723.2125210361265	-365.80126051806326	0.0	241.07084034537547	-241.07084034537547	241.07084034537547	241.07084034537547	723.2125210361265	0.0	241.07084034537547	490.53168069075105	241.07084034537547	-241.07084034537547	723.2125210361265	-723.2125210361265	0.0	8.39	0.0	0.0	241.0708403453756
967	-422.26135774145087	565.8118103219343	278.7109051609672	422.26135774145087	270.3209051609672	-836.1327154829015	-422.26135774145087	0.0	278.7109051609672	-278.7109051609672	278.7109051609672	278.7109051609672	836.1327154829015	0.0	278.7109051609672	565.8118103219343	278.7109051609672	-278.7109051609672	836.1327154829015	-836.1327154829015	0.0	8.39	0.0	0.0	278.7109051609672
968	-627.3274537933726	921.3215742534115	333.33333333333337	627.3274537933726	78.67842574658846	-1000.0	-627.3274537933726	0.0	87.06842574658845	-87.06842574658845	87.06842574658845	333.33333333333337	1000.0	246.2649075867449	87.06842574658845	921.3215742534115	87.06842574658845	-333.33333333333337	1000.0	-1000.0	0.0	8.39	0.0	0.0	333.3333333333335
969	-223.7576695045733	207.66111584095552	239.85422316819108	223.7576695045733	511.9015536636178	-1000.0	-223.7576695045733	-280.4373304954268	239.85422316819108	-239.85422316819108	239.85422316819108	239.85422316819108	1000.0	0.0	239.85422316819108	488.0984463363822	239.85422316819108	-239.85422316819108	1000.0	-1000.0	280.43733049542675	8.39	280.4373304954268	-280.4373304954268	239.85422316819125
970	-333.9381154460327	391.29519241005437	276.58103848201097	333.9381154460327	438.4479230359782	-1000.0	-333.9381154460327	-170.25688455396732	276.58103848201085	-276.58103848201085	276.58103848201085	276.58103848201097	1000.0	0.0	276.58103848201085	561.5520769640218	276.58103848201085	-276.58103848201097	1000.0	-1000.0	170.25688455396738	8.39	170.25688455396732	-170.25688455396732	276.58103848201085
971	-507.25522272932034	681.1771121253073	333.33333333333337	507.25522272932034	318.82288787469275	-1000.0	-507.25522272932034	0.0	327.2128878746928	-327.2128878746928	327.2128878746928	333.33333333333337	1000.0	6.120445458640581	327.2128878746928	681.1771121253073	327.2128878746928	-333.33333333333337	1000.0	-1000.0	0.0	8.39	0.0	0.0	333.33333333333337
972	-433.0580885022049	556.4951475036748	309.62102950073495	433.0580885022049	372.36794099853006	-1000.0	-433.0580885022049	-71.13691149779515	309.62102950073495	-309.62102950073495	309.62102950073495	309.62102950073495	1000.0	0.0	309.62102950073495	627.63205900147	309.62102950073495	-309.62102950073495	1000.0	-1000.0	71.13691149779513	8.39	71.13691149779515	-71.13691149779515	309.6210295007352
973	-595.8812505270309	858.4291677207286	333.33333333333337	595.8812505270309	141.57083227927137	-1000.0	-595.8812505270309	0.0	149.9608322792714	-149.9608322792714	149.9608322792714	333.33333333333337	1000.0	183.372501054062	149.9608322792714	858.4291677207286	149.9608322792714	-333.33333333333337	1000.0	-1000.0	0.0	8.39	0.0	0.0	333.33333333333326
974	-355.93251954894174	477.37335939858895	234.49167969929454	355.93251954894174	226.10167969929452	-703.4750390978835	-355.93251954894174	0.0	234.49167969929454	-234.49167969929454	234.49167969929454	234.49167969929454	703.4750390978835	0.0	234.49167969929454	477.37335939858895	234.49167969929454	-234.49167969929454	703.4750390978835	-703.4750390978835	0.0	8.39	0.0	0.0	234.49167969929442
975	-511.7101372296109	687.5818953826848	335.8383790765369	511.71013722961095	319.9332418469261	-1000.0	-511.71013722961095	7.5151372296109	335.83837907653697	-335.83837907653697	335.83837907653697	335.83837907653697	1000.0	0.0	335.83837907653697	680.0667581530739	335.83837907653697	-335.8383790765369	1000.0	-1000.0	-7.5151372296109	8.39	-7.5151372296109	7.5151372296109	335.83837907653697
976	-536.2383770366109	739.1434207398886	333.33333333333326	536.2383770366109	260.8565792601114	-1000.0	-536.2383770366109	0.0	269.2465792601114	-269.2465792601114	269.2465792601114	333.33333333333326	1000.0	64.08675407322188	269.2465792601114	739.1434207398886	269.2465792601114	-333.33333333333326	1000.0	-1000.0	0.0	8.39	0.0	0.0	333.3333333333335
977	-157.09908656844945	105.07912313689906	209.11905000000047	157.09908656844945	522.2780268631005	-948.9061268631003	-157.09908656844945	-321.5489768631006	209.1190499999999	-209.1190499999999	209.1190499999999	209.11905000000047	948.9061268631003	0.0	209.1190499999999	426.6281000000005	209.1190499999999	-209.11905000000013	948.9061268631003	-948.9061268631003	321.54897686310073	8.39	321.5489768631006	-321.5489768631006	209.11904999999996
978	-313.23929960662576	356.7971660110429	269.6814332022086	313.23929960662576	452.2471335955828	-1000.0	-313.23929960662576	-190.95570039337417	269.6814332022086	-269.6814332022086	269.6814332022086	269.6814332022086	1000.0	0.0	269.6814332022086	547.7528664044172	269.6814332022086	-269.6814332022086	1000.0	-1000.0	190.9557003933743	8.39	190.95570039337417	-190.95570039337417	269.6814332022086
979	-655.2620114433096	977.1906895532858	333.33333333333337	655.2620114433096	22.80931044671422	-1000.0	-655.2620114433096	0.0	31.199310446714208	-31.199310446714208	31.199310446714208	333.33333333333337	1000.0	302.13402288661905	31.199310446714208	977.1906895532858	31.199310446714208	-333.33333333333337	1000.0	-1000.0	0.0	8.39	0.0	0.0	333.33333333333337
980	-434.8848101147771	582.6430801530361	287.12654007651804	434.8848101147771	278.73654007651805	-861.3796202295541	-434.88481011477705	0.0	287.12654007651804	-287.12654007651804	287.12654007651804	287.12654007651804	861.3796202295541	0.0	287.12654007651804	582.6430801530361	287.12654007651804	-287.12654007651804	861.3796202295541	-861.3796202295541	0.0	8.39	0.0	0.0	287.12654007651804
981	-667.924523007292	1000.0	335.8490460145839	667.924523007292	7.5471380437517155	-687.6352300729195	-667.924523007292	319.9119079708322	335.8490460145839	-335.8490460145839	335.8490460145839	335.8490460145839	687.6352300729195	0.0	335.8490460145839	680.0880920291678	335.8490460145839	-335.8490460145839	687.6352300729195	-687.6352300729195	-319.9119079708322	8.39	-319.9119079708322	319.9119079708322	335.8490460145839
982	-192.52487268214668	175.93069536429334	209.11905000000047	192.52487268214668	451.4264546357067	-878.0545546357067	-192.52487268214668	-250.69740463570668	209.11905000000002	-209.11905000000002	209.11905000000002	209.11905000000047	878.0545546357067	0.0	209.11905000000002	426.6281000000005	209.11905000000002	-209.11905000000013	878.0545546357067	-878.0545546357067	250.69740463570668	8.39	250.69740463570668	-250.69740463570668	209.11904999999996
983	-290.2927565455566	318.5529275759276	262.0325855151855	290.2927565455566	467.54482896962895	-1000.0	-290.29275654555653	-213.90224345444346	262.0325855151855	-262.0325855151855	262.0325855151855	262.0325855151855	1000.0	0.0	262.0325855151855	532.455171030371	262.0325855151855	-262.0325855151855	1000.0	-1000.0	213.90224345444346	8.39	213.90224345444346	-213.90224345444346	262.0325855151855
984	-205.70241357653322	202.28577715306665	209.11905000000047	205.70241357653322	425.0713728469332	-1000.0	-205.70241357653322	-372.6428499999988	60.818522846932844	-60.818522846932844	60.818522846932844	209.11905000000047	1000.0	148.30052715306704	60.818522846932844	574.9286271530668	60.818522846932844	-209.11905000000013	1000.0	-1000.0	372.64284999999927	8.39	372.6428499999995	-372.6428499999995	209.11904999999996
985	-614.6528446438101	895.972355954287	333.33333333333326	614.6528446438101	104.02764404571303	-1000.0	-614.6528446438101	0.0	112.41764404571302	-112.41764404571302	112.41764404571302	333.33333333333326	1000.0	220.91568928762024	112.41764404571302	895.972355954287	112.41764404571302	-333.33333333333326	1000.0	-1000.0	0.0	8.39	0.0	0.0	333.3333333333335
986	-443.396598384134	573.72599730689	313.067199461378	443.396598384134	365.47560107724394	-1000.0	-443.39659838413405	-60.79840161586626	313.06719946137787	-313.06719946137787	313.06719946137787	313.067199461378	1000.0	0.0	313.06719946137787	634.5243989227561	313.06719946137787	-313.067199461378	1000.0	-1000.0	60.798401615866055	8.39	60.79840161586626	-60.79840161586626	313.0671994613781
987	-602.7370007820523	872.140668230771	333.33333333333337	602.7370007820523	127.85933176922897	-1000.0	-602.7370007820523	0.0	136.249331769229	-136.249331769229	136.249331769229	333.33333333333337	1000.0	197.08400156410437	136.249331769229	872.140668230771	136.249331769229	-333.33333333333337	1000.0	-1000.0	0.0	8.39	0.0	0.0	333.33333333333326
988	-616.0546642936298	898.7759952539261	333.33333333333337	616.0546642936298	101.22400474607389	-1000.0	-616.0546642936298	0.0	109.61400474607387	-109.61400474607387	109.61400474607387	333.33333333333337	1000.0	223.71932858725947	109.61400474607387	898.7759952539261	109.61400474607387	-333.33333333333337	1000.0	-1000.0	0.0	8.39	0.0	0.0	333.33333333333337
989	-437.39407101441793	585.9887613525572	288.7993806762786	437.39407101441793	280.40938067627854	-866.3981420288357	-437.3940710144179	0.0	288.7993806762786	-288.7993806762786	288.7993806762786	288.7993806762786	866.3981420288357	0.0	288.7993806762786	585.988761352557	288.7993806762786	-288.7993806762786	866.3981420288357	-866.3981420288355	0.0	8.39	0.0	0.0	288.7993806762786
990	-414.03192459623097	554.8392327949747	273.22461639748735	414.03192459623097	264.83461639748737	-819.6738491924621	-414.03192459623097	0.0	273.22461639748735	-273.22461639748735	273.22461639748735	273.22461639748735	819.6738491924621	0.0	273.22461639748735	554.8392327949747	273.22461639748735	-273.22461639748735	819.6738491924621	-819.6738491924621	0.0	8.39	0.0	0.0	273.22461639748735
991	-436.14827314454527	584.3276975260604	287.9688487630302	436.1482731445453	279.57884876303024	-863.9065462890907	-436.14827314454527	0.0	287.9688487630302	-287.9688487630302	287.9688487630302	287.9688487630302	863.9065462890907	0.0	287.9688487630302	584.3276975260604	287.9688487630302	-287.9688487630302	863.9065462890907	-863.9065462890907	0.0	8.39	0.0	0.0	287.9688487630302
992	-663.8846546653896	994.435975997446	333.33333333333326	663.8846546653896	5.564024002554031	-1000.0	-663.8846546653896	0.0	13.954024002553979	-13.954024002553979	13.954024002553979	333.33333333333326	1000.0	319.37930933077934	13.954024002553979	994.435975997446	13.954024002553979	-333.33333333333326	1000.0	-1000.0	0.0	8.39	0.0	0.0	333.3333333333336
993	-499.83608161367073	669.2447754848944	330.4273877424472	499.83608161367073	322.0373877424472	-991.2821632273416	-499.83608161367073	0.0	330.4273877424472	-330.4273877424472	330.4273877424472	330.4273877424472	991.2821632273416	0.0	330.4273877424472	669.2447754848944	330.4273877424472	-330.4273877424472	991.2821632273416	-991.2821632273416	0.0	8.39	0.0	0.0	330.4273877424472
994	-603.9397081398442	841.2978468997403	366.58156937994806	603.9397081398442	258.4468612401039	-1000.0	-603.9397081398442	99.74470813984419	366.58156937994806	-366.58156937994806	366.58156937994806	366.58156937994806	1000.0	0.0	366.58156937994806	741.5531387598961	366.58156937994806	-366.58156937994806	1000.0	-1000.0	-99.74470813984419	8.39	-99.74470813984419	99.74470813984419	366.581569379948
995	-686.0518218804905	1000.0	372.1036437609811	686.0518218804905	116.31093128294314	-868.9082188049052	-686.0518218804905	247.40271247803798	372.1036437609811	-372.1036437609811	372.1036437609811	372.1036437609811	868.9082188049052	0.0	372.1036437609811	752.5972875219621	372.1036437609811	-372.1036437609811	868.9082188049052	-868.9082188049052	-247.40271247803787	8.39	-247.40271247803798	247.40271247803798	372.1036437609811
996	-163.24476139499336	106.80626899165577	219.68325379833107	163.24476139499336	552.2434924033378	-1000.0	-163.24476139499336	-340.9502386050066	219.68325379833118	-219.68325379833118	219.68325379833118	219.68325379833107	1000.0	0.0	219.68325379833118	447.75650759666223	219.68325379833118	-219.68325379833107	1000.0	-1000.0	340.95023860500646	8.39	340.9502386050066	-340.9502386050066	219.68325379833118
997	-519.2341815716584	700.1219692860974	338.3463938572195	519.2341815716584	314.91721228556105	-1000.0	-519.2341815716584	15.039181571658446	338.3463938572195	-338.3463938572195	338.3463938572195	338.3463938572195	1000.0	0.0	338.3463938572195	685.082787714439	338.3463938572195	-338.3463938572195	1000.0	-1000.0	-15.039181571658446	8.39	-15.039181571658446	15.039181571658446	338.3463938572195
998	-378.12102703466167	506.9580360462156	249.28401802310782	378.12102703466167	240.89401802310783	-747.8520540693235	-378.1210270346617	0.0	249.28401802310782	-249.28401802310782	249.28401802310782	249.28401802310782	747.8520540693235	0.0	249.28401802310782	506.9580360462156	249.28401802310782	-249.28401802310782	747.8520540693235	-747.8520540693235	0.0	8.39	0.0	0.0	249.28401802310788
999	-479.89370547613703	634.5545091268949	325.23290182537903	479.89370547613703	341.144196349242	-1000.0	-479.89370547613703	-24.30129452386302	325.23290182537903	-325.23290182537903	325.23290182537903	325.23290182537903	1000.0	0.0	325.23290182537903	658.8558036507579	325.23290182537903	-325.23290182537903	1000.0	-1000.0	24.30129452386302	8.39	24.30129452386302	-24.30129452386302	325.2329018253789
