	rxn05312	rxn05318	rxn13681	rxn00615	rxn00148	rxn10474	rxn00250	rxn00134	rxn00102	rxn05581	rxn00097	rxn00251	rxn10165	EX_cpd00182_e	EX_cpd00100_e	EX_cpd00080_e	ATPM	DM_cpd00002_c
0	411.8249999999998	137.27499999999995	-549.0999999999998	-411.8249999999998	8.389999999999986	549.0999999999998	8.389999999999986	137.27499999999995	-8.389999999999986	411.8249999999998	128.88499999999993	8.389999999999986	411.8249999999998	-137.27499999999995	411.8249999999998	-411.8249999999998	8.39	137.27499999999992
1	581.2506750000002	193.75022500000006	-775.0009000000002	-581.2506750000002	8.389999999999986	775.0009000000002	8.389999999999986	193.75022500000006	-8.389999999999986	581.2506750000002	185.36022500000004	8.389999999999986	581.2506750000002	-193.75022500000006	581.2506750000002	-581.2506750000002	8.39	193.75022500000003
2	243.74932499999974	81.24977499999993	-324.9990999999997	-243.74932499999977	8.389999999999986	324.9990999999997	8.389999999999986	81.24977499999993	-8.389999999999986	243.74932499999977	72.85977499999993	8.389999999999986	243.74932499999977	-81.24977499999993	243.74932499999977	-243.74932499999977	8.39	81.24977499999989
3	496.70726317500004	165.569087725	-662.2763509	-496.70726317500004	8.389999999999986	662.2763509	8.389999999999986	165.569087725	-8.389999999999986	496.70726317500004	157.179087725	8.389999999999986	496.70726317500004	-165.569087725	496.70726317500004	-496.70726317500004	8.39	165.56908772500003
4	665.4565881750002	221.8188627250001	-887.2754509000004	-665.4565881750002	8.389999999999986	887.2754509000004	8.389999999999986	221.8188627250001	-8.389999999999986	665.4565881750002	213.42886272500007	8.389999999999986	665.4565881750002	-221.8188627250001	665.4565881750002	-665.4565881750002	8.39	221.81886272500006
5	159.20591317499975	53.06863772499991	-212.2745508999999	-159.20591317499975	8.389999999999986	212.2745508999999	8.389999999999986	53.06863772499991	-8.389999999999986	159.20591317499975	44.67863772499991	8.389999999999986	159.20591317499975	-53.06863772499991	159.20591317499975	-159.20591317499975	8.39	53.06863772499993
6	327.6190868249997	109.2063622749999	-436.8254490999997	-327.6190868249997	8.389999999999986	436.8254490999997	8.389999999999986	109.2063622749999	-8.389999999999986	327.6190868249997	100.8163622749999	8.389999999999986	327.6190868249997	-109.2063622749999	327.6190868249997	-327.6190868249997	8.39	109.2063622749999
7	454.1812493243251	151.39374977477502	-605.5749990991001	-454.18124932432505	8.389999999999986	605.5749990991001	8.389999999999986	151.39374977477502	-8.389999999999986	454.18124932432505	143.003749774775	8.389999999999986	454.18124932432505	-151.39374977477502	454.18124932432505	-454.18124932432505	8.39	151.393749774775
8	539.0635124993252	179.68783749977504	-718.7513499991002	-539.0635124993252	8.389999999999986	718.7513499991002	8.389999999999986	179.68783749977504	-8.389999999999986	539.0635124993252	171.29783749977508	8.389999999999986	539.0635124993252	-179.68783749977504	539.0635124993252	-539.0635124993252	8.39	179.68783749977501
9	707.6437506756752	235.88125022522507	-943.5250009009003	-707.6437506756752	8.389999999999986	943.5250009009003	8.389999999999986	235.88125022522507	-8.389999999999986	707.6437506756752	227.49125022522506	8.389999999999986	707.6437506756752	-235.88125022522507	707.6437506756752	-707.6437506756752	8.39	235.88125022522507
10	201.3930756756747	67.13102522522492	-268.52410090089984	-201.39307567567477	8.389999999999986	268.52410090089984	8.389999999999986	67.13102522522492	-8.389999999999986	201.39307567567477	58.74102522522492	8.389999999999986	201.39307567567477	-67.13102522522492	201.39307567567477	-201.39307567567477	8.39	67.13102522522493
11	117.01875067432468	39.006250224774895	-156.02500089909972	-117.01875067432468	8.389999999999986	156.02500089909972	8.389999999999986	39.006250224774895	-8.389999999999986	117.01875067432468	30.616250224774895	8.389999999999986	117.01875067432468	-39.006250224774895	117.01875067432468	-117.01875067432468	8.39	39.00625022477489
12	369.63783749932475	123.21261249977493	-492.85044999909985	-369.63783749932475	8.389999999999986	492.85044999909985	8.389999999999986	123.21261249977493	-8.389999999999986	369.63783749932475	114.82261249977493	8.389999999999986	369.63783749932475	-123.21261249977493	369.63783749932475	-369.63783749932475	8.39	123.21261249977488
13	623.2694256743252	207.75647522477507	-831.0259008991006	-623.2694256743252	8.389999999999986	831.0259008991006	8.389999999999986	207.75647522477507	-8.389999999999986	623.2694256743252	199.36647522477506	8.389999999999986	623.2694256743252	-207.75647522477507	623.2694256743252	-623.2694256743252	8.39	207.7564752247751
14	285.6003361506746	95.20011205022489	-380.8004482008994	-285.60033615067465	8.389999999999986	380.8004482008994	8.389999999999986	95.20011205022489	-8.389999999999986	285.60033615067465	86.81011205022489	8.389999999999986	285.60033615067465	-95.20011205022489	285.60033615067465	-285.60033615067465	8.39	95.20011205022489
15	475.4017302358118	158.46724341193726	-633.868973647749	-475.4017302358118	8.389999999999986	633.868973647749	8.389999999999986	158.46724341193726	-8.389999999999986	475.4017302358118	150.07724341193725	8.389999999999986	475.4017302358118	-158.46724341193726	475.4017302358118	-475.4017302358118	8.39	158.46724341193726
16	433.0454809114868	144.34849363716225	-577.393974548649	-433.0454809114868	8.389999999999986	577.393974548649	8.389999999999986	144.34849363716225	-8.389999999999986	433.0454809114868	135.95849363716223	8.389999999999986	433.0454809114868	-144.34849363716225	433.0454809114868	-433.0454809114868	8.39	144.34849363716228
17	517.8430315878383	172.61434386261277	-690.457375450451	-517.8430315878383	8.389999999999986	690.457375450451	8.389999999999986	172.61434386261277	-8.389999999999986	517.8430315878383	164.22434386261276	8.389999999999986	517.8430315878383	-172.61434386261277	517.8430315878383	-517.8430315878383	8.39	172.6143438626127
18	728.7795190885134	242.9265063628378	-971.7060254513511	-728.7795190885134	8.389999999999986	971.7060254513511	8.389999999999986	242.9265063628378	-8.389999999999986	728.7795190885134	234.5365063628378	8.389999999999986	728.7795190885134	-242.9265063628378	728.7795190885134	-728.7795190885134	8.39	242.9265063628378
19	222.61355658716155	74.20451886238719	-296.81807544954876	-222.61355658716155	8.389999999999986	296.81807544954876	8.389999999999986	74.20451886238719	-8.389999999999986	222.61355658716155	65.81451886238719	8.389999999999986	222.61355658716155	-74.20451886238719	222.61355658716155	-222.61355658716155	8.39	74.20451886238715
20	138.0701447621616	46.0233815873872	-184.0935263495489	-138.0701447621616	8.389999999999986	184.0935263495489	8.389999999999986	46.0233815873872	-8.389999999999986	138.0701447621616	37.6333815873872	8.389999999999986	138.0701447621616	-46.0233815873872	138.0701447621616	-138.0701447621616	8.39	46.02338158738719
21	390.68923158716154	130.22974386238718	-520.9189754495488	-390.68923158716154	8.389999999999986	520.9189754495488	8.389999999999986	130.22974386238718	-8.389999999999986	390.68923158716154	121.83974386238717	8.389999999999986	390.68923158716154	-130.22974386238718	390.68923158716154	-390.68923158716154	8.39	130.22974386238718
22	560.1992809121633	186.73309363738778	-746.9323745495511	-560.1992809121633	8.389999999999986	746.9323745495511	8.389999999999986	186.73309363738778	-8.389999999999986	560.1992809121633	178.34309363738777	8.389999999999986	560.1992809121633	-186.73309363738778	560.1992809121633	-560.1992809121633	8.39	186.73309363738775
23	644.4051940871634	214.8017313623878	-859.2069254495514	-644.4051940871634	8.389999999999986	859.2069254495514	8.389999999999986	214.8017313623878	-8.389999999999986	644.4051940871634	206.4117313623878	8.389999999999986	644.4051940871634	-214.8017313623878	644.4051940871634	-644.4051940871634	8.39	214.80173136238778
24	686.5923565878385	228.86411886261283	-915.4564754504514	-686.5923565878385	8.389999999999986	915.4564754504514	8.389999999999986	228.86411886261283	-8.389999999999986	686.5923565878385	220.4741188626128	8.389999999999986	686.5923565878385	-228.86411886261283	686.5923565878385	-686.5923565878385	8.39	228.8641188626128
25	180.3416815878379	60.113893862612635	-240.45557545045085	-180.3416815878379	8.389999999999986	240.45557545045085	8.389999999999986	60.113893862612635	-8.389999999999986	180.3416815878379	51.723893862612634	8.389999999999986	180.3416815878379	-60.113893862612635	180.3416815878379	-180.3416815878379	8.39	60.11389386261263
26	602.3020690878373	200.76735636261242	-803.0694254504496	-602.3020690878373	8.389999999999986	803.0694254504496	8.389999999999986	200.76735636261242	-8.389999999999986	602.3020690878373	192.37735636261243	8.389999999999986	602.3020690878373	-200.76735636261242	602.3020690878373	-602.3020690878373	8.39	200.76735636261242
27	306.6517302385113	102.21724341283709	-408.86897365134865	-306.6517302385113	8.389999999999986	408.86897365134865	8.389999999999986	102.21724341283709	-8.389999999999986	306.6517302385113	93.82724341283709	8.389999999999986	306.6517302385113	-102.21724341283709	306.6517302385113	-306.6517302385113	8.39	102.2172434128371
28	348.67048091283664	116.22349363761221	-464.8939745504489	-348.67048091283664	8.389999999999986	464.8939745504489	8.389999999999986	116.22349363761221	-8.389999999999986	348.67048091283664	107.83349363761221	8.389999999999986	348.67048091283664	-116.22349363761221	348.67048091283664	-348.67048091283664	8.39	116.22349363761225
29	96.05139408783646	32.017131362612155	-128.06852545044873	-96.05139408783646	8.389999999999986	128.06852545044873	8.389999999999986	32.017131362612155	-8.389999999999986	96.05139408783646	23.627131362612154	8.389999999999986	96.05139408783646	-32.017131362612155	96.05139408783646	-96.05139408783646	8.39	32.01713136261215
30	264.71668158648777	88.23889386216261	-352.9555754486503	-264.7166815864878	8.389999999999986	352.9555754486503	8.389999999999986	88.23889386216261	-8.389999999999986	264.7166815864878	79.84889386216261	8.389999999999986	264.7166815864878	-88.23889386216261	264.7166815864878	-264.7166815864878	8.39	88.23889386216261
31	486.0758022383452	162.02526741278172	-648.1010696511269	-486.07580223834515	8.389999999999986	648.1010696511269	8.389999999999986	162.02526741278172	-8.389999999999986	486.07580223834515	153.6352674127817	8.389999999999986	486.07580223834515	-162.02526741278172	486.07580223834515	-486.07580223834515	8.39	162.02526741278172
32	422.4564609366548	140.8188203122183	-563.2752812488732	-422.4564609366549	8.389999999999986	563.2752812488732	8.389999999999986	140.8188203122183	-8.389999999999986	422.4564609366549	132.42882031221828	8.389999999999986	422.4564609366549	-140.8188203122183	422.4564609366549	-422.4564609366549	8.39	140.81882031221826
33	528.4744925244933	176.1581641748311	-704.6326566993245	-528.4744925244933	8.389999999999986	704.6326566993245	8.389999999999986	176.1581641748311	-8.389999999999986	528.4744925244933	167.7681641748311	8.389999999999986	528.4744925244933	-176.1581641748311	528.4744925244933	-528.4744925244933	8.39	176.1581641748311
34	739.4109800251683	246.47032667505613	-985.8813067002245	-739.4109800251683	8.389999999999986	985.8813067002245	8.389999999999986	246.47032667505613	-8.389999999999986	739.4109800251683	238.0803266750561	8.389999999999986	739.4109800251683	-246.47032667505613	739.4109800251683	-739.4109800251683	8.39	246.47032667505613
35	212.02453661232963	70.67484553744322	-282.6993821497729	-212.02453661232965	8.389999999999986	282.6993821497729	8.389999999999986	70.67484553744322	-8.389999999999986	212.02453661232965	62.28484553744322	8.389999999999986	212.02453661232965	-70.67484553744322	212.02453661232965	-212.02453661232965	8.39	70.67484553744322
36	464.7702692991568	154.92342309971895	-619.6936923988758	-464.77026929915684	8.389999999999986	619.6936923988758	8.389999999999986	154.92342309971895	-8.389999999999986	464.77026929915684	146.53342309971893	8.389999999999986	464.77026929915684	-154.92342309971895	464.77026929915684	-464.77026929915684	8.39	154.92342309971895
37	443.63450088631873	147.87816696210623	-591.5126678484249	-443.63450088631873	8.389999999999986	591.5126678484249	8.389999999999986	147.87816696210623	-8.389999999999986	443.63450088631873	139.48816696210628	8.389999999999986	443.63450088631873	-147.87816696210623	443.63450088631873	-443.63450088631873	8.39	147.8781669621062
38	401.27825156199356	133.7594171873312	-535.0376687493249	-401.27825156199356	8.389999999999986	535.0376687493249	8.389999999999986	133.7594171873312	-8.389999999999986	401.27825156199356	125.3694171873312	8.389999999999986	401.27825156199356	-133.7594171873312	401.27825156199356	-401.27825156199356	8.39	133.75941718733117
39	507.29628314983194	169.098761049944	-676.3950441997761	-507.29628314983194	8.389999999999986	676.3950441997761	8.389999999999986	169.098761049944	-8.389999999999986	507.29628314983194	160.70876104994397	8.389999999999986	507.29628314983194	-169.098761049944	507.29628314983194	-507.29628314983194	8.39	169.09876104994396
40	676.0456081498323	225.3485360499441	-901.3941441997764	-676.0456081498323	8.389999999999986	901.3941441997764	8.389999999999986	225.3485360499441	-8.389999999999986	676.0456081498323	216.9585360499441	8.389999999999986	676.0456081498323	-225.3485360499441	676.0456081498323	-676.0456081498323	8.39	225.34853604994413
41	718.2327706505072	239.41092355016906	-957.6436942006762	-718.2327706505072	8.389999999999986	957.6436942006762	8.389999999999986	239.41092355016906	-8.389999999999986	718.2327706505072	231.02092355016907	8.389999999999986	718.2327706505072	-239.41092355016906	718.2327706505072	-718.2327706505072	8.39	239.41092355016906
42	148.61689320016785	49.53896440005596	-198.15585760022395	-148.61689320016785	8.389999999999986	198.15585760022395	8.389999999999986	49.53896440005596	-8.389999999999986	148.61689320016785	41.14896440005596	8.389999999999986	148.61689320016785	-49.53896440005596	148.61689320016785	-148.61689320016785	8.39	49.53896440005593
43	233.16030502516787	77.72010167505594	-310.88040670022406	-233.16030502516782	8.389999999999986	310.88040670022406	8.389999999999986	77.72010167505594	-8.389999999999986	233.16030502516782	69.33010167505594	8.389999999999986	233.16030502516782	-77.72010167505594	233.16030502516782	-233.16030502516782	8.39	77.72010167505593
44	549.6102609373313	183.2034203124438	-732.8136812497753	-549.6102609373313	8.389999999999986	732.8136812497753	8.389999999999986	183.2034203124438	-8.389999999999986	549.6102609373313	174.81342031244378	8.389999999999986	549.6102609373313	-183.2034203124438	549.6102609373313	-549.6102609373313	8.39	183.2034203124437
45	633.8161741123315	211.27205803744383	-845.0882321497756	-633.8161741123315	8.389999999999986	845.0882321497756	8.389999999999986	211.27205803744383	-8.389999999999986	633.8161741123315	202.8820580374438	8.389999999999986	633.8161741123315	-211.27205803744383	633.8161741123315	-633.8161741123315	8.39	211.27205803744386
46	169.752661613006	56.58422053766868	-226.3368821506749	-169.752661613006	8.389999999999986	226.3368821506749	8.389999999999986	56.58422053766868	-8.389999999999986	169.752661613006	48.19422053766868	8.389999999999986	169.752661613006	-56.58422053766868	169.752661613006	-169.752661613006	8.39	56.58422053766864
47	591.7553206498308	197.2517735499436	-789.0070941997744	-591.7553206498308	8.389999999999986	789.0070941997744	8.389999999999986	197.2517735499436	-8.389999999999986	591.7553206498308	188.86177354994362	8.389999999999986	591.7553206498308	-197.2517735499436	591.7553206498308	-591.7553206498308	8.39	197.25177354994355
48	338.1237324748304	112.70791082494345	-450.83164329977376	-338.1237324748304	8.389999999999986	450.83164329977376	8.389999999999986	112.70791082494345	-8.389999999999986	338.1237324748304	104.31791082494345	8.389999999999986	338.1237324748304	-112.70791082494345	338.1237324748304	-338.1237324748304	8.39	112.70791082494345
49	296.104981800505	98.70166060016834	-394.8066424006735	-296.104981800505	8.389999999999986	394.8066424006735	8.389999999999986	98.70166060016834	-8.389999999999986	296.104981800505	90.31166060016834	8.389999999999986	296.104981800505	-98.70166060016834	296.104981800505	-296.104981800505	8.39	98.70166060016834
50	127.56549911233097	42.52183303744366	-170.08733214977465	-127.56549911233098	8.389999999999986	170.08733214977465	8.389999999999986	42.52183303744366	-8.389999999999986	127.56549911233098	34.13183303744366	8.389999999999986	127.56549911233098	-42.52183303744366	127.56549911233098	-127.56549911233098	8.39	42.521833037443656
51	570.7460293501697	190.24867645005656	-760.9947058002263	-570.7460293501697	8.389999999999986	760.9947058002263	8.389999999999986	190.24867645005656	-8.389999999999986	570.7460293501697	181.85867645005658	8.389999999999986	570.7460293501697	-190.24867645005656	570.7460293501697	-570.7460293501697	8.39	190.24867645005656
52	190.84632723766845	63.61544241255616	-254.4617696502246	-190.8463272376685	8.389999999999986	254.4617696502246	8.389999999999986	63.61544241255616	-8.389999999999986	190.8463272376685	55.22544241255616	8.389999999999986	190.8463272376685	-63.61544241255616	190.8463272376685	-190.8463272376685	8.39	63.61544241255617
53	380.14248314915517	126.71416104971841	-506.8566441988736	-380.1424831491552	8.389999999999986	506.8566441988736	8.389999999999986	126.71416104971841	-8.389999999999986	380.1424831491552	118.32416104971841	8.389999999999986	380.1424831491552	-126.71416104971841	380.1424831491552	-380.1424831491552	8.39	126.71416104971841
54	85.5046456498302	28.501548549943397	-114.00619419977369	-85.5046456498302	8.389999999999986	114.00619419977369	8.389999999999986	28.501548549943397	-8.389999999999986	85.5046456498302	20.111548549943397	8.389999999999986	85.5046456498302	-28.501548549943397	85.5046456498302	-85.5046456498302	8.39	28.501548549943408
55	654.909839736994	218.30327991233133	-873.2131196493256	-654.909839736994	8.389999999999986	873.2131196493256	8.389999999999986	218.30327991233133	-8.389999999999986	654.909839736994	209.91327991233135	8.389999999999986	654.909839736994	-218.30327991233133	654.909839736994	-654.909839736994	8.39	218.30327991233128
56	697.0970022376689	232.36566741255632	-929.4626696502253	-697.0970022376689	8.389999999999986	929.4626696502253	8.389999999999986	232.36566741255632	-8.389999999999986	697.0970022376689	223.9756674125563	8.389999999999986	697.0970022376689	-232.36566741255632	697.0970022376689	-697.0970022376689	8.39	232.36566741255632
57	317.156375888342	105.71879196278064	-422.87516785112257	-317.156375888342	8.389999999999986	422.87516785112257	8.389999999999986	105.71879196278064	-8.389999999999986	317.156375888342	97.32879196278066	8.389999999999986	317.156375888342	-105.71879196278064	317.156375888342	-317.156375888342	8.39	105.7187919627807
58	612.7647800244949	204.25492667483164	-817.0197066993265	-612.7647800244949	8.389999999999986	817.0197066993265	8.389999999999986	204.25492667483164	-8.389999999999986	612.7647800244949	195.86492667483162	8.389999999999986	612.7647800244949	-204.25492667483164	612.7647800244949	-612.7647800244949	8.39	204.25492667483167
59	106.51410502449403	35.504701674831345	-142.01880669932558	-106.51410502449403	8.389999999999986	142.01880669932558	8.389999999999986	35.504701674831345	-8.389999999999986	106.51410502449403	27.114701674831345	8.389999999999986	106.51410502449403	-35.504701674831345	106.51410502449403	-106.51410502449403	8.39	35.50470167483134
60	359.1331918494942	119.7110639498314	-478.8442557993257	-359.1331918494942	8.389999999999986	478.8442557993257	8.389999999999986	119.7110639498314	-8.389999999999986	359.1331918494942	111.3210639498314	8.389999999999986	359.1331918494942	-119.7110639498314	359.1331918494942	-359.1331918494942	8.39	119.71106394983144
61	254.21203593665723	84.73734531221909	-338.9493812488763	-254.2120359366573	8.389999999999986	338.9493812488763	8.389999999999986	84.73734531221909	-8.389999999999986	254.2120359366573	76.34734531221909	8.389999999999986	254.2120359366573	-84.73734531221909	254.2120359366573	-254.2120359366573	8.39	84.73734531221909
62	275.17939252314534	91.72646417438177	-366.9058566975271	-275.17939252314534	8.389999999999986	366.9058566975271	8.389999999999986	91.72646417438177	-8.389999999999986	275.17939252314534	83.3364641743818	8.389999999999986	275.17939252314534	-91.72646417438177	275.17939252314534	-275.17939252314534	8.39	91.72646417438176
63	480.749440309081	160.24981343636034	-640.9992537454414	-480.749440309081	8.389999999999986	640.9992537454414	8.389999999999986	160.24981343636034	-8.389999999999986	480.749440309081	151.85981343636035	8.389999999999986	480.749440309081	-160.24981343636034	480.749440309081	-480.749440309081	8.39	160.24981343636034
64	523.1481305952292	174.38271019840974	-697.5308407936388	-523.1481305952292	8.389999999999986	697.5308407936388	8.389999999999986	174.38271019840974	-8.389999999999986	523.1481305952292	165.99271019840972	8.389999999999986	523.1481305952292	-174.38271019840974	523.1481305952292	-523.1481305952292	8.39	174.3827101984097
65	417.13009900739064	139.04336633579692	-556.1734653431876	-417.13009900739064	8.389999999999986	556.1734653431876	8.389999999999986	139.04336633579692	-8.389999999999986	417.13009900739064	130.6533663357969	8.389999999999986	417.13009900739064	-139.04336633579692	417.13009900739064	-417.13009900739064	8.39	139.0433663357968
66	734.0846180959041	244.69487269863473	-978.7794907945389	-734.0846180959041	8.389999999999986	978.7794907945389	8.389999999999986	244.69487269863473	-8.389999999999986	734.0846180959041	236.3048726986347	8.389999999999986	734.0846180959041	-244.69487269863473	734.0846180959041	-734.0846180959041	8.39	244.6948726986347
67	470.09663122842096	156.69887707614032	-626.7955083045613	-470.09663122842096	8.389999999999986	626.7955083045613	8.389999999999986	156.69887707614032	-8.389999999999986	470.09663122842096	148.30887707614033	8.389999999999986	470.09663122842096	-156.69887707614032	470.09663122842096	-470.09663122842096	8.39	156.69887707614032
68	491.38090124573597	163.79363374857866	-655.1745349943146	-491.38090124573597	8.389999999999986	655.1745349943146	8.389999999999986	163.79363374857866	-8.389999999999986	491.38090124573597	155.40363374857864	8.389999999999986	491.38090124573597	-163.79363374857866	491.38090124573597	-491.38090124573597	8.39	163.79363374857866
69	206.7194376049388	68.90647920164628	-275.6259168065851	-206.71943760493883	8.389999999999986	275.6259168065851	8.389999999999986	68.90647920164628	-8.389999999999986	206.71943760493883	60.51647920164628	8.389999999999986	206.71943760493883	-68.90647920164628	206.71943760493883	-206.71943760493883	8.39	68.90647920164628
70	670.7405091424416	223.5801697141472	-894.3206788565888	-670.7405091424416	8.389999999999986	894.3206788565888	8.389999999999986	223.5801697141472	-8.389999999999986	670.7405091424416	215.19016971414717	8.389999999999986	670.7405091424416	-223.5801697141472	670.7405091424416	-670.7405091424416	8.39	223.58016971414716
71	438.3294018789279	146.10980062630932	-584.4392025052373	-438.3294018789279	8.389999999999986	584.4392025052373	8.389999999999986	146.10980062630932	-8.389999999999986	438.3294018789279	137.7198006263093	8.389999999999986	438.3294018789279	-146.10980062630932	438.3294018789279	-438.3294018789279	8.39	146.10980062630927
72	554.8941819047725	184.9647273015908	-739.8589092063633	-554.8941819047725	8.389999999999986	739.8589092063633	8.389999999999986	184.9647273015908	-8.389999999999986	554.8941819047725	176.5747273015908	8.389999999999986	554.8941819047725	-184.9647273015908	554.8941819047725	-554.8941819047725	8.39	184.96472730159078
73	395.9731525546026	131.99105085153423	-527.9642034061369	-395.9731525546027	8.389999999999986	527.9642034061369	8.389999999999986	131.99105085153423	-8.389999999999986	395.9731525546027	123.60105085153424	8.389999999999986	395.9731525546027	-131.99105085153423	395.9731525546027	-395.9731525546027	8.39	131.99105085153423
74	501.9911841424411	167.33039471414705	-669.3215788565882	-501.9911841424411	8.389999999999986	669.3215788565882	8.389999999999986	167.33039471414705	-8.389999999999986	501.9911841424411	158.94039471414703	8.389999999999986	501.9911841424411	-167.33039471414705	501.9911841424411	-501.9911841424411	8.39	167.33039471414702
75	712.9276716431164	237.64255721437212	-950.5702288574885	-712.9276716431164	8.389999999999986	950.5702288574885	8.389999999999986	237.64255721437212	-8.389999999999986	712.9276716431164	229.2525572143721	8.389999999999986	712.9276716431164	-237.64255721437212	712.9276716431164	-712.9276716431164	8.39	237.64255721437212
76	427.740381904096	142.58012730136534	-570.3205092054613	-427.740381904096	8.389999999999986	570.3205092054613	8.389999999999986	142.58012730136534	-8.389999999999986	427.740381904096	134.19012730136532	8.389999999999986	427.740381904096	-142.58012730136534	427.740381904096	-427.740381904096	8.39	142.5801273013653
77	153.90081416760904	51.30027138920299	-205.20108555681202	-153.90081416760898	8.389999999999986	205.20108555681202	8.389999999999986	51.30027138920299	-8.389999999999986	153.90081416760898	42.91027138920299	8.389999999999986	153.90081416760898	-51.30027138920299	153.90081416760898	-153.90081416760898	8.39	51.30027138920299
78	238.44422599260895	79.48140866420299	-317.9256346568121	-238.44422599260895	8.389999999999986	317.9256346568121	8.389999999999986	79.48140866420299	-8.389999999999986	238.44422599260895	71.09140866420299	8.389999999999986	238.44422599260895	-79.48140866420299	238.44422599260895	-238.44422599260895	8.39	79.48140866420297
79	639.1000950797726	213.03336502659087	-852.1334601063637	-639.1000950797726	8.389999999999986	852.1334601063637	8.389999999999986	213.03336502659087	-8.389999999999986	639.1000950797726	204.64336502659086	8.389999999999986	639.1000950797726	-213.03336502659087	639.1000950797726	-639.1000950797726	8.39	213.03336502659084
80	175.0365825804472	58.345527526815744	-233.38211010726312	-175.0365825804472	8.389999999999986	233.38211010726312	8.389999999999986	58.345527526815744	-8.389999999999986	175.0365825804472	49.95552752681574	8.389999999999986	175.0365825804472	-58.345527526815744	175.0365825804472	-175.0365825804472	8.39	58.345527526815715
81	533.7584134919343	177.91947116397813	-711.6778846559125	-533.7584134919343	8.389999999999986	711.6778846559125	8.389999999999986	177.91947116397813	-8.389999999999986	533.7584134919343	169.52947116397814	8.389999999999986	533.7584134919343	-177.91947116397813	533.7584134919343	-533.7584134919343	8.39	177.91947116397807
82	744.6949009926095	248.23163366420317	-992.9265346568127	-744.6949009926095	8.389999999999986	992.9265346568127	8.389999999999986	248.23163366420317	-8.389999999999986	744.6949009926095	239.84163366420316	8.389999999999986	744.6949009926095	-248.23163366420317	744.6949009926095	-744.6949009926095	8.39	248.23163366420317
83	217.32963561972045	72.44321187324016	-289.77284749296064	-217.32963561972048	8.389999999999986	289.77284749296064	8.389999999999986	72.44321187324016	-8.389999999999986	217.32963561972048	64.05321187324016	8.389999999999986	217.32963561972048	-72.44321187324016	217.32963561972048	-217.32963561972048	8.39	72.44321187324016
84	459.4651702917662	153.15505676392206	-612.6202270556881	-459.4651702917662	8.389999999999986	612.6202270556881	8.389999999999986	153.15505676392206	-8.389999999999986	459.4651702917662	144.76505676392205	8.389999999999986	459.4651702917662	-153.15505676392206	459.4651702917662	-459.4651702917662	8.39	153.15505676392203
85	597.018148120396	199.00604937346532	-796.0241974938613	-597.018148120396	8.389999999999986	796.0241974938613	8.389999999999986	199.00604937346532	-8.389999999999986	597.018148120396	190.6160493734653	8.389999999999986	597.018148120396	-199.00604937346532	597.018148120396	-597.018148120396	8.39	199.00604937346532
86	227.8763840577268	75.95879468590894	-303.83517874363577	-227.8763840577268	8.389999999999986	303.83517874363577	8.389999999999986	75.95879468590894	-8.389999999999986	227.8763840577268	67.56879468590894	8.389999999999986	227.8763840577268	-75.95879468590894	227.8763840577268	-227.8763840577268	8.39	75.95879468590891
87	385.40531061972047	128.46843687324017	-513.8737474929605	-385.40531061972047	8.389999999999986	513.8737474929605	8.389999999999986	128.46843687324017	-8.389999999999986	385.40531061972047	120.07843687324016	8.389999999999986	385.40531061972047	-128.46843687324017	385.40531061972047	-385.40531061972047	8.39	128.46843687324014
88	196.10915470823363	65.36971823607789	-261.47887294431155	-196.10915470823363	8.389999999999986	261.47887294431155	8.389999999999986	65.36971823607789	-8.389999999999986	196.10915470823363	56.979718236077886	8.389999999999986	196.10915470823363	-65.36971823607789	196.10915470823363	-196.10915470823363	8.39	65.36971823607787
89	565.4621083827285	188.48736946090952	-753.9494778436381	-565.4621083827285	8.389999999999986	753.9494778436381	8.389999999999986	188.48736946090952	-8.389999999999986	565.4621083827285	180.0973694609095	8.389999999999986	565.4621083827285	-188.48736946090952	565.4621083827285	-565.4621083827285	8.39	188.48736946090946
90	343.38655994539556	114.46218664846518	-457.8487465938607	-343.38655994539556	8.389999999999986	457.8487465938607	8.389999999999986	114.46218664846518	-8.389999999999986	343.38655994539556	106.07218664846518	8.389999999999986	343.38655994539556	-114.46218664846518	343.38655994539556	-343.38655994539556	8.39	114.46218664846518
91	448.9184218537599	149.6394739512533	-598.5578958050132	-448.9184218537599	8.389999999999986	598.5578958050132	8.389999999999986	149.6394739512533	-8.389999999999986	448.9184218537599	141.24947395125332	8.389999999999986	448.9184218537599	-149.6394739512533	448.9184218537599	-448.9184218537599	8.39	149.6394739512533
92	512.5802041172732	170.86006803909106	-683.4402721563644	-512.5802041172732	8.389999999999986	683.4402721563644	8.389999999999986	170.86006803909106	-8.389999999999986	512.5802041172732	162.47006803909107	8.389999999999986	512.5802041172732	-170.86006803909106	512.5802041172732	-512.5802041172732	8.39	170.86006803909106
93	544.3474334667665	181.44914448892214	-725.7965779556885	-544.3474334667665	8.389999999999986	725.7965779556885	8.389999999999986	181.44914448892214	-8.389999999999986	544.3474334667665	173.05914448892213	8.389999999999986	544.3474334667665	-181.44914448892214	544.3474334667665	-544.3474334667665	8.39	181.44914448892217
94	301.3889027679462	100.4629675893154	-401.85187035726176	-301.3889027679462	8.389999999999986	401.85187035726176	8.389999999999986	100.4629675893154	-8.389999999999986	301.3889027679462	92.0729675893154	8.389999999999986	301.3889027679462	-100.4629675893154	301.3889027679462	-301.3889027679462	8.39	100.46296758931544
95	660.1937607044349	220.06458690147832	-880.2583476059133	-660.1937607044349	8.389999999999986	880.2583476059133	8.389999999999986	220.06458690147832	-8.389999999999986	660.1937607044349	211.6745869014783	8.389999999999986	660.1937607044349	-220.06458690147832	660.1937607044349	-660.1937607044349	8.39	220.06458690147832
96	122.30267164176587	40.76755721392195	-163.07022885568801	-122.30267164176584	8.389999999999986	163.07022885568801	8.389999999999986	40.76755721392195	-8.389999999999986	122.30267164176584	32.377557213921946	8.389999999999986	122.30267164176584	-40.76755721392195	122.30267164176584	-122.30267164176584	8.39	40.76755721392195
97	164.48983414244094	54.82994471414696	-219.31977885658807	-164.48983414244088	8.389999999999986	219.31977885658807	8.389999999999986	54.82994471414696	-8.389999999999986	164.48983414244088	46.43994471414696	8.389999999999986	164.48983414244088	-54.82994471414696	164.48983414244088	-164.48983414244088	8.39	54.82994471414696
98	143.35406572960278	47.78468857653425	-191.13875430613734	-143.35406572960275	8.389999999999986	191.13875430613734	8.389999999999986	47.78468857653425	-8.389999999999986	143.35406572960275	39.39468857653425	8.389999999999986	143.35406572960275	-47.78468857653425	143.35406572960275	-143.35406572960275	8.39	47.78468857653425
99	90.78856661727127	30.262855539090424	-121.05142215636188	-90.78856661727127	8.389999999999986	121.05142215636188	8.389999999999986	30.262855539090424	-8.389999999999986	90.78856661727127	21.872855539090423	8.389999999999986	90.78856661727127	-30.262855539090424	90.78856661727127	-90.78856661727127	8.39	30.262855539090424
100	406.5621725294347	135.5207241764782	-542.0828967059128	-406.5621725294347	8.389999999999986	542.0828967059128	8.389999999999986	135.5207241764782	-8.389999999999986	406.5621725294347	127.13072417647822	8.389999999999986	406.5621725294347	-135.5207241764782	406.5621725294347	-406.5621725294347	8.39	135.52072417647827
101	628.5533466417664	209.51778221392215	-838.0711288556886	-628.5533466417664	8.389999999999986	838.0711288556886	8.389999999999986	209.51778221392215	-8.389999999999986	628.5533466417664	201.12778221392216	8.389999999999986	628.5533466417664	-209.51778221392215	628.5533466417664	-628.5533466417664	8.39	209.51778221392215
102	702.3809232051101	234.12697440170336	-936.5078976068135	-702.3809232051101	8.389999999999986	936.5078976068135	8.389999999999986	234.12697440170336	-8.389999999999986	702.3809232051101	225.73697440170338	8.389999999999986	702.3809232051101	-234.12697440170336	702.3809232051101	-702.3809232051101	8.39	234.12697440170336
103	723.5166916179484	241.17223053931613	-964.6889221572645	-723.5166916179484	8.389999999999986	964.6889221572645	8.389999999999986	241.17223053931613	-8.389999999999986	723.5166916179484	232.78223053931612	8.389999999999986	723.5166916179484	-241.17223053931613	723.5166916179484	-723.5166916179484	8.39	241.1722305393161
104	681.3084356203974	227.1028118734658	-908.4112474938632	-681.3084356203974	8.389999999999986	908.4112474938632	8.389999999999986	227.1028118734658	-8.389999999999986	681.3084356203974	218.7128118734658	8.389999999999986	681.3084356203974	-227.1028118734658	681.3084356203974	-681.3084356203974	8.39	227.10281187346578
105	311.89354841777686	103.96451613925895	-415.85806455703573	-311.89354841777686	8.389999999999986	415.85806455703573	8.389999999999986	103.96451613925895	-8.389999999999986	311.89354841777686	95.57451613925895	8.389999999999986	311.89354841777686	-103.96451613925895	311.89354841777686	-311.89354841777686	8.39	103.96451613925895
106	586.4924931792657	195.4974977264219	-781.9899909056876	-586.4924931792657	8.389999999999986	781.9899909056876	8.389999999999986	195.4974977264219	-8.389999999999986	586.4924931792657	187.1074977264219	8.389999999999986	586.4924931792657	-195.4974977264219	586.4924931792657	-586.4924931792657	8.39	195.4974977264219
107	132.8073172915964	44.26910576386547	-177.07642305546202	-132.8073172915964	8.389999999999986	177.07642305546202	8.389999999999986	44.26910576386547	-8.389999999999986	132.8073172915964	35.87910576386547	8.389999999999986	132.8073172915964	-44.26910576386547	132.8073172915964	-132.8073172915964	8.39	44.26910576386547
108	111.77693249505919	37.25897749835306	-149.03590999341225	-111.77693249505919	8.389999999999986	149.03590999341225	8.389999999999986	37.25897749835306	-8.389999999999986	111.77693249505919	28.86897749835306	8.389999999999986	111.77693249505919	-37.25897749835306	111.77693249505919	-111.77693249505919	8.39	37.25897749835306
109	332.88191429556485	110.9606380985216	-443.8425523940864	-332.88191429556485	8.389999999999986	443.8425523940864	8.389999999999986	110.9606380985216	-8.389999999999986	332.88191429556485	102.57063809852161	8.389999999999986	332.88191429556485	-110.9606380985216	332.88191429556485	-332.88191429556485	8.39	110.96063809852166
110	649.6470122664291	216.5490040888097	-866.1960163552387	-649.6470122664291	8.389999999999986	866.1960163552387	8.389999999999986	216.5490040888097	-8.389999999999986	649.6470122664291	208.1590040888097	8.389999999999986	649.6470122664291	-216.5490040888097	649.6470122664291	-649.6470122664291	8.39	216.54900408880968
111	185.58349976710338	61.861166589034454	-247.44466635613776	-185.58349976710338	8.389999999999986	247.44466635613776	8.389999999999986	61.861166589034454	-8.389999999999986	185.58349976710338	53.47116658903445	8.389999999999986	185.58349976710338	-61.861166589034454	185.58349976710338	-185.58349976710338	8.39	61.86116658903446
112	364.37501002875956	121.45833667625321	-485.8333467050129	-364.3750100287596	8.389999999999986	485.8333467050129	8.389999999999986	121.45833667625321	-8.389999999999986	364.3750100287596	113.06833667625321	8.389999999999986	364.3750100287596	-121.45833667625321	364.3750100287596	-364.3750100287596	8.39	121.4583366762532
113	290.84215432993994	96.94738477664664	-387.7895391065867	-290.84215432993994	8.389999999999986	387.7895391065867	8.389999999999986	96.94738477664664	-8.389999999999986	290.84215432993994	88.55738477664664	8.389999999999986	290.84215432993994	-96.94738477664664	290.84215432993994	-290.84215432993994	8.39	96.94738477664666
114	80.24181817926501	26.74727272642167	-106.98909090568684	-80.24181817926501	8.389999999999986	106.98909090568684	8.389999999999986	26.74727272642167	-8.389999999999986	80.24181817926501	18.35727272642167	8.389999999999986	80.24181817926501	-26.74727272642167	80.24181817926501	-80.24181817926501	8.39	26.74727272642167
115	374.8796556785901	124.9598852261967	-499.8395409047869	-374.8796556785901	8.389999999999986	499.8395409047869	8.389999999999986	124.9598852261967	-8.389999999999986	374.8796556785901	116.5698852261967	8.389999999999986	374.8796556785901	-124.9598852261967	374.8796556785901	-374.8796556785901	8.39	124.9598852261967
116	259.4538541159227	86.4846180386409	-345.9384721545639	-259.4538541159227	8.389999999999986	345.9384721545639	8.389999999999986	86.4846180386409	-8.389999999999986	259.4538541159227	78.0946180386409	8.389999999999986	259.4538541159227	-86.4846180386409	259.4538541159227	-259.4538541159227	8.39	86.48461803864089
117	618.0065982037604	206.00219940125348	-824.0087976050138	-618.0065982037604	8.389999999999986	824.0087976050138	8.389999999999986	206.00219940125348	-8.389999999999986	618.0065982037604	197.61219940125346	8.389999999999986	618.0065982037604	-206.00219940125348	618.0065982037604	-618.0065982037604	8.39	206.00219940125345
118	691.8341747671038	230.6113915890346	-922.4455663561384	-691.8341747671038	8.389999999999986	922.4455663561384	8.389999999999986	230.6113915890346	-8.389999999999986	691.8341747671038	222.2213915890346	8.389999999999986	691.8341747671038	-230.6113915890346	691.8341747671038	-691.8341747671038	8.39	230.6113915890346
119	576.0088568207348	192.00295227357825	-768.011809094313	-576.0088568207348	8.389999999999986	768.011809094313	8.389999999999986	192.00295227357825	-8.389999999999986	576.0088568207348	183.6129522735783	8.389999999999986	576.0088568207348	-192.00295227357825	576.0088568207348	-576.0088568207348	8.39	192.00295227357822
120	322.37726864573403	107.459089548578	-429.83635819431225	-322.37726864573403	8.389999999999986	429.83635819431225	8.389999999999986	107.459089548578	-8.389999999999986	322.37726864573403	99.069089548578	8.389999999999986	322.37726864573403	-107.459089548578	322.37726864573403	-322.37726864573403	8.39	107.45908954857802
121	607.5229618452295	202.50765394840982	-810.0306157936392	-607.5229618452295	8.389999999999986	810.0306157936392	8.389999999999986	202.50765394840982	-8.389999999999986	607.5229618452295	194.11765394840984	8.389999999999986	607.5229618452295	-202.50765394840982	607.5229618452295	-607.5229618452295	8.39	202.50765394840982
122	101.27228684522868	33.75742894840956	-135.02971579363827	-101.27228684522868	8.389999999999986	135.02971579363827	8.389999999999986	33.75742894840956	-8.389999999999986	101.27228684522868	25.36742894840956	8.389999999999986	101.27228684522868	-33.75742894840956	101.27228684522868	-101.27228684522868	8.39	33.757428948409554
123	353.89137367022863	117.96379122340954	-471.8551648936384	-353.89137367022863	8.389999999999986	471.8551648936384	8.389999999999986	117.96379122340954	-8.389999999999986	353.89137367022863	109.57379122340954	8.389999999999986	353.89137367022863	-117.96379122340954	353.89137367022863	-353.89137367022863	8.39	117.96379122340956
124	269.93757434387976	89.97919144795992	-359.9167657918398	-269.93757434387976	8.389999999999986	359.9167657918398	8.389999999999986	89.97919144795992	-8.389999999999986	269.93757434387976	81.58919144795992	8.389999999999986	269.93757434387976	-89.97919144795992	269.93757434387976	-269.93757434387976	8.39	89.97919144795993
125	248.97021775739177	82.99007258579726	-331.96029034318894	-248.9702177573918	8.389999999999986	331.96029034318894	8.389999999999986	82.99007258579726	-8.389999999999986	248.9702177573918	74.60007258579726	8.389999999999986	248.9702177573918	-82.99007258579726	248.9702177573918	-248.9702177573918	8.39	82.99007258579726
126	280.3794433932825	93.4598144644275	-373.83925785771	-280.3794433932825	8.389999999999986	373.83925785771	8.389999999999986	93.4598144644275	-8.389999999999986	280.3794433932825	85.0698144644275	8.389999999999986	280.3794433932825	-93.4598144644275	280.3794433932825	-280.3794433932825	8.39	93.4598144644275
127	478.0702375623731	159.35674585412437	-637.4269834164974	-478.0702375623731	8.389999999999986	637.4269834164974	8.389999999999986	159.35674585412437	-8.389999999999986	478.0702375623731	150.96674585412438	8.389999999999986	478.0702375623731	-159.35674585412437	478.0702375623731	-478.0702375623731	8.39	159.35674585412437
128	419.7879536100934	139.92931787003113	-559.7172714801245	-419.7879536100934	8.389999999999986	559.7172714801245	8.389999999999986	139.92931787003113	-8.389999999999986	419.7879536100934	131.5393178700311	8.389999999999986	419.7879536100934	-139.92931787003113	419.7879536100934	-419.7879536100934	8.39	139.9293178700311
129	736.7424726986071	245.58082423286902	-982.3232969314761	-736.7424726986071	8.389999999999986	982.3232969314761	8.389999999999986	245.58082423286902	-8.389999999999986	736.7424726986071	237.190824232869	8.389999999999986	736.7424726986071	-245.58082423286902	736.7424726986071	-736.7424726986071	8.39	245.580824232869
130	525.8059851979319	175.26866173264398	-701.074646930576	-525.8059851979319	8.389999999999986	701.074646930576	8.389999999999986	175.26866173264398	-8.389999999999986	525.8059851979319	166.878661732644	8.389999999999986	525.8059851979319	-175.26866173264398	525.8059851979319	-525.8059851979319	8.39	175.26866173264398
131	467.42812390185964	155.8093746339532	-623.2374985358128	-467.4281239018596	8.389999999999986	623.2374985358128	8.389999999999986	155.8093746339532	-8.389999999999986	467.4281239018596	147.4193746339532	8.389999999999986	467.4281239018596	-155.8093746339532	467.4281239018596	-467.4281239018596	8.39	155.80937463395315
132	483.4179476356424	161.13931587854745	-644.5572635141898	-483.4179476356424	8.389999999999986	644.5572635141898	8.389999999999986	161.13931587854745	-8.389999999999986	483.4179476356424	152.74931587854746	8.389999999999986	483.4179476356424	-161.13931587854745	483.4179476356424	-483.4179476356424	8.39	161.1393158785475
133	494.03875584843877	164.67958528281292	-658.7183411312517	-494.03875584843877	8.389999999999986	658.7183411312517	8.389999999999986	164.67958528281292	-8.389999999999986	494.03875584843877	156.2895852828129	8.389999999999986	494.03875584843877	-164.67958528281292	494.03875584843877	-494.03875584843877	8.39	164.67958528281292
134	204.061583002236	68.02052766741201	-272.08211066964805	-204.06158300223603	8.389999999999986	272.08211066964805	8.389999999999986	68.02052766741201	-8.389999999999986	204.06158300223603	59.63052766741201	8.389999999999986	204.06158300223603	-68.02052766741201	204.06158300223603	-204.06158300223603	8.39	68.02052766741201
135	398.6203969592907	132.8734656530969	-531.4938626123877	-398.6203969592907	8.389999999999986	531.4938626123877	8.389999999999986	132.8734656530969	-8.389999999999986	398.6203969592907	124.4834656530969	8.389999999999986	398.6203969592907	-132.8734656530969	398.6203969592907	-398.6203969592907	8.39	132.8734656530969
136	520.4902759925263	173.49675866417545	-693.9870346567019	-520.4902759925263	8.389999999999986	693.9870346567019	8.389999999999986	173.49675866417545	-8.389999999999986	520.4902759925263	165.10675866417543	8.389999999999986	520.4902759925263	-173.49675866417545	520.4902759925263	-520.4902759925263	8.39	173.49675866417542
137	414.4722444046879	138.15741480156265	-552.6296592062508	-414.47224440468796	8.389999999999986	552.6296592062508	8.389999999999986	138.15741480156265	-8.389999999999986	414.47224440468796	129.76741480156267	8.389999999999986	414.47224440468796	-138.15741480156265	414.47224440468796	-414.47224440468796	8.39	138.15741480156265
138	557.5414263094605	185.8471421031535	-743.3885684126143	-557.5414263094605	8.389999999999986	743.3885684126143	8.389999999999986	185.8471421031535	-8.389999999999986	557.5414263094605	177.4571421031535	8.389999999999986	557.5414263094605	-185.8471421031535	557.5414263094605	-557.5414263094605	8.39	185.8471421031535
139	504.6384285471293	168.21280951570978	-672.851238062839	-504.6384285471293	8.389999999999986	672.851238062839	8.389999999999986	168.21280951570978	-8.389999999999986	504.6384285471293	159.82280951570976	8.389999999999986	504.6384285471293	-168.21280951570978	504.6384285471293	-504.6384285471293	8.39	168.21280951570975
140	156.548058572297	52.18268619076568	-208.73074476306277	-156.548058572297	8.389999999999986	208.73074476306277	8.389999999999986	52.18268619076568	-8.389999999999986	156.548058572297	43.79268619076568	8.389999999999986	156.548058572297	-52.18268619076568	156.548058572297	-156.548058572297	8.39	52.182686190765665
141	440.976646283616	146.992215427872	-587.968861711488	-440.976646283616	8.389999999999986	587.968861711488	8.389999999999986	146.992215427872	-8.389999999999986	440.976646283616	138.602215427872	8.389999999999986	440.976646283616	-146.992215427872	440.976646283616	-440.976646283616	8.39	146.992215427872
142	715.5749160478044	238.5249720159348	-954.0998880637392	-715.5749160478044	8.389999999999986	954.0998880637392	8.389999999999986	238.5249720159348	-8.389999999999986	715.5749160478044	230.1349720159348	8.389999999999986	715.5749160478044	-238.5249720159348	715.5749160478044	-715.5749160478044	8.39	238.52497201593485
143	430.3876263087841	143.462542102928	-573.850168411712	-430.38762630878404	8.389999999999986	573.850168411712	8.389999999999986	143.462542102928	-8.389999999999986	430.38762630878404	135.072542102928	8.389999999999986	430.38762630878404	-143.462542102928	430.38762630878404	-430.38762630878404	8.39	143.462542102928
144	673.3877535471296	224.46258451570986	-897.8503380628395	-673.3877535471296	8.389999999999986	897.8503380628395	8.389999999999986	224.46258451570986	-8.389999999999986	673.3877535471296	216.07258451570985	8.389999999999986	673.3877535471296	-224.46258451570986	673.3877535471296	-673.3877535471296	8.39	224.46258451570986
145	209.3772922076416	69.79243073588054	-279.1697229435222	-209.37729220764163	8.389999999999986	279.1697229435222	8.389999999999986	69.79243073588054	-8.389999999999986	209.37729220764163	61.40243073588054	8.389999999999986	209.37729220764163	-69.79243073588054	209.37729220764163	-209.37729220764163	8.39	69.79243073588054
146	214.68239121503242	71.56079707167748	-286.24318828670994	-214.68239121503245	8.389999999999986	286.24318828670994	8.389999999999986	71.56079707167748	-8.389999999999986	214.68239121503245	63.170797071677484	8.389999999999986	214.68239121503245	-71.56079707167748	214.68239121503245	-214.68239121503245	8.39	71.56079707167748
147	472.75448583112376	157.58482861037456	-630.3393144414982	-472.75448583112376	8.389999999999986	630.3393144414982	8.389999999999986	157.58482861037456	-8.389999999999986	472.75448583112376	149.1948286103746	8.389999999999986	472.75448583112376	-157.58482861037456	472.75448583112376	-472.75448583112376	8.39	157.5848286103746
148	536.4162680946371	178.80542269821237	-715.2216907928495	-536.4162680946371	8.389999999999986	715.2216907928495	8.389999999999986	178.80542269821237	-8.389999999999986	536.4162680946371	170.41542269821235	8.389999999999986	536.4162680946371	-178.80542269821237	536.4162680946371	-536.4162680946371	8.39	178.80542269821234
149	641.7579496824754	213.91931656082514	-855.6772662433006	-641.7579496824754	8.389999999999986	855.6772662433006	8.389999999999986	213.91931656082514	-8.389999999999986	641.7579496824754	205.52931656082518	8.389999999999986	641.7579496824754	-213.91931656082514	641.7579496824754	-641.7579496824754	8.39	213.9193165608251
150	241.1020805953117	80.36736019843725	-321.4694407937491	-241.10208059531175	8.389999999999986	321.4694407937491	8.389999999999986	80.36736019843725	-8.389999999999986	241.10208059531175	71.97736019843725	8.389999999999986	241.10208059531175	-80.36736019843725	241.10208059531175	-241.10208059531175	8.39	80.36736019843724
151	488.73365684104795	162.91121894701598	-651.6448757880643	-488.73365684104795	8.389999999999986	651.6448757880643	8.389999999999986	162.91121894701598	-8.389999999999986	488.73365684104795	154.521218947016	8.389999999999986	488.73365684104795	-162.91121894701598	488.73365684104795	-488.73365684104795	8.39	162.91121894701598
152	731.4373736912162	243.81245789707205	-975.2498315882882	-731.4373736912162	8.389999999999986	975.2498315882882	8.389999999999986	243.81245789707205	-8.389999999999986	731.4373736912162	235.42245789707204	8.389999999999986	731.4373736912162	-243.81245789707205	731.4373736912162	-731.4373736912162	8.39	243.81245789707208
153	747.3527555953124	249.11758519843744	-996.4703407937498	-747.3527555953124	8.389999999999986	996.4703407937498	8.389999999999986	249.11758519843744	-8.389999999999986	747.3527555953124	240.72758519843742	8.389999999999986	747.3527555953124	-249.11758519843744	747.3527555953124	-747.3527555953124	8.39	249.11758519843744
154	177.69443718314994	59.23147906104999	-236.92591624420015	-177.69443718314994	8.389999999999986	236.92591624420015	8.389999999999986	59.23147906104999	-8.389999999999986	177.69443718314994	50.84147906104999	8.389999999999986	177.69443718314994	-59.23147906104999	177.69443718314994	-177.69443718314994	8.39	59.23147906104995
155	462.1230248944688	154.04100829815627	-616.1640331926251	-462.1230248944688	8.389999999999986	616.1640331926251	8.389999999999986	154.04100829815627	-8.389999999999986	462.1230248944688	145.65100829815628	8.389999999999986	462.1230248944688	-154.04100829815627	462.1230248944688	-462.1230248944688	8.39	154.04100829815627
156	541.7107569040132	180.57025230133775	-722.2810092053511	-541.7107569040132	8.389999999999986	722.2810092053511	8.389999999999986	180.57025230133775	-8.389999999999986	541.7107569040132	172.18025230133773	8.389999999999986	541.7107569040132	-180.57025230133775	541.7107569040132	-541.7107569040132	8.39	180.57025230133775
157	668.1038325796884	222.7012775265628	-890.8051101062512	-668.1038325796884	8.389999999999986	890.8051101062512	8.389999999999986	222.7012775265628	-8.389999999999986	668.1038325796884	214.31127752656283	8.389999999999986	668.1038325796884	-222.7012775265628	668.1038325796884	-668.1038325796884	8.39	222.70127752656276
158	599.6548246831492	199.88494156104974	-799.539766244199	-599.6548246831492	8.389999999999986	799.539766244199	8.389999999999986	199.88494156104974	-8.389999999999986	599.6548246831492	191.49494156104973	8.389999999999986	599.6548246831492	-199.88494156104974	599.6548246831492	-599.6548246831492	8.39	199.8849415610497
159	140.7068213249148	46.902273774971604	-187.60909509988656	-140.7068213249148	8.389999999999986	187.60909509988656	8.389999999999986	46.902273774971604	-8.389999999999986	140.7068213249148	38.512273774971604	8.389999999999986	140.7068213249148	-46.902273774971604	140.7068213249148	-140.7068213249148	8.39	46.902273774971604
160	509.9329597125851	169.9776532375284	-679.9106129501134	-509.9329597125851	8.389999999999986	679.9106129501134	8.389999999999986	169.9776532375284	-8.389999999999986	509.9329597125851	161.58765323752837	8.389999999999986	509.9329597125851	-169.9776532375284	509.9329597125851	-509.9329597125851	8.39	169.97765323752833
161	625.9061022370784	208.63536741235947	-834.5414696494379	-625.9061022370784	8.389999999999986	834.5414696494379	8.389999999999986	208.63536741235947	-8.389999999999986	625.9061022370784	200.24536741235946	8.389999999999986	625.9061022370784	-208.63536741235947	625.9061022370784	-625.9061022370784	8.39	208.63536741235941
162	298.74165836325824	99.58055278775274	-398.32221115101106	-298.74165836325824	8.389999999999986	398.32221115101106	8.389999999999986	99.58055278775274	-8.389999999999986	298.74165836325824	91.19055278775274	8.389999999999986	298.74165836325824	-99.58055278775274	298.74165836325824	-298.74165836325824	8.39	99.58055278775274
163	403.9149281247468	134.6383093749156	-538.5532374996624	-403.9149281247468	8.389999999999986	538.5532374996624	8.389999999999986	134.6383093749156	-8.389999999999986	403.9149281247468	126.24830937491558	8.389999999999986	403.9149281247468	-134.6383093749156	403.9149281247468	-403.9149281247468	8.39	134.63830937491556
164	446.27117744907196	148.75705914969063	-595.0282365987625	-446.2711774490719	8.389999999999986	595.0282365987625	8.389999999999986	148.75705914969063	-8.389999999999986	446.2711774490719	140.36705914969062	8.389999999999986	446.2711774490719	-148.75705914969063	446.2711774490719	-446.2711774490719	8.39	148.7570591496906
165	568.0987849454816	189.3662616484939	-757.4650465939756	-568.0987849454816	8.389999999999986	757.4650465939756	8.389999999999986	189.3662616484939	-8.389999999999986	568.0987849454816	180.97626164849387	8.389999999999986	568.0987849454816	-189.3662616484939	568.0987849454816	-568.0987849454816	8.39	189.36626164849386
166	435.68215747423983	145.22738582474662	-580.9095432989866	-435.68215747423983	8.389999999999986	580.9095432989866	8.389999999999986	145.22738582474662	-8.389999999999986	435.68215747423983	136.8373858247466	8.389999999999986	435.68215747423983	-145.22738582474662	435.68215747423983	-435.68215747423983	8.39	145.2273858247466
167	720.8694472132604	240.28981573775346	-961.1592629510142	-720.8694472132604	8.389999999999986	961.1592629510142	8.389999999999986	240.28981573775346	-8.389999999999986	720.8694472132604	231.89981573775344	8.389999999999986	720.8694472132604	-240.28981573775346	720.8694472132604	-720.8694472132604	8.39	240.2898157377535
168	388.0419871824736	129.34732906082453	-517.3893162432981	-388.0419871824736	8.389999999999986	517.3893162432981	8.389999999999986	129.34732906082453	-8.389999999999986	388.0419871824736	120.95732906082453	8.389999999999986	388.0419871824736	-129.34732906082453	388.0419871824736	-388.0419871824736	8.39	129.3473290608245
169	230.5130606204799	76.83768687349331	-307.3507474939733	-230.5130606204799	8.389999999999986	307.3507474939733	8.389999999999986	76.83768687349331	-8.389999999999986	230.5130606204799	68.44768687349331	8.389999999999986	230.5130606204799	-76.83768687349331	230.5130606204799	-230.5130606204799	8.39	76.8376868734933
170	198.74583127098674	66.24861042366226	-264.9944416946491	-198.74583127098674	8.389999999999986	264.9944416946491	8.389999999999986	66.24861042366226	-8.389999999999986	198.74583127098674	57.858610423662256	8.389999999999986	198.74583127098674	-66.24861042366226	198.74583127098674	-198.74583127098674	8.39	66.24861042366224
171	119.6554272370779	39.8851424123593	-159.5405696494373	-119.6554272370779	8.389999999999986	159.5405696494373	8.389999999999986	39.8851424123593	-8.389999999999986	119.6554272370779	31.4951424123593	8.389999999999986	119.6554272370779	-39.8851424123593	119.6554272370779	-119.6554272370779	8.39	39.8851424123593
172	393.32590814991465	131.10863604997155	-524.4345441998863	-393.32590814991465	8.389999999999986	524.4345441998863	8.389999999999986	131.10863604997155	-8.389999999999986	393.32590814991465	122.71863604997155	8.389999999999986	393.32590814991465	-131.10863604997155	393.32590814991465	-393.32590814991465	8.39	131.10863604997155
173	699.733678800422	233.2445596001407	-932.9782384005628	-699.733678800422	8.389999999999986	932.9782384005628	8.389999999999986	233.2445596001407	-8.389999999999986	699.733678800422	224.85455960014068	8.389999999999986	699.733678800422	-233.2445596001407	699.733678800422	-699.733678800422	8.39	233.24455960014063
174	172.38933817575912	57.463112725253026	-229.85245090101216	-172.38933817575906	8.389999999999986	229.85245090101216	8.389999999999986	57.463112725253026	-8.389999999999986	172.38933817575906	49.073112725253026	8.389999999999986	172.38933817575906	-57.463112725253026	172.38933817575906	-172.38933817575906	8.39	57.46311272525303
175	346.02323650814867	115.34107883604956	-461.36431534419825	-346.02323650814867	8.389999999999986	461.36431534419825	8.389999999999986	115.34107883604956	-8.389999999999986	346.02323650814867	106.95107883604956	8.389999999999986	346.02323650814867	-115.34107883604956	346.02323650814867	-346.02323650814867	8.39	115.34107883604956
176	552.2469375000844	184.08231250002814	-736.3292500001126	-552.2469375000844	8.389999999999986	736.3292500001126	8.389999999999986	184.08231250002814	-8.389999999999986	552.2469375000844	175.69231250002812	8.389999999999986	552.2469375000844	-184.08231250002814	552.2469375000844	-552.2469375000844	8.39	184.0823125000281
177	151.26413760485588	50.42137920161863	-201.6855168064745	-151.26413760485588	8.389999999999986	201.6855168064745	8.389999999999986	50.42137920161863	-8.389999999999986	151.26413760485588	42.03137920161862	8.389999999999986	151.26413760485588	-50.42137920161863	151.26413760485588	-151.26413760485588	8.39	50.421379201618635
178	161.85315757968777	53.95105252656259	-215.80421010625037	-161.85315757968777	8.389999999999986	215.80421010625037	8.389999999999986	53.95105252656259	-8.389999999999986	161.85315757968777	45.56105252656259	8.389999999999986	161.85315757968777	-53.95105252656259	161.85315757968777	-161.85315757968777	8.39	53.95105252656259
179	425.10370534134285	141.70123511378094	-566.8049404551238	-425.10370534134285	8.389999999999986	566.8049404551238	8.389999999999986	141.70123511378094	-8.389999999999986	425.10370534134285	133.31123511378092	8.389999999999986	425.10370534134285	-141.70123511378094	425.10370534134285	-425.10370534134285	8.39	141.70123511378097
180	710.2909950803632	236.76366502678775	-947.054660107151	-710.2909950803632	8.389999999999986	947.054660107151	8.389999999999986	236.76366502678775	-8.389999999999986	710.2909950803632	228.37366502678776	8.389999999999986	710.2909950803632	-236.76366502678775	710.2909950803632	-710.2909950803632	8.39	236.76366502678775
181	742.0582244298564	247.3527414766188	-989.4109659064752	-742.0582244298564	8.389999999999986	989.4109659064752	8.389999999999986	247.3527414766188	-8.389999999999986	742.0582244298564	238.96274147661882	8.389999999999986	742.0582244298564	-247.3527414766188	742.0582244298564	-742.0582244298564	8.39	247.3527414766188
182	88.1413222125833	29.380440737527767	-117.5217629501112	-88.1413222125833	8.389999999999986	117.5217629501112	8.389999999999986	29.380440737527767	-8.389999999999986	88.1413222125833	20.990440737527766	8.389999999999986	88.1413222125833	-29.380440737527767	88.1413222125833	-88.1413222125833	8.39	29.380440737527778
183	235.79698158792098	78.59899386264031	-314.39597545056154	-235.79698158792092	8.389999999999986	314.39597545056154	8.389999999999986	78.59899386264031	-8.389999999999986	235.79698158792092	70.20899386264031	8.389999999999986	235.79698158792092	-78.59899386264031	235.79698158792092	-235.79698158792092	8.39	78.5989938626403
184	456.8179258870782	152.2726419623594	-609.0905678494378	-456.81792588707816	8.389999999999986	609.0905678494378	8.389999999999986	152.2726419623594	-8.389999999999986	456.81792588707816	143.8826419623594	8.389999999999986	456.81792588707816	-152.2726419623594	456.81792588707816	-456.81792588707816	8.39	152.2726419623594
185	499.3439397377531	166.44797991258437	-665.7919196503376	-499.3439397377531	8.389999999999986	665.7919196503376	8.389999999999986	166.44797991258437	-8.389999999999986	499.3439397377531	158.05797991258436	8.389999999999986	499.3439397377531	-166.44797991258437	499.3439397377531	-499.3439397377531	8.39	166.44797991258434
186	531.1111690872464	177.03705636241546	-708.1482254496622	-531.1111690872464	8.389999999999986	708.1482254496622	8.389999999999986	177.03705636241546	-8.389999999999986	531.1111690872464	168.64705636241547	8.389999999999986	531.1111690872464	-177.03705636241546	531.1111690872464	-531.1111690872464	8.39	177.03705636241546
187	636.4528506750846	212.1509502250282	-848.6038009001131	-636.4528506750846	8.389999999999986	848.6038009001131	8.389999999999986	212.1509502250282	-8.389999999999986	636.4528506750846	203.76095022502818	8.389999999999986	636.4528506750846	-212.1509502250282	636.4528506750846	-636.4528506750846	8.39	212.15095022502823
188	683.9451121831505	227.98170406105018	-911.9268162442007	-683.9451121831505	8.389999999999986	911.9268162442007	8.389999999999986	227.98170406105018	-8.389999999999986	683.9451121831505	219.59170406105017	8.389999999999986	683.9451121831505	-227.98170406105018	683.9451121831505	-683.9451121831505	8.39	227.98170406105015
189	657.5465162997469	219.18217209991565	-876.7286883996625	-657.5465162997469	8.389999999999986	876.7286883996625	8.389999999999986	219.18217209991565	-8.389999999999986	657.5465162997469	210.79217209991563	8.389999999999986	657.5465162997469	-219.18217209991565	657.5465162997469	-657.5465162997469	8.39	219.18217209991565
190	219.97688002440844	73.32562667480282	-293.3025066992113	-219.97688002440844	8.389999999999986	293.3025066992113	8.389999999999986	73.32562667480282	-8.389999999999986	219.97688002440844	64.93562667480282	8.389999999999986	219.97688002440844	-73.32562667480282	219.97688002440844	-219.97688002440844	8.39	73.32562667480278
191	382.7791597119084	127.5930532373028	-510.3722129492112	-382.7791597119084	8.389999999999986	510.3722129492112	8.389999999999986	127.5930532373028	-8.389999999999986	382.7791597119084	119.20305323730281	8.389999999999986	382.7791597119084	-127.5930532373028	382.7791597119084	-382.7791597119084	8.39	127.5930532373028
192	662.8304372671881	220.94347908906272	-883.7739163562509	-662.8304372671881	8.389999999999986	883.7739163562509	8.389999999999986	220.94347908906272	-8.389999999999986	662.8304372671881	212.5534790890627	8.389999999999986	662.8304372671881	-220.94347908906272	662.8304372671881	-662.8304372671881	8.39	220.9434790890627
193	631.1794975495786	210.39316584985954	-841.572663399438	-631.1794975495786	8.389999999999986	841.572663399438	8.389999999999986	210.39316584985954	-8.389999999999986	631.1794975495786	202.00316584985956	8.389999999999986	631.1794975495786	-210.39316584985954	631.1794975495786	-631.1794975495786	8.39	210.39316584985954
194	225.23970749497357	75.07990249832451	-300.3196099932982	-225.23970749497354	8.389999999999986	300.3196099932982	8.389999999999986	75.07990249832451	-8.389999999999986	225.23970749497354	66.68990249832451	8.389999999999986	225.23970749497354	-75.07990249832451	225.23970749497354	-225.23970749497354	8.39	75.07990249832451
195	594.3814715576428	198.12715718588095	-792.5086287435238	-594.3814715576428	8.389999999999986	792.5086287435238	8.389999999999986	198.12715718588095	-8.389999999999986	594.3814715576428	189.73715718588093	8.389999999999986	594.3814715576428	-198.12715718588095	594.3814715576428	-594.3814715576428	8.39	198.12715718588092
196	314.51969932558893	104.8398997751963	-419.3595991007852	-314.51969932558893	8.389999999999986	419.3595991007852	8.389999999999986	104.8398997751963	-8.389999999999986	314.51969932558893	96.4498997751963	8.389999999999986	314.51969932558893	-104.8398997751963	314.51969932558893	-314.51969932558893	8.39	104.8398997751963
197	330.2452377328118	110.08174591093726	-440.32698364374903	-330.2452377328118	8.389999999999986	440.32698364374903	8.389999999999986	110.08174591093726	-8.389999999999986	330.2452377328118	101.69174591093726	8.389999999999986	330.2452377328118	-110.08174591093726	330.2452377328118	-330.2452377328118	8.39	110.08174591093726
198	409.1883234372467	136.39610781241558	-545.5844312496624	-409.1883234372467	8.389999999999986	545.5844312496624	8.389999999999986	136.39610781241558	-8.389999999999986	409.1883234372467	128.00610781241556	8.389999999999986	409.1883234372467	-136.39610781241558	409.1883234372467	-409.1883234372467	8.39	136.39610781241555
199	562.8254318199754	187.60847727332512	-750.4339090933008	-562.8254318199754	8.389999999999986	750.4339090933008	8.389999999999986	187.60847727332512	-8.389999999999986	562.8254318199754	179.2184772733251	8.389999999999986	562.8254318199754	-187.60847727332512	562.8254318199754	-562.8254318199754	8.39	187.60847727332515
200	367.0011609365715	122.33372031219051	-489.3348812487623	-367.0011609365715	8.389999999999986	489.3348812487623	8.389999999999986	122.33372031219051	-8.389999999999986	367.0011609365715	113.94372031219051	8.389999999999986	367.0011609365715	-122.33372031219051	367.0011609365715	-367.0011609365715	8.39	122.33372031219051
201	340.7498833826422	113.58329446088074	-454.3331778435232	-340.7498833826422	8.389999999999986	454.3331778435232	8.389999999999986	113.58329446088074	-8.389999999999986	340.7498833826422	105.19329446088074	8.389999999999986	340.7498833826422	-113.58329446088074	340.7498833826422	-340.7498833826422	8.39	113.58329446088078
202	193.4724781454803	64.49082604849345	-257.963304193974	-193.4724781454803	8.389999999999986	257.963304193974	8.389999999999986	64.49082604849345	-8.389999999999986	193.4724781454803	56.100826048493445	8.389999999999986	193.4724781454803	-64.49082604849345	193.4724781454803	-193.4724781454803	8.39	64.49082604849342
203	82.86796908707709	27.622656362359017	-110.49062544943615	-82.86796908707706	8.389999999999986	110.49062544943615	8.389999999999986	27.622656362359017	-8.389999999999986	82.86796908707706	19.232656362359016	8.389999999999986	82.86796908707706	-27.622656362359017	82.86796908707706	-82.86796908707706	8.39	27.622656362359017
204	93.41471752508323	31.138239175027767	-124.55295670011128	-93.41471752508329	8.389999999999986	124.55295670011128	8.389999999999986	31.138239175027767	-8.389999999999986	93.41471752508329	22.748239175027766	8.389999999999986	93.41471752508329	-31.138239175027767	93.41471752508329	-93.41471752508329	8.39	31.138239175027763
205	135.43346819940848	45.144489399802815	-180.57795759921146	-135.43346819940845	8.389999999999986	180.57795759921146	8.389999999999986	45.144489399802815	-8.389999999999986	135.43346819940845	36.754489399802814	8.389999999999986	135.43346819940845	-45.144489399802815	135.43346819940845	-135.43346819940845	8.39	45.14448939980282
206	451.5550984165131	150.51836613883768	-602.0734645553507	-451.5550984165131	8.389999999999986	602.0734645553507	8.389999999999986	150.51836613883768	-8.389999999999986	451.5550984165131	142.1283661388377	8.389999999999986	451.5550984165131	-150.51836613883768	451.5550984165131	-451.5550984165131	8.39	150.51836613883773
207	304.01505367575817	101.33835122525272	-405.3534049010111	-304.01505367575817	8.389999999999986	405.3534049010111	8.389999999999986	101.33835122525272	-8.389999999999986	304.01505367575817	92.94835122525272	8.389999999999986	304.01505367575817	-101.33835122525272	304.01505367575817	-304.01505367575817	8.39	101.33835122525272
208	109.14025593230599	36.38008531076868	-145.52034124307465	-109.14025593230603	8.389999999999986	145.52034124307465	8.389999999999986	36.38008531076868	-8.389999999999986	109.14025593230603	27.990085310768677	8.389999999999986	109.14025593230603	-36.38008531076868	109.14025593230603	-109.14025593230603	8.39	36.38008531076868
209	262.08000502373466	87.36000167457823	-349.4400066983129	-262.08000502373466	8.389999999999986	349.4400066983129	8.389999999999986	87.36000167457823	-8.389999999999986	262.08000502373466	78.97000167457823	8.389999999999986	262.08000502373466	-87.36000167457823	262.08000502373466	-262.08000502373466	8.39	87.36000167457823
210	124.92882254957783	41.64294084985928	-166.57176339943737	-124.92882254957783	8.389999999999986	166.57176339943737	8.389999999999986	41.64294084985928	-8.389999999999986	124.92882254957783	33.25294084985928	8.389999999999986	124.92882254957783	-41.64294084985928	124.92882254957783	-124.92882254957783	8.39	41.64294084985927
211	167.1159850502529	55.705328350084294	-222.82131340033743	-167.11598505025287	8.389999999999986	222.82131340033743	8.389999999999986	55.705328350084294	-8.389999999999986	167.11598505025287	47.31532835008429	8.389999999999986	167.11598505025287	-55.705328350084294	167.11598505025287	-167.11598505025287	8.39	55.7053283500843
212	145.98021663741474	48.66007221247158	-194.64028884988647	-145.98021663741474	8.389999999999986	194.64028884988647	8.389999999999986	48.66007221247158	-8.389999999999986	145.98021663741474	40.27007221247158	8.389999999999986	145.98021663741474	-48.66007221247158	145.98021663741474	-145.98021663741474	8.39	48.660072212471576
213	188.20965067491534	62.736550224971786	-250.94620089988734	-188.20965067491537	8.389999999999986	250.94620089988734	8.389999999999986	62.736550224971786	-8.389999999999986	188.20965067491537	54.346550224971786	8.389999999999986	188.20965067491537	-62.736550224971786	188.20965067491537	-188.20965067491537	8.39	62.73655022497178
214	377.50580658640206	125.83526886213404	-503.34107544853623	-377.5058065864021	8.389999999999986	503.34107544853623	8.389999999999986	125.83526886213404	-8.389999999999986	377.5058065864021	117.44526886213404	8.389999999999986	377.5058065864021	-125.83526886213404	377.5058065864021	-377.5058065864021	8.39	125.83526886213403
215	515.2063550250853	171.7354516750284	-686.9418067001138	-515.2063550250853	8.389999999999986	686.9418067001138	8.389999999999986	171.7354516750284	-8.389999999999986	515.2063550250853	163.34545167502841	8.389999999999986	515.2063550250853	-171.7354516750284	515.2063550250853	-515.2063550250853	8.39	171.73545167502846
216	589.1186440870777	196.37288136235924	-785.4915254494372	-589.1186440870777	8.389999999999986	785.4915254494372	8.389999999999986	196.37288136235924	-8.389999999999986	589.1186440870777	187.98288136235925	8.389999999999986	589.1186440870777	-196.37288136235924	589.1186440870777	-589.1186440870777	8.39	196.37288136235918
217	678.6717590576443	226.22391968588144	-904.8956787435259	-678.6717590576443	8.389999999999986	904.8956787435259	8.389999999999986	226.22391968588144	-8.389999999999986	678.6717590576443	217.83391968588143	8.389999999999986	678.6717590576443	-226.22391968588144	678.6717590576443	-678.6717590576443	8.39	226.2239196858814
218	694.4603256749158	231.48677522497195	-925.947100899888	-694.4603256749158	8.389999999999986	925.947100899888	8.389999999999986	231.48677522497195	-8.389999999999986	694.4603256749158	223.09677522497196	8.389999999999986	694.4603256749158	-231.48677522497195	694.4603256749158	-694.4603256749158	8.39	231.4867752249719
219	705.007074112922	235.0023580376407	-940.009432150563	-705.007074112922	8.389999999999986	940.009432150563	8.389999999999986	235.0023580376407	-8.389999999999986	705.007074112922	226.61235803764072	8.389999999999986	705.007074112922	-235.0023580376407	705.007074112922	-705.007074112922	8.39	235.00235803764065
220	652.2731631742411	217.42438772474702	-869.6975508989881	-652.2731631742411	8.389999999999986	869.6975508989881	8.389999999999986	217.42438772474702	-8.389999999999986	652.2731631742411	209.03438772474703	8.389999999999986	652.2731631742411	-217.42438772474702	652.2731631742411	-652.2731631742411	8.39	217.42438772474702
221	620.6327491115724	206.8775830371908	-827.5103321487632	-620.6327491115724	8.389999999999986	827.5103321487632	8.389999999999986	206.8775830371908	-8.389999999999986	620.6327491115724	198.4875830371908	8.389999999999986	620.6327491115724	-206.8775830371908	620.6327491115724	-620.6327491115724	8.39	206.8775830371908
222	546.9735843745784	182.32452812485948	-729.2981124994378	-546.9735843745784	8.389999999999986	729.2981124994378	8.389999999999986	182.32452812485948	-8.389999999999986	546.9735843745784	173.93452812485947	8.389999999999986	546.9735843745784	-182.32452812485948	546.9735843745784	-546.9735843745784	8.39	182.32452812485946
223	293.4683052377519	97.82276841258397	-391.29107365033605	-293.4683052377519	8.389999999999986	391.29107365033605	8.389999999999986	97.82276841258397	-8.389999999999986	293.4683052377519	89.43276841258397	8.389999999999986	293.4683052377519	-97.82276841258397	293.4683052377519	-293.4683052377519	8.39	97.82276841258398
224	573.3721802579817	191.1240600859939	-764.4962403439756	-573.3721802579817	8.389999999999986	764.4962403439756	8.389999999999986	191.1240600859939	-8.389999999999986	573.3721802579817	182.73406008599392	8.389999999999986	573.3721802579817	-191.1240600859939	573.3721802579817	-573.3721802579817	8.39	191.12406008599385
225	726.1428425257603	242.04761417525344	-968.1904567010137	-726.1428425257603	8.389999999999986	968.1904567010137	8.389999999999986	242.04761417525344	-8.389999999999986	726.1428425257603	233.65761417525343	8.389999999999986	726.1428425257603	-242.04761417525344	726.1428425257603	-726.1428425257603	8.39	242.04761417525344
226	325.00341955354617	108.33447318451537	-433.3378927380615	-325.00341955354617	8.389999999999986	433.3378927380615	8.389999999999986	108.33447318451537	-8.389999999999986	325.00341955354617	99.94447318451537	8.389999999999986	325.00341955354617	-108.33447318451537	325.00341955354617	-325.00341955354617	8.39	108.33447318451539
227	647.0313449949755	215.67711499832515	-862.7084599933006	-647.0313449949755	8.389999999999986	862.7084599933006	8.389999999999986	215.67711499832515	-8.389999999999986	647.0313449949755	207.2871149983252	8.389999999999986	647.0313449949755	-215.67711499832515	647.0313449949755	-647.0313449949755	8.39	215.67711499832512
228	256.82770320811073	85.60923440270358	-342.4369376108144	-256.82770320811073	8.389999999999986	342.4369376108144	8.389999999999986	85.60923440270358	-8.389999999999986	256.82770320811073	77.21923440270358	8.389999999999986	256.82770320811073	-85.60923440270358	256.82770320811073	-256.82770320811073	8.39	85.60923440270358
229	272.55324161533326	90.85108053844444	-363.4043221537777	-272.55324161533326	8.389999999999986	363.4043221537777	8.389999999999986	90.85108053844444	-8.389999999999986	272.55324161533326	82.46108053844443	8.389999999999986	272.55324161533326	-90.85108053844444	272.55324161533326	-272.55324161533326	8.39	90.85108053844439
230	356.50704094168225	118.83568031389407	-475.3427212555763	-356.50704094168225	8.389999999999986	475.3427212555763	8.389999999999986	118.83568031389407	-8.389999999999986	356.50704094168225	110.44568031389407	8.389999999999986	356.50704094168225	-118.83568031389407	356.50704094168225	-356.50704094168225	8.39	118.83568031389407
231	114.3925997665126	38.130866588837534	-152.5234663553503	-114.3925997665126	8.389999999999986	152.5234663553503	8.389999999999986	38.130866588837534	-8.389999999999986	114.3925997665126	29.740866588837534	8.389999999999986	114.3925997665126	-38.130866588837534	114.3925997665126	-114.3925997665126	8.39	38.130866588837534
232	583.8663422714536	194.62211409048456	-778.4884563619381	-583.8663422714536	8.389999999999986	778.4884563619381	8.389999999999986	194.62211409048456	-8.389999999999986	583.8663422714536	186.23211409048454	8.389999999999986	583.8663422714536	-194.62211409048456	583.8663422714536	-583.8663422714536	8.39	194.6221140904845
233	309.27788114632335	103.09262704877446	-412.37050819509784	-309.27788114632335	8.389999999999986	412.37050819509784	8.389999999999986	103.09262704877446	-8.389999999999986	309.27788114632335	94.70262704877446	8.389999999999986	309.27788114632335	-103.09262704877446	309.27788114632335	-309.27788114632335	8.39	103.09262704877443
234	335.5080652033769	111.83602173445894	-447.344086937836	-335.5080652033768	8.389999999999986	447.344086937836	8.389999999999986	111.83602173445894	-8.389999999999986	335.5080652033768	103.44602173445894	8.389999999999986	335.5080652033768	-111.83602173445894	335.5080652033768	-335.5080652033768	8.39	111.83602173445894
235	615.3909309323069	205.13031031076898	-820.521241243076	-615.3909309323069	8.389999999999986	820.521241243076	8.389999999999986	205.13031031076898	-8.389999999999986	615.3909309323069	196.74031031076896	8.389999999999986	615.3909309323069	-205.13031031076898	615.3909309323069	-615.3909309323069	8.39	205.13031031076895
236	610.1491127530414	203.38303758434714	-813.5321503373885	-610.1491127530414	8.389999999999986	813.5321503373885	8.389999999999986	203.38303758434714	-8.389999999999986	610.1491127530414	194.99303758434712	8.389999999999986	610.1491127530414	-203.38303758434714	610.1491127530414	-610.1491127530414	8.39	203.38303758434716
237	251.5963686652036	83.86545622173455	-335.4618248869383	-251.5963686652036	8.389999999999986	335.4618248869383	8.389999999999986	83.86545622173455	-8.389999999999986	251.5963686652036	75.47545622173455	8.389999999999986	251.5963686652036	-83.86545622173455	251.5963686652036	-251.5963686652036	8.39	83.86545622173453
238	130.1916500201429	43.39721667338097	-173.588866693524	-130.1916500201429	8.389999999999986	173.588866693524	8.389999999999986	43.39721667338097	-8.389999999999986	130.1916500201429	35.00721667338097	8.389999999999986	130.1916500201429	-43.39721667338097	130.1916500201429	-130.1916500201429	8.39	43.39721667338097
239	182.96783249564987	60.98927749854997	-243.95710999419975	-182.9678324956499	8.389999999999986	243.95710999419975	8.389999999999986	60.98927749854997	-8.389999999999986	182.9678324956499	52.59927749854997	8.389999999999986	182.9678324956499	-60.98927749854997	182.9678324956499	-182.9678324956499	8.39	60.98927749854997
240	288.22648705848644	96.07549568616214	-384.30198274464874	-288.22648705848644	8.389999999999986	384.30198274464874	8.389999999999986	96.07549568616214	-8.389999999999986	288.22648705848644	87.68549568616214	8.389999999999986	288.22648705848644	-96.07549568616214	288.22648705848644	-288.22648705848644	8.39	96.07549568616216
241	103.89843775304064	34.63281258434688	-138.5312503373876	-103.89843775304064	8.389999999999986	138.5312503373876	8.389999999999986	34.63281258434688	-8.389999999999986	103.89843775304064	26.24281258434688	8.389999999999986	103.89843775304064	-34.63281258434688	103.89843775304064	-103.89843775304064	8.39	34.63281258434688
242	372.2639884071366	124.0879961357122	-496.35198454284887	-372.2639884071366	8.389999999999986	496.35198454284887	8.389999999999986	124.0879961357122	-8.389999999999986	372.2639884071366	115.6979961357122	8.389999999999986	372.2639884071366	-124.0879961357122	372.2639884071366	-372.2639884071366	8.39	124.08799613571222
243	77.6261509078115	25.87538363593717	-103.50153454374889	-77.6261509078115	8.389999999999986	103.50153454374889	8.389999999999986	25.87538363593717	-8.389999999999986	77.6261509078115	17.48538363593717	8.389999999999986	77.6261509078115	-25.87538363593717	77.6261509078115	-77.6261509078115	8.39	25.87538363593717
244	578.6350077285467	192.8783359095156	-771.5133436380623	-578.6350077285467	8.389999999999986	771.5133436380623	8.389999999999986	192.8783359095156	-8.389999999999986	578.6350077285467	184.4883359095156	8.389999999999986	578.6350077285467	-192.8783359095156	578.6350077285467	-578.6350077285467	8.39	192.8783359095155
245	361.7593427573062	120.58644758576872	-482.34579034307524	-361.7593427573062	8.389999999999986	482.34579034307524	8.389999999999986	120.58644758576872	-8.389999999999986	361.7593427573062	112.19644758576872	8.389999999999986	361.7593427573062	-120.58644758576872	361.7593427573062	-361.7593427573062	8.39	120.58644758576872
246	689.2185074956506	229.73950249855017	-918.9580099942007	-689.2185074956506	8.389999999999986	918.9580099942007	8.389999999999986	229.73950249855017	-8.389999999999986	689.2185074956506	221.34950249855015	8.389999999999986	689.2185074956506	-229.73950249855017	689.2185074956506	-689.2185074956506	8.39	229.73950249855014
247	319.7720431597953	106.5906810532651	-426.3627242130606	-319.7720431597953	8.389999999999986	426.3627242130606	8.389999999999986	106.5906810532651	-8.389999999999986	319.7720431597953	98.2006810532651	8.389999999999986	319.7720431597953	-106.5906810532651	319.7720431597953	-319.7720431597953	8.39	106.59068105326511
248	98.66706135928996	32.88902045309665	-131.5560818123866	-98.66706135928996	8.389999999999986	131.5560818123866	8.389999999999986	32.88902045309665	-8.389999999999986	98.66706135928996	24.49902045309665	8.389999999999986	98.66706135928996	-32.88902045309665	98.66706135928996	-98.66706135928996	8.39	32.88902045309666
249	604.9177363592908	201.63924545309692	-806.5569818123877	-604.9177363592908	8.389999999999986	806.5569818123877	8.389999999999986	201.63924545309692	-8.389999999999986	604.9177363592908	193.24924545309693	8.389999999999986	604.9177363592908	-201.63924545309692	604.9177363592908	-604.9177363592908	8.39	201.63924545309692
250	282.995110664736	94.331703554912	-377.3268142196483	-282.995110664736	8.389999999999986	377.3268142196483	8.389999999999986	94.331703554912	-8.389999999999986	282.995110664736	85.941703554912	8.389999999999986	282.995110664736	-94.331703554912	282.995110664736	-282.995110664736	8.39	94.331703554912
251	351.2861481842899	117.09538272809664	-468.38153091238684	-351.2861481842899	8.389999999999986	468.38153091238684	8.389999999999986	117.09538272809664	-8.389999999999986	351.2861481842899	108.70538272809664	8.389999999999986	351.2861481842899	-117.09538272809664	351.2861481842899	-351.2861481842899	8.39	117.09538272809664
252	267.33234885794104	89.11078295264701	-356.4431318105882	-267.33234885794104	8.389999999999986	356.4431318105882	8.389999999999986	89.11078295264701	-8.389999999999986	267.33234885794104	80.72078295264701	8.389999999999986	267.33234885794104	-89.11078295264701	267.33234885794104	-267.33234885794104	8.39	89.11078295264703
253	246.36499227145305	82.12166409048437	-328.4866563619373	-246.3649922714531	8.389999999999986	328.4866563619373	8.389999999999986	82.12166409048437	-8.389999999999986	246.3649922714531	73.73166409048437	8.389999999999986	246.3649922714531	-82.12166409048437	246.3649922714531	-246.3649922714531	8.39	82.12166409048437
254	277.78461800908406	92.59487266969468	-370.3794906787787	-277.78461800908406	8.389999999999986	370.3794906787787	8.389999999999986	92.59487266969468	-8.389999999999986	277.78461800908406	84.20487266969468	8.389999999999986	277.78461800908406	-92.59487266969468	277.78461800908406	-277.78461800908406	8.39	92.59487266969468
255	479.41251813847384	159.80417271282462	-639.2166908512984	-479.41251813847384	8.389999999999986	639.2166908512984	8.389999999999986	159.80417271282462	-8.389999999999986	479.41251813847384	151.4141727128246	8.389999999999986	479.41251813847384	-159.80417271282462	479.41251813847384	-479.41251813847384	8.39	159.8041727128246
256	421.1248757807007	140.3749585935669	-561.4998343742677	-421.1248757807007	8.389999999999986	561.4998343742677	8.389999999999986	140.3749585935669	-8.389999999999986	421.1248757807007	131.9849585935669	8.389999999999986	421.1248757807007	-140.3749585935669	421.1248757807007	-421.1248757807007	8.39	140.37495859356687
257	468.76504607246693	156.25501535748896	-625.0200614299558	-468.7650460724669	8.389999999999986	625.0200614299558	8.389999999999986	156.25501535748896	-8.389999999999986	468.7650460724669	147.86501535748894	8.389999999999986	468.7650460724669	-156.25501535748896	468.7650460724669	-468.7650460724669	8.39	156.25501535748893
258	482.08636247968843	160.69545415989614	-642.7818166395846	-482.08636247968843	8.389999999999986	642.7818166395846	8.389999999999986	160.69545415989614	-8.389999999999986	482.08636247968843	152.30545415989613	8.389999999999986	482.08636247968843	-160.69545415989614	482.08636247968843	-482.08636247968843	8.39	160.69545415989612
259	476.7386524064191	158.912884135473	-635.651536541892	-476.738652406419	8.389999999999986	635.651536541892	8.389999999999986	158.912884135473	-8.389999999999986	476.738652406419	150.52288413547302	8.389999999999986	476.738652406419	-158.912884135473	476.738652406419	-476.738652406419	8.39	158.912884135473
260	738.0793948692143	246.02646495640477	-984.105859825619	-738.0793948692143	8.389999999999986	984.105859825619	8.389999999999986	246.02646495640477	-8.389999999999986	738.0793948692143	237.63646495640475	8.389999999999986	738.0793948692143	-246.02646495640477	738.0793948692143	-738.0793948692143	8.39	246.02646495640477
261	527.1429073685391	175.7143024561797	-702.8572098247188	-527.1429073685391	8.389999999999986	702.8572098247188	8.389999999999986	175.7143024561797	-8.389999999999986	527.1429073685391	167.32430245617974	8.389999999999986	527.1429073685391	-175.7143024561797	527.1429073685391	-527.1429073685391	8.39	175.71430245617967
262	495.37034100439286	165.12344700146429	-660.4937880058571	-495.37034100439286	8.389999999999986	660.4937880058571	8.389999999999986	165.12344700146429	-8.389999999999986	495.37034100439286	156.73344700146427	8.389999999999986	495.37034100439286	-165.12344700146429	495.37034100439286	-495.37034100439286	8.39	165.12344700146429
263	202.72999784628195	67.57666594876065	-270.3066637950426	-202.72999784628195	8.389999999999986	270.3066637950426	8.389999999999986	67.57666594876065	-8.389999999999986	202.72999784628195	59.18666594876065	8.389999999999986	202.72999784628195	-67.57666594876065	202.72999784628195	-202.72999784628195	8.39	67.57666594876065
264	487.4020716850939	162.46735722836465	-649.8694289134586	-487.4020716850939	8.389999999999986	649.8694289134586	8.389999999999986	162.46735722836465	-8.389999999999986	487.4020716850939	154.07735722836463	8.389999999999986	487.4020716850939	-162.46735722836465	487.4020716850939	-487.4020716850939	8.39	162.46735722836462
265	735.4162032518583	245.13873441728612	-980.5549376691445	-735.4162032518583	8.389999999999986	980.5549376691445	8.389999999999986	245.13873441728612	-8.389999999999986	735.4162032518583	236.7487344172861	8.389999999999986	735.4162032518583	-245.13873441728612	735.4162032518583	-735.4162032518583	8.39	245.13873441728606
266	640.4263645265214	213.4754548421738	-853.9018193686952	-640.4263645265214	8.389999999999986	853.9018193686952	8.389999999999986	213.4754548421738	-8.389999999999986	640.4263645265214	205.0854548421738	8.389999999999986	640.4263645265214	-213.4754548421738	640.4263645265214	-640.4263645265214	8.39	213.4754548421738
267	399.9466664060395	133.31555546867983	-533.2622218747196	-399.9466664060395	8.389999999999986	533.2622218747196	8.389999999999986	133.31555546867983	-8.389999999999986	399.9466664060395	124.92555546867983	8.389999999999986	399.9466664060395	-133.31555546867983	399.9466664060395	-399.9466664060395	8.39	133.31555546867986
268	521.8165454392752	173.93884847975838	-695.7553939190338	-521.8165454392752	8.389999999999986	695.7553939190338	8.389999999999986	173.93884847975838	-8.389999999999986	521.8165454392752	165.54884847975836	8.389999999999986	521.8165454392752	-173.93884847975838	521.8165454392752	-521.8165454392752	8.39	173.9388484797584
269	558.8676957562093	186.28923191873642	-745.156927674946	-558.8676957562093	8.389999999999986	745.156927674946	8.389999999999986	186.28923191873642	-8.389999999999986	558.8676957562093	177.8992319187364	8.389999999999986	558.8676957562093	-186.28923191873642	558.8676957562093	-558.8676957562093	8.39	186.28923191873645
270	524.4744000419779	174.82480001399264	-699.2992000559706	-524.4744000419779	8.389999999999986	699.2992000559706	8.389999999999986	174.82480001399264	-8.389999999999986	524.4744000419779	166.43480001399263	8.389999999999986	524.4744000419779	-174.82480001399264	524.4744000419779	-524.4744000419779	8.39	174.82480001399261
271	418.45636845413924	139.48545615137976	-557.9418246055191	-418.4563684541393	8.389999999999986	557.9418246055191	8.389999999999986	139.48545615137976	-8.389999999999986	418.4563684541393	131.09545615137975	8.389999999999986	418.4563684541393	-139.48545615137976	418.4563684541393	-418.4563684541393	8.39	139.48545615137974
272	466.1018544551109	155.3672848183703	-621.4691392734812	-466.1018544551109	8.389999999999986	621.4691392734812	8.389999999999986	155.3672848183703	-8.389999999999986	466.1018544551109	146.97728481837032	8.389999999999986	466.1018544551109	-155.3672848183703	466.1018544551109	-466.1018544551109	8.39	155.3672848183703
273	746.0264861485637	248.67549538285456	-994.7019815314183	-746.0264861485637	8.389999999999986	994.7019815314183	8.389999999999986	248.67549538285456	-8.389999999999986	746.0264861485637	240.28549538285455	8.389999999999986	746.0264861485637	-248.67549538285456	746.0264861485637	-746.0264861485637	8.39	248.67549538285454
274	157.87432801904572	52.62477600634858	-210.4991040253944	-157.87432801904572	8.389999999999986	210.4991040253944	8.389999999999986	52.62477600634858	-8.389999999999986	157.87432801904572	44.23477600634858	8.389999999999986	157.87432801904572	-52.62477600634858	157.87432801904572	-157.87432801904572	8.39	52.624776006348554
275	205.39316815819012	68.46438938606337	-273.8575575442535	-205.39316815819012	8.389999999999986	273.8575575442535	8.389999999999986	68.46438938606337	-8.389999999999986	205.39316815819012	60.074389386063366	8.389999999999986	205.39316815819012	-68.46438938606337	205.39316815819012	-205.39316815819012	8.39	68.46438938606337
276	208.05102276089292	69.35034092029764	-277.40136368119056	-208.05102276089292	8.389999999999986	277.40136368119056	8.389999999999986	69.35034092029764	-8.389999999999986	208.05102276089292	60.96034092029764	8.389999999999986	208.05102276089292	-69.35034092029764	208.05102276089292	-208.05102276089292	8.39	69.35034092029764
277	213.35612176828374	71.11870725609458	-284.4748290243783	-213.35612176828374	8.389999999999986	284.4748290243783	8.389999999999986	71.11870725609458	-8.389999999999986	213.35612176828374	62.72870725609458	8.389999999999986	213.35612176828374	-71.11870725609458	213.35612176828374	-213.35612176828374	8.39	71.11870725609458
278	471.4282163843751	157.1427387947917	-628.5709551791668	-471.4282163843751	8.389999999999986	628.5709551791668	8.389999999999986	157.1427387947917	-8.389999999999986	471.4282163843751	148.7527387947917	8.389999999999986	471.4282163843751	-157.1427387947917	471.4282163843751	-471.4282163843751	8.39	157.14273879479168
279	484.7495327915965	161.58317759719884	-646.3327103887954	-484.7495327915965	8.389999999999986	646.3327103887954	8.389999999999986	161.58317759719884	-8.389999999999986	484.7495327915965	153.19317759719883	8.389999999999986	484.7495327915965	-161.58317759719884	484.7495327915965	-484.7495327915965	8.39	161.5831775971988
280	492.71248640169006	164.23749546723002	-656.9499818689201	-492.71248640169006	8.389999999999986	656.9499818689201	8.389999999999986	164.23749546723002	-8.389999999999986	492.71248640169006	155.84749546723003	8.389999999999986	492.71248640169006	-164.23749546723002	492.71248640169006	-492.71248640169006	8.39	164.23749546723002
281	239.77581114856298	79.92527038285435	-319.70108153141746	-239.77581114856304	8.389999999999986	319.70108153141746	8.389999999999986	79.92527038285435	-8.389999999999986	239.77581114856304	71.53527038285435	8.389999999999986	239.77581114856304	-79.92527038285435	239.77581114856304	-239.77581114856304	8.39	79.92527038285434
282	415.80382956064204	138.60127652021401	-554.4051060808563	-415.80382956064204	8.389999999999986	554.4051060808563	8.389999999999986	138.60127652021401	-8.389999999999986	415.80382956064204	130.21127652021403	8.389999999999986	415.80382956064204	-138.60127652021401	415.80382956064204	-415.80382956064204	8.39	138.60127652021401
283	716.9065012037585	238.96883373458616	-955.8753349383447	-716.9065012037585	8.389999999999986	955.8753349383447	8.389999999999986	238.96883373458616	-8.389999999999986	716.9065012037585	230.57883373458617	8.389999999999986	716.9065012037585	-238.96883373458616	716.9065012037585	-716.9065012037585	8.39	238.96883373458616
284	730.1111042444675	243.37036808148915	-973.4814723259566	-730.1111042444675	8.389999999999986	973.4814723259566	8.389999999999986	243.37036808148915	-8.389999999999986	730.1111042444675	234.98036808148913	8.389999999999986	730.1111042444675	-243.37036808148915	730.1111042444675	-730.1111042444675	8.39	243.37036808148918
285	505.9700137030834	168.65667123436114	-674.6266849374445	-505.9700137030834	8.389999999999986	674.6266849374445	8.389999999999986	168.65667123436114	-8.389999999999986	505.9700137030834	160.26667123436113	8.389999999999986	505.9700137030834	-168.65667123436114	505.9700137030834	-505.9700137030834	8.39	168.6566712343611
286	442.30823143957014	147.43607714652336	-589.7443085860934	-442.3082314395701	8.389999999999986	589.7443085860934	8.389999999999986	147.43607714652336	-8.389999999999986	442.3082314395701	139.04607714652337	8.389999999999986	442.3082314395701	-147.43607714652336	442.3082314395701	-442.3082314395701	8.39	147.43607714652336
287	431.7192114647381	143.90640382157937	-575.6256152863174	-431.7192114647381	8.389999999999986	575.6256152863174	8.389999999999986	143.90640382157937	-8.389999999999986	431.7192114647381	135.51640382157936	8.389999999999986	431.7192114647381	-143.90640382157937	431.7192114647381	-431.7192114647381	8.39	143.90640382157937
288	535.0899986478883	178.36333288262944	-713.4533315305177	-535.0899986478883	8.389999999999986	713.4533315305177	8.389999999999986	178.36333288262944	-8.389999999999986	535.0899986478883	169.97333288262942	8.389999999999986	535.0899986478883	-178.36333288262944	535.0899986478883	-535.0899986478883	8.39	178.36333288262944
289	674.7193387030836	224.90644623436123	-899.6257849374449	-674.7193387030836	8.389999999999986	899.6257849374449	8.389999999999986	224.90644623436123	-8.389999999999986	674.7193387030836	216.5164462343612	8.389999999999986	674.7193387030836	-224.90644623436123	674.7193387030836	-674.7193387030836	8.39	224.90644623436123
290	176.36816773640123	58.789389245467085	-235.15755698186857	-176.36816773640123	8.389999999999986	235.15755698186857	8.389999999999986	58.789389245467085	-8.389999999999986	176.36816773640123	50.399389245467084	8.389999999999986	176.36816773640123	-58.789389245467085	176.36816773640123	-176.36816773640123	8.39	58.78938924546705
291	460.7967554477201	153.59891848257337	-614.3956739302936	-460.7967554477201	8.389999999999986	614.3956739302936	8.389999999999986	153.59891848257337	-8.389999999999986	460.7967554477201	145.20891848257338	8.389999999999986	460.7967554477201	-153.59891848257337	460.7967554477201	-460.7967554477201	8.39	153.59891848257337
292	556.2204513515212	185.40681711717374	-741.627268468695	-556.2204513515212	8.389999999999986	741.627268468695	8.389999999999986	185.40681711717374	-8.389999999999986	556.2204513515212	177.01681711717373	8.389999999999986	556.2204513515212	-185.40681711717374	556.2204513515212	-556.2204513515212	8.39	185.40681711717372
293	413.15126944674864	137.71708981558288	-550.8683592623316	-413.15126944674864	8.389999999999986	550.8683592623316	8.389999999999986	137.71708981558288	-8.389999999999986	413.15126944674864	129.3270898155829	8.389999999999986	413.15126944674864	-137.71708981558288	413.15126944674864	-413.15126944674864	8.39	137.71708981558288
294	666.7828576217491	222.26095254058305	-889.0438101623322	-666.7828576217491	8.389999999999986	889.0438101623322	8.389999999999986	222.26095254058305	-8.389999999999986	666.7828576217491	213.87095254058303	8.389999999999986	666.7828576217491	-222.26095254058305	666.7828576217491	-666.7828576217491	8.39	222.26095254058305
295	173.71560762250783	57.90520254083595	-231.6208101633439	-173.71560762250783	8.389999999999986	231.6208101633439	8.389999999999986	57.90520254083595	-8.389999999999986	173.71560762250783	49.51520254083595	8.389999999999986	173.71560762250783	-57.90520254083595	173.71560762250783	-173.71560762250783	8.39	57.905202540835916
296	503.3174535891899	167.77248452972998	-671.0899381189199	-503.3174535891899	8.389999999999986	671.0899381189199	8.389999999999986	167.77248452972998	-8.389999999999986	503.3174535891899	159.38248452972996	8.389999999999986	503.3174535891899	-167.77248452972998	503.3174535891899	-503.3174535891899	8.39	167.77248452972992
297	540.3844874572646	180.12816248575487	-720.5126499430194	-540.3844874572646	8.389999999999986	720.5126499430194	8.389999999999986	180.12816248575487	-8.389999999999986	540.3844874572646	171.73816248575486	8.389999999999986	540.3844874572646	-180.12816248575487	540.3844874572646	-540.3844874572646	8.39	180.1281624857549
298	519.1640065457777	173.05466884859257	-692.2186753943702	-519.1640065457777	8.389999999999986	692.2186753943702	8.389999999999986	173.05466884859257	-8.389999999999986	519.1640065457777	164.66466884859256	8.389999999999986	519.1640065457777	-173.05466884859257	519.1640065457777	-519.1640065457777	8.39	173.05466884859266
299	511.25393467052453	170.4179782235082	-681.6719128940326	-511.25393467052453	8.389999999999986	681.6719128940326	8.389999999999986	170.4179782235082	-8.389999999999986	511.25393467052453	162.02797822350817	8.389999999999986	511.25393467052453	-170.4179782235082	511.25393467052453	-511.25393467052453	8.39	170.41797822350816
300	537.7372430525764	179.24574768419217	-716.9829907367686	-537.7372430525764	8.389999999999986	716.9829907367686	8.389999999999986	179.24574768419217	-8.389999999999986	537.7372430525764	170.85574768419215	8.389999999999986	537.7372430525764	-179.24574768419217	537.7372430525764	-537.7372430525764	8.39	179.2457476841921
301	439.6503768368673	146.5501256122891	-586.2005024491564	-439.6503768368673	8.389999999999986	586.2005024491564	8.389999999999986	146.5501256122891	-8.389999999999986	439.6503768368673	138.16012561228908	8.389999999999986	439.6503768368673	-146.5501256122891	439.6503768368673	-439.6503768368673	8.39	146.55012561228907
302	600.9757996410885	200.3252665470295	-801.301066188118	-600.9757996410885	8.389999999999986	801.301066188118	8.389999999999986	200.3252665470295	-8.389999999999986	600.9757996410885	191.9352665470295	8.389999999999986	600.9757996410885	-200.3252665470295	600.9757996410885	-600.9757996410885	8.39	200.32526654702949
303	627.2270771950177	209.07569239833924	-836.302769593357	-627.2270771950177	8.389999999999986	836.302769593357	8.389999999999986	209.07569239833924	-8.389999999999986	627.2270771950177	200.68569239833923	8.389999999999986	627.2270771950177	-209.07569239833924	627.2270771950177	-627.2270771950177	8.39	209.0756923983392
304	701.0546537583614	233.68488458612046	-934.7395383444818	-701.0546537583614	8.389999999999986	934.7395383444818	8.389999999999986	233.68488458612046	-8.389999999999986	701.0546537583614	225.29488458612045	8.389999999999986	701.0546537583614	-233.68488458612046	701.0546537583614	-701.0546537583614	8.39	233.68488458612043
305	714.2486466010558	238.08288220035195	-952.3315288014078	-714.2486466010558	8.389999999999986	952.3315288014078	8.389999999999986	238.08288220035195	-8.389999999999986	714.2486466010558	229.69288220035193	8.389999999999986	714.2486466010558	-238.08288220035195	714.2486466010558	-714.2486466010558	8.39	238.08288220035192
306	437.0031324321792	145.6677108107264	-582.6708432429059	-437.00313243217914	8.389999999999986	582.6708432429059	8.389999999999986	145.6677108107264	-8.389999999999986	437.00313243217914	137.27771081072638	8.389999999999986	437.00313243217914	-145.6677108107264	437.00313243217914	-437.00313243217914	8.39	145.66771081072636
307	474.07546078906296	158.02515359635433	-632.1006143854175	-474.07546078906296	8.389999999999986	632.1006143854175	8.389999999999986	158.02515359635433	-8.389999999999986	474.07546078906296	149.63515359635431	8.389999999999986	474.07546078906296	-158.02515359635433	474.07546078906296	-474.07546078906296	8.39	158.0251535963543
308	658.8674912576862	219.6224970858954	-878.4899883435816	-658.8674912576862	8.389999999999986	878.4899883435816	8.389999999999986	219.6224970858954	-8.389999999999986	658.8674912576862	211.23249708589537	8.389999999999986	658.8674912576862	-219.6224970858954	658.8674912576862	-658.8674912576862	8.39	219.62249708589542
309	643.0789246404147	214.3596415468049	-857.4385661872196	-643.0789246404147	8.389999999999986	857.4385661872196	8.389999999999986	214.3596415468049	-8.389999999999986	643.0789246404147	205.9696415468049	8.389999999999986	643.0789246404147	-214.3596415468049	643.0789246404147	-643.0789246404147	8.39	214.35964154680488
310	397.294127512542	132.431375837514	-529.7255033500561	-397.294127512542	8.389999999999986	529.7255033500561	8.389999999999986	132.431375837514	-8.389999999999986	397.294127512542	124.041375837514	8.389999999999986	397.294127512542	-132.431375837514	397.294127512542	-397.294127512542	8.39	132.431375837514
311	447.5921524070111	149.1973841356704	-596.7895365426814	-447.59215240701116	8.389999999999986	596.7895365426814	8.389999999999986	149.1973841356704	-8.389999999999986	447.59215240701116	140.8073841356704	8.389999999999986	447.59215240701116	-149.1973841356704	447.59215240701116	-447.59215240701116	8.39	149.19738413567035
312	569.419759903421	189.80658663447366	-759.2263465378946	-569.419759903421	8.389999999999986	759.2263465378946	8.389999999999986	189.80658663447366	-8.389999999999986	569.419759903421	181.41658663447365	8.389999999999986	569.419759903421	-189.80658663447366	569.419759903421	-569.419759903421	8.39	189.80658663447366
313	708.9647256336145	236.32157521120484	-945.2863008448194	-708.9647256336145	8.389999999999986	945.2863008448194	8.389999999999986	236.32157521120484	-8.389999999999986	708.9647256336145	227.93157521120483	8.389999999999986	708.9647256336145	-236.32157521120484	708.9647256336145	-708.9647256336145	8.39	236.32157521120484
314	740.7319549831077	246.9106516610359	-987.6426066441436	-740.7319549831077	8.389999999999986	987.6426066441436	8.389999999999986	246.9106516610359	-8.389999999999986	740.7319549831077	238.52065166103588	8.389999999999986	740.7319549831077	-246.9106516610359	740.7319549831077	-740.7319549831077	8.39	246.9106516610359
315	149.93786815810722	49.97928938603572	-199.91715754414304	-149.93786815810716	8.389999999999986	199.91715754414304	8.389999999999986	49.97928938603572	-8.389999999999986	149.93786815810716	41.589289386035716	8.389999999999986	149.93786815810716	-49.97928938603572	149.93786815810716	-149.93786815810716	8.39	49.97928938603572
316	300.0626333211976	100.02087777373252	-400.08351109493015	-300.06263332119755	8.389999999999986	400.08351109493015	8.389999999999986	100.02087777373252	-8.389999999999986	300.06263332119755	91.63087777373252	8.389999999999986	300.06263332119755	-100.02087777373252	300.06263332119755	-300.06263332119755	8.39	100.02087777373252
317	405.23590308268604	135.07863436089536	-540.3145374435815	-405.2359030826861	8.389999999999986	540.3145374435815	8.389999999999986	135.07863436089536	-8.389999999999986	405.2359030826861	126.68863436089535	8.389999999999986	405.2359030826861	-135.07863436089536	405.2359030826861	-405.2359030826861	8.39	135.07863436089534
318	423.7774358945942	141.25914529819806	-565.0365811927923	-423.7774358945942	8.389999999999986	565.0365811927923	8.389999999999986	141.25914529819806	-8.389999999999986	423.7774358945942	132.86914529819805	8.389999999999986	423.7774358945942	-141.25914529819806	423.7774358945942	-423.7774358945942	8.39	141.25914529819804
319	429.0613568620354	143.0204522873451	-572.0818091493804	-429.0613568620353	8.389999999999986	572.0818091493804	8.389999999999986	143.0204522873451	-8.389999999999986	429.0613568620353	134.6304522873451	8.389999999999986	429.0613568620353	-143.0204522873451	429.0613568620353	-429.0613568620353	8.39	143.02045228734508
320	672.0614841003809	224.02049470012696	-896.0819788005078	-672.0614841003809	8.389999999999986	896.0819788005078	8.389999999999986	224.02049470012696	-8.389999999999986	672.0614841003809	215.63049470012695	8.389999999999986	672.0614841003809	-224.02049470012696	672.0614841003809	-672.0614841003809	8.39	224.02049470012693
321	142.02779628285418	47.3425987609514	-189.3703950438057	-142.02779628285418	8.389999999999986	189.3703950438057	8.389999999999986	47.3425987609514	-8.389999999999986	142.02779628285418	38.952598760951396	8.389999999999986	142.02779628285418	-47.3425987609514	142.02779628285418	-142.02779628285418	8.39	47.34259876095139
322	553.5732069468331	184.52440231561104	-738.0976092624442	-553.5732069468331	8.389999999999986	738.0976092624442	8.389999999999986	184.52440231561104	-8.389999999999986	553.5732069468331	176.13440231561106	8.389999999999986	553.5732069468331	-184.52440231561104	553.5732069468331	-553.5732069468331	8.39	184.52440231561104
323	155.22708361435775	51.742361204785894	-206.96944481914397	-155.2270836143577	8.389999999999986	206.96944481914397	8.389999999999986	51.742361204785894	-8.389999999999986	155.2270836143577	43.35236120478589	8.389999999999986	155.2270836143577	-51.742361204785894	155.2270836143577	-155.2270836143577	8.39	51.74236120478591
324	231.83933006722862	77.27977668907621	-309.119106756305	-231.83933006722862	8.389999999999986	309.119106756305	8.389999999999986	77.27977668907621	-8.389999999999986	231.83933006722862	68.88977668907621	8.389999999999986	231.83933006722862	-77.27977668907621	231.83933006722862	-231.83933006722862	8.39	77.27977668907619
325	200.07210071773545	66.69070023924516	-266.76280095698075	-200.07210071773545	8.389999999999986	266.76280095698075	8.389999999999986	66.69070023924516	-8.389999999999986	200.07210071773545	58.30070023924516	8.389999999999986	200.07210071773545	-66.69070023924516	200.07210071773545	-200.07210071773545	8.39	66.69070023924515
326	394.65217759666336	131.55072586555445	-526.2029034622177	-394.65217759666336	8.389999999999986	526.2029034622177	8.389999999999986	131.55072586555445	-8.389999999999986	394.65217759666336	123.16072586555447	8.389999999999986	394.65217759666336	-131.55072586555445	394.65217759666336	-394.65217759666336	8.39	131.55072586555445
327	347.3495059548975	115.78316865163248	-463.1326746065299	-347.34950595489744	8.389999999999986	463.1326746065299	8.389999999999986	115.78316865163248	-8.389999999999986	347.34950595489744	107.39316865163248	8.389999999999986	347.34950595489744	-115.78316865163248	347.34950595489744	-347.34950595489744	8.39	115.78316865163248
328	242.42835004206043	80.80945001402016	-323.23780005608063	-242.42835004206046	8.389999999999986	323.23780005608063	8.389999999999986	80.80945001402016	-8.389999999999986	242.42835004206046	72.41945001402016	8.389999999999986	242.42835004206046	-80.80945001402016	242.42835004206046	-242.42835004206046	8.39	80.80945001402011
329	160.53218262174846	53.51072754058281	-214.0429101623315	-160.53218262174846	8.389999999999986	214.0429101623315	8.389999999999986	53.51072754058281	-8.389999999999986	160.53218262174846	45.12072754058281	8.389999999999986	160.53218262174846	-53.51072754058281	160.53218262174846	-160.53218262174846	8.39	53.510727540582835
330	120.98169668382661	40.327232227942204	-161.3089289117689	-120.98169668382661	8.389999999999986	161.3089289117689	8.389999999999986	40.327232227942204	-8.389999999999986	120.98169668382661	31.937232227942204	8.389999999999986	120.98169668382661	-40.327232227942204	120.98169668382661	-120.98169668382661	8.39	40.327232227942204
331	210.7035616543903	70.23452055146345	-280.9380822058538	-210.70356165439034	8.389999999999986	280.9380822058538	8.389999999999986	70.23452055146345	-8.389999999999986	210.70356165439034	61.84452055146344	8.389999999999986	210.70356165439034	-70.23452055146345	210.70356165439034	-210.70356165439034	8.39	70.23452055146345
332	216.00866066178114	72.00288688726039	-288.01154754904155	-216.00866066178116	8.389999999999986	288.01154754904155	8.389999999999986	72.00288688726039	-8.389999999999986	216.00866066178116	63.61288688726039	8.389999999999986	216.00866066178116	-72.00288688726039	216.00866066178116	-216.00866066178116	8.39	72.00288688726039
333	490.05992628779666	163.35330876259889	-653.4132350503955	-490.05992628779666	8.389999999999986	653.4132350503955	8.389999999999986	163.35330876259889	-8.389999999999986	490.05992628779666	154.9633087625989	8.389999999999986	490.05992628779666	-163.35330876259889	490.05992628779666	-490.05992628779666	8.39	163.35330876259889
334	500.6702091845018	166.89006972816728	-667.5602789126691	-500.6702091845018	8.389999999999986	667.5602789126691	8.389999999999986	166.89006972816728	-8.389999999999986	500.6702091845018	158.50006972816726	8.389999999999986	500.6702091845018	-166.89006972816728	500.6702091845018	-500.6702091845018	8.39	166.89006972816725
335	237.1232510346697	79.04108367822322	-316.16433471289315	-237.12325103466964	8.389999999999986	316.16433471289315	8.389999999999986	79.04108367822322	-8.389999999999986	237.12325103466964	70.65108367822322	8.389999999999986	237.12325103466964	-79.04108367822322	237.12325103466964	-237.12325103466964	8.39	79.0410836782232
336	458.14419533382693	152.7147317779423	-610.8589271117694	-458.1441953338269	8.389999999999986	610.8589271117694	8.389999999999986	152.7147317779423	-8.389999999999986	458.1441953338269	144.3247317779423	8.389999999999986	458.1441953338269	-152.7147317779423	458.1441953338269	-458.1441953338269	8.39	152.7147317779423
337	463.4492943412175	154.48309811373917	-617.932392454957	-463.4492943412175	8.389999999999986	617.932392454957	8.389999999999986	154.48309811373917	-8.389999999999986	463.4492943412175	146.0930981137392	8.389999999999986	463.4492943412175	-154.48309811373917	463.4492943412175	-463.4492943412175	8.39	154.48309811373917
338	532.4374385339951	177.47914617799836	-709.9165847119936	-532.4374385339951	8.389999999999986	709.9165847119936	8.389999999999986	177.47914617799836	-8.389999999999986	532.4374385339951	169.08914617799837	8.389999999999986	532.4374385339951	-177.47914617799836	532.4374385339951	-532.4374385339951	8.39	177.47914617799836
339	637.7791201218333	212.5930400406111	-850.3721601624447	-637.7791201218333	8.389999999999986	850.3721601624447	8.389999999999986	212.5930400406111	-8.389999999999986	637.7791201218333	204.20304004061109	8.389999999999986	637.7791201218333	-212.5930400406111	637.7791201218333	-637.7791201218333	8.39	212.59304004061113
340	722.1957166600091	240.73190555333636	-962.9276222133458	-722.1957166600091	8.389999999999986	962.9276222133458	8.389999999999986	240.73190555333636	-8.389999999999986	722.1957166600091	232.34190555333635	8.389999999999986	722.1957166600091	-240.73190555333636	722.1957166600091	-722.1957166600091	8.39	240.7319055533364
341	732.7636431379649	244.25454771265495	-977.0181908506202	-732.7636431379649	8.389999999999986	977.0181908506202	8.389999999999986	244.25454771265495	-8.389999999999986	732.7636431379649	235.86454771265494	8.389999999999986	732.7636431379649	-244.25454771265495	732.7636431379649	-732.7636431379649	8.39	244.25454771265498
342	685.2713816298992	228.42379387663308	-913.6951755065323	-685.2713816298992	8.389999999999986	913.6951755065323	8.389999999999986	228.42379387663308	-8.389999999999986	685.2713816298992	220.03379387663307	8.389999999999986	685.2713816298992	-228.42379387663308	685.2713816298992	-685.2713816298992	8.39	228.42379387663306
343	389.3682566292223	129.78941887640744	-519.1576755056298	-389.3682566292223	8.389999999999986	519.1576755056298	8.389999999999986	129.78941887640744	-8.389999999999986	389.3682566292223	121.39941887640744	8.389999999999986	389.3682566292223	-129.78941887640744	389.3682566292223	-389.3682566292223	8.39	129.7894188764074
344	179.02070662989865	59.67356887663289	-238.69427550653174	-179.02070662989865	8.389999999999986	238.69427550653174	8.389999999999986	59.67356887663289	-8.389999999999986	179.02070662989865	51.28356887663289	8.389999999999986	179.02070662989865	-59.67356887663289	179.02070662989865	-179.02070662989865	8.39	59.67356887663289
345	748.6790250420611	249.55967501402034	-998.2387000560814	-748.6790250420611	8.389999999999986	998.2387000560814	8.389999999999986	249.55967501402034	-8.389999999999986	748.6790250420611	241.16967501402033	8.389999999999986	748.6790250420611	-249.55967501402034	748.6790250420611	-748.6790250420611	8.39	249.55967501402034
346	89.46759165933202	29.82253055311067	-119.2901222124428	-89.46759165933202	8.389999999999986	119.2901222124428	8.389999999999986	29.82253055311067	-8.389999999999986	89.46759165933202	21.43253055311067	8.389999999999986	89.46759165933202	-29.82253055311067	89.46759165933202	-89.46759165933202	8.39	29.82253055311068
347	218.65590506646916	72.88530168882306	-291.54120675529225	-218.6559050664692	8.389999999999986	291.54120675529225	8.389999999999986	72.88530168882306	-8.389999999999986	218.6559050664692	64.49530168882306	8.389999999999986	218.6559050664692	-72.88530168882306	218.6559050664692	-218.6559050664692	8.39	72.88530168882306
348	719.5484722553211	239.84949075177371	-959.3979630070949	-719.5484722553211	8.389999999999986	959.3979630070949	8.389999999999986	239.84949075177371	-8.389999999999986	719.5484722553211	231.45949075177373	8.389999999999986	719.5484722553211	-239.84949075177371	719.5484722553211	-719.5484722553211	8.39	239.84949075177371
349	194.78817975029415	64.92939325009806	-259.7175730003921	-194.78817975029418	8.389999999999986	259.7175730003921	8.389999999999986	64.92939325009806	-8.389999999999986	194.78817975029418	56.53939325009806	8.389999999999986	194.78817975029418	-64.92939325009806	194.78817975029418	-194.78817975029418	8.39	64.92939325009806
350	342.07085834058165	114.02361944686054	-456.09447778744214	-342.07085834058165	8.389999999999986	456.09447778744214	8.389999999999986	114.02361944686054	-8.389999999999986	342.07085834058165	105.63361944686054	8.389999999999986	342.07085834058165	-114.02361944686054	342.07085834058165	-342.07085834058165	8.39	114.02361944686055
351	226.56068245291294	75.52022748430431	-302.0809099372175	-226.56068245291294	8.389999999999986	302.0809099372175	8.389999999999986	75.52022748430431	-8.389999999999986	226.56068245291294	67.13022748430431	8.389999999999986	226.56068245291294	-75.52022748430431	226.56068245291294	-226.56068245291294	8.39	75.52022748430431
352	368.3221358945109	122.77404529817031	-491.09618119268134	-368.3221358945109	8.389999999999986	491.09618119268134	8.389999999999986	122.77404529817031	-8.389999999999986	368.3221358945109	114.3840452981703	8.389999999999986	368.3221358945109	-122.77404529817031	368.3221358945109	-368.3221358945109	8.39	122.77404529817028
353	598.3391230783353	199.44637435944512	-797.7854974377807	-598.3391230783353	8.389999999999986	797.7854974377807	8.389999999999986	199.44637435944512	-8.389999999999986	598.3391230783353	191.0563743594451	8.389999999999986	598.3391230783353	-199.44637435944512	598.3391230783353	-598.3391230783353	8.39	199.4463743594451
354	529.7954674824327	176.5984891608109	-706.3939566432437	-529.7954674824327	8.389999999999986	706.3939566432437	8.389999999999986	176.5984891608109	-8.389999999999986	529.7954674824327	168.20848916081093	8.389999999999986	529.7954674824327	-176.5984891608109	529.7954674824327	-529.7954674824327	8.39	176.5984891608109
355	455.50222428226436	151.8340747607548	-607.3362990430193	-455.50222428226436	8.389999999999986	607.3362990430193	8.389999999999986	151.8340747607548	-8.389999999999986	455.50222428226436	143.4440747607548	8.389999999999986	455.50222428226436	-151.8340747607548	455.50222428226436	-455.50222428226436	8.39	151.8340747607548
356	163.1741325376271	54.39137751254237	-217.56551005016956	-163.1741325376271	8.389999999999986	217.56551005016956	8.389999999999986	54.39137751254237	-8.389999999999986	163.1741325376271	46.00137751254237	8.389999999999986	163.1741325376271	-54.39137751254237	163.1741325376271	-163.1741325376271	8.39	54.39137751254237
357	450.2393968116994	150.07979893723314	-600.3191957489325	-450.2393968116994	8.389999999999986	600.3191957489325	8.389999999999986	150.07979893723314	-8.389999999999986	450.2393968116994	141.68979893723312	8.389999999999986	450.2393968116994	-150.07979893723314	450.2393968116994	-450.2393968116994	8.39	150.0797989372331
358	543.0317318619527	181.01057728731757	-724.0423091492703	-543.0317318619527	8.389999999999986	724.0423091492703	8.389999999999986	181.01057728731757	-8.389999999999986	543.0317318619527	172.62057728731756	8.389999999999986	543.0317318619527	-181.01057728731757	543.0317318619527	-543.0317318619527	8.39	181.01057728731755
359	695.7813006328552	231.92710021095172	-927.7084008438069	-695.7813006328552	8.389999999999986	927.7084008438069	8.389999999999986	231.92710021095172	-8.389999999999986	695.7813006328552	223.5371002109517	8.389999999999986	695.7813006328552	-231.92710021095172	695.7813006328552	-695.7813006328552	8.39	231.9271002109517
360	706.3280490708614	235.44268302362048	-941.7707320944819	-706.3280490708614	8.389999999999986	941.7707320944819	8.389999999999986	235.44268302362048	-8.389999999999986	706.3280490708614	227.05268302362046	8.389999999999986	706.3280490708614	-235.44268302362048	706.3280490708614	-706.3280490708614	8.39	235.44268302362045
361	139.39111972010085	46.46370657336695	-185.85482629346808	-139.39111972010085	8.389999999999986	185.85482629346808	8.389999999999986	46.46370657336695	-8.389999999999986	139.39111972010085	38.07370657336695	8.389999999999986	139.39111972010085	-46.46370657336695	139.39111972010085	-139.39111972010085	8.39	46.46370657336695
362	118.33972563226405	39.44657521075468	-157.7863008430187	-118.33972563226405	8.389999999999986	157.7863008430187	8.389999999999986	39.44657521075468	-8.389999999999986	118.33972563226405	31.05657521075468	8.389999999999986	118.33972563226405	-39.44657521075468	118.33972563226405	-118.33972563226405	8.39	39.44657521075468
363	94.7356924830226	31.578564161007534	-126.31425664403014	-94.7356924830226	8.389999999999986	126.31425664403014	8.389999999999986	31.578564161007534	-8.389999999999986	94.7356924830226	23.188564161007534	8.389999999999986	94.7356924830226	-31.578564161007534	94.7356924830226	-94.7356924830226	8.39	31.578564161007534
364	297.4259567584444	99.14198558614812	-396.5679423445925	-297.4259567584444	8.389999999999986	396.5679423445925	8.389999999999986	99.14198558614812	-8.389999999999986	297.4259567584444	90.75198558614815	8.389999999999986	297.4259567584444	-99.14198558614812	297.4259567584444	-297.4259567584444	8.39	99.14198558614811
365	381.46345810709454	127.15448603569818	-508.61794414279274	-381.46345810709454	8.389999999999986	508.61794414279274	8.389999999999986	127.15448603569818	-8.389999999999986	381.46345810709454	118.76448603569818	8.389999999999986	381.46345810709454	-127.15448603569818	381.46345810709454	-381.46345810709454	8.39	127.15448603569817
366	402.5992265199329	134.19974217331097	-536.7989686932439	-402.5992265199329	8.389999999999986	536.7989686932439	8.389999999999986	134.19974217331097	-8.389999999999986	402.5992265199329	125.809742173311	8.389999999999986	402.5992265199329	-134.19974217331097	402.5992265199329	-402.5992265199329	8.39	134.19974217331094
367	444.9554758442581	148.31849194808603	-593.2739677923441	-444.9554758442581	8.389999999999986	593.2739677923441	8.389999999999986	148.31849194808603	-8.389999999999986	444.9554758442581	139.92849194808605	8.389999999999986	444.9554758442581	-148.31849194808603	444.9554758442581	-444.9554758442581	8.39	148.31849194808603
368	661.5147356623742	220.50491188745806	-882.0196475498323	-661.5147356623742	8.389999999999986	882.0196475498323	8.389999999999986	220.50491188745806	-8.389999999999986	661.5147356623742	212.11491188745805	8.389999999999986	661.5147356623742	-220.50491188745806	661.5147356623742	-661.5147356623742	8.39	220.50491188745804
369	669.4248075376278	223.1416025125426	-892.5664100501704	-669.4248075376278	8.389999999999986	892.5664100501704	8.389999999999986	223.1416025125426	-8.389999999999986	669.4248075376278	214.7516025125426	8.389999999999986	669.4248075376278	-223.1416025125426	669.4248075376278	-669.4248075376278	8.39	223.1416025125426
370	110.46123089024535	36.82041029674845	-147.2816411869938	-110.46123089024535	8.389999999999986	147.2816411869938	8.389999999999986	36.82041029674845	-8.389999999999986	110.46123089024535	28.430410296748448	8.389999999999986	110.46123089024535	-36.82041029674845	110.46123089024535	-110.46123089024535	8.39	36.82041029674845
371	426.4246802992823	142.14156009976074	-568.5662403990432	-426.4246802992822	8.389999999999986	568.5662403990432	8.389999999999986	142.14156009976074	-8.389999999999986	426.4246802992822	133.75156009976075	8.389999999999986	426.4246802992822	-142.14156009976074	426.4246802992822	-426.4246802992822	8.39	142.14156009976074
372	508.61725810777136	169.5390860359238	-678.1563441436955	-508.61725810777136	8.389999999999986	678.1563441436955	8.389999999999986	169.5390860359238	-8.389999999999986	508.61725810777136	161.1490860359238	8.389999999999986	508.61725810777136	-169.5390860359238	508.61725810777136	-508.61725810777136	8.39	169.5390860359238
373	564.1464067779148	188.04880225930492	-752.1952090372199	-564.1464067779148	8.389999999999986	752.1952090372199	8.389999999999986	188.04880225930492	-8.389999999999986	564.1464067779148	179.65880225930493	8.389999999999986	564.1464067779148	-188.04880225930492	564.1464067779148	-564.1464067779148	8.39	188.04880225930492
374	624.5904006322646	208.19680021075487	-832.7872008430197	-624.5904006322646	8.389999999999986	832.7872008430197	8.389999999999986	208.19680021075487	-8.389999999999986	624.5904006322646	199.8068002107549	8.389999999999986	624.5904006322646	-208.19680021075487	624.5904006322646	-624.5904006322646	8.39	208.19680021075487
375	632.500472507518	210.83349083583934	-843.3339633433573	-632.500472507518	8.389999999999986	843.3339633433573	8.389999999999986	210.83349083583934	-8.389999999999986	632.500472507518	202.44349083583933	8.389999999999986	632.500472507518	-210.83349083583934	632.500472507518	-632.500472507518	8.39	210.8334908358393
376	498.02823813293946	166.00941271097983	-664.0376508439192	-498.02823813293946	8.389999999999986	664.0376508439192	8.389999999999986	166.00941271097983	-8.389999999999986	498.02823813293946	157.61941271097982	8.389999999999986	498.02823813293946	-166.00941271097983	498.02823813293946	-498.02823813293946	8.39	166.0094127109798
377	434.3664558694262	144.78881862314208	-579.1552744925682	-434.3664558694262	8.389999999999986	579.1552744925682	8.389999999999986	144.78881862314208	-8.389999999999986	434.3664558694262	136.39881862314206	8.389999999999986	434.3664558694262	-144.78881862314208	434.3664558694262	-434.3664558694262	8.39	144.78881862314205
378	386.7262855776597	128.9087618592199	-515.6350474368796	-386.7262855776597	8.389999999999986	515.6350474368796	8.389999999999986	128.9087618592199	-8.389999999999986	386.7262855776597	120.51876185921991	8.389999999999986	386.7262855776597	-128.9087618592199	386.7262855776597	-386.7262855776597	8.39	128.9087618592199
379	315.8406742835282	105.28022476117609	-421.1208990447042	-315.84067428352824	8.389999999999986	421.1208990447042	8.389999999999986	105.28022476117609	-8.389999999999986	315.84067428352824	96.89022476117609	8.389999999999986	315.84067428352824	-105.28022476117609	315.84067428352824	-315.84067428352824	8.39	105.28022476117609
380	331.5662126907512	110.52207089691704	-442.08828358766823	-331.5662126907511	8.389999999999986	442.08828358766823	8.389999999999986	110.52207089691704	-8.389999999999986	331.5662126907511	102.13207089691704	8.389999999999986	331.5662126907511	-110.52207089691704	331.5662126907511	-331.5662126907511	8.39	110.52207089691704
381	550.9312358952704	183.64374529842348	-734.5749811936939	-550.9312358952704	8.389999999999986	734.5749811936939	8.389999999999986	183.64374529842348	-8.389999999999986	550.9312358952704	175.25374529842347	8.389999999999986	550.9312358952704	-183.64374529842348	550.9312358952704	-550.9312358952704	8.39	183.64374529842348
382	566.7830833406676	188.92769444688923	-755.7107777875569	-566.7830833406676	8.389999999999986	755.7107777875569	8.389999999999986	188.92769444688923	-8.389999999999986	566.7830833406676	180.53769444688922	8.389999999999986	566.7830833406676	-188.92769444688923	566.7830833406676	-566.7830833406676	8.39	188.92769444688923
383	595.7024465155821	198.56748217186072	-794.2699286874429	-595.7024465155821	8.389999999999986	794.2699286874429	8.389999999999986	198.56748217186072	-8.389999999999986	595.7024465155821	190.1774821718607	8.389999999999986	595.7024465155821	-198.56748217186072	595.7024465155821	-595.7024465155821	8.39	198.56748217186072
384	84.18894404501634	28.062981348338795	-112.25192539335514	-84.18894404501638	8.389999999999986	112.25192539335514	8.389999999999986	28.062981348338795	-8.389999999999986	84.18894404501638	19.672981348338794	8.389999999999986	84.18894404501638	-28.062981348338795	84.18894404501638	-84.18894404501638	8.39	28.062981348338795
385	171.07363657094527	57.02454552364843	-228.0981820945937	-171.07363657094527	8.389999999999986	228.0981820945937	8.389999999999986	57.02454552364843	-8.389999999999986	171.07363657094527	48.63454552364843	8.389999999999986	171.07363657094527	-57.02454552364843	171.07363657094527	-171.07363657094527	8.39	57.02454552364843
386	189.5306256328547	63.176875210951565	-252.70750084380626	-189.5306256328547	8.389999999999986	252.70750084380626	8.389999999999986	63.176875210951565	-8.389999999999986	189.5306256328547	54.786875210951564	8.389999999999986	189.5306256328547	-63.176875210951565	189.5306256328547	-189.5306256328547	8.39	63.176875210951565
387	152.58511256279522	50.86170418759841	-203.44681675039365	-152.58511256279525	8.389999999999986	203.44681675039365	8.389999999999986	50.86170418759841	-8.389999999999986	152.58511256279525	42.47170418759842	8.389999999999986	152.58511256279525	-50.86170418759841	152.58511256279525	-152.58511256279525	8.39	50.861704187598406
388	263.3957066285485	87.79856887618283	-351.1942755047313	-263.39570662854845	8.389999999999986	351.1942755047313	8.389999999999986	87.79856887618283	-8.389999999999986	263.39570662854845	79.40856887618283	8.389999999999986	263.39570662854845	-87.79856887618283	263.39570662854845	-263.39570662854845	8.39	87.79856887618283
389	126.2497975075172	42.08326583583906	-168.33306334335646	-126.24979750751717	8.389999999999986	168.33306334335646	8.389999999999986	42.08326583583906	-8.389999999999986	126.24979750751717	33.69326583583906	8.389999999999986	126.24979750751717	-42.08326583583906	126.24979750751717	-126.24979750751717	8.39	42.08326583583906
390	136.75444315734785	45.58481438578259	-182.33925754313077	-136.7544431573478	8.389999999999986	182.33925754313077	8.389999999999986	45.58481438578259	-8.389999999999986	136.7544431573478	37.19481438578259	8.389999999999986	136.7544431573478	-45.58481438578259	136.7544431573478	-136.7544431573478	8.39	45.58481438578261
391	168.43696000819227	56.14565333606407	-224.58261334425652	-168.43696000819222	8.389999999999986	224.58261334425652	8.389999999999986	56.14565333606407	-8.389999999999986	168.43696000819222	47.75565333606407	8.389999999999986	168.43696000819222	-56.14565333606407	168.43696000819222	-168.43696000819222	8.39	56.14565333606407
392	344.7075349033348	114.90251163444495	-459.6100465377799	-344.7075349033348	8.389999999999986	459.6100465377799	8.389999999999986	114.90251163444495	-8.389999999999986	344.7075349033348	106.51251163444495	8.389999999999986	344.7075349033348	-114.90251163444495	344.7075349033348	-344.7075349033348	8.39	114.90251163444492
393	305.33602863369754	101.77867621123251	-407.1147048449302	-305.33602863369754	8.389999999999986	407.1147048449302	8.389999999999986	101.77867621123251	-8.389999999999986	305.33602863369754	93.38867621123251	8.389999999999986	305.33602863369754	-101.77867621123251	305.33602863369754	-305.33602863369754	8.39	101.77867621123252
394	229.19735901566605	76.3991196718887	-305.59647868755485	-229.19735901566605	8.389999999999986	305.59647868755485	8.389999999999986	76.3991196718887	-8.389999999999986	229.19735901566605	68.0091196718887	8.389999999999986	229.19735901566605	-76.3991196718887	229.19735901566605	-229.19735901566605	8.39	76.39911967188868
395	197.4301296661729	65.81004322205764	-263.24017288823063	-197.4301296661729	8.389999999999986	263.24017288823063	8.389999999999986	65.81004322205764	-8.389999999999986	197.4301296661729	57.42004322205764	8.389999999999986	197.4301296661729	-65.81004322205764	197.4301296661729	-197.4301296661729	8.39	65.81004322205762
396	392.0102065451008	130.67006884836695	-522.6802753934678	-392.0102065451008	8.389999999999986	522.6802753934678	8.389999999999986	130.67006884836695	-8.389999999999986	392.0102065451008	122.28006884836694	8.389999999999986	392.0102065451008	-130.67006884836695	392.0102065451008	-392.0102065451008	8.39	130.6700688483669
397	378.82678154434143	126.27559384811381	-505.1023753924553	-378.82678154434143	8.389999999999986	505.1023753924553	8.389999999999986	126.27559384811381	-8.389999999999986	378.82678154434143	117.88559384811381	8.389999999999986	378.82678154434143	-126.27559384811381	378.82678154434143	-378.82678154434143	8.39	126.2755938481138
398	147.3011915953541	49.10039719845136	-196.4015887938058	-147.30119159535408	8.389999999999986	196.4015887938058	8.389999999999986	49.10039719845136	-8.389999999999986	147.30119159535408	40.71039719845136	8.389999999999986	147.30119159535408	-49.10039719845136	147.30119159535408	-147.30119159535408	8.39	49.10039719845136
399	86.82562060776945	28.94187353592315	-115.76749414369277	-86.82562060776945	8.389999999999986	115.76749414369277	8.389999999999986	28.94187353592315	-8.389999999999986	86.82562060776945	20.55187353592315	8.389999999999986	86.82562060776945	-28.94187353592315	86.82562060776945	-86.82562060776945	8.39	28.94187353592315
400	221.29785498234776	73.76595166078258	-295.0638066431303	-221.29785498234776	8.389999999999986	295.0638066431303	8.389999999999986	73.76595166078258	-8.389999999999986	221.29785498234776	65.37595166078258	8.389999999999986	221.29785498234776	-73.76595166078258	221.29785498234776	-221.29785498234776	8.39	73.7659516607826
401	234.48127998310719	78.16042666103573	-312.6417066441429	-234.48127998310719	8.389999999999986	312.6417066441429	8.389999999999986	78.16042666103573	-8.389999999999986	234.48127998310719	69.77042666103573	8.389999999999986	234.48127998310719	-78.16042666103573	234.48127998310719	-234.48127998310719	8.39	78.16042666103573
402	294.7892801956912	98.26309339856373	-393.0523735942549	-294.7892801956912	8.389999999999986	393.0523735942549	8.389999999999986	98.26309339856373	-8.389999999999986	294.7892801956912	89.87309339856373	8.389999999999986	294.7892801956912	-98.26309339856373	294.7892801956912	-294.7892801956912	8.39	98.26309339856377
403	410.509298395186	136.83643279839532	-547.3457311935813	-410.509298395186	8.389999999999986	547.3457311935813	8.389999999999986	136.83643279839532	-8.389999999999986	410.509298395186	128.44643279839534	8.389999999999986	410.509298395186	-136.83643279839532	410.509298395186	-410.509298395186	8.39	136.83643279839538
404	574.6931552159209	191.56438507197365	-766.2575402878946	-574.6931552159209	8.389999999999986	766.2575402878946	8.389999999999986	191.56438507197365	-8.389999999999986	574.6931552159209	183.17438507197363	8.389999999999986	574.6931552159209	-191.56438507197365	574.6931552159209	-574.6931552159209	8.39	191.56438507197362
405	590.4396190450169	196.81320634833898	-787.2528253933559	-590.4396190450169	8.389999999999986	787.2528253933559	8.389999999999986	196.81320634833898	-8.389999999999986	590.4396190450169	188.42320634833897	8.389999999999986	590.4396190450169	-196.81320634833898	590.4396190450169	-590.4396190450169	8.39	196.81320634833895
406	635.1371490702708	211.7123830234236	-846.8495320936944	-635.1371490702708	8.389999999999986	846.8495320936944	8.389999999999986	211.7123830234236	-8.389999999999986	635.1371490702708	203.32238302342358	8.389999999999986	635.1371490702708	-211.7123830234236	635.1371490702708	-635.1371490702708	8.39	211.71238302342357
407	679.9927340155836	226.66424467186118	-906.6569786874447	-679.9927340155836	8.389999999999986	906.6569786874447	8.389999999999986	226.66424467186118	-8.389999999999986	679.9927340155836	218.2742446718612	8.389999999999986	679.9927340155836	-226.66424467186118	679.9927340155836	-679.9927340155836	8.39	226.66424467186118
408	682.6294105783367	227.54313685944555	-910.1725474377822	-682.6294105783367	8.389999999999986	910.1725474377822	8.389999999999986	227.54313685944555	-8.389999999999986	682.6294105783367	219.15313685944557	8.389999999999986	682.6294105783367	-227.54313685944555	682.6294105783367	-682.6294105783367	8.39	227.54313685944555
409	698.4179771956082	232.80599239853606	-931.2239695941443	-698.4179771956082	8.389999999999986	931.2239695941443	8.389999999999986	232.80599239853606	-8.389999999999986	698.4179771956082	224.41599239853605	8.389999999999986	698.4179771956082	-232.80599239853606	698.4179771956082	-698.4179771956082	8.39	232.80599239853603
410	711.6119700383025	237.2039900127675	-948.81596005107	-711.6119700383025	8.389999999999986	948.81596005107	8.389999999999986	237.2039900127675	-8.389999999999986	711.6119700383025	228.81399001276753	8.389999999999986	711.6119700383025	-237.2039900127675	711.6119700383025	-711.6119700383025	8.39	237.20399001276746
411	727.4638174836996	242.4879391612332	-969.9517566449327	-727.4638174836996	8.389999999999986	969.9517566449327	8.389999999999986	242.4879391612332	-8.389999999999986	727.4638174836996	234.09793916123323	8.389999999999986	727.4638174836996	-242.4879391612332	727.4638174836996	-727.4638174836996	8.39	242.48793916123316
412	743.3791993877957	247.79306646259855	-991.1722658503942	-743.3791993877957	8.389999999999986	991.1722658503942	8.389999999999986	247.79306646259855	-8.389999999999986	743.3791993877957	239.4030664625986	8.389999999999986	743.3791993877957	-247.79306646259855	743.3791993877957	-743.3791993877957	8.39	247.79306646259852
413	516.5273299830245	172.17577666100817	-688.7031066440328	-516.5273299830245	8.389999999999986	688.7031066440328	8.389999999999986	172.17577666100817	-8.389999999999986	516.5273299830245	163.78577666100819	8.389999999999986	516.5273299830245	-172.17577666100817	516.5273299830245	-516.5273299830245	8.39	172.17577666100817
414	653.5941381321804	217.86471271072682	-871.4588508429072	-653.5941381321804	8.389999999999986	871.4588508429072	8.389999999999986	217.86471271072682	-8.389999999999986	653.5941381321804	209.4747127107268	8.389999999999986	653.5941381321804	-217.86471271072682	653.5941381321804	-653.5941381321804	8.39	217.8647127107268
415	621.9537240695117	207.3179080231706	-829.2716320926822	-621.9537240695117	8.389999999999986	829.2716320926822	8.389999999999986	207.3179080231706	-8.389999999999986	621.9537240695117	198.92790802317057	8.389999999999986	621.9537240695117	-207.3179080231706	621.9537240695117	-621.9537240695117	8.39	207.31790802317056
416	548.2945593325178	182.76485311083925	-731.0594124433569	-548.2945593325178	8.389999999999986	731.0594124433569	8.389999999999986	182.76485311083925	-8.389999999999986	548.2945593325178	174.37485311083924	8.389999999999986	548.2945593325178	-182.76485311083925	548.2945593325178	-548.2945593325178	8.39	182.76485311083934
417	656.2308146949331	218.74360489831105	-874.9744195932442	-656.2308146949331	8.389999999999986	874.9744195932442	8.389999999999986	218.74360489831105	-8.389999999999986	656.2308146949331	210.35360489831103	8.389999999999986	656.2308146949331	-218.74360489831105	656.2308146949331	-656.2308146949331	8.39	218.74360489831105
418	561.5149825169773	187.17166083899244	-748.6866433559697	-561.5149825169773	8.389999999999986	748.6866433559697	8.389999999999986	187.17166083899244	-8.389999999999986	561.5149825169773	178.78166083899242	8.389999999999986	561.5149825169773	-187.17166083899244	561.5149825169773	-561.5149825169773	8.39	187.1716608389924
419	629.8690482465803	209.9563494155268	-839.8253976621071	-629.8690482465803	8.389999999999986	839.8253976621071	8.389999999999986	209.9563494155268	-8.389999999999986	629.8690482465803	201.5663494155268	8.389999999999986	629.8690482465803	-209.9563494155268	629.8690482465803	-629.8690482465803	8.39	209.9563494155267
420	703.6913725081083	234.5637908360361	-938.2551633441445	-703.6913725081083	8.389999999999986	938.2551633441445	8.389999999999986	234.5637908360361	-8.389999999999986	703.6913725081083	226.17379083603612	8.389999999999986	703.6913725081083	-234.5637908360361	703.6913725081083	-703.6913725081083	8.39	234.5637908360361
421	693.144624070102	231.04820802336735	-924.1928320934695	-693.144624070102	8.389999999999986	924.1928320934695	8.389999999999986	231.04820802336735	-8.389999999999986	693.144624070102	222.65820802336737	8.389999999999986	693.144624070102	-231.04820802336735	693.144624070102	-693.144624070102	8.39	231.04820802336735
422	587.802942482264	195.93431416075467	-783.7372566430187	-587.802942482264	8.389999999999986	783.7372566430187	8.389999999999986	195.93431416075467	-8.389999999999986	587.802942482264	187.54431416075465	8.389999999999986	587.802942482264	-195.93431416075467	587.802942482264	-587.802942482264	8.39	195.93431416075475
423	407.87262183243286	135.95754061081095	-543.8301624432439	-407.87262183243286	8.389999999999986	543.8301624432439	8.389999999999986	135.95754061081095	-8.389999999999986	407.87262183243286	127.56754061081095	8.389999999999986	407.87262183243286	-135.95754061081095	407.87262183243286	-407.87262183243286	8.39	135.95754061081095
424	334.1923635985629	111.3974545328543	-445.5898181314174	-334.1923635985629	8.389999999999986	445.5898181314174	8.389999999999986	111.3974545328543	-8.389999999999986	334.1923635985629	103.0074545328543	8.389999999999986	334.1923635985629	-111.3974545328543	334.1923635985629	-334.1923635985629	8.39	111.39745453285434
425	186.8939490701016	62.29798302336721	-249.1919320934688	-186.8939490701016	8.389999999999986	249.1919320934688	8.389999999999986	62.29798302336721	-8.389999999999986	186.8939490701016	53.90798302336721	8.389999999999986	186.8939490701016	-62.29798302336721	186.8939490701016	-186.8939490701016	8.39	62.297983023367195
426	645.7156433901616	215.23854779672058	-860.9541911868821	-645.7156433901616	8.389999999999986	860.9541911868821	8.389999999999986	215.23854779672058	-8.389999999999986	645.7156433901616	206.84854779672057	8.389999999999986	645.7156433901616	-215.23854779672058	645.7156433901616	-645.7156433901616	8.39	215.23854779672047
427	513.8906534202715	171.29688447342386	-685.1875378936954	-513.8906534202715	8.389999999999986	685.1875378936954	8.389999999999986	171.29688447342386	-8.389999999999986	513.8906534202715	162.90688447342384	8.389999999999986	513.8906534202715	-171.29688447342386	513.8906534202715	-513.8906534202715	8.39	171.29688447342383
428	585.176791574452	195.0589305248173	-780.2357220992692	-585.176791574452	8.389999999999986	780.2357220992692	8.389999999999986	195.0589305248173	-8.389999999999986	585.176791574452	186.66893052481728	8.389999999999986	585.176791574452	-195.0589305248173	585.176791574452	-585.176791574452	8.39	195.05893052481727
429	360.44364115249243	120.14788038416414	-480.59152153665667	-360.44364115249243	8.389999999999986	480.59152153665667	8.389999999999986	120.14788038416414	-8.389999999999986	360.44364115249243	111.75788038416414	8.389999999999986	360.44364115249243	-120.14788038416414	360.44364115249243	-360.44364115249243	8.39	120.14788038416415
430	323.69297025054794	107.89765675018265	-431.59062700073054	-323.69297025054794	8.389999999999986	431.59062700073054	8.389999999999986	107.89765675018265	-8.389999999999986	323.69297025054794	99.50765675018265	8.389999999999986	323.69297025054794	-107.89765675018265	323.69297025054794	-323.69297025054794	8.39	107.89765675018265
431	307.96743184332513	102.65581061444172	-410.623242457767	-307.96743184332513	8.389999999999986	410.623242457767	8.389999999999986	102.65581061444172	-8.389999999999986	307.96743184332513	94.26581061444172	8.389999999999986	307.96743184332513	-102.65581061444172	307.96743184332513	-307.96743184332513	8.39	102.65581061444169
432	384.09486131672224	128.03162043890742	-512.1264817556298	-384.09486131672224	8.389999999999986	512.1264817556298	8.389999999999986	128.03162043890742	-8.389999999999986	384.09486131672224	119.64162043890742	8.389999999999986	384.09486131672224	-128.03162043890742	384.09486131672224	-384.09486131672224	8.39	128.0316204389074
433	577.3245584255485	192.44151947518284	-769.7660779007315	-577.3245584255485	8.389999999999986	769.7660779007315	8.389999999999986	192.44151947518284	-8.389999999999986	577.3245584255485	184.05151947518283	8.389999999999986	577.3245584255485	-192.44151947518284	577.3245584255485	-577.3245584255485	8.39	192.44151947518282
434	664.146138872002	221.38204629066732	-885.5281851626696	-664.146138872002	8.389999999999986	885.5281851626696	8.389999999999986	221.38204629066732	-8.389999999999986	664.146138872002	212.9920462906673	8.389999999999986	664.146138872002	-221.38204629066732	664.146138872002	-664.146138872002	8.39	221.38204629066735
435	677.3613097546461	225.7871032515487	-903.1484130061948	-677.3613097546461	8.389999999999986	903.1484130061948	8.389999999999986	225.7871032515487	-8.389999999999986	677.3613097546461	217.39710325154869	8.389999999999986	677.3613097546461	-225.7871032515487	677.3613097546461	-677.3613097546461	8.39	225.78710325154867
436	614.0804816293087	204.69349387643624	-818.7739755057449	-614.0804816293087	8.389999999999986	818.7739755057449	8.389999999999986	204.69349387643624	-8.389999999999986	614.0804816293087	196.30349387643622	8.389999999999986	614.0804816293087	-204.69349387643624	614.0804816293087	-614.0804816293087	8.39	204.6934938764362
437	313.2092500225906	104.40308334086353	-417.61233336345424	-313.2092500225906	8.389999999999986	417.61233336345424	8.389999999999986	104.40308334086353	-8.389999999999986	313.2092500225906	96.01308334086353	8.389999999999986	313.2092500225906	-104.40308334086353	313.2092500225906	-313.2092500225906	8.39	104.40308334086355
438	258.1434048129246	86.04780160430819	-344.19120641723293	-258.1434048129246	8.389999999999986	344.19120641723293	8.389999999999986	86.04780160430819	-8.389999999999986	258.1434048129246	77.65780160430819	8.389999999999986	258.1434048129246	-86.04780160430819	258.1434048129246	-258.1434048129246	8.39	86.04780160430823
439	273.86894322014723	91.28964774004906	-365.1585909601963	-273.8689432201472	8.389999999999986	365.1585909601963	8.389999999999986	91.28964774004906	-8.389999999999986	273.8689432201472	82.89964774004906	8.389999999999986	273.8689432201472	-91.28964774004906	273.8689432201472	-273.8689432201472	8.39	91.28964774004905
440	223.92925819197535	74.64308606399177	-298.5723442559672	-223.92925819197532	8.389999999999986	298.5723442559672	8.389999999999986	74.64308606399177	-8.389999999999986	223.92925819197532	66.25308606399177	8.389999999999986	223.92925819197532	-74.64308606399177	223.92925819197532	-223.92925819197532	8.39	74.64308606399177
441	357.8227425464961	119.2742475154987	-477.0969900619948	-357.8227425464961	8.389999999999986	477.0969900619948	8.389999999999986	119.2742475154987	-8.389999999999986	357.8227425464961	110.8842475154987	8.389999999999986	357.8227425464961	-119.2742475154987	357.8227425464961	-357.8227425464961	8.39	119.2742475154987
442	593.0710222546446	197.6903407515482	-790.7613630061928	-593.0710222546446	8.389999999999986	790.7613630061928	8.389999999999986	197.6903407515482	-8.389999999999986	593.0710222546446	189.3003407515482	8.389999999999986	593.0710222546446	-197.6903407515482	593.0710222546446	-593.0710222546446	8.39	197.69034075154818
443	115.70830137132646	38.569433790442154	-154.27773516176887	-115.70830137132646	8.389999999999986	154.27773516176887	8.389999999999986	38.569433790442154	-8.389999999999986	115.70830137132646	30.179433790442154	8.389999999999986	115.70830137132646	-38.569433790442154	115.70830137132646	-115.70830137132646	8.39	38.56943379044215
444	134.12301889641026	44.70767296547009	-178.83069186188047	-134.12301889641026	8.389999999999986	178.83069186188047	8.389999999999986	44.70767296547009	-8.389999999999986	134.12301889641026	36.31767296547009	8.389999999999986	134.12301889641026	-44.70767296547009	134.12301889641026	-134.12301889641026	8.39	44.70767296547008
445	81.55751978407886	27.185839928026287	-108.74335971210515	-81.55751978407886	8.389999999999986	108.74335971210515	8.389999999999986	27.185839928026287	-8.389999999999986	81.55751978407886	18.795839928026286	8.389999999999986	81.55751978407886	-27.185839928026287	81.55751978407886	-81.55751978407886	8.39	27.18583992802629
446	328.9347884298136	109.64492947660453	-438.5797179064181	-328.9347884298136	8.389999999999986	438.5797179064181	8.389999999999986	109.64492947660453	-8.389999999999986	328.9347884298136	101.25492947660453	8.389999999999986	328.9347884298136	-109.64492947660453	328.9347884298136	-328.9347884298136	8.39	109.64492947660452
447	687.9080581926522	229.3026860642174	-917.2107442568696	-687.9080581926522	8.389999999999986	917.2107442568696	8.389999999999986	229.3026860642174	-8.389999999999986	687.9080581926522	220.91268606421744	8.389999999999986	687.9080581926522	-229.3026860642174	687.9080581926522	-687.9080581926522	8.39	229.30268606421737
448	365.6854593317578	121.89515311058592	-487.5806124423438	-365.6854593317578	8.389999999999986	487.5806124423438	8.389999999999986	121.89515311058592	-8.389999999999986	365.6854593317578	113.50515311058592	8.389999999999986	365.6854593317578	-121.89515311058592	365.6854593317578	-365.6854593317578	8.39	121.89515311058594
449	339.43418177782837	113.14472725927612	-452.57890903710467	-339.43418177782837	8.389999999999986	452.57890903710467	8.389999999999986	113.14472725927612	-8.389999999999986	339.43418177782837	104.75472725927612	8.389999999999986	339.43418177782837	-113.14472725927612	339.43418177782837	-339.43418177782837	8.39	113.14472725927614
450	192.15677654066656	64.05225884688886	-256.2090353875555	-192.15677654066656	8.389999999999986	256.2090353875555	8.389999999999986	64.05225884688886	-8.389999999999986	192.15677654066656	55.66225884688886	8.389999999999986	192.15677654066656	-64.05225884688886	192.15677654066656	-192.15677654066656	8.39	64.05225884688885
451	92.0990159202695	30.699671973423165	-122.79868789369283	-92.0990159202695	8.389999999999986	122.79868789369283	8.389999999999986	30.699671973423165	-8.389999999999986	92.0990159202695	22.309671973423164	8.389999999999986	92.0990159202695	-30.699671973423165	92.0990159202695	-92.0990159202695	8.39	30.699671973423165
452	452.87080002132694	150.95693334044233	-603.8277333617692	-452.87080002132694	8.389999999999986	603.8277333617692	8.389999999999986	150.95693334044233	-8.389999999999986	452.87080002132694	142.56693334044232	8.389999999999986	452.87080002132694	-150.95693334044233	452.87080002132694	-452.87080002132694	8.39	150.95693334044228
453	376.19535728340395	125.39845242780132	-501.5938097112054	-376.19535728340395	8.389999999999986	501.5938097112054	8.389999999999986	125.39845242780132	-8.389999999999986	376.19535728340395	117.00845242780132	8.389999999999986	376.19535728340395	-125.39845242780132	376.19535728340395	-376.19535728340395	8.39	125.39845242780132
454	545.6631350715802	181.88771169052674	-727.5508467621071	-545.6631350715802	8.389999999999986	727.5508467621071	8.389999999999986	181.88771169052674	-8.389999999999986	545.6631350715802	173.49771169052673	8.389999999999986	545.6631350715802	-181.88771169052674	545.6631350715802	-545.6631350715802	8.39	181.88771169052671
455	572.0617309549834	190.68724365166116	-762.7489746066449	-572.0617309549834	8.389999999999986	762.7489746066449	8.389999999999986	190.68724365166116	-8.389999999999986	572.0617309549834	182.29724365166118	8.389999999999986	572.0617309549834	-190.68724365166116	572.0617309549834	-572.0617309549834	8.39	190.6872436516611
456	650.9627138712428	216.98757129041428	-867.9502851616571	-650.9627138712428	8.389999999999986	867.9502851616571	8.389999999999986	216.98757129041428	-8.389999999999986	650.9627138712428	208.5975712904143	8.389999999999986	650.9627138712428	-216.98757129041428	650.9627138712428	-650.9627138712428	8.39	216.98757129041428
457	619.3222998085741	206.44076660285805	-825.7630664114322	-619.3222998085741	8.389999999999986	825.7630664114322	8.389999999999986	206.44076660285805	-8.389999999999986	619.3222998085741	198.05076660285806	8.389999999999986	619.3222998085741	-206.44076660285805	619.3222998085741	-619.3222998085741	8.39	206.44076660285805
458	608.8386634500432	202.9462211500144	-811.7848846000576	-608.8386634500432	8.389999999999986	811.7848846000576	8.389999999999986	202.9462211500144	-8.389999999999986	608.8386634500432	194.55622115001438	8.389999999999986	608.8386634500432	-202.9462211500144	608.8386634500432	-608.8386634500432	8.39	202.94622115001448
459	302.70460437275995	100.90153479091998	-403.6061391636802	-302.70460437275995	8.389999999999986	403.6061391636802	8.389999999999986	100.90153479091998	-8.389999999999986	302.70460437275995	92.51153479091998	8.389999999999986	302.70460437275995	-100.90153479091998	302.70460437275995	-302.70460437275995	8.39	100.90153479092
460	292.1578559347537	97.38595197825123	-389.54380791300514	-292.1578559347537	8.389999999999986	389.54380791300514	8.389999999999986	97.38595197825123	-8.389999999999986	292.1578559347537	88.99595197825123	8.389999999999986	292.1578559347537	-97.38595197825123	292.1578559347537	-292.1578559347537	8.39	97.38595197825124
461	286.9160377554882	95.6386792518294	-382.55471700731783	-286.9160377554882	8.389999999999986	382.55471700731783	8.389999999999986	95.6386792518294	-8.389999999999986	286.9160377554882	87.2486792518294	8.389999999999986	286.9160377554882	-95.6386792518294	286.9160377554882	-286.9160377554882	8.39	95.63867925182944
462	250.2859193622054	83.4286397874018	-333.7145591496074	-250.2859193622054	8.389999999999986	333.7145591496074	8.389999999999986	83.4286397874018	-8.389999999999986	250.2859193622054	75.0386397874018	8.389999999999986	250.2859193622054	-83.4286397874018	250.2859193622054	-250.2859193622054	8.39	83.42863978740179
463	165.80553574725468	55.26851191575157	-221.0740476630065	-165.80553574725468	8.389999999999986	221.0740476630065	8.389999999999986	55.26851191575157	-8.389999999999986	165.80553574725468	46.87851191575157	8.389999999999986	165.80553574725468	-55.26851191575157	165.80553574725468	-165.80553574725468	8.39	55.26851191575157
464	128.88120071714468	42.96040023904823	-171.84160095619308	-128.88120071714468	8.389999999999986	171.84160095619308	8.389999999999986	42.96040023904823	-8.389999999999986	128.88120071714468	34.570400239048226	8.389999999999986	128.88120071714468	-42.96040023904823	128.88120071714468	-128.88120071714468	8.39	42.96040023904823
465	123.61837324657972	41.206124415526574	-164.82449766210644	-123.61837324657972	8.389999999999986	164.82449766210644	8.389999999999986	41.206124415526574	-8.389999999999986	123.61837324657972	32.81612441552657	8.389999999999986	123.61837324657972	-41.206124415526574	123.61837324657972	-123.61837324657972	8.39	41.206124415526574
466	107.82980662930777	35.943268876435944	-143.7730755057437	-107.82980662930783	8.389999999999986	143.7730755057437	8.389999999999986	35.943268876435944	-8.389999999999986	107.82980662930783	27.553268876435943	8.389999999999986	107.82980662930783	-35.943268876435944	107.82980662930783	-107.82980662930783	8.39	35.943268876435944
467	181.65738319265165	60.55246106421724	-242.2098442568689	-181.6573831926517	8.389999999999986	242.2098442568689	8.389999999999986	60.55246106421724	-8.389999999999986	181.6573831926517	52.16246106421724	8.389999999999986	181.6573831926517	-60.55246106421724	181.6573831926517	-181.6573831926517	8.39	60.55246106421723
468	260.76955572073643	86.9231852402455	-347.69274096098195	-260.7695557207365	8.389999999999986	347.69274096098195	8.389999999999986	86.9231852402455	-8.389999999999986	260.7695557207365	78.5331852402455	8.389999999999986	260.7695557207365	-86.9231852402455	260.7695557207365	-260.7695557207365	8.39	86.9231852402455
469	370.9535391041385	123.65117970137949	-494.60471880551796	-370.9535391041385	8.389999999999986	494.60471880551796	8.389999999999986	123.65117970137949	-8.389999999999986	370.9535391041385	115.26117970137949	8.389999999999986	370.9535391041385	-123.65117970137949	370.9535391041385	-370.9535391041385	8.39	123.65117970137949
470	724.8323932227621	241.6107977409207	-966.4431909636828	-724.8323932227621	8.389999999999986	966.4431909636828	8.389999999999986	241.6107977409207	-8.389999999999986	724.8323932227621	233.2207977409207	8.389999999999986	724.8323932227621	-241.6107977409207	724.8323932227621	-724.8323932227621	8.39	241.6107977409207
471	76.31570160481328	25.438567201604428	-101.75426880641797	-76.31570160481328	8.389999999999986	101.75426880641797	8.389999999999986	25.438567201604428	-8.389999999999986	76.31570160481328	17.048567201604428	8.389999999999986	76.31570160481328	-25.438567201604428	76.31570160481328	-76.31570160481328	8.39	25.438567201604428
472	144.66976733441652	48.223255778138856	-192.8930231125555	-144.66976733441658	8.389999999999986	192.8930231125555	8.389999999999986	48.223255778138856	-8.389999999999986	144.66976733441658	39.833255778138856	8.389999999999986	144.66976733441658	-48.223255778138856	144.66976733441658	-144.66976733441658	8.39	48.22325577813886
473	102.58798845004242	34.19599615001414	-136.7839846000567	-102.58798845004242	8.389999999999986	136.7839846000567	8.389999999999986	34.19599615001414	-8.389999999999986	102.58798845004242	25.80599615001414	8.389999999999986	102.58798845004242	-34.19599615001414	102.58798845004242	-102.58798845004242	8.39	34.19599615001414
474	281.6898926962807	93.89663089876024	-375.5865235950411	-281.6898926962807	8.389999999999986	375.5865235950411	8.389999999999986	93.89663089876024	-8.389999999999986	281.6898926962807	85.50663089876024	8.389999999999986	281.6898926962807	-93.89663089876024	281.6898926962807	-281.6898926962807	8.39	93.89663089876025
475	648.3417942979738	216.11393143265792	-864.4557257306319	-648.3417942979738	8.389999999999986	864.4557257306319	8.389999999999986	216.11393143265792	-8.389999999999986	648.3417942979738	207.72393143265793	8.389999999999986	648.3417942979738	-216.11393143265792	648.3417942979738	-648.3417942979738	8.39	216.11393143265798
476	252.90681796820184	84.3022726560673	-337.20909062426915	-252.9068179682019	8.389999999999986	337.20909062426915	8.389999999999986	84.3022726560673	-8.389999999999986	252.9068179682019	75.9122726560673	8.389999999999986	252.9068179682019	-84.3022726560673	252.9068179682019	-252.9068179682019	8.39	84.30227265606729
477	326.3138688565442	108.77128961884807	-435.0851584753925	-326.3138688565442	8.389999999999986	435.0851584753925	8.389999999999986	108.77128961884807	-8.389999999999986	326.3138688565442	100.38128961884807	8.389999999999986	326.3138688565442	-108.77128961884807	326.3138688565442	-326.3138688565442	8.39	108.77128961884807
478	355.2018229732269	118.4006076577423	-473.60243063096914	-355.2018229732269	8.389999999999986	473.60243063096914	8.389999999999986	118.4006076577423	-8.389999999999986	355.2018229732269	110.0106076577423	8.389999999999986	355.2018229732269	-118.4006076577423	355.2018229732269	-355.2018229732269	8.39	118.40060765774228
479	603.6072870562925	201.20242901876418	-804.8097160750567	-603.6072870562925	8.389999999999986	804.8097160750567	8.389999999999986	201.20242901876418	-8.389999999999986	603.6072870562925	192.8124290187642	8.389999999999986	603.6072870562925	-201.20242901876418	603.6072870562925	-603.6072870562925	8.39	201.20242901876418
480	255.5172539051124	85.17241796837081	-340.6896718734834	-255.5172539051124	8.389999999999986	340.6896718734834	8.389999999999986	85.17241796837081	-8.389999999999986	255.5172539051124	76.78241796837081	8.389999999999986	255.5172539051124	-85.17241796837081	255.5172539051124	-255.5172539051124	8.39	85.1724179683708
481	579.9402256970018	193.31340856566726	-773.253634262669	-579.9402256970018	8.389999999999986	773.253634262669	8.389999999999986	193.31340856566726	-8.389999999999986	579.9402256970018	184.92340856566724	8.389999999999986	579.9402256970018	-193.31340856566726	579.9402256970018	-579.9402256970018	8.39	193.31340856566726
482	336.81328317183215	112.27109439061071	-449.0843775624428	-336.81328317183215	8.389999999999986	449.0843775624428	8.389999999999986	112.27109439061071	-8.389999999999986	336.81328317183215	103.88109439061074	8.389999999999986	336.81328317183215	-112.27109439061071	336.81328317183215	-336.81328317183215	8.39	112.27109439061073
483	271.248023646878	90.41600788229266	-361.66403152917087	-271.248023646878	8.389999999999986	361.66403152917087	8.389999999999986	90.41600788229266	-8.389999999999986	271.248023646878	82.02600788229266	8.389999999999986	271.248023646878	-90.41600788229266	271.248023646878	-271.248023646878	8.39	90.41600788229266
484	113.08738179805732	37.695793932685774	-150.7831757307432	-113.08738179805732	8.389999999999986	150.7831757307432	8.389999999999986	37.695793932685774	-8.389999999999986	113.08738179805732	29.305793932685773	8.389999999999986	113.08738179805732	-37.695793932685774	113.08738179805732	-113.08738179805732	8.39	37.695793932685774
485	97.36184339083468	32.45394779694489	-129.8157911877796	-97.36184339083466	8.389999999999986	129.8157911877796	8.389999999999986	32.45394779694489	-8.389999999999986	97.36184339083466	24.063947796944888	8.389999999999986	97.36184339083466	-32.45394779694489	97.36184339083466	-97.36184339083466	8.39	32.45394779694489
486	310.5883304493216	103.52944348310717	-414.11777393242875	-310.5883304493215	8.389999999999986	414.11777393242875	8.389999999999986	103.52944348310717	-8.389999999999986	310.5883304493215	95.13944348310717	8.389999999999986	310.5883304493215	-103.52944348310717	310.5883304493215	-310.5883304493215	8.39	103.52944348310717
487	78.93660021080971	26.312200070269906	-105.24880028107962	-78.93660021080971	8.389999999999986	105.24880028107962	8.389999999999986	26.312200070269906	-8.389999999999986	78.93660021080971	17.922200070269902	8.389999999999986	78.93660021080971	-26.312200070269906	78.93660021080971	-78.93660021080971	8.39	26.312200070269903
488	131.5020993231411	43.83403310771371	-175.33613243085483	-131.50209932314112	8.389999999999986	175.33613243085483	8.389999999999986	43.83403310771371	-8.389999999999986	131.50209932314112	35.44403310771371	8.389999999999986	131.50209932314112	-43.83403310771371	131.50209932314112	-131.50209932314112	8.39	43.83403310771371
489	184.27828179864807	61.4260939328827	-245.7043757315308	-184.2782817986481	8.389999999999986	245.7043757315308	8.389999999999986	61.4260939328827	-8.389999999999986	184.2782817986481	53.03609393288269	8.389999999999986	184.2782817986481	-61.4260939328827	184.2782817986481	-184.2782817986481	8.39	61.42609393288271
490	289.53693636148466	96.51231212049488	-386.04924848197953	-289.53693636148466	8.389999999999986	386.04924848197953	8.389999999999986	96.51231212049488	-8.389999999999986	289.53693636148466	88.12231212049491	8.389999999999986	289.53693636148466	-96.51231212049488	289.53693636148466	-289.53693636148466	8.39	96.51231212049487
491	373.5744377101348	124.52481257004494	-498.0992502801798	-373.5744377101348	8.389999999999986	498.0992502801798	8.389999999999986	124.52481257004494	-8.389999999999986	373.5744377101348	116.13481257004494	8.389999999999986	373.5744377101348	-124.52481257004494	373.5744377101348	-373.5744377101348	8.39	124.52481257004493
492	611.4595620560397	203.81985401867988	-815.2794160747195	-611.4595620560397	8.389999999999986	815.2794160747195	8.389999999999986	203.81985401867988	-8.389999999999986	611.4595620560397	195.42985401867992	8.389999999999986	611.4595620560397	-203.81985401867988	611.4595620560397	-611.4595620560397	8.39	203.81985401867985
493	616.7013802353051	205.56712674510172	-822.2685069804069	-616.7013802353051	8.389999999999986	822.2685069804069	8.389999999999986	205.56712674510172	-8.389999999999986	616.7013802353051	197.1771267451017	8.389999999999986	616.7013802353051	-205.56712674510172	616.7013802353051	-616.7013802353051	8.39	205.5671267451017
494	582.5611243029985	194.1870414343328	-776.7481657373314	-582.5611243029985	8.389999999999986	776.7481657373314	8.389999999999986	194.1870414343328	-8.389999999999986	582.5611243029985	185.7970414343328	8.389999999999986	582.5611243029985	-194.1870414343328	582.5611243029985	-582.5611243029985	8.39	194.18704143433285
495	318.46682519134004	106.15560839711334	-424.62243358845353	-318.46682519134004	8.389999999999986	424.62243358845353	8.389999999999986	106.15560839711334	-8.389999999999986	318.46682519134004	97.76560839711334	8.389999999999986	318.46682519134004	-106.15560839711334	318.46682519134004	-318.46682519134004	8.39	106.15560839711335
496	105.20888705603875	35.069629018679585	-140.2785160747185	-105.20888705603875	8.389999999999986	140.2785160747185	8.389999999999986	35.069629018679585	-8.389999999999986	105.20888705603875	26.679629018679584	8.389999999999986	105.20888705603875	-35.069629018679585	105.20888705603875	-105.20888705603875	8.39	35.06962901867958
497	363.0697920603044	121.02326402010146	-484.0930560804062	-363.0697920603044	8.389999999999986	484.0930560804062	8.389999999999986	121.02326402010146	-8.389999999999986	363.0697920603044	112.63326402010146	8.389999999999986	363.0697920603044	-121.02326402010146	363.0697920603044	-363.0697920603044	8.39	121.02326402010146
498	349.98093021583486	116.66031007194495	-466.64124028777985	-349.98093021583486	8.389999999999986	466.64124028777985	8.389999999999986	116.66031007194495	-8.389999999999986	349.98093021583486	108.27031007194495	8.389999999999986	349.98093021583486	-116.66031007194495	349.98093021583486	-349.98093021583486	8.39	116.66031007194496
499	266.02713088948576	88.67571029649525	-354.70284118598124	-266.02713088948576	8.389999999999986	354.70284118598124	8.389999999999986	88.67571029649525	-8.389999999999986	266.02713088948576	80.28571029649525	8.389999999999986	266.02713088948576	-88.67571029649525	266.02713088948576	-266.02713088948576	8.39	88.67571029649527
500	245.05977430299788	81.68659143433263	-326.7463657373304	-245.05977430299788	8.389999999999986	326.7463657373304	8.389999999999986	81.68659143433263	-8.389999999999986	245.05977430299788	73.29659143433263	8.389999999999986	245.05977430299788	-81.68659143433263	245.05977430299788	-245.05977430299788	8.39	81.68659143433263
501	690.5289567986486	230.17631893288285	-920.7052757315314	-690.5289567986486	8.389999999999986	920.7052757315314	8.389999999999986	230.17631893288285	-8.389999999999986	690.5289567986486	221.78631893288284	8.389999999999986	690.5289567986486	-230.17631893288285	690.5289567986486	-690.5289567986486	8.39	230.17631893288285
502	321.0772611282506	107.02575370941686	-428.1030148376676	-321.0772611282506	8.389999999999986	428.1030148376676	8.389999999999986	107.02575370941686	-8.389999999999986	321.0772611282506	98.63575370941686	8.389999999999986	321.0772611282506	-107.02575370941686	321.0772611282506	-321.0772611282506	8.39	107.02575370941688
503	99.97227932774524	33.324093109248416	-133.2963724369937	-99.97227932774524	8.389999999999986	133.2963724369937	8.389999999999986	33.324093109248416	-8.389999999999986	99.97227932774524	24.934093109248415	8.389999999999986	99.97227932774524	-33.324093109248416	99.97227932774524	-99.97227932774524	8.39	33.32409310924841
504	276.4846104916005	92.16153683053352	-368.6461473221341	-276.48461049160056	8.389999999999986	368.6461473221341	8.389999999999986	92.16153683053352	-8.389999999999986	276.48461049160056	83.77153683053352	8.389999999999986	276.48461049160056	-92.16153683053352	276.48461049160056	-276.48461049160056	8.39	92.16153683053352
505	352.5913661527452	117.5304553842484	-470.1218215369936	-352.5913661527452	8.389999999999986	470.1218215369936	8.389999999999986	117.5304553842484	-8.389999999999986	352.5913661527452	109.1404553842484	8.389999999999986	352.5913661527452	-117.5304553842484	352.5913661527452	-352.5913661527452	8.39	117.5304553842484
506	247.67021023990836	82.55673674663613	-330.22694698654453	-247.67021023990839	8.389999999999986	330.22694698654453	8.389999999999986	82.55673674663613	-8.389999999999986	247.67021023990839	74.16673674663613	8.389999999999986	247.67021023990839	-82.55673674663613	247.67021023990839	-247.67021023990839	8.39	82.55673674663609
507	268.6375668263963	89.54585560879877	-358.1834224351951	-268.6375668263963	8.389999999999986	358.1834224351951	8.389999999999986	89.54585560879877	-8.389999999999986	268.6375668263963	81.15585560879877	8.389999999999986	268.6375668263963	-89.54585560879877	268.6375668263963	-268.6375668263963	8.39	89.54585560879877
508	606.222954327746	202.07431810924868	-808.2972724369947	-606.222954327746	8.389999999999986	808.2972724369947	8.389999999999986	202.07431810924868	-8.389999999999986	606.222954327746	193.6843181092487	8.389999999999986	606.222954327746	-202.07431810924868	606.222954327746	-606.222954327746	8.39	202.07431810924868
509	284.30032863319127	94.76677621106376	-379.06710484425514	-284.30032863319127	8.389999999999986	379.06710484425514	8.389999999999986	94.76677621106376	-8.389999999999986	284.30032863319127	86.37677621106376	8.389999999999986	284.30032863319127	-94.76677621106376	284.30032863319127	-284.30032863319127	8.39	94.76677621106376
510	279.0846255265674	93.02820850885581	-372.1128340354235	-279.08462552656744	8.389999999999986	372.1128340354235	8.389999999999986	93.02820850885581	-8.389999999999986	279.08462552656744	84.63820850885581	8.389999999999986	279.08462552656744	-93.02820850885581	279.08462552656744	-279.08462552656744	8.39	93.02820850885581
511	478.7427201309996	159.5809067103332	-638.3236268413331	-478.7427201309996	8.389999999999986	638.3236268413331	8.389999999999986	159.5809067103332	-8.389999999999986	478.7427201309996	151.1909067103332	8.389999999999986	478.7427201309996	-159.5809067103332	478.7427201309996	-478.7427201309996	8.39	159.58090671033318
512	481.4192383165553	160.47307943885176	-641.892317755407	-481.4192383165553	8.389999999999986	641.892317755407	8.389999999999986	160.47307943885176	-8.389999999999986	481.4192383165553	152.08307943885177	8.389999999999986	481.4192383165553	-160.47307943885176	481.4192383165553	-481.4192383165553	8.39	160.4730794388518
513	420.45507777322644	140.1516925910755	-560.606770364302	-420.45507777322644	8.389999999999986	560.606770364302	8.389999999999986	140.1516925910755	-8.389999999999986	420.45507777322644	131.76169259107547	8.389999999999986	420.45507777322644	-140.1516925910755	420.45507777322644	-420.45507777322644	8.39	140.15169259107546
514	476.0688543989447	158.6896181329816	-634.7584725319264	-476.0688543989447	8.389999999999986	634.7584725319264	8.389999999999986	158.6896181329816	-8.389999999999986	476.0688543989447	150.29961813298158	8.389999999999986	476.0688543989447	-158.6896181329816	476.0688543989447	-476.0688543989447	8.39	158.68961813298154
515	468.0952480649926	156.03174935499754	-624.1269974199902	-468.09524806499263	8.389999999999986	624.1269974199902	8.389999999999986	156.03174935499754	-8.389999999999986	468.09524806499263	147.64174935499753	8.389999999999986	468.09524806499263	-156.03174935499754	468.09524806499263	-468.09524806499263	8.39	156.03174935499752
516	737.40959686174	245.80319895391335	-983.2127958156534	-737.40959686174	8.389999999999986	983.2127958156534	8.389999999999986	245.80319895391335	-8.389999999999986	737.40959686174	237.41319895391334	8.389999999999986	737.40959686174	-245.80319895391335	737.40959686174	-737.40959686174	8.39	245.80319895391332
517	202.06287368314892	67.35429122771632	-269.41716491086527	-202.06287368314895	8.389999999999986	269.41716491086527	8.389999999999986	67.35429122771632	-8.389999999999986	202.06287368314895	58.964291227716316	8.389999999999986	202.06287368314895	-67.35429122771632	202.06287368314895	-202.06287368314895	8.39	67.35429122771632
518	480.0796423016068	160.02654743386893	-640.1061897354757	-480.0796423016068	8.389999999999986	640.1061897354757	8.389999999999986	160.02654743386893	-8.389999999999986	480.0796423016068	151.63654743386894	8.389999999999986	480.0796423016068	-160.02654743386893	480.0796423016068	-480.0796423016068	8.39	160.02654743386893
519	526.4731093610649	175.4910364536883	-701.9641458147532	-526.4731093610649	8.389999999999986	701.9641458147532	8.389999999999986	175.4910364536883	-8.389999999999986	526.4731093610649	167.10103645368832	8.389999999999986	526.4731093610649	-175.4910364536883	526.4731093610649	-526.4731093610649	8.39	175.49103645368825
520	496.03746516752585	165.34582172250862	-661.3832868900345	-496.03746516752585	8.389999999999986	661.3832868900345	8.389999999999986	165.34582172250862	-8.389999999999986	496.03746516752585	156.9558217225086	8.389999999999986	496.03746516752585	-165.34582172250862	496.03746516752585	-496.03746516752585	8.39	165.34582172250862
521	527.8073683613603	175.93578945378678	-703.743157815147	-527.8073683613603	8.389999999999986	703.743157815147	8.389999999999986	175.93578945378678	-8.389999999999986	527.8073683613603	167.54578945378677	8.389999999999986	527.8073683613603	-175.93578945378678	527.8073683613603	-527.8073683613603	8.39	175.93578945378675
522	488.0665326779152	162.68884422597174	-650.7553769038868	-488.0665326779152	8.389999999999986	650.7553769038868	8.389999999999986	162.68884422597174	-8.389999999999986	488.0665326779152	154.29884422597172	8.389999999999986	488.0665326779152	-162.68884422597174	488.0665326779152	-488.0665326779152	8.39	162.6888442259717
523	421.78933677352177	140.59644559117396	-562.3857823646957	-421.78933677352177	8.389999999999986	562.3857823646957	8.389999999999986	140.59644559117396	-8.389999999999986	421.78933677352177	132.20644559117395	8.389999999999986	421.78933677352177	-140.59644559117396	421.78933677352177	-421.78933677352177	8.39	140.59644559117385
524	470.763755391554	156.92125179718468	-627.6850071887388	-470.763755391554	8.389999999999986	627.6850071887388	8.389999999999986	156.92125179718468	-8.389999999999986	470.763755391554	148.53125179718467	8.389999999999986	470.763755391554	-156.92125179718468	470.763755391554	-470.763755391554	8.39	156.92125179718465
525	484.0850717987754	161.3616905995918	-645.4467623983675	-484.0850717987754	8.389999999999986	645.4467623983675	8.389999999999986	161.3616905995918	-8.389999999999986	484.0850717987754	152.9716905995918	8.389999999999986	484.0850717987754	-161.3616905995918	484.0850717987754	-484.0850717987754	8.39	161.36169059959178
526	734.7517422590372	244.91724741967906	-979.6689896787166	-734.7517422590372	8.389999999999986	979.6689896787166	8.389999999999986	244.91724741967906	-8.389999999999986	734.7517422590372	236.52724741967904	8.389999999999986	734.7517422590372	-244.91724741967906	734.7517422590372	-734.7517422590372	8.39	244.9172474196791
527	745.3620251557426	248.45400838524753	-993.8160335409904	-745.3620251557426	8.389999999999986	993.8160335409904	8.389999999999986	248.45400838524753	-8.389999999999986	745.3620251557426	240.06400838524752	8.389999999999986	745.3620251557426	-248.45400838524753	745.3620251557426	-745.3620251557426	8.39	248.4540083852475
528	738.7465190323471	246.24883967744904	-984.9953587097963	-738.7465190323471	8.389999999999986	984.9953587097963	8.389999999999986	246.24883967744904	-8.389999999999986	738.7465190323471	237.85883967744905	8.389999999999986	738.7465190323471	-246.24883967744904	738.7465190323471	-738.7465190323471	8.39	246.24883967744904
529	716.2420402109374	238.74734673697913	-954.9893869479166	-716.2420402109374	8.389999999999986	954.9893869479166	8.389999999999986	238.74734673697913	-8.389999999999986	716.2420402109374	230.35734673697914	8.389999999999986	716.2420402109374	-238.74734673697913	716.2420402109374	-716.2420402109374	8.39	238.74734673697913
530	465.4373934622897	155.14579782076328	-620.5831912830529	-465.4373934622898	8.389999999999986	620.5831912830529	8.389999999999986	155.14579782076328	-8.389999999999986	465.4373934622898	146.75579782076326	8.389999999999986	465.4373934622898	-155.14579782076328	465.4373934622898	-465.4373934622898	8.39	155.14579782076322
531	469.43217023559987	156.4773900785333	-625.9095603141332	-469.4321702355998	8.389999999999986	625.9095603141332	8.389999999999986	156.4773900785333	-8.389999999999986	469.4321702355998	148.08739007853328	8.389999999999986	469.4321702355998	-156.4773900785333	469.4321702355998	-469.4321702355998	8.39	156.47739007853323
532	492.0480254088689	164.016008469623	-656.064033878492	-492.0480254088689	8.389999999999986	656.064033878492	8.389999999999986	164.016008469623	-8.389999999999986	492.0480254088689	155.62600846962297	8.389999999999986	492.0480254088689	-164.016008469623	492.0480254088689	-492.0480254088689	8.39	164.01600846962293
533	641.0934886896544	213.69782956321814	-854.7913182528725	-641.0934886896544	8.389999999999986	854.7913182528725	8.389999999999986	213.69782956321814	-8.389999999999986	641.0934886896544	205.30782956321812	8.389999999999986	641.0934886896544	-213.69782956321814	641.0934886896544	-641.0934886896544	8.39	213.69782956321808
534	482.7534866428214	160.91782888094048	-643.6713155237619	-482.75348664282143	8.389999999999986	643.6713155237619	8.389999999999986	160.91782888094048	-8.389999999999986	482.75348664282143	152.52782888094046	8.389999999999986	482.75348664282143	-160.91782888094048	482.75348664282143	-482.75348664282143	8.39	160.91782888094045
535	415.13936856782095	138.37978952260698	-553.5191580904279	-415.13936856782095	8.389999999999986	553.5191580904279	8.389999999999986	138.37978952260698	-8.389999999999986	415.13936856782095	129.989789522607	8.389999999999986	415.13936856782095	-138.37978952260698	415.13936856782095	-415.13936856782095	8.39	138.37978952260698
536	419.1234926172723	139.7078308724241	-558.8313234896964	-419.1234926172723	8.389999999999986	558.8313234896964	8.389999999999986	139.7078308724241	-8.389999999999986	419.1234926172723	131.3178308724241	8.389999999999986	419.1234926172723	-139.7078308724241	419.1234926172723	-419.1234926172723	8.39	139.7078308724241
537	441.64377044674904	147.21459014891636	-588.8583605956654	-441.64377044674904	8.389999999999986	588.8583605956654	8.389999999999986	147.21459014891636	-8.389999999999986	441.64377044674904	138.82459014891634	8.389999999999986	441.64377044674904	-147.21459014891636	441.64377044674904	-441.64377044674904	8.39	147.21459014891633
538	158.5387890118668	52.84626300395561	-211.38505201582254	-158.5387890118668	8.389999999999986	211.38505201582254	8.389999999999986	52.84626300395561	-8.389999999999986	158.5387890118668	44.45626300395561	8.389999999999986	158.5387890118668	-52.84626300395561	158.5387890118668	-158.5387890118668	8.39	52.846263003955585
539	204.728707165369	68.24290238845634	-272.9716095538254	-204.72870716536903	8.389999999999986	272.9716095538254	8.389999999999986	68.24290238845634	-8.389999999999986	204.72870716536903	59.852902388456336	8.389999999999986	204.72870716536903	-68.24290238845634	204.72870716536903	-204.72870716536903	8.39	68.24290238845634
540	207.3865617680718	69.12885392269061	-276.51541569076244	-207.38656176807183	8.389999999999986	276.51541569076244	8.389999999999986	69.12885392269061	-8.389999999999986	207.38656176807183	60.73885392269061	8.389999999999986	207.38656176807183	-69.12885392269061	207.38656176807183	-207.38656176807183	8.39	69.12885392269061
541	212.69166077546262	70.89722025848755	-283.5888810339502	-212.69166077546265	8.389999999999986	283.5888810339502	8.389999999999986	70.89722025848755	-8.389999999999986	212.69166077546265	62.50722025848755	8.389999999999986	212.69166077546265	-70.89722025848755	212.69166077546265	-212.69166077546265	8.39	70.89722025848755
542	494.7058800115718	164.90196000385728	-659.6078400154291	-494.7058800115718	8.389999999999986	659.6078400154291	8.389999999999986	164.90196000385728	-8.389999999999986	494.7058800115718	156.51196000385727	8.389999999999986	494.7058800115718	-164.90196000385728	494.7058800115718	-494.7058800115718	8.39	164.90196000385725
543	505.3055527102623	168.4351842367541	-673.7407369470164	-505.3055527102623	8.389999999999986	673.7407369470164	8.389999999999986	168.4351842367541	-8.389999999999986	505.3055527102623	160.0451842367541	8.389999999999986	505.3055527102623	-168.4351842367541	505.3055527102623	-505.3055527102623	8.39	168.43518423675408
544	203.39712200941494	67.79904066980498	-271.19616267922015	-203.39712200941494	8.389999999999986	271.19616267922015	8.389999999999986	67.79904066980498	-8.389999999999986	203.39712200941494	59.40904066980498	8.389999999999986	203.39712200941494	-67.79904066980498	203.39712200941494	-203.39712200941494	8.39	67.79904066980498
545	239.111350155742	79.70378338524732	-318.81513354098956	-239.11135015574195	8.389999999999986	318.81513354098956	8.389999999999986	79.70378338524732	-8.389999999999986	239.11135015574195	71.31378338524732	8.389999999999986	239.11135015574195	-79.70378338524732	239.11135015574195	-239.11135015574195	8.39	79.7037833852473
546	400.61379056917247	133.53793018972416	-534.1517207588969	-400.61379056917247	8.389999999999986	534.1517207588969	8.389999999999986	133.53793018972416	-8.389999999999986	400.61379056917247	125.14793018972416	8.389999999999986	400.61379056917247	-133.53793018972416	400.61379056917247	-400.61379056917247	8.39	133.53793018972414
547	431.05475047191703	143.68491682397234	-574.7396672958896	-431.05475047191703	8.389999999999986	574.7396672958896	8.389999999999986	143.68491682397234	-8.389999999999986	431.05475047191703	135.29491682397236	8.389999999999986	431.05475047191703	-143.68491682397234	431.05475047191703	-431.05475047191703	8.39	143.68491682397234
548	477.405776569552	159.13525885651734	-636.5410354260696	-477.405776569552	8.389999999999986	636.5410354260696	8.389999999999986	159.13525885651734	-8.389999999999986	477.405776569552	150.74525885651735	8.389999999999986	477.405776569552	-159.13525885651734	477.405776569552	-477.405776569552	8.39	159.13525885651734
549	522.4836696024081	174.1612232008027	-696.644892803211	-522.4836696024081	8.389999999999986	696.644892803211	8.389999999999986	174.1612232008027	-8.389999999999986	522.4836696024081	165.7712232008027	8.389999999999986	522.4836696024081	-174.1612232008027	522.4836696024081	-522.4836696024081	8.39	174.16122320080268
550	559.5348199193422	186.51160663978075	-746.0464265591231	-559.5348199193422	8.389999999999986	746.0464265591231	8.389999999999986	186.51160663978075	-8.389999999999986	559.5348199193422	178.12160663978074	8.389999999999986	559.5348199193422	-186.51160663978075	559.5348199193422	-559.5348199193422	8.39	186.51160663978072
551	674.0548777102626	224.6849592367542	-898.739836947017	-674.0548777102626	8.389999999999986	898.739836947017	8.389999999999986	224.6849592367542	-8.389999999999986	674.0548777102626	216.2949592367542	8.389999999999986	674.0548777102626	-224.6849592367542	674.0548777102626	-674.0548777102626	8.39	224.68495923675425
552	729.4466432516463	243.1488810838821	-972.5955243355285	-729.4466432516463	8.389999999999986	972.5955243355285	8.389999999999986	243.1488810838821	-8.389999999999986	729.4466432516463	234.7588810838821	8.389999999999986	729.4466432516463	-243.1488810838821	729.4466432516463	-729.4466432516463	8.39	243.1488810838821
553	525.141524205111	175.04717473503698	-700.1886989401479	-525.141524205111	8.389999999999986	700.1886989401479	8.389999999999986	175.04717473503698	-8.389999999999986	525.141524205111	166.65717473503696	8.389999999999986	525.141524205111	-175.04717473503698	525.141524205111	-525.141524205111	8.39	175.04717473503706
554	460.132294454899	153.37743148496634	-613.5097259398655	-460.132294454899	8.389999999999986	613.5097259398655	8.389999999999986	153.37743148496634	-8.389999999999986	460.132294454899	144.98743148496635	8.389999999999986	460.132294454899	-153.37743148496634	460.132294454899	-460.132294454899	8.39	153.37743148496634
555	175.70370674358014	58.567902247860054	-234.27160899144044	-175.70370674358014	8.389999999999986	234.27160899144044	8.389999999999986	58.567902247860054	-8.389999999999986	175.70370674358014	50.177902247860054	8.389999999999986	175.70370674358014	-58.567902247860054	175.70370674358014	-175.70370674358014	8.39	58.567902247860054
556	534.4255376550673	178.1418458850224	-712.5673835400896	-534.4255376550673	8.389999999999986	712.5673835400896	8.389999999999986	178.1418458850224	-8.389999999999986	534.4255376550673	169.7518458850224	8.389999999999986	534.4255376550673	-178.1418458850224	534.4255376550673	-534.4255376550673	8.39	178.1418458850224
557	732.1018346840374	244.03394489467914	-976.1357795787164	-732.1018346840374	8.389999999999986	976.1357795787164	8.389999999999986	244.03394489467914	-8.389999999999986	732.1018346840374	235.64394489467912	8.389999999999986	732.1018346840374	-244.03394489467914	732.1018346840374	-732.1018346840374	8.39	244.0339448946791
558	521.1547369853477	173.71824566178256	-694.8729826471301	-521.1547369853477	8.389999999999986	694.8729826471301	8.389999999999986	173.71824566178256	-8.389999999999986	521.1547369853477	165.32824566178255	8.389999999999986	521.1547369853477	-173.71824566178256	521.1547369853477	-521.1547369853477	8.39	173.71824566178253
559	462.78748588729013	154.2624952957634	-617.0499811830534	-462.78748588729013	8.389999999999986	617.0499811830534	8.389999999999986	154.2624952957634	-8.389999999999986	462.78748588729013	145.87249529576337	8.389999999999986	462.78748588729013	-154.2624952957634	462.78748588729013	-462.78748588729013	8.39	154.26249529576336
560	154.56527516043025	51.52175838681009	-206.08703354724034	-154.56527516043025	8.389999999999986	206.08703354724034	8.389999999999986	51.52175838681009	-8.389999999999986	154.56527516043025	43.13175838681009	8.389999999999986	154.56527516043025	-51.52175838681009	154.56527516043025	-154.56527516043025	8.39	51.52175838681008
561	666.1210491678214	222.04034972260712	-888.1613988904285	-666.1210491678214	8.389999999999986	888.1613988904285	8.389999999999986	222.04034972260712	-8.389999999999986	666.1210491678214	213.6503497226071	8.389999999999986	666.1210491678214	-222.04034972260712	666.1210491678214	-666.1210491678214	8.39	222.04034972260712
562	448.2566133998322	149.4188711332774	-597.6754845331096	-448.2566133998322	8.389999999999986	597.6754845331096	8.389999999999986	149.4188711332774	-8.389999999999986	448.2566133998322	141.0288711332774	8.389999999999986	448.2566133998322	-149.4188711332774	448.2566133998322	-448.2566133998322	8.39	149.41887113327738
563	412.489460992821	137.496486997607	-549.985947990428	-412.489460992821	8.389999999999986	549.985947990428	8.389999999999986	137.496486997607	-8.389999999999986	412.489460992821	129.10648699760702	8.389999999999986	412.489460992821	-137.496486997607	412.489460992821	-412.489460992821	8.39	137.496486997607
564	399.284857952112	133.09495265070402	-532.379810602816	-399.284857952112	8.389999999999986	532.379810602816	8.389999999999986	133.09495265070402	-8.389999999999986	399.284857952112	124.70495265070402	8.389999999999986	399.284857952112	-133.09495265070402	399.284857952112	-399.284857952112	8.39	133.094952650704
565	474.73992178188416	158.2466405939614	-632.9865623758454	-474.73992178188416	8.389999999999986	632.9865623758454	8.389999999999986	158.2466405939614	-8.389999999999986	474.73992178188416	149.85664059396137	8.389999999999986	474.73992178188416	-158.2466405939614	474.73992178188416	-474.73992178188416	8.39	158.24664059396136
566	558.2058873022818	186.06862910076057	-744.2745164030423	-558.2058873022818	8.389999999999986	744.2745164030423	8.389999999999986	186.06862910076057	-8.389999999999986	558.2058873022818	177.67862910076056	8.389999999999986	558.2058873022818	-186.06862910076057	558.2058873022818	-558.2058873022818	8.39	186.06862910076055
567	639.7645560725938	213.25485202419793	-853.0194080967917	-639.7645560725938	8.389999999999986	853.0194080967917	8.389999999999986	213.25485202419793	-8.389999999999986	639.7645560725938	204.86485202419792	8.389999999999986	639.7645560725938	-213.25485202419793	639.7645560725938	-639.7645560725938	8.39	213.2548520241979
568	346.6876975009698	115.56256583365659	-462.25026333462637	-346.6876975009698	8.389999999999986	462.25026333462637	8.389999999999986	115.56256583365659	-8.389999999999986	346.6876975009698	107.17256583365659	8.389999999999986	346.6876975009698	-115.56256583365659	346.6876975009698	-346.6876975009698	8.39	115.5625658336566
569	535.7544596407095	178.5848198802365	-714.339279520946	-535.7544596407095	8.389999999999986	714.339279520946	8.389999999999986	178.5848198802365	-8.389999999999986	535.7544596407095	170.19481988023648	8.389999999999986	535.7544596407095	-178.5848198802365	535.7544596407095	-535.7544596407095	8.39	178.58481988023647
570	736.0806642446794	245.36022141489312	-981.4408856595725	-736.0806642446794	8.389999999999986	981.4408856595725	8.389999999999986	245.36022141489312	-8.389999999999986	736.0806642446794	236.97022141489316	8.389999999999986	736.0806642446794	-245.36022141489312	736.0806642446794	-736.0806642446794	8.39	245.3602214148931
571	178.35624563707756	59.45208187902584	-237.80832751610342	-178.3562456370775	8.389999999999986	237.80832751610342	8.389999999999986	59.45208187902584	-8.389999999999986	178.3562456370775	51.06208187902584	8.389999999999986	178.3562456370775	-59.45208187902584	178.3562456370775	-178.3562456370775	8.39	59.45208187902583
572	437.66494088610693	145.8883136287023	-583.5532545148094	-437.6649408861069	8.389999999999986	583.5532545148094	8.389999999999986	145.8883136287023	-8.389999999999986	437.6649408861069	137.4983136287023	8.389999999999986	437.6649408861069	-145.8883136287023	437.6649408861069	-437.6649408861069	8.39	145.8883136287023
573	486.7376106922727	162.2458702307576	-648.9834809230306	-486.73761069227277	8.389999999999986	648.9834809230306	8.389999999999986	162.2458702307576	-8.389999999999986	486.73761069227277	153.8558702307576	8.389999999999986	486.73761069227277	-162.2458702307576	486.73761069227277	-486.73761069227277	8.39	162.2458702307576
574	502.65299259636885	167.55099753212295	-670.203990128492	-502.65299259636885	8.389999999999986	670.203990128492	8.389999999999986	167.55099753212295	-8.389999999999986	502.65299259636885	159.16099753212296	8.389999999999986	502.65299259636885	-167.55099753212295	502.65299259636885	-502.65299259636885	8.39	167.55099753212295
575	555.5559903587	185.1853301195667	-740.741320478267	-555.5559903587	8.389999999999986	740.741320478267	8.389999999999986	185.1853301195667	-8.389999999999986	555.5559903587	176.7953301195667	8.389999999999986	555.5559903587	-185.1853301195667	555.5559903587	-555.5559903587	8.39	185.18533011956663
576	659.5292997116139	219.8430999038713	-879.3723996154854	-659.5292997116139	8.389999999999986	879.3723996154854	8.389999999999986	219.8430999038713	-8.389999999999986	659.5292997116139	211.4530999038713	8.389999999999986	659.5292997116139	-219.8430999038713	659.5292997116139	-659.5292997116139	8.39	219.84309990387135
577	643.7407330943424	214.5802443647808	-858.3209774591232	-643.7407330943424	8.389999999999986	858.3209774591232	8.389999999999986	214.5802443647808	-8.389999999999986	643.7407330943424	206.19024436478082	8.389999999999986	643.7407330943424	-214.5802443647808	643.7407330943424	-643.7407330943424	8.39	214.5802443647808
578	541.0462959111921	180.34876530373072	-721.3950612149229	-541.0462959111921	8.389999999999986	721.3950612149229	8.389999999999986	180.34876530373072	-8.389999999999986	541.0462959111921	171.95876530373073	8.389999999999986	541.0462959111921	-180.34876530373072	541.0462959111921	-541.0462959111921	8.39	180.34876530373072
579	523.8099390491568	174.6033130163856	-698.4132520655423	-523.8099390491568	8.389999999999986	698.4132520655423	8.389999999999986	174.6033130163856	-8.389999999999986	523.8099390491568	166.2133130163856	8.389999999999986	523.8099390491568	-174.6033130163856	523.8099390491568	-523.8099390491568	8.39	174.60331301638558
580	519.8258149997052	173.27527166656841	-693.1010866662737	-519.8258149997052	8.389999999999986	693.1010866662737	8.389999999999986	173.27527166656841	-8.389999999999986	519.8258149997052	164.88527166656843	8.389999999999986	519.8258149997052	-173.27527166656841	519.8258149997052	-519.8258149997052	8.39	173.27527166656841
581	511.91574312445215	170.63858104148406	-682.5543241659361	-511.91574312445215	8.389999999999986	682.5543241659361	8.389999999999986	170.63858104148406	-8.389999999999986	511.91574312445215	162.24858104148404	8.389999999999986	511.91574312445215	-170.63858104148406	511.91574312445215	-511.91574312445215	8.39	170.63858104148403
582	173.05114662968663	57.683715543228885	-230.73486217291568	-173.05114662968663	8.389999999999986	230.73486217291568	8.389999999999986	57.683715543228885	-8.389999999999986	173.05114662968663	49.293715543228885	8.389999999999986	173.05114662968663	-57.683715543228885	173.05114662968663	-173.05114662968663	8.39	57.68371554322887
583	440.3121852907949	146.77072843026497	-587.08291372106	-440.3121852907949	8.389999999999986	587.08291372106	8.389999999999986	146.77072843026497	-8.389999999999986	440.3121852907949	138.38072843026498	8.389999999999986	440.3121852907949	-146.77072843026497	440.3121852907949	-440.3121852907949	8.39	146.77072843026497
584	538.3990515065041	179.46635050216804	-717.8654020086722	-538.3990515065041	8.389999999999986	717.8654020086722	8.389999999999986	179.46635050216804	-8.389999999999986	538.3990515065041	171.07635050216805	8.389999999999986	538.3990515065041	-179.46635050216804	538.3990515065041	-538.3990515065041	8.39	179.46635050216798
585	552.908745954012	184.302915318004	-737.211661272016	-552.908745954012	8.389999999999986	737.211661272016	8.389999999999986	184.302915318004	-8.389999999999986	552.908745954012	175.91291531800402	8.389999999999986	552.908745954012	-184.302915318004	552.908745954012	-552.908745954012	8.39	184.302915318004
586	570.0815683573486	190.02718945244953	-760.1087578097981	-570.0815683573486	8.389999999999986	760.1087578097981	8.389999999999986	190.02718945244953	-8.389999999999986	570.0815683573486	181.63718945244955	8.389999999999986	570.0815683573486	-190.02718945244953	570.0815683573486	-570.0815683573486	8.39	190.02718945244953
587	601.6376080950162	200.5458693650054	-802.1834774600215	-601.6376080950162	8.389999999999986	802.1834774600215	8.389999999999986	200.5458693650054	-8.389999999999986	601.6376080950162	192.1558693650054	8.389999999999986	601.6376080950162	-200.5458693650054	601.6376080950162	-601.6376080950162	8.39	200.5458693650054
588	627.8888856489453	209.29629521631512	-837.1851808652605	-627.8888856489453	8.389999999999986	837.1851808652605	8.389999999999986	209.29629521631512	-8.389999999999986	627.8888856489453	200.90629521631513	8.389999999999986	627.8888856489453	-209.29629521631512	627.8888856489453	-627.8888856489453	8.39	209.29629521631512
589	701.716462212289	233.90548740409633	-935.6219496163853	-701.716462212289	8.389999999999986	935.6219496163853	8.389999999999986	233.90548740409633	-8.389999999999986	701.716462212289	225.51548740409635	8.389999999999986	701.716462212289	-233.90548740409633	701.716462212289	-701.716462212289	8.39	233.90548740409633
590	709.6265340875422	236.54217802918072	-946.1687121167229	-709.6265340875422	8.389999999999986	946.1687121167229	8.389999999999986	236.54217802918072	-8.389999999999986	709.6265340875422	228.15217802918073	8.389999999999986	709.6265340875422	-236.54217802918072	709.6265340875422	-709.6265340875422	8.39	236.54217802918072
591	741.3937634370353	247.13125447901177	-988.5250179160471	-741.3937634370353	8.389999999999986	988.5250179160471	8.389999999999986	247.13125447901177	-8.389999999999986	741.3937634370353	238.7412544790118	8.389999999999986	741.3937634370353	-247.13125447901177	741.3937634370353	-741.3937634370353	8.39	247.13125447901177
592	405.89771153661377	135.29923717887124	-541.196948715485	-405.8977115366137	8.389999999999986	541.196948715485	8.389999999999986	135.29923717887124	-8.389999999999986	405.8977115366137	126.90923717887122	8.389999999999986	405.8977115366137	-135.29923717887124	405.8977115366137	-405.8977115366137	8.39	135.29923717887124
593	417.79190746131803	139.26396915377268	-557.0558766150907	-417.79190746131803	8.389999999999986	557.0558766150907	8.389999999999986	139.26396915377268	-8.389999999999986	417.79190746131803	130.87396915377266	8.389999999999986	417.79190746131803	-139.26396915377268	417.79190746131803	-417.79190746131803	8.39	139.26396915377268
594	424.4392443485218	141.47974811617394	-565.9189924646957	-424.4392443485218	8.389999999999986	565.9189924646957	8.389999999999986	141.47974811617394	-8.389999999999986	424.4392443485218	133.08974811617392	8.389999999999986	424.4392443485218	-141.47974811617394	424.4392443485218	-424.4392443485218	8.39	141.47974811617394
595	429.7231653159629	143.24105510532098	-572.9642204212839	-429.72316531596294	8.389999999999986	572.9642204212839	8.389999999999986	143.24105510532098	-8.389999999999986	429.72316531596294	134.85105510532097	8.389999999999986	429.72316531596294	-143.24105510532098	429.72316531596294	-429.72316531596294	8.39	143.24105510532098
596	672.7232925543085	224.24109751810283	-896.9643900724113	-672.7232925543085	8.389999999999986	896.9643900724113	8.389999999999986	224.24109751810283	-8.389999999999986	672.7232925543085	215.85109751810282	8.389999999999986	672.7232925543085	-224.24109751810283	672.7232925543085	-672.7232925543085	8.39	224.24109751810283
597	714.9104550549835	238.30348501832782	-953.2139400733113	-714.9104550549835	8.389999999999986	953.2139400733113	8.389999999999986	238.30348501832782	-8.389999999999986	714.9104550549835	229.9134850183278	8.389999999999986	714.9104550549835	-238.30348501832782	714.9104550549835	-714.9104550549835	8.39	238.30348501832782
598	231.17486907440752	77.05828969146918	-308.23315876587685	-231.17486907440752	8.389999999999986	308.23315876587685	8.389999999999986	77.05828969146918	-8.389999999999986	231.17486907440752	68.66828969146918	8.389999999999986	231.17486907440752	-77.05828969146918	231.17486907440752	-231.17486907440752	8.39	77.05828969146916
599	199.40763972491436	66.46921324163813	-265.87685296655263	-199.40763972491436	8.389999999999986	265.87685296655263	8.389999999999986	66.46921324163813	-8.389999999999986	199.40763972491436	58.07921324163813	8.389999999999986	199.40763972491436	-66.46921324163813	199.40763972491436	-199.40763972491436	8.39	66.46921324163812
600	393.9877166038423	131.32923886794742	-525.3169554717897	-393.9877166038423	8.389999999999986	525.3169554717897	8.389999999999986	131.32923886794742	-8.389999999999986	393.9877166038423	122.93923886794744	8.389999999999986	393.9877166038423	-131.32923886794742	393.9877166038423	-393.9877166038423	8.39	131.32923886794742
601	150.59967661203473	50.19989220401159	-200.7995688160463	-150.59967661203478	8.389999999999986	200.7995688160463	8.389999999999986	50.19989220401159	-8.389999999999986	150.59967661203478	41.80989220401159	8.389999999999986	150.59967661203478	-50.19989220401159	150.59967661203478	-150.59967661203478	8.39	50.19989220401159
602	300.72444177512523	100.24148059170841	-400.96592236683364	-300.72444177512523	8.389999999999986	400.96592236683364	8.389999999999986	100.24148059170841	-8.389999999999986	300.72444177512523	91.85148059170841	8.389999999999986	300.72444177512523	-100.24148059170841	300.72444177512523	-300.72444177512523	8.39	100.24148059170841
603	241.76654158813278	80.58884719604426	-322.355388784177	-241.76654158813278	8.389999999999986	322.355388784177	8.389999999999986	80.58884719604426	-8.389999999999986	241.76654158813278	72.19884719604426	8.389999999999986	241.76654158813278	-80.58884719604426	241.76654158813278	-241.76654158813278	8.39	80.58884719604424
604	142.6896047367818	47.56320157892727	-190.2528063157092	-142.6896047367818	8.389999999999986	190.2528063157092	8.389999999999986	47.56320157892727	-8.389999999999986	142.6896047367818	39.17320157892727	8.389999999999986	142.6896047367818	-47.56320157892727	142.6896047367818	-142.6896047367818	8.39	47.56320157892726
605	206.0549766121178	68.68499220403925	-274.739968816157	-206.05497661211774	8.389999999999986	274.739968816157	8.389999999999986	68.68499220403925	-8.389999999999986	206.05497661211774	60.29499220403924	8.389999999999986	206.05497661211774	-68.68499220403925	206.05497661211774	-206.05497661211774	8.39	68.68499220403925
606	88.80578320540441	29.601927735134804	-118.40771094053922	-88.80578320540441	8.389999999999986	118.40771094053922	8.389999999999986	29.601927735134804	-8.389999999999986	88.80578320540441	21.211927735134804	8.389999999999986	88.80578320540441	-29.601927735134804	88.80578320540441	-88.80578320540441	8.39	29.6019277351348
607	120.31988822989901	40.10662940996634	-160.42651763986535	-120.31988822989901	8.389999999999986	160.42651763986535	8.389999999999986	40.10662940996634	-8.389999999999986	120.31988822989901	31.716629409966334	8.389999999999986	120.31988822989901	-40.10662940996634	120.31988822989901	-120.31988822989901	8.39	40.10662940996633
608	157.2125195651181	52.4041731883727	-209.6166927534908	-157.2125195651181	8.389999999999986	209.6166927534908	8.389999999999986	52.4041731883727	-8.389999999999986	157.2125195651181	44.014173188372695	8.389999999999986	157.2125195651181	-52.4041731883727	157.2125195651181	-157.2125195651181	8.39	52.40417318837271
609	159.87037416782084	53.29012472260695	-213.1604988904278	-159.87037416782084	8.389999999999986	213.1604988904278	8.389999999999986	53.29012472260695	-8.389999999999986	159.87037416782084	44.90012472260695	8.389999999999986	159.87037416782084	-53.29012472260695	159.87037416782084	-159.87037416782084	8.39	53.29012472260695
610	177.03262872922232	59.01087624307411	-236.04350497229643	-177.03262872922232	8.389999999999986	236.04350497229643	8.389999999999986	59.01087624307411	-8.389999999999986	177.03262872922232	50.62087624307411	8.389999999999986	177.03262872922232	-59.01087624307411	177.03262872922232	-177.03262872922232	8.39	59.01087624307411
611	210.0417532004627	70.01391773348757	-280.0556709339503	-210.04175320046272	8.389999999999986	280.0556709339503	8.389999999999986	70.01391773348757	-8.389999999999986	210.04175320046272	61.62391773348757	8.389999999999986	210.04175320046272	-70.01391773348757	210.04175320046272	-210.04175320046272	8.39	70.01391773348757
612	215.34685220785352	71.78228406928451	-287.12913627713806	-215.34685220785354	8.389999999999986	287.12913627713806	8.389999999999986	71.78228406928451	-8.389999999999986	215.34685220785354	63.392284069284514	8.389999999999986	215.34685220785354	-71.78228406928451	215.34685220785354	-215.34685220785354	8.39	71.78228406928451
613	217.99409661254154	72.66469887084719	-290.65879548338876	-217.99409661254157	8.389999999999986	290.65879548338876	8.389999999999986	72.66469887084719	-8.389999999999986	217.99409661254157	64.27469887084719	8.389999999999986	217.99409661254157	-72.66469887084719	217.99409661254157	-217.99409661254157	8.39	72.66469887084719
614	236.46144258074207	78.82048086024736	-315.28192344098943	-236.46144258074207	8.389999999999986	315.28192344098943	8.389999999999986	78.82048086024736	-8.389999999999986	236.46144258074207	70.43048086024736	8.389999999999986	236.46144258074207	-78.82048086024736	236.46144258074207	-236.46144258074207	8.39	78.82048086024736
615	240.44027214138407	80.14675738046135	-320.5870295218454	-240.44027214138407	8.389999999999986	320.5870295218454	8.389999999999986	80.14675738046135	-8.389999999999986	240.44027214138407	71.75675738046135	8.389999999999986	240.44027214138407	-80.14675738046135	240.44027214138407	-240.44027214138407	8.39	80.14675738046137
616	388.70644817529467	129.56881605843157	-518.2752642337263	-388.70644817529467	8.389999999999986	518.2752642337263	8.389999999999986	129.56881605843157	-8.389999999999986	388.70644817529467	121.17881605843156	8.389999999999986	388.70644817529467	-129.56881605843157	388.70644817529467	-388.70644817529467	8.39	129.56881605843154
617	397.9585885053631	132.65286283512103	-530.6114513404841	-397.9585885053631	8.389999999999986	530.6114513404841	8.389999999999986	132.65286283512103	-8.389999999999986	397.9585885053631	124.26286283512104	8.389999999999986	397.9585885053631	-132.65286283512103	397.9585885053631	-397.9585885053631	8.39	132.65286283512103
618	457.4823868798993	152.49412895996645	-609.9765158398658	-457.4823868798993	8.389999999999986	609.9765158398658	8.389999999999986	152.49412895996645	-8.389999999999986	457.4823868798993	144.10412895996643	8.389999999999986	457.4823868798993	-152.49412895996645	457.4823868798993	-457.4823868798993	8.39	152.49412895996642
619	461.4612164405412	153.8204054801804	-615.2816219207216	-461.4612164405412	8.389999999999986	615.2816219207216	8.389999999999986	153.8204054801804	-8.389999999999986	461.4612164405412	145.4304054801804	8.389999999999986	461.4612164405412	-153.8204054801804	461.4612164405412	-461.4612164405412	8.39	153.8204054801804
620	466.766315447932	155.58877181597734	-622.3550872639094	-466.766315447932	8.389999999999986	622.3550872639094	8.389999999999986	155.58877181597734	-8.389999999999986	466.766315447932	147.19877181597735	8.389999999999986	466.766315447932	-155.58877181597734	466.766315447932	-466.766315447932	8.39	155.58877181597734
621	485.4139937844176	161.80466459480587	-647.2186583792235	-485.4139937844176	8.389999999999986	647.2186583792235	8.389999999999986	161.80466459480587	-8.389999999999986	485.4139937844176	153.41466459480586	8.389999999999986	485.4139937844176	-161.80466459480587	485.4139937844176	-485.4139937844176	8.39	161.80466459480584
622	489.39811783386904	163.132705944623	-652.530823778492	-489.39811783386904	8.389999999999986	652.530823778492	8.389999999999986	163.132705944623	-8.389999999999986	489.39811783386904	154.74270594462303	8.389999999999986	489.39811783386904	-163.132705944623	489.39811783386904	-489.39811783386904	8.39	163.132705944623
623	493.37694739451115	164.45898246483705	-657.8359298593482	-493.37694739451115	8.389999999999986	657.8359298593482	8.389999999999986	164.45898246483705	-8.389999999999986	493.37694739451115	156.06898246483706	8.389999999999986	493.37694739451115	-164.45898246483705	493.37694739451115	-493.37694739451115	8.39	164.45898246483705
624	500.0084007305742	166.6694669101914	-666.6778676407656	-500.0084007305742	8.389999999999986	666.6778676407656	8.389999999999986	166.6694669101914	-8.389999999999986	500.0084007305742	158.2794669101914	8.389999999999986	500.0084007305742	-166.6694669101914	500.0084007305742	-500.0084007305742	8.39	166.66946691019137
625	531.7756300800675	177.2585433600225	-709.03417344009	-531.7756300800675	8.389999999999986	709.03417344009	8.389999999999986	177.2585433600225	-8.389999999999986	531.7756300800675	168.8685433600225	8.389999999999986	531.7756300800675	-177.2585433600225	531.7756300800675	-531.7756300800675	8.39	177.2585433600225
626	637.1173116679057	212.37243722263523	-849.4897488905409	-637.1173116679057	8.389999999999986	849.4897488905409	8.389999999999986	212.37243722263523	-8.389999999999986	637.1173116679057	203.98243722263527	8.389999999999986	637.1173116679057	-212.37243722263523	637.1173116679057	-637.1173116679057	8.39	212.3724372226352
627	675.3837996959047	225.12793323196823	-900.5117329278729	-675.3837996959047	8.389999999999986	900.5117329278729	8.389999999999986	225.12793323196823	-8.389999999999986	675.3837996959047	216.73793323196827	8.389999999999986	675.3837996959047	-225.12793323196823	675.3837996959047	-675.3837996959047	8.39	225.1279332319682
628	684.6095731759716	228.2031910586572	-912.8127642346288	-684.6095731759716	8.389999999999986	912.8127642346288	8.389999999999986	228.2031910586572	-8.389999999999986	684.6095731759716	219.8131910586572	8.389999999999986	684.6095731759716	-228.2031910586572	684.6095731759716	-684.6095731759716	8.39	228.20319105865718
629	717.5709621965796	239.1903207321932	-956.7612829287727	-717.5709621965796	8.389999999999986	956.7612829287727	8.389999999999986	239.1903207321932	-8.389999999999986	717.5709621965796	230.8003207321932	8.389999999999986	717.5709621965796	-239.1903207321932	717.5709621965796	-717.5709621965796	8.39	239.1903207321932
630	721.5339082060815	240.5113027353605	-962.045210941442	-721.5339082060815	8.389999999999986	962.045210941442	8.389999999999986	240.5113027353605	-8.389999999999986	721.5339082060815	232.12130273536053	8.389999999999986	721.5339082060815	-240.5113027353605	721.5339082060815	-721.5339082060815	8.39	240.51130273536046
631	730.7755652372886	243.59185507909618	-974.3674203163847	-730.7755652372886	8.389999999999986	974.3674203163847	8.389999999999986	243.59185507909618	-8.389999999999986	730.7755652372886	235.20185507909622	8.389999999999986	730.7755652372886	-243.59185507909618	730.7755652372886	-730.7755652372886	8.39	243.59185507909615
632	746.6909471413848	248.8969823804616	-995.5879295218464	-746.6909471413848	8.389999999999986	995.5879295218464	8.389999999999986	248.8969823804616	-8.389999999999986	746.6909471413848	240.50698238046158	8.389999999999986	746.6909471413848	-248.8969823804616	746.6909471413848	-746.6909471413848	8.39	248.89698238046157
633	748.0172165881335	249.3390721960445	-997.356288784178	-748.0172165881335	8.389999999999986	997.356288784178	8.389999999999986	249.3390721960445	-8.389999999999986	748.0172165881335	240.94907219604448	8.389999999999986	748.0172165881335	-249.3390721960445	748.0172165881335	-748.0172165881335	8.39	249.33907219604447
634	208.715483753714	69.57182791790467	-278.2873116716188	-208.715483753714	8.389999999999986	278.2873116716188	8.389999999999986	69.57182791790467	-8.389999999999986	208.715483753714	61.18182791790467	8.389999999999986	208.715483753714	-69.57182791790467	208.715483753714	-208.715483753714	8.39	69.57182791790467
635	214.02058276110483	71.34019425370161	-285.3607770148067	-214.02058276110483	8.389999999999986	285.3607770148067	8.389999999999986	71.34019425370161	-8.389999999999986	214.02058276110483	62.95019425370161	8.389999999999986	214.02058276110483	-71.34019425370161	214.02058276110483	-214.02058276110483	8.39	71.34019425370161
636	416.46829055346313	138.82276351782104	-555.2910540712843	-416.46829055346313	8.389999999999986	555.2910540712843	8.389999999999986	138.82276351782104	-8.389999999999986	416.46829055346313	130.43276351782106	8.389999999999986	416.46829055346313	-138.82276351782104	416.46829055346313	-416.46829055346313	8.39	138.82276351782104
637	506.6344746959045	168.87815823196817	-675.5126329278726	-506.6344746959045	8.389999999999986	675.5126329278726	8.389999999999986	168.87815823196817	-8.389999999999986	506.6344746959045	160.48815823196816	8.389999999999986	506.6344746959045	-168.87815823196817	506.6344746959045	-506.6344746959045	8.39	168.87815823196814
638	432.3836724575591	144.12789081918638	-576.5115632767455	-432.3836724575591	8.389999999999986	576.5115632767455	8.389999999999986	144.12789081918638	-8.389999999999986	432.3836724575591	135.73789081918636	8.389999999999986	432.3836724575591	-144.12789081918638	432.3836724575591	-432.3836724575591	8.39	144.12789081918635
639	442.9726924323911	147.6575641441304	-590.6302565765216	-442.97269243239117	8.389999999999986	590.6302565765216	8.389999999999986	147.6575641441304	-8.389999999999986	442.97269243239117	139.2675641441304	8.389999999999986	442.97269243239117	-147.6575641441304	442.97269243239117	-442.97269243239117	8.39	147.6575641441304
640	472.0926773771962	157.3642257923987	-629.4569031695949	-472.09267737719614	8.389999999999986	629.4569031695949	8.389999999999986	157.3642257923987	-8.389999999999986	472.09267737719614	148.97422579239873	8.389999999999986	472.09267737719614	-157.3642257923987	472.09267737719614	-472.09267737719614	8.39	157.3642257923987
641	518.5048400417661	172.8349466805887	-691.3397867223548	-518.5048400417661	8.389999999999986	691.3397867223548	8.389999999999986	172.8349466805887	-8.389999999999986	518.5048400417661	164.44494668058869	8.389999999999986	518.5048400417661	-172.8349466805887	518.5048400417661	-518.5048400417661	8.39	172.83494668058867
642	539.7253209532528	179.90844031775094	-719.6337612710038	-539.7253209532528	8.389999999999986	719.6337612710038	8.389999999999986	179.90844031775094	-8.389999999999986	539.7253209532528	171.51844031775093	8.389999999999986	539.7253209532528	-179.90844031775094	539.7253209532528	-539.7253209532528	8.39	179.90844031775094
643	547.6353928285062	182.54513094283539	-730.1805237713415	-547.6353928285062	8.389999999999986	730.1805237713415	8.389999999999986	182.54513094283539	-8.389999999999986	547.6353928285062	174.15513094283537	8.389999999999986	547.6353928285062	-182.54513094283539	547.6353928285062	-547.6353928285062	8.39	182.54513094283539
644	597.6799565743237	199.22665219144122	-796.9066087657649	-597.6799565743237	8.389999999999986	796.9066087657649	8.389999999999986	199.22665219144122	-8.389999999999986	597.6799565743237	190.8366521914412	8.389999999999986	597.6799565743237	-199.22665219144122	597.6799565743237	-597.6799565743237	8.39	199.22665219144125
645	507.9580916037597	169.31936386791992	-677.2774554716797	-507.9580916037597	8.389999999999986	677.2774554716797	8.389999999999986	169.31936386791992	-8.389999999999986	507.9580916037597	160.9293638679199	8.389999999999986	507.9580916037597	-169.31936386791992	507.9580916037597	-507.9580916037597	8.39	169.3193638679199
646	425.7655137952705	141.92183793175684	-567.6873517270275	-425.7655137952705	8.389999999999986	567.6873517270275	8.389999999999986	141.92183793175684	-8.389999999999986	425.7655137952705	133.53183793175685	8.389999999999986	425.7655137952705	-141.92183793175684	425.7655137952705	-425.7655137952705	8.39	141.92183793175684
647	195.44998820422177	65.14999606807393	-260.5999842722957	-195.44998820422177	8.389999999999986	260.5999842722957	8.389999999999986	65.14999606807393	-8.389999999999986	195.44998820422177	56.75999606807393	8.389999999999986	195.44998820422177	-65.14999606807393	195.44998820422177	-195.44998820422177	8.39	65.14999606807392
648	449.5802303076876	149.86007676922918	-599.4403070769167	-449.5802303076876	8.389999999999986	599.4403070769167	8.389999999999986	149.86007676922918	-8.389999999999986	449.5802303076876	141.4700767692292	8.389999999999986	449.5802303076876	-149.86007676922918	449.5802303076876	-449.5802303076876	8.39	149.86007676922924
649	529.1363009784209	176.37876699280696	-705.5150679712278	-529.1363009784209	8.389999999999986	705.5150679712278	8.389999999999986	176.37876699280696	-8.389999999999986	529.1363009784209	167.98876699280697	8.389999999999986	529.1363009784209	-176.37876699280696	529.1363009784209	-529.1363009784209	8.39	176.37876699280696
650	542.3725653579409	180.79085511931362	-723.1634204772545	-542.3725653579409	8.389999999999986	723.1634204772545	8.389999999999986	180.79085511931362	-8.389999999999986	542.3725653579409	172.40085511931363	8.389999999999986	542.3725653579409	-180.79085511931362	542.3725653579409	-542.3725653579409	8.39	180.79085511931362
651	713.5894800970441	237.86316003234802	-951.4526401293921	-713.5894800970441	8.389999999999986	951.4526401293921	8.389999999999986	237.86316003234802	-8.389999999999986	713.5894800970441	229.47316003234806	8.389999999999986	713.5894800970441	-237.86316003234802	713.5894800970441	-713.5894800970441	8.39	237.863160032348
652	433.70728936541445	144.56909645513815	-578.2763858205528	-433.70728936541445	8.389999999999986	578.2763858205528	8.389999999999986	144.56909645513815	-8.389999999999986	433.70728936541445	136.17909645513816	8.389999999999986	433.70728936541445	-144.56909645513815	433.70728936541445	-433.70728936541445	8.39	144.56909645513815
653	497.3690716289277	165.7896905429759	-663.1587621719038	-497.3690716289277	8.389999999999986	663.1587621719038	8.389999999999986	165.7896905429759	-8.389999999999986	497.3690716289277	157.39969054297592	8.389999999999986	497.3690716289277	-165.7896905429759	497.3690716289277	-497.3690716289277	8.39	165.7896905429759
654	720.2102807092488	240.0700935697496	-960.2803742789985	-720.2102807092488	8.389999999999986	960.2803742789985	8.389999999999986	240.0700935697496	-8.389999999999986	720.2102807092488	231.6800935697496	8.389999999999986	720.2102807092488	-240.0700935697496	720.2102807092488	-720.2102807092488	8.39	240.0700935697496
655	556.8822598054489	185.62741993514965	-742.5096797405986	-556.8822598054489	8.389999999999986	742.5096797405986	8.389999999999986	185.62741993514965	-8.389999999999986	556.8822598054489	177.23741993514966	8.389999999999986	556.8822598054489	-185.62741993514965	556.8822598054489	-556.8822598054489	8.39	185.62741993514965
656	473.41629428505144	157.8054314283505	-631.2217257134018	-473.41629428505144	8.389999999999986	631.2217257134018	8.389999999999986	157.8054314283505	-8.389999999999986	473.41629428505144	149.41543142835047	8.389999999999986	473.41629428505144	-157.8054314283505	473.41629428505144	-473.41629428505144	8.39	157.80543142835046
657	436.34396592816756	145.44798864272252	-581.7919545708902	-436.34396592816756	8.389999999999986	581.7919545708902	8.389999999999986	145.44798864272252	-8.389999999999986	436.34396592816756	137.05798864272253	8.389999999999986	436.34396592816756	-145.44798864272252	436.34396592816756	-436.34396592816756	8.39	145.44798864272252
658	225.90151594890108	75.30050531630037	-301.2020212652017	-225.90151594890108	8.389999999999986	301.2020212652017	8.389999999999986	75.30050531630037	-8.389999999999986	225.90151594890108	66.91050531630037	8.389999999999986	225.90151594890108	-75.30050531630037	225.90151594890108	-225.90151594890108	8.39	75.30050531630036
659	146.64202509134248	48.8806750304475	-195.52270012179005	-146.64202509134248	8.389999999999986	195.52270012179005	8.389999999999986	48.8806750304475	-8.389999999999986	146.64202509134248	40.4906750304475	8.389999999999986	146.64202509134248	-48.8806750304475	146.64202509134248	-146.64202509134248	8.39	48.8806750304475
660	136.0952766533362	45.36509221777874	-181.46036887111504	-136.0952766533362	8.389999999999986	181.46036887111504	8.389999999999986	45.36509221777874	-8.389999999999986	136.0952766533362	36.97509221777874	8.389999999999986	136.0952766533362	-45.36509221777874	136.0952766533362	-136.0952766533362	8.39	45.36509221777874
661	563.487240273903	187.82908009130102	-751.316320365204	-563.487240273903	8.389999999999986	751.316320365204	8.389999999999986	187.82908009130102	-8.389999999999986	563.487240273903	179.439080091301	8.389999999999986	563.487240273903	-187.82908009130102	563.487240273903	-563.487240273903	8.39	187.82908009130097
662	623.9312341282529	207.97707804275097	-831.9083121710039	-623.9312341282529	8.389999999999986	831.9083121710039	8.389999999999986	207.97707804275097	-8.389999999999986	623.9312341282529	199.58707804275096	8.389999999999986	623.9312341282529	-207.97707804275097	623.9312341282529	-623.9312341282529	8.39	207.97707804275092
663	220.638688478336	73.54622949277866	-294.1849179711146	-220.638688478336	8.389999999999986	294.1849179711146	8.389999999999986	73.54622949277866	-8.389999999999986	220.638688478336	65.15622949277866	8.389999999999986	220.638688478336	-73.54622949277866	220.638688478336	-220.638688478336	8.39	73.54622949277866
664	409.85013189117444	136.61671063039148	-546.4668425215659	-409.85013189117444	8.389999999999986	546.4668425215659	8.389999999999986	136.61671063039148	-8.389999999999986	409.85013189117444	128.22671063039147	8.389999999999986	409.85013189117444	-136.61671063039148	409.85013189117444	-409.85013189117444	8.39	136.61671063039145
665	444.29630934024635	148.09876978008214	-592.3950791203285	-444.2963093402464	8.389999999999986	592.3950791203285	8.389999999999986	148.09876978008214	-8.389999999999986	444.2963093402464	139.70876978008212	8.389999999999986	444.2963093402464	-148.09876978008214	444.2963093402464	-444.2963093402464	8.39	148.0987697800821
666	503.97926204311756	167.99308734770585	-671.9723493908234	-503.97926204311756	8.389999999999986	671.9723493908234	8.389999999999986	167.99308734770585	-8.389999999999986	503.97926204311756	159.60308734770584	8.389999999999986	503.97926204311756	-167.99308734770585	503.97926204311756	-503.97926204311756	8.39	167.99308734770582
667	510.5947681665128	170.19825605550426	-680.793024222017	-510.5947681665128	8.389999999999986	680.793024222017	8.389999999999986	170.19825605550426	-8.389999999999986	510.5947681665128	161.80825605550424	8.389999999999986	510.5947681665128	-170.19825605550426	510.5947681665128	-510.5947681665128	8.39	170.19825605550423
668	668.765641033616	222.9218803445387	-891.6875213781548	-668.765641033616	8.389999999999986	891.6875213781548	8.389999999999986	222.9218803445387	-8.389999999999986	668.765641033616	214.53188034453868	8.389999999999986	668.765641033616	-222.9218803445387	668.765641033616	-668.765641033616	8.39	222.92188034453866
669	296.76679025443264	98.92226341814421	-395.68905367257685	-296.76679025443264	8.389999999999986	395.68905367257685	8.389999999999986	98.92226341814421	-8.389999999999986	296.76679025443264	90.53226341814421	8.389999999999986	296.76679025443264	-98.92226341814421	296.76679025443264	-296.76679025443264	8.39	98.92226341814421
670	341.41169183656984	113.80389727885662	-455.2155891154265	-341.41169183656984	8.389999999999986	455.2155891154265	8.389999999999986	113.80389727885662	-8.389999999999986	341.41169183656984	105.41389727885662	8.389999999999986	341.41169183656984	-113.80389727885662	341.41169183656984	-341.41169183656984	8.39	113.8038972788566
671	174.37477412651958	58.12492470883987	-232.49969883535957	-174.37477412651958	8.389999999999986	232.49969883535957	8.389999999999986	58.12492470883987	-8.389999999999986	174.37477412651958	49.73492470883987	8.389999999999986	174.37477412651958	-58.12492470883987	174.37477412651958	-174.37477412651958	8.39	58.12492470883984
672	367.6603274405833	122.55344248019443	-490.21376992077796	-367.6603274405833	8.389999999999986	490.21376992077796	8.389999999999986	122.55344248019443	-8.389999999999986	367.6603274405833	114.16344248019443	8.389999999999986	367.6603274405833	-122.55344248019443	367.6603274405833	-367.6603274405833	8.39	122.5534424801944
673	537.0754345986488	179.02514486621627	-716.1005794648654	-537.0754345986488	8.389999999999986	716.1005794648654	8.389999999999986	179.02514486621627	-8.389999999999986	537.0754345986488	170.63514486621625	8.389999999999986	537.0754345986488	-179.02514486621627	537.0754345986488	-537.0754345986488	8.39	179.0251448662163
674	621.2919156155841	207.09730520519471	-828.3892208207791	-621.2919156155841	8.389999999999986	828.3892208207791	8.389999999999986	207.09730520519471	-8.389999999999986	621.2919156155841	198.7073052051947	8.389999999999986	621.2919156155841	-207.09730520519471	621.2919156155841	-621.2919156155841	8.39	207.0973052051947
675	631.8386640535904	210.61288801786347	-842.4515520714541	-631.8386640535904	8.389999999999986	842.4515520714541	8.389999999999986	210.61288801786347	-8.389999999999986	631.8386640535904	202.22288801786345	8.389999999999986	631.8386640535904	-210.61288801786347	631.8386640535904	-631.8386640535904	8.39	210.61288801786344
676	652.9323296782528	217.64410989275095	-870.576439571004	-652.9323296782528	8.389999999999986	870.576439571004	8.389999999999986	217.64410989275095	-8.389999999999986	652.9323296782528	209.25410989275093	8.389999999999986	652.9323296782528	-217.64410989275095	652.9323296782528	-652.9323296782528	8.39	217.64410989275092
677	454.84041582833675	151.61347194277892	-606.4538877711158	-454.84041582833675	8.389999999999986	606.4538877711158	8.389999999999986	151.61347194277892	-8.389999999999986	454.84041582833675	143.22347194277893	8.389999999999986	454.84041582833675	-151.61347194277892	454.84041582833675	-454.84041582833675	8.39	151.61347194277892
678	413.8104359507604	137.9368119835868	-551.7472479343472	-413.8104359507604	8.389999999999986	551.7472479343472	8.389999999999986	137.9368119835868	-8.389999999999986	413.8104359507604	129.5468119835868	8.389999999999986	413.8104359507604	-137.9368119835868	413.8104359507604	-413.8104359507604	8.39	137.93681198358678
679	396.63231905861437	132.21077301953812	-528.8430920781526	-396.63231905861437	8.389999999999986	528.8430920781526	8.389999999999986	132.21077301953812	-8.389999999999986	396.63231905861437	123.82077301953812	8.389999999999986	396.63231905861437	-132.21077301953812	396.63231905861437	-396.63231905861437	8.39	132.21077301953812
680	395.3113441006749	131.7704480335583	-527.0817921342333	-395.3113441006749	8.389999999999986	527.0817921342333	8.389999999999986	131.7704480335583	-8.389999999999986	395.3113441006749	123.3804480335583	8.389999999999986	395.3113441006749	-131.7704480335583	395.3113441006749	-395.3113441006749	8.39	131.7704480335583
681	344.0457264494072	114.68190881646906	-458.7276352658764	-344.0457264494072	8.389999999999986	458.7276352658764	8.389999999999986	114.68190881646906	-8.389999999999986	344.0457264494072	106.29190881646906	8.389999999999986	344.0457264494072	-114.68190881646906	344.0457264494072	-344.0457264494072	8.39	114.6819088164691
682	330.90440423682344	110.30146807894114	-441.20587231576474	-330.90440423682344	8.389999999999986	441.20587231576474	8.389999999999986	110.30146807894114	-8.389999999999986	330.90440423682344	101.91146807894114	8.389999999999986	330.90440423682344	-110.30146807894114	330.90440423682344	-330.90440423682344	8.39	110.30146807894118
683	162.51232408369947	54.1707746945665	-216.68309877826604	-162.51232408369947	8.389999999999986	216.68309877826604	8.389999999999986	54.1707746945665	-8.389999999999986	162.51232408369947	45.780774694566496	8.389999999999986	162.51232408369947	-54.1707746945665	162.51232408369947	-162.51232408369947	8.39	54.1707746945665
684	151.92330410886757	50.64110136962254	-202.56440547849002	-151.92330410886763	8.389999999999986	202.56440547849002	8.389999999999986	50.64110136962254	-8.389999999999986	151.92330410886763	42.25110136962254	8.389999999999986	151.92330410886763	-50.64110136962254	151.92330410886763	-151.92330410886763	8.39	50.64110136962255
685	401.9374180660054	133.97913935533512	-535.9165574213405	-401.93741806600536	8.389999999999986	535.9165574213405	8.389999999999986	133.97913935533512	-8.389999999999986	401.93741806600536	125.58913935533512	8.389999999999986	401.93741806600536	-133.97913935533512	401.93741806600536	-401.93741806600536	8.39	133.97913935533512
686	667.4420241257608	222.48067470858695	-889.9226988343478	-667.4420241257608	8.389999999999986	889.9226988343478	8.389999999999986	222.48067470858695	-8.389999999999986	667.4420241257608	214.09067470858693	8.389999999999986	667.4420241257608	-222.48067470858695	667.4420241257608	-667.4420241257608	8.39	222.4806747085869
687	726.802009029772	242.26733634325734	-969.0693453730294	-726.802009029772	8.389999999999986	969.0693453730294	8.389999999999986	242.26733634325734	-8.389999999999986	726.802009029772	233.87733634325733	8.389999999999986	726.802009029772	-242.26733634325734	726.802009029772	-726.802009029772	8.39	242.26733634325728
688	233.8194715291795	77.93982384305986	-311.7592953722394	-233.81947152917957	8.389999999999986	311.7592953722394	8.389999999999986	77.93982384305986	-8.389999999999986	233.81947152917957	69.54982384305985	8.389999999999986	233.81947152917957	-77.93982384305986	233.81947152917957	-233.81947152917957	8.39	77.93982384305986
689	304.6742201797699	101.55807339325665	-406.2322935730266	-304.6742201797699	8.389999999999986	406.2322935730266	8.389999999999986	101.55807339325665	-8.389999999999986	304.6742201797699	93.16807339325665	8.389999999999986	304.6742201797699	-101.55807339325665	304.6742201797699	-304.6742201797699	8.39	101.55807339325665
690	438.98856838293966	146.32952279431322	-585.3180911772529	-438.98856838293966	8.389999999999986	585.3180911772529	8.389999999999986	146.32952279431322	-8.389999999999986	438.98856838293966	137.9395227943132	8.389999999999986	438.98856838293966	-146.32952279431322	438.98856838293966	-438.98856838293966	8.39	146.3295227943132
691	568.7579514494934	189.5859838164978	-758.3439352659911	-568.7579514494934	8.389999999999986	758.3439352659911	8.389999999999986	189.5859838164978	-8.389999999999986	568.7579514494934	181.19598381649777	8.389999999999986	568.7579514494934	-189.5859838164978	568.7579514494934	-568.7579514494934	8.39	189.58598381649776
692	595.0406380616546	198.34687935388484	-793.3875174155394	-595.0406380616546	8.389999999999986	793.3875174155394	8.389999999999986	198.34687935388484	-8.389999999999986	595.0406380616546	189.95687935388483	8.389999999999986	595.0406380616546	-198.34687935388484	595.0406380616546	-595.0406380616546	8.39	198.34687935388482
693	600.3139911871609	200.10466372905364	-800.4186549162146	-600.3139911871609	8.389999999999986	800.4186549162146	8.389999999999986	200.10466372905364	-8.389999999999986	600.3139911871609	191.71466372905363	8.389999999999986	600.3139911871609	-200.10466372905364	600.3139911871609	-600.3139911871609	8.39	200.1046637290536
694	626.5652687410901	208.85508958036337	-835.4203583214535	-626.5652687410901	8.389999999999986	835.4203583214535	8.389999999999986	208.85508958036337	-8.389999999999986	626.5652687410901	200.46508958036335	8.389999999999986	626.5652687410901	-208.85508958036337	626.5652687410901	-626.5652687410901	8.39	208.85508958036334
695	695.1194921789275	231.70649739297585	-926.8259895719034	-695.1194921789275	8.389999999999986	926.8259895719034	8.389999999999986	231.70649739297585	-8.389999999999986	695.1194921789275	223.31649739297583	8.389999999999986	695.1194921789275	-231.70649739297585	695.1194921789275	-695.1194921789275	8.39	231.70649739297582
696	700.3928453044338	233.4642817681446	-933.8571270725784	-700.3928453044338	8.389999999999986	933.8571270725784	8.389999999999986	233.4642817681446	-8.389999999999986	700.3928453044338	225.07428176814457	8.389999999999986	700.3928453044338	-233.4642817681446	700.3928453044338	-700.3928453044338	8.39	233.46428176814456
697	705.6662406169338	235.2220802056446	-940.8883208225784	-705.6662406169338	8.389999999999986	940.8883208225784	8.389999999999986	235.2220802056446	-8.389999999999986	705.6662406169338	226.8320802056446	8.389999999999986	705.6662406169338	-235.2220802056446	705.6662406169338	-705.6662406169338	8.39	235.22208020564457
698	141.36598782892656	47.12199594297552	-188.48798377190224	-141.36598782892656	8.389999999999986	188.48798377190224	8.389999999999986	47.12199594297552	-8.389999999999986	141.36598782892656	38.73199594297552	8.389999999999986	141.36598782892656	-47.12199594297552	141.36598782892656	-141.36598782892656	8.39	47.121995942975516
699	138.72931126617323	46.243103755391076	-184.97241502156456	-138.72931126617323	8.389999999999986	184.97241502156456	8.389999999999986	46.243103755391076	-8.389999999999986	138.72931126617323	37.853103755391075	8.389999999999986	138.72931126617323	-46.243103755391076	138.72931126617323	-138.72931126617323	8.39	46.243103755391076
700	117.67791717833643	39.22597239277881	-156.90388957111531	-117.67791717833643	8.389999999999986	156.90388957111531	8.389999999999986	39.22597239277881	-8.389999999999986	117.67791717833643	30.835972392778807	8.389999999999986	117.67791717833643	-39.22597239277881	117.67791717833643	-117.67791717833643	8.39	39.22597239277881
701	94.07652597901085	31.35884199300362	-125.43536797201448	-94.07652597901085	8.389999999999986	125.43536797201448	8.389999999999986	31.35884199300362	-8.389999999999986	94.07652597901085	22.968841993003615	8.389999999999986	94.07652597901085	-31.35884199300362	94.07652597901085	-94.07652597901085	8.39	31.358841993003622
702	125.59063100350545	41.863543667835145	-167.45417467134058	-125.59063100350544	8.389999999999986	167.45417467134058	8.389999999999986	41.863543667835145	-8.389999999999986	125.59063100350544	33.473543667835145	8.389999999999986	125.59063100350544	-41.863543667835145	125.59063100350544	-125.59063100350544	8.39	41.863543667835145
703	149.27870165409547	49.759567218031826	-199.0382688721273	-149.27870165409547	8.389999999999986	199.0382688721273	8.389999999999986	49.759567218031826	-8.389999999999986	149.27870165409547	41.36956721803182	8.389999999999986	149.27870165409547	-49.759567218031826	149.27870165409547	-149.27870165409547	8.39	49.75956721803183
704	167.77779350418052	55.925931168060174	-223.7037246722407	-167.77779350418052	8.389999999999986	223.7037246722407	8.389999999999986	55.925931168060174	-8.389999999999986	167.77779350418052	47.53593116806017	8.389999999999986	167.77779350418052	-55.925931168060174	167.77779350418052	-167.77779350418052	8.39	55.925931168060174
705	188.87145912884296	62.95715304294765	-251.8286121717906	-188.87145912884296	8.389999999999986	251.8286121717906	8.389999999999986	62.95715304294765	-8.389999999999986	188.87145912884296	54.56715304294765	8.389999999999986	188.87145912884296	-62.95715304294765	188.87145912884296	-188.87145912884296	8.39	62.95715304294765
706	299.40346681718586	99.80115560572862	-399.2046224229145	-299.40346681718586	8.389999999999986	399.2046224229145	8.389999999999986	99.80115560572862	-8.389999999999986	299.40346681718586	91.41115560572862	8.389999999999986	299.40346681718586	-99.80115560572862	299.40346681718586	-299.40346681718586	8.39	99.80115560572861
707	378.1676150403297	126.05587168010989	-504.22348672043955	-378.1676150403297	8.389999999999986	504.22348672043955	8.389999999999986	126.05587168010989	-8.389999999999986	378.1676150403297	117.66587168010992	8.389999999999986	378.1676150403297	-126.05587168010989	378.1676150403297	-378.1676150403297	8.39	126.05587168010987
708	380.8042916030828	126.93476386769426	-507.73905547077703	-380.8042916030828	8.389999999999986	507.73905547077703	8.389999999999986	126.93476386769426	-8.389999999999986	380.8042916030828	118.54476386769429	8.389999999999986	380.8042916030828	-126.93476386769426	380.8042916030828	-380.8042916030828	8.39	126.93476386769424
709	423.11826939058244	141.03942313019414	-564.1576925207765	-423.11826939058244	8.389999999999986	564.1576925207765	8.389999999999986	141.03942313019414	-8.389999999999986	423.11826939058244	132.64942313019418	8.389999999999986	423.11826939058244	-141.03942313019414	423.11826939058244	-423.11826939058244	8.39	141.0394231301941
710	428.40219035802363	142.8007301193412	-571.2029204773648	-428.40219035802363	8.389999999999986	571.2029204773648	8.389999999999986	142.8007301193412	-8.389999999999986	428.40219035802363	134.41073011934122	8.389999999999986	428.40219035802363	-142.8007301193412	428.40219035802363	-428.40219035802363	8.39	142.8007301193412
711	554.2350154007607	184.74500513358691	-738.9800205343477	-554.2350154007607	8.389999999999986	738.9800205343477	8.389999999999986	184.74500513358691	-8.389999999999986	554.2350154007607	176.35500513358693	8.389999999999986	554.2350154007607	-184.74500513358691	554.2350154007607	-554.2350154007607	8.39	184.74500513358691
712	708.3055591296028	236.10185304320092	-944.4074121728037	-708.3055591296028	8.389999999999986	944.4074121728037	8.389999999999986	236.10185304320092	-8.389999999999986	708.3055591296028	227.71185304320096	8.389999999999986	708.3055591296028	-236.10185304320092	708.3055591296028	-708.3055591296028	8.39	236.1018530432009
713	740.072788479096	246.69092949303197	-986.7637179721279	-740.072788479096	8.389999999999986	986.7637179721279	8.389999999999986	246.69092949303197	-8.389999999999986	740.072788479096	238.30092949303202	8.389999999999986	740.072788479096	-246.69092949303197	740.072788479096	-740.072788479096	8.39	246.69092949303194
714	264.05487313256015	88.01829104418675	-352.0731641767469	-264.0548731325602	8.389999999999986	352.0731641767469	8.389999999999986	88.01829104418675	-8.389999999999986	264.0548731325602	79.62829104418675	8.389999999999986	264.0548731325602	-88.01829104418675	264.0548731325602	-264.0548731325602	8.39	88.0182910441867
715	109.80206438623361	36.60068812874454	-146.40275251497815	-109.80206438623361	8.389999999999986	146.40275251497815	8.389999999999986	36.60068812874454	-8.389999999999986	109.80206438623361	28.210688128744536	8.389999999999986	109.80206438623361	-36.60068812874454	109.80206438623361	-109.80206438623361	8.39	36.60068812874454
716	155.88889206828526	51.96296402276177	-207.85185609104724	-155.88889206828532	8.389999999999986	207.85185609104724	8.389999999999986	51.96296402276177	-8.389999999999986	155.88889206828532	43.57296402276177	8.389999999999986	155.88889206828532	-51.96296402276177	155.88889206828532	-155.88889206828532	8.39	51.96296402276178
717	315.18150777951655	105.06050259317216	-420.24201037268904	-315.1815077795165	8.389999999999986	420.24201037268904	8.389999999999986	105.06050259317216	-8.389999999999986	315.1815077795165	96.67050259317216	8.389999999999986	315.1815077795165	-105.06050259317216	315.1815077795165	-315.1815077795165	8.39	105.06050259317217
718	170.41447006693352	56.804823355644515	-227.21929342257795	-170.41447006693355	8.389999999999986	227.21929342257795	8.389999999999986	56.804823355644515	-8.389999999999986	170.41447006693355	48.414823355644515	8.389999999999986	170.41447006693355	-56.804823355644515	170.41447006693355	-170.41447006693355	8.39	56.804823355644515
719	200.73390917166307	66.91130305722102	-267.6452122288841	-200.73390917166307	8.389999999999986	267.6452122288841	8.389999999999986	66.91130305722102	-8.389999999999986	200.73390917166307	58.52130305722102	8.389999999999986	200.73390917166307	-66.91130305722102	200.73390917166307	-200.73390917166307	8.39	66.91130305722102
720	294.1301136916795	98.04337123055986	-392.17348492223937	-294.1301136916796	8.389999999999986	392.17348492223937	8.389999999999986	98.04337123055986	-8.389999999999986	294.1301136916796	89.65337123055986	8.389999999999986	294.1301136916796	-98.04337123055986	294.1301136916796	-294.1301136916796	8.39	98.04337123055986
721	83.5297775410047	27.843259180334886	-111.37303672133976	-83.52977754100465	8.389999999999986	111.37303672133976	8.389999999999986	27.843259180334886	-8.389999999999986	83.52977754100465	19.453259180334886	8.389999999999986	83.52977754100465	-27.843259180334886	83.52977754100465	-83.52977754100465	8.39	27.843259180334883
722	161.19399107567608	53.73133035855869	-214.9253214342349	-161.19399107567608	8.389999999999986	214.9253214342349	8.389999999999986	53.73133035855869	-8.389999999999986	161.19399107567608	45.341330358558686	8.389999999999986	161.19399107567608	-53.73133035855869	161.19399107567608	-161.19399107567608	8.39	53.73133035855871
723	179.68251508382627	59.894171694608765	-239.57668677843523	-179.68251508382627	8.389999999999986	239.57668677843523	8.389999999999986	59.894171694608765	-8.389999999999986	179.68251508382627	51.504171694608765	8.389999999999986	179.68251508382627	-59.894171694608765	179.68251508382627	-179.68251508382627	8.39	59.89417169460873
724	121.64350513775423	40.54783504591808	-162.1913401836724	-121.64350513775423	8.389999999999986	162.1913401836724	8.389999999999986	40.54783504591808	-8.389999999999986	121.64350513775423	32.15783504591808	8.389999999999986	121.64350513775423	-40.54783504591808	121.64350513775423	-121.64350513775423	8.39	40.54783504591808
725	211.36537010831796	70.45512336943932	-281.82049347775717	-211.36537010831796	8.389999999999986	281.82049347775717	8.389999999999986	70.45512336943932	-8.389999999999986	211.36537010831796	62.06512336943931	8.389999999999986	211.36537010831796	-70.45512336943932	211.36537010831796	-211.36537010831796	8.39	70.45512336943932
726	216.67046911570873	72.22348970523623	-288.89395882094493	-216.67046911570873	8.389999999999986	288.89395882094493	8.389999999999986	72.22348970523623	-8.389999999999986	216.67046911570873	63.83348970523624	8.389999999999986	216.67046911570873	-72.22348970523623	216.67046911570873	-216.67046911570873	8.39	72.22348970523626
727	243.09015849598802	81.030052831996	-324.120211327984	-243.09015849598802	8.389999999999986	324.120211327984	8.389999999999986	81.030052831996	-8.389999999999986	243.09015849598802	72.640052831996	8.389999999999986	243.09015849598802	-81.030052831996	243.09015849598802	-243.09015849598802	8.39	81.03005283199602
728	490.7217347417243	163.57391158057476	-654.295646322299	-490.7217347417243	8.389999999999986	654.295646322299	8.389999999999986	163.57391158057476	-8.389999999999986	490.7217347417243	155.18391158057477	8.389999999999986	490.7217347417243	-163.57391158057476	490.7217347417243	-490.7217347417243	8.39	163.57391158057476
729	501.3320176384294	167.11067254614315	-668.4426901845726	-501.3320176384294	8.389999999999986	668.4426901845726	8.389999999999986	167.11067254614315	-8.389999999999986	501.3320176384294	158.72067254614313	8.389999999999986	501.3320176384294	-167.11067254614315	501.3320176384294	-501.3320176384294	8.39	167.11067254614312
730	237.7850594885972	79.26168649619908	-317.0467459847964	-237.78505948859723	8.389999999999986	317.0467459847964	8.389999999999986	79.26168649619908	-8.389999999999986	237.78505948859723	70.87168649619908	8.389999999999986	237.78505948859723	-79.26168649619908	237.78505948859723	-237.78505948859723	8.39	79.26168649619908
731	391.35104004108916	130.45034668036305	-521.8013867214524	-391.35104004108916	8.389999999999986	521.8013867214524	8.389999999999986	130.45034668036305	-8.389999999999986	391.35104004108916	122.06034668036305	8.389999999999986	391.35104004108916	-130.45034668036305	391.35104004108916	-391.35104004108916	8.39	130.45034668036305
732	404.5767365786744	134.85891219289147	-539.4356487715661	-404.5767365786744	8.389999999999986	539.4356487715661	8.389999999999986	134.85891219289147	-8.389999999999986	404.5767365786744	126.46891219289147	8.389999999999986	404.5767365786744	-134.85891219289147	404.5767365786744	-404.5767365786744	8.39	134.85891219289147
733	446.93298590299946	148.9776619676665	-595.9106478706663	-446.9329859029995	8.389999999999986	595.9106478706663	8.389999999999986	148.9776619676665	-8.389999999999986	446.9329859029995	140.58766196766652	8.389999999999986	446.9329859029995	-148.9776619676665	446.9329859029995	-446.9329859029995	8.39	148.9776619676665
734	458.80600378775443	152.93533459591816	-611.7413383836729	-458.8060037877545	8.389999999999986	611.7413383836729	8.389999999999986	152.93533459591816	-8.389999999999986	458.8060037877545	144.54533459591818	8.389999999999986	458.8060037877545	-152.93533459591816	458.8060037877545	-458.8060037877545	8.39	152.93533459591816
735	464.11110279514514	154.70370093171505	-618.8148037268604	-464.11110279514514	8.389999999999986	618.8148037268604	8.389999999999986	154.70370093171505	-8.389999999999986	464.11110279514514	146.31370093171506	8.389999999999986	464.11110279514514	-154.70370093171505	464.11110279514514	-464.11110279514514	8.39	154.70370093171505
736	515.8681634790128	171.95605449300427	-687.8242179720173	-515.8681634790128	8.389999999999986	687.8242179720173	8.389999999999986	171.95605449300427	-8.389999999999986	515.8681634790128	163.5660544930043	8.389999999999986	515.8681634790128	-171.95605449300427	515.8681634790128	-515.8681634790128	8.39	171.95605449300422
737	533.0992469879227	177.69974899597423	-710.7989959838972	-533.0992469879227	8.389999999999986	710.7989959838972	8.389999999999986	177.69974899597423	-8.389999999999986	533.0992469879227	169.30974899597425	8.389999999999986	533.0992469879227	-177.69974899597423	533.0992469879227	-533.0992469879227	8.39	177.69974899597423
738	634.477982566259	211.4926608554197	-845.9706434216789	-634.477982566259	8.389999999999986	845.9706434216789	8.389999999999986	211.4926608554197	-8.389999999999986	634.477982566259	203.10266085541969	8.389999999999986	634.477982566259	-211.4926608554197	634.477982566259	-634.477982566259	8.39	211.49266085541962
739	638.4409285757608	212.81364285858697	-851.254571434348	-638.4409285757608	8.389999999999986	851.254571434348	8.389999999999986	212.81364285858697	-8.389999999999986	638.4409285757608	204.42364285858696	8.389999999999986	638.4409285757608	-212.81364285858697	638.4409285757608	-638.4409285757608	8.39	212.8136428585869
740	642.4197581364031	214.139919378801	-856.5596775152044	-642.4197581364031	8.389999999999986	856.5596775152044	8.389999999999986	214.139919378801	-8.389999999999986	642.4197581364031	205.749919378801	8.389999999999986	642.4197581364031	-214.139919378801	642.4197581364031	-642.4197581364031	8.39	214.13991937880104
741	671.4023175963691	223.80077253212306	-895.2030901284925	-671.4023175963691	8.389999999999986	895.2030901284925	8.389999999999986	223.80077253212306	-8.389999999999986	671.4023175963691	215.41077253212308	8.389999999999986	671.4023175963691	-223.80077253212306	671.4023175963691	-671.4023175963691	8.39	223.800772532123
742	722.8575251139366	240.95250837131223	-963.810033485249	-722.8575251139366	8.389999999999986	963.810033485249	8.389999999999986	240.95250837131223	-8.389999999999986	722.8575251139366	232.56250837131222	8.389999999999986	722.8575251139366	-240.95250837131223	722.8575251139366	-722.8575251139366	8.39	240.95250837131215
743	733.4254515918924	244.47515053063083	-977.9006021225234	-733.4254515918924	8.389999999999986	977.9006021225234	8.389999999999986	244.47515053063083	-8.389999999999986	733.4254515918924	236.0851505306308	8.389999999999986	733.4254515918924	-244.47515053063083	733.4254515918924	-733.4254515918924	8.39	244.47515053063074
744	685.9331900838268	228.64439669460896	-914.5775867784358	-685.9331900838268	8.389999999999986	914.5775867784358	8.389999999999986	228.64439669460896	-8.389999999999986	685.9331900838268	220.25439669460894	8.389999999999986	685.9331900838268	-228.64439669460896	685.9331900838268	-685.9331900838268	8.39	228.64439669460893
745	658.2083247536744	219.4027749178915	-877.611099671566	-658.2083247536744	8.389999999999986	877.611099671566	8.389999999999986	219.4027749178915	-8.389999999999986	658.2083247536744	211.01277491789148	8.389999999999986	658.2083247536744	-219.4027749178915	658.2083247536744	-658.2083247536744	8.39	219.40277491789146
746	390.0300650831499	130.0100216943833	-520.0400867775332	-390.0300650831499	8.389999999999986	520.0400867775332	8.389999999999986	130.0100216943833	-8.389999999999986	390.0300650831499	121.62002169438331	8.389999999999986	390.0300650831499	-130.0100216943833	390.0300650831499	-390.0300650831499	8.39	130.01002169438328
747	386.0671190736481	128.68903969121604	-514.756158764864	-386.0671190736481	8.389999999999986	514.756158764864	8.389999999999986	128.68903969121604	-8.389999999999986	386.0671190736481	120.29903969121604	8.389999999999986	386.0671190736481	-128.68903969121604	386.0671190736481	-386.0671190736481	8.39	128.689039691216
748	232.50113852115624	77.50037950705209	-310.0015180282084	-232.50113852115624	8.389999999999986	310.0015180282084	8.389999999999986	77.50037950705209	-8.389999999999986	232.50113852115624	69.11037950705209	8.389999999999986	232.50113852115624	-77.50037950705209	232.50113852115624	-232.50113852115624	8.39	77.50037950705207
749	228.5381925116542	76.17939750388474	-304.7175900155392	-228.5381925116542	8.389999999999986	304.7175900155392	8.389999999999986	76.17939750388474	-8.389999999999986	228.5381925116542	67.78939750388474	8.389999999999986	228.5381925116542	-76.17939750388474	228.5381925116542	-228.5381925116542	8.39	76.17939750388473
750	196.77096316216102	65.59032105405369	-262.361284216215	-196.77096316216102	8.389999999999986	262.361284216215	8.389999999999986	65.59032105405369	-8.389999999999986	196.77096316216102	57.20032105405369	8.389999999999986	196.77096316216102	-65.59032105405369	196.77096316216102	-196.77096316216102	8.39	65.59032105405366
751	90.12940011325963	30.043133371086544	-120.17253348434626	-90.12940011325963	8.389999999999986	120.17253348434626	8.389999999999986	30.043133371086544	-8.389999999999986	90.12940011325963	21.653133371086543	8.389999999999986	90.12940011325963	-30.043133371086544	90.12940011325963	-90.12940011325963	8.39	30.04313337108655
752	86.16645410375781	28.72215136791927	-114.88860547167715	-86.16645410375781	8.389999999999986	114.88860547167715	8.389999999999986	28.72215136791927	-8.389999999999986	86.16645410375781	20.33215136791927	8.389999999999986	86.16645410375781	-28.72215136791927	86.16645410375781	-86.16645410375781	8.39	28.722151367919277
753	679.3335675115718	226.44452250385729	-905.7780900154291	-679.3335675115718	8.389999999999986	905.7780900154291	8.389999999999986	226.44452250385729	-8.389999999999986	679.3335675115718	218.0545225038573	8.389999999999986	679.3335675115718	-226.44452250385729	679.3335675115718	-679.3335675115718	8.39	226.44452250385723
754	681.9702440743249	227.32341469144166	-909.2936587657666	-681.9702440743249	8.389999999999986	909.2936587657666	8.389999999999986	227.32341469144166	-8.389999999999986	681.9702440743249	218.93341469144167	8.389999999999986	681.9702440743249	-227.32341469144166	681.9702440743249	-681.9702440743249	8.39	227.3234146914416
755	710.9528035342909	236.98426784476362	-947.9370713790545	-710.9528035342909	8.389999999999986	947.9370713790545	8.389999999999986	236.98426784476362	-8.389999999999986	710.9528035342909	228.59426784476364	8.389999999999986	710.9528035342909	-236.98426784476362	710.9528035342909	-710.9528035342909	8.39	236.98426784476362
756	742.720032883784	247.57334429459468	-990.2933771783787	-742.720032883784	8.389999999999986	990.2933771783787	8.389999999999986	247.57334429459468	-8.389999999999986	742.720032883784	239.1833442945947	8.389999999999986	742.720032883784	-247.57334429459468	742.720032883784	-742.720032883784	8.39	247.57334429459468
757	348.011314408825	116.00377146960834	-464.0150858784334	-348.011314408825	8.389999999999986	464.0150858784334	8.389999999999986	116.00377146960834	-8.389999999999986	348.011314408825	107.61377146960834	8.389999999999986	348.011314408825	-116.00377146960834	348.011314408825	-348.011314408825	8.39	116.00377146960834
758	550.2720693912588	183.42402313041958	-733.6960925216783	-550.2720693912588	8.389999999999986	733.6960925216783	8.389999999999986	183.42402313041958	-8.389999999999986	550.2720693912588	175.03402313041957	8.389999999999986	550.2720693912588	-183.42402313041958	550.2720693912588	-550.2720693912588	8.39	183.42402313041958
759	566.123916836656	188.70797227888534	-754.8318891155413	-566.123916836656	8.389999999999986	754.8318891155413	8.389999999999986	188.70797227888534	-8.389999999999986	566.123916836656	180.31797227888532	8.389999999999986	566.123916836656	-188.70797227888534	566.123916836656	-566.123916836656	8.39	188.70797227888534
760	574.0339887119092	191.34466290396972	-765.3786516158789	-574.0339887119092	8.389999999999986	765.3786516158789	8.389999999999986	191.34466290396972	-8.389999999999986	574.0339887119092	182.9546629039697	8.389999999999986	574.0339887119092	-191.34466290396972	574.0339887119092	-574.0339887119092	8.39	191.34466290396972
761	589.7804525410052	196.59348418033505	-786.3739367213402	-589.7804525410052	8.389999999999986	786.3739367213402	8.389999999999986	196.59348418033505	-8.389999999999986	589.7804525410052	188.20348418033504	8.389999999999986	589.7804525410052	-196.59348418033505	589.7804525410052	-589.7804525410052	8.39	196.59348418033505
762	655.5716481909215	218.52388273030715	-874.0955309212286	-655.5716481909215	8.389999999999986	874.0955309212286	8.389999999999986	218.52388273030715	-8.389999999999986	655.5716481909215	210.13388273030714	8.389999999999986	655.5716481909215	-218.52388273030715	655.5716481909215	-655.5716481909215	8.39	218.52388273030715
763	749.3408334959886	249.78027783199622	-999.1211113279849	-749.3408334959886	8.389999999999986	999.1211113279849	8.389999999999986	249.78027783199622	-8.389999999999986	749.3408334959886	241.3902778319962	8.389999999999986	749.3408334959886	-249.78027783199622	749.3408334959886	-749.3408334959886	8.39	249.78027783199622
764	219.31771352039675	73.10590450679892	-292.4236180271957	-219.31771352039675	8.389999999999986	292.4236180271957	8.389999999999986	73.10590450679892	-8.389999999999986	219.31771352039675	64.71590450679892	8.389999999999986	219.31771352039675	-73.10590450679892	219.31771352039675	-219.31771352039675	8.39	73.10590450679888
765	660.8555691583624	220.28518971945414	-881.1407588778166	-660.8555691583624	8.389999999999986	881.1407588778166	8.389999999999986	220.28518971945414	-8.389999999999986	660.8555691583624	211.89518971945415	8.389999999999986	660.8555691583624	-220.28518971945414	660.8555691583624	-660.8555691583624	8.39	220.28518971945414
766	697.7588106915964	232.58627023053214	-930.3450809221285	-697.7588106915964	8.389999999999986	930.3450809221285	8.389999999999986	232.58627023053214	-8.389999999999986	697.7588106915964	224.19627023053215	8.389999999999986	697.7588106915964	-232.58627023053214	697.7588106915964	-697.7588106915964	8.39	232.58627023053214
767	663.4869723679903	221.16232412266345	-884.6492964906539	-663.4869723679903	8.389999999999986	884.6492964906539	8.389999999999986	221.16232412266345	-8.389999999999986	663.4869723679903	212.77232412266346	8.389999999999986	663.4869723679903	-221.16232412266345	663.4869723679903	-663.4869723679903	8.39	221.16232412266345
768	635.7936841710731	211.93122805702436	-847.7249122280974	-635.7936841710731	8.389999999999986	847.7249122280974	8.389999999999986	211.93122805702436	-8.389999999999986	635.7936841710731	203.54122805702434	8.389999999999986	635.7936841710731	-211.93122805702436	635.7936841710731	-635.7936841710731	8.39	211.93122805702444
769	140.05028622411265	46.68342874137088	-186.73371496548353	-140.05028622411265	8.389999999999986	186.73371496548353	8.389999999999986	46.68342874137088	-8.389999999999986	140.05028622411265	38.29342874137088	8.389999999999986	140.05028622411265	-46.68342874137088	140.05028622411265	-140.05028622411265	8.39	46.68342874137089
770	273.21240811934507	91.07080270644833	-364.28321082579333	-273.21240811934507	8.389999999999986	364.28321082579333	8.389999999999986	91.07080270644833	-8.389999999999986	273.21240811934507	82.68080270644836	8.389999999999986	273.21240811934507	-91.07080270644833	273.21240811934507	-273.21240811934507	8.39	91.07080270644838
771	334.8515301025747	111.61717670085822	-446.4687068034329	-334.8515301025747	8.389999999999986	446.4687068034329	8.389999999999986	111.61717670085822	-8.389999999999986	334.8515301025747	103.22717670085822	8.389999999999986	334.8515301025747	-111.61717670085822	334.8515301025747	-334.8515301025747	8.39	111.61717670085827
772	551.5904023992822	183.8634674664274	-735.4538698657096	-551.5904023992822	8.389999999999986	735.4538698657096	8.389999999999986	183.8634674664274	-8.389999999999986	551.5904023992822	175.4734674664274	8.389999999999986	551.5904023992822	-183.8634674664274	551.5904023992822	-551.5904023992822	8.39	183.86346746642738
773	560.8584474161751	186.95281580539168	-747.8112632215667	-560.8584474161751	8.389999999999986	747.8112632215667	8.389999999999986	186.95281580539168	-8.389999999999986	560.8584474161751	178.56281580539172	8.389999999999986	560.8584474161751	-186.95281580539168	560.8584474161751	-560.8584474161751	8.39	186.95281580539165
774	567.4422498446794	189.14741661489313	-756.5896664595725	-567.4422498446794	8.389999999999986	756.5896664595725	8.389999999999986	189.14741661489313	-8.389999999999986	567.4422498446794	180.75741661489315	8.389999999999986	567.4422498446794	-189.14741661489313	567.4422498446794	-567.4422498446794	8.39	189.14741661489313
775	662.1739021663859	220.72463405546196	-882.8985362218478	-662.1739021663859	8.389999999999986	882.8985362218478	8.389999999999986	220.72463405546196	-8.389999999999986	662.1739021663859	212.334634055462	8.389999999999986	662.1739021663859	-220.72463405546196	662.1739021663859	-662.1739021663859	8.39	220.72463405546193
776	718.8919371545189	239.63064571817299	-958.5225828726919	-718.8919371545189	8.389999999999986	958.5225828726919	8.389999999999986	239.63064571817299	-8.389999999999986	718.8919371545189	231.24064571817297	8.389999999999986	718.8919371545189	-239.63064571817299	718.8919371545189	-718.8919371545189	8.39	239.63064571817296
777	452.2142649205248	150.7380883068416	-602.9523532273665	-452.2142649205248	8.389999999999986	602.9523532273665	8.389999999999986	150.7380883068416	-8.389999999999986	452.2142649205248	142.3480883068416	8.389999999999986	452.2142649205248	-150.7380883068416	452.2142649205248	-452.2142649205248	8.39	150.73808830684158
778	629.2125131457782	209.73750438192607	-838.9500175277045	-629.2125131457782	8.389999999999986	838.9500175277045	8.389999999999986	209.73750438192607	-8.389999999999986	629.2125131457782	201.34750438192606	8.389999999999986	629.2125131457782	-209.73750438192607	629.2125131457782	-629.2125131457782	8.39	209.73750438192604
779	571.4051958541816	190.46839861806052	-761.873594472242	-571.4051958541816	8.389999999999986	761.873594472242	8.389999999999986	190.46839861806052	-8.389999999999986	571.4051958541816	182.07839861806053	8.389999999999986	571.4051958541816	-190.46839861806052	571.4051958541816	-571.4051958541816	8.39	190.46839861806052
780	545.0065999707781	181.66886665692604	-726.6754666277042	-545.0065999707781	8.389999999999986	726.6754666277042	8.389999999999986	181.66886665692604	-8.389999999999986	545.0065999707781	173.27886665692603	8.389999999999986	545.0065999707781	-181.66886665692604	545.0065999707781	-545.0065999707781	8.39	181.668866656926
781	383.43832621592014	127.81277540530671	-511.2511016212269	-383.43832621592014	8.389999999999986	511.2511016212269	8.389999999999986	127.81277540530671	-8.389999999999986	383.43832621592014	119.42277540530671	8.389999999999986	383.43832621592014	-127.81277540530671	383.43832621592014	-383.43832621592014	8.39	127.81277540530675
782	295.4484466997028	98.4828155665676	-393.9312622662706	-295.4484466997028	8.389999999999986	393.9312622662706	8.389999999999986	98.4828155665676	-8.389999999999986	295.4484466997028	90.0928155665676	8.389999999999986	295.4484466997028	-98.4828155665676	295.4484466997028	-295.4484466997028	8.39	98.48281556656764
783	235.14044648711888	78.38014882903964	-313.5205953161586	-235.14044648711888	8.389999999999986	313.5205953161586	8.389999999999986	78.38014882903964	-8.389999999999986	235.14044648711888	69.99014882903964	8.389999999999986	235.14044648711888	-78.38014882903964	235.14044648711888	-235.14044648711888	8.39	78.38014882903963
784	575.3523217199327	191.78410723997757	-767.1364289599103	-575.3523217199327	8.389999999999986	767.1364289599103	8.389999999999986	191.78410723997757	-8.389999999999986	575.3523217199327	183.39410723997756	8.389999999999986	575.3523217199327	-191.78410723997757	575.3523217199327	-575.3523217199327	8.39	191.78410723997752
785	591.0987855490287	197.0329285163429	-788.1317140653716	-591.0987855490287	8.389999999999986	788.1317140653716	8.389999999999986	197.0329285163429	-8.389999999999986	591.0987855490287	188.6429285163429	8.389999999999986	591.0987855490287	-197.0329285163429	591.0987855490287	-591.0987855490287	8.39	197.03292851634285
786	257.4868697121225	85.8289565707075	-343.31582628283	-257.4868697121225	8.389999999999986	343.31582628283	8.389999999999986	85.8289565707075	-8.389999999999986	257.4868697121225	77.4389565707075	8.389999999999986	257.4868697121225	-85.8289565707075	257.4868697121225	-257.4868697121225	8.39	85.8289565707075
787	392.66937304911255	130.88979101637085	-523.5591640654834	-392.66937304911255	8.389999999999986	523.5591640654834	8.389999999999986	130.88979101637085	-8.389999999999986	392.66937304911255	122.49979101637084	8.389999999999986	392.66937304911255	-130.88979101637085	392.66937304911255	-392.66937304911255	8.39	130.88979101637082
788	608.1821283492413	202.72737611641378	-810.9095044656551	-608.1821283492413	8.389999999999986	810.9095044656551	8.389999999999986	202.72737611641378	-8.389999999999986	608.1821283492413	194.33737611641376	8.389999999999986	608.1821283492413	-202.72737611641378	608.1821283492413	-608.1821283492413	8.39	202.72737611641375
789	646.3748098941733	215.45826996472442	-861.8330798588977	-646.3748098941733	8.389999999999986	861.8330798588977	8.389999999999986	215.45826996472442	-8.389999999999986	646.3748098941733	207.0682699647244	8.389999999999986	646.3748098941733	-215.45826996472442	646.3748098941733	-646.3748098941733	8.39	215.4582699647244
790	712.2711365423143	237.42371218077142	-949.6948487230857	-712.2711365423143	8.389999999999986	949.6948487230857	8.389999999999986	237.42371218077142	-8.389999999999986	712.2711365423143	229.0337121807714	8.389999999999986	712.2711365423143	-237.42371218077142	712.2711365423143	-712.2711365423143	8.39	237.4237121807714
791	728.1229839877113	242.7076613292371	-970.8306453169484	-728.1229839877113	8.389999999999986	970.8306453169484	8.389999999999986	242.7076613292371	-8.389999999999986	728.1229839877113	234.3176613292371	8.389999999999986	728.1229839877113	-242.7076613292371	728.1229839877113	-728.1229839877113	8.39	242.70766132923708
792	744.0383658918074	248.01278863060247	-992.0511545224099	-744.0383658918074	8.389999999999986	992.0511545224099	8.389999999999986	248.01278863060247	-8.389999999999986	744.0383658918074	239.62278863060246	8.389999999999986	744.0383658918074	-248.01278863060247	744.0383658918074	-744.0383658918074	8.39	248.01278863060244
793	118.99889213627569	39.666297378758564	-158.66518951503443	-118.99889213627569	8.389999999999986	158.66518951503443	8.389999999999986	39.666297378758564	-8.389999999999986	118.99889213627569	31.276297378758564	8.389999999999986	118.99889213627569	-39.666297378758564	118.99889213627569	-118.99889213627569	8.39	39.66629737875856
794	95.39485898703435	31.79828632901145	-127.19314531604586	-95.39485898703435	8.389999999999986	127.19314531604586	8.389999999999986	31.79828632901145	-8.389999999999986	95.39485898703435	23.40828632901145	8.389999999999986	95.39485898703435	-31.79828632901145	95.39485898703435	-95.39485898703435	8.39	31.798286329011457
795	323.0364351497458	107.67881171658192	-430.715246866328	-323.0364351497458	8.389999999999986	430.715246866328	8.389999999999986	107.67881171658192	-8.389999999999986	323.0364351497458	99.28881171658192	8.389999999999986	323.0364351497458	-107.67881171658192	323.0364351497458	-323.0364351497458	8.39	107.67881171658195
796	342.73002484459334	114.24334161486445	-456.973366459458	-342.73002484459334	8.389999999999986	456.973366459458	8.389999999999986	114.24334161486445	-8.389999999999986	342.73002484459334	105.85334161486445	8.389999999999986	342.73002484459334	-114.24334161486445	342.73002484459334	-342.73002484459334	8.39	114.24334161486445
797	361.10280765650407	120.36760255216802	-481.4704102086723	-361.10280765650407	8.389999999999986	481.4704102086723	8.389999999999986	120.36760255216802	-8.389999999999986	361.10280765650407	111.97760255216802	8.389999999999986	361.10280765650407	-120.36760255216802	361.10280765650407	-361.10280765650407	8.39	120.36760255216802
798	298.085123262456	99.36170775415201	-397.44683101660814	-298.085123262456	8.389999999999986	397.44683101660814	8.389999999999986	99.36170775415201	-8.389999999999986	298.085123262456	90.971707754152	8.389999999999986	298.085123262456	-99.36170775415201	298.085123262456	-298.085123262456	8.39	99.36170775415202
799	115.05176627052435	38.350588756841454	-153.402355027366	-115.05176627052435	8.389999999999986	153.402355027366	8.389999999999986	38.350588756841454	-8.389999999999986	115.05176627052435	29.960588756841453	8.389999999999986	115.05176627052435	-38.350588756841454	115.05176627052435	-115.05176627052435	8.39	38.350588756841454
800	194.13164464949205	64.71054821649733	-258.8421928659893	-194.131644649492	8.389999999999986	258.8421928659893	8.389999999999986	64.71054821649733	-8.389999999999986	194.131644649492	56.32054821649733	8.389999999999986	194.131644649492	-64.71054821649733	194.131644649492	-194.131644649492	8.39	64.71054821649733
801	340.0933482818401	113.36444942728005	-453.4577977091202	-340.0933482818401	8.389999999999986	453.4577977091202	8.389999999999986	113.36444942728005	-8.389999999999986	340.0933482818401	104.97444942728005	8.389999999999986	340.0933482818401	-113.36444942728005	340.0933482818401	-340.0933482818401	8.39	113.36444942728005
802	345.36670140734657	115.12223380244885	-460.4889352097954	-345.36670140734657	8.389999999999986	460.4889352097954	8.389999999999986	115.12223380244885	-8.389999999999986	345.36670140734657	106.73223380244885	8.389999999999986	345.36670140734657	-115.12223380244885	345.36670140734657	-345.36670140734657	8.39	115.12223380244885
803	84.84811054902809	28.282703516342696	-113.13081406537083	-84.84811054902809	8.389999999999986	113.13081406537083	8.389999999999986	28.282703516342696	-8.389999999999986	84.84811054902809	19.892703516342696	8.389999999999986	84.84811054902809	-28.282703516342696	84.84811054902809	-84.84811054902809	8.39	28.282703516342707
804	187.55311557411324	62.517705191371086	-250.0708207654845	-187.55311557411324	8.389999999999986	250.0708207654845	8.389999999999986	62.517705191371086	-8.389999999999986	187.55311557411324	54.127705191371085	8.389999999999986	187.55311557411324	-62.517705191371086	187.55311557411324	-187.55311557411324	8.39	62.517705191371086
805	122.96183814577762	40.987279381925866	-163.94911752770372	-122.96183814577759	8.389999999999986	163.94911752770372	8.389999999999986	40.987279381925866	-8.389999999999986	122.96183814577759	32.597279381925865	8.389999999999986	122.96183814577759	-40.987279381925866	122.96183814577759	-122.96183814577759	8.39	40.98727938192586
806	227.2198489569247	75.73994965230823	-302.9597986092332	-227.2198489569247	8.389999999999986	302.9597986092332	8.389999999999986	75.73994965230823	-8.389999999999986	227.2198489569247	67.34994965230823	8.389999999999986	227.2198489569247	-75.73994965230823	227.2198489569247	-227.2198489569247	8.39	75.73994965230824
807	307.310896742523	102.436965580841	-409.7478623233642	-307.310896742523	8.389999999999986	409.7478623233642	8.389999999999986	102.436965580841	-8.389999999999986	307.310896742523	94.046965580841	8.389999999999986	307.310896742523	-102.436965580841	307.310896742523	-307.310896742523	8.39	102.43696558084102
808	328.2782533290115	109.42608444300382	-437.7043377720156	-328.2782533290115	8.389999999999986	437.7043377720156	8.389999999999986	109.42608444300382	-8.389999999999986	328.2782533290115	101.03608444300382	8.389999999999986	328.2782533290115	-109.42608444300382	328.2782533290115	-328.2782533290115	8.39	109.42608444300384
809	357.166207445694	119.05540248189799	-476.2216099275922	-357.16620744569394	8.389999999999986	476.2216099275922	8.389999999999986	119.05540248189799	-8.389999999999986	357.16620744569394	110.66540248189798	8.389999999999986	357.16620744569394	-119.05540248189799	357.16620744569394	-357.16620744569394	8.39	119.05540248189797
810	368.98130239852264	122.99376746617422	-491.97506986469705	-368.98130239852264	8.389999999999986	491.97506986469705	8.389999999999986	122.99376746617422	-8.389999999999986	368.98130239852264	114.60376746617422	8.389999999999986	368.98130239852264	-122.99376746617422	368.98130239852264	-368.98130239852264	8.39	122.9937674661742
811	387.3854520816715	129.12848402722383	-516.5139361088955	-387.3854520816715	8.389999999999986	516.5139361088955	8.389999999999986	129.12848402722383	-8.389999999999986	387.3854520816715	120.73848402722383	8.389999999999986	387.3854520816715	-129.12848402722383	387.3854520816715	-387.3854520816715	8.39	129.1284840272238
812	403.25839302394456	134.41946434131486	-537.6778573652596	-403.25839302394456	8.389999999999986	537.6778573652596	8.389999999999986	134.41946434131486	-8.389999999999986	403.25839302394456	126.02946434131486	8.389999999999986	403.25839302394456	-134.41946434131486	403.25839302394456	-403.25839302394456	8.39	134.41946434131484
813	408.5317883364446	136.17726277881488	-544.7090511152596	-408.5317883364446	8.389999999999986	544.7090511152596	8.389999999999986	136.17726277881488	-8.389999999999986	408.5317883364446	127.78726277881488	8.389999999999986	408.5317883364446	-136.17726277881488	408.5317883364446	-408.5317883364446	8.39	136.17726277881485
814	411.1684648991977	137.05615496639925	-548.2246198655971	-411.1684648991977	8.389999999999986	548.2246198655971	8.389999999999986	137.05615496639925	-8.389999999999986	411.1684648991977	128.66615496639923	8.389999999999986	411.1684648991977	-137.05615496639925	411.1684648991977	-411.1684648991977	8.39	137.05615496639922
815	598.9982895823471	199.666096527449	-798.6643861097964	-598.9982895823471	8.389999999999986	798.6643861097964	8.389999999999986	199.666096527449	-8.389999999999986	598.9982895823471	191.276096527449	8.389999999999986	598.9982895823471	-199.666096527449	598.9982895823471	-598.9982895823471	8.39	199.66609652744904
816	680.6519005195953	226.8839668398651	-907.5358673594606	-680.6519005195953	8.389999999999986	907.5358673594606	8.389999999999986	226.8839668398651	-8.389999999999986	680.6519005195953	218.4939668398651	8.389999999999986	680.6519005195953	-226.8839668398651	680.6519005195953	-680.6519005195953	8.39	226.88396683986508
817	683.2885770823484	227.76285902744948	-911.051436109798	-683.2885770823484	8.389999999999986	911.051436109798	8.389999999999986	227.76285902744948	-8.389999999999986	683.2885770823484	219.37285902744946	8.389999999999986	683.2885770823484	-227.76285902744948	683.2885770823484	-683.2885770823484	8.39	227.76285902744945
818	699.0771436996199	233.02571456653996	-932.1028582661602	-699.0771436996199	8.389999999999986	932.1028582661602	8.389999999999986	233.02571456653996	-8.389999999999986	699.0771436996199	224.63571456653995	8.389999999999986	699.0771436996199	-233.02571456653996	699.0771436996199	-699.0771436996199	8.39	233.02571456654
819	704.3505390121201	234.78351300404003	-939.1340520161601	-704.3505390121201	8.389999999999986	939.1340520161601	8.389999999999986	234.78351300404003	-8.389999999999986	704.3505390121201	226.39351300404002	8.389999999999986	704.3505390121201	-234.78351300404003	704.3505390121201	-704.3505390121201	8.39	234.78351300404
820	693.8037905741138	231.26793019137128	-925.0717207654851	-693.8037905741138	8.389999999999986	925.0717207654851	8.389999999999986	231.26793019137128	-8.389999999999986	693.8037905741138	222.87793019137126	8.389999999999986	693.8037905741138	-231.26793019137128	693.8037905741138	-693.8037905741138	8.39	231.26793019137125
821	588.4621089862758	196.1540363287586	-784.6161453150343	-588.4621089862758	8.389999999999986	784.6161453150343	8.389999999999986	196.1540363287586	-8.389999999999986	588.4621089862758	187.7640363287586	8.389999999999986	588.4621089862758	-196.1540363287586	588.4621089862758	-588.4621089862758	8.39	196.1540363287586
822	576.6680233247464	192.22267444158214	-768.8906977663286	-576.6680233247464	8.389999999999986	768.8906977663286	8.389999999999986	192.22267444158214	-8.389999999999986	576.6680233247464	183.83267444158213	8.389999999999986	576.6680233247464	-192.22267444158214	576.6680233247464	-576.6680233247464	8.39	192.22267444158211
823	530.4546339864445	176.81821132881484	-707.2728453152594	-530.4546339864445	8.389999999999986	707.2728453152594	8.389999999999986	176.81821132881484	-8.389999999999986	530.4546339864445	168.42821132881483	8.389999999999986	530.4546339864445	-176.81821132881484	530.4546339864445	-530.4546339864445	8.39	176.8182113288148
824	456.1613907862761	152.05379692875871	-608.2151877150349	-456.1613907862761	8.389999999999986	608.2151877150349	8.389999999999986	152.05379692875871	-8.389999999999986	456.1613907862761	143.6637969287587	8.389999999999986	456.1613907862761	-152.05379692875871	456.1613907862761	-456.1613907862761	8.39	152.0537969287587
825	375.53882218260185	125.17960739420062	-500.7184295768025	-375.53882218260185	8.389999999999986	500.7184295768025	8.389999999999986	125.17960739420062	-8.389999999999986	375.53882218260185	116.78960739420062	8.389999999999986	375.53882218260185	-125.17960739420062	375.53882218260185	-375.53882218260185	8.39	125.17960739420063
826	366.3446258357694	122.1148752785898	-488.45950111435945	-366.3446258357694	8.389999999999986	488.45950111435945	8.389999999999986	122.1148752785898	-8.389999999999986	366.3446258357694	113.7248752785898	8.389999999999986	366.3446258357694	-122.1148752785898	366.3446258357694	-366.3446258357694	8.39	122.11487527858982
827	312.5527149217884	104.18423830726279	-416.7369532290514	-312.5527149217884	8.389999999999986	416.7369532290514	8.389999999999986	104.18423830726279	-8.389999999999986	312.5527149217884	95.79423830726279	8.389999999999986	312.5527149217884	-104.18423830726279	312.5527149217884	-312.5527149217884	8.39	104.18423830726283
828	192.8159430446782	64.27198101489275	-257.08792405957115	-192.8159430446782	8.389999999999986	257.08792405957115	8.389999999999986	64.27198101489275	-8.389999999999986	192.8159430446782	55.881981014892744	8.389999999999986	192.8159430446782	-64.27198101489275	192.8159430446782	-192.8159430446782	8.39	64.27198101489272
829	163.83329904163884	54.61109968054629	-218.44439872218524	-163.83329904163884	8.389999999999986	218.44439872218524	8.389999999999986	54.61109968054629	-8.389999999999986	163.83329904163884	46.22109968054629	8.389999999999986	163.83329904163884	-54.61109968054629	163.83329904163884	-163.83329904163884	8.39	54.611099680546275
830	382.1226246111063	127.3742082037021	-509.4968328148083	-382.1226246111063	8.389999999999986	509.4968328148083	8.389999999999986	127.3742082037021	-8.389999999999986	382.1226246111063	118.9842082037021	8.389999999999986	382.1226246111063	-127.3742082037021	382.1226246111063	-382.1226246111063	8.39	127.3742082037021
831	585.8359580784636	195.2786526928212	-781.1146107712848	-585.8359580784636	8.389999999999986	781.1146107712848	8.389999999999986	195.2786526928212	-8.389999999999986	585.8359580784636	186.88865269282118	8.389999999999986	585.8359580784636	-195.2786526928212	585.8359580784636	-585.8359580784636	8.39	195.2786526928212
832	687.2515230918501	229.08384103061672	-916.3353641224669	-687.2515230918501	8.389999999999986	916.3353641224669	8.389999999999986	229.08384103061672	-8.389999999999986	687.2515230918501	220.6938410306167	8.389999999999986	687.2515230918501	-229.08384103061672	687.2515230918501	-687.2515230918501	8.39	229.08384103061667
833	87.4847871117812	29.16159570392707	-116.64638281570831	-87.4847871117812	8.389999999999986	116.64638281570831	8.389999999999986	29.16159570392707	-8.389999999999986	87.4847871117812	20.77159570392707	8.389999999999986	87.4847871117812	-29.16159570392707	87.4847871117812	-87.4847871117812	8.39	29.16159570392707
834	198.08929617018453	66.02976539006153	-264.11906156024605	-198.08929617018458	8.389999999999986	264.11906156024605	8.389999999999986	66.02976539006153	-8.389999999999986	198.08929617018458	57.63976539006153	8.389999999999986	198.08929617018458	-66.02976539006153	198.08929617018458	-198.08929617018458	8.39	66.02976539006153
835	223.27272309117325	74.42424103039106	-297.6969641215643	-223.2727230911732	8.389999999999986	297.6969641215643	8.389999999999986	74.42424103039106	-8.389999999999986	223.2727230911732	66.03424103039106	8.389999999999986	223.2727230911732	-74.42424103039106	223.2727230911732	-223.2727230911732	8.39	74.42424103039106
836	450.89856331571104	150.29952110523703	-601.1980844209481	-450.8985633157111	8.389999999999986	601.1980844209481	8.389999999999986	150.29952110523703	-8.389999999999986	450.8985633157111	141.90952110523702	8.389999999999986	450.8985633157111	-150.29952110523703	450.8985633157111	-450.8985633157111	8.39	150.299521105237
837	514.5498199242833	171.51660664142776	-686.066426565711	-514.5498199242833	8.389999999999986	686.066426565711	8.389999999999986	171.51660664142776	-8.389999999999986	514.5498199242833	163.12660664142774	8.389999999999986	514.5498199242833	-171.51660664142776	514.5498199242833	-514.5498199242833	8.39	171.51660664142773
838	543.6908983659644	181.23029945532147	-724.9211978212859	-543.6908983659644	8.389999999999986	724.9211978212859	8.389999999999986	181.23029945532147	-8.389999999999986	543.6908983659644	172.84029945532146	8.389999999999986	543.6908983659644	-181.23029945532147	543.6908983659644	-543.6908983659644	8.39	181.23029945532144
839	592.4144871538425	197.4714957179475	-789.88598287179	-592.4144871538425	8.389999999999986	789.88598287179	8.389999999999986	197.4714957179475	-8.389999999999986	592.4144871538425	189.0814957179475	8.389999999999986	592.4144871538425	-197.4714957179475	592.4144871538425	-592.4144871538425	8.39	197.47149571794748
840	696.4404671368668	232.14682237895562	-928.5872895158225	-696.4404671368668	8.389999999999986	928.5872895158225	8.389999999999986	232.14682237895562	-8.389999999999986	696.4404671368668	223.7568223789556	8.389999999999986	696.4404671368668	-232.14682237895562	696.4404671368668	-696.4404671368668	8.39	232.1468223789556
841	706.9872155748731	235.66240519162437	-942.6496207664975	-706.9872155748731	8.389999999999986	942.6496207664975	8.389999999999986	235.66240519162437	-8.389999999999986	706.9872155748731	227.27240519162436	8.389999999999986	706.9872155748731	-235.66240519162437	706.9872155748731	-706.9872155748731	8.39	235.66240519162434
842	133.46648379560816	44.48882793186939	-177.9553117274777	-133.46648379560816	8.389999999999986	177.9553117274777	8.389999999999986	44.48882793186939	-8.389999999999986	133.46648379560816	36.09882793186939	8.389999999999986	133.46648379560816	-44.48882793186939	133.46648379560816	-133.46648379560816	8.39	44.48882793186938
843	80.90098468327676	26.966994894425582	-107.86797957770239	-80.90098468327675	8.389999999999986	107.86797957770239	8.389999999999986	26.966994894425582	-8.389999999999986	80.90098468327675	18.57699489442558	8.389999999999986	80.90098468327675	-26.966994894425582	80.90098468327675	-80.90098468327675	8.39	26.966994894425586
844	171.73280307495702	57.24426769165234	-228.97707076660936	-171.73280307495702	8.389999999999986	228.97707076660936	8.389999999999986	57.24426769165234	-8.389999999999986	171.73280307495702	48.85426769165234	8.389999999999986	171.73280307495702	-57.24426769165234	171.73280307495702	-171.73280307495702	8.39	57.24426769165234
845	229.8565255196778	76.6188418398926	-306.4753673595704	-229.8565255196778	8.389999999999986	306.4753673595704	8.389999999999986	76.6188418398926	-8.389999999999986	229.8565255196778	68.2288418398926	8.389999999999986	229.8565255196778	-76.6188418398926	229.8565255196778	-229.8565255196778	8.39	76.61884183989261
846	262.7391715277464	87.57972384258214	-350.31889537032856	-262.7391715277464	8.389999999999986	350.31889537032856	8.389999999999986	87.57972384258214	-8.389999999999986	262.7391715277464	79.18972384258214	8.389999999999986	262.7391715277464	-87.57972384258214	262.7391715277464	-262.7391715277464	8.39	87.57972384258213
847	445.61464234826985	148.53821411608996	-594.1528564643598	-445.61464234826985	8.389999999999986	594.1528564643598	8.389999999999986	148.53821411608996	-8.389999999999986	445.61464234826985	140.14821411608995	8.389999999999986	445.61464234826985	-148.53821411608996	445.61464234826985	-445.61464234826985	8.39	148.53821411608993
848	596.3616130195938	198.78720433986462	-795.1488173594585	-596.3616130195938	8.389999999999986	795.1488173594585	8.389999999999986	198.78720433986462	-8.389999999999986	596.3616130195938	190.39720433986463	8.389999999999986	596.3616130195938	-198.78720433986462	596.3616130195938	-596.3616130195938	8.39	198.78720433986462
849	656.8899811989448	218.96332706631495	-875.8533082652598	-656.8899811989448	8.389999999999986	875.8533082652598	8.389999999999986	218.96332706631495	-8.389999999999986	656.8899811989448	210.57332706631496	8.389999999999986	656.8899811989448	-218.96332706631495	656.8899811989448	-656.8899811989448	8.39	218.96332706631495
850	670.0839740416394	223.36132468054646	-893.4452987221858	-670.0839740416394	8.389999999999986	893.4452987221858	8.389999999999986	223.36132468054646	-8.389999999999986	670.0839740416394	214.9713246805465	8.389999999999986	670.0839740416394	-223.36132468054646	670.0839740416394	-670.0839740416394	8.39	223.36132468054643
851	111.12039739425707	37.040132464752354	-148.16052985900942	-111.12039739425707	8.389999999999986	148.16052985900942	8.389999999999986	37.040132464752354	-8.389999999999986	111.12039739425707	28.650132464752357	8.389999999999986	111.12039739425707	-37.040132464752354	111.12039739425707	-111.12039739425707	8.39	37.04013246475236
852	221.9570214863594	73.98567382878647	-295.9426953151461	-221.95702148635942	8.389999999999986	295.9426953151461	8.389999999999986	73.98567382878647	-8.389999999999986	221.95702148635942	65.59567382878647	8.389999999999986	221.95702148635942	-73.98567382878647	221.95702148635942	-221.95702148635942	8.39	73.98567382878647
853	305.9951951377092	101.99839837923639	-407.9935935169458	-305.9951951377092	8.389999999999986	407.9935935169458	8.389999999999986	101.99839837923639	-8.389999999999986	305.9951951377092	93.60839837923639	8.389999999999986	305.9951951377092	-101.99839837923639	305.9951951377092	-305.9951951377092	8.39	101.99839837923639
854	302.04806927195784	100.68268975731928	-402.73075902927735	-302.04806927195784	8.389999999999986	402.73075902927735	8.389999999999986	100.68268975731928	-8.389999999999986	302.04806927195784	92.29268975731928	8.389999999999986	302.04806927195784	-100.68268975731928	302.04806927195784	-302.04806927195784	8.39	100.6826897573193
855	291.5013208339516	97.16710694465053	-388.66842777860234	-291.5013208339516	8.389999999999986	388.66842777860234	8.389999999999986	97.16710694465053	-8.389999999999986	291.5013208339516	88.77710694465053	8.389999999999986	291.5013208339516	-97.16710694465053	291.5013208339516	-291.5013208339516	8.39	97.16710694465054
856	286.2595026546861	95.4198342182287	-381.679336872915	-286.2595026546861	8.389999999999986	381.679336872915	8.389999999999986	95.4198342182287	-8.389999999999986	286.2595026546861	87.0298342182287	8.389999999999986	286.2595026546861	-95.4198342182287	286.2595026546861	-286.2595026546861	8.39	95.41983421822874
857	249.6293842614033	83.2097947538011	-332.83917901520454	-249.6293842614033	8.389999999999986	332.83917901520454	8.389999999999986	83.2097947538011	-8.389999999999986	249.6293842614033	74.8197947538011	8.389999999999986	249.6293842614033	-83.2097947538011	249.6293842614033	-249.6293842614033	8.39	83.20979475380109
858	92.75818242428124	30.91939414142708	-123.67757656570848	-92.75818242428124	8.389999999999986	123.67757656570848	8.389999999999986	30.91939414142708	-8.389999999999986	92.75818242428124	22.52939414142708	8.389999999999986	92.75818242428124	-30.91939414142708	92.75818242428124	-92.75818242428124	8.39	30.919394141427087
859	144.01323223361442	48.00441074453816	-192.01764297815248	-144.01323223361447	8.389999999999986	192.01764297815248	8.389999999999986	48.00441074453816	-8.389999999999986	144.01323223361447	39.61441074453816	8.389999999999986	144.01323223361447	-48.00441074453816	144.01323223361447	-144.01323223361447	8.39	48.00441074453816
860	260.11302061993433	86.70434020664479	-346.81736082657915	-260.11302061993433	8.389999999999986	346.81736082657915	8.389999999999986	86.70434020664479	-8.389999999999986	260.11302061993433	78.31434020664479	8.389999999999986	260.11302061993433	-86.70434020664479	260.11302061993433	-260.11302061993433	8.39	86.70434020664479
861	316.49984078754005	105.49994692918	-421.99978771672005	-316.49984078754	8.389999999999986	421.99978771672005	8.389999999999986	105.49994692918	-8.389999999999986	316.49984078754	97.10994692918	8.389999999999986	316.49984078754	-105.49994692918	316.49984078754	-316.49984078754	8.39	105.49994692918
862	332.2253791947628	110.74179306492096	-442.96717225968376	-332.22537919476287	8.389999999999986	442.96717225968376	8.389999999999986	110.74179306492096	-8.389999999999986	332.22537919476287	102.35179306492095	8.389999999999986	332.22537919476287	-110.74179306492096	332.22537919476287	-332.22537919476287	8.39	110.74179306492096
863	370.29700400333627	123.43233466777876	-493.72933867111504	-370.29700400333627	8.389999999999986	493.72933867111504	8.389999999999986	123.43233466777876	-8.389999999999986	370.29700400333627	115.04233466777876	8.389999999999986	370.29700400333627	-123.43233466777876	370.29700400333627	-370.29700400333627	8.39	123.43233466777878
864	379.48594804835307	126.49531601611771	-505.9812640644708	-379.4859480483531	8.389999999999986	505.9812640644708	8.389999999999986	126.49531601611771	-8.389999999999986	379.4859480483531	118.10531601611771	8.389999999999986	379.4859480483531	-126.49531601611771	379.4859480483531	-379.4859480483531	8.39	126.4953160161177
865	153.24427906680694	51.08142635560231	-204.32570542240924	-153.24427906680694	8.389999999999986	204.32570542240924	8.389999999999986	51.08142635560231	-8.389999999999986	153.24427906680694	42.69142635560232	8.389999999999986	153.24427906680694	-51.08142635560231	153.24427906680694	-153.24427906680694	8.39	51.081426355602304
866	126.90896401152895	42.30298800384296	-169.21195201537216	-126.9089640115289	8.389999999999986	169.21195201537216	8.389999999999986	42.30298800384296	-8.389999999999986	126.9089640115289	33.91298800384296	8.389999999999986	126.9089640115289	-42.30298800384296	126.9089640115289	-126.9089640115289	8.39	42.30298800384297
867	137.4136096613595	45.8045365537865	-183.21814621514613	-137.4136096613595	8.389999999999986	183.21814621514613	8.389999999999986	45.8045365537865	-8.389999999999986	137.4136096613595	37.4145365537865	8.389999999999986	137.4136096613595	-45.8045365537865	137.4136096613595	-137.4136096613595	8.39	45.80453655378649
868	165.14900064645258	55.049666882150866	-220.19866752860366	-165.14900064645258	8.389999999999986	220.19866752860366	8.389999999999986	55.049666882150866	-8.389999999999986	165.14900064645258	46.659666882150866	8.389999999999986	165.14900064645258	-55.049666882150866	165.14900064645258	-165.14900064645258	8.39	55.049666882150845
869	169.0961265122039	56.36537550406798	-225.4615020162721	-169.09612651220394	8.389999999999986	225.4615020162721	8.389999999999986	56.36537550406798	-8.389999999999986	169.09612651220394	47.975375504067976	8.389999999999986	169.09612651220394	-56.36537550406798	169.09612651220394	-169.09612651220394	8.39	56.36537550406797
870	181.00084809184966	60.33361603061655	-241.33446412246633	-181.00084809184963	8.389999999999986	241.33446412246633	8.389999999999986	60.33361603061655	-8.389999999999986	181.00084809184963	51.943616030616546	8.389999999999986	181.00084809184963	-60.33361603061655	181.00084809184963	-181.00084809184963	8.39	60.333616030616554
871	128.22466561634258	42.741555205447526	-170.9662208217903	-128.22466561634258	8.389999999999986	170.9662208217903	8.389999999999986	42.741555205447526	-8.389999999999986	128.22466561634258	34.351555205447525	8.389999999999986	128.22466561634258	-42.741555205447526	128.22466561634258	-128.22466561634258	8.39	42.741555205447526
872	101.93145334924031	33.97715111641344	-135.9086044656539	-101.93145334924031	8.389999999999986	135.9086044656539	8.389999999999986	33.97715111641344	-8.389999999999986	101.93145334924031	25.587151116413438	8.389999999999986	101.93145334924031	-33.97715111641344	101.93145334924031	-101.93145334924031	8.39	33.97715111641344
873	75.65916650401118	25.219722168003727	-100.87888867201518	-75.65916650401118	8.389999999999986	100.87888867201518	8.389999999999986	25.219722168003727	-8.389999999999986	75.65916650401118	16.829722168003727	8.389999999999986	75.65916650401118	-25.219722168003727	75.65916650401118	-75.65916650401118	8.39	25.219722168003727
874	107.17327152850567	35.72442384283524	-142.8976953713409	-107.17327152850572	8.389999999999986	142.8976953713409	8.389999999999986	35.72442384283524	-8.389999999999986	107.17327152850572	27.334423842835243	8.389999999999986	107.17327152850572	-35.72442384283524	107.17327152850572	-107.17327152850572	8.39	35.72442384283524
875	190.18979213686634	63.39659737895546	-253.5863895158218	-190.1897921368664	8.389999999999986	253.5863895158218	8.389999999999986	63.39659737895546	-8.389999999999986	190.1897921368664	55.00659737895546	8.389999999999986	190.1897921368664	-63.39659737895546	190.1897921368664	-190.1897921368664	8.39	63.39659737895547
876	147.96035809936575	49.320119366455266	-197.28047746582115	-147.9603580993658	8.389999999999986	197.28047746582115	8.389999999999986	49.320119366455266	-8.389999999999986	147.9603580993658	40.930119366455266	8.389999999999986	147.9603580993658	-49.320119366455266	147.9603580993658	-147.9603580993658	8.39	49.32011936645527
877	427.0838468032939	142.36128226776464	-569.4451290710588	-427.0838468032939	8.389999999999986	569.4451290710588	8.389999999999986	142.36128226776464	-8.389999999999986	427.0838468032939	133.97128226776465	8.389999999999986	427.0838468032939	-142.36128226776464	427.0838468032939	-427.0838468032939	8.39	142.36128226776464
878	509.27642461178306	169.75880820392769	-679.035232815711	-509.27642461178306	8.389999999999986	679.035232815711	8.389999999999986	169.75880820392769	-8.389999999999986	509.27642461178306	161.3688082039277	8.389999999999986	509.27642461178306	-169.75880820392769	509.27642461178306	-509.27642461178306	8.39	169.75880820392769
879	517.1864964870363	172.39549882901207	-689.5819953160485	-517.1864964870363	8.389999999999986	689.5819953160485	8.389999999999986	172.39549882901207	-8.389999999999986	517.1864964870363	164.00549882901208	8.389999999999986	517.1864964870363	-172.39549882901207	517.1864964870363	-517.1864964870363	8.39	172.39549882901213
880	564.8055732819264	188.26852442730882	-753.0740977092355	-564.8055732819264	8.389999999999986	753.0740977092355	8.389999999999986	188.26852442730882	-8.389999999999986	564.8055732819264	179.87852442730883	8.389999999999986	564.8055732819264	-188.26852442730882	564.8055732819264	-564.8055732819264	8.39	188.26852442730876
881	613.4239465285066	204.47464884283553	-817.8985953713423	-613.4239465285066	8.389999999999986	817.8985953713423	8.389999999999986	204.47464884283553	-8.389999999999986	613.4239465285066	196.08464884283552	8.389999999999986	613.4239465285066	-204.47464884283553	613.4239465285066	-613.4239465285066	8.39	204.4746488428355
882	625.2495671362763	208.41652237875877	-833.6660895150353	-625.2495671362763	8.389999999999986	833.6660895150353	8.389999999999986	208.41652237875877	-8.389999999999986	625.2495671362763	200.02652237875878	8.389999999999986	625.2495671362763	-208.41652237875877	625.2495671362763	-625.2495671362763	8.39	208.4165223787587
883	676.704774653844	225.568258217948	-902.2730328717921	-676.704774653844	8.389999999999986	902.2730328717921	8.389999999999986	225.568258217948	-8.389999999999986	676.704774653844	217.17825821794798	8.389999999999986	676.704774653844	-225.568258217948	676.704774653844	-676.704774653844	8.39	225.56825821794797
884	654.2533046361921	218.0844348787307	-872.3377395149228	-654.2533046361921	8.389999999999986	872.3377395149228	8.389999999999986	218.0844348787307	-8.389999999999986	654.2533046361921	209.6944348787307	8.389999999999986	654.2533046361921	-218.0844348787307	654.2533046361921	-654.2533046361921	8.39	218.0844348787307
885	650.3061787704407	216.76872625681358	-867.0749050272543	-650.3061787704407	8.389999999999986	867.0749050272543	8.389999999999986	216.76872625681358	-8.389999999999986	650.3061787704407	208.3787262568136	8.389999999999986	650.3061787704407	-216.76872625681358	650.3061787704407	-650.3061787704407	8.39	216.76872625681358
886	633.1596390115296	211.0532130038432	-844.2128520153728	-633.1596390115296	8.389999999999986	844.2128520153728	8.389999999999986	211.0532130038432	-8.389999999999986	633.1596390115296	202.66321300384323	8.389999999999986	633.1596390115296	-211.0532130038432	633.1596390115296	-633.1596390115296	8.39	211.0532130038432
887	622.6128905735234	207.53763019117446	-830.1505207646978	-622.6128905735234	8.389999999999986	830.1505207646978	8.389999999999986	207.53763019117446	-8.389999999999986	622.6128905735234	199.14763019117447	8.389999999999986	622.6128905735234	-207.53763019117446	622.6128905735234	-622.6128905735234	8.39	207.53763019117446
888	618.665764707772	206.22192156925735	-824.8876862770294	-618.665764707772	8.389999999999986	824.8876862770294	8.389999999999986	206.22192156925735	-8.389999999999986	618.665764707772	197.83192156925736	8.389999999999986	618.665764707772	-206.22192156925735	618.665764707772	-618.665764707772	8.39	206.22192156925735
889	548.9537258365294	182.98457527884315	-731.9383011153725	-548.9537258365294	8.389999999999986	731.9383011153725	8.389999999999986	182.98457527884315	-8.389999999999986	548.9537258365294	174.59457527884314	8.389999999999986	548.9537258365294	-182.98457527884315	548.9537258365294	-548.9537258365294	8.39	182.98457527884312
890	498.68740463695116	166.22913487898373	-664.9165395159348	-498.68740463695116	8.389999999999986	664.9165395159348	8.389999999999986	166.22913487898373	-8.389999999999986	498.68740463695116	157.8391348789837	8.389999999999986	498.68740463695116	-166.22913487898373	498.68740463695116	-498.68740463695116	8.39	166.2291348789837
891	435.02562237343784	145.00854079114595	-580.0341631645838	-435.02562237343784	8.389999999999986	580.0341631645838	8.389999999999986	145.00854079114595	-8.389999999999986	435.02562237343784	136.61854079114596	8.389999999999986	435.02562237343784	-145.00854079114595	435.02562237343784	-435.02562237343784	8.39	145.00854079114595
892	724.17585812196	241.39195270732	-965.5678108292799	-724.17585812196	8.389999999999986	965.5678108292799	8.389999999999986	241.39195270732	-8.389999999999986	724.17585812196	233.00195270732	8.389999999999986	724.17585812196	-241.39195270732	724.17585812196	-724.17585812196	8.39	241.39195270732
893	587.149028280068	195.71634276002266	-782.8653710400906	-587.149028280068	8.389999999999986	782.8653710400906	8.389999999999986	195.71634276002266	-8.389999999999986	587.149028280068	187.32634276002264	8.389999999999986	587.149028280068	-195.71634276002266	587.149028280068	-587.149028280068	8.39	195.71634276002266
894	630.5255833473823	210.17519444912745	-840.7007777965098	-630.5255833473823	8.389999999999986	840.7007777965098	8.389999999999986	210.17519444912745	-8.389999999999986	630.5255833473823	201.78519444912743	8.389999999999986	630.5255833473823	-210.17519444912745	630.5255833473823	-630.5255833473823	8.39	210.17519444912745
895	647.6878800957777	215.89596003192588	-863.5838401277035	-647.6878800957777	8.389999999999986	863.5838401277035	8.389999999999986	215.89596003192588	-8.389999999999986	647.6878800957777	207.50596003192587	8.389999999999986	647.6878800957777	-215.89596003192588	647.6878800957777	-647.6878800957777	8.39	215.89596003192588
896	581.9072101008023	193.96907003360076	-775.876280134403	-581.9072101008023	8.389999999999986	775.876280134403	8.389999999999986	193.96907003360076	-8.389999999999986	581.9072101008023	185.57907003360074	8.389999999999986	581.9072101008023	-193.96907003360076	581.9072101008023	-581.9072101008023	8.39	193.96907003360076
897	580.596760797804	193.532253599268	-774.129014397072	-580.596760797804	8.389999999999986	774.129014397072	8.389999999999986	193.532253599268	-8.389999999999986	580.596760797804	185.14225359926803	8.389999999999986	580.596760797804	-193.532253599268	580.596760797804	-580.596760797804	8.39	193.53225359926796
898	513.2367392180754	171.0789130726918	-684.3156522907675	-513.2367392180754	8.389999999999986	684.3156522907675	8.389999999999986	171.0789130726918	-8.389999999999986	513.2367392180754	162.68891307269178	8.389999999999986	513.2367392180754	-171.0789130726918	513.2367392180754	-513.2367392180754	8.39	171.07891307269182
899	610.8056478538435	203.60188261794787	-814.4075304717915	-610.8056478538435	8.389999999999986	814.4075304717915	8.389999999999986	203.60188261794787	-8.389999999999986	610.8056478538435	195.21188261794785	8.389999999999986	610.8056478538435	-203.60188261794787	610.8056478538435	-610.8056478538435	8.39	203.6018826179478
900	281.0359784940846	93.6786594980282	-374.7146379921129	-281.0359784940846	8.389999999999986	374.7146379921129	8.389999999999986	93.6786594980282	-8.389999999999986	281.0359784940846	85.2886594980282	8.389999999999986	281.0359784940846	-93.6786594980282	281.0359784940846	-281.0359784940846	8.39	93.6786594980282
901	256.1737890059145	85.39126300197151	-341.56505200788604	-256.1737890059145	8.389999999999986	341.56505200788604	8.389999999999986	85.39126300197151	-8.389999999999986	256.1737890059145	77.00126300197151	8.389999999999986	256.1737890059145	-85.39126300197151	256.1737890059145	-256.1737890059145	8.39	85.39126300197151
902	313.86578512339275	104.62192837446423	-418.48771349785693	-313.86578512339275	8.389999999999986	418.48771349785693	8.389999999999986	104.62192837446423	-8.389999999999986	313.86578512339275	96.23192837446425	8.389999999999986	313.86578512339275	-104.62192837446423	313.86578512339275	-313.86578512339275	8.39	104.62192837446429
903	584.5228773722558	194.8409591240853	-779.3638364963412	-584.5228773722558	8.389999999999986	779.3638364963412	8.389999999999986	194.8409591240853	-8.389999999999986	584.5228773722558	186.45095912408527	8.389999999999986	584.5228773722558	-194.8409591240853	584.5228773722558	-584.5228773722558	8.39	194.84095912408526
904	688.5645932934544	229.52153109781815	-918.0861243912726	-688.5645932934544	8.389999999999986	918.0861243912726	8.389999999999986	229.52153109781815	-8.389999999999986	688.5645932934544	221.13153109781814	8.389999999999986	688.5645932934544	-229.52153109781815	688.5645932934544	-688.5645932934544	8.39	229.52153109781813
905	577.9810935263507	192.66036450878357	-770.6414580351344	-577.9810935263507	8.389999999999986	770.6414580351344	8.389999999999986	192.66036450878357	-8.389999999999986	577.9810935263507	184.2703645087836	8.389999999999986	577.9810935263507	-192.66036450878357	577.9810935263507	-577.9810935263507	8.39	192.66036450878357
906	645.0617291879656	215.02057639598854	-860.0823055839543	-645.0617291879656	8.389999999999986	860.0823055839543	8.389999999999986	215.02057639598854	-8.389999999999986	645.0617291879656	206.63057639598856	8.389999999999986	645.0617291879656	-215.02057639598854	645.0617291879656	-645.0617291879656	8.39	215.02057639598854
907	664.8026739728041	221.60089132426805	-886.4035652970724	-664.8026739728041	8.389999999999986	886.4035652970724	8.389999999999986	221.60089132426805	-8.389999999999986	664.8026739728041	213.21089132426806	8.389999999999986	664.8026739728041	-221.60089132426805	664.8026739728041	-664.8026739728041	8.39	221.600891324268
908	703.0374583059122	234.34581943530407	-937.3832777412163	-703.0374583059122	8.389999999999986	937.3832777412163	8.389999999999986	234.34581943530407	-8.389999999999986	703.0374583059122	225.95581943530408	8.389999999999986	703.0374583059122	-234.34581943530407	703.0374583059122	-703.0374583059122	8.39	234.34581943530407
909	692.4907098679059	230.8302366226353	-923.3209464905412	-692.4907098679059	8.389999999999986	923.3209464905412	8.389999999999986	230.8302366226353	-8.389999999999986	692.4907098679059	222.44023662263533	8.389999999999986	692.4907098679059	-230.8302366226353	692.4907098679059	-692.4907098679059	8.39	230.8302366226353
910	678.0178448554483	226.00594828514943	-904.0237931405977	-678.0178448554483	8.389999999999986	904.0237931405977	8.389999999999986	226.00594828514943	-8.389999999999986	678.0178448554483	217.61594828514944	8.389999999999986	678.0178448554483	-226.00594828514943	678.0178448554483	-678.0178448554483	8.39	226.00594828514943
911	614.737016730111	204.912338910037	-819.6493556401479	-614.737016730111	8.389999999999986	819.6493556401479	8.389999999999986	204.912338910037	-8.389999999999986	614.737016730111	196.52233891003698	8.389999999999986	614.737016730111	-204.912338910037	614.737016730111	-614.737016730111	8.39	204.91233891003708
912	562.1715176177795	187.39050587259317	-749.5620234903727	-562.1715176177795	8.389999999999986	749.5620234903727	8.389999999999986	187.39050587259317	-8.389999999999986	562.1715176177795	179.00050587259318	8.389999999999986	562.1715176177795	-187.39050587259317	562.1715176177795	-562.1715176177795	8.39	187.39050587259317
913	407.21870763023674	135.7395692100789	-542.9582768403156	-407.21870763023674	8.389999999999986	542.9582768403156	8.389999999999986	135.7395692100789	-8.389999999999986	407.21870763023674	127.34956921007891	8.389999999999986	407.21870763023674	-135.7395692100789	407.21870763023674	-407.21870763023674	8.39	135.7395692100789
914	270.59410944468186	90.19803648156062	-360.79214592624265	-270.59410944468186	8.389999999999986	360.79214592624265	8.389999999999986	90.19803648156062	-8.389999999999986	270.59410944468186	81.80803648156062	8.389999999999986	270.59410944468186	-90.19803648156062	270.59410944468186	-270.59410944468186	8.39	90.19803648156064
915	288.88302215928854	96.29434071976286	-385.17736287905143	-288.88302215928854	8.389999999999986	385.17736287905143	8.389999999999986	96.29434071976286	-8.389999999999986	288.88302215928854	87.90434071976286	8.389999999999986	288.88302215928854	-96.29434071976286	288.88302215928854	-288.88302215928854	8.39	96.29434071976283
916	186.24003486790525	62.08001162263509	-248.32004649054062	-186.24003486790525	8.389999999999986	248.32004649054062	8.389999999999986	62.08001162263509	-8.389999999999986	186.24003486790525	53.69001162263509	8.389999999999986	186.24003486790525	-62.08001162263509	186.24003486790525	-186.24003486790525	8.39	62.080011622635055
917	183.62436759645175	61.20812253215059	-244.83249012860261	-183.62436759645175	8.389999999999986	244.83249012860261	8.389999999999986	61.20812253215059	-8.389999999999986	183.62436759645175	52.81812253215059	8.389999999999986	183.62436759645175	-61.20812253215059	183.62436759645175	-183.62436759645175	8.39	61.20812253215059
918	354.54790877103073	118.18263625701026	-472.730545028041	-354.54790877103073	8.389999999999986	472.730545028041	8.389999999999986	118.18263625701026	-8.389999999999986	354.54790877103073	109.79263625701026	8.389999999999986	354.54790877103073	-118.18263625701026	354.54790877103073	-354.54790877103073	8.39	118.18263625701019
919	252.25028286739973	84.08342762246659	-336.33371048986635	-252.25028286739976	8.389999999999986	336.33371048986635	8.389999999999986	84.08342762246659	-8.389999999999986	252.25028286739976	75.69342762246659	8.389999999999986	252.25028286739976	-84.08342762246659	252.25028286739976	-252.25028286739976	8.39	84.08342762246659
920	333.5358284977608	111.1786094992536	-444.71443799701456	-333.5358284977608	8.389999999999986	444.71443799701456	8.389999999999986	111.1786094992536	-8.389999999999986	333.5358284977608	102.7886094992536	8.389999999999986	333.5358284977608	-111.1786094992536	333.5358284977608	-333.5358284977608	8.39	111.17860949925361
921	325.6573337557421	108.55244458524737	-434.2097783409897	-325.6573337557421	8.389999999999986	434.2097783409897	8.389999999999986	108.55244458524737	-8.389999999999986	325.6573337557421	100.16244458524737	8.389999999999986	325.6573337557421	-108.55244458524737	325.6573337557421	-325.6573337557421	8.39	108.55244458524739
922	82.21143398627498	27.403811328758326	-109.6152453150333	-82.21143398627498	8.389999999999986	109.6152453150333	8.389999999999986	27.403811328758326	-8.389999999999986	82.21143398627498	19.013811328758326	8.389999999999986	82.21143398627498	-27.403811328758326	82.21143398627498	-82.21143398627498	8.39	27.403811328758334
923	134.77693309860638	44.92564436620213	-179.70257746480866	-134.77693309860638	8.389999999999986	179.70257746480866	8.389999999999986	44.92564436620213	-8.389999999999986	134.77693309860638	36.53564436620213	8.389999999999986	134.77693309860638	-44.92564436620213	134.77693309860638	-134.77693309860638	8.39	44.92564436620213
924	76.97223670561539	25.65741223520513	-102.62964894082052	-76.97223670561539	8.389999999999986	102.62964894082052	8.389999999999986	25.65741223520513	-8.389999999999986	76.97223670561539	17.26741223520513	8.389999999999986	76.97223670561539	-25.65741223520513	76.97223670561539	-76.97223670561539	8.39	25.65741223520513
925	91.44510171807337	30.481700572691125	-121.9268022907645	-91.44510171807337	8.389999999999986	121.9268022907645	8.389999999999986	30.481700572691125	-8.389999999999986	91.44510171807337	22.091700572691124	8.389999999999986	91.44510171807337	-30.481700572691125	91.44510171807337	-91.44510171807337	8.39	30.481700572691125
926	96.70792918863856	32.235976396212855	-128.94390558485142	-96.70792918863856	8.389999999999986	128.94390558485142	8.389999999999986	32.235976396212855	-8.389999999999986	96.70792918863856	23.84597639621285	8.389999999999986	96.70792918863856	-32.235976396212855	96.70792918863856	-96.70792918863856	8.39	32.23597639621285
927	103.24452355084452	34.41484118361484	-137.65936473445936	-103.24452355084452	8.389999999999986	137.65936473445936	8.389999999999986	34.41484118361484	-8.389999999999986	103.24452355084452	26.02484118361484	8.389999999999986	103.24452355084452	-34.41484118361484	103.24452355084452	-103.24452355084452	8.39	34.41484118361484
928	108.48634173010987	36.162113910036624	-144.6484556401465	-108.48634173010987	8.389999999999986	144.6484556401465	8.389999999999986	36.162113910036624	-8.389999999999986	108.48634173010987	27.772113910036623	8.389999999999986	108.48634173010987	-36.162113910036624	108.48634173010987	-108.48634173010987	8.39	36.162113910036624
929	116.36483647212856	38.788278824042855	-155.15311529617142	-116.36483647212856	8.389999999999986	155.15311529617142	8.389999999999986	38.788278824042855	-8.389999999999986	116.36483647212856	30.39827882404285	8.389999999999986	116.36483647212856	-38.788278824042855	116.36483647212856	-116.36483647212856	8.39	38.78827882404285
930	129.53773581794678	43.17924527264893	-172.7169810905957	-129.53773581794678	8.389999999999986	172.7169810905957	8.389999999999986	43.17924527264893	-8.389999999999986	129.53773581794678	34.78924527264893	8.389999999999986	129.53773581794678	-43.17924527264893	129.53773581794678	-129.53773581794678	8.39	43.17924527264893
931	145.32630243521862	48.44210081173954	-193.76840324695817	-145.32630243521862	8.389999999999986	193.76840324695817	8.389999999999986	48.44210081173954	-8.389999999999986	145.32630243521862	40.052100811739535	8.389999999999986	145.32630243521862	-48.44210081173954	145.32630243521862	-145.32630243521862	8.39	48.44210081173955
932	166.46207084805678	55.48735694935226	-221.94942779740904	-166.46207084805678	8.389999999999986	221.94942779740904	8.389999999999986	55.48735694935226	-8.389999999999986	166.46207084805678	47.09735694935226	8.389999999999986	166.46207084805678	-55.48735694935226	166.46207084805678	-166.46207084805678	8.39	55.48735694935226
933	182.31391829345375	60.77130609781792	-243.08522439127168	-182.31391829345375	8.389999999999986	243.08522439127168	8.389999999999986	60.77130609781792	-8.389999999999986	182.31391829345375	52.38130609781791	8.389999999999986	182.31391829345375	-60.77130609781792	182.31391829345375	-182.31391829345375	8.39	60.77130609781793
934	224.58579329277745	74.86193109759249	-299.44772439036996	-224.58579329277745	8.389999999999986	299.44772439036996	8.389999999999986	74.86193109759249	-8.389999999999986	224.58579329277745	66.47193109759249	8.389999999999986	224.58579329277745	-74.86193109759249	224.58579329277745	-224.58579329277745	8.39	74.86193109759247
935	250.9424544630075	83.6474848210025	-334.58993928401	-250.9424544630075	8.389999999999986	334.58993928401	8.389999999999986	83.6474848210025	-8.389999999999986	250.9424544630075	75.25748482100249	8.389999999999986	250.9424544630075	-83.6474848210025	250.9424544630075	-250.9424544630075	8.39	83.64748482100251
936	261.42609082153854	87.14203027384617	-348.5681210953847	-261.42609082153854	8.389999999999986	348.5681210953847	8.389999999999986	87.14203027384617	-8.389999999999986	261.42609082153854	78.75203027384617	8.389999999999986	261.42609082153854	-87.14203027384617	261.42609082153854	-261.42609082153854	8.39	87.14203027384619
937	287.5725728562903	95.8575242854301	-383.4300971417204	-287.5725728562903	8.389999999999986	383.4300971417204	8.389999999999986	95.8575242854301	-8.389999999999986	287.5725728562903	87.46752428543013	8.389999999999986	287.5725728562903	-95.8575242854301	287.5725728562903	-287.5725728562903	8.39	95.85752428543009
938	292.8143910355558	97.60479701185193	-390.4191880474077	-292.8143910355558	8.389999999999986	390.4191880474077	8.389999999999986	97.60479701185193	-8.389999999999986	292.8143910355558	89.21479701185194	8.389999999999986	292.8143910355558	-97.60479701185193	292.8143910355558	-292.8143910355558	8.39	97.60479701185193
939	303.36113947356205	101.12037982452068	-404.48151929808273	-303.36113947356205	8.389999999999986	404.48151929808273	8.389999999999986	101.12037982452068	-8.389999999999986	303.36113947356205	92.7303798245207	8.389999999999986	303.36113947356205	-101.12037982452068	303.36113947356205	-303.36113947356205	8.39	101.12037982452068
940	308.62396694412723	102.8746556480424	-411.4986225921696	-308.62396694412723	8.389999999999986	411.4986225921696	8.389999999999986	102.8746556480424	-8.389999999999986	308.62396694412723	94.48465564804243	8.389999999999986	308.62396694412723	-102.8746556480424	308.62396694412723	-308.62396694412723	8.39	102.87465564804239
941	309.93441624712545	103.31147208237515	-413.2458883295006	-309.93441624712545	8.389999999999986	413.2458883295006	8.389999999999986	103.31147208237515	-8.389999999999986	309.93441624712545	94.92147208237517	8.389999999999986	309.93441624712545	-103.31147208237515	309.93441624712545	-309.93441624712545	8.39	103.31147208237513
942	324.34950535135005	108.11650178378333	-432.46600713513334	-324.34950535135005	8.389999999999986	432.46600713513334	8.389999999999986	108.11650178378333	-8.389999999999986	324.34950535135005	99.72650178378333	8.389999999999986	324.34950535135005	-108.11650178378333	324.34950535135005	-324.34950535135005	8.39	108.11650178378338
943	329.5913235306157	109.86377451020523	-439.4550980408209	-329.5913235306157	8.389999999999986	439.4550980408209	8.389999999999986	109.86377451020523	-8.389999999999986	329.5913235306157	101.47377451020523	8.389999999999986	329.5913235306157	-109.86377451020523	329.5913235306157	-329.5913235306157	8.39	109.86377451020522
944	337.46981827263426	112.48993942421141	-449.95975769684566	-337.46981827263426	8.389999999999986	449.95975769684566	8.389999999999986	112.48993942421141	-8.389999999999986	337.46981827263426	104.09993942421144	8.389999999999986	337.46981827263426	-112.48993942421141	337.46981827263426	-337.46981827263426	8.39	112.4899394242114
945	349.32701601363874	116.44233867121291	-465.76935468485163	-349.32701601363874	8.389999999999986	465.76935468485163	8.389999999999986	116.44233867121291	-8.389999999999986	349.32701601363874	108.05233867121294	8.389999999999986	349.32701601363874	-116.44233867121291	349.32701601363874	-349.32701601363874	8.39	116.4423386712129
946	359.7897269502963	119.9299089834321	-479.7196359337284	-359.7897269502963	8.389999999999986	479.7196359337284	8.389999999999986	119.9299089834321	-8.389999999999986	359.7897269502963	111.53990898343213	8.389999999999986	359.7897269502963	-119.9299089834321	359.7897269502963	-359.7897269502963	8.39	119.92990898343209
947	362.4158778581083	120.80529261936942	-483.2211704774777	-362.4158778581083	8.389999999999986	483.2211704774777	8.389999999999986	120.80529261936942	-8.389999999999986	362.4158778581083	112.41529261936944	8.389999999999986	362.4158778581083	-120.80529261936942	362.4158778581083	-362.4158778581083	8.39	120.80529261936942
948	365.03154512956166	121.67718170985388	-486.70872683941553	-365.03154512956166	8.389999999999986	486.70872683941553	8.389999999999986	121.67718170985388	-8.389999999999986	365.03154512956166	113.28718170985391	8.389999999999986	365.03154512956166	-121.67718170985388	365.03154512956166	-365.03154512956166	8.39	121.67718170985387
949	372.9205235079387	124.3068411693129	-497.2273646772516	-372.9205235079387	8.389999999999986	497.2273646772516	8.389999999999986	124.3068411693129	-8.389999999999986	372.9205235079387	115.9168411693129	8.389999999999986	372.9205235079387	-124.3068411693129	372.9205235079387	-372.9205235079387	8.39	124.30684116931289
950	384.75139641752435	128.25046547250813	-513.0018618900325	-384.75139641752435	8.389999999999986	513.0018618900325	8.389999999999986	128.25046547250813	-8.389999999999986	384.75139641752435	119.86046547250812	8.389999999999986	384.75139641752435	-128.25046547250813	384.75139641752435	-384.75139641752435	8.39	128.2504654725081
951	546.3196701723823	182.10655672412744	-728.4262268965098	-546.3196701723823	8.389999999999986	728.4262268965098	8.389999999999986	182.10655672412744	-8.389999999999986	546.3196701723823	173.71655672412743	8.389999999999986	546.3196701723823	-182.10655672412744	546.3196701723823	-546.3196701723823	8.39	182.10655672412742
952	572.7182660557855	190.90608868526184	-763.6243547410473	-572.7182660557855	8.389999999999986	763.6243547410473	8.389999999999986	190.90608868526184	-8.389999999999986	572.7182660557855	182.51608868526188	8.389999999999986	572.7182660557855	-190.90608868526184	572.7182660557855	-572.7182660557855	8.39	190.9060886852618
953	593.7275573554467	197.9091857851489	-791.6367431405956	-593.7275573554467	8.389999999999986	791.6367431405956	8.389999999999986	197.9091857851489	-8.389999999999986	593.7275573554467	189.51918578514892	8.389999999999986	593.7275573554467	-197.9091857851489	593.7275573554467	-593.7275573554467	8.39	197.9091857851489
954	604.2638221570946	201.42127405236488	-805.6850962094595	-604.2638221570946	8.389999999999986	805.6850962094595	8.389999999999986	201.42127405236488	-8.389999999999986	604.2638221570946	193.0312740523649	8.389999999999986	604.2638221570946	-201.42127405236488	604.2638221570946	-604.2638221570946	8.39	201.42127405236488
955	609.4951985508453	203.1650661836151	-812.6602647344604	-609.4951985508453	8.389999999999986	812.6602647344604	8.389999999999986	203.1650661836151	-8.389999999999986	609.4951985508453	194.77506618361514	8.389999999999986	609.4951985508453	-203.1650661836151	609.4951985508453	-609.4951985508453	8.39	203.16506618361507
956	616.047466033109	205.34915534436968	-821.3966213774787	-616.047466033109	8.389999999999986	821.3966213774787	8.389999999999986	205.34915534436968	-8.389999999999986	616.047466033109	196.95915534436966	8.389999999999986	616.047466033109	-205.34915534436968	616.047466033109	-616.047466033109	8.39	205.34915534436965
957	619.9788349093762	206.65961163645875	-826.638446545835	-619.9788349093762	8.389999999999986	826.638446545835	8.389999999999986	206.65961163645875	-8.389999999999986	619.9788349093762	198.26961163645876	8.389999999999986	619.9788349093762	-206.65961163645875	619.9788349093762	-619.9788349093762	8.39	206.65961163645875
958	651.6192489720449	217.20641632401498	-868.8256652960599	-651.6192489720449	8.389999999999986	868.8256652960599	8.389999999999986	217.20641632401498	-8.389999999999986	651.6192489720449	208.816416324015	8.389999999999986	651.6192489720449	-217.20641632401498	651.6192489720449	-651.6192489720449	8.39	217.20641632401498
959	725.4889283235642	241.8296427745214	-967.3185710980856	-725.4889283235642	8.389999999999986	967.3185710980856	8.389999999999986	241.8296427745214	-8.389999999999986	725.4889283235642	233.43964277452142	8.389999999999986	725.4889283235642	-241.8296427745214	725.4889283235642	-725.4889283235642	8.39	241.8296427745214
960	130.848185120945	43.61606170698167	-174.464246827927	-130.848185120945	8.389999999999986	174.464246827927	8.389999999999986	43.61606170698167	-8.389999999999986	130.848185120945	35.22606170698167	8.389999999999986	130.848185120945	-43.61606170698167	130.848185120945	-130.848185120945	8.39	43.61606170698167
961	317.8129109891439	105.9376369963813	-423.7505479855254	-317.8129109891439	8.389999999999986	423.7505479855254	8.389999999999986	105.9376369963813	-8.389999999999986	317.8129109891439	97.5476369963813	8.389999999999986	317.8129109891439	-105.9376369963813	317.8129109891439	-317.8129109891439	8.39	105.93763699638131
962	265.37321668728964	88.45773889576321	-353.8309555830531	-265.37321668728964	8.389999999999986	353.8309555830531	8.389999999999986	88.45773889576321	-8.389999999999986	265.37321668728964	80.06773889576321	8.389999999999986	265.37321668728964	-88.45773889576321	265.37321668728964	-265.37321668728964	8.39	88.45773889576323
963	258.7999399137267	86.26664663790889	-345.06658655163574	-258.7999399137267	8.389999999999986	345.06658655163574	8.389999999999986	86.26664663790889	-8.389999999999986	258.7999399137267	77.87664663790889	8.389999999999986	258.7999399137267	-86.26664663790889	258.7999399137267	-258.7999399137267	8.39	86.26664663790893
964	112.4334675958612	37.477822531953734	-149.91129012781505	-112.4334675958612	8.389999999999986	149.91129012781505	8.389999999999986	37.477822531953734	-8.389999999999986	112.4334675958612	29.087822531953734	8.389999999999986	112.4334675958612	-37.477822531953734	112.4334675958612	-112.4334675958612	8.39	37.477822531953734
965	274.52547832094933	91.50849277364976	-366.0339710945991	-274.5254783209493	8.389999999999986	366.0339710945991	8.389999999999986	91.50849277364976	-8.389999999999986	274.5254783209493	83.11849277364976	8.389999999999986	274.5254783209493	-91.50849277364976	274.5254783209493	-274.5254783209493	8.39	91.50849277364975
966	244.40586010080176	81.46862003360059	-325.87448013440223	-244.40586010080176	8.389999999999986	325.87448013440223	8.389999999999986	81.46862003360059	-8.389999999999986	244.40586010080176	73.07862003360059	8.389999999999986	244.40586010080176	-81.46862003360059	244.40586010080176	-244.40586010080176	8.39	81.46862003360059
967	358.4792776472982	119.4930925490994	-477.9723701963976	-358.4792776472982	8.389999999999986	477.9723701963976	8.389999999999986	119.4930925490994	-8.389999999999986	358.4792776472982	111.1030925490994	8.389999999999986	358.4792776472982	-119.4930925490994	358.4792776472982	-358.4792776472982	8.39	119.4930925490994
968	78.28268600861361	26.094228669537873	-104.3769146781517	-78.28268600861361	8.389999999999986	104.3769146781517	8.389999999999986	26.094228669537873	-8.389999999999986	78.28268600861361	17.704228669537873	8.389999999999986	78.28268600861361	-26.094228669537873	78.28268600861361	-78.28268600861361	8.39	26.09422866953787
969	124.27490834738182	41.424969449127275	-165.6998777965092	-124.27490834738182	8.389999999999986	165.6998777965092	8.389999999999986	41.424969449127275	-8.389999999999986	124.27490834738182	33.034969449127274	8.389999999999986	124.27490834738182	-41.424969449127275	124.27490834738182	-124.27490834738182	8.39	41.424969449127275
970	376.85189238420605	125.61729746140202	-502.4691898456082	-376.85189238420605	8.389999999999986	502.4691898456082	8.389999999999986	125.61729746140202	-8.389999999999986	376.85189238420605	117.22729746140202	8.389999999999986	376.85189238420605	-125.61729746140202	376.85189238420605	-376.85189238420605	8.39	125.61729746140202
971	371.6100742049406	123.87002473498019	-495.4800989399207	-371.6100742049406	8.389999999999986	495.4800989399207	8.389999999999986	123.87002473498019	-8.389999999999986	371.6100742049406	115.48002473498019	8.389999999999986	371.6100742049406	-123.87002473498019	371.6100742049406	-371.6100742049406	8.39	123.8700247349802
972	338.78026757563225	112.92675585854408	-451.70702343417656	-338.78026757563225	8.389999999999986	451.70702343417656	8.389999999999986	112.92675585854408	-8.389999999999986	338.78026757563225	104.53675585854408	8.389999999999986	338.78026757563225	-112.92675585854408	338.78026757563225	-338.78026757563225	8.39	112.9267558585441
973	191.50286233847044	63.83428744615682	-255.33714978462737	-191.50286233847044	8.389999999999986	255.33714978462737	8.389999999999986	63.83428744615682	-8.389999999999986	191.50286233847044	55.44428744615682	8.389999999999986	191.50286233847044	-63.83428744615682	191.50286233847044	-191.50286233847044	8.39	63.83428744615681
974	104.55497285384263	34.851657617947545	-139.40663047179038	-104.55497285384263	8.389999999999986	139.40663047179038	8.389999999999986	34.851657617947545	-8.389999999999986	104.55497285384263	26.461657617947544	8.389999999999986	104.55497285384263	-34.851657617947545	104.55497285384263	-104.55497285384263	8.39	34.85165761794754
975	453.527335122129	151.17577837404303	-604.703113496172	-453.527335122129	8.389999999999986	604.703113496172	8.389999999999986	151.17577837404303	-8.389999999999986	453.527335122129	142.78577837404302	8.389999999999986	453.527335122129	-151.17577837404303	453.527335122129	-453.527335122129	8.39	151.17577837404292
976	689.8724216978464	229.95747389928215	-919.8298955971286	-689.8724216978464	8.389999999999986	919.8298955971286	8.389999999999986	229.95747389928215	-8.389999999999986	689.8724216978464	221.56747389928213	8.389999999999986	689.8724216978464	-229.95747389928215	689.8724216978464	-689.8724216978464	8.39	229.95747389928215
977	326.96778305874045	108.98926101958016	-435.9570440783206	-326.96778305874045	8.389999999999986	435.9570440783206	8.389999999999986	108.98926101958016	-8.389999999999986	326.96778305874045	100.59926101958015	8.389999999999986	326.96778305874045	-108.98926101958016	326.96778305874045	-326.96778305874045	8.39	108.98926101958011
978	612.1108658222988	204.03695527409963	-816.1478210963985	-612.1108658222988	8.389999999999986	816.1478210963985	8.389999999999986	204.03695527409963	-8.389999999999986	612.1108658222988	195.6469552740996	8.389999999999986	612.1108658222988	-204.03695527409963	612.1108658222988	-612.1108658222988	8.39	204.0369552740996
979	282.34119646253987	94.11373215417996	-376.4549286167201	-282.34119646253987	8.389999999999986	376.4549286167201	8.389999999999986	94.11373215417996	-8.389999999999986	282.34119646253987	85.72373215417996	8.389999999999986	282.34119646253987	-94.11373215417996	282.34119646253987	-282.34119646253987	8.39	94.11373215417996
980	247.0162960377122	82.33876534590408	-329.3550613836164	-247.0162960377122	8.389999999999986	329.3550613836164	8.389999999999986	82.33876534590408	-8.389999999999986	247.0162960377122	73.94876534590408	8.389999999999986	247.0162960377122	-82.33876534590408	247.0162960377122	-247.0162960377122	8.39	82.33876534590406
981	79.58790397706889	26.52930132568963	-106.11720530275862	-79.58790397706889	8.389999999999986	106.11720530275862	8.389999999999986	26.52930132568963	-8.389999999999986	79.58790397706889	18.13930132568963	8.389999999999986	79.58790397706889	-26.52930132568963	79.58790397706889	-79.58790397706889	8.39	26.52930132568963
982	336.15936896963603	112.05312298987869	-448.21249195951464	-336.15936896963603	8.389999999999986	448.21249195951464	8.389999999999986	112.05312298987869	-8.389999999999986	336.15936896963603	103.66312298987869	8.389999999999986	336.15936896963603	-112.05312298987869	336.15936896963603	-336.15936896963603	8.39	112.05312298987866
983	253.5581217344611	84.51937391148705	-338.07749564594815	-253.55812173446117	8.389999999999986	338.07749564594815	8.389999999999986	84.51937391148705	-8.389999999999986	253.55812173446117	76.12937391148705	8.389999999999986	253.55812173446117	-84.51937391148705	253.55812173446117	-253.55812173446117	8.39	84.51937391148705
984	132.15340308940029	44.05113436313343	-176.2045374525338	-132.15340308940029	8.389999999999986	176.2045374525338	8.389999999999986	44.05113436313343	-8.389999999999986	132.15340308940029	35.66113436313343	8.389999999999986	132.15340308940029	-44.05113436313343	132.15340308940029	-132.15340308940029	8.39	44.05113436313343
985	648.993098064233	216.33103268807764	-865.3241307523108	-648.993098064233	8.389999999999986	865.3241307523108	8.389999999999986	216.33103268807764	-8.389999999999986	648.993098064233	207.94103268807766	8.389999999999986	648.993098064233	-216.33103268807764	648.993098064233	-648.993098064233	8.39	216.3310326880777
986	602.9533728540964	200.98445761803214	-803.9378304721286	-602.9533728540964	8.389999999999986	803.9378304721286	8.389999999999986	200.98445761803214	-8.389999999999986	602.9533728540964	192.59445761803215	8.389999999999986	602.9533728540964	-200.98445761803214	602.9533728540964	-602.9533728540964	8.39	200.98445761803214
987	355.853126739486	118.617708913162	-474.47083565264813	-355.853126739486	8.389999999999986	474.47083565264813	8.389999999999986	118.617708913162	-8.389999999999986	355.853126739486	110.227708913162	8.389999999999986	355.853126739486	-118.617708913162	355.853126739486	-355.853126739486	8.39	118.61770891316202
988	290.1882401277438	96.7294133759146	-386.9176535036585	-290.1882401277438	8.389999999999986	386.9176535036585	8.389999999999986	96.7294133759146	-8.389999999999986	290.1882401277438	88.3394133759146	8.389999999999986	290.1882401277438	-96.7294133759146	290.1882401277438	-290.1882401277438	8.39	96.72941337591465
989	311.23963421558074	103.74654473852692	-414.9861789541076	-311.23963421558074	8.389999999999986	414.9861789541076	8.389999999999986	103.74654473852692	-8.389999999999986	311.23963421558074	95.35654473852692	8.389999999999986	311.23963421558074	-103.74654473852692	311.23963421558074	-311.23963421558074	8.39	103.74654473852692
990	271.9019378490741	90.63397928302469	-362.53591713209903	-271.90193784907405	8.389999999999986	362.53591713209903	8.389999999999986	90.63397928302469	-8.389999999999986	271.90193784907405	82.24397928302469	8.389999999999986	271.90193784907405	-90.63397928302469	271.90193784907405	-271.90193784907405	8.39	90.63397928302467
991	374.22835191233094	124.74278397077698	-498.97113588310793	-374.22835191233094	8.389999999999986	498.97113588310793	8.389999999999986	124.74278397077698	-8.389999999999986	374.22835191233094	116.35278397077698	8.389999999999986	374.22835191233094	-124.74278397077698	374.22835191233094	-374.22835191233094	8.39	124.74278397077697
992	254.86595013885324	84.95531671295109	-339.8212668518044	-254.86595013885324	8.389999999999986	339.8212668518044	8.389999999999986	84.95531671295109	-8.389999999999986	254.86595013885324	76.56531671295109	8.389999999999986	254.86595013885324	-84.95531671295109	254.86595013885324	-254.86595013885324	8.39	84.95531671295107
993	113.74129600025344	37.913765333417814	-151.65506133367137	-113.74129600025344	8.389999999999986	151.65506133367137	8.389999999999986	37.913765333417814	-8.389999999999986	113.74129600025344	29.523765333417813	8.389999999999986	113.74129600025344	-37.913765333417814	113.74129600025344	-113.74129600025344	8.39	37.913765333417814
994	99.32097556148585	33.10699185382862	-132.42796741531475	-99.32097556148585	8.389999999999986	132.42796741531475	8.389999999999986	33.10699185382862	-8.389999999999986	99.32097556148585	24.716991853828617	8.389999999999986	99.32097556148585	-33.10699185382862	99.32097556148585	-99.32097556148585	8.39	33.10699185382862
995	98.0157575930308	32.67191919767693	-130.68767679070777	-98.01575759303078	8.389999999999986	130.68767679070777	8.389999999999986	32.67191919767693	-8.389999999999986	98.01575759303078	24.281919197676928	8.389999999999986	98.01575759303078	-32.67191919767693	98.01575759303078	-98.01575759303078	8.39	32.67191919767693
996	184.9321960008442	61.64406533361474	-246.57626133445896	-184.93219600084421	8.389999999999986	246.57626133445896	8.389999999999986	61.64406533361474	-8.389999999999986	184.93219600084421	53.25406533361473	8.389999999999986	184.93219600084421	-61.64406533361474	184.93219600084421	-184.93219600084421	8.39	61.64406533361473
997	105.86019082229802	35.28673027409934	-141.14692109639745	-105.86019082229802	8.389999999999986	141.14692109639745	8.389999999999986	35.28673027409934	-8.389999999999986	105.86019082229802	26.89673027409934	8.389999999999986	105.86019082229802	-35.28673027409934	105.86019082229802	-105.86019082229802	8.39	35.28673027409934
998	266.6810450916819	88.8936816972273	-355.5747267889092	-266.6810450916819	8.389999999999986	355.5747267889092	8.389999999999986	88.8936816972273	-8.389999999999986	266.6810450916819	80.5036816972273	8.389999999999986	266.6810450916819	-88.8936816972273	266.6810450916819	-266.6810450916819	8.39	88.8936816972273
999	267.98626306013716	89.32875435337905	-357.3150174135162	-267.98626306013716	8.389999999999986	357.3150174135162	8.389999999999986	89.32875435337905	-8.389999999999986	267.98626306013716	80.93875435337905	8.389999999999986	267.98626306013716	-89.32875435337905	267.98626306013716	-267.98626306013716	8.39	89.32875435337905
