	rxn10158	rxn05312	rxn05318	rJB00240	rxn00615	rxn05209	rxn00148	rxn00250	rxn00134	rxn00102	rxn05581	rxn00097	rxn00251	rxn10165	EX_cpd00182_e	EX_cpd00100_e	EX_cpd00080_e	ATPM	DM_cpd00002_c
0	-466.26666666666665	699.3999999999999	233.1333333333333	466.26666666666665	-699.3999999999999	-466.26666666666665	8.389999999999986	8.389999999999986	233.1333333333333	-8.389999999999986	699.3999999999999	224.74333333333328	8.389999999999986	699.3999999999999	-233.1333333333333	699.3999999999999	-699.3999999999999	8.39	233.13333333333327
1	-566.2662666666668	849.3994000000001	283.1331333333334	566.2662666666668	-849.3994000000001	-566.2662666666668	8.389999999999986	8.389999999999986	283.1331333333334	-8.389999999999986	849.3994000000001	274.7431333333334	8.389999999999986	849.3994000000001	-283.1331333333334	849.3994000000001	-849.3994000000001	8.39	283.1331333333334
2	-366.2670666666666	549.4005999999999	183.1335333333333	366.2670666666666	-549.4005999999999	-366.2670666666666	8.389999999999986	8.389999999999986	183.1335333333333	-8.389999999999986	549.4005999999999	174.7435333333333	8.389999999999986	549.4005999999999	-183.1335333333333	549.4005999999999	-549.4005999999999	8.39	183.13353333333333
3	-616.3660662666666	924.5490993999999	308.1830331333333	616.3660662666666	-924.5490993999999	-616.3660662666666	8.389999999999986	8.389999999999986	308.1830331333333	-8.389999999999986	924.5490993999999	299.7930331333333	8.389999999999986	924.5490993999999	-308.1830331333333	924.5490993999999	-924.5490993999999	8.39	308.18303313333337
4	-516.1664670666667	774.2497006	258.0832335333333	516.1664670666667	-774.2497006	-516.1664670666667	8.389999999999986	8.389999999999986	258.0832335333333	-8.389999999999986	774.2497006	249.69323353333334	8.389999999999986	774.2497006	-258.0832335333333	774.2497006	-774.2497006	8.39	258.0832335333333
5	-416.1668670666666	624.2503005999998	208.08343353333328	416.1668670666666	-624.2503005999998	-416.1668670666666	8.389999999999986	8.389999999999986	208.08343353333328	-8.389999999999986	624.2503005999998	199.6934335333333	8.389999999999986	624.2503005999998	-208.08343353333328	624.2503005999998	-624.2503005999998	8.39	208.08343353333328
6	-316.36726626666655	474.5508993999998	158.18363313333327	316.36726626666655	-474.5508993999998	-316.36726626666655	8.389999999999986	8.389999999999986	158.18363313333327	-8.389999999999986	474.5508993999998	149.7936331333333	8.389999999999986	474.5508993999998	-158.18363313333327	474.5508993999998	-474.5508993999998	8.39	158.18363313333327
7	-641.4660658662667	962.1990987994001	320.73303293313336	641.4660658662667	-962.1990987994001	-641.4660658662667	8.389999999999986	8.389999999999986	320.73303293313336	-8.389999999999986	962.1990987994001	312.3430329331334	8.389999999999986	962.1990987994001	-320.73303293313336	962.1990987994001	-962.1990987994001	8.39	320.73303293313336
8	-541.1662670670667	811.7494006006	270.5831335335333	541.1662670670667	-811.7494006006	-541.1662670670667	8.389999999999986	8.389999999999986	270.5831335335333	-8.389999999999986	811.7494006006	262.19313353353334	8.389999999999986	811.7494006006	-270.5831335335333	811.7494006006	-811.7494006006	8.39	270.5831335335333
9	-441.1666670670666	661.7500006006	220.5833335335333	441.1666670670666	-661.7500006006	-441.1666670670666	8.389999999999986	8.389999999999986	220.5833335335333	-8.389999999999986	661.7500006006	212.1933335335333	8.389999999999986	661.7500006006	-220.5833335335333	661.7500006006	-661.7500006006	8.39	220.58333353353333
10	-591.2660666670668	886.8991000006001	295.6330333335334	591.2660666670668	-886.8991000006001	-591.2660666670668	8.389999999999986	8.389999999999986	295.6330333335334	-8.389999999999986	886.8991000006001	287.2430333335334	8.389999999999986	886.8991000006001	-295.6330333335334	886.8991000006001	-886.8991000006001	8.39	295.6330333335334
11	-491.16666706626665	736.7500005994	245.58333353313333	491.16666706626665	-736.7500005994	-491.16666706626665	8.389999999999986	8.389999999999986	245.58333353313333	-8.389999999999986	736.7500005994	237.1933335331333	8.389999999999986	736.7500005994	-245.58333353313333	736.7500005994	-736.7500005994	8.39	245.58333353313333
12	-341.26726666626666	511.9008999994	170.63363333313333	341.26726666626666	-511.9008999994	-341.26726666626666	8.389999999999986	8.389999999999986	170.63363333313333	-8.389999999999986	511.9008999994	162.24363333313332	8.389999999999986	511.9008999994	-170.63363333313333	511.9008999994	-511.9008999994	8.39	170.6336333331333
13	-391.16706706626655	586.7506005993998	195.58353353313328	391.16706706626655	-586.7506005993998	-391.16706706626655	8.389999999999986	8.389999999999986	195.58353353313328	-8.389999999999986	586.7506005993998	187.1935335331333	8.389999999999986	586.7506005993998	-195.58353353313328	586.7506005993998	-586.7506005993998	8.39	195.58353353313328
14	-291.46726586706654	437.2008988005998	145.73363293353327	291.46726586706654	-437.2008988005998	-291.46726586706654	8.389999999999986	8.389999999999986	145.73363293353327	-8.389999999999986	437.2008988005998	137.34363293353329	8.389999999999986	437.2008988005998	-145.73363293353327	437.2008988005998	-437.2008988005998	8.39	145.73363293353327
15	-654.0411656656663	981.0617484984995	327.02058283283316	654.0411656656663	-981.0617484984995	-654.0411656656663	8.389999999999986	8.389999999999986	327.02058283283316	-8.389999999999986	981.0617484984995	318.63058283283317	8.389999999999986	981.0617484984995	-327.02058283283316	981.0617484984995	-981.0617484984995	8.39	327.02058283283316
16	-553.6911668672672	830.5367503009007	276.8455834336336	553.6911668672672	-830.5367503009007	-553.6911668672672	8.389999999999986	8.389999999999986	276.8455834336336	-8.389999999999986	830.5367503009007	268.4555834336336	8.389999999999986	830.5367503009007	-276.8455834336336	830.5367503009007	-830.5367503009007	8.39	276.8455834336336
17	-628.8909660668671	943.3364491003007	314.44548303343356	628.8909660668671	-943.3364491003007	-628.8909660668671	8.389999999999986	8.389999999999986	314.44548303343356	-8.389999999999986	943.3364491003007	306.0554830334336	8.389999999999986	943.3364491003007	-314.44548303343356	943.3364491003007	-943.3364491003007	8.39	314.44548303343356
18	-453.691566867267	680.5373503009005	226.8457834336335	453.691566867267	-680.5373503009005	-453.691566867267	8.389999999999986	8.389999999999986	226.8457834336335	-8.389999999999986	680.5373503009005	218.45578343363348	8.389999999999986	680.5373503009005	-226.8457834336335	680.5373503009005	-680.5373503009005	8.39	226.84578343363347
19	-603.790966467267	905.6864497009005	301.8954832336335	603.790966467267	-905.6864497009005	-603.790966467267	8.389999999999986	8.389999999999986	301.8954832336335	-8.389999999999986	905.6864497009005	293.5054832336335	8.389999999999986	905.6864497009005	-301.8954832336335	905.6864497009005	-905.6864497009005	8.39	301.89548323363357
20	-428.6417672668663	642.9626509002994	214.32088363343314	428.6417672668663	-642.9626509002994	-428.6417672668663	8.389999999999986	8.389999999999986	214.32088363343314	-8.389999999999986	642.9626509002994	205.93088363343313	8.389999999999986	642.9626509002994	-214.32088363343314	642.9626509002994	-642.9626509002994	8.39	214.3208836334331
21	-503.64156726646627	755.4623508996995	251.82078363323313	503.64156726646627	-755.4623508996995	-503.64156726646627	8.389999999999986	8.389999999999986	251.82078363323313	-8.389999999999986	755.4623508996995	243.43078363323315	8.389999999999986	755.4623508996995	-251.82078363323313	755.4623508996995	-755.4623508996995	8.39	251.8207836332332
22	-353.7421668664663	530.6132502996994	176.87108343323314	353.7421668664663	-530.6132502996994	-353.7421668664663	8.389999999999986	8.389999999999986	176.87108343323314	-8.389999999999986	530.6132502996994	168.48108343323312	8.389999999999986	530.6132502996994	-176.87108343323314	530.6132502996994	-530.6132502996994	8.39	176.87108343323314
23	-403.64196726646617	605.4629508996993	201.8209836332331	403.64196726646617	-605.4629508996993	-403.64196726646617	8.389999999999986	8.389999999999986	201.8209836332331	-8.389999999999986	605.4629508996993	193.4309836332331	8.389999999999986	605.4629508996993	-201.8209836332331	605.4629508996993	-605.4629508996993	8.39	201.82098363323308
24	-528.6413672668663	792.9620509002995	264.32068363343313	528.6413672668663	-792.9620509002995	-528.6413672668663	8.389999999999986	8.389999999999986	264.32068363343313	-8.389999999999986	792.9620509002995	255.93068363343315	8.389999999999986	792.9620509002995	-264.32068363343313	792.9620509002995	-792.9620509002995	8.39	264.3206836334332
25	-578.7411668668664	868.1117503002996	289.3705834334332	578.7411668668664	-868.1117503002996	-578.7411668668664	8.389999999999986	8.389999999999986	289.3705834334332	-8.389999999999986	868.1117503002996	280.9805834334332	8.389999999999986	868.1117503002996	-289.3705834334332	868.1117503002996	-868.1117503002996	8.39	289.3705834334332
26	-328.79236646606694	493.18854969910046	164.3961832330335	328.79236646606694	-493.18854969910046	-328.79236646606694	8.389999999999986	8.389999999999986	164.3961832330335	-8.389999999999986	493.18854969910046	156.00618323303348	8.389999999999986	493.18854969910046	-164.3961832330335	493.18854969910046	-493.18854969910046	8.39	164.39618323303347
27	-478.69176686606704	718.0376502991005	239.34588343303352	478.69176686606704	-718.0376502991005	-478.69176686606704	8.389999999999986	8.389999999999986	239.34588343303352	-8.389999999999986	718.0376502991005	230.9558834330335	8.389999999999986	718.0376502991005	-239.34588343303352	718.0376502991005	-718.0376502991005	8.39	239.3458834330335
28	-303.8923660664669	455.83854909970034	151.94618303323347	303.8923660664669	-455.83854909970034	-303.8923660664669	8.389999999999986	8.389999999999986	151.94618303323347	-8.389999999999986	455.83854909970034	143.55618303323348	8.389999999999986	455.83854909970034	-151.94618303323347	455.83854909970034	-455.83854909970034	8.39	151.9461830332334
29	-378.69216686606694	568.0382502991004	189.34608343303347	378.69216686606694	-568.0382502991004	-378.69216686606694	8.389999999999986	8.389999999999986	189.34608343303347	-8.389999999999986	568.0382502991004	180.95608343303348	8.389999999999986	568.0382502991004	-189.34608343303347	568.0382502991004	-568.0382502991004	8.39	189.3460834330334
30	-279.0421656676661	418.5632485014992	139.52108283383308	279.0421656676661	-418.5632485014992	-279.0421656676661	8.389999999999986	8.389999999999986	139.52108283383308	-8.389999999999986	418.5632485014992	131.1310828338331	8.389999999999986	418.5632485014992	-139.52108283383308	418.5632485014992	-418.5632485014992	8.39	139.52108283383302
31	-660.3412906651654	990.5119359977481	330.1706453325827	660.3412906651654	-990.5119359977481	-660.3412906651654	8.389999999999986	8.389999999999986	330.1706453325827	-8.389999999999986	990.5119359977481	321.7806453325827	8.389999999999986	990.5119359977481	-330.1706453325827	990.5119359977481	-990.5119359977481	8.39	330.17064533258275
32	-459.96654166716746	689.9498125007512	229.98327083358376	459.96654166716746	-689.9498125007512	-459.96654166716746	8.389999999999986	8.389999999999986	229.98327083358376	-8.389999999999986	689.9498125007512	221.59327083358374	8.389999999999986	689.9498125007512	-229.98327083358376	689.9498125007512	-689.9498125007512	8.39	229.98327083358373
33	-559.9661416671674	839.9492125007513	279.9830708335838	559.9661416671674	-839.9492125007513	-559.9661416671674	8.389999999999986	8.389999999999986	279.9830708335838	-8.389999999999986	839.9492125007513	271.5930708335838	8.389999999999986	839.9492125007513	-279.9830708335838	839.9492125007513	-839.9492125007513	8.39	279.9830708335837
34	-610.0659412671674	915.0989119007512	305.0329706335837	610.0659412671674	-915.0989119007512	-610.0659412671674	8.389999999999986	8.389999999999986	305.0329706335837	-8.389999999999986	915.0989119007512	296.64297063358373	8.389999999999986	915.0989119007512	-305.0329706335837	915.0989119007512	-915.0989119007512	8.39	305.0329706335837
35	-635.1659408667674	952.7489113001512	317.58297043338376	635.1659408667674	-952.7489113001512	-635.1659408667674	8.389999999999986	8.389999999999986	317.58297043338376	-8.389999999999986	952.7489113001512	309.1929704333838	8.389999999999986	952.7489113001512	-317.58297043338376	952.7489113001512	-952.7489113001512	8.39	317.58297043338376
36	-647.741040666167	971.6115609992506	323.87052033308356	647.741040666167	-971.6115609992506	-647.741040666167	8.389999999999986	8.389999999999986	323.87052033308356	-8.389999999999986	971.6115609992506	315.4805203330836	8.389999999999986	971.6115609992506	-323.87052033308356	971.6115609992506	-971.6115609992506	8.39	323.87052033308356
37	-547.4161920673668	821.1242881010502	273.7080960336834	547.4161920673668	-821.1242881010502	-547.4161920673668	8.389999999999986	8.389999999999986	273.7080960336834	-8.389999999999986	821.1242881010502	265.3180960336834	8.389999999999986	821.1242881010502	-273.7080960336834	821.1242881010502	-821.1242881010502	8.39	273.7080960336834
38	-622.6159912669667	933.9239869004501	311.30799563348336	622.6159912669667	-933.9239869004501	-622.6159912669667	8.389999999999986	8.389999999999986	311.30799563348336	-8.389999999999986	933.9239869004501	302.9179956334834	8.389999999999986	933.9239869004501	-311.30799563348336	933.9239869004501	-933.9239869004501	8.39	311.30799563348336
39	-434.89169226716626	652.3375384007494	217.44584613358313	434.89169226716626	-652.3375384007494	-434.89169226716626	8.389999999999986	8.389999999999986	217.44584613358313	-8.389999999999986	652.3375384007494	209.05584613358312	8.389999999999986	652.3375384007494	-217.44584613358313	652.3375384007494	-652.3375384007494	8.39	217.4458461335831
40	-409.8918922667662	614.8378384001493	204.9459461333831	409.8918922667662	-614.8378384001493	-409.8918922667662	8.389999999999986	8.389999999999986	204.9459461333831	-8.389999999999986	614.8378384001493	196.5559461333831	8.389999999999986	614.8378384001493	-204.9459461333831	614.8378384001493	-614.8378384001493	8.39	204.94594613338307
41	-447.4165920673666	671.1248881010499	223.7082960336833	447.4165920673666	-671.1248881010499	-447.4165920673666	8.389999999999986	8.389999999999986	223.7082960336833	-8.389999999999986	671.1248881010499	215.31829603368328	8.389999999999986	671.1248881010499	-223.7082960336833	671.1248881010499	-671.1248881010499	8.39	223.70829603368333
42	-509.89149226676625	764.8372384001494	254.94574613338312	509.89149226676625	-764.8372384001494	-509.89149226676625	8.389999999999986	8.389999999999986	254.94574613338312	-8.389999999999986	764.8372384001494	246.55574613338314	8.389999999999986	764.8372384001494	-254.94574613338312	764.8372384001494	-764.8372384001494	8.39	254.94574613338318
43	-534.8912922671664	802.3369384007495	267.4456461335832	534.8912922671664	-802.3369384007495	-534.8912922671664	8.389999999999986	8.389999999999986	267.4456461335832	-8.389999999999986	802.3369384007495	259.0556461335832	8.389999999999986	802.3369384007495	-267.4456461335832	802.3369384007495	-802.3369384007495	8.39	267.4456461335832
44	-584.9910918671665	877.4866378007497	292.49554593358323	584.9910918671665	-877.4866378007497	-584.9910918671665	8.389999999999986	8.389999999999986	292.49554593358323	-8.389999999999986	877.4866378007497	284.10554593358324	8.389999999999986	877.4866378007497	-292.49554593358323	877.4866378007497	-877.4866378007497	8.39	292.49554593358323
45	-359.99209186676626	539.9881378001494	179.99604593338313	359.99209186676626	-539.9881378001494	-359.99209186676626	8.389999999999986	8.389999999999986	179.99604593338313	-8.389999999999986	539.9881378001494	171.60604593338311	8.389999999999986	539.9881378001494	-179.99604593338313	539.9881378001494	-539.9881378001494	8.39	179.99604593338313
46	-597.5159916673667	896.2739875010501	298.75799583368337	597.5159916673667	-896.2739875010501	-597.5159916673667	8.389999999999986	8.389999999999986	298.75799583368337	-8.389999999999986	896.2739875010501	290.3679958336834	8.389999999999986	896.2739875010501	-298.75799583368337	896.2739875010501	-896.2739875010501	8.39	298.75799583368337
47	-422.3918422665663	633.5877633998495	211.19592113328312	422.3918422665663	-633.5877633998495	-422.3918422665663	8.389999999999986	8.389999999999986	211.19592113328312	-8.389999999999986	633.5877633998495	202.8059211332831	8.389999999999986	633.5877633998495	-211.19592113328312	633.5877633998495	-633.5877633998495	8.39	211.1959211332832
48	-310.11734126636657	465.17601189954985	155.05867063318328	310.11734126636657	-465.17601189954985	-310.11734126636657	8.389999999999986	8.389999999999986	155.05867063318328	-8.389999999999986	465.17601189954985	146.66867063318327	8.389999999999986	465.17601189954985	-155.05867063318328	465.17601189954985	-465.17601189954985	8.39	155.05867063318325
49	-384.9171420659666	577.3757130989499	192.4585710329833	384.9171420659666	-577.3757130989499	-384.9171420659666	8.389999999999986	8.389999999999986	192.4585710329833	-8.389999999999986	577.3757130989499	184.06857103298327	8.389999999999986	577.3757130989499	-192.4585710329833	577.3757130989499	-577.3757130989499	8.39	192.45857103298326
50	-497.3916422661664	746.0874633992496	248.6958211330832	497.3916422661664	-746.0874633992496	-497.3916422661664	8.389999999999986	8.389999999999986	248.6958211330832	-8.389999999999986	746.0874633992496	240.30582113308319	8.389999999999986	746.0874633992496	-248.6958211330832	746.0874633992496	-746.0874633992496	8.39	248.69582113308317
51	-522.3914422665663	783.5871633998495	261.19572113328314	522.3914422665663	-783.5871633998495	-522.3914422665663	8.389999999999986	8.389999999999986	261.19572113328314	-8.389999999999986	783.5871633998495	252.80572113328313	8.389999999999986	783.5871633998495	-261.19572113328314	783.5871633998495	-783.5871633998495	8.39	261.19572113328314
52	-335.0173416659666	502.52601249894985	167.50867083298328	335.0173416659666	-502.52601249894985	-335.0173416659666	8.389999999999986	8.389999999999986	167.50867083298328	-8.389999999999986	502.52601249894985	159.1186708329833	8.389999999999986	502.52601249894985	-167.50867083298328	502.52601249894985	-502.52601249894985	8.39	167.50867083298328
53	-397.3920422661662	596.0880633992493	198.69602113308312	397.3920422661662	-596.0880633992493	-397.3920422661662	8.389999999999986	8.389999999999986	198.69602113308312	-8.389999999999986	596.0880633992493	190.3060211330831	8.389999999999986	596.0880633992493	-198.69602113308312	596.0880633992493	-596.0880633992493	8.39	198.6960211330831
54	-347.4922418661663	521.2383627992494	173.74612093308315	347.4922418661663	-521.2383627992494	-347.4922418661663	8.389999999999986	8.389999999999986	173.74612093308315	-8.389999999999986	521.2383627992494	165.35612093308313	8.389999999999986	521.2383627992494	-173.74612093308315	521.2383627992494	-521.2383627992494	8.39	173.74612093308312
55	-484.9167420659667	727.37511309895	242.45837103298334	484.9167420659667	-727.37511309895	-484.9167420659667	8.389999999999986	8.389999999999986	242.45837103298334	-8.389999999999986	727.37511309895	234.06837103298332	8.389999999999986	727.37511309895	-242.45837103298334	727.37511309895	-727.37511309895	8.39	242.4583710329833
56	-572.4912418665664	858.7368627998495	286.2456209332832	572.4912418665664	-858.7368627998495	-572.4912418665664	8.389999999999986	8.389999999999986	286.2456209332832	-8.389999999999986	858.7368627998495	277.8556209332832	8.389999999999986	858.7368627998495	-286.2456209332832	858.7368627998495	-858.7368627998495	8.39	286.24562093328313
57	-285.2422906671669	427.86343600075037	142.62114533358346	285.2422906671669	-427.86343600075037	-285.2422906671669	8.389999999999986	8.389999999999986	142.62114533358346	-8.389999999999986	427.86343600075037	134.23114533358344	8.389999999999986	427.86343600075037	-142.62114533358346	427.86343600075037	-427.86343600075037	8.39	142.62114533358346
58	-322.56739126616736	483.8510868992511	161.2836956330837	322.56739126616736	-483.8510868992511	-322.56739126616736	8.389999999999986	8.389999999999986	161.2836956330837	-8.389999999999986	483.8510868992511	152.89369563308372	8.389999999999986	483.8510868992511	-161.2836956330837	483.8510868992511	-483.8510868992511	8.39	161.28369563308365
59	-472.4667916661674	708.7001874992511	236.2333958330837	472.4667916661674	-708.7001874992511	-472.4667916661674	8.389999999999986	8.389999999999986	236.2333958330837	-8.389999999999986	708.7001874992511	227.84339583308372	8.389999999999986	708.7001874992511	-236.2333958330837	708.7001874992511	-708.7001874992511	8.39	236.2333958330837
60	-297.66739086656736	446.50108629985107	148.83369543328368	297.66739086656736	-446.50108629985107	-297.66739086656736	8.389999999999986	8.389999999999986	148.83369543328368	-8.389999999999986	446.50108629985107	140.44369543328366	8.389999999999986	446.50108629985107	-148.83369543328368	446.50108629985107	-446.50108629985107	8.39	148.8336954332837
61	-372.4671916661674	558.7007874992511	186.2335958330837	372.4671916661674	-558.7007874992511	-372.4671916661674	8.389999999999986	8.389999999999986	186.2335958330837	-8.389999999999986	558.7007874992511	177.8435958330837	8.389999999999986	558.7007874992511	-186.2335958330837	558.7007874992511	-558.7007874992511	8.39	186.23359583308365
62	-272.84204066816534	409.26306100224804	136.42102033408267	272.84204066816534	-409.26306100224804	-272.84204066816534	8.389999999999986	8.389999999999986	136.42102033408267	-8.389999999999986	409.26306100224804	128.03102033408265	8.389999999999986	409.26306100224804	-136.42102033408267	409.26306100224804	-409.26306100224804	8.39	136.4210203340827
63	-663.4976532899145	995.2464799348718	331.74882664495726	663.4976532899145	-995.2464799348718	-663.4976532899145	8.389999999999986	8.389999999999986	331.74882664495726	-8.389999999999986	995.2464799348718	323.3588266449573	8.389999999999986	995.2464799348718	-331.74882664495726	995.2464799348718	-995.2464799348718	8.39	331.74882664495726
64	-563.1099040419176	844.6648560628764	281.5549520209588	563.1099040419176	-844.6648560628764	-563.1099040419176	8.389999999999986	8.389999999999986	281.5549520209588	-8.389999999999986	844.6648560628764	273.1649520209588	8.389999999999986	844.6648560628764	-281.5549520209588	844.6648560628764	-844.6648560628764	8.39	281.5549520209588
65	-613.2097036419175	919.8145554628762	306.60485182095874	613.2097036419175	-919.8145554628762	-613.2097036419175	8.389999999999986	8.389999999999986	306.60485182095874	-8.389999999999986	919.8145554628762	298.21485182095876	8.389999999999986	919.8145554628762	-306.60485182095874	919.8145554628762	-919.8145554628762	8.39	306.6048518209588
66	-638.3097032415176	957.4645548622766	319.15485162075885	638.3097032415176	-957.4645548622766	-638.3097032415176	8.389999999999986	8.389999999999986	319.15485162075885	-8.389999999999986	957.4645548622766	310.76485162075886	8.389999999999986	957.4645548622766	-319.15485162075885	957.4645548622766	-957.4645548622766	8.39	319.1548516207589
67	-650.8848030409172	976.327204561376	325.44240152045865	650.8848030409172	-976.327204561376	-650.8848030409172	8.389999999999986	8.389999999999986	325.44240152045865	-8.389999999999986	976.327204561376	317.05240152045866	8.389999999999986	976.327204561376	-325.44240152045865	976.327204561376	-976.327204561376	8.39	325.44240152045865
68	-657.1849280404163	985.7773920606244	328.5924640202081	657.1849280404163	-985.7773920606244	-657.1849280404163	8.389999999999986	8.389999999999986	328.5924640202081	-8.389999999999986	985.7773920606244	320.20246402020814	8.389999999999986	985.7773920606244	-328.5924640202081	985.7773920606244	-985.7773920606244	8.39	328.5924640202082
69	-463.1103040419176	694.6654560628763	231.55515202095876	463.1103040419176	-694.6654560628763	-463.1103040419176	8.389999999999986	8.389999999999986	231.55515202095876	-8.389999999999986	694.6654560628763	223.16515202095877	8.389999999999986	694.6654560628763	-231.55515202095876	694.6654560628763	-694.6654560628763	8.39	231.55515202095876
70	-456.8227792924174	685.2341689386261	228.41138964620868	456.8227792924174	-685.2341689386261	-456.8227792924174	8.389999999999986	8.389999999999986	228.41138964620868	-8.389999999999986	685.2341689386261	220.02138964620866	8.389999999999986	685.2341689386261	-228.41138964620868	685.2341689386261	-685.2341689386261	8.39	228.41138964620876
71	-438.0229046923165	657.0343570384748	219.01145234615825	438.0229046923165	-657.0343570384748	-438.0229046923165	8.389999999999986	8.389999999999986	219.01145234615825	-8.389999999999986	657.0343570384748	210.62145234615824	8.389999999999986	657.0343570384748	-219.01145234615825	657.0343570384748	-657.0343570384748	8.39	219.01145234615825
72	-606.9221788924174	910.3832683386261	303.4610894462087	606.9221788924174	-910.3832683386261	-606.9221788924174	8.389999999999986	8.389999999999986	303.4610894462087	-8.389999999999986	910.3832683386261	295.0710894462087	8.389999999999986	910.3832683386261	-303.4610894462087	910.3832683386261	-910.3832683386261	8.39	303.4610894462087
73	-450.5478044925169	675.8217067387753	225.27390224625844	450.5478044925169	-675.8217067387753	-450.5478044925169	8.389999999999986	8.389999999999986	225.27390224625844	-8.389999999999986	675.8217067387753	216.88390224625846	8.389999999999986	675.8217067387753	-225.27390224625844	675.8217067387753	-675.8217067387753	8.39	225.27390224625844
74	-513.0227046919165	769.5340570378747	256.51135234595824	513.0227046919165	-769.5340570378747	-513.0227046919165	8.389999999999986	8.389999999999986	256.51135234595824	-8.389999999999986	769.5340570378747	248.12135234595826	8.389999999999986	769.5340570378747	-256.51135234595824	769.5340570378747	-769.5340570378747	8.39	256.51135234595824
75	-550.547404492517	825.8211067387755	275.2737022462585	550.547404492517	-825.8211067387755	-550.547404492517	8.389999999999986	8.389999999999986	275.2737022462585	-8.389999999999986	825.8211067387755	266.8837022462585	8.389999999999986	825.8211067387755	-275.2737022462585	825.8211067387755	-825.8211067387755	8.39	275.2737022462585
76	-556.8223792924175	835.2335689386263	278.41118964620875	556.8223792924175	-835.2335689386263	-556.8223792924175	8.389999999999986	8.389999999999986	278.41118964620875	-8.389999999999986	835.2335689386263	270.02118964620877	8.389999999999986	835.2335689386263	-278.41118964620875	835.2335689386263	-835.2335689386263	8.39	278.41118964620875
77	-625.747203692117	938.6208055381754	312.8736018460585	625.747203692117	-938.6208055381754	-625.747203692117	8.389999999999986	8.389999999999986	312.8736018460585	-8.389999999999986	938.6208055381754	304.4836018460585	8.389999999999986	938.6208055381754	-312.8736018460585	938.6208055381754	-938.6208055381754	8.39	312.8736018460585
78	-632.0221784920175	948.0332677380262	316.01108924600874	632.0221784920175	-948.0332677380262	-632.0221784920175	8.389999999999986	8.389999999999986	316.01108924600874	-8.389999999999986	948.0332677380262	307.62108924600875	8.389999999999986	948.0332677380262	-316.01108924600874	948.0332677380262	-948.0332677380262	8.39	316.01108924600874
79	-644.5972782914171	966.8959174371256	322.29863914570853	644.5972782914171	-966.8959174371256	-644.5972782914171	8.389999999999986	8.389999999999986	322.29863914570853	-8.389999999999986	966.8959174371256	313.90863914570855	8.389999999999986	966.8959174371256	-322.29863914570853	966.8959174371256	-966.8959174371256	8.39	322.29863914570853
80	-413.0231046919165	619.5346570378747	206.51155234595825	413.0231046919165	-619.5346570378747	-413.0231046919165	8.389999999999986	8.389999999999986	206.51155234595825	-8.389999999999986	619.5346570378747	198.12155234595824	8.389999999999986	619.5346570378747	-206.51155234595825	619.5346570378747	-619.5346570378747	8.39	206.5115523459582
81	-363.1233042919166	544.6849564378749	181.5616521459583	363.1233042919166	-544.6849564378749	-363.1233042919166	8.389999999999986	8.389999999999986	181.5616521459583	-8.389999999999986	544.6849564378749	173.1716521459583	8.389999999999986	544.6849564378749	-181.5616521459583	544.6849564378749	-544.6849564378749	8.39	181.56165214595828
82	-600.6472040925171	900.9708061387756	300.32360204625854	600.6472040925171	-900.9708061387756	-600.6472040925171	8.389999999999986	8.389999999999986	300.32360204625854	-8.389999999999986	900.9708061387756	291.93360204625856	8.389999999999986	900.9708061387756	-300.32360204625854	900.9708061387756	-900.9708061387756	8.39	300.32360204625854
83	-538.0225046923165	807.0337570384748	269.0112523461583	538.0225046923165	-807.0337570384748	-538.0225046923165	8.389999999999986	8.389999999999986	269.0112523461583	-8.389999999999986	807.0337570384748	260.6212523461583	8.389999999999986	807.0337570384748	-269.0112523461583	807.0337570384748	-807.0337570384748	8.39	269.0112523461583
84	-588.1223042923166	882.183456438475	294.06115214615835	588.1223042923166	-882.183456438475	-588.1223042923166	8.389999999999986	8.389999999999986	294.06115214615835	-8.389999999999986	882.183456438475	285.67115214615836	8.389999999999986	882.183456438475	-294.06115214615835	882.183456438475	-882.183456438475	8.39	294.06115214615835
85	-544.2849796422165	816.4274694633247	272.1424898211082	544.2849796422165	-816.4274694633247	-544.2849796422165	8.389999999999986	8.389999999999986	272.1424898211082	-8.389999999999986	816.4274694633247	263.7524898211082	8.389999999999986	816.4274694633247	-272.1424898211082	816.4274694633247	-816.4274694633247	8.39	272.14248982110826
86	-619.4847788418164	929.2271682627246	309.7423894209082	619.4847788418164	-929.2271682627246	-619.4847788418164	8.389999999999986	8.389999999999986	309.7423894209082	-8.389999999999986	929.2271682627246	301.35238942090825	8.389999999999986	929.2271682627246	-309.7423894209082	929.2271682627246	-929.2271682627246	8.39	309.7423894209081
87	-338.13605424111626	507.2040813616744	169.06802712055816	338.13605424111626	-507.2040813616744	-338.13605424111626	8.389999999999986	8.389999999999986	169.06802712055816	-8.389999999999986	507.2040813616744	160.67802712055817	8.389999999999986	507.2040813616744	-169.06802712055816	507.2040813616744	-507.2040813616744	8.39	169.0680271205581
88	-531.760079842016	797.640119763024	265.880039921008	531.760079842016	-797.640119763024	-531.760079842016	8.389999999999986	8.389999999999986	265.880039921008	-8.389999999999986	797.640119763024	257.490039921008	8.389999999999986	797.640119763024	-265.880039921008	797.640119763024	-797.640119763024	8.39	265.880039921008
89	-581.8598794420161	872.7898191630242	290.92993972100805	581.8598794420161	-872.7898191630242	-581.8598794420161	8.389999999999986	8.389999999999986	290.92993972100805	-8.389999999999986	872.7898191630242	282.53993972100807	8.389999999999986	872.7898191630242	-290.92993972100805	872.7898191630242	-872.7898191630242	8.39	290.92993972100805
90	-525.510154841716	788.265232262574	262.755077420858	525.510154841716	-788.265232262574	-525.510154841716	8.389999999999986	8.389999999999986	262.755077420858	-8.389999999999986	788.265232262574	254.365077420858	8.389999999999986	788.265232262574	-262.755077420858	788.265232262574	-788.265232262574	8.39	262.755077420858
91	-575.6099544417161	863.4149316625742	287.80497722085806	575.6099544417161	-863.4149316625742	-575.6099544417161	8.389999999999986	8.389999999999986	287.80497722085806	-8.389999999999986	863.4149316625742	279.4149772208581	8.389999999999986	863.4149316625742	-287.80497722085806	863.4149316625742	-863.4149316625742	8.39	287.80497722085806
92	-425.510554841716	638.265832262574	212.755277420858	425.510554841716	-638.265832262574	-425.510554841716	8.389999999999986	8.389999999999986	212.755277420858	-8.389999999999986	638.265832262574	204.36527742085798	8.389999999999986	638.265832262574	-212.755277420858	638.265832262574	-638.265832262574	8.39	212.75527742085802
93	-313.2360538415163	469.8540807622744	156.61802692075815	313.2360538415163	-469.8540807622744	-313.2360538415163	8.389999999999986	8.389999999999986	156.61802692075815	-8.389999999999986	469.8540807622744	148.22802692075814	8.389999999999986	469.8540807622744	-156.61802692075815	469.8540807622744	-469.8540807622744	8.39	156.6180269207581
94	-388.0358546411163	582.0537819616744	194.01792732055816	388.0358546411163	-582.0537819616744	-388.0358546411163	8.389999999999986	8.389999999999986	194.01792732055816	-8.389999999999986	582.0537819616744	185.62792732055814	8.389999999999986	582.0537819616744	-194.01792732055816	582.0537819616744	-582.0537819616744	8.39	194.0179273205581
95	-350.61095444131604	525.916431661974	175.30547722065802	350.61095444131604	-525.916431661974	-350.61095444131604	8.389999999999986	8.389999999999986	175.30547722065802	-8.389999999999986	525.916431661974	166.915477220658	8.389999999999986	525.916431661974	-175.30547722065802	525.916431661974	-525.916431661974	8.39	175.305477220658
96	-488.0354546411164	732.0531819616747	244.0177273205582	488.0354546411164	-732.0531819616747	-488.0354546411164	8.389999999999986	8.389999999999986	244.0177273205582	-8.389999999999986	732.0531819616747	235.6277273205582	8.389999999999986	732.0531819616747	-244.0177273205582	732.0531819616747	-732.0531819616747	8.39	244.01772732055818
97	-500.51035484131614	750.7655322619742	250.25517742065807	500.51035484131614	-750.7655322619742	-500.51035484131614	8.389999999999986	8.389999999999986	250.25517742065807	-8.389999999999986	750.7655322619742	241.86517742065806	8.389999999999986	750.7655322619742	-250.25517742065807	750.7655322619742	-750.7655322619742	8.39	250.25517742065804
98	-406.76067984161585	610.1410197624238	203.38033992080793	406.76067984161585	-610.1410197624238	-406.76067984161585	8.389999999999986	8.389999999999986	203.38033992080793	-8.389999999999986	610.1410197624238	194.9903399208079	8.389999999999986	610.1410197624238	-203.38033992080793	610.1410197624238	-610.1410197624238	8.39	203.3803399208079
99	-356.86087944161596	535.291319162424	178.43043972080798	356.86087944161596	-535.291319162424	-356.86087944161596	8.389999999999986	8.389999999999986	178.43043972080798	-8.389999999999986	535.291319162424	170.04043972080797	8.389999999999986	535.291319162424	-178.43043972080798	535.291319162424	-535.291319162424	8.39	178.430439720808
100	-400.51075484131593	600.7661322619739	200.25537742065796	400.51075484131593	-600.7661322619739	-400.51075484131593	8.389999999999986	8.389999999999986	200.25537742065796	-8.389999999999986	600.7661322619739	191.86537742065798	8.389999999999986	600.7661322619739	-200.25537742065796	600.7661322619739	-600.7661322619739	8.39	200.25537742065796
101	-431.76047984201597	647.640719763024	215.88023992100798	431.76047984201597	-647.640719763024	-431.76047984201597	8.389999999999986	8.389999999999986	215.88023992100798	-8.389999999999986	647.640719763024	207.49023992100797	8.389999999999986	647.640719763024	-215.88023992100798	647.640719763024	-647.640719763024	8.39	215.880239921008
102	-444.2853796422163	666.4280694633245	222.14268982110815	444.2853796422163	-666.4280694633245	-444.2853796422163	8.389999999999986	8.389999999999986	222.14268982110815	-8.389999999999986	666.4280694633245	213.75268982110816	8.389999999999986	666.4280694633245	-222.14268982110815	666.4280694633245	-666.4280694633245	8.39	222.1426898211082
103	-506.7602798416159	760.1404197624239	253.38013992080798	506.7602798416159	-760.1404197624239	-506.7602798416159	8.389999999999986	8.389999999999986	253.38013992080798	-8.389999999999986	760.1404197624239	244.99013992080796	8.389999999999986	760.1404197624239	-253.38013992080798	760.1404197624239	-760.1404197624239	8.39	253.38013992080795
104	-594.3847792422165	891.5771688633248	297.19238962110825	594.3847792422165	-891.5771688633248	-594.3847792422165	8.389999999999986	8.389999999999986	297.19238962110825	-8.389999999999986	891.5771688633248	288.80238962110826	8.389999999999986	891.5771688633248	-297.19238962110825	891.5771688633248	-891.5771688633248	8.39	297.19238962110825
105	-419.27312969141656	628.9096945371248	209.63656484570828	419.27312969141656	-628.9096945371248	-419.27312969141656	8.389999999999986	8.389999999999986	209.63656484570828	-8.389999999999986	628.9096945371248	201.24656484570826	8.389999999999986	628.9096945371248	-209.63656484570828	628.9096945371248	-628.9096945371248	8.39	209.63656484570828
106	-494.2729296910166	741.4093945365249	247.1364648455083	494.2729296910166	-741.4093945365249	-494.2729296910166	8.389999999999986	8.389999999999986	247.1364648455083	-8.389999999999986	741.4093945365249	238.74646484550829	8.389999999999986	741.4093945365249	-247.1364648455083	741.4093945365249	-741.4093945365249	8.39	247.13646484550833
107	-394.2733296910165	591.4099945365248	197.13666484550825	394.2733296910165	-591.4099945365248	-394.2733296910165	8.389999999999986	8.389999999999986	197.13666484550825	-8.389999999999986	591.4099945365248	188.74666484550823	8.389999999999986	591.4099945365248	-197.13666484550825	591.4099945365248	-591.4099945365248	8.39	197.13666484550828
108	-288.3485532919168	432.52282993787514	144.1742766459584	288.3485532919168	-432.52282993787514	-288.3485532919168	8.389999999999986	8.389999999999986	144.1742766459584	-8.389999999999986	432.52282993787514	135.78427664595839	8.389999999999986	432.52282993787514	-144.1742766459584	432.52282993787514	-432.52282993787514	8.39	144.17427664595834
109	-306.9986286912168	460.49794303682523	153.4993143456084	306.9986286912168	-460.49794303682523	-306.9986286912168	8.389999999999986	8.389999999999986	153.4993143456084	-8.389999999999986	460.49794303682523	145.1093143456084	8.389999999999986	460.49794303682523	-153.4993143456084	460.49794303682523	-460.49794303682523	8.39	153.49931434560838
110	-381.79842949081683	572.6976442362252	190.89921474540841	381.79842949081683	-572.6976442362252	-381.79842949081683	8.389999999999986	8.389999999999986	190.89921474540841	-8.389999999999986	572.6976442362252	182.5092147454084	8.389999999999986	572.6976442362252	-190.89921474540841	572.6976442362252	-572.6976442362252	8.39	190.8992147454084
111	-331.8986290908169	497.84794363622524	165.94931454540844	331.8986290908169	-497.84794363622524	-331.8986290908169	8.389999999999986	8.389999999999986	165.94931454540844	-8.389999999999986	497.84794363622524	157.55931454540843	8.389999999999986	497.84794363622524	-165.94931454540844	497.84794363622524	-497.84794363622524	8.39	165.94931454540836
112	-481.798029490817	722.6970442362255	240.8990147454085	481.798029490817	-722.6970442362255	-481.798029490817	8.389999999999986	8.389999999999986	240.8990147454085	-8.389999999999986	722.6970442362255	232.50901474540848	8.389999999999986	722.6970442362255	-240.8990147454085	722.6970442362255	-722.6970442362255	8.39	240.89901474540846
113	-519.2727296914165	778.9090945371248	259.6363648457083	519.2727296914165	-778.9090945371248	-519.2727296914165	8.389999999999986	8.389999999999986	259.6363648457083	-8.389999999999986	778.9090945371248	251.24636484570829	8.389999999999986	778.9090945371248	-259.6363648457083	778.9090945371248	-778.9090945371248	8.39	259.6363648457083
114	-344.3735292910165	516.5602939365248	172.18676464550828	344.3735292910165	-516.5602939365248	-344.3735292910165	8.389999999999986	8.389999999999986	172.18676464550828	-8.389999999999986	516.5602939365248	163.7967646455083	8.389999999999986	516.5602939365248	-172.18676464550828	516.5602939365248	-516.5602939365248	8.39	172.18676464550822
115	-475.5730542909173	713.359581436376	237.78652714545865	475.5730542909173	-713.359581436376	-475.5730542909173	8.389999999999986	8.389999999999986	237.78652714545865	-8.389999999999986	713.359581436376	229.39652714545866	8.389999999999986	713.359581436376	-237.78652714545865	713.359581436376	-713.359581436376	8.39	237.78652714545865
116	-569.3725292914168	854.0587939371252	284.6862646457084	569.3725292914168	-854.0587939371252	-569.3725292914168	8.389999999999986	8.389999999999986	284.6862646457084	-8.389999999999986	854.0587939371252	276.2962646457084	8.389999999999986	854.0587939371252	-284.6862646457084	854.0587939371252	-854.0587939371252	8.39	284.6862646457084
117	-300.7736534913172	451.1604802369758	150.3868267456586	300.7736534913172	-451.1604802369758	-300.7736534913172	8.389999999999986	8.389999999999986	150.3868267456586	-8.389999999999986	451.1604802369758	141.9968267456586	8.389999999999986	451.1604802369758	-150.3868267456586	451.1604802369758	-451.1604802369758	8.39	150.3868267456586
118	-325.6736538909172	488.5104808363758	162.8368269454586	325.6736538909172	-488.5104808363758	-325.6736538909172	8.389999999999986	8.389999999999986	162.8368269454586	-8.389999999999986	488.5104808363758	154.44682694545858	8.389999999999986	488.5104808363758	-162.8368269454586	488.5104808363758	-488.5104808363758	8.39	162.8368269454586
119	-375.5734542909173	563.3601814363759	187.78672714545866	375.5734542909173	-563.3601814363759	-375.5734542909173	8.389999999999986	8.389999999999986	187.78672714545866	-8.389999999999986	563.3601814363759	179.39672714545864	8.389999999999986	563.3601814363759	-187.78672714545866	563.3601814363759	-563.3601814363759	8.39	187.7867271454586
120	-319.4611286414175	479.19169296212624	159.73056432070874	319.4611286414175	-479.19169296212624	-319.4611286414175	8.389999999999986	8.389999999999986	159.73056432070874	-8.389999999999986	479.19169296212624	151.34056432070872	8.389999999999986	479.19169296212624	-159.73056432070874	479.19169296212624	-479.19169296212624	8.39	159.73056432070877
121	-275.93590304291627	413.90385456437434	137.96795152145813	275.93590304291627	-413.90385456437434	-275.93590304291627	8.389999999999986	8.389999999999986	137.96795152145813	-8.389999999999986	413.90385456437434	129.57795152145812	8.389999999999986	413.90385456437434	-137.96795152145813	413.90385456437434	-413.90385456437434	8.39	137.96795152145808
122	-469.3605290414175	704.0407935621263	234.68026452070876	469.3605290414175	-704.0407935621263	-469.3605290414175	8.389999999999986	8.389999999999986	234.68026452070876	-8.389999999999986	704.0407935621263	226.29026452070875	8.389999999999986	704.0407935621263	-234.68026452070876	704.0407935621263	-704.0407935621263	8.39	234.68026452070876
123	-282.136028042417	423.20404206362554	141.0680140212085	282.136028042417	-423.20404206362554	-282.136028042417	8.389999999999986	8.389999999999986	141.0680140212085	-8.389999999999986	423.20404206362554	132.6780140212085	8.389999999999986	423.20404206362554	-141.0680140212085	423.20404206362554	-423.20404206362554	8.39	141.06801402120848
124	-294.5611282418175	441.8416923627263	147.28056412090876	294.5611282418175	-441.8416923627263	-294.5611282418175	8.389999999999986	8.389999999999986	147.28056412090876	-8.389999999999986	441.8416923627263	138.89056412090875	8.389999999999986	441.8416923627263	-147.28056412090876	441.8416923627263	-441.8416923627263	8.39	147.28056412090874
125	-369.3609290414175	554.0413935621262	184.68046452070877	369.3609290414175	-554.0413935621262	-369.3609290414175	8.389999999999986	8.389999999999986	184.68046452070877	-8.389999999999986	554.0413935621262	176.29046452070878	8.389999999999986	554.0413935621262	-184.68046452070877	554.0413935621262	-554.0413935621262	8.39	184.6804645207087
126	-269.74817829341447	404.6222674401217	134.8740891467072	269.74817829341447	-404.6222674401217	-269.74817829341447	8.389999999999986	8.389999999999986	134.8740891467072	-8.389999999999986	404.6222674401217	126.48408914670722	8.389999999999986	404.6222674401217	-134.8740891467072	404.6222674401217	-404.6222674401217	8.39	134.87408914670726
127	-665.0789909649138	997.6184864473707	332.5394954824569	665.0789909649138	-997.6184864473707	-665.0789909649138	8.389999999999986	8.389999999999986	332.5394954824569	-8.389999999999986	997.6184864473707	324.1494954824569	8.389999999999986	997.6184864473707	-332.5394954824569	997.6184864473707	-997.6184864473707	8.39	332.5394954824569
128	-564.6849289916674	847.0273934875012	282.3424644958337	564.6849289916674	-847.0273934875012	-564.6849289916674	8.389999999999986	8.389999999999986	282.3424644958337	-8.389999999999986	847.0273934875012	273.95246449583374	8.389999999999986	847.0273934875012	-282.3424644958337	847.0273934875012	-847.0273934875012	8.39	282.3424644958337
129	-614.7847285916673	922.177092887501	307.39236429583366	614.7847285916673	-922.177092887501	-614.7847285916673	8.389999999999986	8.389999999999986	307.39236429583366	-8.389999999999986	922.177092887501	299.0023642958337	8.389999999999986	922.177092887501	-307.39236429583366	922.177092887501	-922.177092887501	8.39	307.39236429583366
130	-658.7599529901661	988.1399294852491	329.37997649508304	658.7599529901661	-988.1399294852491	-658.7599529901661	8.389999999999986	8.389999999999986	329.37997649508304	-8.389999999999986	988.1399294852491	320.98997649508306	8.389999999999986	988.1399294852491	-329.37997649508304	988.1399294852491	-988.1399294852491	8.39	329.37997649508304
131	-661.9163156149152	992.8744734223728	330.9581578074576	661.9163156149152	-992.8744734223728	-661.9163156149152	8.389999999999986	8.389999999999986	330.9581578074576	-8.389999999999986	992.8744734223728	322.5681578074576	8.389999999999986	992.8744734223728	-330.9581578074576	992.8744734223728	-992.8744734223728	8.39	330.9581578074576
132	-639.8847281912674	959.8270922869013	319.94236409563376	639.8847281912674	-959.8270922869013	-639.8847281912674	8.389999999999986	8.389999999999986	319.94236409563376	-8.389999999999986	959.8270922869013	311.5523640956338	8.389999999999986	959.8270922869013	-319.94236409563376	959.8270922869013	-959.8270922869013	8.39	319.9423640956338
133	-652.459827990667	978.6897419860007	326.22991399533356	652.459827990667	-978.6897419860007	-652.459827990667	8.389999999999986	8.389999999999986	326.22991399533356	-8.389999999999986	978.6897419860007	317.8399139953336	8.389999999999986	978.6897419860007	-326.22991399533356	978.6897419860007	-978.6897419860007	8.39	326.22991399533356
134	-464.68532899166735	697.027993487501	232.34266449583367	464.68532899166735	-697.027993487501	-464.68532899166735	8.389999999999986	8.389999999999986	232.34266449583367	-8.389999999999986	697.027993487501	223.9526644958337	8.389999999999986	697.027993487501	-232.34266449583367	697.027993487501	-697.027993487501	8.39	232.34266449583367
135	-636.734678291768	955.102017437652	318.367339145884	636.734678291768	-955.102017437652	-636.734678291768	8.389999999999986	8.389999999999986	318.367339145884	-8.389999999999986	955.102017437652	309.977339145884	8.389999999999986	955.102017437652	-318.367339145884	955.102017437652	-955.102017437652	8.39	318.367339145884
136	-649.3097780911675	973.9646671367511	324.65488904558373	649.3097780911675	-973.9646671367511	-649.3097780911675	8.389999999999986	8.389999999999986	324.65488904558373	-8.389999999999986	973.9646671367511	316.26488904558374	8.389999999999986	973.9646671367511	-324.65488904558373	973.9646671367511	-973.9646671367511	8.39	324.6548890455837
137	-458.39151671741763	687.5872750761265	229.19575835870884	458.39151671741763	-687.5872750761265	-458.39151671741763	8.389999999999986	8.389999999999986	229.19575835870884	-8.389999999999986	687.5872750761265	220.80575835870883	8.389999999999986	687.5872750761265	-229.19575835870884	687.5872750761265	-687.5872750761265	8.39	229.19575835870882
138	-514.5914421169168	771.8871631753752	257.2957210584584	514.5914421169168	-771.8871631753752	-514.5914421169168	8.389999999999986	8.389999999999986	257.2957210584584	-8.389999999999986	771.8871631753752	248.90572105845843	8.389999999999986	771.8871631753752	-257.2957210584584	771.8871631753752	-771.8871631753752	8.39	257.2957210584584
139	-552.1161419175173	828.174212876276	276.05807095875866	552.1161419175173	-828.174212876276	-552.1161419175173	8.389999999999986	8.389999999999986	276.05807095875866	-8.389999999999986	828.174212876276	267.6680709587587	8.389999999999986	828.174212876276	-276.05807095875866	828.174212876276	-828.174212876276	8.39	276.05807095875866
140	-627.3159411171173	940.9739116756759	313.65797055855865	627.3159411171173	-940.9739116756759	-627.3159411171173	8.389999999999986	8.389999999999986	313.65797055855865	-8.389999999999986	940.9739116756759	305.26797055855866	8.389999999999986	940.9739116756759	-313.65797055855865	940.9739116756759	-940.9739116756759	8.39	313.65797055855865
141	-539.5912421173168	809.3868631759755	269.79562105865847	539.5912421173168	-809.3868631759755	-539.5912421173168	8.389999999999986	8.389999999999986	269.79562105865847	-8.389999999999986	809.3868631759755	261.4056210586585	8.389999999999986	809.3868631759755	-269.79562105865847	809.3868631759755	-809.3868631759755	8.39	269.7956210586585
142	-561.5348790921678	842.3023186382519	280.76743954608395	561.5348790921678	-842.3023186382519	-561.5348790921678	8.389999999999986	8.389999999999986	280.76743954608395	-8.389999999999986	842.3023186382519	272.37743954608396	8.389999999999986	842.3023186382519	-280.76743954608395	842.3023186382519	-842.3023186382519	8.39	280.76743954608395
143	-589.6910417173169	884.5365625759756	294.8455208586585	589.6910417173169	-884.5365625759756	-589.6910417173169	8.389999999999986	8.389999999999986	294.8455208586585	-8.389999999999986	884.5365625759756	286.45552085865853	8.389999999999986	884.5365625759756	-294.8455208586585	884.5365625759756	-884.5365625759756	8.39	294.8455208586585
144	-414.5918421169167	621.8877631753751	207.29592105845836	414.5918421169167	-621.8877631753751	-414.5918421169167	8.389999999999986	8.389999999999986	207.29592105845836	-8.389999999999986	621.8877631753751	198.90592105845835	8.389999999999986	621.8877631753751	-207.29592105845836	621.8877631753751	-621.8877631753751	8.39	207.29592105845836
145	-439.59164211731684	659.3874631759752	219.79582105865842	439.59164211731684	-659.3874631759752	-439.59164211731684	8.389999999999986	8.389999999999986	219.79582105865842	-8.389999999999986	659.3874631759752	211.4058210586584	8.389999999999986	659.3874631759752	-219.79582105865842	659.3874631759752	-659.3874631759752	8.39	219.79582105865842
146	-611.6346786921677	917.4520180382515	305.8173393460838	611.6346786921677	-917.4520180382515	-611.6346786921677	8.389999999999986	8.389999999999986	305.8173393460838	-8.389999999999986	917.4520180382515	297.42733934608384	8.389999999999986	917.4520180382515	-305.8173393460838	917.4520180382515	-917.4520180382515	8.39	305.8173393460839
147	-452.1165419175172	678.1748128762758	226.0582709587586	452.1165419175172	-678.1748128762758	-452.1165419175172	8.389999999999986	8.389999999999986	226.0582709587586	-8.389999999999986	678.1748128762758	217.66827095875863	8.389999999999986	678.1748128762758	-226.0582709587586	678.1748128762758	-678.1748128762758	8.39	226.0582709587586
148	-461.5352790921678	692.3029186382515	230.76763954608384	461.5352790921678	-692.3029186382515	-461.5352790921678	8.389999999999986	8.389999999999986	230.76763954608384	-8.389999999999986	692.3029186382515	222.37763954608386	8.389999999999986	692.3029186382515	-230.76763954608384	692.3029186382515	-692.3029186382515	8.39	230.76763954608384
149	-364.69204171691683	547.0380625753753	182.34602085845842	364.69204171691683	-547.0380625753753	-364.69204171691683	8.389999999999986	8.389999999999986	182.34602085845842	-8.389999999999986	547.0380625753753	173.9560208584584	8.389999999999986	547.0380625753753	-182.34602085845842	547.0380625753753	-547.0380625753753	8.39	182.34602085845842
150	-608.4909163174177	912.7363744761265	304.2454581587088	608.4909163174177	-912.7363744761265	-608.4909163174177	8.389999999999986	8.389999999999986	304.2454581587088	-8.389999999999986	912.7363744761265	295.8554581587088	8.389999999999986	912.7363744761265	-304.2454581587088	912.7363744761265	-912.7363744761265	8.39	304.24545815870886
151	-558.3911167174178	837.5866750761268	279.1955583587089	558.3911167174178	-837.5866750761268	-558.3911167174178	8.389999999999986	8.389999999999986	279.1955583587089	-8.389999999999986	837.5866750761268	270.80555835870894	8.389999999999986	837.5866750761268	-279.1955583587089	837.5866750761268	-837.5866750761268	8.39	279.1955583587089
152	-633.5909159170178	950.3863738755267	316.7954579585089	633.5909159170178	-950.3863738755267	-633.5909159170178	8.389999999999986	8.389999999999986	316.7954579585089	-8.389999999999986	950.3863738755267	308.4054579585089	8.389999999999986	950.3863738755267	-316.7954579585089	950.3863738755267	-950.3863738755267	8.39	316.7954579585089
153	-646.1660157164174	969.2490235746261	323.0830078582087	646.1660157164174	-969.2490235746261	-646.1660157164174	8.389999999999986	8.389999999999986	323.0830078582087	-8.389999999999986	969.2490235746261	314.6930078582087	8.389999999999986	969.2490235746261	-323.0830078582087	969.2490235746261	-969.2490235746261	8.39	323.0830078582087
154	-602.2159415175174	903.3239122762761	301.1079707587587	602.2159415175174	-903.3239122762761	-602.2159415175174	8.389999999999986	8.389999999999986	301.1079707587587	-8.389999999999986	903.3239122762761	292.7179707587587	8.389999999999986	903.3239122762761	-301.1079707587587	903.3239122762761	-903.3239122762761	8.39	301.1079707587587
155	-655.6099030906666	983.414854636	327.8049515453333	655.6099030906666	-983.414854636	-655.6099030906666	8.389999999999986	8.389999999999986	327.8049515453333	-8.389999999999986	983.414854636	319.41495154533334	8.389999999999986	983.414854636	-327.8049515453333	983.414854636	-983.414854636	8.39	327.8049515453333
156	-455.2540418674171	682.8810628011256	227.62702093370854	455.2540418674171	-682.8810628011256	-455.2540418674171	8.389999999999986	8.389999999999986	227.62702093370854	-8.389999999999986	682.8810628011256	219.23702093370852	8.389999999999986	682.8810628011256	-227.62702093370854	682.8810628011256	-682.8810628011256	8.39	227.62702093370854
157	-508.322754841766	762.484132262649	254.161377420883	508.322754841766	-762.484132262649	-508.322754841766	8.389999999999986	8.389999999999986	254.161377420883	-8.389999999999986	762.484132262649	245.771377420883	8.389999999999986	762.484132262649	-254.161377420883	762.484132262649	-762.484132262649	8.39	254.16137742088299
158	-621.0472538419663	931.5708807629494	310.52362692098313	621.0472538419663	-931.5708807629494	-621.0472538419663	8.389999999999986	8.389999999999986	310.52362692098313	-8.389999999999986	931.5708807629494	302.13362692098315	8.389999999999986	931.5708807629494	-310.52362692098313	931.5708807629494	-931.5708807629494	8.39	310.52362692098313
159	-339.6985292412662	509.5477938618993	169.8492646206331	339.6985292412662	-509.5477938618993	-339.6985292412662	8.389999999999986	8.389999999999986	169.8492646206331	-8.389999999999986	509.5477938618993	161.4592646206331	8.389999999999986	509.5477938618993	-169.8492646206331	509.5477938618993	-509.5477938618993	8.39	169.8492646206331
160	-361.5545668669163	542.3318503003744	180.77728343345814	361.5545668669163	-542.3318503003744	-361.5545668669163	8.389999999999986	8.389999999999986	180.77728343345814	-8.389999999999986	542.3318503003744	172.38728343345815	8.389999999999986	542.3318503003744	-180.77728343345814	542.3318503003744	-542.3318503003744	8.39	180.77728343345814
161	-408.3231548417659	612.4847322626489	204.16157742088294	408.3231548417659	-612.4847322626489	-408.3231548417659	8.389999999999986	8.389999999999986	204.16157742088294	-8.389999999999986	612.4847322626489	195.77157742088292	8.389999999999986	612.4847322626489	-204.16157742088294	612.4847322626489	-612.4847322626489	8.39	204.16157742088302
162	-533.322554842166	799.983832263249	266.661277421083	533.322554842166	-799.983832263249	-533.322554842166	8.389999999999986	8.389999999999986	266.661277421083	-8.389999999999986	799.983832263249	258.271277421083	8.389999999999986	799.983832263249	-266.661277421083	799.983832263249	-799.983832263249	8.39	266.661277421083
163	-545.8474546423663	818.7711819635496	272.9237273211832	545.8474546423663	-818.7711819635496	-545.8474546423663	8.389999999999986	8.389999999999986	272.9237273211832	-8.389999999999986	818.7711819635496	264.5337273211832	8.389999999999986	818.7711819635496	-272.9237273211832	818.7711819635496	-818.7711819635496	8.39	272.9237273211832
164	-555.2536418674172	832.8804628011258	277.6268209337086	555.2536418674172	-832.8804628011258	-555.2536418674172	8.389999999999986	8.389999999999986	277.6268209337086	-8.389999999999986	832.8804628011258	269.2368209337086	8.389999999999986	832.8804628011258	-277.6268209337086	832.8804628011258	-832.8804628011258	8.39	277.6268209337086
165	-583.4223544421661	875.1335316632492	291.71117722108306	583.4223544421661	-875.1335316632492	-583.4223544421661	8.389999999999986	8.389999999999986	291.71117722108306	-8.389999999999986	875.1335316632492	283.3211772210831	8.389999999999986	875.1335316632492	-291.71117722108306	875.1335316632492	-875.1335316632492	8.39	291.71117722108306
166	-599.0784666675168	898.6177000012751	299.5392333337584	599.0784666675168	-898.6177000012751	-599.0784666675168	8.389999999999986	8.389999999999986	299.5392333337584	-8.389999999999986	898.6177000012751	291.1492333337584	8.389999999999986	898.6177000012751	-299.5392333337584	898.6177000012751	-898.6177000012751	8.39	299.5392333337584
167	-605.353441467417	908.0301622011256	302.6767207337085	605.353441467417	-908.0301622011256	-605.353441467417	8.389999999999986	8.389999999999986	302.6767207337085	-8.389999999999986	908.0301622011256	294.28672073370853	8.389999999999986	908.0301622011256	-302.6767207337085	908.0301622011256	-908.0301622011256	8.39	302.6767207337085
168	-630.4534410670171	945.6801616005257	315.22672053350857	630.4534410670171	-945.6801616005257	-630.4534410670171	8.389999999999986	8.389999999999986	315.22672053350857	-8.389999999999986	945.6801616005257	306.8367205335086	8.389999999999986	945.6801616005257	-315.22672053350857	945.6801616005257	-945.6801616005257	8.39	315.22672053350857
169	-643.0285408664167	964.5428112996251	321.51427043320837	643.0285408664167	-964.5428112996251	-643.0285408664167	8.389999999999986	8.389999999999986	321.51427043320837	-8.389999999999986	964.5428112996251	313.1242704332084	8.389999999999986	964.5428112996251	-321.51427043320837	964.5428112996251	-964.5428112996251	8.39	321.51427043320837
170	-448.97906706751655	673.4686006012748	224.48953353375828	448.97906706751655	-673.4686006012748	-448.97906706751655	8.389999999999986	8.389999999999986	224.48953353375828	-8.389999999999986	673.4686006012748	216.0995335337583	8.389999999999986	673.4686006012748	-224.48953353375828	673.4686006012748	-673.4686006012748	8.39	224.48953353375828
171	-314.7985288416662	472.1977932624993	157.3992644208331	314.7985288416662	-472.1977932624993	-314.7985288416662	8.389999999999986	8.389999999999986	157.3992644208331	-8.389999999999986	472.1977932624993	149.0092644208331	8.389999999999986	472.1977932624993	-157.3992644208331	472.1977932624993	-472.1977932624993	8.39	157.3992644208331
172	-389.5983296412662	584.3974944618993	194.7991648206331	389.5983296412662	-584.3974944618993	-389.5983296412662	8.389999999999986	8.389999999999986	194.7991648206331	-8.389999999999986	584.3974944618993	186.4091648206331	8.389999999999986	584.3974944618993	-194.7991648206331	584.3974944618993	-584.3974944618993	8.39	194.7991648206331
173	-527.072629841866	790.6089447627991	263.536314920933	527.072629841866	-790.6089447627991	-527.072629841866	8.389999999999986	8.389999999999986	263.536314920933	-8.389999999999986	790.6089447627991	255.146314920933	8.389999999999986	790.6089447627991	-263.536314920933	790.6089447627991	-790.6089447627991	8.39	263.536314920933
174	-358.4233544417659	537.6350316626489	179.21167722088296	358.4233544417659	-537.6350316626489	-358.4233544417659	8.389999999999986	8.389999999999986	179.21167722088296	-8.389999999999986	537.6350316626489	170.82167722088298	8.389999999999986	537.6350316626489	-179.21167722088296	537.6350316626489	-537.6350316626489	8.39	179.21167722088296
175	-402.07322984146595	603.1098447621989	201.03661492073297	402.07322984146595	-603.1098447621989	-402.07322984146595	8.389999999999986	8.389999999999986	201.03661492073297	-8.389999999999986	603.1098447621989	192.646614920733	8.389999999999986	603.1098447621989	-201.03661492073297	603.1098447621989	-603.1098447621989	8.39	201.03661492073297
176	-411.4543672669161	617.1815509003742	205.72718363345808	411.4543672669161	-617.1815509003742	-411.4543672669161	8.389999999999986	8.389999999999986	205.72718363345808	-8.389999999999986	617.1815509003742	197.3371836334581	8.389999999999986	617.1815509003742	-205.72718363345808	617.1815509003742	-617.1815509003742	8.39	205.72718363345803
177	-427.07302984186595	640.6095447627989	213.53651492093297	427.07302984186595	-640.6095447627989	-427.07302984186595	8.389999999999986	8.389999999999986	213.53651492093297	-8.389999999999986	640.6095447627989	205.146514920933	8.389999999999986	640.6095447627989	-213.53651492093297	640.6095447627989	-640.6095447627989	8.39	213.53651492093297
178	-433.3229548421659	649.9844322632489	216.66147742108296	433.3229548421659	-649.9844322632489	-433.3229548421659	8.389999999999986	8.389999999999986	216.66147742108296	-8.389999999999986	649.9844322632489	208.27147742108298	8.389999999999986	649.9844322632489	-216.66147742108296	649.9844322632489	-649.9844322632489	8.39	216.66147742108296
179	-445.84785464236626	668.7717819635494	222.92392732118316	445.84785464236626	-668.7717819635494	-445.84785464236626	8.389999999999986	8.389999999999986	222.92392732118316	-8.389999999999986	668.7717819635494	214.53392732118317	8.389999999999986	668.7717819635494	-222.92392732118316	668.7717819635494	-668.7717819635494	8.39	222.9239273211831
180	-352.17342944146594	528.2601441621989	176.08671472073297	352.17342944146594	-528.2601441621989	-352.17342944146594	8.389999999999986	8.389999999999986	176.08671472073297	-8.389999999999986	528.2601441621989	167.69671472073296	8.389999999999986	528.2601441621989	-176.08671472073297	528.2601441621989	-528.2601441621989	8.39	176.08671472073297
181	-436.45416726731617	654.6812509009742	218.22708363365808	436.45416726731617	-654.6812509009742	-436.45416726731617	8.389999999999986	8.389999999999986	218.22708363365808	-8.389999999999986	654.6812509009742	209.83708363365807	8.389999999999986	654.6812509009742	-218.22708363365808	654.6812509009742	-654.6812509009742	8.39	218.22708363365808
182	-489.5979296412663	734.3968944618995	244.79896482063316	489.5979296412663	-734.3968944618995	-489.5979296412663	8.389999999999986	8.389999999999986	244.79896482063316	-8.389999999999986	734.3968944618995	236.40896482063314	8.389999999999986	734.3968944618995	-244.79896482063316	734.3968944618995	-734.3968944618995	8.39	244.79896482063316
183	-502.07282984146605	753.1092447621991	251.03641492073302	502.07282984146605	-753.1092447621991	-502.07282984146605	8.389999999999986	8.389999999999986	251.03641492073302	-8.389999999999986	753.1092447621991	242.646414920733	8.389999999999986	753.1092447621991	-251.03641492073302	753.1092447621991	-753.1092447621991	8.39	251.03641492073302
184	-577.1724294418661	865.7586441627991	288.586214720933	577.1724294418661	-865.7586441627991	-577.1724294418661	8.389999999999986	8.389999999999986	288.586214720933	-8.389999999999986	865.7586441627991	280.196214720933	8.389999999999986	865.7586441627991	-288.586214720933	865.7586441627991	-865.7586441627991	8.39	288.58621472093307
185	-511.4539672669162	767.1809509003743	255.7269836334581	511.4539672669162	-767.1809509003743	-511.4539672669162	8.389999999999986	8.389999999999986	255.7269836334581	-8.389999999999986	767.1809509003743	247.3369836334581	8.389999999999986	767.1809509003743	-255.7269836334581	767.1809509003743	-767.1809509003743	8.39	255.72698363345813
186	-536.4537672673164	804.6806509009746	268.2268836336582	536.4537672673164	-804.6806509009746	-536.4537672673164	8.389999999999986	8.389999999999986	268.2268836336582	-8.389999999999986	804.6806509009746	259.8368836336582	8.389999999999986	804.6806509009746	-268.2268836336582	804.6806509009746	-804.6806509009746	8.39	268.2268836336582
187	-548.9786670675167	823.468000601275	274.4893335337583	548.9786670675167	-823.468000601275	-548.9786670675167	8.389999999999986	8.389999999999986	274.4893335337583	-8.389999999999986	823.468000601275	266.09933353375834	8.389999999999986	823.468000601275	-274.4893335337583	823.468000601275	-823.468000601275	8.39	274.4893335337583
188	-586.5535668673165	879.8303503009747	293.27678343365824	586.5535668673165	-879.8303503009747	-586.5535668673165	8.389999999999986	8.389999999999986	293.27678343365824	-8.389999999999986	879.8303503009747	284.88678343365825	8.389999999999986	879.8303503009747	-293.27678343365824	879.8303503009747	-879.8303503009747	8.39	293.27678343365824
189	-595.9472542423664	893.9208813635496	297.9736271211832	595.9472542423664	-893.9208813635496	-595.9472542423664	8.389999999999986	8.389999999999986	297.9736271211832	-8.389999999999986	893.9208813635496	289.5836271211832	8.389999999999986	893.9208813635496	-297.9736271211832	893.9208813635496	-893.9208813635496	8.39	297.9736271211832
190	-624.1784662671166	936.2676994006749	312.0892331335583	624.1784662671166	-936.2676994006749	-624.1784662671166	8.389999999999986	8.389999999999986	312.0892331335583	-8.389999999999986	936.2676994006749	303.6992331335583	8.389999999999986	936.2676994006749	-312.0892331335583	936.2676994006749	-936.2676994006749	8.39	312.0892331335583
191	-617.9223038416663	926.8834557624996	308.9611519208332	617.9223038416663	-926.8834557624996	-617.9223038416663	8.389999999999986	8.389999999999986	308.9611519208332	-8.389999999999986	926.8834557624996	300.5711519208332	8.389999999999986	926.8834557624996	-308.9611519208332	926.8834557624996	-926.8834557624996	8.39	308.96115192083323
192	-289.9047908669165	434.8571863003748	144.95239543345826	289.9047908669165	-434.8571863003748	-289.9047908669165	8.389999999999986	8.389999999999986	144.95239543345826	-8.389999999999986	434.8571863003748	136.56239543345825	8.389999999999986	434.8571863003748	-144.95239543345826	434.8571863003748	-434.8571863003748	8.39	144.95239543345824
193	-333.45486666581655	500.18229999872483	166.72743333290828	333.45486666581655	-500.18229999872483	-333.45486666581655	8.389999999999986	8.389999999999986	166.72743333290828	-8.389999999999986	500.18229999872483	158.33743333290826	8.389999999999986	500.18229999872483	-166.72743333290828	500.18229999872483	-500.18229999872483	8.39	166.72743333290825
194	-420.8293672664164	631.2440508996247	210.4146836332082	420.8293672664164	-631.2440508996247	-420.8293672664164	8.389999999999986	8.389999999999986	210.4146836332082	-8.389999999999986	631.2440508996247	202.02468363320818	8.389999999999986	631.2440508996247	-210.4146836332082	631.2440508996247	-631.2440508996247	8.39	210.41468363320817
195	-542.7225046420663	814.0837569630994	271.36125232103313	542.7225046420663	-814.0837569630994	-542.7225046420663	8.389999999999986	8.389999999999986	271.36125232103313	-8.389999999999986	814.0837569630994	262.97125232103315	8.389999999999986	814.0837569630994	-271.36125232103313	814.0837569630994	-814.0837569630994	8.39	271.3612523210332
196	-574.0474794415659	861.0712191623488	287.02373972078294	574.0474794415659	-861.0712191623488	-574.0474794415659	8.389999999999986	8.389999999999986	287.02373972078294	-8.389999999999986	861.0712191623488	278.63373972078296	8.389999999999986	861.0712191623488	-287.02373972078294	861.0712191623488	-861.0712191623488	8.39	287.023739720783
197	-327.2298914659169	490.84483719887544	163.6149457329585	327.2298914659169	-490.84483719887544	-327.2298914659169	8.389999999999986	8.389999999999986	163.6149457329585	-8.389999999999986	490.84483719887544	155.22494573295847	8.389999999999986	490.84483719887544	-163.6149457329585	490.84483719887544	-490.84483719887544	8.39	163.61494573295846
198	-495.8291672660164	743.7437508990246	247.91458363300816	495.8291672660164	-743.7437508990246	-495.8291672660164	8.389999999999986	8.389999999999986	247.91458363300816	-8.389999999999986	743.7437508990246	239.52458363300815	8.389999999999986	743.7437508990246	-247.91458363300816	743.7437508990246	-743.7437508990246	8.39	247.91458363300825
199	-345.9297668660163	518.8946502990244	172.96488343300814	345.9297668660163	-518.8946502990244	-345.9297668660163	8.389999999999986	8.389999999999986	172.96488343300814	-8.389999999999986	518.8946502990244	164.57488343300813	8.389999999999986	518.8946502990244	-172.96488343300814	518.8946502990244	-518.8946502990244	8.39	172.9648834330081
200	-430.198004841866	645.2970072627991	215.099002420933	430.198004841866	-645.2970072627991	-430.198004841866	8.389999999999986	8.389999999999986	215.099002420933	-8.389999999999986	645.2970072627991	206.709002420933	8.389999999999986	645.2970072627991	-215.099002420933	645.2970072627991	-645.2970072627991	8.39	215.09900242093298
201	-383.3546670658165	575.0320005987247	191.67733353290828	383.3546670658165	-575.0320005987247	-383.3546670658165	8.389999999999986	8.389999999999986	191.67733353290828	-8.389999999999986	575.0320005987247	183.28733353290826	8.389999999999986	575.0320005987247	-191.67733353290828	575.0320005987247	-575.0320005987247	8.39	191.67733353290816
202	-486.47297964096646	729.7094694614497	243.23648982048323	486.47297964096646	-729.7094694614497	-486.47297964096646	8.389999999999986	8.389999999999986	243.23648982048323	-8.389999999999986	729.7094694614497	234.8464898204832	8.389999999999986	729.7094694614497	-243.23648982048323	729.7094694614497	-729.7094694614497	8.39	243.2364898204832
203	-520.8289672664163	781.2434508996245	260.41448363320814	520.8289672664163	-781.2434508996245	-520.8289672664163	8.389999999999986	8.389999999999986	260.41448363320814	-8.389999999999986	781.2434508996245	252.02448363320818	8.389999999999986	781.2434508996245	-260.41448363320814	781.2434508996245	-781.2434508996245	8.39	260.4144836332082
204	-592.8223042420665	889.2334563630997	296.41115212103324	592.8223042420665	-889.2334563630997	-592.8223042420665	8.389999999999986	8.389999999999986	296.41115212103324	-8.389999999999986	889.2334563630997	288.0211521210332	8.389999999999986	889.2334563630997	-296.41115212103324	889.2334563630997	-889.2334563630997	8.39	296.4111521210333
205	-302.32989106631686	453.4948365994753	151.16494553315846	302.32989106631686	-453.4948365994753	-302.32989106631686	8.389999999999986	8.389999999999986	151.16494553315846	-8.389999999999986	453.4948365994753	142.77494553315847	8.389999999999986	453.4948365994753	-151.16494553315846	453.4948365994753	-453.4948365994753	8.39	151.1649455331584
206	-308.55486626621655	462.8322993993248	154.27743313310827	308.55486626621655	-462.8322993993248	-308.55486626621655	8.389999999999986	8.389999999999986	154.27743313310827	-8.389999999999986	462.8322993993248	145.8874331331083	8.389999999999986	462.8322993993248	-154.27743313310827	462.8322993993248	-462.8322993993248	8.39	154.27743313310827
207	-311.67357884136624	467.5103682620494	155.83678942068315	311.67357884136624	-467.5103682620494	-311.67357884136624	8.389999999999986	8.389999999999986	155.83678942068315	-8.389999999999986	467.5103682620494	147.44678942068316	8.389999999999986	467.5103682620494	-155.83678942068315	467.5103682620494	-467.5103682620494	8.39	155.8367894206831
208	-336.5735792409663	504.8603688614495	168.28678962048315	336.5735792409663	-504.8603688614495	-336.5735792409663	8.389999999999986	8.389999999999986	168.28678962048315	-8.389999999999986	504.8603688614495	159.89678962048316	8.389999999999986	504.8603688614495	-168.28678962048315	504.8603688614495	-504.8603688614495	8.39	168.2867896204832
209	-349.04847944116597	523.572719161749	174.524239720583	349.04847944116597	-523.572719161749	-349.04847944116597	8.389999999999986	8.389999999999986	174.524239720583	-8.389999999999986	523.572719161749	166.13423972058303	8.389999999999986	523.572719161749	-174.524239720583	523.572719161749	-523.572719161749	8.39	174.52423972058295
210	-386.4733796409663	579.7100694614495	193.23668982048315	386.4733796409663	-579.7100694614495	-386.4733796409663	8.389999999999986	8.389999999999986	193.23668982048315	-8.389999999999986	579.7100694614495	184.84668982048316	8.389999999999986	579.7100694614495	-193.23668982048315	579.7100694614495	-579.7100694614495	8.39	193.2366898204832
211	-395.8295672660163	593.7443508990244	197.9147836330081	395.8295672660163	-593.7443508990244	-395.8295672660163	8.389999999999986	8.389999999999986	197.9147836330081	-8.389999999999986	593.7443508990244	189.5247836330081	8.389999999999986	593.7443508990244	-197.9147836330081	593.7443508990244	-593.7443508990244	8.39	197.9147836330082
212	-423.94807984156597	635.922119762349	211.97403992078299	423.94807984156597	-635.922119762349	-423.94807984156597	8.389999999999986	8.389999999999986	211.97403992078299	-8.389999999999986	635.922119762349	203.58403992078297	8.389999999999986	635.922119762349	-211.97403992078299	635.922119762349	-635.922119762349	8.39	211.974039920783
213	-477.12929186591697	715.6939377988755	238.5646459329585	477.12929186591697	-715.6939377988755	-477.12929186591697	8.389999999999986	8.389999999999986	238.5646459329585	-8.389999999999986	715.6939377988755	230.17464593295853	8.389999999999986	715.6939377988755	-238.5646459329585	715.6939377988755	-715.6939377988755	8.39	238.56464593295846
214	-498.94787984116607	748.4218197617491	249.47393992058306	498.94787984116607	-748.4218197617491	-498.94787984116607	8.389999999999986	8.389999999999986	249.47393992058306	-8.389999999999986	748.4218197617491	241.08393992058308	8.389999999999986	748.4218197617491	-249.47393992058306	748.4218197617491	-748.4218197617491	8.39	249.473939920583
215	-523.9476798415658	785.9215197623488	261.97383992078295	523.9476798415658	-785.9215197623488	-523.9476798415658	8.389999999999986	8.389999999999986	261.97383992078295	-8.389999999999986	785.9215197623488	253.58383992078296	8.389999999999986	785.9215197623488	-261.97383992078295	785.9215197623488	-785.9215197623488	8.39	261.97383992078295
216	-530.1976048418659	795.2964072627989	265.09880242093294	530.1976048418659	-795.2964072627989	-530.1976048418659	8.389999999999986	8.389999999999986	265.09880242093294	-8.389999999999986	795.2964072627989	256.70880242093295	8.389999999999986	795.2964072627989	-265.09880242093294	795.2964072627989	-795.2964072627989	8.39	265.09880242093294
217	-580.297404441866	870.446106662799	290.148702220933	580.297404441866	-870.446106662799	-580.297404441866	8.389999999999986	8.389999999999986	290.148702220933	-8.389999999999986	870.446106662799	281.758702220933	8.389999999999986	870.446106662799	-290.148702220933	870.446106662799	-870.446106662799	8.39	290.148702220933
218	-398.9482798411659	598.4224197617489	199.47413992058296	398.9482798411659	-598.4224197617489	-398.9482798411659	8.389999999999986	8.389999999999986	199.47413992058296	-8.389999999999986	598.4224197617489	191.08413992058297	8.389999999999986	598.4224197617489	-199.47413992058296	598.4224197617489	-598.4224197617489	8.39	199.47413992058296
219	-442.7229046420663	664.0843569630995	221.36145232103314	442.7229046420663	-664.0843569630995	-442.7229046420663	8.389999999999986	8.389999999999986	221.36145232103314	-8.389999999999986	664.0843569630995	212.97145232103315	8.389999999999986	664.0843569630995	-221.36145232103314	664.0843569630995	-664.0843569630995	8.39	221.3614523210332
220	-355.298404441466	532.947606662199	177.649202220733	355.298404441466	-532.947606662199	-355.298404441466	8.389999999999986	8.389999999999986	177.649202220733	-8.389999999999986	532.947606662199	169.259202220733	8.389999999999986	532.947606662199	-177.649202220733	532.947606662199	-532.947606662199	8.39	177.649202220733
221	-483.35426706581666	725.031400598725	241.67713353290833	483.35426706581666	-725.031400598725	-483.35426706581666	8.389999999999986	8.389999999999986	241.67713353290833	-8.389999999999986	725.031400598725	233.28713353290834	8.389999999999986	725.031400598725	-241.67713353290833	725.031400598725	-725.031400598725	8.39	241.67713353290833
222	-505.197804841466	757.796707262199	252.59890242073297	505.197804841466	-757.796707262199	-505.197804841466	8.389999999999986	8.389999999999986	252.59890242073297	-8.389999999999986	757.796707262199	244.20890242073295	8.389999999999986	757.796707262199	-252.59890242073297	757.796707262199	-757.796707262199	8.39	252.59890242073305
223	-377.129691865917	565.6945377988754	188.56484593295852	377.129691865917	-565.6945377988754	-377.129691865917	8.389999999999986	8.389999999999986	188.56484593295852	-8.389999999999986	565.6945377988754	180.1748459329585	8.389999999999986	565.6945377988754	-188.56484593295852	565.6945377988754	-565.6945377988754	8.39	188.5648459329584
224	-405.19820484146584	607.7973072621987	202.59910242073292	405.19820484146584	-607.7973072621987	-405.19820484146584	8.389999999999986	8.389999999999986	202.59910242073292	-8.389999999999986	607.7973072621987	194.2091024207329	8.389999999999986	607.7973072621987	-202.59910242073292	607.7973072621987	-607.7973072621987	8.39	202.5991024207329
225	-570.9287668664164	856.3931502996246	285.4643834332082	570.9287668664164	-856.3931502996246	-570.9287668664164	8.389999999999986	8.389999999999986	285.4643834332082	-8.389999999999986	856.3931502996246	277.0743834332082	8.389999999999986	856.3931502996246	-285.4643834332082	856.3931502996246	-856.3931502996246	8.39	285.46438343320824
226	-567.816291716417	851.7244375746255	283.9081458582085	567.816291716417	-851.7244375746255	-567.816291716417	8.389999999999986	8.389999999999986	283.9081458582085	-8.389999999999986	851.7244375746255	275.5181458582085	8.389999999999986	851.7244375746255	-283.9081458582085	851.7244375746255	-851.7244375746255	8.39	283.9081458582085
227	-417.71689211641683	626.5753381746252	208.85844605820841	417.71689211641683	-626.5753381746252	-417.71689211641683	8.389999999999986	8.389999999999986	208.85844605820841	-8.389999999999986	626.5753381746252	200.46844605820843	8.389999999999986	626.5753381746252	-208.85844605820841	626.5753381746252	-626.5753381746252	8.39	208.85844605820841
228	-321.0111536911677	481.51673053675154	160.50557684558385	321.0111536911677	-481.51673053675154	-321.0111536911677	8.389999999999986	8.389999999999986	160.50557684558385	-8.389999999999986	481.51673053675154	152.11557684558386	8.389999999999986	481.51673053675154	-160.50557684558385	481.51673053675154	-481.51673053675154	8.39	160.50557684558385
229	-392.71709211601683	589.0756381740252	196.35854605800841	392.71709211601683	-589.0756381740252	-392.71709211601683	8.389999999999986	8.389999999999986	196.35854605800841	-8.389999999999986	589.0756381740252	187.9685460580084	8.389999999999986	589.0756381740252	-196.35854605800841	589.0756381740252	-589.0756381740252	8.39	196.35854605800841
230	-492.71669211601693	739.0750381740254	246.35834605800846	492.71669211601693	-739.0750381740254	-492.71669211601693	8.389999999999986	8.389999999999986	246.35834605800846	-8.389999999999986	739.0750381740254	237.96834605800845	8.389999999999986	739.0750381740254	-246.35834605800846	739.0750381740254	-739.0750381740254	8.39	246.35834605800846
231	-480.24179191581726	720.3626878737259	240.12089595790866	480.24179191581726	-720.3626878737259	-480.24179191581726	8.389999999999986	8.389999999999986	240.12089595790866	-8.389999999999986	720.3626878737259	231.73089595790864	8.389999999999986	720.3626878737259	-240.12089595790866	720.3626878737259	-720.3626878737259	8.39	240.1208959579086
232	-277.48592809266654	416.22889213899975	138.74296404633327	277.48592809266654	-416.22889213899975	-277.48592809266654	8.389999999999986	8.389999999999986	138.74296404633327	-8.389999999999986	416.22889213899975	130.35296404633326	8.389999999999986	416.22889213899975	-138.74296404633327	416.22889213899975	-416.22889213899975	8.39	138.7429640463332
233	-342.81729171601694	514.2259375740254	171.40864585800847	342.81729171601694	-514.2259375740254	-342.81729171601694	8.389999999999986	8.389999999999986	171.40864585800847	-8.389999999999986	514.2259375740254	163.01864585800845	8.389999999999986	514.2259375740254	-171.40864585800847	514.2259375740254	-514.2259375740254	8.39	171.4086458580084
234	-470.9105540911678	706.3658311367517	235.4552770455839	470.9105540911678	-706.3658311367517	-470.9105540911678	8.389999999999986	8.389999999999986	235.4552770455839	-8.389999999999986	706.3658311367517	227.06527704558388	8.389999999999986	706.3658311367517	-235.4552770455839	706.3658311367517	-706.3658311367517	8.39	235.4552770455839
235	-283.6860530921673	425.52907963825095	141.84302654608365	283.6860530921673	-425.52907963825095	-283.6860530921673	8.389999999999986	8.389999999999986	141.84302654608365	-8.389999999999986	425.52907963825095	133.45302654608363	8.389999999999986	425.52907963825095	-141.84302654608365	425.52907963825095	-425.52907963825095	8.39	141.84302654608362
236	-296.1111532915678	444.1667299373517	148.0555766457839	296.1111532915678	-444.1667299373517	-296.1111532915678	8.389999999999986	8.389999999999986	148.0555766457839	-8.389999999999986	444.1667299373517	139.6655766457839	8.389999999999986	444.1667299373517	-148.0555766457839	444.1667299373517	-444.1667299373517	8.39	148.05557664578387
237	-305.4423911162171	458.16358667432564	152.72119555810855	305.4423911162171	-458.16358667432564	-305.4423911162171	8.389999999999986	8.389999999999986	152.72119555810855	-8.389999999999986	458.16358667432564	144.33119555810853	8.389999999999986	458.16358667432564	-152.72119555810855	458.16358667432564	-458.16358667432564	8.39	152.72119555810852
238	-380.2421919158171	570.3632878737257	190.12109595790855	380.2421919158171	-570.3632878737257	-380.2421919158171	8.389999999999986	8.389999999999986	190.12109595790855	-8.389999999999986	570.3632878737257	181.73109595790854	8.389999999999986	570.3632878737257	-190.12109595790855	570.3632878737257	-570.3632878737257	8.39	190.12109595790852
239	-330.34239151581716	495.51358727372565	165.17119575790855	330.34239151581716	-495.51358727372565	-330.34239151581716	8.389999999999986	8.389999999999986	165.17119575790855	-8.389999999999986	495.51358727372565	156.78119575790856	8.389999999999986	495.51358727372565	-165.17119575790855	495.51358727372565	-495.51358727372565	8.39	165.17119575790855
240	-370.91095409116775	556.3664311367515	185.45547704558385	370.91095409116775	-556.3664311367515	-370.91095409116775	8.389999999999986	8.389999999999986	185.45547704558385	-8.389999999999986	556.3664311367515	177.06547704558386	8.389999999999986	556.3664311367515	-185.45547704558385	556.3664311367515	-556.3664311367515	8.39	185.45547704558385
241	-286.79231571691713	430.1884735753757	143.39615785845857	286.79231571691713	-430.1884735753757	-286.79231571691713	8.389999999999986	8.389999999999986	143.39615785845857	-8.389999999999986	430.1884735753757	135.00615785845855	8.389999999999986	430.1884735753757	-143.39615785845857	430.1884735753757	-430.1884735753757	8.39	143.3961578584586
242	-374.01721671591764	561.0258250738765	187.00860835795882	374.01721671591764	-561.0258250738765	-374.01721671591764	8.389999999999986	8.389999999999986	187.00860835795882	-8.389999999999986	561.0258250738765	178.6186083579588	8.389999999999986	561.0258250738765	-187.00860835795882	561.0258250738765	-561.0258250738765	8.39	187.00860835795885
243	-474.01681671591757	711.0252250738764	237.0084083579588	474.01681671591757	-711.0252250738764	-474.01681671591757	8.389999999999986	8.389999999999986	237.0084083579588	-8.389999999999986	711.0252250738764	228.6184083579588	8.389999999999986	711.0252250738764	-237.0084083579588	711.0252250738764	-711.0252250738764	8.39	237.00840835795879
244	-517.7164921164167	776.5747381746252	258.8582460582084	517.7164921164167	-776.5747381746252	-517.7164921164167	8.389999999999986	8.389999999999986	258.8582460582084	-8.389999999999986	776.5747381746252	250.46824605820842	8.389999999999986	776.5747381746252	-258.8582460582084	776.5747381746252	-776.5747381746252	8.39	258.85824605820835
245	-299.2174159163176	448.8261238744763	149.6087079581588	299.2174159163176	-448.8261238744763	-299.2174159163176	8.389999999999986	8.389999999999986	149.6087079581588	-8.389999999999986	448.8261238744763	141.21870795815877	8.389999999999986	448.8261238744763	-149.6087079581588	448.8261238744763	-448.8261238744763	8.39	149.60870795815873
246	-324.1174163159176	486.17612447387637	162.0587081579588	324.1174163159176	-486.17612447387637	-324.1174163159176	8.389999999999986	8.389999999999986	162.0587081579588	-8.389999999999986	486.17612447387637	153.66870815795878	8.389999999999986	486.17612447387637	-162.0587081579588	486.17612447387637	-486.17612447387637	8.39	162.05870815795876
247	-293.01110319206725	439.51665478810094	146.50555159603365	293.01110319206725	-439.51665478810094	-293.01110319206725	8.389999999999986	8.389999999999986	146.50555159603365	-8.389999999999986	439.51665478810094	138.11555159603364	8.389999999999986	439.51665478810094	-146.50555159603365	439.51665478810094	-439.51665478810094	8.39	146.50555159603363
248	-367.8109039916673	551.716355987501	183.9054519958337	367.8109039916673	-551.716355987501	-367.8109039916673	8.389999999999986	8.389999999999986	183.9054519958337	-8.389999999999986	551.716355987501	175.51545199583367	8.389999999999986	551.716355987501	-183.9054519958337	551.716355987501	-551.716355987501	8.39	183.90545199583357
249	-317.91110359166737	476.86665538750105	158.95555179583368	317.91110359166737	-476.86665538750105	-317.91110359166737	8.389999999999986	8.389999999999986	158.95555179583368	-8.389999999999986	476.86665538750105	150.56555179583367	8.389999999999986	476.86665538750105	-158.95555179583368	476.86665538750105	-476.86665538750105	8.39	158.95555179583366
250	-467.81050399166736	701.7157559875011	233.90525199583368	467.81050399166736	-701.7157559875011	-467.81050399166736	8.389999999999986	8.389999999999986	233.90525199583368	-8.389999999999986	701.7157559875011	225.51525199583367	8.389999999999986	701.7157559875011	-233.90525199583368	701.7157559875011	-701.7157559875011	8.39	233.90525199583365
251	-271.29201561841506	406.9380234276226	135.64600780920756	271.29201561841506	-406.9380234276226	-271.29201561841506	8.389999999999986	8.389999999999986	135.64600780920756	-8.389999999999986	406.9380234276226	127.25600780920756	8.389999999999986	406.9380234276226	-135.64600780920756	406.9380234276226	-406.9380234276226	8.39	135.6460078092075
252	-274.3858779931661	411.57881698974916	137.19293899658305	274.3858779931661	-411.57881698974916	-274.3858779931661	8.389999999999986	8.389999999999986	137.19293899658305	-8.389999999999986	411.57881698974916	128.80293899658307	8.389999999999986	411.57881698974916	-137.19293899658305	411.57881698974916	-411.57881698974916	8.39	137.19293899658305
253	-280.58600299266675	420.8790044890001	140.29300149633337	280.58600299266675	-420.8790044890001	-280.58600299266675	8.389999999999986	8.389999999999986	140.29300149633337	-8.389999999999986	420.8790044890001	131.90300149633336	8.389999999999986	420.8790044890001	-140.29300149633337	420.8790044890001	-420.8790044890001	8.39	140.29300149633337
254	-268.2043409684137	402.3065114526205	134.10217048420682	268.2043409684137	-402.3065114526205	-268.2043409684137	8.389999999999986	8.389999999999986	134.10217048420682	-8.389999999999986	402.3065114526205	125.71217048420682	8.389999999999986	402.3065114526205	-134.10217048420682	402.3065114526205	-402.3065114526205	8.39	134.10217048420685
255	-665.8712411400884	998.8068617101326	332.9356205700442	665.8712411400884	-998.8068617101326	-665.8712411400884	8.389999999999986	8.389999999999986	332.9356205700442	-8.389999999999986	998.8068617101326	324.5456205700442	8.389999999999986	998.8068617101326	-332.9356205700442	998.8068617101326	-998.8068617101326	8.39	332.93562057004425
256	-615.5738160914918	923.3607241372378	307.7869080457459	615.5738160914918	-923.3607241372378	-615.5738160914918	8.389999999999986	8.389999999999986	307.7869080457459	-8.389999999999986	923.3607241372378	299.39690804574593	8.389999999999986	923.3607241372378	-307.7869080457459	923.3607241372378	-923.3607241372378	8.39	307.786908045746
257	-659.5490404899906	989.3235607349859	329.7745202449953	659.5490404899906	-989.3235607349859	-659.5490404899906	8.389999999999986	8.389999999999986	329.7745202449953	-8.389999999999986	989.3235607349859	321.3845202449953	8.389999999999986	989.3235607349859	-329.7745202449953	989.3235607349859	-989.3235607349859	8.39	329.77452024499536
258	-565.474016491492	848.2110247372381	282.73700824574604	565.474016491492	-848.2110247372381	-565.474016491492	8.389999999999986	8.389999999999986	282.73700824574604	-8.389999999999986	848.2110247372381	274.34700824574605	8.389999999999986	848.2110247372381	-282.73700824574604	848.2110247372381	-848.2110247372381	8.39	282.73700824574604
259	-662.7054031147399	994.0581046721098	331.3527015573699	662.7054031147399	-994.0581046721098	-662.7054031147399	8.389999999999986	8.389999999999986	331.3527015573699	-8.389999999999986	994.0581046721098	322.96270155736994	8.389999999999986	994.0581046721098	-331.3527015573699	994.0581046721098	-994.0581046721098	8.39	331.3527015573699
260	-664.2867407897392	996.4301111846088	332.1433703948696	664.2867407897392	-996.4301111846088	-664.2867407897392	8.389999999999986	8.389999999999986	332.1433703948696	-8.389999999999986	996.4301111846088	323.7533703948696	8.389999999999986	996.4301111846088	-332.1433703948696	996.4301111846088	-996.4301111846088	8.39	332.1433703948696
261	-465.474416491492	698.211624737238	232.73720824574602	465.474416491492	-698.211624737238	-465.474416491492	8.389999999999986	8.389999999999986	232.73720824574602	-8.389999999999986	698.211624737238	224.347208245746	8.389999999999986	698.211624737238	-232.73720824574602	698.211624737238	-698.211624737238	8.39	232.737208245746
262	-640.673815691092	961.0107235366382	320.3369078455461	640.673815691092	-961.0107235366382	-640.673815691092	8.389999999999986	8.389999999999986	320.3369078455461	-8.389999999999986	961.0107235366382	311.9469078455461	8.389999999999986	961.0107235366382	-320.3369078455461	961.0107235366382	-961.0107235366382	8.39	320.3369078455461
263	-653.2489154904916	979.8733732357376	326.6244577452459	653.2489154904916	-979.8733732357376	-653.2489154904916	8.389999999999986	8.389999999999986	326.6244577452459	-8.389999999999986	979.8733732357376	318.2344577452459	8.389999999999986	979.8733732357376	-326.6244577452459	979.8733732357376	-979.8733732357376	8.39	326.6244577452459
264	-650.0957155410927	975.143573311639	325.04785777054633	650.0957155410927	-975.143573311639	-650.0957155410927	8.389999999999986	8.389999999999986	325.04785777054633	-8.389999999999986	975.143573311639	316.65785777054634	8.389999999999986	975.143573311639	-325.04785777054633	975.143573311639	-975.143573311639	8.39	325.04785777054633
265	-415.3777795668419	623.0666693502628	207.68888978342096	415.3777795668419	-623.0666693502628	-415.3777795668419	8.389999999999986	8.389999999999986	207.68888978342096	-8.389999999999986	623.0666693502628	199.29888978342095	8.389999999999986	623.0666693502628	-207.68888978342096	623.0666693502628	-623.0666693502628	8.39	207.6888897834209
266	-459.17745416734283	688.7661812510142	229.58872708367142	459.17745416734283	-688.7661812510142	-459.17745416734283	8.389999999999986	8.389999999999986	229.58872708367142	-8.389999999999986	688.7661812510142	221.19872708367143	8.389999999999986	688.7661812510142	-229.58872708367142	688.7661812510142	-688.7661812510142	8.39	229.58872708367142
267	-462.3212165420928	693.4818248131393	231.1606082710464	462.3212165420928	-693.4818248131393	-462.3212165420928	8.389999999999986	8.389999999999986	231.1606082710464	-8.389999999999986	693.4818248131393	222.7706082710464	8.389999999999986	693.4818248131393	-231.1606082710464	693.4818248131393	-693.4818248131393	8.39	231.16060827104644
268	-463.89624149184266	695.844362237764	231.94812074592133	463.89624149184266	-695.844362237764	-463.89624149184266	8.389999999999986	8.389999999999986	231.94812074592133	-8.389999999999986	695.844362237764	223.55812074592131	8.389999999999986	695.844362237764	-231.94812074592133	695.844362237764	-695.844362237764	8.39	231.94812074592136
269	-515.377379566842	773.0660693502631	257.688689783421	515.377379566842	-773.0660693502631	-515.377379566842	8.389999999999986	8.389999999999986	257.688689783421	-8.389999999999986	773.0660693502631	249.29868978342103	8.389999999999986	773.0660693502631	-257.688689783421	773.0660693502631	-773.0660693502631	8.39	257.68868978342107
270	-552.9020793674425	829.3531190511638	276.45103968372126	552.9020793674425	-829.3531190511638	-552.9020793674425	8.389999999999986	8.389999999999986	276.45103968372126	-8.389999999999986	829.3531190511638	268.0610396837213	8.389999999999986	829.3531190511638	-276.45103968372126	829.3531190511638	-829.3531190511638	8.39	276.45103968372126
271	-563.8958414918428	845.8437622377643	281.9479207459214	563.8958414918428	-845.8437622377643	-563.8958414918428	8.389999999999986	8.389999999999986	281.9479207459214	-8.389999999999986	845.8437622377643	273.5579207459214	8.389999999999986	845.8437622377643	-281.9479207459214	845.8437622377643	-845.8437622377643	8.39	281.9479207459214
272	-609.2768537673428	913.9152806510142	304.6384268836714	609.2768537673428	-913.9152806510142	-609.2768537673428	8.389999999999986	8.389999999999986	304.6384268836714	-8.389999999999986	913.9152806510142	296.2484268836714	8.389999999999986	913.9152806510142	-304.6384268836714	913.9152806510142	-913.9152806510142	8.39	304.6384268836714
273	-612.4206161420929	918.6309242131393	306.2103080710464	612.4206161420929	-918.6309242131393	-612.4206161420929	8.389999999999986	8.389999999999986	306.2103080710464	-8.389999999999986	918.6309242131393	297.82030807104644	8.389999999999986	918.6309242131393	-306.2103080710464	918.6309242131393	-918.6309242131393	8.39	306.2103080710464
274	-613.9956410918426	920.993461637764	306.99782054592134	613.9956410918426	-920.993461637764	-613.9956410918426	8.389999999999986	8.389999999999986	306.99782054592134	-8.389999999999986	920.993461637764	298.60782054592136	8.389999999999986	920.993461637764	-306.99782054592134	920.993461637764	-920.993461637764	8.39	306.99782054592134
275	-628.1018785670425	942.1528178505638	314.05093928352125	628.1018785670425	-942.1528178505638	-628.1018785670425	8.389999999999986	8.389999999999986	314.05093928352125	-8.389999999999986	942.1528178505638	305.66093928352126	8.389999999999986	942.1528178505638	-314.05093928352125	942.1528178505638	-942.1528178505638	8.39	314.05093928352125
276	-639.0956406914429	958.6434610371643	319.54782034572145	639.0956406914429	-958.6434610371643	-639.0956406914429	8.389999999999986	8.389999999999986	319.54782034572145	-8.389999999999986	958.6434610371643	311.15782034572146	8.389999999999986	958.6434610371643	-319.54782034572145	958.6434610371643	-958.6434610371643	8.39	319.54782034572145
277	-651.6707404908425	977.5061107362637	325.83537024542125	651.6707404908425	-977.5061107362637	-651.6707404908425	8.389999999999986	8.389999999999986	325.83537024542125	-8.389999999999986	977.5061107362637	317.44537024542126	8.389999999999986	977.5061107362637	-325.83537024542125	977.5061107362637	-977.5061107362637	8.39	325.83537024542125
278	-657.9708654903415	986.9562982355122	328.9854327451707	657.9708654903415	-986.9562982355122	-657.9708654903415	8.389999999999986	8.389999999999986	328.9854327451707	-8.389999999999986	986.9562982355122	320.59543274517074	8.389999999999986	986.9562982355122	-328.9854327451707	986.9562982355122	-986.9562982355122	8.39	328.9854327451707
279	-661.1272281150905	991.6908421726358	330.5636140575453	661.1272281150905	-991.6908421726358	-661.1272281150905	8.389999999999986	8.389999999999986	330.5636140575453	-8.389999999999986	991.6908421726358	322.1736140575453	8.389999999999986	991.6908421726358	-330.5636140575453	991.6908421726358	-991.6908421726358	8.39	330.5636140575453
280	-365.47797916684203	548.216968750263	182.73898958342102	365.47797916684203	-548.216968750263	-365.47797916684203	8.389999999999986	8.389999999999986	182.73898958342102	-8.389999999999986	548.216968750263	174.348989583421	8.389999999999986	548.216968750263	-182.73898958342102	548.216968750263	-548.216968750263	8.39	182.738989583421
281	-440.37757956724204	660.566369350863	220.18878978362102	440.37757956724204	-660.566369350863	-440.37757956724204	8.389999999999986	8.389999999999986	220.18878978362102	-8.389999999999986	660.566369350863	211.798789783621	8.389999999999986	660.566369350863	-220.18878978362102	660.566369350863	-660.566369350863	8.39	220.188789783621
282	-637.5206157416931	956.2809236125396	318.76030787084653	637.5206157416931	-956.2809236125396	-637.5206157416931	8.389999999999986	8.389999999999986	318.76030787084653	-8.389999999999986	956.2809236125396	310.37030787084655	8.389999999999986	956.2809236125396	-318.76030787084653	956.2809236125396	-956.2809236125396	8.39	318.7603078708466
283	-540.377179567242	810.5657693508632	270.18858978362107	540.377179567242	-810.5657693508632	-540.377179567242	8.389999999999986	8.389999999999986	270.18858978362107	-8.389999999999986	810.5657693508632	261.7985897836211	8.389999999999986	810.5657693508632	-270.18858978362107	810.5657693508632	-810.5657693508632	8.39	270.18858978362107
284	-562.320816542093	843.4812248131396	281.16040827104655	562.320816542093	-843.4812248131396	-562.320816542093	8.389999999999986	8.389999999999986	281.16040827104655	-8.389999999999986	843.4812248131396	272.77040827104656	8.389999999999986	843.4812248131396	-281.16040827104655	843.4812248131396	-843.4812248131396	8.39	281.16040827104655
285	-590.4769791672421	885.7154687508634	295.2384895836211	590.4769791672421	-885.7154687508634	-590.4769791672421	8.389999999999986	8.389999999999986	295.2384895836211	-8.389999999999986	885.7154687508634	286.84848958362113	8.389999999999986	885.7154687508634	-295.2384895836211	885.7154687508634	-885.7154687508634	8.39	295.2384895836211
286	-452.90247936744237	679.3537190511636	226.45123968372118	452.90247936744237	-679.3537190511636	-452.90247936744237	8.389999999999986	8.389999999999986	226.45123968372118	-8.389999999999986	679.3537190511636	218.06123968372117	8.389999999999986	679.3537190511636	-226.45123968372118	679.3537190511636	-679.3537190511636	8.39	226.4512396837212
287	-559.1770541673429	838.7655812510144	279.58852708367147	559.1770541673429	-838.7655812510144	-559.1770541673429	8.389999999999986	8.389999999999986	279.58852708367147	-8.389999999999986	838.7655812510144	271.1985270836715	8.389999999999986	838.7655812510144	-279.58852708367147	838.7655812510144	-838.7655812510144	8.39	279.58852708367147
288	-634.3768533669429	951.5652800504143	317.18842668347145	634.3768533669429	-951.5652800504143	-634.3768533669429	8.389999999999986	8.389999999999986	317.18842668347145	-8.389999999999986	951.5652800504143	308.79842668347146	8.389999999999986	951.5652800504143	-317.18842668347145	951.5652800504143	-951.5652800504143	8.39	317.18842668347145
289	-646.9519531663425	970.4279297495137	323.47597658317125	646.9519531663425	-970.4279297495137	-646.9519531663425	8.389999999999986	8.389999999999986	323.47597658317125	-8.389999999999986	970.4279297495137	315.08597658317126	8.389999999999986	970.4279297495137	-323.47597658317125	970.4279297495137	-970.4279297495137	8.39	323.47597658317125
290	-603.0018789674425	904.5028184511638	301.50093948372125	603.0018789674425	-904.5028184511638	-603.0018789674425	8.389999999999986	8.389999999999986	301.50093948372125	-8.389999999999986	904.5028184511638	293.11093948372127	8.389999999999986	904.5028184511638	-301.50093948372125	904.5028184511638	-904.5028184511638	8.39	301.50093948372125
291	-656.3958405405917	984.5937608108876	328.19792027029587	656.3958405405917	-984.5937608108876	-656.3958405405917	8.389999999999986	8.389999999999986	328.19792027029587	-8.389999999999986	984.5937608108876	319.8079202702959	8.389999999999986	984.5937608108876	-328.19792027029587	984.5937608108876	-984.5937608108876	8.39	328.19792027029587
292	-635.9487408418427	953.9231112627642	317.9743704209214	635.9487408418427	-953.9231112627642	-635.9487408418427	8.389999999999986	8.389999999999986	317.9743704209214	-8.389999999999986	953.9231112627642	309.5843704209214	8.389999999999986	953.9231112627642	-317.9743704209214	953.9231112627642	-953.9231112627642	8.39	317.97437042092145
293	-621.8300538170414	932.7450807255622	310.9150269085207	621.8300538170414	-932.7450807255622	-621.8300538170414	8.389999999999986	8.389999999999986	310.9150269085207	-8.389999999999986	932.7450807255622	302.5250269085208	8.389999999999986	932.7450807255622	-310.9150269085207	932.7450807255622	-932.7450807255622	8.39	310.91502690852064
294	-340.48132921634146	510.7219938245122	170.24066460817073	340.48132921634146	-510.7219938245122	-340.48132921634146	8.389999999999986	8.389999999999986	170.24066460817073	-8.389999999999986	510.7219938245122	161.85066460817075	8.389999999999986	510.7219938245122	-170.24066460817073	510.7219938245122	-510.7219938245122	8.39	170.24066460817073
295	-446.63065461744145	669.9459819261622	223.31532730872073	446.63065461744145	-669.9459819261622	-446.63065461744145	8.389999999999986	8.389999999999986	223.31532730872073	-8.389999999999986	669.9459819261622	214.9253273087207	8.389999999999986	669.9459819261622	-223.31532730872073	669.9459819261622	-669.9459819261622	8.39	223.31532730872073
296	-456.0368418424923	684.0552627637385	228.01842092124616	456.0368418424923	-684.0552627637385	-456.0368418424923	8.389999999999986	8.389999999999986	228.01842092124616	-8.389999999999986	684.0552627637385	219.62842092124615	8.389999999999986	684.0552627637385	-228.01842092124616	684.0552627637385	-684.0552627637385	8.39	228.01842092124616
297	-538.8053046673917	808.2079570010876	269.40265233369587	538.8053046673917	-808.2079570010876	-538.8053046673917	8.389999999999986	8.389999999999986	269.40265233369587	-8.389999999999986	808.2079570010876	261.0126523336959	8.389999999999986	808.2079570010876	-269.40265233369587	808.2079570010876	-808.2079570010876	8.39	269.40265233369587
298	-560.7489416422427	841.123412463364	280.37447082112135	560.7489416422427	-841.123412463364	-560.7489416422427	8.389999999999986	8.389999999999986	280.37447082112135	-8.389999999999986	841.123412463364	271.98447082112136	8.389999999999986	841.123412463364	-280.37447082112135	841.123412463364	-841.123412463364	8.39	280.37447082112135
299	-546.6302546174416	819.9453819261626	273.31512730872083	546.6302546174416	-819.9453819261626	-546.6302546174416	8.389999999999986	8.389999999999986	273.31512730872083	-8.389999999999986	819.9453819261626	264.92512730872085	8.389999999999986	819.9453819261626	-273.31512730872083	819.9453819261626	-819.9453819261626	8.39	273.3151273087209
300	-648.5238406412423	972.7857609618636	324.2619203206212	648.5238406412423	-972.7857609618636	-648.5238406412423	8.389999999999986	8.389999999999986	324.2619203206212	-8.389999999999986	972.7857609618636	315.8719203206212	8.389999999999986	972.7857609618636	-324.2619203206212	972.7857609618636	-972.7857609618636	8.39	324.2619203206212
301	-437.2369672423913	655.855450863587	218.61848362119565	437.2369672423913	-655.855450863587	-437.2369672423913	8.389999999999986	8.389999999999986	218.61848362119565	-8.389999999999986	655.855450863587	210.22848362119566	8.389999999999986	655.855450863587	-218.61848362119565	655.855450863587	-655.855450863587	8.39	218.61848362119565
302	-588.9051042673918	883.3576564010878	294.4525521336959	588.9051042673918	-883.3576564010878	-588.9051042673918	8.389999999999986	8.389999999999986	294.4525521336959	-8.389999999999986	883.3576564010878	286.06255213369593	8.389999999999986	883.3576564010878	-294.4525521336959	883.3576564010878	-883.3576564010878	8.39	294.4525521336959
303	-315.58132881674146	473.37199322511213	157.79066440837073	315.58132881674146	-473.37199322511213	-315.58132881674146	8.389999999999986	8.389999999999986	157.79066440837073	-8.389999999999986	473.37199322511213	149.40066440837072	8.389999999999986	473.37199322511213	-157.79066440837073	473.37199322511213	-473.37199322511213	8.39	157.79066440837067
304	-390.3811296163414	585.5716944245121	195.19056480817073	390.3811296163414	-585.5716944245121	-390.3811296163414	8.389999999999986	8.389999999999986	195.19056480817073	-8.389999999999986	585.5716944245121	186.80056480817072	8.389999999999986	585.5716944245121	-195.19056480817073	585.5716944245121	-585.5716944245121	8.39	195.19056480817062
305	-412.23716724199136	618.355750862987	206.11858362099565	412.23716724199136	-618.355750862987	-412.23716724199136	8.389999999999986	8.389999999999986	206.11858362099565	-8.389999999999986	618.355750862987	197.72858362099566	8.389999999999986	618.355750862987	-206.11858362099565	618.355750862987	-618.355750862987	8.39	206.11858362099565
306	-509.1055548168413	763.6583322252619	254.55277740842064	509.1055548168413	-763.6583322252619	-509.1055548168413	8.389999999999986	8.389999999999986	254.55277740842064	-8.389999999999986	763.6583322252619	246.16277740842062	8.389999999999986	763.6583322252619	-254.55277740842064	763.6583322252619	-763.6583322252619	8.39	254.5527774084206
307	-352.9562294165411	529.4343441248117	176.47811470827057	352.9562294165411	-529.4343441248117	-352.9562294165411	8.389999999999986	8.389999999999986	176.47811470827057	-8.389999999999986	529.4343441248117	168.08811470827055	8.389999999999986	529.4343441248117	-176.47811470827057	529.4343441248117	-529.4343441248117	8.39	176.47811470827054
308	-359.2061544168412	538.8092316252618	179.60307720842056	359.2061544168412	-538.8092316252618	-359.2061544168412	8.389999999999986	8.389999999999986	179.60307720842056	-8.389999999999986	538.8092316252618	171.21307720842054	8.389999999999986	538.8092316252618	-179.60307720842056	538.8092316252618	-538.8092316252618	8.39	179.60307720842064
309	-362.3373668419915	543.5060502629873	181.16868342099573	362.3373668419915	-543.5060502629873	-362.3373668419915	8.389999999999986	8.389999999999986	181.16868342099573	-8.389999999999986	543.5060502629873	172.77868342099572	8.389999999999986	543.5060502629873	-181.16868342099573	543.5060502629873	-543.5060502629873	8.39	181.16868342099582
310	-409.105954816841	613.6589322252615	204.55297740842053	409.105954816841	-613.6589322252615	-409.105954816841	8.389999999999986	8.389999999999986	204.55297740842053	-8.389999999999986	613.6589322252615	196.16297740842055	8.389999999999986	613.6589322252615	-204.55297740842053	613.6589322252615	-613.6589322252615	8.39	204.55297740842047
311	-427.8558298169412	641.7837447254118	213.92791490847057	427.8558298169412	-641.7837447254118	-427.8558298169412	8.389999999999986	8.389999999999986	213.92791490847057	-8.389999999999986	641.7837447254118	205.53791490847055	8.389999999999986	641.7837447254118	-213.92791490847057	641.7837447254118	-641.7837447254118	8.39	213.92791490847065
312	-434.10575481724106	651.1586322258617	217.05287740862056	434.10575481724106	-651.1586322258617	-434.10575481724106	8.389999999999986	8.389999999999986	217.05287740862056	-8.389999999999986	651.1586322258617	208.66287740862055	8.389999999999986	651.1586322258617	-217.05287740862056	651.1586322258617	-651.1586322258617	8.39	217.05287740862053
313	-438.8057046673917	658.2085570010876	219.40285233369585	438.8057046673917	-658.2085570010876	-438.8057046673917	8.389999999999986	8.389999999999986	219.40285233369585	-8.389999999999986	658.2085570010876	211.01285233369583	8.389999999999986	658.2085570010876	-219.40285233369585	658.2085570010876	-658.2085570010876	8.39	219.40285233369588
314	-449.7618670425917	674.6428005638876	224.88093352129587	449.7618670425917	-674.6428005638876	-449.7618670425917	8.389999999999986	8.389999999999986	224.88093352129587	-8.389999999999986	674.6428005638876	216.49093352129586	8.389999999999986	674.6428005638876	-224.88093352129587	674.6428005638876	-674.6428005638876	8.39	224.88093352129584
315	-451.33060446759214	676.9959067013882	225.66530223379604	451.33060446759214	-676.9959067013882	-451.33060446759214	8.389999999999986	8.389999999999986	225.66530223379604	-8.389999999999986	676.9959067013882	217.27530223379603	8.389999999999986	676.9959067013882	-225.66530223379604	676.9959067013882	-676.9959067013882	8.39	225.66530223379613
316	-457.6055792674925	686.4083689012388	228.80278963374627	457.6055792674925	-686.4083689012388	-457.6055792674925	8.389999999999986	8.389999999999986	228.80278963374627	-8.389999999999986	686.4083689012388	220.41278963374629	8.389999999999986	686.4083689012388	-228.80278963374627	686.4083689012388	-686.4083689012388	8.39	228.80278963374622
317	-490.38072961634157	735.5710944245124	245.19036480817076	490.38072961634157	-735.5710944245124	-490.38072961634157	8.389999999999986	8.389999999999986	245.19036480817076	-8.389999999999986	735.5710944245124	236.80036480817074	8.389999999999986	735.5710944245124	-245.19036480817076	735.5710944245124	-735.5710944245124	8.39	245.19036480817084
318	-513.8055046669915	770.7082570004874	256.9027523334958	513.8055046669915	-770.7082570004874	-513.8055046669915	8.389999999999986	8.389999999999986	256.9027523334958	-8.389999999999986	770.7082570004874	248.51275233349583	8.389999999999986	770.7082570004874	-256.9027523334958	770.7082570004874	-770.7082570004874	8.39	256.90275233349576
319	-534.1053548172412	801.1580322258618	267.0526774086206	534.1053548172412	-801.1580322258618	-534.1053548172412	8.389999999999986	8.389999999999986	267.0526774086206	-8.389999999999986	801.1580322258618	258.6626774086206	8.389999999999986	801.1580322258618	-267.0526774086206	801.1580322258618	-801.1580322258618	8.39	267.0526774086206
320	-549.7614670425918	824.6422005638877	274.8807335212959	549.7614670425918	-824.6422005638877	-549.7614670425918	8.389999999999986	8.389999999999986	274.8807335212959	-8.389999999999986	824.6422005638877	266.4907335212959	8.389999999999986	824.6422005638877	-274.8807335212959	824.6422005638877	-824.6422005638877	8.39	274.8807335212959
321	-551.330204467592	826.9953067013881	275.66510223379606	551.330204467592	-826.9953067013881	-551.330204467592	8.389999999999986	8.389999999999986	275.66510223379606	-8.389999999999986	826.9953067013881	267.2751022337961	8.389999999999986	826.9953067013881	-275.66510223379606	826.9953067013881	-826.9953067013881	8.39	275.66510223379606
322	-556.0364418424923	834.0546627637385	278.01822092124615	556.0364418424923	-834.0546627637385	-556.0364418424923	8.389999999999986	8.389999999999986	278.01822092124615	-8.389999999999986	834.0546627637385	269.62822092124617	8.389999999999986	834.0546627637385	-278.01822092124615	834.0546627637385	-834.0546627637385	8.39	278.01822092124615
323	-557.6051792674925	836.4077689012389	278.8025896337463	557.6051792674925	-836.4077689012389	-557.6051792674925	8.389999999999986	8.389999999999986	278.8025896337463	-8.389999999999986	836.4077689012389	270.41258963374634	8.389999999999986	836.4077689012389	-278.8025896337463	836.4077689012389	-836.4077689012389	8.39	278.8025896337463
324	-577.9552294169412	866.9328441254117	288.9776147084706	577.9552294169412	-866.9328441254117	-577.9552294169412	8.389999999999986	8.389999999999986	288.9776147084706	-8.389999999999986	866.9328441254117	280.5876147084706	8.389999999999986	866.9328441254117	-288.9776147084706	866.9328441254117	-866.9328441254117	8.39	288.9776147084706
325	-584.2051544172413	876.307731625862	292.10257720862063	584.2051544172413	-876.307731625862	-584.2051544172413	8.389999999999986	8.389999999999986	292.10257720862063	-8.389999999999986	876.307731625862	283.71257720862064	8.389999999999986	876.307731625862	-292.10257720862063	876.307731625862	-876.307731625862	8.39	292.10257720862063
326	-596.7300542174415	895.0950813261624	298.36502710872077	596.7300542174415	-895.0950813261624	-596.7300542174415	8.389999999999986	8.389999999999986	298.36502710872077	-8.389999999999986	895.0950813261624	289.9750271087208	8.389999999999986	895.0950813261624	-298.36502710872077	895.0950813261624	-895.0950813261624	8.39	298.36502710872077
327	-599.8612666425919	899.7918999638879	299.93063332129594	599.8612666425919	-899.7918999638879	-599.8612666425919	8.389999999999986	8.389999999999986	299.93063332129594	-8.389999999999986	899.7918999638879	291.54063332129596	8.389999999999986	899.7918999638879	-299.93063332129594	899.7918999638879	-899.7918999638879	8.39	299.93063332129594
328	-601.4300040675921	902.1450061013883	300.7150020337961	601.4300040675921	-902.1450061013883	-601.4300040675921	8.389999999999986	8.389999999999986	300.7150020337961	-8.389999999999986	902.1450061013883	292.3250020337961	8.389999999999986	902.1450061013883	-300.7150020337961	902.1450061013883	-902.1450061013883	8.39	300.7150020337961
329	-606.1362414424921	909.2043621637382	303.0681207212461	606.1362414424921	-909.2043621637382	-606.1362414424921	8.389999999999986	8.389999999999986	303.0681207212461	-8.389999999999986	909.2043621637382	294.6781207212461	8.389999999999986	909.2043621637382	-303.0681207212461	909.2043621637382	-909.2043621637382	8.39	303.0681207212461
330	-624.9612662421918	937.4418993632877	312.4806331210959	624.9612662421918	-937.4418993632877	-624.9612662421918	8.389999999999986	8.389999999999986	312.4806331210959	-8.389999999999986	937.4418993632877	304.0906331210959	8.389999999999986	937.4418993632877	-312.4806331210959	937.4418993632877	-937.4418993632877	8.39	312.4806331210959
331	-626.530003667192	939.7950055007881	313.26500183359605	626.530003667192	-939.7950055007881	-626.530003667192	8.389999999999986	8.389999999999986	313.26500183359605	-8.389999999999986	939.7950055007881	304.87500183359606	8.389999999999986	939.7950055007881	-313.26500183359605	939.7950055007881	-939.7950055007881	8.39	313.26500183359605
332	-631.2362410420923	946.8543615631385	315.61812052104614	631.2362410420923	-946.8543615631385	-631.2362410420923	8.389999999999986	8.389999999999986	315.61812052104614	-8.389999999999986	946.8543615631385	307.22812052104615	8.389999999999986	946.8543615631385	-315.61812052104614	946.8543615631385	-946.8543615631385	8.39	315.61812052104614
333	-632.8049784670925	949.2074677006389	316.4024892335463	632.8049784670925	-949.2074677006389	-632.8049784670925	8.389999999999986	8.389999999999986	316.4024892335463	-8.389999999999986	949.2074677006389	308.0124892335463	8.389999999999986	949.2074677006389	-316.4024892335463	949.2074677006389	-949.2074677006389	8.39	316.4024892335463
334	-643.8113408414919	965.7170112622379	321.90567042074593	643.8113408414919	-965.7170112622379	-643.8113408414919	8.389999999999986	8.389999999999986	321.90567042074593	-8.389999999999986	965.7170112622379	313.51567042074595	8.389999999999986	965.7170112622379	-321.90567042074593	965.7170112622379	-965.7170112622379	8.39	321.90567042074593
335	-645.3800782664921	968.0701173997383	322.6900391332461	645.3800782664921	-968.0701173997383	-645.3800782664921	8.389999999999986	8.389999999999986	322.6900391332461	-8.389999999999986	968.0701173997383	314.3000391332461	8.389999999999986	968.0701173997383	-322.6900391332461	968.0701173997383	-968.0701173997383	8.39	322.6900391332461
336	-654.8239656407413	982.2359484611121	327.4119828203707	654.8239656407413	-982.2359484611121	-654.8239656407413	8.389999999999986	8.389999999999986	327.4119828203707	-8.389999999999986	982.2359484611121	319.02198282037074	8.389999999999986	982.2359484611121	-327.4119828203707	982.2359484611121	-982.2359484611121	8.39	327.4119828203707
337	-512.2367672419914	768.3551508629871	256.1183836209957	512.2367672419914	-768.3551508629871	-512.2367672419914	8.389999999999986	8.389999999999986	256.1183836209957	-8.389999999999986	768.3551508629871	247.7283836209957	8.389999999999986	768.3551508629871	-256.1183836209957	768.3551508629871	-768.3551508629871	8.39	256.1183836209957
338	-460.74934164224265	691.1240124633639	230.3746708211213	460.74934164224265	-691.1240124633639	-460.74934164224265	8.389999999999986	8.389999999999986	230.3746708211213	-8.389999999999986	691.1240124633639	221.9846708211213	8.389999999999986	691.1240124633639	-230.3746708211213	691.1240124633639	-691.1240124633639	8.39	230.3746708211213
339	-607.7049788674925	911.5574683012388	303.85248943374626	607.7049788674925	-911.5574683012388	-607.7049788674925	8.389999999999986	8.389999999999986	303.85248943374626	-8.389999999999986	911.5574683012388	295.46248943374627	8.389999999999986	911.5574683012388	-303.85248943374626	911.5574683012388	-911.5574683012388	8.39	303.85248943374626
340	-413.80590466699164	620.7088570004875	206.90295233349582	413.80590466699164	-620.7088570004875	-413.80590466699164	8.389999999999986	8.389999999999986	206.90295233349582	-8.389999999999986	620.7088570004875	198.5129523334958	8.389999999999986	620.7088570004875	-206.90295233349582	620.7088570004875	-620.7088570004875	8.39	206.9029523334958
341	-502.8556298165413	754.283444724812	251.42781490827065	502.8556298165413	-754.283444724812	-502.8556298165413	8.389999999999986	8.389999999999986	251.42781490827065	-8.389999999999986	754.283444724812	243.03781490827063	8.389999999999986	754.283444724812	-251.42781490827065	754.283444724812	-754.283444724812	8.39	251.42781490827062
342	-527.8554298169412	791.7831447254118	263.9277149084706	527.8554298169412	-791.7831447254118	-527.8554298169412	8.389999999999986	8.389999999999986	263.9277149084706	-8.389999999999986	791.7831447254118	255.53771490847058	8.389999999999986	791.7831447254118	-263.9277149084706	791.7831447254118	-791.7831447254118	8.39	263.9277149084706
343	-610.8487412422426	916.2731118633639	305.4243706211213	610.8487412422426	-916.2731118633639	-610.8487412422426	8.389999999999986	8.389999999999986	305.4243706211213	-8.389999999999986	916.2731118633639	297.0343706211213	8.389999999999986	916.2731118633639	-305.4243706211213	916.2731118633639	-916.2731118633639	8.39	305.4243706211213
344	-402.8560298165411	604.2840447248117	201.42801490827057	402.8560298165411	-604.2840447248117	-402.8560298165411	8.389999999999986	8.389999999999986	201.42801490827057	-8.389999999999986	604.2840447248117	193.03801490827055	8.389999999999986	604.2840447248117	-201.42801490827057	604.2840447248117	-604.2840447248117	8.39	201.42801490827054
345	-363.90610426699175	545.8591564004876	181.95305213349587	363.90610426699175	-545.8591564004876	-363.90610426699175	8.389999999999986	8.389999999999986	181.95305213349587	-8.389999999999986	545.8591564004876	173.56305213349586	8.389999999999986	545.8591564004876	-181.95305213349587	545.8591564004876	-545.8591564004876	8.39	181.95305213349585
346	-537.2365672423914	805.8548508635871	268.6182836211957	537.2365672423914	-805.8548508635871	-537.2365672423914	8.389999999999986	8.389999999999986	268.6182836211957	-8.389999999999986	805.8548508635871	260.2282836211957	8.389999999999986	805.8548508635871	-268.6182836211957	805.8548508635871	-805.8548508635871	8.39	268.6182836211957
347	-587.3363668423915	881.0045502635872	293.66818342119575	587.3363668423915	-881.0045502635872	-587.3363668423915	8.389999999999986	8.389999999999986	293.66818342119575	-8.389999999999986	881.0045502635872	285.27818342119576	8.389999999999986	881.0045502635872	-293.66818342119575	881.0045502635872	-881.0045502635872	8.39	293.66818342119575
348	-574.8271544666409	862.2407316999613	287.41357723332044	574.8271544666409	-862.2407316999613	-574.8271544666409	8.389999999999986	8.389999999999986	287.41357723332044	-8.389999999999986	862.2407316999613	279.02357723332045	8.389999999999986	862.2407316999613	-287.41357723332044	862.2407316999613	-862.2407316999613	8.39	287.41357723332044
349	-407.5403548666908	611.3105323000361	203.7701774333454	407.5403548666908	-611.3105323000361	-407.5403548666908	8.389999999999986	8.389999999999986	203.7701774333454	-8.389999999999986	611.3105323000361	195.38017743334538	8.389999999999986	611.3105323000361	-203.7701774333454	611.3105323000361	-611.3105323000361	8.39	203.7701774333454
350	-524.7273548666408	787.0910322999614	262.36367743332045	524.7273548666408	-787.0910322999614	-524.7273548666408	8.389999999999986	8.389999999999986	262.36367743332045	-8.389999999999986	787.0910322999614	253.97367743332046	8.389999999999986	787.0910322999614	-262.36367743332045	787.0910322999614	-787.0910322999614	8.39	262.3636774333205
351	-543.5021796671413	815.2532695007121	271.7510898335707	543.5021796671413	-815.2532695007121	-543.5021796671413	8.389999999999986	8.389999999999986	271.7510898335707	-8.389999999999986	815.2532695007121	263.3610898335707	8.389999999999986	815.2532695007121	-271.7510898335707	815.2532695007121	-815.2532695007121	8.39	271.7510898335707
352	-384.1343420908913	576.201513136337	192.06717104544566	384.1343420908913	-576.201513136337	-384.1343420908913	8.389999999999986	8.389999999999986	192.06717104544566	-8.389999999999986	576.201513136337	183.67717104544565	8.389999999999986	576.201513136337	-192.06717104544566	576.201513136337	-576.201513136337	8.39	192.06717104544566
353	-530.9772798669408	796.4659198004111	265.4886399334704	530.9772798669408	-796.4659198004111	-530.9772798669408	8.389999999999986	8.389999999999986	265.4886399334704	-8.389999999999986	796.4659198004111	257.0986399334704	8.389999999999986	796.4659198004111	-265.4886399334704	796.4659198004111	-796.4659198004111	8.39	265.4886399334704
354	-581.0770794669409	871.6156192004113	290.53853973347043	581.0770794669409	-871.6156192004113	-581.0770794669409	8.389999999999986	8.389999999999986	290.53853973347043	-8.389999999999986	871.6156192004113	282.14853973347044	8.389999999999986	871.6156192004113	-290.53853973347043	871.6156192004113	-871.6156192004113	8.39	290.53853973347043
355	-593.6019792671414	890.402968900712	296.8009896335707	593.6019792671414	-890.402968900712	-593.6019792671414	8.389999999999986	8.389999999999986	296.8009896335707	-8.389999999999986	890.402968900712	288.4109896335707	8.389999999999986	890.402968900712	-296.8009896335707	890.402968900712	-890.402968900712	8.39	296.8009896335707
356	-618.7019788667412	928.0529683001118	309.3509894333706	618.7019788667412	-928.0529683001118	-618.7019788667412	8.389999999999986	8.389999999999986	309.3509894333706	-8.389999999999986	928.0529683001118	300.9609894333706	8.389999999999986	928.0529683001118	-309.3509894333706	928.0529683001118	-928.0529683001118	8.39	309.3509894333706
357	-454.47124189234194	681.706862838513	227.23562094617097	454.47124189234194	-681.706862838513	-454.47124189234194	8.389999999999986	8.389999999999986	227.23562094617097	-8.389999999999986	681.706862838513	218.84562094617095	8.389999999999986	681.706862838513	-227.23562094617097	681.706862838513	-681.706862838513	8.39	227.23562094617094
358	-507.53995486669083	761.3099323000362	253.7699774333454	507.53995486669083	-761.3099323000362	-507.53995486669083	8.389999999999986	8.389999999999986	253.7699774333454	-8.389999999999986	761.3099323000362	245.3799774333454	8.389999999999986	761.3099323000362	-253.7699774333454	761.3099323000362	-761.3099323000362	8.39	253.7699774333454
359	-496.6088422910912	744.9132634366368	248.30442114554563	496.6088422910912	-744.9132634366368	-496.6088422910912	8.389999999999986	8.389999999999986	248.30442114554563	-8.389999999999986	744.9132634366368	239.91442114554565	8.389999999999986	744.9132634366368	-248.30442114554563	744.9132634366368	-744.9132634366368	8.39	248.30442114554558
360	-290.6844658919914	436.0266988379871	145.3422329459957	290.6844658919914	-436.0266988379871	-290.6844658919914	8.389999999999986	8.389999999999986	145.3422329459957	-8.389999999999986	436.0266988379871	136.95223294599572	8.389999999999986	436.0266988379871	-145.3422329459957	436.0266988379871	-436.0266988379871	8.39	145.3422329459957
361	-334.23454169089143	501.35181253633715	167.11727084544572	334.23454169089143	-501.35181253633715	-334.23454169089143	8.389999999999986	8.389999999999986	167.11727084544572	-8.389999999999986	501.35181253633715	158.72727084544573	8.389999999999986	501.35181253633715	-167.11727084544572	501.35181253633715	-501.35181253633715	8.39	167.11727084544572
362	-360.77176689184114	541.1576503377617	180.38588344592057	360.77176689184114	-541.1576503377617	-360.77176689184114	8.389999999999986	8.389999999999986	180.38588344592057	-8.389999999999986	541.1576503377617	171.99588344592058	8.389999999999986	541.1576503377617	-180.38588344592057	541.1576503377617	-541.1576503377617	8.39	180.3858834459205
363	-349.8281544662408	524.7422316993611	174.9140772331204	349.8281544662408	-524.7422316993611	-349.8281544662408	8.389999999999986	8.389999999999986	174.9140772331204	-8.389999999999986	524.7422316993611	166.52407723312038	8.389999999999986	524.7422316993611	-174.9140772331204	524.7422316993611	-524.7422316993611	8.39	174.9140772331204
364	-421.6090422914913	632.4135634372369	210.80452114574564	421.6090422914913	-632.4135634372369	-421.6090422914913	8.389999999999986	8.389999999999986	210.80452114574564	-8.389999999999986	632.4135634372369	202.41452114574562	8.389999999999986	632.4135634372369	-210.80452114574564	632.4135634372369	-632.4135634372369	8.39	210.80452114574564
365	-430.9776798669409	646.4665198004113	215.48883993347044	430.9776798669409	-646.4665198004113	-430.9776798669409	8.389999999999986	8.389999999999986	215.48883993347044	-8.389999999999986	646.4665198004113	207.09883993347043	8.389999999999986	646.4665198004113	-215.48883993347044	646.4665198004113	-646.4665198004113	8.39	215.48883993347044
366	-477.9089668909918	716.8634503364876	238.9544834454959	477.9089668909918	-716.8634503364876	-477.9089668909918	8.389999999999986	8.389999999999986	238.9544834454959	-8.389999999999986	716.8634503364876	230.56448344549588	8.389999999999986	716.8634503364876	-238.9544834454959	716.8634503364876	-716.8634503364876	8.39	238.9544834454959
367	-499.7275548662409	749.5913322993613	249.86377743312045	499.7275548662409	-749.5913322993613	-499.7275548662409	8.389999999999986	8.389999999999986	249.86377743312045	-8.389999999999986	749.5913322993613	241.47377743312043	8.389999999999986	749.5913322993613	-249.86377743312045	749.5913322993613	-749.5913322993613	8.39	249.86377743312045
368	-312.4532538664412	468.6798807996617	156.2266269332206	312.4532538664412	-468.6798807996617	-312.4532538664412	8.389999999999986	8.389999999999986	156.2266269332206	-8.389999999999986	468.6798807996617	147.8366269332206	8.389999999999986	468.6798807996617	-156.2266269332206	468.6798807996617	-468.6798807996617	8.39	156.22662693322053
369	-303.1095660913918	454.6643491370877	151.5547830456959	303.1095660913918	-454.6643491370877	-303.1095660913918	8.389999999999986	8.389999999999986	151.5547830456959	-8.389999999999986	454.6643491370877	143.1647830456959	8.389999999999986	454.6643491370877	-151.5547830456959	454.6643491370877	-454.6643491370877	8.39	151.5547830456959
370	-309.3345412912914	464.0018119369371	154.66727064564571	309.3345412912914	-464.0018119369371	-309.3345412912914	8.389999999999986	8.389999999999986	154.66727064564571	-8.389999999999986	464.0018119369371	146.27727064564573	8.389999999999986	464.0018119369371	-154.66727064564571	464.0018119369371	-464.0018119369371	8.39	154.66727064564566
371	-328.00956649099186	492.0143497364878	164.00478324549593	328.00956649099186	-492.0143497364878	-328.00956649099186	8.389999999999986	8.389999999999986	164.00478324549593	-8.389999999999986	492.0143497364878	155.61478324549591	8.389999999999986	492.0143497364878	-164.00478324549593	492.0143497364878	-492.0143497364878	8.39	164.00478324549596
372	-337.3532542660412	506.02988139906176	168.6766271330206	337.3532542660412	-506.02988139906176	-337.3532542660412	8.389999999999986	8.389999999999986	168.6766271330206	-8.389999999999986	506.02988139906176	160.2866271330206	8.389999999999986	506.02988139906176	-168.6766271330206	506.02988139906176	-506.02988139906176	8.39	168.6766271330206
373	-346.7094418910911	520.0641628366367	173.35472094554558	346.7094418910911	-520.0641628366367	-346.7094418910911	8.389999999999986	8.389999999999986	173.35472094554558	-8.389999999999986	520.0641628366367	164.9647209455456	8.389999999999986	520.0641628366367	-173.35472094554558	520.0641628366367	-520.0641628366367	8.39	173.35472094554552
374	-387.2530546660412	580.8795819990618	193.6265273330206	387.2530546660412	-580.8795819990618	-387.2530546660412	8.389999999999986	8.389999999999986	193.6265273330206	-8.389999999999986	580.8795819990618	185.2365273330206	8.389999999999986	580.8795819990618	-193.6265273330206	580.8795819990618	-580.8795819990618	8.39	193.6265273330206
375	-396.6092422910911	594.9138634366367	198.30462114554555	396.6092422910911	-594.9138634366367	-396.6092422910911	8.389999999999986	8.389999999999986	198.30462114554555	-8.389999999999986	594.9138634366367	189.91462114554554	8.389999999999986	594.9138634366367	-198.30462114554555	594.9138634366367	-594.9138634366367	8.39	198.30462114554558
376	-399.7279548662408	599.5919322993612	199.8639774331204	399.7279548662408	-599.5919322993612	-399.7279548662408	8.389999999999986	8.389999999999986	199.8639774331204	-8.389999999999986	599.5919322993612	191.4739774331204	8.389999999999986	599.5919322993612	-199.8639774331204	599.5919322993612	-599.5919322993612	8.39	199.86397743312045
377	-401.29042986639075	601.9356447995862	200.6452149331954	401.29042986639075	-601.9356447995862	-401.29042986639075	8.389999999999986	8.389999999999986	200.6452149331954	-8.389999999999986	601.9356447995862	192.25521493319542	8.389999999999986	601.9356447995862	-200.6452149331954	601.9356447995862	-601.9356447995862	8.39	200.64521493319535
378	-405.9778798665407	608.9668197998111	202.98893993327036	405.9778798665407	-608.9668197998111	-405.9778798665407	8.389999999999986	8.389999999999986	202.98893993327036	-8.389999999999986	608.9668197998111	194.59893993327034	8.389999999999986	608.9668197998111	-202.98893993327036	608.9668197998111	-608.9668197998111	8.39	202.9889399332704
379	-424.7277548666409	637.0916322999614	212.36387743332043	424.7277548666409	-637.0916322999614	-424.7277548666409	8.389999999999986	8.389999999999986	212.36387743332043	-8.389999999999986	637.0916322999614	203.9738774333204	8.389999999999986	637.0916322999614	-212.36387743332043	637.0916322999614	-637.0916322999614	8.39	212.3638774333205
380	-443.50257966714116	665.2538695007117	221.75128983357058	443.50257966714116	-665.2538695007117	-443.50257966714116	8.389999999999986	8.389999999999986	221.75128983357058	-8.389999999999986	665.2538695007117	213.3612898335706	8.389999999999986	665.2538695007117	-221.75128983357058	665.2538695007117	-665.2538695007117	8.39	221.75128983357058
381	-445.0650546672912	667.5975820009368	222.5325273336456	445.0650546672912	-667.5975820009368	-445.0650546672912	8.389999999999986	8.389999999999986	222.5325273336456	-8.389999999999986	667.5975820009368	214.1425273336456	8.389999999999986	667.5975820009368	-222.5325273336456	667.5975820009368	-667.5975820009368	8.39	222.5325273336456
382	-484.13394209089154	726.2009131363374	242.06697104544577	484.13394209089154	-726.2009131363374	-484.13394209089154	8.389999999999986	8.389999999999986	242.06697104544577	-8.389999999999986	726.2009131363374	233.67697104544578	8.389999999999986	726.2009131363374	-242.06697104544577	726.2009131363374	-726.2009131363374	8.39	242.06697104544583
383	-505.9774798665408	758.9662197998113	252.9887399332704	505.9774798665408	-758.9662197998113	-505.9774798665408	8.389999999999986	8.389999999999986	252.9887399332704	-8.389999999999986	758.9662197998113	244.5987399332704	8.389999999999986	758.9662197998113	-252.9887399332704	758.9662197998113	-758.9662197998113	8.39	252.98873993327044
384	-521.6086422914912	782.4129634372367	260.8043211457456	521.6086422914912	-782.4129634372367	-521.6086422914912	8.389999999999986	8.389999999999986	260.8043211457456	-8.389999999999986	782.4129634372367	252.4143211457456	8.389999999999986	782.4129634372367	-260.8043211457456	782.4129634372367	-782.4129634372367	8.39	260.8043211457456
385	-526.2898298667909	789.4347448001864	263.14491493339546	526.2898298667909	-789.4347448001864	-526.2898298667909	8.389999999999986	8.389999999999986	263.14491493339546	-8.389999999999986	789.4347448001864	254.75491493339547	8.389999999999986	789.4347448001864	-263.14491493339546	789.4347448001864	-789.4347448001864	8.39	263.14491493339546
386	-532.5397548670908	798.8096323006363	266.26987743354545	532.5397548670908	-798.8096323006363	-532.5397548670908	8.389999999999986	8.389999999999986	266.26987743354545	-8.389999999999986	798.8096323006363	257.87987743354546	8.389999999999986	798.8096323006363	-266.26987743354545	798.8096323006363	-798.8096323006363	8.39	266.26987743354545
387	-535.6709672922411	803.5064509383618	267.8354836461206	535.6709672922411	-803.5064509383618	-535.6709672922411	8.389999999999986	8.389999999999986	267.8354836461206	-8.389999999999986	803.5064509383618	259.44548364612064	8.389999999999986	803.5064509383618	-267.8354836461206	803.5064509383618	-803.5064509383618	8.39	267.8354836461206
388	-545.0646546672913	817.5969820009369	272.53232733364564	545.0646546672913	-817.5969820009369	-545.0646546672913	8.389999999999986	8.389999999999986	272.53232733364564	-8.389999999999986	817.5969820009369	264.14232733364565	8.389999999999986	817.5969820009369	-272.53232733364564	817.5969820009369	-817.5969820009369	8.39	272.53232733364564
389	-554.4708418923419	831.706262838513	277.235420946171	554.4708418923419	-831.706262838513	-554.4708418923419	8.389999999999986	8.389999999999986	277.235420946171	-8.389999999999986	831.706262838513	268.84542094617103	8.389999999999986	831.706262838513	-277.235420946171	831.706262838513	-831.706262838513	8.39	277.235420946171
390	-571.7084418914912	857.5626628372369	285.8542209457456	571.7084418914912	-857.5626628372369	-571.7084418914912	8.389999999999986	8.389999999999986	285.8542209457456	-8.389999999999986	857.5626628372369	277.46422094574564	8.389999999999986	857.5626628372369	-285.8542209457456	857.5626628372369	-857.5626628372369	8.39	285.8542209457456
391	-582.6395544670909	873.9593317006364	291.3197772335455	582.6395544670909	-873.9593317006364	-582.6395544670909	8.389999999999986	8.389999999999986	291.3197772335455	-8.389999999999986	873.9593317006364	282.9297772335455	8.389999999999986	873.9593317006364	-291.3197772335455	873.9593317006364	-873.9593317006364	8.39	291.3197772335455
392	-585.7707668922412	878.656150338362	292.88538344612067	585.7707668922412	-878.656150338362	-585.7707668922412	8.389999999999986	8.389999999999986	292.88538344612067	-8.389999999999986	878.656150338362	284.4953834461207	8.389999999999986	878.656150338362	-292.88538344612067	878.656150338362	-878.656150338362	8.39	292.88538344612067
393	-598.2956666924415	897.4435000386624	299.1478333462208	598.2956666924415	-897.4435000386624	-598.2956666924415	8.389999999999986	8.389999999999986	299.1478333462208	-8.389999999999986	897.4435000386624	290.7578333462208	8.389999999999986	897.4435000386624	-299.1478333462208	897.4435000386624	-897.4435000386624	8.39	299.1478333462208
394	-604.5706414923419	906.8559622385129	302.28532074617095	604.5706414923419	-906.8559622385129	-604.5706414923419	8.389999999999986	8.389999999999986	302.28532074617095	-8.389999999999986	906.8559622385129	293.89532074617097	8.389999999999986	906.8559622385129	-302.28532074617095	906.8559622385129	-906.8559622385129	8.39	302.28532074617095
395	-629.6706410919419	944.505961637913	314.835320545971	629.6706410919419	-944.505961637913	-629.6706410919419	8.389999999999986	8.389999999999986	314.835320545971	-8.389999999999986	944.505961637913	306.445320545971	8.389999999999986	944.505961637913	-314.835320545971	944.505961637913	-944.505961637913	8.39	314.835320545971
396	-642.2457408913415	963.3686113370123	321.1228704456708	642.2457408913415	-963.3686113370123	-642.2457408913415	8.389999999999986	8.389999999999986	321.1228704456708	-8.389999999999986	963.3686113370123	312.7328704456708	8.389999999999986	963.3686113370123	-321.1228704456708	963.3686113370123	-963.3686113370123	8.39	321.1228704456708
397	-357.6405544666908	536.4608317000361	178.8202772333454	357.6405544666908	-536.4608317000361	-357.6405544666908	8.389999999999986	8.389999999999986	178.8202772333454	-8.389999999999986	536.4608317000361	170.4302772333454	8.389999999999986	536.4608317000361	-178.8202772333454	536.4608317000361	-536.4608317000361	8.39	178.82027723334534
398	-410.67156729184103	616.0073509377615	205.33578364592051	410.67156729184103	-616.0073509377615	-410.67156729184103	8.389999999999986	8.389999999999986	205.33578364592051	-8.389999999999986	616.0073509377615	196.94578364592053	8.389999999999986	616.0073509377615	-205.33578364592051	616.0073509377615	-616.0073509377615	8.39	205.33578364592051
399	-426.2902298667908	639.4353448001862	213.1451149333954	426.2902298667908	-639.4353448001862	-426.2902298667908	8.389999999999986	8.389999999999986	213.1451149333954	-8.389999999999986	639.4353448001862	204.75511493339542	8.389999999999986	639.4353448001862	-213.1451149333954	639.4353448001862	-639.4353448001862	8.39	213.14511493339535
400	-432.5401548670908	648.8102323006362	216.2700774335454	432.5401548670908	-648.8102323006362	-432.5401548670908	8.389999999999986	8.389999999999986	216.2700774335454	-8.389999999999986	648.8102323006362	207.8800774335454	8.389999999999986	648.8102323006362	-216.2700774335454	648.8102323006362	-648.8102323006362	8.39	216.27007743354545
401	-448.1962670924414	672.2944006386622	224.0981335462207	448.1962670924414	-672.2944006386622	-448.1962670924414	8.389999999999986	8.389999999999986	224.0981335462207	-8.389999999999986	672.2944006386622	215.70813354622072	8.389999999999986	672.2944006386622	-224.0981335462207	672.2944006386622	-672.2944006386622	8.39	224.09813354622077
402	-314.0157288665911	471.0235932998866	157.00786443329554	314.0157288665911	-471.0235932998866	-314.0157288665911	8.389999999999986	8.389999999999986	157.00786443329554	-8.389999999999986	471.0235932998866	148.61786443329552	8.389999999999986	471.0235932998866	-157.00786443329554	471.0235932998866	-471.0235932998866	8.39	157.00786443329554
403	-338.9157292661911	508.3735938992866	169.45786463309554	338.9157292661911	-508.3735938992866	-338.9157292661911	8.389999999999986	8.389999999999986	169.45786463309554	-8.389999999999986	508.3735938992866	161.06786463309552	8.389999999999986	508.3735938992866	-169.45786463309554	508.3735938992866	-508.3735938992866	8.39	169.45786463309554
404	-356.0780794665409	534.1171191998113	178.03903973327044	356.0780794665409	-534.1171191998113	-356.0780794665409	8.389999999999986	8.389999999999986	178.03903973327044	-8.389999999999986	534.1171191998113	169.64903973327043	8.389999999999986	534.1171191998113	-178.03903973327044	534.1171191998113	-534.1171191998113	8.39	178.03903973327044
405	-377.9093668909917	566.8640503364875	188.95468344549585	377.9093668909917	-566.8640503364875	-377.9093668909917	8.389999999999986	8.389999999999986	188.95468344549585	-8.389999999999986	566.8640503364875	180.56468344549583	8.389999999999986	566.8640503364875	-188.95468344549585	566.8640503364875	-566.8640503364875	8.39	188.95468344549585
406	-388.8155296661911	583.2232944992866	194.40776483309554	388.8155296661911	-583.2232944992866	-388.8155296661911	8.389999999999986	8.389999999999986	194.40776483309554	-8.389999999999986	583.2232944992866	186.01776483309553	8.389999999999986	583.2232944992866	-194.40776483309554	583.2232944992866	-583.2232944992866	8.39	194.40776483309554
407	-576.3896294667909	864.5844442001863	288.19481473339545	576.3896294667909	-864.5844442001863	-576.3896294667909	8.389999999999986	8.389999999999986	288.19481473339545	-8.389999999999986	864.5844442001863	279.80481473339546	8.389999999999986	864.5844442001863	-288.19481473339545	864.5844442001863	-864.5844442001863	8.39	288.1948147333955
408	-620.264453866891	930.3966808003365	310.1322269334455	620.264453866891	-930.3966808003365	-620.264453866891	8.389999999999986	8.389999999999986	310.1322269334455	-8.389999999999986	930.3966808003365	301.7422269334455	8.389999999999986	930.3966808003365	-310.1322269334455	930.3966808003365	-930.3966808003365	8.39	310.13222693344557
409	-487.2526546660413	730.8789819990619	243.62632733302064	487.2526546660413	-730.8789819990619	-487.2526546660413	8.389999999999986	8.389999999999986	243.62632733302064	-8.389999999999986	730.8789819990619	235.23632733302065	8.389999999999986	730.8789819990619	-243.62632733302064	730.8789819990619	-730.8789819990619	8.39	243.62632733302064
410	-510.67116729184113	766.0067509377617	255.33558364592056	510.67116729184113	-766.0067509377617	-510.67116729184113	8.389999999999986	8.389999999999986	255.33558364592056	-8.389999999999986	766.0067509377617	246.94558364592058	8.389999999999986	766.0067509377617	-255.33558364592056	766.0067509377617	-766.0067509377617	8.39	255.33558364592056
411	-351.3906294663908	527.0859441995863	175.6953147331954	351.3906294663908	-527.0859441995863	-351.3906294663908	8.389999999999986	8.389999999999986	175.6953147331954	-8.389999999999986	527.0859441995863	167.3053147331954	8.389999999999986	527.0859441995863	-175.6953147331954	527.0859441995863	-527.0859441995863	8.39	175.6953147331954
412	-435.67136729224103	653.5070509383615	217.83568364612051	435.67136729224103	-653.5070509383615	-435.67136729224103	8.389999999999986	8.389999999999986	217.83568364612051	-8.389999999999986	653.5070509383615	209.4456836461205	8.389999999999986	653.5070509383615	-217.83568364612051	653.5070509383615	-653.5070509383615	8.39	217.83568364612051
413	-488.8151296661912	733.2226944992867	244.4075648330956	488.8151296661912	-733.2226944992867	-488.8151296661912	8.389999999999986	8.389999999999986	244.4075648330956	-8.389999999999986	733.2226944992867	236.01756483309558	8.389999999999986	733.2226944992867	-244.4075648330956	733.2226944992867	-733.2226944992867	8.39	244.4075648330956
414	-501.2900298663909	751.9350447995864	250.64501493319545	501.2900298663909	-751.9350447995864	-501.2900298663909	8.389999999999986	8.389999999999986	250.64501493319545	-8.389999999999986	751.9350447995864	242.25501493319544	8.389999999999986	751.9350447995864	-250.64501493319545	751.9350447995864	-751.9350447995864	8.39	250.64501493319545
415	-548.1958670924416	822.2938006386624	274.0979335462208	548.1958670924416	-822.2938006386624	-548.1958670924416	8.389999999999986	8.389999999999986	274.0979335462208	-8.389999999999986	822.2938006386624	265.70793354622083	8.389999999999986	822.2938006386624	-274.0979335462208	822.2938006386624	-822.2938006386624	8.39	274.0979335462208
416	-595.1644542672914	892.7466814009371	297.5822271336457	595.1644542672914	-892.7466814009371	-595.1644542672914	8.389999999999986	8.389999999999986	297.5822271336457	-8.389999999999986	892.7466814009371	289.1922271336457	8.389999999999986	892.7466814009371	-297.5822271336457	892.7466814009371	-892.7466814009371	8.39	297.5822271336457
417	-623.3956662920416	935.0934994380624	311.6978331460208	623.3956662920416	-935.0934994380624	-623.3956662920416	8.389999999999986	8.389999999999986	311.6978331460208	-8.389999999999986	935.0934994380624	303.3078331460208	8.389999999999986	935.0934994380624	-311.6978331460208	935.0934994380624	-935.0934994380624	8.39	311.6978331460208
418	-420.04969224134146	630.0745383620122	210.02484612067076	420.04969224134146	-630.0745383620122	-420.04969224134146	8.389999999999986	8.389999999999986	210.02484612067076	-8.389999999999986	630.0745383620122	201.63484612067074	8.389999999999986	630.0745383620122	-210.02484612067076	630.0745383620122	-630.0745383620122	8.39	210.02484612067065
419	-385.69370461589153	578.5405569238374	192.84685230794577	385.69370461589153	-578.5405569238374	-385.69370461589153	8.389999999999986	8.389999999999986	192.84685230794577	-8.389999999999986	578.5405569238374	184.45685230794575	8.389999999999986	578.5405569238374	-192.84685230794577	578.5405569238374	-578.5405569238374	8.39	192.84685230794574
420	-335.79390421589153	503.6908563238373	167.89695210794576	335.79390421589153	-503.6908563238373	-335.79390421589153	8.389999999999986	8.389999999999986	167.89695210794576	-8.389999999999986	503.6908563238373	159.50695210794575	8.389999999999986	503.6908563238373	-167.89695210794576	503.6908563238373	-503.6908563238373	8.39	167.89695210794574
421	-395.0498922409415	592.5748383614123	197.52494612047076	395.0498922409415	-592.5748383614123	-395.0498922409415	8.389999999999986	8.389999999999986	197.52494612047076	-8.389999999999986	592.5748383614123	189.13494612047074	8.389999999999986	592.5748383614123	-197.52494612047076	592.5748383614123	-592.5748383614123	8.39	197.52494612047073
422	-495.0494922409416	742.5742383614124	247.5247461204708	495.0494922409416	-742.5742383614124	-495.0494922409416	8.389999999999986	8.389999999999986	247.5247461204708	-8.389999999999986	742.5742383614124	239.1347461204708	8.389999999999986	742.5742383614124	-247.5247461204708	742.5742383614124	-742.5742383614124	8.39	247.52474612047078
423	-518.4930546663417	777.7395819995124	259.24652733317083	518.4930546663417	-777.7395819995124	-518.4930546663417	8.389999999999986	8.389999999999986	259.24652733317083	-8.389999999999986	777.7395819995124	250.85652733317082	8.389999999999986	777.7395819995124	-259.24652733317083	777.7395819995124	-777.7395819995124	8.39	259.24652733317083
424	-520.0492922413415	780.0739383620123	260.02464612067075	520.0492922413415	-780.0739383620123	-520.0492922413415	8.389999999999986	8.389999999999986	260.02464612067075	-8.389999999999986	780.0739383620123	251.63464612067074	8.389999999999986	780.0739383620123	-260.02464612067075	780.0739383620123	-780.0739383620123	8.39	260.02464612067075
425	-592.0426292169916	888.0639438254874	296.0213146084958	592.0426292169916	-888.0639438254874	-592.0426292169916	8.389999999999986	8.389999999999986	296.0213146084958	-8.389999999999986	888.0639438254874	287.6313146084958	8.389999999999986	888.0639438254874	-296.0213146084958	888.0639438254874	-888.0639438254874	8.39	296.02131460849586
426	-326.4502164408421	489.6753246612632	163.22510822042105	326.4502164408421	-489.6753246612632	-326.4502164408421	8.389999999999986	8.389999999999986	163.22510822042105	-8.389999999999986	489.6753246612632	154.83510822042103	8.389999999999986	489.6753246612632	-163.22510822042105	489.6753246612632	-489.6753246612632	8.39	163.22510822042108
427	-331.118954065742	496.67843109861303	165.559477032871	331.118954065742	-496.67843109861303	-331.118954065742	8.389999999999986	8.389999999999986	165.559477032871	-8.389999999999986	496.67843109861303	157.169477032871	8.389999999999986	496.67843109861303	-165.559477032871	496.67843109861303	-496.67843109861303	8.39	165.55947703287103
428	-485.6933046158916	728.5399569238374	242.8466523079458	485.6933046158916	-728.5399569238374	-485.6933046158916	8.389999999999986	8.389999999999986	242.8466523079458	-8.389999999999986	728.5399569238374	234.45665230794577	8.389999999999986	728.5399569238374	-242.8466523079458	728.5399569238374	-728.5399569238374	8.39	242.84665230794582
429	-307.77519124114167	461.66278686171245	153.88759562057083	307.77519124114167	-461.66278686171245	-307.77519124114167	8.389999999999986	8.389999999999986	153.88759562057083	-8.389999999999986	461.66278686171245	145.49759562057082	8.389999999999986	461.66278686171245	-153.88759562057083	461.66278686171245	-461.66278686171245	8.39	153.88759562057078
430	-310.8939038162914	466.34085572443706	155.4469519081457	310.8939038162914	-466.34085572443706	-310.8939038162914	8.389999999999986	8.389999999999986	155.4469519081457	-8.389999999999986	466.34085572443706	147.0569519081457	8.389999999999986	466.34085572443706	-155.4469519081457	466.34085572443706	-466.34085572443706	8.39	155.44695190814565
431	-348.2688044160911	522.4032066241366	174.13440220804557	348.2688044160911	-522.4032066241366	-348.2688044160911	8.389999999999986	8.389999999999986	174.13440220804557	-8.389999999999986	522.4032066241366	165.74440220804556	8.389999999999986	522.4032066241366	-174.13440220804557	522.4032066241366	-522.4032066241366	8.39	174.13440220804546
432	-498.1682048160912	747.2523072241368	249.08410240804562	498.1682048160912	-747.2523072241368	-498.1682048160912	8.389999999999986	8.389999999999986	249.08410240804562	-8.389999999999986	747.2523072241368	240.6941024080456	8.389999999999986	747.2523072241368	-249.08410240804562	747.2523072241368	-747.2523072241368	8.39	249.0841024080455
433	-289.12511584184165	433.6876737627625	144.56255792092082	289.12511584184165	-433.6876737627625	-289.12511584184165	8.389999999999986	8.389999999999986	144.56255792092082	-8.389999999999986	433.6876737627625	136.1725579209208	8.389999999999986	433.6876737627625	-144.56255792092082	433.6876737627625	-433.6876737627625	8.39	144.5625579209208
434	-332.6751916407417	499.0127874611125	166.33759582037084	332.6751916407417	-499.0127874611125	-332.6751916407417	8.389999999999986	8.389999999999986	166.33759582037084	-8.389999999999986	499.0127874611125	157.94759582037082	8.389999999999986	499.0127874611125	-166.33759582037084	499.0127874611125	-499.0127874611125	8.39	166.3375958203708
435	-345.1500918409414	517.725137761412	172.5750459204707	345.1500918409414	-517.725137761412	-345.1500918409414	8.389999999999986	8.389999999999986	172.5750459204707	-8.389999999999986	517.725137761412	164.18504592047069	8.389999999999986	517.725137761412	-172.5750459204707	517.725137761412	-517.725137761412	8.39	172.57504592047067
436	-429.41832981679113	644.1274947251867	214.70916490839556	429.41832981679113	-644.1274947251867	-429.41832981679113	8.389999999999986	8.389999999999986	214.70916490839556	-8.389999999999986	644.1274947251867	206.31916490839558	8.389999999999986	644.1274947251867	-214.70916490839556	644.1274947251867	-644.1274947251867	8.39	214.70916490839556
437	-568.5928542663419	852.8892813995128	284.29642713317094	568.5928542663419	-852.8892813995128	-568.5928542663419	8.389999999999986	8.389999999999986	284.29642713317094	-8.389999999999986	852.8892813995128	275.90642713317095	8.389999999999986	852.8892813995128	-284.29642713317094	852.8892813995128	-852.8892813995128	8.39	284.29642713317094
438	-617.1426288165915	925.7139432248872	308.57131440829573	617.1426288165915	-925.7139432248872	-617.1426288165915	8.389999999999986	8.389999999999986	308.57131440829573	-8.389999999999986	925.7139432248872	300.18131440829575	8.389999999999986	925.7139432248872	-308.57131440829573	925.7139432248872	-925.7139432248872	8.39	308.57131440829573
439	-301.55021604124204	452.32532406186306	150.77510802062102	301.55021604124204	-452.32532406186306	-301.55021604124204	8.389999999999986	8.389999999999986	150.77510802062102	-8.389999999999986	452.32532406186306	142.38510802062103	8.389999999999986	452.32532406186306	-150.77510802062102	452.32532406186306	-452.32532406186306	8.39	150.77510802062102
440	-306.21895366614194	459.3284304992129	153.10947683307097	306.21895366614194	-459.3284304992129	-306.21895366614194	8.389999999999986	8.389999999999986	153.10947683307097	-8.389999999999986	459.3284304992129	144.71947683307098	8.389999999999986	459.3284304992129	-153.10947683307097	459.3284304992129	-459.3284304992129	8.39	153.10947683307097
441	-321.78771624109254	482.6815743616388	160.89385812054627	321.78771624109254	-482.6815743616388	-321.78771624109254	8.389999999999986	8.389999999999986	160.89385812054627	-8.389999999999986	482.6815743616388	152.50385812054628	8.389999999999986	482.6815743616388	-160.89385812054627	482.6815743616388	-482.6815743616388	8.39	160.89385812054627
442	-354.5187294163911	531.7780941245867	177.25936470819556	354.5187294163911	-531.7780941245867	-354.5187294163911	8.389999999999986	8.389999999999986	177.25936470819556	-8.389999999999986	531.7780941245867	168.86936470819558	8.389999999999986	531.7780941245867	-177.25936470819556	531.7780941245867	-531.7780941245867	8.39	177.25936470819556
443	-371.68751664109254	557.5312749616388	185.84375832054627	371.68751664109254	-557.5312749616388	-371.68751664109254	8.389999999999986	8.389999999999986	185.84375832054627	-8.389999999999986	557.5312749616388	177.45375832054629	8.389999999999986	557.5312749616388	-185.84375832054627	557.5312749616388	-557.5312749616388	8.39	185.84375832054627
444	-376.35001684084216	564.5250252612633	188.17500842042108	376.35001684084216	-564.5250252612633	-376.35001684084216	8.389999999999986	8.389999999999986	188.17500842042108	-8.389999999999986	564.5250252612633	179.7850084204211	8.389999999999986	564.5250252612633	-188.17500842042108	564.5250252612633	-564.5250252612633	8.39	188.17500842042114
445	-381.01875446574195	571.5281316986129	190.50937723287097	381.01875446574195	-571.5281316986129	-381.01875446574195	8.389999999999986	8.389999999999986	190.50937723287097	-8.389999999999986	571.5281316986129	182.119377232871	8.389999999999986	571.5281316986129	-190.50937723287097	571.5281316986129	-571.5281316986129	8.39	190.50937723287097
446	-382.5749920407416	573.8624880611125	191.28749602037084	382.5749920407416	-573.8624880611125	-382.5749920407416	8.389999999999986	8.389999999999986	191.28749602037084	-8.389999999999986	573.8624880611125	182.89749602037085	8.389999999999986	573.8624880611125	-191.28749602037084	573.8624880611125	-573.8624880611125	8.39	191.28749602037078
447	-418.4934546663417	627.7401819995125	209.24672733317084	418.4934546663417	-627.7401819995125	-418.4934546663417	8.389999999999986	8.389999999999986	209.24672733317084	-8.389999999999986	627.7401819995125	200.85672733317085	8.389999999999986	627.7401819995125	-209.24672733317084	627.7401819995125	-627.7401819995125	8.39	209.24672733317084
448	-423.16840481649103	634.7526072247366	211.58420240824555	423.16840481649103	-634.7526072247366	-423.16840481649103	8.389999999999986	8.389999999999986	211.58420240824555	-8.389999999999986	634.7526072247366	203.19420240824553	8.389999999999986	634.7526072247366	-211.58420240824555	634.7526072247366	-634.7526072247366	8.39	211.58420240824552
449	-476.34961684084215	714.5244252612632	238.17480842042107	476.34961684084215	-714.5244252612632	-476.34961684084215	8.389999999999986	8.389999999999986	238.17480842042107	-8.389999999999986	714.5244252612632	229.7848084204211	8.389999999999986	714.5244252612632	-238.17480842042107	714.5244252612632	-714.5244252612632	8.39	238.17480842042107
450	-398.16860481609103	597.2529072241366	199.08430240804552	398.16860481609103	-597.2529072241366	-398.16860481609103	8.389999999999986	8.389999999999986	199.08430240804552	-8.389999999999986	597.2529072241366	190.69430240804553	8.389999999999986	597.2529072241366	-199.08430240804552	597.2529072241366	-597.2529072241366	8.39	199.08430240804557
451	-441.9432296169914	662.9148444254871	220.9716148084957	441.9432296169914	-662.9148444254871	-441.9432296169914	8.389999999999986	8.389999999999986	220.9716148084957	-8.389999999999986	662.9148444254871	212.58161480849571	8.389999999999986	662.9148444254871	-220.9716148084957	662.9148444254871	-662.9148444254871	8.39	220.9716148084957
452	-474.7933792658424	712.1900688987637	237.3966896329212	474.7933792658424	-712.1900688987637	-474.7933792658424	8.389999999999986	8.389999999999986	237.3966896329212	-8.389999999999986	712.1900688987637	229.00668963292122	8.389999999999986	712.1900688987637	-237.3966896329212	712.1900688987637	-712.1900688987637	8.39	237.39668963292127
453	-482.5745920407418	723.8618880611127	241.2872960203709	482.5745920407418	-723.8618880611127	-482.5745920407418	8.389999999999986	8.389999999999986	241.2872960203709	-8.389999999999986	723.8618880611127	232.8972960203709	8.389999999999986	723.8618880611127	-241.2872960203709	723.8618880611127	-723.8618880611127	8.39	241.28729602037095
454	-299.9939784662423	449.99096769936347	149.99698923312116	299.9939784662423	-449.99096769936347	-299.9939784662423	8.389999999999986	8.389999999999986	149.99698923312116	-8.389999999999986	449.99096769936347	141.60698923312114	8.389999999999986	449.99096769936347	-149.99698923312116	449.99096769936347	-449.99096769936347	8.39	149.99698923312116
455	-393.4936546659417	590.2404819989125	196.74682733297084	393.4936546659417	-590.2404819989125	-393.4936546659417	8.389999999999986	8.389999999999986	196.74682733297084	-8.389999999999986	590.2404819989125	188.35682733297082	8.389999999999986	590.2404819989125	-196.74682733297084	590.2404819989125	-590.2404819989125	8.39	196.74682733297084
456	-481.01835446574205	721.5275316986131	240.50917723287102	481.01835446574205	-721.5275316986131	-481.01835446574205	8.389999999999986	8.389999999999986	240.50917723287102	-8.389999999999986	721.5275316986131	232.119177232871	8.389999999999986	721.5275316986131	-240.50917723287102	721.5275316986131	-721.5275316986131	8.39	240.50917723287102
457	-493.4932546659418	740.2398819989127	246.7466273329709	493.4932546659418	-740.2398819989127	-493.4932546659418	8.389999999999986	8.389999999999986	246.7466273329709	-8.389999999999986	740.2398819989127	238.35662733297087	8.389999999999986	740.2398819989127	-246.7466273329709	740.2398819989127	-740.2398819989127	8.39	246.7466273329709
458	-504.41812981639123	756.6271947245868	252.20906490819561	504.41812981639123	-756.6271947245868	-504.41812981639123	8.389999999999986	8.389999999999986	252.20906490819561	-8.389999999999986	756.6271947245868	243.8190649081956	8.389999999999986	756.6271947245868	-252.20906490819561	756.6271947245868	-756.6271947245868	8.39	252.20906490819561
459	-541.9428296169915	812.9142444254873	270.97141480849575	541.9428296169915	-812.9142444254873	-541.9428296169915	8.389999999999986	8.389999999999986	270.97141480849575	-8.389999999999986	812.9142444254873	262.58141480849577	8.389999999999986	812.9142444254873	-270.97141480849575	812.9142444254873	-812.9142444254873	8.39	270.97141480849575
460	-570.1490918413417	855.2236377620126	285.07454592067086	570.1490918413417	-855.2236377620126	-570.1490918413417	8.389999999999986	8.389999999999986	285.07454592067086	-8.389999999999986	855.2236377620126	276.68454592067087	8.389999999999986	855.2236377620126	-285.07454592067086	855.2236377620126	-855.2236377620126	8.39	285.07454592067086
461	-573.2678044164911	859.9017066247367	286.63390220824556	573.2678044164911	-859.9017066247367	-573.2678044164911	8.389999999999986	8.389999999999986	286.63390220824556	-8.389999999999986	859.9017066247367	278.2439022082456	8.389999999999986	859.9017066247367	-286.63390220824556	859.9017066247367	-859.9017066247367	8.39	286.63390220824556
462	-287.568878266842	431.353317400263	143.784439133421	287.568878266842	-431.353317400263	-287.568878266842	8.389999999999986	8.389999999999986	143.784439133421	-8.389999999999986	431.353317400263	135.39443913342097	8.389999999999986	431.353317400263	-143.784439133421	431.353317400263	-431.353317400263	8.39	143.78443913342102
463	-374.7937792658425	562.1906688987638	187.39688963292124	374.7937792658425	-562.1906688987638	-374.7937792658425	8.389999999999986	8.389999999999986	187.39688963292124	-8.389999999999986	562.1906688987638	179.00688963292123	8.389999999999986	562.1906688987638	-187.39688963292124	562.1906688987638	-562.1906688987638	8.39	187.39688963292127
464	-278.2624906425914	417.393735963887	139.1312453212957	278.2624906425914	-417.393735963887	-278.2624906425914	8.389999999999986	8.389999999999986	139.1312453212957	-8.389999999999986	417.393735963887	130.74124532129568	8.389999999999986	417.393735963887	-139.1312453212957	417.393735963887	-417.393735963887	8.39	139.13124532129564
465	-343.5938542659418	515.3907813989126	171.7969271329709	343.5938542659418	-515.3907813989126	-343.5938542659418	8.389999999999986	8.389999999999986	171.7969271329709	-8.389999999999986	515.3907813989126	163.40692713297088	8.389999999999986	515.3907813989126	-171.7969271329709	515.3907813989126	-515.3907813989126	8.39	171.79692713297084
466	-471.6871166410926	707.5306749616389	235.84355832054632	471.6871166410926	-707.5306749616389	-471.6871166410926	8.389999999999986	8.389999999999986	235.84355832054632	-8.389999999999986	707.5306749616389	227.4535583205463	8.389999999999986	707.5306749616389	-235.84355832054632	707.5306749616389	-707.5306749616389	8.39	235.8435583205462
467	-523.1680048164911	784.7520072247366	261.58400240824557	523.1680048164911	-784.7520072247366	-523.1680048164911	8.389999999999986	8.389999999999986	261.58400240824557	-8.389999999999986	784.7520072247366	253.19400240824555	8.389999999999986	784.7520072247366	-261.58400240824557	784.7520072247366	-784.7520072247366	8.39	261.5840024082455
468	-284.46261564209215	426.6939234631382	142.23130782104607	284.46261564209215	-426.6939234631382	-284.46261564209215	8.389999999999986	8.389999999999986	142.23130782104607	-8.389999999999986	426.6939234631382	133.84130782104606	8.389999999999986	426.6939234631382	-142.23130782104607	426.6939234631382	-426.6939234631382	8.39	142.23130782104604
469	-296.88771584149265	445.331573762239	148.44385792074632	296.88771584149265	-445.331573762239	-296.88771584149265	8.389999999999986	8.389999999999986	148.44385792074632	-8.389999999999986	445.331573762239	140.0538579207463	8.389999999999986	445.331573762239	-148.44385792074632	445.331573762239	-445.331573762239	8.39	148.4438579207463
470	-324.8939788658424	487.34096829876364	162.4469894329212	324.8939788658424	-487.34096829876364	-324.8939788658424	8.389999999999986	8.389999999999986	162.4469894329212	-8.389999999999986	487.34096829876364	154.0569894329212	8.389999999999986	487.34096829876364	-162.4469894329212	487.34096829876364	-487.34096829876364	8.39	162.44698943292119
471	-404.41852981639096	606.6277947245864	202.20926490819545	404.41852981639096	-606.6277947245864	-404.41852981639096	8.389999999999986	8.389999999999986	202.20926490819545	-8.389999999999986	606.6277947245864	193.81926490819546	8.389999999999986	606.6277947245864	-202.20926490819545	606.6277947245864	-606.6277947245864	8.39	202.20926490819545
472	-529.417929816791	794.1268947251866	264.70896490839556	529.417929816791	-794.1268947251866	-529.417929816791	8.389999999999986	8.389999999999986	264.70896490839556	-8.389999999999986	794.1268947251866	256.31896490839557	8.389999999999986	794.1268947251866	-264.70896490839556	794.1268947251866	-794.1268947251866	8.39	264.7089649083955
473	-579.5177294167911	869.2765941251868	289.7588647083956	579.5177294167911	-869.2765941251868	-579.5177294167911	8.389999999999986	8.389999999999986	289.7588647083956	-8.389999999999986	869.2765941251868	281.3688647083956	8.389999999999986	869.2765941251868	-289.7588647083956	869.2765941251868	-869.2765941251868	8.39	289.7588647083956
474	-272.06547811824043	408.09821717736065	136.03273905912022	272.06547811824043	-408.09821717736065	-272.06547811824043	8.389999999999986	8.389999999999986	136.03273905912022	-8.389999999999986	408.09821717736065	127.6427390591202	8.389999999999986	408.09821717736065	-136.03273905912022	408.09821717736065	-408.09821717736065	8.39	136.03273905912022
475	-373.24065416599274	559.8609812489891	186.62032708299637	373.24065416599274	-559.8609812489891	-373.24065416599274	8.389999999999986	8.389999999999986	186.62032708299637	-8.389999999999986	559.8609812489891	178.23032708299635	8.389999999999986	559.8609812489891	-186.62032708299637	559.8609812489891	-559.8609812489891	8.39	186.62032708299637
476	-276.70936554274164	415.0640483141125	138.35468277137082	276.70936554274164	-415.0640483141125	-276.70936554274164	8.389999999999986	8.389999999999986	138.35468277137082	-8.389999999999986	415.0640483141125	129.9646827713708	8.389999999999986	415.0640483141125	-138.35468277137082	415.0640483141125	-415.0640483141125	8.39	138.35468277137085
477	-281.3594654924921	422.0391982387382	140.67973274624606	281.3594654924921	-422.0391982387382	-281.3594654924921	8.389999999999986	8.389999999999986	140.67973274624606	-8.389999999999986	422.0391982387382	132.28973274624605	8.389999999999986	422.0391982387382	-140.67973274624606	422.0391982387382	-422.0391982387382	8.39	140.6797327462461
478	-282.9094905422424	424.3642358133636	141.4547452711212	282.9094905422424	-424.3642358133636	-282.9094905422424	8.389999999999986	8.389999999999986	141.4547452711212	-8.389999999999986	424.3642358133636	133.06474527112118	8.389999999999986	424.3642358133636	-141.4547452711212	424.3642358133636	-424.3642358133636	8.39	141.45474527112123
479	-295.3345907416429	443.0018861124644	147.66729537082145	295.3345907416429	-443.0018861124644	-295.3345907416429	8.389999999999986	8.389999999999986	147.66729537082145	-8.389999999999986	443.0018861124644	139.27729537082143	8.389999999999986	443.0018861124644	-147.66729537082145	443.0018861124644	-443.0018861124644	8.39	147.66729537082148
480	-342.04072916609204	513.0610937491381	171.02036458304602	342.04072916609204	-513.0610937491381	-342.04072916609204	8.389999999999986	8.389999999999986	171.02036458304602	-8.389999999999986	513.0610937491381	162.630364583046	8.389999999999986	513.0610937491381	-171.02036458304602	513.0610937491381	-513.0610937491381	8.39	171.02036458304605
481	-391.940529566092	587.910794349138	195.97026478304596	391.940529566092	-587.910794349138	-391.940529566092	8.389999999999986	8.389999999999986	195.97026478304596	-8.389999999999986	587.910794349138	187.58026478304595	8.389999999999986	587.910794349138	-195.97026478304596	587.910794349138	-587.910794349138	8.39	195.97026478304605
482	-416.94032956649187	625.4104943497379	208.47016478324596	416.94032956649187	-625.4104943497379	-416.94032956649187	8.389999999999986	8.389999999999986	208.47016478324596	-8.389999999999986	625.4104943497379	200.08016478324595	8.389999999999986	625.4104943497379	-208.47016478324596	625.4104943497379	-625.4104943497379	8.39	208.47016478324593
483	-470.13399154124295	705.2009873118644	235.06699577062145	470.13399154124295	-705.2009873118644	-470.13399154124295	8.389999999999986	8.389999999999986	235.06699577062145	-8.389999999999986	705.2009873118644	226.67699577062143	8.389999999999986	705.2009873118644	-235.06699577062145	705.2009873118644	-705.2009873118644	8.39	235.06699577062153
484	-479.4652293658924	719.1978440488386	239.7326146829462	479.4652293658924	-719.1978440488386	-479.4652293658924	8.389999999999986	8.389999999999986	239.7326146829462	-8.389999999999986	719.1978440488386	231.3426146829462	8.389999999999986	719.1978440488386	-239.7326146829462	719.1978440488386	-719.1978440488386	8.39	239.73261468294623
485	-491.9401295660921	737.9101943491381	245.970064783046	491.9401295660921	-737.9101943491381	-491.9401295660921	8.389999999999986	8.389999999999986	245.970064783046	-8.389999999999986	737.9101943491381	237.580064783046	8.389999999999986	737.9101943491381	-245.970064783046	737.9101943491381	-737.9101943491381	8.39	245.9700647830461
486	-567.0397291664922	850.5595937497383	283.5198645832461	567.0397291664922	-850.5595937497383	-567.0397291664922	8.389999999999986	8.389999999999986	283.5198645832461	-8.389999999999986	850.5595937497383	275.1298645832461	8.389999999999986	850.5595937497383	-283.5198645832461	850.5595937497383	-850.5595937497383	8.39	283.5198645832461
487	-320.23459114124284	480.3518867118642	160.11729557062142	320.23459114124284	-480.3518867118642	-320.23459114124284	8.389999999999986	8.389999999999986	160.11729557062142	-8.389999999999986	480.3518867118642	151.7272955706214	8.389999999999986	480.3518867118642	-160.11729557062142	480.3518867118642	-480.3518867118642	8.39	160.11729557062137
488	-286.01575316699234	429.0236297504885	143.00787658349617	286.01575316699234	-429.0236297504885	-286.01575316699234	8.389999999999986	8.389999999999986	143.00787658349617	-8.389999999999986	429.0236297504885	134.61787658349616	8.389999999999986	429.0236297504885	-143.00787658349617	429.0236297504885	-429.0236297504885	8.39	143.00787658349614
489	-368.5843664914926	552.8765497372389	184.2921832457463	368.5843664914926	-552.8765497372389	-368.5843664914926	8.389999999999986	8.389999999999986	184.2921832457463	-8.389999999999986	552.8765497372389	175.90218324574627	8.389999999999986	552.8765497372389	-184.2921832457463	552.8765497372389	-552.8765497372389	8.39	184.29218324574626
490	-370.13439154124285	555.2015873118643	185.06719577062142	370.13439154124285	-555.2015873118643	-370.13439154124285	8.389999999999986	8.389999999999986	185.06719577062142	-8.389999999999986	555.2015873118643	176.6771957706214	8.389999999999986	555.2015873118643	-185.06719577062142	555.2015873118643	-555.2015873118643	8.39	185.0671957706214
491	-293.7845656918926	440.67684853783885	146.89228284594628	293.7845656918926	-440.67684853783885	-293.7845656918926	8.389999999999986	8.389999999999986	146.89228284594628	-8.389999999999986	440.67684853783885	138.5022828459463	8.389999999999986	440.67684853783885	-146.89228284594628	440.67684853783885	-440.67684853783885	8.39	146.89228284594628
492	-298.4408533663926	447.661280049589	149.22042668319634	298.4408533663926	-447.661280049589	-298.4408533663926	8.389999999999986	8.389999999999986	149.22042668319634	-8.389999999999986	447.661280049589	140.83042668319632	8.389999999999986	447.661280049589	-149.22042668319634	447.661280049589	-447.661280049589	8.39	149.2204266831963
493	-473.24025416599284	709.8603812489893	236.6201270829964	473.24025416599284	-709.8603812489893	-473.24025416599284	8.389999999999986	8.389999999999986	236.6201270829964	-8.389999999999986	709.8603812489893	228.23012708299638	8.389999999999986	709.8603812489893	-236.6201270829964	709.8603812489893	-709.8603812489893	8.39	236.62012708299648
494	-304.66582856629225	456.9987428494384	152.33291428314612	304.66582856629225	-456.9987428494384	-304.66582856629225	8.389999999999986	8.389999999999986	152.33291428314612	-8.389999999999986	456.9987428494384	143.9429142831461	8.389999999999986	456.9987428494384	-152.33291428314612	456.9987428494384	-456.9987428494384	8.39	152.3329142831461
495	-318.6845660914927	478.026849137239	159.34228304574634	318.6845660914927	-478.026849137239	-318.6845660914927	8.389999999999986	8.389999999999986	159.34228304574634	-8.389999999999986	478.026849137239	150.95228304574633	8.389999999999986	478.026849137239	-159.34228304574634	478.026849137239	-478.026849137239	8.39	159.3422830457463
496	-323.34085376599273	485.0112806489891	161.67042688299637	323.34085376599273	-485.0112806489891	-323.34085376599273	8.389999999999986	8.389999999999986	161.67042688299637	-8.389999999999986	485.0112806489891	153.28042688299635	8.389999999999986	485.0112806489891	-161.67042688299637	485.0112806489891	-485.0112806489891	8.39	161.67042688299634
497	-379.46562936589226	569.1984440488384	189.73281468294613	379.46562936589226	-569.1984440488384	-379.46562936589226	8.389999999999986	8.389999999999986	189.73281468294613	-8.389999999999986	569.1984440488384	181.3428146829461	8.389999999999986	569.1984440488384	-189.73281468294613	569.1984440488384	-569.1984440488384	8.39	189.7328146829461
498	-468.5839664914927	702.875949737239	234.29198324574634	468.5839664914927	-702.875949737239	-468.5839664914927	8.389999999999986	8.389999999999986	234.29198324574634	-8.389999999999986	702.875949737239	225.90198324574632	8.389999999999986	702.875949737239	-234.29198324574634	702.875949737239	-702.875949737239	8.39	234.2919832457463
499	-329.5658289658923	494.3487434488384	164.78291448294613	329.5658289658923	-494.3487434488384	-329.5658289658923	8.389999999999986	8.389999999999986	164.78291448294613	-8.389999999999986	494.3487434488384	156.39291448294614	8.389999999999986	494.3487434488384	-164.78291448294613	494.3487434488384	-494.3487434488384	8.39	164.78291448294613
500	-275.15934049299136	412.73901073948707	137.5796702464957	275.15934049299136	-412.73901073948707	-275.15934049299136	8.389999999999986	8.389999999999986	137.5796702464957	-8.389999999999986	412.73901073948707	129.18967024649572	8.389999999999986	412.73901073948707	-137.5796702464957	412.73901073948707	-412.73901073948707	8.39	137.57967024649565
501	-516.9399295664921	775.4098943497381	258.46996478324604	516.9399295664921	-775.4098943497381	-516.9399295664921	8.389999999999986	8.389999999999986	258.46996478324604	-8.389999999999986	775.4098943497381	250.07996478324606	8.389999999999986	775.4098943497381	-258.46996478324604	775.4098943497381	-775.4098943497381	8.39	258.46996478324604
502	-317.13764109184194	475.7064616377629	158.56882054592097	317.13764109184194	-475.7064616377629	-317.13764109184194	8.389999999999986	8.389999999999986	158.56882054592097	-8.389999999999986	475.7064616377629	150.17882054592098	8.389999999999986	475.7064616377629	-158.56882054592097	475.7064616377629	-475.7064616377629	8.39	158.56882054592097
503	-273.6124154933407	410.418623240011	136.80620774667034	273.6124154933407	-410.418623240011	-273.6124154933407	8.389999999999986	8.389999999999986	136.80620774667034	-8.389999999999986	410.418623240011	128.41620774667035	8.389999999999986	410.418623240011	-136.80620774667034	410.418623240011	-410.418623240011	8.39	136.80620774667034
504	-268.9747157935891	403.46207369038365	134.48735789679455	268.9747157935891	-403.46207369038365	-268.9747157935891	8.389999999999986	8.389999999999986	134.48735789679455	-8.389999999999986	403.46207369038365	126.09735789679453	8.389999999999986	403.46207369038365	-134.48735789679455	403.46207369038365	-403.46207369038365	8.39	134.48735789679455
505	-467.037041491842	700.555562237763	233.51852074592102	467.037041491842	-700.555562237763	-467.037041491842	8.389999999999986	8.389999999999986	233.51852074592102	-8.389999999999986	700.555562237763	225.128520745921	8.389999999999986	700.555562237763	-233.51852074592102	700.555562237763	-700.555562237763	8.39	233.5185207459209
506	-292.23764069224194	438.3564610383629	146.11882034612097	292.23764069224194	-438.3564610383629	-292.23764069224194	8.389999999999986	8.389999999999986	146.11882034612097	-8.389999999999986	438.3564610383629	137.72882034612098	8.389999999999986	438.3564610383629	-146.11882034612097	438.3564610383629	-438.3564610383629	8.39	146.11882034612097
507	-367.03744149184195	550.5561622377629	183.51872074592097	367.03744149184195	-550.5561622377629	-367.03744149184195	8.389999999999986	8.389999999999986	183.51872074592097	-8.389999999999986	550.5561622377629	175.128720745921	8.389999999999986	550.5561622377629	-183.51872074592097	550.5561622377629	-550.5561622377629	8.39	183.51872074592097
508	-270.51855311858975	405.7778296778846	135.25927655929488	270.51855311858975	-405.7778296778846	-270.51855311858975	8.389999999999986	8.389999999999986	135.25927655929488	-8.389999999999986	405.7778296778846	126.86927655929487	8.389999999999986	405.7778296778846	-135.25927655929488	405.7778296778846	-405.7778296778846	8.39	135.25927655929485
509	-279.81254049284144	419.71881073926215	139.90627024642072	279.81254049284144	-419.71881073926215	-279.81254049284144	8.389999999999986	8.389999999999986	139.90627024642072	-8.389999999999986	419.71881073926215	131.5162702464207	8.389999999999986	419.71881073926215	-139.90627024642072	419.71881073926215	-419.71881073926215	8.39	139.9062702464207
510	-267.43396614323837	401.15094921485746	133.71698307161918	267.43396614323837	-401.15094921485746	-267.43396614323837	8.389999999999986	8.389999999999986	133.71698307161918	-8.389999999999986	401.15094921485746	125.32698307161918	8.389999999999986	401.15094921485746	-133.71698307161918	401.15094921485746	-401.15094921485746	8.39	133.7169830716191
511	-666.268158477851	999.4022377167765	333.1340792389255	666.268158477851	-999.4022377167765	-666.268158477851	8.389999999999986	8.389999999999986	333.1340792389255	-8.389999999999986	999.4022377167765	324.7440792389255	8.389999999999986	999.4022377167765	-333.1340792389255	999.4022377167765	-999.4022377167765	8.39	333.13407923892555
512	-615.9691489289039	923.953723393356	307.984574464452	615.9691489289039	-923.953723393356	-615.9691489289039	8.389999999999986	8.389999999999986	307.984574464452	-8.389999999999986	923.953723393356	299.594574464452	8.389999999999986	923.953723393356	-307.984574464452	923.953723393356	-923.953723393356	8.39	307.98457446445195
513	-659.9443733274028	989.9165599911042	329.9721866637014	659.9443733274028	-989.9165599911042	-659.9443733274028	8.389999999999986	8.389999999999986	329.9721866637014	-8.389999999999986	989.9165599911042	321.5821866637014	8.389999999999986	989.9165599911042	-329.9721866637014	989.9165599911042	-989.9165599911042	8.39	329.9721866637014
514	-565.8693493289041	848.8040239933563	282.9346746644521	565.8693493289041	-848.8040239933563	-565.8693493289041	8.389999999999986	8.389999999999986	282.9346746644521	-8.389999999999986	848.8040239933563	274.5446746644521	8.389999999999986	848.8040239933563	-282.9346746644521	848.8040239933563	-848.8040239933563	8.39	282.93467466445213
515	-663.100735952152	994.651103928228	331.550367976076	663.100735952152	-994.651103928228	-663.100735952152	8.389999999999986	8.389999999999986	331.550367976076	-8.389999999999986	994.651103928228	323.16036797607603	8.389999999999986	994.651103928228	-331.550367976076	994.651103928228	-994.651103928228	8.39	331.550367976076
516	-664.6820736271513	997.023110440727	332.34103681357567	664.6820736271513	-997.023110440727	-664.6820736271513	8.389999999999986	8.389999999999986	332.34103681357567	-8.389999999999986	997.023110440727	323.9510368135757	8.389999999999986	997.023110440727	-332.34103681357567	997.023110440727	-997.023110440727	8.39	332.34103681357567
517	-465.86974932890416	698.8046239933562	232.93487466445208	465.86974932890416	-698.8046239933562	-465.86974932890416	8.389999999999986	8.389999999999986	232.93487466445208	-8.389999999999986	698.8046239933562	224.5448746644521	8.389999999999986	698.8046239933562	-232.93487466445208	698.8046239933562	-698.8046239933562	8.39	232.93487466445208
518	-641.0691485285042	961.6037227927566	320.53457426425217	641.0691485285042	-961.6037227927566	-641.0691485285042	8.389999999999986	8.389999999999986	320.53457426425217	-8.389999999999986	961.6037227927566	312.1445742642522	8.389999999999986	961.6037227927566	-320.53457426425217	961.6037227927566	-961.6037227927566	8.39	320.53457426425217
519	-653.6442483279038	980.466372491856	326.82212416395197	653.6442483279038	-980.466372491856	-653.6442483279038	8.389999999999986	8.389999999999986	326.82212416395197	-8.389999999999986	980.466372491856	318.432124163952	8.389999999999986	980.466372491856	-326.82212416395197	980.466372491856	-980.466372491856	8.39	326.82212416395197
520	-665.4743238023259	998.2114857034888	332.73716190116295	665.4743238023259	-998.2114857034888	-665.4743238023259	8.389999999999986	8.389999999999986	332.73716190116295	-8.389999999999986	998.2114857034888	324.34716190116296	8.389999999999986	998.2114857034888	-332.73716190116295	998.2114857034888	-998.2114857034888	8.39	332.73716190116295
521	-462.71497120450533	694.072456806758	231.35748560225267	462.71497120450533	-694.072456806758	-462.71497120450533	8.389999999999986	8.389999999999986	231.35748560225267	-8.389999999999986	694.072456806758	222.96748560225268	8.389999999999986	694.072456806758	-231.35748560225267	694.072456806758	-694.072456806758	8.39	231.35748560225272
522	-464.28999615425516	696.4349942313827	232.14499807712758	464.28999615425516	-696.4349942313827	-464.28999615425516	8.389999999999986	8.389999999999986	232.14499807712758	-8.389999999999986	696.4349942313827	223.7549980771276	8.389999999999986	696.4349942313827	-232.14499807712758	696.4349942313827	-696.4349942313827	8.39	232.14499807712752
523	-415.77153422925437	623.6573013438815	207.88576711462719	415.77153422925437	-623.6573013438815	-415.77153422925437	8.389999999999986	8.389999999999986	207.88576711462719	-8.389999999999986	623.6573013438815	199.49576711462717	8.389999999999986	623.6573013438815	-207.88576711462719	623.6573013438815	-623.6573013438815	8.39	207.88576711462719
524	-612.8143708045054	919.2215562067581	306.4071854022527	612.8143708045054	-919.2215562067581	-612.8143708045054	8.389999999999986	8.389999999999986	306.4071854022527	-8.389999999999986	919.2215562067581	298.0171854022527	8.389999999999986	919.2215562067581	-306.4071854022527	919.2215562067581	-919.2215562067581	8.39	306.4071854022527
525	-639.4893953538553	959.234093030783	319.7446976769277	639.4893953538553	-959.234093030783	-639.4893953538553	8.389999999999986	8.389999999999986	319.7446976769277	-8.389999999999986	959.234093030783	311.3546976769277	8.389999999999986	959.234093030783	-319.7446976769277	959.234093030783	-959.234093030783	8.39	319.74469767692773
526	-614.3893957542551	921.5840936313829	307.1946978771276	614.3893957542551	-921.5840936313829	-614.3893957542551	8.389999999999986	8.389999999999986	307.1946978771276	-8.389999999999986	921.5840936313829	298.80469787712764	8.389999999999986	921.5840936313829	-307.1946978771276	921.5840936313829	-921.5840936313829	8.39	307.1946978771276
527	-661.520982777503	992.2814741662547	330.7604913887516	661.520982777503	-992.2814741662547	-661.520982777503	8.389999999999986	8.389999999999986	330.7604913887516	-8.389999999999986	992.2814741662547	322.3704913887516	8.389999999999986	992.2814741662547	-330.7604913887516	992.2814741662547	-992.2814741662547	8.39	330.7604913887516
528	-459.5712088297554	689.3568132446331	229.7856044148777	459.5712088297554	-689.3568132446331	-459.5712088297554	8.389999999999986	8.389999999999986	229.7856044148777	-8.389999999999986	689.3568132446331	221.3956044148777	8.389999999999986	689.3568132446331	-229.7856044148777	689.3568132446331	-689.3568132446331	8.39	229.78560441487775
529	-465.0790836540799	697.6186254811199	232.53954182703995	465.0790836540799	-697.6186254811199	-465.0790836540799	8.389999999999986	8.389999999999986	232.53954182703995	-8.389999999999986	697.6186254811199	224.14954182703997	8.389999999999986	697.6186254811199	-232.53954182703995	697.6186254811199	-697.6186254811199	8.39	232.53954182704
530	-365.8717338292545	548.8076007438817	182.93586691462724	365.8717338292545	-548.8076007438817	-365.8717338292545	8.389999999999986	8.389999999999986	182.93586691462724	-8.389999999999986	548.8076007438817	174.54586691462723	8.389999999999986	548.8076007438817	-182.93586691462724	548.8076007438817	-548.8076007438817	8.39	182.93586691462724
531	-440.7713342296545	661.1570013444817	220.38566711482724	440.7713342296545	-661.1570013444817	-440.7713342296545	8.389999999999986	8.389999999999986	220.38566711482724	-8.389999999999986	661.1570013444817	211.99566711482723	8.389999999999986	661.1570013444817	-220.38566711482724	661.1570013444817	-661.1570013444817	8.39	220.38566711482724
532	-609.6706084297554	914.505912644633	304.8353042148777	609.6706084297554	-914.505912644633	-609.6706084297554	8.389999999999986	8.389999999999986	304.8353042148777	-8.389999999999986	914.505912644633	296.4453042148777	8.389999999999986	914.505912644633	-304.8353042148777	914.505912644633	-914.505912644633	8.39	304.8353042148776
533	-637.9143704041055	956.8715556061583	318.95718520205276	637.9143704041055	-956.8715556061583	-637.9143704041055	8.389999999999986	8.389999999999986	318.95718520205276	-8.389999999999986	956.8715556061583	310.56718520205277	8.389999999999986	956.8715556061583	-318.95718520205276	956.8715556061583	-956.8715556061583	8.39	318.95718520205276
534	-650.4894702035051	975.7342053052577	325.24473510175255	650.4894702035051	-975.7342053052577	-650.4894702035051	8.389999999999986	8.389999999999986	325.24473510175255	-8.389999999999986	975.7342053052577	316.85473510175257	8.389999999999986	975.7342053052577	-325.24473510175255	975.7342053052577	-975.7342053052577	8.39	325.24473510175255
535	-652.064495153255	978.0967427298825	326.0322475766275	652.064495153255	-978.0967427298825	-652.064495153255	8.389999999999986	8.389999999999986	326.0322475766275	-8.389999999999986	978.0967427298825	317.6422475766275	8.389999999999986	978.0967427298825	-326.0322475766275	978.0967427298825	-978.0967427298825	8.39	326.0322475766276
536	-662.3100702773278	993.4651054159916	331.1550351386639	662.3100702773278	-993.4651054159916	-662.3100702773278	8.389999999999986	8.389999999999986	331.1550351386639	-8.389999999999986	993.4651054159916	322.76503513866385	8.389999999999986	993.4651054159916	-331.1550351386639	993.4651054159916	-993.4651054159916	8.39	331.15503513866395
537	-663.8914079523271	995.8371119284906	331.94570397616354	663.8914079523271	-995.8371119284906	-663.8914079523271	8.389999999999986	8.389999999999986	331.94570397616354	-8.389999999999986	995.8371119284906	323.5557039761635	8.389999999999986	995.8371119284906	-331.94570397616354	995.8371119284906	-995.8371119284906	8.39	331.9457039761636
538	-453.2962340298549	679.9443510447824	226.64811701492744	453.2962340298549	-679.9443510447824	-453.2962340298549	8.389999999999986	8.389999999999986	226.64811701492744	-8.389999999999986	679.9443510447824	218.25811701492745	8.389999999999986	679.9443510447824	-226.64811701492744	679.9443510447824	-679.9443510447824	8.39	226.6481170149275
539	-515.7711342292545	773.6567013438818	257.88556711462724	515.7711342292545	-773.6567013438818	-515.7711342292545	8.389999999999986	8.389999999999986	257.88556711462724	-8.389999999999986	773.6567013438818	249.49556711462725	8.389999999999986	773.6567013438818	-257.88556711462724	773.6567013438818	-773.6567013438818	8.39	257.8855671146273
540	-553.295834029855	829.9437510447825	276.6479170149275	553.295834029855	-829.9437510447825	-553.295834029855	8.389999999999986	8.389999999999986	276.6479170149275	-8.389999999999986	829.9437510447825	268.2579170149275	8.389999999999986	829.9437510447825	-276.6479170149275	829.9437510447825	-829.9437510447825	8.39	276.6479170149275
541	-559.5708088297555	839.3562132446333	279.78540441487775	559.5708088297555	-839.3562132446333	-559.5708088297555	8.389999999999986	8.389999999999986	279.78540441487775	-8.389999999999986	839.3562132446333	271.39540441487776	8.389999999999986	839.3562132446333	-279.78540441487775	839.3562132446333	-839.3562132446333	8.39	279.78540441487775
542	-564.2895961542553	846.434394231383	282.14479807712763	564.2895961542553	-846.434394231383	-564.2895961542553	8.389999999999986	8.389999999999986	282.14479807712763	-8.389999999999986	846.434394231383	273.75479807712765	8.389999999999986	846.434394231383	-282.14479807712763	846.434394231383	-846.434394231383	8.39	282.14479807712763
543	-565.07868365408	847.6180254811201	282.53934182704	565.07868365408	-847.6180254811201	-565.07868365408	8.389999999999986	8.389999999999986	282.53934182704	-8.389999999999986	847.6180254811201	274.14934182704	8.389999999999986	847.6180254811201	-282.53934182704	847.6180254811201	-847.6180254811201	8.39	282.53934182704
544	-628.4956332294549	942.7434498441825	314.24781661472747	628.4956332294549	-942.7434498441825	-628.4956332294549	8.389999999999986	8.389999999999986	314.24781661472747	-8.389999999999986	942.7434498441825	305.8578166147275	8.389999999999986	942.7434498441825	-314.24781661472747	942.7434498441825	-942.7434498441825	8.39	314.24781661472747
545	-634.7706080293555	952.1559120440332	317.38530401467773	634.7706080293555	-952.1559120440332	-634.7706080293555	8.389999999999986	8.389999999999986	317.38530401467773	-8.389999999999986	952.1559120440332	308.99530401467774	8.389999999999986	952.1559120440332	-317.38530401467773	952.1559120440332	-952.1559120440332	8.39	317.38530401467773
546	-640.27848285368	960.41772428052	320.13924142684	640.27848285368	-960.41772428052	-640.27848285368	8.389999999999986	8.389999999999986	320.13924142684	-8.389999999999986	960.41772428052	311.74924142684	8.389999999999986	960.41772428052	-320.13924142684	960.41772428052	-960.41772428052	8.39	320.13924142684
547	-647.345707828755	971.0185617431326	323.6728539143775	647.345707828755	-971.0185617431326	-647.345707828755	8.389999999999986	8.389999999999986	323.6728539143775	-8.389999999999986	971.0185617431326	315.28285391437754	8.389999999999986	971.0185617431326	-323.6728539143775	971.0185617431326	-971.0185617431326	8.39	323.6728539143775
548	-652.8535826530796	979.2803739796194	326.4267913265398	652.8535826530796	-979.2803739796194	-652.8535826530796	8.389999999999986	8.389999999999986	326.4267913265398	-8.389999999999986	979.2803739796194	318.0367913265398	8.389999999999986	979.2803739796194	-326.4267913265398	979.2803739796194	-979.2803739796194	8.39	326.4267913265398
549	-658.3646201527539	987.5469302291309	329.18231007637695	658.3646201527539	-987.5469302291309	-658.3646201527539	8.389999999999986	8.389999999999986	329.18231007637695	-8.389999999999986	987.5469302291309	320.79231007637696	8.389999999999986	987.5469302291309	-329.18231007637695	987.5469302291309	-987.5469302291309	8.39	329.18231007637695
550	-540.7709342296545	811.1564013444819	270.3854671148273	540.7709342296545	-811.1564013444819	-540.7709342296545	8.389999999999986	8.389999999999986	270.3854671148273	-8.389999999999986	811.1564013444819	261.9954671148273	8.389999999999986	811.1564013444819	-270.3854671148273	811.1564013444819	-811.1564013444819	8.39	270.3854671148273
551	-562.7145712045054	844.0718568067583	281.3572856022528	562.7145712045054	-844.0718568067583	-562.7145712045054	8.389999999999986	8.389999999999986	281.3572856022528	-8.389999999999986	844.0718568067583	272.9672856022528	8.389999999999986	844.0718568067583	-281.3572856022528	844.0718568067583	-844.0718568067583	8.39	281.3572856022528
552	-590.8707338296546	886.306100744482	295.43536691482734	590.8707338296546	-886.306100744482	-590.8707338296546	8.389999999999986	8.389999999999986	295.43536691482734	-8.389999999999986	886.306100744482	287.04536691482735	8.389999999999986	886.306100744482	-295.43536691482734	886.306100744482	-886.306100744482	8.39	295.43536691482734
553	-603.395633629855	905.0934504447824	301.6978168149275	603.395633629855	-905.0934504447824	-603.395633629855	8.389999999999986	8.389999999999986	301.6978168149275	-8.389999999999986	905.0934504447824	293.3078168149275	8.389999999999986	905.0934504447824	-301.6978168149275	905.0934504447824	-905.0934504447824	8.39	301.69781681492753
554	-615.1784832540798	922.7677248811196	307.5892416270399	615.1784832540798	-922.7677248811196	-615.1784832540798	8.389999999999986	8.389999999999986	307.5892416270399	-8.389999999999986	922.7677248811196	299.1992416270399	8.389999999999986	922.7677248811196	-307.5892416270399	922.7677248811196	-922.7677248811196	8.39	307.58924162703994
555	-656.7895952030042	985.1843928045063	328.3947976015021	656.7895952030042	-985.1843928045063	-656.7895952030042	8.389999999999986	8.389999999999986	328.3947976015021	-8.389999999999986	985.1843928045063	320.0047976015021	8.389999999999986	985.1843928045063	-328.3947976015021	985.1843928045063	-985.1843928045063	8.39	328.39479760150215
556	-659.1537076525785	988.7305614788678	329.57685382628927	659.1537076525785	-988.7305614788678	-659.1537076525785	8.389999999999986	8.389999999999986	329.57685382628927	-8.389999999999986	988.7305614788678	321.1868538262893	8.389999999999986	988.7305614788678	-329.57685382628927	988.7305614788678	-988.7305614788678	8.39	329.5768538262893
557	-622.2222366045539	933.3333549068309	311.11111830227696	622.2222366045539	-933.3333549068309	-622.2222366045539	8.389999999999986	8.389999999999986	311.11111830227696	-8.389999999999986	933.3333549068309	302.721118302277	8.389999999999986	933.3333549068309	-311.11111830227696	933.3333549068309	-933.3333549068309	8.39	311.111118302277
558	-514.1976874545043	771.2965311817562	257.0988437272521	514.1976874545043	-771.2965311817562	-514.1976874545043	8.389999999999986	8.389999999999986	257.0988437272521	-8.389999999999986	771.2965311817562	248.7088437272521	8.389999999999986	771.2965311817562	-257.0988437272521	771.2965311817562	-771.2965311817562	8.39	257.0988437272521
559	-551.7223872551048	827.5835808826572	275.8611936275524	551.7223872551048	-827.5835808826572	-551.7223872551048	8.389999999999986	8.389999999999986	275.8611936275524	-8.389999999999986	827.5835808826572	267.4711936275524	8.389999999999986	827.5835808826572	-275.8611936275524	827.5835808826572	-827.5835808826572	8.39	275.8611936275524
560	-557.9973620550053	836.996043082508	278.99868102750264	557.9973620550053	-836.996043082508	-557.9973620550053	8.389999999999986	8.389999999999986	278.99868102750264	-8.389999999999986	836.996043082508	270.60868102750266	8.389999999999986	836.996043082508	-278.99868102750264	836.996043082508	-836.996043082508	8.39	278.99868102750264
561	-601.8221868551049	902.7332802826573	300.91109342755243	601.8221868551049	-902.7332802826573	-601.8221868551049	8.389999999999986	8.389999999999986	300.91109342755243	-8.389999999999986	902.7332802826573	292.52109342755244	8.389999999999986	902.7332802826573	-300.91109342755243	902.7332802826573	-902.7332802826573	8.39	300.91109342755243
562	-606.5284242300048	909.7926363450073	303.2642121150024	606.5284242300048	-909.7926363450073	-606.5284242300048	8.389999999999986	8.389999999999986	303.2642121150024	-8.389999999999986	909.7926363450073	294.8742121150024	8.389999999999986	909.7926363450073	-303.2642121150024	909.7926363450073	-909.7926363450073	8.39	303.2642121150024
563	-626.9221864547047	940.3832796820572	313.46109322735236	626.9221864547047	-940.3832796820572	-626.9221864547047	8.389999999999986	8.389999999999986	313.46109322735236	-8.389999999999986	940.3832796820572	305.0710932273524	8.389999999999986	940.3832796820572	-313.46109322735236	940.3832796820572	-940.3832796820572	8.39	313.46109322735236
564	-633.1971612546052	949.7957418819079	316.5985806273026	633.1971612546052	-949.7957418819079	-633.1971612546052	8.389999999999986	8.389999999999986	316.5985806273026	-8.389999999999986	949.7957418819079	308.20858062730264	8.389999999999986	949.7957418819079	-316.5985806273026	949.7957418819079	-949.7957418819079	8.39	316.5985806273026
565	-636.3409236293554	954.5113854440332	318.1704618146777	636.3409236293554	-954.5113854440332	-636.3409236293554	8.389999999999986	8.389999999999986	318.1704618146777	-8.389999999999986	954.5113854440332	309.7804618146777	8.389999999999986	954.5113854440332	-318.1704618146777	954.5113854440332	-954.5113854440332	8.39	318.1704618146777
566	-638.7018860290303	958.0528290435456	319.35094301451517	638.7018860290303	-958.0528290435456	-638.7018860290303	8.389999999999986	8.389999999999986	319.35094301451517	-8.389999999999986	958.0528290435456	310.9609430145152	8.389999999999986	958.0528290435456	-319.35094301451517	958.0528290435456	-958.0528290435456	8.39	319.35094301451517
567	-645.7722610540048	968.6583915810073	322.8861305270024	645.7722610540048	-968.6583915810073	-645.7722610540048	8.389999999999986	8.389999999999986	322.8861305270024	-8.389999999999986	968.6583915810073	314.49613052700244	8.389999999999986	968.6583915810073	-322.8861305270024	968.6583915810073	-968.6583915810073	8.39	322.8861305270024
568	-651.2769858284299	976.915478742645	325.63849291421496	651.2769858284299	-976.915478742645	-651.2769858284299	8.389999999999986	8.389999999999986	325.63849291421496	-8.389999999999986	976.915478742645	317.248492914215	8.389999999999986	976.915478742645	-325.63849291421496	976.915478742645	-976.915478742645	8.39	325.63849291421496
569	-655.2161484282541	982.8242226423812	327.60807421412704	655.2161484282541	-982.8242226423812	-655.2161484282541	8.389999999999986	8.389999999999986	327.60807421412704	-8.389999999999986	982.8242226423812	319.21807421412706	8.389999999999986	982.8242226423812	-327.60807421412704	982.8242226423812	-982.8242226423812	8.39	327.60807421412704
570	-390.773312403854	586.1599686057809	195.386656201927	390.773312403854	-586.1599686057809	-390.773312403854	8.389999999999986	8.389999999999986	195.386656201927	-8.389999999999986	586.1599686057809	186.99665620192698	8.389999999999986	586.1599686057809	-195.386656201927	586.1599686057809	-586.1599686057809	8.39	195.386656201927
571	-514.9836249044296	772.4754373566443	257.4918124522148	514.9836249044296	-772.4754373566443	-514.9836249044296	8.389999999999986	8.389999999999986	257.4918124522148	-8.389999999999986	772.4754373566443	249.10181245221477	8.389999999999986	772.4754373566443	-257.4918124522148	772.4754373566443	-772.4754373566443	8.39	257.4918124522148
572	-539.1974874549044	808.7962311823566	269.5987437274522	539.1974874549044	-808.7962311823566	-539.1974874549044	8.389999999999986	8.389999999999986	269.5987437274522	-8.389999999999986	808.7962311823566	261.2087437274522	8.389999999999986	808.7962311823566	-269.5987437274522	808.7962311823566	-808.7962311823566	8.39	269.59874372745224
573	-649.70196087868	974.55294131802	324.85098043934	649.70196087868	-974.55294131802	-649.70196087868	8.389999999999986	8.389999999999986	324.85098043934	-8.389999999999986	974.55294131802	316.46098043934	8.389999999999986	974.55294131802	-324.85098043934	974.55294131802	-974.55294131802	8.39	324.85098043934005
574	-437.629150029904	656.443725044856	218.81457501495203	437.629150029904	-656.443725044856	-437.629150029904	8.389999999999986	8.389999999999986	218.81457501495203	-8.389999999999986	656.443725044856	210.424575014952	8.389999999999986	656.443725044856	-218.81457501495203	656.443725044856	-656.443725044856	8.39	218.81457501495197
575	-439.9838249048294	659.9757373572442	219.9919124524147	439.9838249048294	-659.9757373572442	-439.9838249048294	8.389999999999986	8.389999999999986	219.9919124524147	-8.389999999999986	659.9757373572442	211.60191245241475	8.389999999999986	659.9757373572442	-219.9919124524147	659.9757373572442	-659.9757373572442	8.39	219.99191245241468
576	-552.50832470503	828.762487057545	276.254162352515	552.50832470503	-828.762487057545	-552.50832470503	8.389999999999986	8.389999999999986	276.254162352515	-8.389999999999986	828.762487057545	267.864162352515	8.389999999999986	828.762487057545	-276.254162352515	828.762487057545	-828.762487057545	8.39	276.254162352515
577	-561.1411244297553	841.711686644633	280.57056221487767	561.1411244297553	-841.711686644633	-561.1411244297553	8.389999999999986	8.389999999999986	280.57056221487767	-8.389999999999986	841.711686644633	272.1805622148777	8.389999999999986	841.711686644633	-280.57056221487767	841.711686644633	-841.711686644633	8.39	280.57056221487767
578	-563.5020868294303	845.2531302441454	281.7510434147151	563.5020868294303	-845.2531302441454	-563.5020868294303	8.389999999999986	8.389999999999986	281.7510434147151	-8.389999999999986	845.2531302441454	273.36104341471514	8.389999999999986	845.2531302441454	-281.7510434147151	845.2531302441454	-845.2531302441454	8.39	281.7510434147151
579	-578.3474122044538	867.5211183066807	289.1737061022269	578.3474122044538	-867.5211183066807	-578.3474122044538	8.389999999999986	8.389999999999986	289.1737061022269	-8.389999999999986	867.5211183066807	280.7837061022269	8.389999999999986	867.5211183066807	-289.1737061022269	867.5211183066807	-867.5211183066807	8.39	289.1737061022269
580	-589.2972870549045	883.9459305823567	294.64864352745224	589.2972870549045	-883.9459305823567	-589.2972870549045	8.389999999999986	8.389999999999986	294.64864352745224	-8.389999999999986	883.9459305823567	286.25864352745225	8.389999999999986	883.9459305823567	-294.64864352745224	883.9459305823567	-883.9459305823567	8.39	294.64864352745224
581	-612.0268614796803	918.0402922195204	306.01343073984015	612.0268614796803	-918.0402922195204	-612.0268614796803	8.389999999999986	8.389999999999986	306.01343073984015	-8.389999999999986	918.0402922195204	297.62343073984016	8.389999999999986	918.0402922195204	-306.01343073984015	918.0402922195204	-918.0402922195204	8.39	306.01343073984015
582	-627.7081239046299	941.5621858569449	313.85406195231496	627.7081239046299	-941.5621858569449	-627.7081239046299	8.389999999999986	8.389999999999986	313.85406195231496	-8.389999999999986	941.5621858569449	305.464061952315	8.389999999999986	941.5621858569449	-313.85406195231496	941.5621858569449	-941.5621858569449	8.39	313.85406195231496
583	-657.5771108279289	986.3656662418933	328.78855541396445	657.5771108279289	-986.3656662418933	-657.5771108279289	8.389999999999986	8.389999999999986	328.78855541396445	-8.389999999999986	986.3656662418933	320.39855541396446	8.389999999999986	986.3656662418933	-328.78855541396445	986.3656662418933	-986.3656662418933	8.39	328.78855541396445
584	-340.87351200385416	511.31026800578127	170.43675600192708	340.87351200385416	-511.31026800578127	-340.87351200385416	8.389999999999986	8.389999999999986	170.43675600192708	-8.389999999999986	511.31026800578127	162.04675600192706	8.389999999999986	511.31026800578127	-170.43675600192708	511.31026800578127	-511.31026800578127	8.39	170.4367560019271
585	-365.08422450442947	547.6263367566443	182.54211225221476	365.08422450442947	-547.6263367566443	-365.08422450442947	8.389999999999986	8.389999999999986	182.54211225221476	-8.389999999999986	547.6263367566443	174.15211225221475	8.389999999999986	547.6263367566443	-182.54211225221476	547.6263367566443	-547.6263367566443	8.39	182.54211225221474
586	-412.629350029504	618.944025044256	206.314675014752	412.629350029504	-618.944025044256	-412.629350029504	8.389999999999986	8.389999999999986	206.314675014752	-8.389999999999986	618.944025044256	197.92467501475198	8.389999999999986	618.944025044256	-206.314675014752	618.944025044256	-618.944025044256	8.39	206.31467501475203
587	-414.9840249044294	622.4760373566442	207.4920124522147	414.9840249044294	-622.4760373566442	-414.9840249044294	8.389999999999986	8.389999999999986	207.4920124522147	-8.389999999999986	622.4760373566442	199.1020124522147	8.389999999999986	622.4760373566442	-207.4920124522147	622.4760373566442	-622.4760373566442	8.39	207.49201245221474
588	-534.4975376047537	801.7463064071306	267.2487688023769	534.4975376047537	-801.7463064071306	-534.4975376047537	8.389999999999986	8.389999999999986	267.2487688023769	-8.389999999999986	801.7463064071306	258.8587688023769	8.389999999999986	801.7463064071306	-267.2487688023769	801.7463064071306	-801.7463064071306	8.39	267.2487688023769
589	-537.628750029904	806.4431250448562	268.8143750149521	537.628750029904	-806.4431250448562	-537.628750029904	8.389999999999986	8.389999999999986	268.8143750149521	-8.389999999999986	806.4431250448562	260.4243750149521	8.389999999999986	806.4431250448562	-268.8143750149521	806.4431250448562	-806.4431250448562	8.39	268.8143750149521
590	-539.9834249048295	809.9751373572443	269.9917124524148	539.9834249048295	-809.9751373572443	-539.9834249048295	8.389999999999986	8.389999999999986	269.9917124524148	-8.389999999999986	809.9751373572443	261.6017124524148	8.389999999999986	809.9751373572443	-269.9917124524148	809.9751373572443	-809.9751373572443	8.39	269.9917124524148
591	-550.1536498301043	825.2304747451566	275.0768249150522	550.1536498301043	-825.2304747451566	-550.1536498301043	8.389999999999986	8.389999999999986	275.0768249150522	-8.389999999999986	825.2304747451566	266.6868249150522	8.389999999999986	825.2304747451566	-275.0768249150522	825.2304747451566	-825.2304747451566	8.39	275.0768249150522
592	-556.4286246300048	834.6429369450074	278.2143123150025	556.4286246300048	-834.6429369450074	-556.4286246300048	8.389999999999986	8.389999999999986	278.2143123150025	-8.389999999999986	834.6429369450074	269.8243123150025	8.389999999999986	834.6429369450074	-278.2143123150025	834.6429369450074	-834.6429369450074	8.39	278.2143123150025
593	-561.9270618796804	842.8905928195207	280.96353093984027	561.9270618796804	-842.8905928195207	-561.9270618796804	8.389999999999986	8.389999999999986	280.96353093984027	-8.389999999999986	842.8905928195207	272.5735309398403	8.389999999999986	842.8905928195207	-280.96353093984027	842.8905928195207	-842.8905928195207	8.39	280.96353093984027
594	-584.5973372047538	876.8960058071308	292.29866860237695	584.5973372047538	-876.8960058071308	-584.5973372047538	8.389999999999986	8.389999999999986	292.29866860237695	-8.389999999999986	876.8960058071308	283.90866860237696	8.389999999999986	876.8960058071308	-292.29866860237695	876.8960058071308	-876.8960058071308	8.39	292.29866860237695
595	-587.7285496299041	881.5928244448563	293.8642748149521	587.7285496299041	-881.5928244448563	-587.7285496299041	8.389999999999986	8.389999999999986	293.8642748149521	-8.389999999999986	881.5928244448563	285.47427481495214	8.389999999999986	881.5928244448563	-293.8642748149521	881.5928244448563	-881.5928244448563	8.39	293.8642748149521
596	-590.0832245048296	885.1248367572445	295.04161225241484	590.0832245048296	-885.1248367572445	-590.0832245048296	8.389999999999986	8.389999999999986	295.04161225241484	-8.389999999999986	885.1248367572445	286.65161225241485	8.389999999999986	885.1248367572445	-295.04161225241484	885.1248367572445	-885.1248367572445	8.39	295.04161225241484
597	-597.1222370049541	895.6833555074312	298.5611185024771	597.1222370049541	-895.6833555074312	-597.1222370049541	8.389999999999986	8.389999999999986	298.5611185024771	-8.389999999999986	895.6833555074312	290.1711185024771	8.389999999999986	895.6833555074312	-298.5611185024771	895.6833555074312	-895.6833555074312	8.39	298.5611185024771
598	-600.2534494301044	900.3801741451567	300.12672471505226	600.2534494301044	-900.3801741451567	-600.2534494301044	8.389999999999986	8.389999999999986	300.12672471505226	-8.389999999999986	900.3801741451567	291.7367247150523	8.389999999999986	900.3801741451567	-300.12672471505226	900.3801741451567	-900.3801741451567	8.39	300.12672471505226
599	-608.8830991049302	913.3246486573954	304.4415495524651	608.8830991049302	-913.3246486573954	-608.8830991049302	8.389999999999986	8.389999999999986	304.4415495524651	-8.389999999999986	913.3246486573954	296.05154955246513	8.389999999999986	913.3246486573954	-304.4415495524651	913.3246486573954	-913.3246486573954	8.39	304.4415495524651
600	-613.6018864294301	920.4028296441453	306.8009432147151	613.6018864294301	-920.4028296441453	-613.6018864294301	8.389999999999986	8.389999999999986	306.8009432147151	-8.389999999999986	920.4028296441453	298.41094321471513	8.389999999999986	920.4028296441453	-306.8009432147151	920.4028296441453	-920.4028296441453	8.39	306.8009432147151
601	-625.3534490297043	938.0301735445565	312.6767245148522	625.3534490297043	-938.0301735445565	-625.3534490297043	8.389999999999986	8.389999999999986	312.6767245148522	-8.389999999999986	938.0301735445565	304.2867245148522	8.389999999999986	938.0301735445565	-312.6767245148522	938.0301735445565	-938.0301735445565	8.39	312.6767245148522
602	-631.6284238296048	947.4426357444073	315.81421191480246	631.6284238296048	-947.4426357444073	-631.6284238296048	8.389999999999986	8.389999999999986	315.81421191480246	-8.389999999999986	947.4426357444073	307.42421191480247	8.389999999999986	947.4426357444073	-315.81421191480246	947.4426357444073	-947.4426357444073	8.39	315.81421191480246
603	-644.2035236290044	966.3052854435067	322.10176181450225	644.2035236290044	-966.3052854435067	-644.2035236290044	8.389999999999986	8.389999999999986	322.10176181450225	-8.389999999999986	966.3052854435067	313.71176181450227	8.389999999999986	966.3052854435067	-322.10176181450225	966.3052854435067	-966.3052854435067	8.39	322.10176181450225
604	-660.733473452678	991.1002101790172	330.36673672633907	660.733473452678	-991.1002101790172	-660.733473452678	8.389999999999986	8.389999999999986	330.36673672633907	-8.389999999999986	991.1002101790172	321.9767367263391	8.389999999999986	991.1002101790172	-330.36673672633907	991.1002101790172	-991.1002101790172	8.39	330.36673672633907
605	-450.1540498301044	675.2310747451565	225.07702491505222	450.1540498301044	-675.2310747451565	-450.1540498301044	8.389999999999986	8.389999999999986	225.07702491505222	-8.389999999999986	675.2310747451565	216.6870249150522	8.389999999999986	675.2310747451565	-225.07702491505222	675.2310747451565	-675.2310747451565	8.39	225.0770249150521
606	-451.7227872551048	677.5841808826572	225.8613936275524	451.7227872551048	-677.5841808826572	-451.7227872551048	8.389999999999986	8.389999999999986	225.8613936275524	-8.389999999999986	677.5841808826572	217.47139362755237	8.389999999999986	677.5841808826572	-225.8613936275524	677.5841808826572	-677.5841808826572	8.39	225.8613936275524
607	-458.7836995049303	688.1755492573955	229.3918497524652	458.7836995049303	-688.1755492573955	-458.7836995049303	8.389999999999986	8.389999999999986	229.3918497524652	-8.389999999999986	688.1755492573955	221.00184975246518	8.389999999999986	688.1755492573955	-229.3918497524652	688.1755492573955	-688.1755492573955	8.39	229.39184975246508
608	-315.9735116042541	473.96026740638115	157.98675580212705	315.9735116042541	-473.96026740638115	-315.9735116042541	8.389999999999986	8.389999999999986	157.98675580212705	-8.389999999999986	473.96026740638115	149.59675580212703	8.389999999999986	473.96026740638115	-157.98675580212705	473.96026740638115	-473.96026740638115	8.39	157.98675580212702
609	-353.34841220405383	530.0226183060807	176.67420610202691	353.34841220405383	-530.0226183060807	-353.34841220405383	8.389999999999986	8.389999999999986	176.67420610202691	-8.389999999999986	530.0226183060807	168.2842061020269	8.389999999999986	530.0226183060807	-176.67420610202691	530.0226183060807	-530.0226183060807	8.39	176.6742061020269
610	-409.4981376043537	614.2472064065305	204.74906880217685	409.4981376043537	-614.2472064065305	-409.4981376043537	8.389999999999986	8.389999999999986	204.74906880217685	-8.389999999999986	614.2472064065305	196.35906880217684	8.389999999999986	614.2472064065305	-204.74906880217685	614.2472064065305	-614.2472064065305	8.39	204.74906880217682
611	-447.0228374049542	670.5342561074312	223.5114187024771	447.0228374049542	-670.5342561074312	-447.0228374049542	8.389999999999986	8.389999999999986	223.5114187024771	-8.389999999999986	670.5342561074312	215.1214187024771	8.389999999999986	670.5342561074312	-223.5114187024771	670.5342561074312	-670.5342561074312	8.39	223.51141870247707
612	-452.50872470503	678.7630870575449	226.254362352515	452.50872470503	-678.7630870575449	-452.50872470503	8.389999999999986	8.389999999999986	226.254362352515	-8.389999999999986	678.7630870575449	217.86436235251497	8.389999999999986	678.7630870575449	-226.254362352515	678.7630870575449	-678.7630870575449	8.39	226.25436235251496
613	-456.4290246300051	684.6435369450076	228.21451231500254	456.4290246300051	-684.6435369450076	-456.4290246300051	8.389999999999986	8.389999999999986	228.21451231500254	-8.389999999999986	684.6435369450076	219.82451231500252	8.389999999999986	684.6435369450076	-228.21451231500254	684.6435369450076	-684.6435369450076	8.39	228.2145123150025
614	-457.9977620550052	686.9966430825077	228.9988810275026	457.9977620550052	-686.9966430825077	-457.9977620550052	8.389999999999986	8.389999999999986	228.9988810275026	-8.389999999999986	686.9966430825077	220.60888102750258	8.389999999999986	686.9966430825077	-228.9988810275026	686.9966430825077	-686.9966430825077	8.39	228.99888102750256
615	-461.92746187968044	692.8911928195207	230.96373093984022	461.92746187968044	-692.8911928195207	-461.92746187968044	8.389999999999986	8.389999999999986	230.96373093984022	-8.389999999999986	692.8911928195207	222.5737309398402	8.389999999999986	692.8911928195207	-230.96373093984022	692.8911928195207	-692.8911928195207	8.39	230.9637309398402
616	-463.50248682943027	695.2537302441453	231.75124341471513	463.50248682943027	-695.2537302441453	-463.50248682943027	8.389999999999986	8.389999999999986	231.75124341471513	-8.389999999999986	695.2537302441453	223.36124341471512	8.389999999999986	695.2537302441453	-231.75124341471513	695.2537302441453	-695.2537302441453	8.39	231.7512434147151
617	-528.2476126044538	792.3714189066807	264.1238063022269	528.2476126044538	-792.3714189066807	-528.2476126044538	8.389999999999986	8.389999999999986	264.1238063022269	-8.389999999999986	792.3714189066807	255.7338063022269	8.389999999999986	792.3714189066807	-264.1238063022269	792.3714189066807	-792.3714189066807	8.39	264.1238063022269
618	-608.097161655005	912.1457424825076	304.0485808275025	608.097161655005	-912.1457424825076	-608.097161655005	8.389999999999986	8.389999999999986	304.0485808275025	-8.389999999999986	912.1457424825076	295.65858082750253	8.389999999999986	912.1457424825076	-304.0485808275025	912.1457424825076	-912.1457424825076	8.39	304.0485808275026
619	-611.2409240297552	916.8613860446328	305.6204620148776	611.2409240297552	-916.8613860446328	-611.2409240297552	8.389999999999986	8.389999999999986	305.6204620148776	-8.389999999999986	916.8613860446328	297.2304620148776	8.389999999999986	916.8613860446328	-305.6204620148776	916.8613860446328	-916.8613860446328	8.39	305.62046201487766
620	-637.1268610792806	955.6902916189209	318.5634305396403	637.1268610792806	-955.6902916189209	-637.1268610792806	8.389999999999986	8.389999999999986	318.5634305396403	-8.389999999999986	955.6902916189209	310.1734305396403	8.389999999999986	955.6902916189209	-318.5634305396403	955.6902916189209	-955.6902916189209	8.39	318.56343053964036
621	-434.49793760475376	651.7469064071306	217.24896880237688	434.49793760475376	-651.7469064071306	-434.49793760475376	8.389999999999986	8.389999999999986	217.24896880237688	-8.389999999999986	651.7469064071306	208.85896880237686	8.389999999999986	651.7469064071306	-217.24896880237688	651.7469064071306	-651.7469064071306	8.39	217.24896880237685
622	-547.0224374049543	820.5336561074315	273.51121870247715	547.0224374049543	-820.5336561074315	-547.0224374049543	8.389999999999986	8.389999999999986	273.51121870247715	-8.389999999999986	820.5336561074315	265.12121870247717	8.389999999999986	820.5336561074315	-273.51121870247715	820.5336561074315	-820.5336561074315	8.39	273.51121870247715
623	-648.916023428755	973.3740351431326	324.4580117143775	648.916023428755	-973.3740351431326	-648.916023428755	8.389999999999986	8.389999999999986	324.4580117143775	-8.389999999999986	973.3740351431326	316.0680117143775	8.389999999999986	973.3740351431326	-324.4580117143775	973.3740351431326	-973.3740351431326	8.39	324.4580117143775
624	-364.2982870545043	546.4474305817565	182.14914352725216	364.2982870545043	-546.4474305817565	-364.2982870545043	8.389999999999986	8.389999999999986	182.14914352725216	-8.389999999999986	546.4474305817565	173.7591435272522	8.389999999999986	546.4474305817565	-182.14914352725216	546.4474305817565	-546.4474305817565	8.39	182.14914352725214
625	-359.5983372043538	539.3975058065307	179.7991686021769	359.5983372043538	-539.3975058065307	-359.5983372043538	8.389999999999986	8.389999999999986	179.7991686021769	-8.389999999999986	539.3975058065307	171.40916860217692	8.389999999999986	539.3975058065307	-179.7991686021769	539.3975058065307	-539.3975058065307	8.39	179.7991686021769
626	-362.72954962950416	544.0943244442562	181.36477481475208	362.72954962950416	-544.0943244442562	-362.72954962950416	8.389999999999986	8.389999999999986	181.36477481475208	-8.389999999999986	544.0943244442562	172.9747748147521	8.389999999999986	544.0943244442562	-181.36477481475208	544.0943244442562	-544.0943244442562	8.39	181.36477481475208
627	-428.24801260445383	642.3720189066808	214.12400630222692	428.24801260445383	-642.3720189066808	-428.24801260445383	8.389999999999986	8.389999999999986	214.12400630222692	-8.389999999999986	642.3720189066808	205.73400630222693	8.389999999999986	642.3720189066808	-214.12400630222692	642.3720189066808	-642.3720189066808	8.39	214.12400630222692
628	-439.1978874549044	658.7968311823566	219.5989437274522	439.1978874549044	-658.7968311823566	-439.1978874549044	8.389999999999986	8.389999999999986	219.5989437274522	-8.389999999999986	658.7968311823566	211.2089437274522	8.389999999999986	658.7968311823566	-219.5989437274522	658.7968311823566	-658.7968311823566	8.39	219.59894372745225
629	-490.7729124038542	736.1593686057813	245.3864562019271	490.7729124038542	-736.1593686057813	-490.7729124038542	8.389999999999986	8.389999999999986	245.3864562019271	-8.389999999999986	736.1593686057813	236.99645620192712	8.389999999999986	736.1593686057813	-245.3864562019271	736.1593686057813	-736.1593686057813	8.39	245.3864562019271
630	-512.628950029504	768.9434250442561	256.314475014752	512.628950029504	-768.9434250442561	-512.628950029504	8.389999999999986	8.389999999999986	256.314475014752	-8.389999999999986	768.9434250442561	247.92447501475203	8.389999999999986	768.9434250442561	-256.314475014752	768.9434250442561	-768.9434250442561	8.39	256.314475014752
631	-414.1980874545043	621.2971311817564	207.09904372725214	414.1980874545043	-621.2971311817564	-414.1980874545043	8.389999999999986	8.389999999999986	207.09904372725214	-8.389999999999986	621.2971311817564	198.70904372725212	8.389999999999986	621.2971311817564	-207.09904372725214	621.2971311817564	-621.2971311817564	8.39	207.09904372725214
632	-503.24781260405393	754.8717189060809	251.62390630202697	503.24781260405393	-754.8717189060809	-503.24781260405393	8.389999999999986	8.389999999999986	251.62390630202697	-8.389999999999986	754.8717189060809	243.23390630202695	8.389999999999986	754.8717189060809	-251.62390630202697	754.8717189060809	-754.8717189060809	8.39	251.62390630202697
633	-509.4977376043539	764.2466064065309	254.74886880217696	509.4977376043539	-764.2466064065309	-509.4977376043539	8.389999999999986	8.389999999999986	254.74886880217696	-8.389999999999986	764.2466064065309	246.35886880217694	8.389999999999986	764.2466064065309	-254.74886880217696	764.2466064065309	-764.2466064065309	8.39	254.74886880217696
634	-461.14152442975535	691.7122866446329	230.57076221487762	461.14152442975535	-691.7122866446329	-461.14152442975535	8.389999999999986	8.389999999999986	230.57076221487762	-8.389999999999986	691.7122866446329	222.18076221487763	8.389999999999986	691.7122866446329	-230.57076221487762	691.7122866446329	-691.7122866446329	8.39	230.57076221487762
635	-403.24821260405383	604.8723189060807	201.6241063020269	403.24821260405383	-604.8723189060807	-403.24821260405383	8.389999999999986	8.389999999999986	201.6241063020269	-8.389999999999986	604.8723189060807	193.23410630202687	8.389999999999986	604.8723189060807	-201.6241063020269	604.8723189060807	-604.8723189060807	8.39	201.62410630202697
636	-558.7832995049305	838.1749492573957	279.39164975246524	558.7832995049305	-838.1749492573957	-558.7832995049305	8.389999999999986	8.389999999999986	279.39164975246524	-8.389999999999986	838.1749492573957	271.00164975246526	8.389999999999986	838.1749492573957	-279.39164975246524	838.1749492573957	-838.1749492573957	8.39	279.39164975246524
637	-602.6081243050301	903.9121864575451	301.30406215251503	602.6081243050301	-903.9121864575451	-602.6081243050301	8.389999999999986	8.389999999999986	301.30406215251503	-8.389999999999986	903.9121864575451	292.91406215251504	8.389999999999986	903.9121864575451	-301.30406215251503	903.9121864575451	-903.9121864575451	8.39	301.30406215251503
638	-633.9830987045304	950.9746480567957	316.9915493522652	633.9830987045304	-950.9746480567957	-633.9830987045304	8.389999999999986	8.389999999999986	316.9915493522652	-8.389999999999986	950.9746480567957	308.60154935226524	8.389999999999986	950.9746480567957	-316.9915493522652	950.9746480567957	-950.9746480567957	8.39	316.9915493522652
639	-646.55819850393	969.8372977558951	323.279099251965	646.55819850393	-969.8372977558951	-646.55819850393	8.389999999999986	8.389999999999986	323.279099251965	-8.389999999999986	969.8372977558951	314.88909925196504	8.389999999999986	969.8372977558951	-323.279099251965	969.8372977558951	-969.8372977558951	8.39	323.279099251965
640	-656.0020858781793	984.0031288172689	328.00104293908964	656.0020858781793	-984.0031288172689	-656.0020858781793	8.389999999999986	8.389999999999986	328.00104293908964	-8.389999999999986	984.0031288172689	319.61104293908966	8.389999999999986	984.0031288172689	-328.00104293908964	984.0031288172689	-984.0031288172689	8.39	328.00104293908964
641	-358.81397162932853	538.2209574439928	179.40698581466427	358.81397162932853	-538.2209574439928	-358.81397162932853	8.389999999999986	8.389999999999986	179.40698581466427	-8.389999999999986	538.2209574439928	171.01698581466425	8.389999999999986	538.2209574439928	-179.40698581466427	538.2209574439928	-538.2209574439928	8.39	179.40698581466427
642	-361.9451840544789	542.9177760817183	180.97259202723944	361.9451840544789	-542.9177760817183	-361.9451840544789	8.389999999999986	8.389999999999986	180.97259202723944	-8.389999999999986	542.9177760817183	172.58259202723943	8.389999999999986	542.9177760817183	-180.97259202723944	542.9177760817183	-542.9177760817183	8.39	180.97259202723944
643	-427.46364702942856	641.1954705441428	213.73182351471428	427.46364702942856	-641.1954705441428	-427.46364702942856	8.389999999999986	8.389999999999986	213.73182351471428	-8.389999999999986	641.1954705441428	205.34182351471426	8.389999999999986	641.1954705441428	-213.73182351471428	641.1954705441428	-641.1954705441428	8.39	213.73182351471428
644	-450.9384216800795	676.4076325201193	225.46921084003975	450.9384216800795	-676.4076325201193	-450.9384216800795	8.389999999999986	8.389999999999986	225.46921084003975	-8.389999999999986	676.4076325201193	217.07921084003974	8.389999999999986	676.4076325201193	-225.46921084003975	676.4076325201193	-676.4076325201193	8.39	225.46921084003975
645	-489.98854682882893	734.9828202432434	244.99427341441447	489.98854682882893	-734.9828202432434	-489.98854682882893	8.389999999999986	8.389999999999986	244.99427341441447	-8.389999999999986	734.9828202432434	236.60427341441445	8.389999999999986	734.9828202432434	-244.99427341441447	734.9828202432434	-734.9828202432434	8.39	244.99427341441447
646	-546.2380718299289	819.3571077448934	273.11903591496446	546.2380718299289	-819.3571077448934	-546.2380718299289	8.389999999999986	8.389999999999986	273.11903591496446	-8.389999999999986	819.3571077448934	264.72903591496447	8.389999999999986	819.3571077448934	-273.11903591496446	819.3571077448934	-819.3571077448934	8.39	273.1190359149645
647	-635.55655805433	953.334837081495	317.778279027165	635.55655805433	-953.334837081495	-635.55655805433	8.389999999999986	8.389999999999986	317.778279027165	-8.389999999999986	953.334837081495	309.388279027165	8.389999999999986	953.334837081495	-317.778279027165	953.334837081495	-953.334837081495	8.39	317.77827902716507
648	-648.1316578537297	972.1974867805945	324.06582892686487	648.1316578537297	-972.1974867805945	-648.1316578537297	8.389999999999986	8.389999999999986	324.06582892686487	-8.389999999999986	972.1974867805945	315.6758289268649	8.389999999999986	972.1974867805945	-324.06582892686487	972.1974867805945	-972.1974867805945	8.39	324.0658289268648
649	-340.0891464288288	510.1337196432432	170.0445732144144	340.0891464288288	-510.1337196432432	-340.0891464288288	8.389999999999986	8.389999999999986	170.0445732144144	-8.389999999999986	510.1337196432432	161.6545732144144	8.389999999999986	510.1337196432432	-170.0445732144144	510.1337196432432	-510.1337196432432	8.39	170.04457321441436
650	-378.2999840785543	567.4499761178314	189.14999203927715	378.2999840785543	-567.4499761178314	-378.2999840785543	8.389999999999986	8.389999999999986	189.14999203927715	-8.389999999999986	567.4499761178314	180.75999203927714	8.389999999999986	567.4499761178314	-189.14999203927715	567.4499761178314	-567.4499761178314	8.39	189.1499920392771
651	-315.1891460292287	472.7837190438431	157.59457301461438	315.1891460292287	-472.7837190438431	-315.1891460292287	8.389999999999986	8.389999999999986	157.59457301461438	-8.389999999999986	472.7837190438431	149.20457301461437	8.389999999999986	472.7837190438431	-157.59457301461438	472.7837190438431	-472.7837190438431	8.39	157.59457301461435
652	-350.21877165380334	525.328157480705	175.10938582690167	350.21877165380334	-525.328157480705	-350.21877165380334	8.389999999999986	8.389999999999986	175.10938582690167	-8.389999999999986	525.328157480705	166.71938582690166	8.389999999999986	525.328157480705	-175.10938582690167	525.328157480705	-525.328157480705	8.39	175.1093858269017
653	-384.5249592784538	576.7874389176808	192.26247963922694	384.5249592784538	-576.7874389176808	-384.5249592784538	8.389999999999986	8.389999999999986	192.26247963922694	-8.389999999999986	576.7874389176808	183.87247963922692	8.389999999999986	576.7874389176808	-192.26247963922694	576.7874389176808	-576.7874389176808	8.39	192.2624796392269
654	-389.9889468288287	584.9834202432431	194.9944734144144	389.9889468288287	-584.9834202432431	-389.9889468288287	8.389999999999986	8.389999999999986	194.9944734144144	-8.389999999999986	584.9834202432431	186.60447341441437	8.389999999999986	584.9834202432431	-194.9944734144144	584.9834202432431	-584.9834202432431	8.39	194.99447341441436
655	-455.6446590549797	683.4669885824695	227.8223295274898	455.6446590549797	-683.4669885824695	-455.6446590549797	8.389999999999986	8.389999999999986	227.8223295274898	-8.389999999999986	683.4669885824695	219.4323295274898	8.389999999999986	683.4669885824695	-227.8223295274898	683.4669885824695	-683.4669885824695	8.39	227.8223295274899
656	-478.29958407855435	717.4493761178315	239.14979203927717	478.29958407855435	-717.4493761178315	-478.29958407855435	8.389999999999986	8.389999999999986	239.14979203927717	-8.389999999999986	717.4493761178315	230.75979203927716	8.389999999999986	717.4493761178315	-239.14979203927717	717.4493761178315	-717.4493761178315	8.39	239.1497920392772
657	-500.11817205380345	750.1772580807052	250.05908602690172	500.11817205380345	-750.1772580807052	-500.11817205380345	8.389999999999986	8.389999999999986	250.05908602690172	-8.389999999999986	750.1772580807052	241.6690860269017	8.389999999999986	750.1772580807052	-250.05908602690172	750.1772580807052	-750.1772580807052	8.39	250.05908602690175
658	-502.46344702902866	753.695170543543	251.2317235145143	502.46344702902866	-753.695170543543	-502.46344702902866	8.389999999999986	8.389999999999986	251.2317235145143	-8.389999999999986	753.695170543543	242.84172351451429	8.389999999999986	753.695170543543	-251.2317235145143	753.695170543543	-753.695170543543	8.39	251.23172351451439
659	-507.9305720542533	761.89585808138	253.96528602712667	507.9305720542533	-761.89585808138	-507.9305720542533	8.389999999999986	8.389999999999986	253.96528602712667	-8.389999999999986	761.89585808138	245.57528602712665	8.389999999999986	761.89585808138	-253.96528602712667	761.89585808138	-761.89585808138	8.39	253.96528602712664
660	-508.7133720293285	763.0700580439928	254.3566860146643	508.7133720293285	-763.0700580439928	-508.7133720293285	8.389999999999986	8.389999999999986	254.3566860146643	-8.389999999999986	763.0700580439928	245.96668601466428	8.389999999999986	763.0700580439928	-254.3566860146643	763.0700580439928	-763.0700580439928	8.39	254.35668601466426
661	-531.3678970545033	797.051845581755	265.68394852725163	531.3678970545033	-797.051845581755	-531.3678970545033	8.389999999999986	8.389999999999986	265.68394852725163	-8.389999999999986	797.051845581755	257.29394852725164	8.389999999999986	797.051845581755	-265.68394852725163	797.051845581755	-797.051845581755	8.39	265.68394852725163
662	-575.2177716542033	862.826657481305	287.6088858271017	575.2177716542033	-862.826657481305	-575.2177716542033	8.389999999999986	8.389999999999986	287.6088858271017	-8.389999999999986	862.826657481305	279.2188858271017	8.389999999999986	862.826657481305	-287.6088858271017	862.826657481305	-862.826657481305	8.39	287.6088858271017
663	-581.4676966545034	872.2015449817551	290.7338483272517	581.4676966545034	-872.2015449817551	-581.4676966545034	8.389999999999986	8.389999999999986	290.7338483272517	-8.389999999999986	872.2015449817551	282.3438483272517	8.389999999999986	872.2015449817551	-290.7338483272517	872.2015449817551	-872.2015449817551	8.39	290.7338483272517
664	-620.6550710544534	930.9826065816802	310.32753552722676	620.6550710544534	-930.9826065816802	-620.6550710544534	8.389999999999986	8.389999999999986	310.32753552722676	-8.389999999999986	930.9826065816802	301.93753552722677	8.389999999999986	930.9826065816802	-310.32753552722676	930.9826065816802	-930.9826065816802	8.39	310.32753552722676
665	-408.7137720293284	613.0706580439926	204.3568860146642	408.7137720293284	-613.0706580439926	-408.7137720293284	8.389999999999986	8.389999999999986	204.3568860146642	-8.389999999999986	613.0706580439926	195.9668860146642	8.389999999999986	613.0706580439926	-204.3568860146642	613.0706580439926	-613.0706580439926	8.39	204.35688601466416
666	-457.2133964799799	685.8200947199698	228.60669823998995	457.2133964799799	-685.8200947199698	-457.2133964799799	8.389999999999986	8.389999999999986	228.60669823998995	-8.389999999999986	685.8200947199698	220.21669823998994	8.389999999999986	685.8200947199698	-228.60669823998995	685.8200947199698	-685.8200947199698	8.39	228.6066982399899
667	-619.0925960543037	928.6388940814556	309.54629802715186	619.0925960543037	-928.6388940814556	-619.0925960543037	8.389999999999986	8.389999999999986	309.54629802715186	-8.389999999999986	928.6388940814556	301.1562980271519	8.389999999999986	928.6388940814556	-309.54629802715186	928.6388940814556	-928.6388940814556	8.39	309.5462980271519
668	-621.4378710295288	932.1568065442932	310.7189355147644	621.4378710295288	-932.1568065442932	-621.4378710295288	8.389999999999986	8.389999999999986	310.7189355147644	-8.389999999999986	932.1568065442932	302.3289355147644	8.389999999999986	932.1568065442932	-310.7189355147644	932.1568065442932	-932.1568065442932	8.39	310.71893551476444
669	-411.84498445447866	617.767476681718	205.92249222723933	411.84498445447866	-617.767476681718	-411.84498445447866	8.389999999999986	8.389999999999986	205.92249222723933	-8.389999999999986	617.767476681718	197.53249222723935	8.389999999999986	617.767476681718	-205.92249222723933	617.767476681718	-617.767476681718	8.39	205.92249222723933
670	-525.1179720542033	787.6769580813051	262.5589860271017	525.1179720542033	-787.6769580813051	-525.1179720542033	8.389999999999986	8.389999999999986	262.5589860271017	-8.389999999999986	787.6769580813051	254.1689860271017	8.389999999999986	787.6769580813051	-262.5589860271017	787.6769580813051	-787.6769580813051	8.39	262.5589860271017
671	-532.9303720546533	799.3955580819801	266.4651860273267	532.9303720546533	-799.3955580819801	-532.9303720546533	8.389999999999986	8.389999999999986	266.4651860273267	-8.389999999999986	799.3955580819801	258.0751860273267	8.389999999999986	799.3955580819801	-266.4651860273267	799.3955580819801	-799.3955580819801	8.39	266.4651860273267
672	-536.0615844798036	804.0923767197056	268.03079223990187	536.0615844798036	-804.0923767197056	-536.0615844798036	8.389999999999986	8.389999999999986	268.03079223990187	-8.389999999999986	804.0923767197056	259.6407922399019	8.389999999999986	804.0923767197056	-268.03079223990187	804.0923767197056	-804.0923767197056	8.39	268.03079223990187
673	-538.413121879879	807.6196828198186	269.20656093993955	538.413121879879	-807.6196828198186	-538.413121879879	8.389999999999986	8.389999999999986	269.20656093993955	-8.389999999999986	807.6196828198186	260.81656093993956	8.389999999999986	807.6196828198186	-269.20656093993955	807.6196828198186	-807.6196828198186	8.39	269.20656093993955
674	-543.8927968547038	815.8391952820558	271.94639842735194	543.8927968547038	-815.8391952820558	-543.8927968547038	8.389999999999986	8.389999999999986	271.94639842735194	-8.389999999999986	815.8391952820558	263.55639842735195	8.389999999999986	815.8391952820558	-271.94639842735194	815.8391952820558	-815.8391952820558	8.39	271.94639842735194
675	-554.8614590799044	832.2921886198568	277.43072953995227	554.8614590799044	-832.2921886198568	-554.8614590799044	8.389999999999986	8.389999999999986	277.43072953995227	-8.389999999999986	832.2921886198568	269.0407295399523	8.389999999999986	832.2921886198568	-277.43072953995227	832.2921886198568	-832.2921886198568	8.39	277.43072953995227
676	-560.35675885473	840.5351382820951	280.17837942736503	560.35675885473	-840.5351382820951	-560.35675885473	8.389999999999986	8.389999999999986	280.17837942736503	-8.389999999999986	840.5351382820951	271.78837942736504	8.389999999999986	840.5351382820951	-280.17837942736503	840.5351382820951	-840.5351382820951	8.39	280.17837942736503
677	-576.7802466543534	865.1703699815301	288.3901233271767	576.7802466543534	-865.1703699815301	-576.7802466543534	8.389999999999986	8.389999999999986	288.3901233271767	-8.389999999999986	865.1703699815301	280.0001233271767	8.389999999999986	865.1703699815301	-288.3901233271767	865.1703699815301	-865.1703699815301	8.39	288.3901233271767
678	-583.0301716546534	874.5452574819802	291.51508582732674	583.0301716546534	-874.5452574819802	-583.0301716546534	8.389999999999986	8.389999999999986	291.51508582732674	-8.389999999999986	874.5452574819802	283.12508582732676	8.389999999999986	874.5452574819802	-291.51508582732674	874.5452574819802	-874.5452574819802	8.39	291.51508582732674
679	-586.1613840798037	879.2420761197058	293.0806920399019	586.1613840798037	-879.2420761197058	-586.1613840798037	8.389999999999986	8.389999999999986	293.0806920399019	-8.389999999999986	879.2420761197058	284.69069203990193	8.389999999999986	879.2420761197058	-293.0806920399019	879.2420761197058	-879.2420761197058	8.39	293.0806920399019
680	-588.5129214798791	882.7693822198188	294.2564607399396	588.5129214798791	-882.7693822198188	-588.5129214798791	8.389999999999986	8.389999999999986	294.2564607399396	-8.389999999999986	882.7693822198188	285.8664607399396	8.389999999999986	882.7693822198188	-294.2564607399396	882.7693822198188	-882.7693822198188	8.39	294.2564607399396
681	-598.686283880004	898.0294258200062	299.34314194000206	598.686283880004	-898.0294258200062	-598.686283880004	8.389999999999986	8.389999999999986	299.34314194000206	-8.389999999999986	898.0294258200062	290.95314194000207	8.389999999999986	898.0294258200062	-299.34314194000206	898.0294258200062	-898.0294258200062	8.39	299.34314194000206
682	-630.0612582795044	945.0918874192568	315.03062913975225	630.0612582795044	-945.0918874192568	-630.0612582795044	8.389999999999986	8.389999999999986	315.03062913975225	-8.389999999999986	945.0918874192568	306.64062913975226	8.389999999999986	945.0918874192568	-315.03062913975225	945.0918874192568	-945.0918874192568	8.39	315.03062913975225
683	-642.636358078904	963.9545371183561	321.31817903945205	642.636358078904	-963.9545371183561	-642.636358078904	8.389999999999986	8.389999999999986	321.31817903945205	-8.389999999999986	963.9545371183561	312.92817903945206	8.389999999999986	963.9545371183561	-321.31817903945205	963.9545371183561	-963.9545371183561	8.39	321.31817903945205
684	-358.0311716542533	537.0467574813799	179.01558582712664	358.0311716542533	-537.0467574813799	-358.0311716542533	8.389999999999986	8.389999999999986	179.01558582712664	-8.389999999999986	537.0467574813799	170.62558582712663	8.389999999999986	537.0467574813799	-179.01558582712664	537.0467574813799	-537.0467574813799	8.39	179.0155858271266
685	-361.16238407940364	541.7435761191055	180.58119203970182	361.16238407940364	-541.7435761191055	-361.16238407940364	8.389999999999986	8.389999999999986	180.58119203970182	-8.389999999999986	541.7435761191055	172.1911920397018	8.389999999999986	541.7435761191055	-180.58119203970182	541.7435761191055	-541.7435761191055	8.39	180.5811920397018
686	-401.6810470539533	602.52157058093	200.84052352697665	401.6810470539533	-602.52157058093	-401.6810470539533	8.389999999999986	8.389999999999986	200.84052352697665	-8.389999999999986	602.52157058093	192.45052352697664	8.389999999999986	602.52157058093	-200.84052352697665	602.52157058093	-602.52157058093	8.39	200.84052352697663
687	-407.9309720542534	611.8964580813802	203.9654860271267	407.9309720542534	-611.8964580813802	-407.9309720542534	8.389999999999986	8.389999999999986	203.9654860271267	-8.389999999999986	611.8964580813802	195.5754860271267	8.389999999999986	611.8964580813802	-203.9654860271267	611.8964580813802	-611.8964580813802	8.39	203.96548602712667
688	-426.6808470543533	640.02127058153	213.34042352717665	426.6808470543533	-640.02127058153	-426.6808470543533	8.389999999999986	8.389999999999986	213.34042352717665	-8.389999999999986	640.02127058153	204.95042352717664	8.389999999999986	640.02127058153	-213.34042352717665	640.02127058153	-640.02127058153	8.39	213.34042352717663
689	-438.4135218798791	657.6202828198186	219.20676093993956	438.4135218798791	-657.6202828198186	-438.4135218798791	8.389999999999986	8.389999999999986	219.20676093993956	-8.389999999999986	657.6202828198186	210.81676093993954	8.389999999999986	657.6202828198186	-219.20676093993956	657.6202828198186	-657.6202828198186	8.39	219.20676093993953
690	-443.8931968547038	665.8397952820557	221.9465984273519	443.8931968547038	-665.8397952820557	-443.8931968547038	8.389999999999986	8.389999999999986	221.9465984273519	-8.389999999999986	665.8397952820557	213.55659842735187	8.389999999999986	665.8397952820557	-221.9465984273519	665.8397952820557	-665.8397952820557	8.39	221.94659842735186
691	-446.2384718299288	669.3577077448932	223.1192359149644	446.2384718299288	-669.3577077448932	-446.2384718299288	8.389999999999986	8.389999999999986	223.1192359149644	-8.389999999999986	669.3577077448932	214.7292359149644	8.389999999999986	669.3577077448932	-223.1192359149644	669.3577077448932	-669.3577077448932	8.39	223.11923591496438
692	-352.56404662902855	528.8460699435428	176.28202331451425	352.56404662902855	-528.8460699435428	-352.56404662902855	8.389999999999986	8.389999999999986	176.28202331451425	-8.389999999999986	528.8460699435428	167.89202331451423	8.389999999999986	528.8460699435428	-176.28202331451425	528.8460699435428	-528.8460699435428	8.39	176.28202331451433
693	-402.46384702902856	603.6957705435428	201.23192351451425	402.46384702902856	-603.6957705435428	-402.46384702902856	8.389999999999986	8.389999999999986	201.23192351451425	-8.389999999999986	603.6957705435428	192.84192351451424	8.389999999999986	603.6957705435428	-201.23192351451425	603.6957705435428	-603.6957705435428	8.39	201.23192351451434
694	-433.71357202972854	650.5703580445928	216.85678601486424	433.71357202972854	-650.5703580445928	-433.71357202972854	8.389999999999986	8.389999999999986	216.85678601486424	-8.389999999999986	650.5703580445928	208.46678601486423	8.389999999999986	650.5703580445928	-216.85678601486424	650.5703580445928	-650.5703580445928	8.39	216.85678601486433
695	-449.36968425507916	674.0545263826187	224.68484212753955	449.36968425507916	-674.0545263826187	-449.36968425507916	8.389999999999986	8.389999999999986	224.68484212753955	-8.389999999999986	674.0545263826187	216.29484212753954	8.389999999999986	674.0545263826187	-224.68484212753955	674.0545263826187	-674.0545263826187	8.39	224.68484212753964
696	-511.84458445447876	767.7668766817181	255.92229222723935	511.84458445447876	-767.7668766817181	-511.84458445447876	8.389999999999986	8.389999999999986	255.92229222723935	-8.389999999999986	767.7668766817181	247.53229222723934	8.389999999999986	767.7668766817181	-255.92229222723935	767.7668766817181	-767.7668766817181	8.39	255.92229222723944
697	-436.84478445487866	655.267176682318	218.42239222743933	436.84478445487866	-655.267176682318	-436.84478445487866	8.389999999999986	8.389999999999986	218.42239222743933	-8.389999999999986	655.267176682318	210.03239222743932	8.389999999999986	655.267176682318	-218.42239222743933	655.267176682318	-655.267176682318	8.39	218.42239222743933
698	-309.7251584788539	464.5877377182809	154.86257923942696	309.7251584788539	-464.5877377182809	-309.7251584788539	8.389999999999986	8.389999999999986	154.86257923942696	-8.389999999999986	464.5877377182809	146.47257923942695	8.389999999999986	464.5877377182809	-154.86257923942696	464.5877377182809	-464.5877377182809	8.39	154.86257923942694
699	-347.10005907865366	520.6500886179805	173.55002953932683	347.10005907865366	-520.6500886179805	-347.10005907865366	8.389999999999986	8.389999999999986	173.55002953932683	-8.389999999999986	520.6500886179805	165.1600295393268	8.389999999999986	520.6500886179805	-173.55002953932683	520.6500886179805	-520.6500886179805	8.39	173.5500295393268
700	-413.413721879479	620.1205828192185	206.7068609397395	413.413721879479	-620.1205828192185	-413.413721879479	8.389999999999986	8.389999999999986	206.7068609397395	-8.389999999999986	620.1205828192185	198.31686093973948	8.389999999999986	620.1205828192185	-206.7068609397395	620.1205828192185	-620.1205828192185	8.39	206.70686093973947
701	-454.86185907990443	682.2927886198567	227.43092953995222	454.86185907990443	-682.2927886198567	-454.86185907990443	8.389999999999986	8.389999999999986	227.43092953995222	-8.389999999999986	682.2927886198567	219.0409295399522	8.389999999999986	682.2927886198567	-227.43092953995222	682.2927886198567	-682.2927886198567	8.39	227.4309295399522
702	-496.99945947865376	745.4991892179806	248.49972973932688	496.99945947865376	-745.4991892179806	-496.99945947865376	8.389999999999986	8.389999999999986	248.49972973932688	-8.389999999999986	745.4991892179806	240.10972973932687	8.389999999999986	745.4991892179806	-248.49972973932688	745.4991892179806	-745.4991892179806	8.39	248.49972973932685
703	-334.625158878454	501.9377383176809	167.31257943922697	334.625158878454	-501.9377383176809	-334.625158878454	8.389999999999986	8.389999999999986	167.31257943922697	-8.389999999999986	501.9377383176809	158.92257943922698	8.389999999999986	501.9377383176809	-167.31257943922697	501.9377383176809	-501.9377383176809	8.39	167.31257943922697
704	-460.35715885473	690.5357382820949	230.17857942736498	460.35715885473	-690.5357382820949	-460.35715885473	8.389999999999986	8.389999999999986	230.17857942736498	-8.389999999999986	690.5357382820949	221.788579427365	8.389999999999986	690.5357382820949	-230.17857942736498	690.5357382820949	-690.5357382820949	8.39	230.17857942736498
705	-389.2061468537536	583.8092202806304	194.6030734268768	389.2061468537536	-583.8092202806304	-389.2061468537536	8.389999999999986	8.389999999999986	194.6030734268768	-8.389999999999986	583.8092202806304	186.2130734268768	8.389999999999986	583.8092202806304	-194.6030734268768	583.8092202806304	-583.8092202806304	8.39	194.6030734268768
706	-487.6432718536037	731.4649077804056	243.82163592680186	487.6432718536037	-731.4649077804056	-487.6432718536037	8.389999999999986	8.389999999999986	243.82163592680186	-8.389999999999986	731.4649077804056	235.4316359268019	8.389999999999986	731.4649077804056	-243.82163592680186	731.4649077804056	-731.4649077804056	8.39	243.82163592680183
707	-489.2057468537537	733.8086202806305	244.60287342687684	489.2057468537537	-733.8086202806305	-489.2057468537537	8.389999999999986	8.389999999999986	244.60287342687684	-8.389999999999986	733.8086202806305	236.21287342687685	8.389999999999986	733.8086202806305	-244.60287342687684	733.8086202806305	-733.8086202806305	8.39	244.60287342687684
708	-521.9992594790536	782.9988892185804	260.9996297395268	521.9992594790536	-782.9988892185804	-521.9992594790536	8.389999999999986	8.389999999999986	260.9996297395268	-8.389999999999986	782.9988892185804	252.6096297395268	8.389999999999986	782.9988892185804	-260.9996297395268	782.9988892185804	-782.9988892185804	8.39	260.99962973952677
709	-527.4632470294285	791.1948705441428	263.7316235147143	527.4632470294285	-791.1948705441428	-527.4632470294285	8.389999999999986	8.389999999999986	263.7316235147143	-8.389999999999986	791.1948705441428	255.34162351471426	8.389999999999986	791.1948705441428	-263.7316235147143	791.1948705441428	-791.1948705441428	8.39	263.7316235147142
710	-533.7131720297285	800.5697580445928	266.85658601486426	533.7131720297285	-800.5697580445928	-533.7131720297285	8.389999999999986	8.389999999999986	266.85658601486426	-8.389999999999986	800.5697580445928	258.46658601486433	8.389999999999986	800.5697580445928	-266.85658601486426	800.5697580445928	-800.5697580445928	8.39	266.8565860148642
711	-549.3692842550792	824.0539263826188	274.6846421275396	549.3692842550792	-824.0539263826188	-549.3692842550792	8.389999999999986	8.389999999999986	274.6846421275396	-8.389999999999986	824.0539263826188	266.29464212753965	8.389999999999986	824.0539263826188	-274.6846421275396	824.0539263826188	-824.0539263826188	8.39	274.6846421275395
712	-555.6442590549797	833.4663885824696	277.82212952748984	555.6442590549797	-833.4663885824696	-555.6442590549797	8.389999999999986	8.389999999999986	277.82212952748984	-8.389999999999986	833.4663885824696	269.4321295274899	8.389999999999986	833.4663885824696	-277.82212952748984	833.4663885824696	-833.4663885824696	8.39	277.8221295274898
713	-583.8129716297286	875.719457444593	291.9064858148643	583.8129716297286	-875.719457444593	-583.8129716297286	8.389999999999986	8.389999999999986	291.9064858148643	-8.389999999999986	875.719457444593	283.5164858148644	8.389999999999986	875.719457444593	-291.9064858148643	875.719457444593	-875.719457444593	8.39	291.90648581486425
714	-593.9925964547039	890.9888946820558	296.99629822735193	593.9925964547039	-890.9888946820558	-593.9925964547039	8.389999999999986	8.389999999999986	296.99629822735193	-8.389999999999986	890.9888946820558	288.606298227352	8.389999999999986	890.9888946820558	-296.99629822735193	890.9888946820558	-890.9888946820558	8.39	296.9962982273519
715	-596.3378714299289	894.5068071448934	298.16893571496445	596.3378714299289	-894.5068071448934	-596.3378714299289	8.389999999999986	8.389999999999986	298.16893571496445	-8.389999999999986	894.5068071448934	289.7789357149645	8.389999999999986	894.5068071448934	-298.16893571496445	894.5068071448934	-894.5068071448934	8.39	298.1689357149644
716	-599.4690838550792	899.2036257826189	299.7345419275396	599.4690838550792	-899.2036257826189	-599.4690838550792	8.389999999999986	8.389999999999986	299.7345419275396	-8.389999999999986	899.2036257826189	291.3445419275397	8.389999999999986	899.2036257826189	-299.7345419275396	899.2036257826189	-899.2036257826189	8.39	299.73454192753957
717	-607.3127960799799	910.9691941199699	303.65639803998994	607.3127960799799	-910.9691941199699	-607.3127960799799	8.389999999999986	8.389999999999986	303.65639803998994	-8.389999999999986	910.9691941199699	295.26639803999	8.389999999999986	910.9691941199699	-303.65639803998994	910.9691941199699	-910.9691941199699	8.39	303.6563980399899
718	-624.5690834546791	936.8536251820187	312.28454172733956	624.5690834546791	-936.8536251820187	-624.5690834546791	8.389999999999986	8.389999999999986	312.28454172733956	-8.389999999999986	936.8536251820187	303.89454172733963	8.389999999999986	936.8536251820187	-312.28454172733956	936.8536251820187	-936.8536251820187	8.39	312.2845417273395
719	-630.8440582545796	946.2660873818695	315.4220291272898	630.8440582545796	-946.2660873818695	-630.8440582545796	8.389999999999986	8.389999999999986	315.4220291272898	-8.389999999999986	946.2660873818695	307.0320291272899	8.389999999999986	946.2660873818695	-315.4220291272898	946.2660873818695	-946.2660873818695	8.39	315.42202912728976
720	-643.4191580539792	965.1287370809689	321.7095790269896	643.4191580539792	-965.1287370809689	-643.4191580539792	8.389999999999986	8.389999999999986	321.7095790269896	-8.389999999999986	965.1287370809689	313.3195790269897	8.389999999999986	965.1287370809689	-321.7095790269896	965.1287370809689	-965.1287370809689	8.39	321.70957902698956
721	-291.0750830795539	436.61262461933086	145.53754153977695	291.0750830795539	-436.61262461933086	-291.0750830795539	8.389999999999986	8.389999999999986	145.53754153977695	-8.389999999999986	436.61262461933086	137.14754153977697	8.389999999999986	436.61262461933086	-145.53754153977695	436.61262461933086	-436.61262461933086	8.39	145.53754153977695
722	-303.50018327895424	455.2502749184314	151.75009163947715	303.50018327895424	-455.2502749184314	-303.50018327895424	8.389999999999986	8.389999999999986	151.75009163947715	-8.389999999999986	455.2502749184314	143.36009163947716	8.389999999999986	455.2502749184314	-151.75009163947715	455.2502749184314	-455.2502749184314	8.39	151.7500916394771
723	-312.8438710540036	469.26580658100545	156.42193552700184	312.8438710540036	-469.26580658100545	-312.8438710540036	8.389999999999986	8.389999999999986	156.42193552700184	-8.389999999999986	469.26580658100545	148.03193552700185	8.389999999999986	469.26580658100545	-156.42193552700184	469.26580658100545	-469.26580658100545	8.39	156.42193552700178
724	-314.4063460541536	471.60951908123036	157.2031730270768	314.4063460541536	-471.60951908123036	-314.4063460541536	8.389999999999986	8.389999999999986	157.2031730270768	-8.389999999999986	471.60951908123036	148.8131730270768	8.389999999999986	471.60951908123036	-157.2031730270768	471.60951908123036	-471.60951908123036	8.39	157.2031730270768
725	-328.4001836785543	492.6002755178315	164.20009183927718	328.4001836785543	-492.6002755178315	-328.4001836785543	8.389999999999986	8.389999999999986	164.20009183927718	-8.389999999999986	492.6002755178315	155.81009183927716	8.389999999999986	492.6002755178315	-164.20009183927718	492.6002755178315	-492.6002755178315	8.39	164.20009183927715
726	-337.7438714536037	506.61580718040557	168.87193572680184	337.7438714536037	-506.61580718040557	-337.7438714536037	8.389999999999986	8.389999999999986	168.87193572680184	-8.389999999999986	506.61580718040557	160.48193572680185	8.389999999999986	506.61580718040557	-168.87193572680184	506.61580718040557	-506.61580718040557	8.39	168.8719357268019
727	-339.3063464537536	508.95951968063036	169.6531732268768	339.3063464537536	-508.95951968063036	-339.3063464537536	8.389999999999986	8.389999999999986	169.6531732268768	-8.389999999999986	508.95951968063036	161.2631732268768	8.389999999999986	508.95951968063036	-169.6531732268768	508.95951968063036	-508.95951968063036	8.39	169.6531732268768
728	-351.7812466539533	527.67186998093	175.89062332697665	351.7812466539533	-527.67186998093	-351.7812466539533	8.389999999999986	8.389999999999986	175.89062332697665	-8.389999999999986	527.67186998093	167.50062332697667	8.389999999999986	527.67186998093	-175.89062332697665	527.67186998093	-527.67186998093	8.39	175.89062332697665
729	-363.51392147947905	545.2708822192186	181.75696073973955	363.51392147947905	-545.2708822192186	-363.51392147947905	8.389999999999986	8.389999999999986	181.75696073973955	-8.389999999999986	545.2708822192186	173.36696073973957	8.389999999999986	545.2708822192186	-181.75696073973955	545.2708822192186	-545.2708822192186	8.39	181.7569607397395
730	-387.6436718536037	581.4655077804056	193.82183592680184	387.6436718536037	-581.4655077804056	-387.6436718536037	8.389999999999986	8.389999999999986	193.82183592680184	-8.389999999999986	581.4655077804056	185.43183592680185	8.389999999999986	581.4655077804056	-193.82183592680184	581.4655077804056	-581.4655077804056	8.39	193.8218359268019
731	-396.99985947865366	595.4997892179805	198.4999297393268	396.99985947865366	-595.4997892179805	-396.99985947865366	8.389999999999986	8.389999999999986	198.4999297393268	-8.389999999999986	595.4997892179805	190.1099297393268	8.389999999999986	595.4997892179805	-198.4999297393268	595.4997892179805	-595.4997892179805	8.39	198.4999297393269
732	-400.1185720538033	600.1778580807049	200.05928602690165	400.1185720538033	-600.1778580807049	-400.1185720538033	8.389999999999986	8.389999999999986	200.05928602690165	-8.389999999999986	600.1778580807049	191.66928602690166	8.389999999999986	600.1778580807049	-200.05928602690165	600.1778580807049	-600.1778580807049	8.39	200.05928602690165
733	-406.3684970541033	609.5527455811549	203.1842485270516	406.3684970541033	-609.5527455811549	-406.3684970541033	8.389999999999986	8.389999999999986	203.1842485270516	-8.389999999999986	609.5527455811549	194.7942485270516	8.389999999999986	609.5527455811549	-203.1842485270516	609.5527455811549	-609.5527455811549	8.39	203.1842485270517
734	-411.0621844794035	616.5932767191053	205.53109223970176	411.0621844794035	-616.5932767191053	-411.0621844794035	8.389999999999986	8.389999999999986	205.53109223970176	-8.389999999999986	616.5932767191053	197.14109223970178	8.389999999999986	616.5932767191053	-205.53109223970176	616.5932767191053	-616.5932767191053	8.39	205.53109223970182
735	-425.11837205420335	637.677558081305	212.55918602710167	425.11837205420335	-637.677558081305	-425.11837205420335	8.389999999999986	8.389999999999986	212.55918602710167	-8.389999999999986	637.677558081305	204.16918602710166	8.389999999999986	637.677558081305	-212.55918602710167	637.677558081305	-637.677558081305	8.39	212.5591860271017
736	-432.9307720546533	649.3961580819799	216.46538602732664	432.9307720546533	-649.3961580819799	-432.9307720546533	8.389999999999986	8.389999999999986	216.46538602732664	-8.389999999999986	649.3961580819799	208.07538602732666	8.389999999999986	649.3961580819799	-216.46538602732664	649.3961580819799	-649.3961580819799	8.39	216.46538602732664
737	-436.06198447980347	654.0929767197052	218.03099223990176	436.06198447980347	-654.0929767197052	-436.06198447980347	8.389999999999986	8.389999999999986	218.03099223990176	-8.389999999999986	654.0929767197052	209.64099223990178	8.389999999999986	654.0929767197052	-218.03099223990176	654.0929767197052	-654.0929767197052	8.39	218.0309922399017
738	-445.4556718548537	668.1835077822806	222.72783592742684	445.4556718548537	-668.1835077822806	-445.4556718548537	8.389999999999986	8.389999999999986	222.72783592742684	-8.389999999999986	668.1835077822806	214.33783592742685	8.389999999999986	668.1835077822806	-222.72783592742684	668.1835077822806	-668.1835077822806	8.39	222.7278359274269
739	-448.5868842800039	672.8803264200059	224.29344214000196	448.5868842800039	-672.8803264200059	-448.5868842800039	8.389999999999986	8.389999999999986	224.29344214000196	-8.389999999999986	672.8803264200059	215.90344214000197	8.389999999999986	672.8803264200059	-224.29344214000196	672.8803264200059	-672.8803264200059	8.39	224.29344214000196
740	-484.52455927845403	726.786838917681	242.26227963922702	484.52455927845403	-726.786838917681	-484.52455927845403	8.389999999999986	8.389999999999986	242.26227963922702	-8.389999999999986	726.786838917681	233.87227963922703	8.389999999999986	726.786838917681	-242.26227963922702	726.786838917681	-726.786838917681	8.39	242.26227963922702
741	-501.6806470539534	752.5209705809301	250.8403235269767	501.6806470539534	-752.5209705809301	-501.6806470539534	8.389999999999986	8.389999999999986	250.8403235269767	-8.389999999999986	752.5209705809301	242.45032352697672	8.389999999999986	752.5209705809301	-250.8403235269767	752.5209705809301	-752.5209705809301	8.39	250.8403235269767
742	-506.3680970541034	759.5521455811551	253.18404852705166	506.3680970541034	-759.5521455811551	-506.3680970541034	8.389999999999986	8.389999999999986	253.18404852705166	-8.389999999999986	759.5521455811551	244.79404852705164	8.389999999999986	759.5521455811551	-253.18404852705166	759.5521455811551	-759.5521455811551	8.39	253.18404852705174
743	-513.413321879479	770.1199828192185	256.7066609397395	513.413321879479	-770.1199828192185	-513.413321879479	8.389999999999986	8.389999999999986	256.7066609397395	-8.389999999999986	770.1199828192185	248.3166609397395	8.389999999999986	770.1199828192185	-256.7066609397395	770.1199828192185	-770.1199828192185	8.39	256.70666093973955
744	-526.6804470543533	790.02067058153	263.34022352717665	526.6804470543533	-790.02067058153	-526.6804470543533	8.389999999999986	8.389999999999986	263.34022352717665	-8.389999999999986	790.02067058153	254.95022352717666	8.389999999999986	790.02067058153	-263.34022352717665	790.02067058153	-790.02067058153	8.39	263.34022352717665
745	-545.4552718548538	818.1829077822807	272.7276359274269	545.4552718548538	-818.1829077822807	-545.4552718548538	8.389999999999986	8.389999999999986	272.7276359274269	-8.389999999999986	818.1829077822807	264.3376359274269	8.389999999999986	818.1829077822807	-272.7276359274269	818.1829077822807	-818.1829077822807	8.39	272.7276359274269
746	-550.9380216800795	826.4070325201193	275.46901084003974	550.9380216800795	-826.4070325201193	-550.9380216800795	8.389999999999986	8.389999999999986	275.46901084003974	-8.389999999999986	826.4070325201193	267.07901084003976	8.389999999999986	826.4070325201193	-275.46901084003974	826.4070325201193	-826.4070325201193	8.39	275.46901084003974
747	-557.21299647998	835.8194947199701	278.60649823999	557.21299647998	-835.8194947199701	-557.21299647998	8.389999999999986	8.389999999999986	278.60649823999	-8.389999999999986	835.8194947199701	270.21649823999	8.389999999999986	835.8194947199701	-278.60649823999	835.8194947199701	-835.8194947199701	8.39	278.60649823999
748	-572.0990590790537	858.1485886185807	286.0495295395269	572.0990590790537	-858.1485886185807	-572.0990590790537	8.389999999999986	8.389999999999986	286.0495295395269	-8.389999999999986	858.1485886185807	277.6595295395269	8.389999999999986	858.1485886185807	-286.0495295395269	858.1485886185807	-858.1485886185807	8.39	286.0495295395269
749	-577.5630466294283	866.3445699441426	288.7815233147142	577.5630466294283	-866.3445699441426	-577.5630466294283	8.389999999999986	8.389999999999986	288.7815233147142	-8.389999999999986	866.3445699441426	280.3915233147142	8.389999999999986	866.3445699441426	-288.7815233147142	866.3445699441426	-866.3445699441426	8.39	288.7815233147142
750	-601.0378212800796	901.5567319201194	300.5189106400398	601.0378212800796	-901.5567319201194	-601.0378212800796	8.389999999999986	8.389999999999986	300.5189106400398	-8.389999999999986	901.5567319201194	292.1289106400398	8.389999999999986	901.5567319201194	-300.5189106400398	901.5567319201194	-901.5567319201194	8.39	300.5189106400398
751	-604.9612586799043	907.4418880198565	302.48062933995215	604.9612586799043	-907.4418880198565	-604.9612586799043	8.389999999999986	8.389999999999986	302.48062933995215	-8.389999999999986	907.4418880198565	294.09062933995216	8.389999999999986	907.4418880198565	-302.48062933995215	907.4418880198565	-907.4418880198565	8.39	302.48062933995215
752	-605.7440586549795	908.6160879824694	302.87202932748977	605.7440586549795	-908.6160879824694	-605.7440586549795	8.389999999999986	8.389999999999986	302.87202932748977	-8.389999999999986	908.6160879824694	294.4820293274898	8.389999999999986	908.6160879824694	-302.87202932748977	908.6160879824694	-908.6160879824694	8.39	302.87202932748977
753	-610.4565584547298	915.6848376820948	305.2282792273649	610.4565584547298	-915.6848376820948	-610.4565584547298	8.389999999999986	8.389999999999986	305.2282792273649	-8.389999999999986	915.6848376820948	296.8382792273649	8.389999999999986	915.6848376820948	-305.2282792273649	915.6848376820948	-915.6848376820948	8.39	305.2282792273649
754	-626.1378208796795	939.2067313195192	313.0689104398397	626.1378208796795	-939.2067313195192	-626.1378208796795	8.389999999999986	8.389999999999986	313.0689104398397	-8.389999999999986	939.2067313195192	304.67891043983974	8.389999999999986	939.2067313195192	-313.0689104398397	939.2067313195192	-939.2067313195192	8.39	313.0689104398397
755	-632.41279567958	948.61919351937	316.20639783979	632.41279567958	-948.61919351937	-632.41279567958	8.389999999999986	8.389999999999986	316.20639783979	-8.389999999999986	948.61919351937	307.81639783979	8.389999999999986	948.61919351937	-316.20639783979	948.61919351937	-948.61919351937	8.39	316.20639783979
756	-644.9878954789796	967.4818432184694	322.4939477394898	644.9878954789796	-967.4818432184694	-644.9878954789796	8.389999999999986	8.389999999999986	322.4939477394898	-8.389999999999986	967.4818432184694	314.1039477394898	8.389999999999986	967.4818432184694	-322.4939477394898	967.4818432184694	-967.4818432184694	8.39	322.4939477394898
757	-654.4317828532288	981.6476742798433	327.2158914266144	654.4317828532288	-981.6476742798433	-654.4317828532288	8.389999999999986	8.389999999999986	327.2158914266144	-8.389999999999986	981.6476742798433	318.8258914266144	8.389999999999986	981.6476742798433	-327.2158914266144	981.6476742798433	-981.6476742798433	8.39	327.2158914266144
758	-356.4686966541034	534.703044981155	178.2343483270517	356.4686966541034	-534.703044981155	-356.4686966541034	8.389999999999986	8.389999999999986	178.2343483270517	-8.389999999999986	534.703044981155	169.84434832705168	8.389999999999986	534.703044981155	-178.2343483270517	534.703044981155	-534.703044981155	8.39	178.2343483270517
759	-421.9996594790538	632.9994892185807	210.9998297395269	421.9996594790538	-632.9994892185807	-421.9996594790538	8.389999999999986	8.389999999999986	210.9998297395269	-8.389999999999986	632.9994892185807	202.60982973952687	8.389999999999986	632.9994892185807	-210.9998297395269	632.9994892185807	-632.9994892185807	8.39	210.9998297395269
760	-431.3682970545034	647.0524455817551	215.6841485272517	431.3682970545034	-647.0524455817551	-431.3682970545034	8.389999999999986	8.389999999999986	215.6841485272517	-8.389999999999986	647.0524455817551	207.29414852725168	8.389999999999986	647.0524455817551	-215.6841485272517	647.0524455817551	-647.0524455817551	8.39	215.6841485272517
761	-511.0617844794036	766.5926767191054	255.5308922397018	511.0617844794036	-766.5926767191054	-511.0617844794036	8.389999999999986	8.389999999999986	255.5308922397018	-8.389999999999986	766.5926767191054	247.1408922397018	8.389999999999986	766.5926767191054	-255.5308922397018	766.5926767191054	-766.5926767191054	8.39	255.5308922397018
762	-536.8443844548788	805.2665766823181	268.4221922274394	536.8443844548788	-805.2665766823181	-536.8443844548788	8.389999999999986	8.389999999999986	268.4221922274394	-8.389999999999986	805.2665766823181	260.0321922274394	8.389999999999986	805.2665766823181	-268.4221922274394	805.2665766823181	-805.2665766823181	8.39	268.4221922274394
763	-548.586484280004	822.879726420006	274.293242140002	548.586484280004	-822.879726420006	-548.586484280004	8.389999999999986	8.389999999999986	274.293242140002	-8.389999999999986	822.879726420006	265.903242140002	8.389999999999986	822.879726420006	-274.293242140002	822.879726420006	-822.879726420006	8.39	274.293242140002
764	-586.9441840548789	880.4162760823183	293.47209202743943	586.9441840548789	-880.4162760823183	-586.9441840548789	8.389999999999986	8.389999999999986	293.47209202743943	-8.389999999999986	880.4162760823183	285.08209202743944	8.389999999999986	880.4162760823183	-293.47209202743943	880.4162760823183	-880.4162760823183	8.39	293.47209202743943
765	-595.5550714548538	893.3326071822806	297.7775357274269	595.5550714548538	-893.3326071822806	-595.5550714548538	8.389999999999986	8.389999999999986	297.7775357274269	-8.389999999999986	893.3326071822806	289.3875357274269	8.389999999999986	893.3326071822806	-297.7775357274269	893.3326071822806	-893.3326071822806	8.39	297.7775357274269
766	-623.786283479604	935.679425219406	311.893141739802	623.786283479604	-935.679425219406	-623.786283479604	8.389999999999986	8.389999999999986	311.893141739802	-8.389999999999986	935.679425219406	303.503141739802	8.389999999999986	935.679425219406	-311.893141739802	935.679425219406	-935.679425219406	8.39	311.893141739802
767	-543.1115624795789	814.6673437193682	271.5557812397894	543.1115624795789	-814.6673437193682	-543.1115624795789	8.389999999999986	8.389999999999986	271.5557812397894	-8.389999999999986	814.6673437193682	263.1657812397894	8.389999999999986	814.6673437193682	-271.5557812397894	814.6673437193682	-814.6673437193682	8.39	271.55578123978944
768	-524.3367376790784	786.5051065186176	262.1683688395392	524.3367376790784	-786.5051065186176	-524.3367376790784	8.389999999999986	8.389999999999986	262.1683688395392	-8.389999999999986	786.5051065186176	253.77836883953918	8.389999999999986	786.5051065186176	-262.1683688395392	786.5051065186176	-786.5051065186176	8.39	262.1683688395392
769	-420.4387500788538	630.6581251182806	210.2193750394269	420.4387500788538	-630.6581251182806	-420.4387500788538	8.389999999999986	8.389999999999986	210.2193750394269	-8.389999999999986	630.6581251182806	201.82937503942688	8.389999999999986	630.6581251182806	-210.2193750394269	630.6581251182806	-630.6581251182806	8.39	210.21937503942686
770	-574.4365372790783	861.6548059186174	287.21826863953913	574.4365372790783	-861.6548059186174	-574.4365372790783	8.389999999999986	8.389999999999986	287.21826863953913	-8.389999999999986	861.6548059186174	278.82826863953915	8.389999999999986	861.6548059186174	-287.21826863953913	861.6548059186174	-861.6548059186174	8.39	287.21826863953913
771	-496.21822510352877	744.3273376552931	248.10911255176438	496.21822510352877	-744.3273376552931	-496.21822510352877	8.389999999999986	8.389999999999986	248.10911255176438	-8.389999999999986	744.3273376552931	239.71911255176437	8.389999999999986	744.3273376552931	-248.10911255176438	744.3273376552931	-744.3273376552931	8.39	248.10911255176438
772	-593.2113620795787	889.8170431193681	296.6056810397894	593.2113620795787	-889.8170431193681	-593.2113620795787	8.389999999999986	8.389999999999986	296.6056810397894	-8.389999999999986	889.8170431193681	288.2156810397894	8.389999999999986	889.8170431193681	-296.6056810397894	889.8170431193681	-889.8170431193681	8.39	296.6056810397894
773	-302.7189489038293	454.07842335574395	151.35947445191465	302.7189489038293	-454.07842335574395	-302.7189489038293	8.389999999999986	8.389999999999986	151.35947445191465	-8.389999999999986	454.07842335574395	142.96947445191464	8.389999999999986	454.07842335574395	-151.35947445191465	454.07842335574395	-454.07842335574395	8.39	151.35947445191462
774	-308.16424907865405	462.2463736179811	154.08212453932703	308.16424907865405	-462.2463736179811	-308.16424907865405	8.389999999999986	8.389999999999986	154.08212453932703	-8.389999999999986	462.2463736179811	145.692124539327	8.389999999999986	462.2463736179811	-154.08212453932703	462.2463736179811	-462.2463736179811	8.39	154.082124539327
775	-327.6189493034294	491.4284239551441	163.8094746517147	327.6189493034294	-491.4284239551441	-327.6189493034294	8.389999999999986	8.389999999999986	163.8094746517147	-8.389999999999986	491.4284239551441	155.4194746517147	8.389999999999986	491.4284239551441	-163.8094746517147	491.4284239551441	-491.4284239551441	8.39	163.80947465171468
776	-348.6578622536034	522.9867933804051	174.3289311268017	348.6578622536034	-522.9867933804051	-348.6578622536034	8.389999999999986	8.389999999999986	174.3289311268017	-8.389999999999986	522.9867933804051	165.9389311268017	8.389999999999986	522.9867933804051	-174.3289311268017	522.9867933804051	-522.9867933804051	8.39	174.32893112680168
777	-383.7437249033288	575.6155873549933	191.8718624516644	383.7437249033288	-575.6155873549933	-383.7437249033288	8.389999999999986	8.389999999999986	191.8718624516644	-8.389999999999986	575.6155873549933	183.4818624516644	8.389999999999986	575.6155873549933	-191.8718624516644	575.6155873549933	-575.6155873549933	8.39	191.87186245166438
778	-399.3373376786784	599.0060065180176	199.6686688393392	399.3373376786784	-599.0060065180176	-399.3373376786784	8.389999999999986	8.389999999999986	199.6686688393392	-8.389999999999986	599.0060065180176	191.2786688393392	8.389999999999986	599.0060065180176	-199.6686688393392	599.0060065180176	-599.0060065180176	8.39	199.66866883933918
779	-405.5872626789783	608.3808940184674	202.79363133948914	405.5872626789783	-608.3808940184674	-405.5872626789783	8.389999999999986	8.389999999999986	202.79363133948914	-8.389999999999986	608.3808940184674	194.40363133948912	8.389999999999986	608.3808940184674	-202.79363133948914	608.3808940184674	-608.3808940184674	8.39	202.7936313394891
780	-407.1497376791283	610.7246065186924	203.57486883956415	407.1497376791283	-610.7246065186924	-407.1497376791283	8.389999999999986	8.389999999999986	203.57486883956415	-8.389999999999986	610.7246065186924	195.18486883956413	8.389999999999986	610.7246065186924	-203.57486883956415	610.7246065186924	-610.7246065186924	8.39	203.57486883956412
781	-423.55746265400353	635.3361939810053	211.77873132700176	423.55746265400353	-635.3361939810053	-423.55746265400353	8.389999999999986	8.389999999999986	211.77873132700176	-8.389999999999986	635.3361939810053	203.38873132700175	8.389999999999986	635.3361939810053	-211.77873132700176	635.3361939810053	-635.3361939810053	8.39	211.77873132700174
782	-424.3371376790785	636.5057065186178	212.16856883953926	424.3371376790785	-636.5057065186178	-424.3371376790785	8.389999999999986	8.389999999999986	212.16856883953926	-8.389999999999986	636.5057065186178	203.77856883953925	8.389999999999986	636.5057065186178	-212.16856883953926	636.5057065186178	-636.5057065186178	8.39	212.16856883953923
783	-442.3322874545039	663.4984311817559	221.16614372725195	442.3322874545039	-663.4984311817559	-442.3322874545039	8.389999999999986	8.389999999999986	221.16614372725195	-8.389999999999986	663.4984311817559	212.77614372725193	8.389999999999986	663.4984311817559	-221.16614372725195	663.4984311817559	-663.4984311817559	8.39	221.16614372725192
784	-472.0761744786049	708.1142617179073	236.03808723930246	472.0761744786049	-708.1142617179073	-472.0761744786049	8.389999999999986	8.389999999999986	236.03808723930246	-8.389999999999986	708.1142617179073	227.64808723930244	8.389999999999986	708.1142617179073	-236.03808723930246	708.1142617179073	-708.1142617179073	8.39	236.03808723930243
785	-483.74332490332915	725.6149873549937	241.87166245166458	483.74332490332915	-725.6149873549937	-483.74332490332915	8.389999999999986	8.389999999999986	241.87166245166458	-8.389999999999986	725.6149873549937	233.48166245166456	8.389999999999986	725.6149873549937	-241.87166245166458	725.6149873549937	-725.6149873549937	8.39	241.87166245166455
786	-498.5572626536035	747.8358939804052	249.27863132680176	498.5572626536035	-747.8358939804052	-498.5572626536035	8.389999999999986	8.389999999999986	249.27863132680176	-8.389999999999986	747.8358939804052	240.88863132680174	8.389999999999986	747.8358939804052	-249.27863132680176	747.8358939804052	-747.8358939804052	8.39	249.27863132680173
787	-617.5316866541039	926.2975299811558	308.7658433270519	617.5316866541039	-926.2975299811558	-617.5316866541039	8.389999999999986	8.389999999999986	308.7658433270519	-8.389999999999986	926.2975299811558	300.37584332705194	8.389999999999986	926.2975299811558	-308.7658433270519	926.2975299811558	-926.2975299811558	8.39	308.7658433270519
788	-454.08062470477944	681.1209370571692	227.04031235238972	454.08062470477944	-681.1209370571692	-454.08062470477944	8.389999999999986	8.389999999999986	227.04031235238972	-8.389999999999986	681.1209370571692	218.65031235238973	8.389999999999986	681.1209370571692	-227.04031235238972	681.1209370571692	-681.1209370571692	8.39	227.04031235238972
789	-404.80758765390334	607.211381480855	202.40379382695167	404.80758765390334	-607.211381480855	-404.80758765390334	8.389999999999986	8.389999999999986	202.40379382695167	-8.389999999999986	607.211381480855	194.01379382695166	8.389999999999986	607.211381480855	-202.40379382695167	607.211381480855	-607.211381480855	8.39	202.4037938269517
790	-481.4074123032545	722.1111184548818	240.70370615162724	481.4074123032545	-722.1111184548818	-481.4074123032545	8.389999999999986	8.389999999999986	240.70370615162724	-8.389999999999986	722.1111184548818	232.31370615162723	8.389999999999986	722.1111184548818	-240.70370615162724	722.1111184548818	-722.1111184548818	8.39	240.70370615162727
791	-290.2938487044289	435.4407730566433	145.14692435221446	290.2938487044289	-435.4407730566433	-290.2938487044289	8.389999999999986	8.389999999999986	145.14692435221446	-8.389999999999986	435.4407730566433	136.75692435221444	8.389999999999986	435.4407730566433	-145.14692435221446	435.4407730566433	-435.4407730566433	8.39	145.1469243522144
792	-300.3830363037547	450.574554455632	150.19151815187735	300.3830363037547	-450.574554455632	-300.3830363037547	8.389999999999986	8.389999999999986	150.19151815187735	-8.389999999999986	450.574554455632	141.80151815187733	8.389999999999986	450.574554455632	-150.19151815187735	450.574554455632	-450.574554455632	8.39	150.1915181518773
793	-311.2829616538038	466.92444248070564	155.6414808269019	311.2829616538038	-466.92444248070564	-311.2829616538038	8.389999999999986	8.389999999999986	155.6414808269019	-8.389999999999986	466.92444248070564	147.25148082690188	8.389999999999986	466.92444248070564	-155.6414808269019	466.92444248070564	-466.92444248070564	8.39	155.64148082690184
794	-333.84392450332894	500.76588675499335	166.92196225166447	333.84392450332894	-500.76588675499335	-333.84392450332894	8.389999999999986	8.389999999999986	166.92196225166447	-8.389999999999986	500.76588675499335	158.53196225166445	8.389999999999986	500.76588675499335	-166.92196225166447	500.76588675499335	-500.76588675499335	8.39	166.9219622516644
795	-346.31882470352866	519.478237055293	173.15941235176433	346.31882470352866	-519.478237055293	-346.31882470352866	8.389999999999986	8.389999999999986	173.15941235176433	-8.389999999999986	519.478237055293	164.76941235176432	8.389999999999986	519.478237055293	-173.15941235176433	519.478237055293	-519.478237055293	8.39	173.15941235176433
796	-360.3811497042786	540.5717245564178	180.19057485213932	360.3811497042786	-540.5717245564178	-360.3811497042786	8.389999999999986	8.389999999999986	180.19057485213932	-8.389999999999986	540.5717245564178	171.8005748521393	8.389999999999986	540.5717245564178	-180.19057485213932	540.5717245564178	-540.5717245564178	8.39	180.1905748521392
797	-518.882112503854	778.3231687557811	259.441056251927	518.882112503854	-778.3231687557811	-518.882112503854	8.389999999999986	8.389999999999986	259.441056251927	-8.389999999999986	778.3231687557811	251.051056251927	8.389999999999986	778.3231687557811	-259.441056251927	778.3231687557811	-778.3231687557811	8.39	259.4410562519271
798	-525.8992126792284	788.8488190188426	262.9496063396142	525.8992126792284	-788.8488190188426	-525.8992126792284	8.389999999999986	8.389999999999986	262.9496063396142	-8.389999999999986	788.8488190188426	254.5596063396142	8.389999999999986	788.8488190188426	-262.9496063396142	788.8488190188426	-788.8488190188426	8.39	262.9496063396142
799	-336.1829620534039	504.27444308010587	168.09148102670196	336.1829620534039	-504.27444308010587	-336.1829620534039	8.389999999999986	8.389999999999986	168.09148102670196	-8.389999999999986	504.27444308010587	159.70148102670194	8.389999999999986	504.27444308010587	-168.09148102670196	504.27444308010587	-504.27444308010587	8.39	168.09148102670193
800	-386.0827624534039	579.1241436801058	193.04138122670196	386.0827624534039	-579.1241436801058	-386.0827624534039	8.389999999999986	8.389999999999986	193.04138122670196	-8.389999999999986	579.1241436801058	184.65138122670194	8.389999999999986	579.1241436801058	-193.04138122670196	579.1241436801058	-579.1241436801058	8.39	193.04138122670193
801	-395.4389500784539	593.1584251176808	197.71947503922695	395.4389500784539	-593.1584251176808	-395.4389500784539	8.389999999999986	8.389999999999986	197.71947503922695	-8.389999999999986	593.1584251176808	189.32947503922693	8.389999999999986	593.1584251176808	-197.71947503922695	593.1584251176808	-593.1584251176808	8.39	197.71947503922692
802	-421.2184251039288	631.8276376558931	210.6092125519644	421.2184251039288	-631.8276376558931	-421.2184251039288	8.389999999999986	8.389999999999986	210.6092125519644	-8.389999999999986	631.8276376558931	202.21921255196438	8.389999999999986	631.8276376558931	-210.6092125519644	631.8276376558931	-631.8276376558931	8.39	210.60921255196436
803	-430.5870626793784	645.8805940190675	215.2935313396892	430.5870626793784	-645.8805940190675	-430.5870626793784	8.389999999999986	8.389999999999986	215.2935313396892	-8.389999999999986	645.8805940190675	206.90353133968918	8.389999999999986	645.8805940190675	-215.2935313396892	645.8805940190675	-645.8805940190675	8.39	215.29353133968917
804	-495.438550078454	743.157825117681	247.719275039227	495.438550078454	-743.157825117681	-495.438550078454	8.389999999999986	8.389999999999986	247.719275039227	-8.389999999999986	743.157825117681	239.32927503922699	8.389999999999986	743.157825117681	-247.719275039227	743.157825117681	-743.157825117681	8.39	247.71927503922697
805	-312.0626366788786	468.09395501831784	156.03131833943928	312.0626366788786	-468.09395501831784	-312.0626366788786	8.389999999999986	8.389999999999986	156.03131833943928	-8.389999999999986	468.09395501831784	147.6413183394393	8.389999999999986	468.09395501831784	-156.03131833943928	468.09395501831784	-468.09395501831784	8.39	156.03131833943928
806	-507.14933767912834	760.7240065186924	253.5746688395641	507.14933767912834	-760.7240065186924	-507.14933767912834	8.389999999999986	8.389999999999986	253.5746688395641	-8.389999999999986	760.7240065186924	245.1846688395641	8.389999999999986	760.7240065186924	-253.5746688395641	760.7240065186924	-760.7240065186924	8.39	253.5746688395642
807	-345.5391496784537	518.3087245176806	172.76957483922686	345.5391496784537	-518.3087245176806	-345.5391496784537	8.389999999999986	8.389999999999986	172.76957483922686	-8.389999999999986	518.3087245176806	164.3795748392269	8.389999999999986	518.3087245176806	-172.76957483922686	518.3087245176806	-518.3087245176806	8.39	172.76957483922683
808	-355.68746227897833	533.5311934184675	177.84373113948917	355.68746227897833	-533.5311934184675	-355.68746227897833	8.389999999999986	8.389999999999986	177.84373113948917	-8.389999999999986	533.5311934184675	169.4537311394892	8.389999999999986	533.5311934184675	-177.84373113948917	533.5311934184675	-533.5311934184675	8.39	177.84373113948914
809	-429.80738765430357	644.7110814814554	214.90369382715178	429.80738765430357	-644.7110814814554	-429.80738765430357	8.389999999999986	8.389999999999986	214.90369382715178	-8.389999999999986	644.7110814814554	206.51369382715183	8.389999999999986	644.7110814814554	-214.90369382715178	644.7110814814554	-644.7110814814554	8.39	214.90369382715176
810	-568.9819121038543	853.4728681557814	284.4909560519271	568.9819121038543	-853.4728681557814	-568.9819121038543	8.389999999999986	8.389999999999986	284.4909560519271	-8.389999999999986	853.4728681557814	276.10095605192714	8.389999999999986	853.4728681557814	-284.4909560519271	853.4728681557814	-853.4728681557814	8.39	284.4909560519271
811	-604.1800243047794	906.2700364571691	302.0900121523897	604.1800243047794	-906.2700364571691	-604.1800243047794	8.389999999999986	8.389999999999986	302.0900121523897	-8.389999999999986	906.2700364571691	293.7000121523897	8.389999999999986	906.2700364571691	-302.0900121523897	906.2700364571691	-906.2700364571691	8.39	302.0900121523897
812	-289.514173679354	434.271260519031	144.75708683967702	289.514173679354	-434.271260519031	-289.514173679354	8.389999999999986	8.389999999999986	144.75708683967702	-8.389999999999986	434.271260519031	136.36708683967703	8.389999999999986	434.271260519031	-144.75708683967702	434.271260519031	-434.271260519031	8.39	144.75708683967696
813	-301.9392738787544	452.90891081813163	150.9696369393772	301.9392738787544	-452.90891081813163	-301.9392738787544	8.389999999999986	8.389999999999986	150.9696369393772	-8.389999999999986	452.90891081813163	142.57963693937722	8.389999999999986	452.90891081813163	-150.9696369393772	452.90891081813163	-452.90891081813163	8.39	150.9696369393772
814	-306.6080115036543	459.9120172554815	153.30400575182716	306.6080115036543	-459.9120172554815	-306.6080115036543	8.389999999999986	8.389999999999986	153.30400575182716	-8.389999999999986	459.9120172554815	144.91400575182718	8.389999999999986	459.9120172554815	-153.30400575182716	459.9120172554815	-459.9120172554815	8.39	153.30400575182716
815	-308.94392410372893	463.4158861555934	154.47196205186447	308.94392410372893	-463.4158861555934	-308.94392410372893	8.389999999999986	8.389999999999986	154.47196205186447	-8.389999999999986	463.4158861555934	146.08196205186448	8.389999999999986	463.4158861555934	-154.47196205186447	463.4158861555934	-463.4158861555934	8.39	154.47196205186447
816	-322.1767740786049	483.2651611179074	161.08838703930246	322.1767740786049	-483.2651611179074	-322.1767740786049	8.389999999999986	8.389999999999986	161.08838703930246	-8.389999999999986	483.2651611179074	152.69838703930247	8.389999999999986	483.2651611179074	-161.08838703930246	483.2651611179074	-483.2651611179074	8.39	161.08838703930246
817	-326.8392742783545	490.25891141753175	163.41963713917724	326.8392742783545	-490.25891141753175	-326.8392742783545	8.389999999999986	8.389999999999986	163.41963713917724	-8.389999999999986	490.25891141753175	155.02963713917723	8.389999999999986	490.25891141753175	-163.41963713917724	490.25891141753175	-490.25891141753175	8.39	163.41963713917727
818	-331.5080119032544	497.2620178548816	165.7540059516272	331.5080119032544	-497.2620178548816	-331.5080119032544	8.389999999999986	8.389999999999986	165.7540059516272	-8.389999999999986	497.2620178548816	157.36400595162718	8.389999999999986	497.2620178548816	-165.7540059516272	497.2620178548816	-497.2620178548816	8.39	165.75400595162722
819	-333.064249478254	499.596374217381	166.53212473912703	333.064249478254	-499.596374217381	-333.064249478254	8.389999999999986	8.389999999999986	166.53212473912703	-8.389999999999986	499.596374217381	158.14212473912704	8.389999999999986	499.596374217381	-166.53212473912703	499.596374217381	-499.596374217381	8.39	166.53212473912697
820	-336.9626370784786	505.44395561771796	168.48131853923934	336.9626370784786	-505.44395561771796	-336.9626370784786	8.389999999999986	8.389999999999986	168.48131853923934	-8.389999999999986	505.44395561771796	160.09131853923935	8.389999999999986	505.44395561771796	-168.48131853923934	505.44395561771796	-505.44395561771796	8.39	168.48131853923928
821	-354.9077872539035	532.3616808808553	177.45389362695175	354.9077872539035	-532.3616808808553	-354.9077872539035	8.389999999999986	8.389999999999986	177.45389362695175	-8.389999999999986	532.3616808808553	169.06389362695177	8.389999999999986	532.3616808808553	-177.45389362695175	532.3616808808553	-532.3616808808553	8.39	177.45389362695175
822	-372.0765744786049	558.1148617179074	186.03828723930246	372.0765744786049	-558.1148617179074	-372.0765744786049	8.389999999999986	8.389999999999986	186.03828723930246	-8.389999999999986	558.1148617179074	177.64828723930248	8.389999999999986	558.1148617179074	-186.03828723930246	558.1148617179074	-558.1148617179074	8.39	186.03828723930246
823	-376.7390746783545	565.1086120175318	188.36953733917727	376.7390746783545	-565.1086120175318	-376.7390746783545	8.389999999999986	8.389999999999986	188.36953733917727	-8.389999999999986	565.1086120175318	179.97953733917728	8.389999999999986	565.1086120175318	-188.36953733917727	565.1086120175318	-565.1086120175318	8.39	188.3695373391772
824	-381.40781230325433	572.1117184548815	190.70390615162717	381.40781230325433	-572.1117184548815	-381.40781230325433	8.389999999999986	8.389999999999986	190.70390615162717	-8.389999999999986	572.1117184548815	182.31390615162718	8.389999999999986	572.1117184548815	-190.70390615162717	572.1117184548815	-572.1117184548815	8.39	190.70390615162717
825	-382.96404987825406	574.4460748173811	191.48202493912703	382.96404987825406	-574.4460748173811	-382.96404987825406	8.389999999999986	8.389999999999986	191.48202493912703	-8.389999999999986	574.4460748173811	183.09202493912704	8.389999999999986	574.4460748173811	-191.48202493912703	574.4460748173811	-574.4460748173811	8.39	191.4820249391271
826	-386.8624374784786	580.293656217718	193.43121873923934	386.8624374784786	-580.293656217718	-386.8624374784786	8.389999999999986	8.389999999999986	193.43121873923934	-8.389999999999986	580.293656217718	185.04121873923935	8.389999999999986	580.293656217718	-193.43121873923934	580.293656217718	-580.293656217718	8.39	193.43121873923928
827	-396.21862510352855	594.3279376552929	198.1093125517643	396.21862510352855	-594.3279376552929	-396.21862510352855	8.389999999999986	8.389999999999986	198.1093125517643	-8.389999999999986	594.3279376552929	189.7193125517643	8.389999999999986	594.3279376552929	-198.1093125517643	594.3279376552929	-594.3279376552929	8.39	198.10931255176428
828	-398.5576626536034	597.8364939804052	199.2788313268017	398.5576626536034	-597.8364939804052	-398.5576626536034	8.389999999999986	8.389999999999986	199.2788313268017	-8.389999999999986	597.8364939804052	190.88883132680172	8.389999999999986	597.8364939804052	-199.2788313268017	597.8364939804052	-597.8364939804052	8.39	199.27883132680176
829	-400.8998126788283	601.3497190182425	200.44990633941416	400.8998126788283	-601.3497190182425	-400.8998126788283	8.389999999999986	8.389999999999986	200.44990633941416	-8.389999999999986	601.3497190182425	192.05990633941417	8.389999999999986	601.3497190182425	-200.44990633941416	601.3497190182425	-601.3497190182425	8.39	200.44990633941416
830	-418.88251250385406	628.3237687557811	209.44125625192703	418.88251250385406	-628.3237687557811	-418.88251250385406	8.389999999999986	8.389999999999986	209.44125625192703	-8.389999999999986	628.3237687557811	201.05125625192704	8.389999999999986	628.3237687557811	-209.44125625192703	628.3237687557811	-628.3237687557811	8.39	209.44125625192703
831	-443.11196247957866	664.667943719368	221.55598123978933	443.11196247957866	-664.667943719368	-443.11196247957866	8.389999999999986	8.389999999999986	221.55598123978933	-8.389999999999986	664.667943719368	213.16598123978935	8.389999999999986	664.667943719368	-221.55598123978933	664.667943719368	-664.667943719368	8.39	221.5559812397894
832	-444.6744374797286	667.011656219593	222.33721873986434	444.6744374797286	-667.011656219593	-444.6744374797286	8.389999999999986	8.389999999999986	222.33721873986434	-8.389999999999986	667.011656219593	213.94721873986435	8.389999999999986	667.011656219593	-222.33721873986434	667.011656219593	-667.011656219593	8.39	222.33721873986428
833	-475.1824371033548	712.7736556550323	237.5912185516774	475.1824371033548	-712.7736556550323	-475.1824371033548	8.389999999999986	8.389999999999986	237.5912185516774	-8.389999999999986	712.7736556550323	229.2012185516774	8.389999999999986	712.7736556550323	-237.5912185516774	712.7736556550323	-712.7736556550323	8.39	237.59121855167746
834	-476.7386746783545	715.1080120175318	238.36933733917726	476.7386746783545	-715.1080120175318	-476.7386746783545	8.389999999999986	8.389999999999986	238.36933733917726	-8.389999999999986	715.1080120175318	229.97933733917728	8.389999999999986	715.1080120175318	-238.36933733917726	715.1080120175318	-715.1080120175318	8.39	238.36933733917726
835	-482.96364987825416	724.4454748173813	241.48182493912708	482.96364987825416	-724.4454748173813	-482.96364987825416	8.389999999999986	8.389999999999986	241.48182493912708	-8.389999999999986	724.4454748173813	233.0918249391271	8.389999999999986	724.4454748173813	-241.48182493912708	724.4454748173813	-724.4454748173813	8.39	241.48182493912714
836	-486.08236245340396	729.123543680106	243.04118122670198	486.08236245340396	-729.123543680106	-486.08236245340396	8.389999999999986	8.389999999999986	243.04118122670198	-8.389999999999986	729.123543680106	234.65118122670196	8.389999999999986	729.123543680106	-243.04118122670198	729.123543680106	-729.123543680106	8.39	243.041181226702
837	-505.58686267897826	758.3802940184675	252.79343133948916	505.58686267897826	-758.3802940184675	-505.58686267897826	8.389999999999986	8.389999999999986	252.79343133948916	-8.389999999999986	758.3802940184675	244.40343133948915	8.389999999999986	758.3802940184675	-252.79343133948916	758.3802940184675	-758.3802940184675	8.39	252.79343133948913
838	-510.2805501042786	765.4208251564179	255.14027505213932	510.2805501042786	-765.4208251564179	-510.2805501042786	8.389999999999986	8.389999999999986	255.14027505213932	-8.389999999999986	765.4208251564179	246.75027505213933	8.389999999999986	765.4208251564179	-255.14027505213932	765.4208251564179	-765.4208251564179	8.39	255.14027505213926
839	-521.2180251039285	781.8270376558928	260.60901255196427	521.2180251039285	-781.8270376558928	-521.2180251039285	8.389999999999986	8.389999999999986	260.60901255196427	-8.389999999999986	781.8270376558928	252.21901255196428	8.389999999999986	781.8270376558928	-260.60901255196427	781.8270376558928	-781.8270376558928	8.39	260.60901255196427
840	-530.5866626793782	795.8799940190672	265.2933313396891	530.5866626793782	-795.8799940190672	-530.5866626793782	8.389999999999986	8.389999999999986	265.2933313396891	-8.389999999999986	795.8799940190672	256.9033313396891	8.389999999999986	795.8799940190672	-265.2933313396891	795.8799940190672	-795.8799940190672	8.39	265.2933313396891
841	-532.1491376795284	798.2237065192926	266.0745688397642	532.1491376795284	-798.2237065192926	-532.1491376795284	8.389999999999986	8.389999999999986	266.0745688397642	-8.389999999999986	798.2237065192926	257.6845688397642	8.389999999999986	798.2237065192926	-266.0745688397642	798.2237065192926	-798.2237065192926	8.39	266.0745688397642
842	-535.2803501046787	802.9205251570181	267.6401750523394	535.2803501046787	-802.9205251570181	-535.2803501046787	8.389999999999986	8.389999999999986	267.6401750523394	-8.389999999999986	802.9205251570181	259.2501750523394	8.389999999999986	802.9205251570181	-267.6401750523394	802.9205251570181	-802.9205251570181	8.39	267.6401750523394
843	-544.6740374797287	817.011056219593	272.33701873986433	544.6740374797287	-817.011056219593	-544.6740374797287	8.389999999999986	8.389999999999986	272.33701873986433	-8.389999999999986	817.011056219593	263.94701873986435	8.389999999999986	817.011056219593	-272.33701873986433	817.011056219593	-817.011056219593	8.39	272.33701873986433
844	-547.805249904879	821.7078748573185	273.9026249524395	547.805249904879	-821.7078748573185	-547.805249904879	8.389999999999986	8.389999999999986	273.9026249524395	-8.389999999999986	821.7078748573185	265.5126249524395	8.389999999999986	821.7078748573185	-273.9026249524395	821.7078748573185	-821.7078748573185	8.39	273.9026249524395
845	-554.0802247047795	831.1203370571693	277.04011235238977	554.0802247047795	-831.1203370571693	-554.0802247047795	8.389999999999986	8.389999999999986	277.04011235238977	-8.389999999999986	831.1203370571693	268.6501123523898	8.389999999999986	831.1203370571693	-277.04011235238977	831.1203370571693	-831.1203370571693	8.39	277.04011235238977
846	-571.3178247039286	856.976737055893	285.6589123519643	571.3178247039286	-856.976737055893	-571.3178247039286	8.389999999999986	8.389999999999986	285.6589123519643	-8.389999999999986	856.976737055893	277.26891235196433	8.389999999999986	856.976737055893	-285.6589123519643	856.976737055893	-856.976737055893	8.39	285.6589123519643
847	-580.6864622793782	871.0296934190674	290.3432311396891	580.6864622793782	-871.0296934190674	-580.6864622793782	8.389999999999986	8.389999999999986	290.3432311396891	-8.389999999999986	871.0296934190674	281.95323113968914	8.389999999999986	871.0296934190674	-290.3432311396891	871.0296934190674	-871.0296934190674	8.39	290.3432311396891
848	-582.2489372795285	873.3734059192927	291.12446863976425	582.2489372795285	-873.3734059192927	-582.2489372795285	8.389999999999986	8.389999999999986	291.12446863976425	-8.389999999999986	873.3734059192927	282.73446863976426	8.389999999999986	873.3734059192927	-291.12446863976425	873.3734059192927	-873.3734059192927	8.39	291.12446863976425
849	-585.3801497046788	878.0702245570183	292.6900748523394	585.3801497046788	-878.0702245570183	-585.3801497046788	8.389999999999986	8.389999999999986	292.6900748523394	-8.389999999999986	878.0702245570183	284.30007485233943	8.389999999999986	878.0702245570183	-292.6900748523394	878.0702245570183	-878.0702245570183	8.39	292.6900748523394
850	-592.431687054504	888.647530581756	296.215843527252	592.431687054504	-888.647530581756	-592.431687054504	8.389999999999986	8.389999999999986	296.215843527252	-8.389999999999986	888.647530581756	287.825843527252	8.389999999999986	888.647530581756	-296.215843527252	888.647530581756	-888.647530581756	8.39	296.215843527252
851	-594.7738370797288	892.1607556195931	297.3869185398644	594.7738370797288	-892.1607556195931	-594.7738370797288	8.389999999999986	8.389999999999986	297.3869185398644	-8.389999999999986	892.1607556195931	288.9969185398644	8.389999999999986	892.1607556195931	-297.3869185398644	892.1607556195931	-892.1607556195931	8.39	297.3869185398644
852	-597.9050495048791	896.8575742573187	298.95252475243956	597.9050495048791	-896.8575742573187	-597.9050495048791	8.389999999999986	8.389999999999986	298.95252475243956	-8.389999999999986	896.8575742573187	290.5625247524396	8.389999999999986	896.8575742573187	-298.95252475243956	896.8575742573187	-896.8575742573187	8.39	298.95252475243956
853	-618.3113616791786	927.4670425187679	309.1556808395893	618.3113616791786	-927.4670425187679	-618.3113616791786	8.389999999999986	8.389999999999986	309.1556808395893	-8.389999999999986	927.4670425187679	300.7656808395893	8.389999999999986	927.4670425187679	-309.1556808395893	927.4670425187679	-927.4670425187679	8.39	309.1556808395893
854	-623.005049104479	934.5075736567185	311.5025245522395	623.005049104479	-934.5075736567185	-623.005049104479	8.389999999999986	8.389999999999986	311.5025245522395	-8.389999999999986	934.5075736567185	303.1125245522395	8.389999999999986	934.5075736567185	-311.5025245522395	934.5075736567185	-934.5075736567185	8.39	311.5025245522395
855	-629.2800239043795	943.9200358565693	314.64001195218975	629.2800239043795	-943.9200358565693	-629.2800239043795	8.389999999999986	8.389999999999986	314.64001195218975	-8.389999999999986	943.9200358565693	306.25001195218977	8.389999999999986	943.9200358565693	-314.64001195218975	943.9200358565693	-943.9200358565693	8.39	314.64001195218975
856	-641.8551237037791	962.7826855556686	320.92756185188955	641.8551237037791	-962.7826855556686	-641.8551237037791	8.389999999999986	8.389999999999986	320.92756185188955	-8.389999999999986	962.7826855556686	312.53756185188956	8.389999999999986	962.7826855556686	-320.92756185188955	962.7826855556686	-962.7826855556686	8.39	320.92756185188955
857	-357.2499372791283	535.8749059186924	178.62496863956414	357.2499372791283	-535.8749059186924	-357.2499372791283	8.389999999999986	8.389999999999986	178.62496863956414	-8.389999999999986	535.8749059186924	170.23496863956416	8.389999999999986	535.8749059186924	-178.62496863956414	535.8749059186924	-535.8749059186924	8.39	178.62496863956414
858	-410.28095010427853	615.4214251564179	205.14047505213927	410.28095010427853	-615.4214251564179	-410.28095010427853	8.389999999999986	8.389999999999986	205.14047505213927	-8.389999999999986	615.4214251564179	196.75047505213928	8.389999999999986	615.4214251564179	-205.14047505213927	615.4214251564179	-615.4214251564179	8.39	205.14047505213932
859	-425.8996126792283	638.8494190188425	212.94980633961416	425.8996126792283	-638.8494190188425	-425.8996126792283	8.389999999999986	8.389999999999986	212.94980633961416	-8.389999999999986	638.8494190188425	204.55980633961417	8.389999999999986	638.8494190188425	-212.94980633961416	638.8494190188425	-638.8494190188425	8.39	212.94980633961416
860	-432.1495376795283	648.2243065192924	216.07476883976415	432.1495376795283	-648.2243065192924	-432.1495376795283	8.389999999999986	8.389999999999986	216.07476883976415	-8.389999999999986	648.2243065192924	207.68476883976416	8.389999999999986	648.2243065192924	-216.07476883976415	648.2243065192924	-648.2243065192924	8.39	216.07476883976415
861	-447.8056499048789	671.7084748573184	223.90282495243946	447.8056499048789	-671.7084748573184	-447.8056499048789	8.389999999999986	8.389999999999986	223.90282495243946	-8.389999999999986	671.7084748573184	215.51282495243947	8.389999999999986	671.7084748573184	-223.90282495243946	671.7084748573184	-671.7084748573184	8.39	223.90282495243946
862	-486.8620374784788	730.2930562177182	243.4310187392394	486.8620374784788	-730.2930562177182	-486.8620374784788	8.389999999999986	8.389999999999986	243.4310187392394	-8.389999999999986	730.2930562177182	235.0410187392394	8.389999999999986	730.2930562177182	-243.4310187392394	730.2930562177182	-730.2930562177182	8.39	243.43101873923945
863	-520.4383500788539	780.6575251182808	260.21917503942694	520.4383500788539	-780.6575251182808	-520.4383500788539	8.389999999999986	8.389999999999986	260.21917503942694	-8.389999999999986	780.6575251182808	251.82917503942693	8.389999999999986	780.6575251182808	-260.21917503942694	780.6575251182808	-780.6575251182808	8.39	260.2191750394269
864	-313.6251116790286	470.43766751854287	156.8125558395143	313.6251116790286	-470.43766751854287	-313.6251116790286	8.389999999999986	8.389999999999986	156.8125558395143	-8.389999999999986	470.43766751854287	148.42255583951427	8.389999999999986	470.43766751854287	-156.8125558395143	470.43766751854287	-470.43766751854287	8.39	156.8125558395143
865	-338.5251120786286	507.78766811794287	169.2625560393143	338.5251120786286	-507.78766811794287	-338.5251120786286	8.389999999999986	8.389999999999986	169.2625560393143	-8.389999999999986	507.78766811794287	160.87255603931428	8.389999999999986	507.78766811794287	-169.2625560393143	507.78766811794287	-507.78766811794287	8.39	169.2625560393143
866	-349.4375372786783	524.1563059180174	174.71876863933915	349.4375372786783	-524.1563059180174	-349.4375372786783	8.389999999999986	8.389999999999986	174.71876863933915	-8.389999999999986	524.1563059180174	166.32876863933913	8.389999999999986	524.1563059180174	-174.71876863933915	524.1563059180174	-524.1563059180174	8.39	174.71876863933915
867	-377.5187497034292	566.2781245551438	188.7593748517146	377.5187497034292	-566.2781245551438	-377.5187497034292	8.389999999999986	8.389999999999986	188.7593748517146	-8.389999999999986	566.2781245551438	180.36937485171458	8.389999999999986	566.2781245551438	-188.7593748517146	566.2781245551438	-566.2781245551438	8.39	188.7593748517146
868	-388.4249124786286	582.6373687179429	194.2124562393143	388.4249124786286	-582.6373687179429	-388.4249124786286	8.389999999999986	8.389999999999986	194.2124562393143	-8.389999999999986	582.6373687179429	185.82245623931428	8.389999999999986	582.6373687179429	-194.2124562393143	582.6373687179429	-582.6373687179429	8.39	194.2124562393143
869	-393.88271250345406	590.8240687551811	196.94135625172703	393.88271250345406	-590.8240687551811	-393.88271250345406	8.389999999999986	8.389999999999986	196.94135625172703	-8.389999999999986	590.8240687551811	188.55135625172701	8.389999999999986	590.8240687551811	-196.94135625172703	590.8240687551811	-590.8240687551811	8.39	196.94135625172703
870	-477.5183497034293	716.2775245551439	238.75917485171465	477.5183497034293	-716.2775245551439	-477.5183497034293	8.389999999999986	8.389999999999986	238.75917485171465	-8.389999999999986	716.2775245551439	230.36917485171463	8.389999999999986	716.2775245551439	-238.75917485171465	716.2775245551439	-716.2775245551439	8.39	238.75917485171465
871	-493.88231250345416	740.8234687551812	246.94115625172708	493.88231250345416	-740.8234687551812	-493.88231250345416	8.389999999999986	8.389999999999986	246.94115625172708	-8.389999999999986	740.8234687551812	238.55115625172706	8.389999999999986	740.8234687551812	-246.94115625172708	740.8234687551812	-740.8234687551812	8.39	246.94115625172708
872	-499.3369376786784	749.0054065180176	249.6684688393392	499.3369376786784	-749.0054065180176	-499.3369376786784	8.389999999999986	8.389999999999986	249.6684688393392	-8.389999999999986	749.0054065180176	241.27846883933918	8.389999999999986	749.0054065180176	-249.6684688393392	749.0054065180176	-749.0054065180176	8.39	249.6684688393392
873	-504.8071876539036	757.2107814808554	252.4035938269518	504.8071876539036	-757.2107814808554	-504.8071876539036	8.389999999999986	8.389999999999986	252.4035938269518	-8.389999999999986	757.2107814808554	244.0135938269518	8.389999999999986	757.2107814808554	-252.4035938269518	757.2107814808554	-757.2107814808554	8.39	252.4035938269518
874	-523.5570626540034	785.3355939810051	261.7785313270017	523.5570626540034	-785.3355939810051	-523.5570626540034	8.389999999999986	8.389999999999986	261.7785313270017	-8.389999999999986	785.3355939810051	253.3885313270017	8.389999999999986	785.3355939810051	-261.7785313270017	785.3355939810051	-785.3355939810051	8.39	261.7785313270017
875	-529.8069876543034	794.7104814814551	264.9034938271517	529.8069876543034	-794.7104814814551	-529.8069876543034	8.389999999999986	8.389999999999986	264.9034938271517	-8.389999999999986	794.7104814814551	256.5134938271517	8.389999999999986	794.7104814814551	-264.9034938271517	794.7104814814551	-794.7104814814551	8.39	264.9034938271517
876	-542.3318874545039	813.4978311817558	271.16594372725194	542.3318874545039	-813.4978311817558	-542.3318874545039	8.389999999999986	8.389999999999986	271.16594372725194	-8.389999999999986	813.4978311817558	262.77594372725196	8.389999999999986	813.4978311817558	-271.16594372725194	813.4978311817558	-813.4978311817558	8.39	271.16594372725194
877	-573.6568622540035	860.4852933810052	286.82843112700175	573.6568622540035	-860.4852933810052	-573.6568622540035	8.389999999999986	8.389999999999986	286.82843112700175	-8.389999999999986	860.4852933810052	278.43843112700176	8.389999999999986	860.4852933810052	-286.82843112700175	860.4852933810052	-860.4852933810052	8.39	286.82843112700175
878	-575.9990122792285	863.9985184188428	287.99950613961425	575.9990122792285	-863.9985184188428	-575.9990122792285	8.389999999999986	8.389999999999986	287.99950613961425	-8.389999999999986	863.9985184188428	279.60950613961427	8.389999999999986	863.9985184188428	-287.99950613961425	863.9985184188428	-863.9985184188428	8.39	287.99950613961425
879	-619.8738366793286	929.810755018993	309.9369183396643	619.8738366793286	-929.810755018993	-619.8738366793286	8.389999999999986	8.389999999999986	309.9369183396643	-8.389999999999986	929.810755018993	301.54691833966433	8.389999999999986	929.810755018993	-309.9369183396643	929.810755018993	-929.810755018993	8.39	309.9369183396643
880	-579.9067872543035	869.8601808814554	289.9533936271518	579.9067872543035	-869.8601808814554	-579.9067872543035	8.389999999999986	8.389999999999986	289.9533936271518	-8.389999999999986	869.8601808814554	281.5633936271518	8.389999999999986	869.8601808814554	-289.9533936271518	869.8601808814554	-869.8601808814554	8.39	289.95339362715185
881	-351.00001227882836	526.5000184182426	175.50000613941418	351.00001227882836	-526.5000184182426	-351.00001227882836	8.389999999999986	8.389999999999986	175.50000613941418	-8.389999999999986	526.5000184182426	167.11000613941422	8.389999999999986	526.5000184182426	-175.50000613941418	526.5000184182426	-526.5000184182426	8.39	175.50000613941415
882	-500.89941267882847	751.3491190182427	250.44970633941423	500.89941267882847	-751.3491190182427	-500.89941267882847	8.389999999999986	8.389999999999986	250.44970633941423	-8.389999999999986	751.3491190182427	242.05970633941428	8.389999999999986	751.3491190182427	-250.44970633941423	751.3491190182427	-751.3491190182427	8.39	250.4497063394142
883	-287.95793610435436	431.93690415653157	143.97896805217718	287.95793610435436	-431.93690415653157	-287.95793610435436	8.389999999999986	8.389999999999986	143.97896805217718	-8.389999999999986	431.93690415653157	135.58896805217717	8.389999999999986	431.93690415653157	-143.97896805217718	431.93690415653157	-431.93690415653157	8.39	143.9789680521772
884	-375.18283710335487	562.7742556550323	187.59141855167744	375.18283710335487	-562.7742556550323	-375.18283710335487	8.389999999999986	8.389999999999986	187.59141855167744	-8.389999999999986	562.7742556550323	179.20141855167742	8.389999999999986	562.7742556550323	-187.59141855167744	562.7742556550323	-562.7742556550323	8.39	187.59141855167746
885	-278.65154848010377	417.9773227201556	139.32577424005189	278.65154848010377	-417.9773227201556	-278.65154848010377	8.389999999999986	8.389999999999986	139.32577424005189	-8.389999999999986	417.9773227201556	130.93577424005187	8.389999999999986	417.9773227201556	-139.32577424005189	417.9773227201556	-417.9773227201556	8.39	139.32577424005183
886	-343.98291210345417	515.9743681551812	171.99145605172708	343.98291210345417	-515.9743681551812	-343.98291210345417	8.389999999999986	8.389999999999986	171.99145605172708	-8.389999999999986	515.9743681551812	163.60145605172707	8.389999999999986	515.9743681551812	-171.99145605172708	515.9743681551812	-515.9743681551812	8.39	171.99145605172703
887	-284.85167347960453	427.2775102194068	142.42583673980226	284.85167347960453	-427.2775102194068	-284.85167347960453	8.389999999999986	8.389999999999986	142.42583673980226	-8.389999999999986	427.2775102194068	134.03583673980225	8.389999999999986	427.2775102194068	-142.42583673980226	427.2775102194068	-427.2775102194068	8.39	142.42583673980224
888	-297.27677367900503	445.91516051850755	148.63838683950252	297.27677367900503	-445.91516051850755	-297.27677367900503	8.389999999999986	8.389999999999986	148.63838683950252	-8.389999999999986	445.91516051850755	140.2483868395025	8.389999999999986	445.91516051850755	-148.63838683950252	445.91516051850755	-445.91516051850755	8.39	148.6383868395025
889	-325.2830367033548	487.9245550550322	162.6415183516774	325.2830367033548	-487.9245550550322	-325.2830367033548	8.389999999999986	8.389999999999986	162.6415183516774	-8.389999999999986	487.9245550550322	154.2515183516774	8.389999999999986	487.9245550550322	-162.6415183516774	487.9245550550322	-487.9245550550322	8.39	162.64151835167738
890	-435.28075010467865	652.921125157018	217.64037505233932	435.28075010467865	-652.921125157018	-435.28075010467865	8.389999999999986	8.389999999999986	217.64037505233932	-8.389999999999986	652.921125157018	209.2503750523393	8.389999999999986	652.921125157018	-217.64037505233932	652.921125157018	-652.921125157018	8.39	217.6403750523393
891	-488.4245124786288	732.6367687179431	244.2122562393144	488.4245124786288	-732.6367687179431	-488.4245124786288	8.389999999999986	8.389999999999986	244.2122562393144	-8.389999999999986	732.6367687179431	235.82225623931438	8.389999999999986	732.6367687179431	-244.2122562393144	732.6367687179431	-732.6367687179431	8.39	244.21225623931437
892	-570.5381496788539	855.8072245182808	285.26907483942693	570.5381496788539	-855.8072245182808	-570.5381496788539	8.389999999999986	8.389999999999986	285.26907483942693	-8.389999999999986	855.8072245182808	276.87907483942695	8.389999999999986	855.8072245182808	-285.26907483942693	855.8072245182808	-855.8072245182808	8.39	285.269074839427
893	-375.9609590033299	563.9414385049948	187.98047950166495	375.9609590033299	-563.9414385049948	-375.9609590033299	8.389999999999986	8.389999999999986	187.98047950166495	-8.389999999999986	563.9414385049948	179.59047950166493	8.389999999999986	563.9414385049948	-187.98047950166495	563.9414385049948	-563.9414385049948	8.39	187.98047950166492
894	-394.66083440342913	591.9912516051437	197.33041720171454	394.66083440342913	-591.9912516051437	-394.66083440342913	8.389999999999986	8.389999999999986	197.33041720171454	-8.389999999999986	591.9912516051437	188.94041720171452	8.389999999999986	591.9912516051437	-197.33041720171454	591.9912516051437	-591.9912516051437	8.39	197.33041720171462
895	-494.66043440342924	741.9906516051439	247.3302172017146	494.66043440342924	-741.9906516051439	-494.66043440342924	8.389999999999986	8.389999999999986	247.3302172017146	-8.389999999999986	741.9906516051439	238.94021720171457	8.389999999999986	741.9906516051439	-247.3302172017146	741.9906516051439	-741.9906516051439	8.39	247.33021720171467
896	-368.97187120390515	553.4578068058577	184.48593560195258	368.97187120390515	-553.4578068058577	-368.97187120390515	8.389999999999986	8.389999999999986	184.48593560195258	-8.389999999999986	553.4578068058577	176.09593560195256	8.389999999999986	553.4578068058577	-184.48593560195258	553.4578068058577	-553.4578068058577	8.39	184.48593560195252
897	-485.30424677837925	727.9563701675688	242.65212338918963	485.30424677837925	-727.9563701675688	-485.30424677837925	8.389999999999986	8.389999999999986	242.65212338918963	-8.389999999999986	727.9563701675688	234.2621233891896	8.389999999999986	727.9563701675688	-242.65212338918963	727.9563701675688	-727.9563701675688	8.39	242.6521233891896
898	-385.3046467783791	577.9569701675687	192.65232338918958	385.3046467783791	-577.9569701675687	-385.3046467783791	8.389999999999986	8.389999999999986	192.65232338918958	-8.389999999999986	577.9569701675687	184.26232338918956	8.389999999999986	577.9569701675687	-192.65232338918958	577.9569701675687	-577.9569701675687	8.39	192.65232338918952
899	-519.6602344038291	779.4903516057436	259.83011720191456	519.6602344038291	-779.4903516057436	-519.6602344038291	8.389999999999986	8.389999999999986	259.83011720191456	-8.389999999999986	779.4903516057436	251.44011720191455	8.389999999999986	779.4903516057436	-259.83011720191456	779.4903516057436	-779.4903516057436	8.39	259.8301172019145
900	-294.1720704043051	441.25810560645766	147.08603520215257	294.1720704043051	-441.25810560645766	-294.1720704043051	8.389999999999986	8.389999999999986	147.08603520215257	-8.389999999999986	441.25810560645766	138.6960352021526	8.389999999999986	441.25810560645766	-147.08603520215257	441.25810560645766	-441.25810560645766	8.39	147.08603520215252
901	-335.4048463783791	503.10726956756866	167.70242318918957	335.4048463783791	-503.10726956756866	-335.4048463783791	8.389999999999986	8.389999999999986	167.70242318918957	-8.389999999999986	503.10726956756866	159.3124231891896	8.389999999999986	503.10726956756866	-167.70242318918957	503.10726956756866	-503.10726956756866	8.39	167.70242318918952
902	-419.66063440382914	629.4909516057437	209.83031720191457	419.66063440382914	-629.4909516057437	-419.66063440382914	8.389999999999986	8.389999999999986	209.83031720191457	-8.389999999999986	629.4909516057437	201.44031720191458	8.389999999999986	629.4909516057437	-209.83031720191457	629.4909516057437	-629.4909516057437	8.39	209.83031720191457
903	-504.02907197887885	756.0436079683183	252.01453598943942	504.02907197887885	-756.0436079683183	-504.02907197887885	8.389999999999986	8.389999999999986	252.01453598943942	-8.389999999999986	756.0436079683183	243.62453598943944	8.389999999999986	756.0436079683183	-252.01453598943942	756.0436079683183	-756.0436079683183	8.39	252.01453598943942
904	-569.7600340038292	854.6400510057439	284.8800170019146	569.7600340038292	-854.6400510057439	-569.7600340038292	8.389999999999986	8.389999999999986	284.8800170019146	-8.389999999999986	854.6400510057439	276.4900170019146	8.389999999999986	854.6400510057439	-284.8800170019146	854.6400510057439	-854.6400510057439	8.39	284.8800170019146
905	-417.32783427890445	625.9917514183567	208.66391713945222	417.32783427890445	-625.9917514183567	-417.32783427890445	8.389999999999986	8.389999999999986	208.66391713945222	-8.389999999999986	625.9917514183567	200.27391713945224	8.389999999999986	625.9917514183567	-208.66391713945222	625.9917514183567	-625.9917514183567	8.39	208.66391713945222
906	-272.452982830653	408.6794742459795	136.2264914153265	272.452982830653	-408.6794742459795	-272.452982830653	8.389999999999986	8.389999999999986	136.2264914153265	-8.389999999999986	408.6794742459795	127.83649141532649	8.389999999999986	408.6794742459795	-136.2264914153265	408.6794742459795	-408.6794742459795	8.39	136.2264914153265
907	-320.6220958536553	480.93314378048296	160.31104792682765	320.6220958536553	-480.93314378048296	-320.6220958536553	8.389999999999986	8.389999999999986	160.31104792682765	-8.389999999999986	480.93314378048296	151.92104792682764	8.389999999999986	480.93314378048296	-160.31104792682765	480.93314378048296	-480.93314378048296	8.39	160.31104792682765
908	-326.0611586033298	489.09173790499466	163.0305793016649	326.0611586033298	-489.09173790499466	-326.0611586033298	8.389999999999986	8.389999999999986	163.0305793016649	-8.389999999999986	489.09173790499466	154.64057930166487	8.389999999999986	489.09173790499466	-163.0305793016649	489.09173790499466	-489.09173790499466	8.39	163.0305793016649
909	-330.7298962282297	496.0948443423445	165.36494811411484	330.7298962282297	-496.0948443423445	-330.7298962282297	8.389999999999986	8.389999999999986	165.36494811411484	-8.389999999999986	496.0948443423445	156.97494811411482	8.389999999999986	496.0948443423445	-165.36494811411484	496.0948443423445	-496.0948443423445	8.39	165.36494811411484
910	-373.6281588784053	560.4422383176079	186.81407943920266	373.6281588784053	-560.4422383176079	-373.6281588784053	8.389999999999986	8.389999999999986	186.81407943920266	-8.389999999999986	560.4422383176079	178.42407943920264	8.389999999999986	560.4422383176079	-186.81407943920266	560.4422383176079	-560.4422383176079	8.39	186.81407943920266
911	-397.77954697857876	596.6693204678681	198.88977348928938	397.77954697857876	-596.6693204678681	-397.77954697857876	8.389999999999986	8.389999999999986	198.88977348928938	-8.389999999999986	596.6693204678681	190.49977348928937	8.389999999999986	596.6693204678681	-198.88977348928938	596.6693204678681	-596.6693204678681	8.39	198.88977348928938
912	-474.40432142833015	711.6064821424952	237.20216071416507	474.40432142833015	-711.6064821424952	-474.40432142833015	8.389999999999986	8.389999999999986	237.20216071416507	-8.389999999999986	711.6064821424952	228.81216071416506	8.389999999999986	711.6064821424952	-237.20216071416507	711.6064821424952	-711.6064821424952	8.39	237.20216071416507
913	-482.1855342032295	723.2783013048443	241.09276710161475	482.1855342032295	-723.2783013048443	-482.1855342032295	8.389999999999986	8.389999999999986	241.09276710161475	-8.389999999999986	723.2783013048443	232.70276710161474	8.389999999999986	723.2783013048443	-241.09276710161475	723.2783013048443	-723.2783013048443	8.39	241.09276710161475
914	-518.1039968288293	777.155995243244	259.05199841441464	518.1039968288293	-777.155995243244	-518.1039968288293	8.389999999999986	8.389999999999986	259.05199841441464	-8.389999999999986	777.155995243244	250.66199841441463	8.389999999999986	777.155995243244	-259.05199841441464	777.155995243244	-777.155995243244	8.39	259.05199841441464
915	-591.6535713794792	887.4803570692188	295.8267856897396	591.6535713794792	-887.4803570692188	-591.6535713794792	8.389999999999986	8.389999999999986	295.8267856897396	-8.389999999999986	887.4803570692188	287.4367856897396	8.389999999999986	887.4803570692188	-295.8267856897396	887.4803570692188	-887.4803570692188	8.39	295.82678568973967
916	-298.8283580788052	448.24253711820774	149.4141790394026	298.8283580788052	-448.24253711820774	-298.8283580788052	8.389999999999986	8.389999999999986	149.4141790394026	-8.389999999999986	448.24253711820774	141.0241790394026	8.389999999999986	448.24253711820774	-149.4141790394026	448.24253711820774	-448.24253711820774	8.39	149.41417903940254
917	-277.09687025515416	415.6453053827313	138.5484351275771	277.09687025515416	-415.6453053827313	-277.09687025515416	8.389999999999986	8.389999999999986	138.5484351275771	-8.389999999999986	415.6453053827313	130.1584351275771	8.389999999999986	415.6453053827313	-138.5484351275771	415.6453053827313	-415.6453053827313	8.39	138.54843512757708
918	-281.74697020490464	422.620455307357	140.87348510245235	281.74697020490464	-422.620455307357	-281.74697020490464	8.389999999999986	8.389999999999986	140.87348510245235	-8.389999999999986	422.620455307357	132.48348510245233	8.389999999999986	422.620455307357	-140.87348510245235	422.620455307357	-422.620455307357	8.39	140.87348510245232
919	-283.2969952546549	424.94549288198243	141.6484976273275	283.2969952546549	-424.94549288198243	-283.2969952546549	8.389999999999986	8.389999999999986	141.6484976273275	-8.389999999999986	424.94549288198243	133.25849762732747	8.389999999999986	424.94549288198243	-141.6484976273275	424.94549288198243	-424.94549288198243	8.39	141.64849762732746
920	-295.7220954540554	443.5831431810832	147.86104772702774	295.7220954540554	-443.5831431810832	-295.7220954540554	8.389999999999986	8.389999999999986	147.86104772702774	-8.389999999999986	443.5831431810832	139.47104772702772	8.389999999999986	443.5831431810832	-147.86104772702774	443.5831431810832	-443.5831431810832	8.39	147.8610477270277
921	-342.42823387850456	513.6423508177569	171.2141169392523	342.42823387850456	-513.6423508177569	-342.42823387850456	8.389999999999986	8.389999999999986	171.2141169392523	-8.389999999999986	513.6423508177569	162.8241169392523	8.389999999999986	513.6423508177569	-171.2141169392523	513.6423508177569	-513.6423508177569	8.39	171.21411693925228
922	-392.3280342785045	588.4920514177568	196.16401713925225	392.3280342785045	-588.4920514177568	-392.3280342785045	8.389999999999986	8.389999999999986	196.16401713925225	-8.389999999999986	588.4920514177568	187.77401713925224	8.389999999999986	588.4920514177568	-196.16401713925225	588.4920514177568	-588.4920514177568	8.39	196.16401713925228
923	-470.52149625365547	705.7822443804832	235.26074812682774	470.52149625365547	-705.7822443804832	-470.52149625365547	8.389999999999986	8.389999999999986	235.26074812682774	-8.389999999999986	705.7822443804832	226.87074812682772	8.389999999999986	705.7822443804832	-235.26074812682774	705.7822443804832	-705.7822443804832	8.39	235.26074812682776
924	-479.85273407830505	719.7791011174576	239.9263670391525	479.85273407830505	-719.7791011174576	-479.85273407830505	8.389999999999986	8.389999999999986	239.9263670391525	-8.389999999999986	719.7791011174576	231.53636703915248	8.389999999999986	719.7791011174576	-239.9263670391525	719.7791011174576	-719.7791011174576	8.39	239.92636703915258
925	-492.3276342785046	738.4914514177569	246.1638171392523	492.3276342785046	-738.4914514177569	-492.3276342785046	8.389999999999986	8.389999999999986	246.1638171392523	-8.389999999999986	738.4914514177569	237.7738171392523	8.389999999999986	738.4914514177569	-246.1638171392523	738.4914514177569	-738.4914514177569	8.39	246.16381713925233
926	-305.8298958286297	458.74484374294445	152.91494791431484	305.8298958286297	-458.74484374294445	-305.8298958286297	8.389999999999986	8.389999999999986	152.91494791431484	-8.389999999999986	458.74484374294445	144.52494791431482	8.389999999999986	458.74484374294445	-152.91494791431484	458.74484374294445	-458.74484374294445	8.39	152.91494791431478
927	-354.12967157887886	531.1945073683182	177.06483578943943	354.12967157887886	-531.1945073683182	-354.12967157887886	8.389999999999986	8.389999999999986	177.06483578943943	-8.389999999999986	531.1945073683182	168.6748357894394	8.389999999999986	531.1945073683182	-177.06483578943943	531.1945073683182	-531.1945073683182	8.39	177.06483578943937
928	-370.5218962536554	555.7828443804831	185.2609481268277	370.5218962536554	-555.7828443804831	-370.5218962536554	8.389999999999986	8.389999999999986	185.2609481268277	-8.389999999999986	555.7828443804831	176.8709481268277	8.389999999999986	555.7828443804831	-185.2609481268277	555.7828443804831	-555.7828443804831	8.39	185.26094812682766
929	-380.6296966282297	570.9445449423445	190.31484831411484	380.6296966282297	-570.9445449423445	-380.6296966282297	8.389999999999986	8.389999999999986	190.31484831411484	-8.389999999999986	570.9445449423445	181.92484831411483	8.389999999999986	570.9445449423445	-190.31484831411484	570.9445449423445	-570.9445449423445	8.39	190.31484831411478
930	-382.1859342032294	573.2789013048441	191.0929671016147	382.1859342032294	-573.2789013048441	-382.1859342032294	8.389999999999986	8.389999999999986	191.0929671016147	-8.389999999999986	573.2789013048441	182.7029671016147	8.389999999999986	573.2789013048441	-191.0929671016147	573.2789013048441	-573.2789013048441	8.39	191.0929671016147
931	-429.02927197927886	643.5439079689182	214.51463598963943	429.02927197927886	-643.5439079689182	-429.02927197927886	8.389999999999986	8.389999999999986	214.51463598963943	-8.389999999999986	643.5439079689182	206.12463598963942	8.389999999999986	643.5439079689182	-214.51463598963943	643.5439079689182	-643.5439079689182	8.39	214.51463598963937
932	-286.4032578794049	429.6048868191074	143.20162893970246	286.4032578794049	-429.6048868191074	-286.4032578794049	8.389999999999986	8.389999999999986	143.20162893970246	-8.389999999999986	429.6048868191074	134.81162893970244	8.389999999999986	429.6048868191074	-143.20162893970246	429.6048868191074	-429.6048868191074	8.39	143.20162893970243
933	-288.73605800432927	433.1040870064939	144.36802900216463	288.73605800432927	-433.1040870064939	-288.73605800432927	8.389999999999986	8.389999999999986	144.36802900216463	-8.389999999999986	433.1040870064939	135.97802900216462	8.389999999999986	433.1040870064939	-144.36802900216463	433.1040870064939	-433.1040870064939	8.39	144.3680290021646
934	-319.07207080390526	478.6081062058579	159.53603540195263	319.07207080390526	-478.6081062058579	-319.07207080390526	8.389999999999986	8.389999999999986	159.53603540195263	-8.389999999999986	478.6081062058579	151.14603540195262	8.389999999999986	478.6081062058579	-159.53603540195263	478.6081062058579	-478.6081062058579	8.39	159.5360354019526
935	-332.2861338032293	498.42920070484394	166.14306690161465	332.2861338032293	-498.42920070484394	-332.2861338032293	8.389999999999986	8.389999999999986	166.14306690161465	-8.389999999999986	498.42920070484394	157.75306690161463	8.389999999999986	498.42920070484394	-166.14306690161465	498.42920070484394	-498.42920070484394	8.39	166.14306690161462
936	-344.761034003429	517.1415510051436	172.3805170017145	344.761034003429	-517.1415510051436	-344.761034003429	8.389999999999986	8.389999999999986	172.3805170017145	-8.389999999999986	517.1415510051436	163.9905170017145	8.389999999999986	517.1415510051436	-172.3805170017145	517.1415510051436	-517.1415510051436	8.39	172.38051700171448
937	-468.97147120390525	703.4572068058578	234.48573560195263	468.97147120390525	-703.4572068058578	-468.97147120390525	8.389999999999986	8.389999999999986	234.48573560195263	-8.389999999999986	703.4572068058578	226.0957356019526	8.389999999999986	703.4572068058578	-234.48573560195263	703.4572068058578	-703.4572068058578	8.39	234.4857356019526
938	-275.54684520540394	413.3202678081058	137.77342260270197	275.54684520540394	-413.3202678081058	-275.54684520540394	8.389999999999986	8.389999999999986	137.77342260270197	-8.389999999999986	413.3202678081058	129.38342260270196	8.389999999999986	413.3202678081058	-137.77342260270197	413.3202678081058	-413.3202678081058	8.39	137.77342260270188
939	-277.873432805079	416.81014920761857	138.93671640253953	277.873432805079	-416.81014920761857	-277.873432805079	8.389999999999986	8.389999999999986	138.93671640253953	-8.389999999999986	416.81014920761857	130.54671640253952	8.389999999999986	416.81014920761857	-138.93671640253953	416.81014920761857	-416.81014920761857	8.39	138.9367164025395
940	-284.07355780457976	426.1103367068697	142.0367789022899	284.07355780457976	-426.1103367068697	-284.07355780457976	8.389999999999986	8.389999999999986	142.0367789022899	-8.389999999999986	426.1103367068697	133.6467789022899	8.389999999999986	426.1103367068697	-142.0367789022899	426.1103367068697	-426.1103367068697	8.39	142.03677890228988
941	-287.1798204293296	430.7697306439944	143.58991021466483	287.1798204293296	-430.7697306439944	-287.1798204293296	8.389999999999986	8.389999999999986	143.58991021466483	-8.389999999999986	430.7697306439944	135.19991021466484	8.389999999999986	430.7697306439944	-143.58991021466483	430.7697306439944	-430.7697306439944	8.39	143.58991021466477
942	-296.49865800398027	444.74798700597046	148.24932900199016	296.49865800398027	-444.74798700597046	-296.49865800398027	8.389999999999986	8.389999999999986	148.24932900199016	-8.389999999999986	444.74798700597046	139.85932900199015	8.389999999999986	444.74798700597046	-148.24932900199016	444.74798700597046	-444.74798700597046	8.39	148.24932900199013
943	-301.1611582037297	451.7417373055946	150.58057910186486	301.1611582037297	-451.7417373055946	-301.1611582037297	8.389999999999986	8.389999999999986	150.58057910186486	-8.389999999999986	451.7417373055946	142.19057910186484	8.389999999999986	451.7417373055946	-150.58057910186486	451.7417373055946	-451.7417373055946	8.39	150.58057910186488
944	-305.05333327870477	457.5799999180572	152.52666663935238	305.05333327870477	-457.5799999180572	-305.05333327870477	8.389999999999986	8.389999999999986	152.52666663935238	-8.389999999999986	457.5799999180572	144.13666663935237	8.389999999999986	457.5799999180572	-152.52666663935238	457.5799999180572	-457.5799999180572	8.39	152.5266666393524
945	-307.3861334036293	461.079200105444	153.69306670181467	307.3861334036293	-461.079200105444	-307.3861334036293	8.389999999999986	8.389999999999986	153.69306670181467	-8.389999999999986	461.079200105444	145.30306670181466	8.389999999999986	461.079200105444	-153.69306670181467	461.079200105444	-461.079200105444	8.39	153.69306670181464
946	-310.5048459787791	465.75726896816866	155.25242298938954	310.5048459787791	-465.75726896816866	-310.5048459787791	8.389999999999986	8.389999999999986	155.25242298938954	-8.389999999999986	465.75726896816866	146.86242298938953	8.389999999999986	465.75726896816866	-155.25242298938954	465.75726896816866	-465.75726896816866	8.39	155.25242298938957
947	-321.3986584035802	482.09798760537035	160.6993292017901	321.3986584035802	-482.09798760537035	-321.3986584035802	8.389999999999986	8.389999999999986	160.6993292017901	-8.389999999999986	482.09798760537035	152.3093292017901	8.389999999999986	482.09798760537035	-160.6993292017901	482.09798760537035	-482.09798760537035	8.39	160.69932920179014
948	-323.72835847840526	485.5925377176079	161.86417923920263	323.72835847840526	-485.5925377176079	-323.72835847840526	8.389999999999986	8.389999999999986	161.86417923920263	-8.389999999999986	485.5925377176079	153.4741792392026	8.389999999999986	485.5925377176079	-161.86417923920263	485.5925377176079	-485.5925377176079	8.39	161.86417923920266
949	-324.5049210283301	486.7573815424952	162.25246051416505	324.5049210283301	-486.7573815424952	-324.5049210283301	8.389999999999986	8.389999999999986	162.25246051416505	-8.389999999999986	486.7573815424952	153.86246051416504	8.389999999999986	486.7573815424952	-162.25246051416505	486.7573815424952	-486.7573815424952	8.39	162.25246051416508
950	-329.9533336783048	494.9300005174572	164.9766668391524	329.9533336783048	-494.9300005174572	-329.9533336783048	8.389999999999986	8.389999999999986	164.9766668391524	-8.389999999999986	494.9300005174572	156.58666683915237	8.389999999999986	494.9300005174572	-164.9766668391524	494.9300005174572	-494.9300005174572	8.39	164.97666683915241
951	-343.2047964284295	514.8071946426443	171.60239821421473	343.2047964284295	-514.8071946426443	-343.2047964284295	8.389999999999986	8.389999999999986	171.60239821421473	-8.389999999999986	514.8071946426443	163.21239821421472	8.389999999999986	514.8071946426443	-171.60239821421473	514.8071946426443	-514.8071946426443	8.39	171.60239821421482
952	-347.8797465785788	521.8196198678683	173.9398732892894	347.8797465785788	-521.8196198678683	-347.8797465785788	8.389999999999986	8.389999999999986	173.9398732892894	-8.389999999999986	521.8196198678683	165.5498732892894	8.389999999999986	521.8196198678683	-173.9398732892894	521.8196198678683	-521.8196198678683	8.39	173.93987328928944
953	-371.2984588035802	556.9476882053704	185.6492294017901	371.2984588035802	-556.9476882053704	-371.2984588035802	8.389999999999986	8.389999999999986	185.6492294017901	-8.389999999999986	556.9476882053704	177.2592294017901	8.389999999999986	556.9476882053704	-185.6492294017901	556.9476882053704	-556.9476882053704	8.39	185.64922940179014
954	-374.4047214283301	561.6070821424952	187.20236071416508	374.4047214283301	-561.6070821424952	-374.4047214283301	8.389999999999986	8.389999999999986	187.20236071416508	-8.389999999999986	561.6070821424952	178.8123607141651	8.389999999999986	561.6070821424952	-187.20236071416508	561.6070821424952	-561.6070821424952	8.39	187.20236071416502
955	-379.8531340783048	569.7797011174572	189.9265670391524	379.8531340783048	-569.7797011174572	-379.8531340783048	8.389999999999986	8.389999999999986	189.9265670391524	-8.389999999999986	569.7797011174572	181.53656703915237	8.389999999999986	569.7797011174572	-189.9265670391524	569.7797011174572	-569.7797011174572	8.39	189.92656703915242
956	-393.10459682842935	589.656895242644	196.55229841421468	393.10459682842935	-589.656895242644	-393.10459682842935	8.389999999999986	8.389999999999986	196.55229841421468	-8.389999999999986	589.656895242644	188.16229841421466	8.389999999999986	589.656895242644	-196.55229841421468	589.656895242644	-589.656895242644	8.39	196.5522984142147
957	-418.10439682882935	627.156595243244	209.05219841441468	418.10439682882935	-627.156595243244	-418.10439682882935	8.389999999999986	8.389999999999986	209.05219841441468	-8.389999999999986	627.156595243244	200.66219841441466	8.389999999999986	627.156595243244	-209.05219841441468	627.156595243244	-627.156595243244	8.39	209.0521984144147
958	-422.77934697897877	634.1690204684681	211.38967348948938	422.77934697897877	-634.1690204684681	-422.77934697897877	8.389999999999986	8.389999999999986	211.38967348948938	-8.389999999999986	634.1690204684681	202.9996734894894	8.389999999999986	634.1690204684681	-211.38967348948938	634.1690204684681	-634.1690204684681	8.39	211.38967348948938
959	-471.2980588035803	706.9470882053705	235.64902940179016	471.2980588035803	-706.9470882053705	-471.2980588035803	8.389999999999986	8.389999999999986	235.64902940179016	-8.389999999999986	706.9470882053705	227.25902940179014	8.389999999999986	706.9470882053705	-235.64902940179016	706.9470882053705	-706.9470882053705	8.39	235.6490294017902
960	-473.6277588784053	710.441638317608	236.81387943920265	473.6277588784053	-710.441638317608	-473.6277588784053	8.389999999999986	8.389999999999986	236.81387943920265	-8.389999999999986	710.441638317608	228.42387943920266	8.389999999999986	710.441638317608	-236.81387943920265	710.441638317608	-710.441638317608	8.39	236.81387943920265
961	-475.9605590033298	713.9408385049948	237.9802795016649	475.9605590033298	-713.9408385049948	-475.9605590033298	8.389999999999986	8.389999999999986	237.9802795016649	-8.389999999999986	713.9408385049948	229.5902795016649	8.389999999999986	713.9408385049948	-237.9802795016649	713.9408385049948	-713.9408385049948	8.39	237.98027950166494
962	-493.10419682842945	739.6562952426442	246.55209841421473	493.10419682842945	-739.6562952426442	-493.10419682842945	8.389999999999986	8.389999999999986	246.55209841421473	-8.389999999999986	739.6562952426442	238.1620984142147	8.389999999999986	739.6562952426442	-246.55209841421473	739.6562952426442	-739.6562952426442	8.39	246.55209841421475
963	-497.7791469785789	746.6687204678684	248.88957348928946	497.7791469785789	-746.6687204678684	-497.7791469785789	8.389999999999986	8.389999999999986	248.88957348928946	-8.389999999999986	746.6687204678684	240.49957348928945	8.389999999999986	746.6687204678684	-248.88957348928946	746.6687204678684	-746.6687204678684	8.39	248.8895734892895
964	-522.7789469789786	784.1684204684681	261.3894734894894	522.7789469789786	-784.1684204684681	-522.7789469789786	8.389999999999986	8.389999999999986	261.3894734894894	-8.389999999999986	784.1684204684681	252.9994734894894	8.389999999999986	784.1684204684681	-261.3894734894894	784.1684204684681	-784.1684204684681	8.39	261.3894734894894
965	-529.0288719792787	793.5433079689182	264.51443598963937	529.0288719792787	-793.5433079689182	-529.0288719792787	8.389999999999986	8.389999999999986	264.51443598963937	-8.389999999999986	793.5433079689182	256.1244359896394	8.389999999999986	793.5433079689182	-264.51443598963937	793.5433079689182	-793.5433079689182	8.39	264.51443598963937
966	-541.5537717794791	812.3306576692187	270.77688588973956	541.5537717794791	-812.3306576692187	-541.5537717794791	8.389999999999986	8.389999999999986	270.77688588973956	-8.389999999999986	812.3306576692187	262.3868858897396	8.389999999999986	812.3306576692187	-270.77688588973956	812.3306576692187	-812.3306576692187	8.39	270.77688588973956
967	-567.4272338789046	851.140850818357	283.7136169394523	567.4272338789046	-851.140850818357	-567.4272338789046	8.389999999999986	8.389999999999986	283.7136169394523	-8.389999999999986	851.140850818357	275.32361693945234	8.389999999999986	851.140850818357	-283.7136169394523	851.140850818357	-851.140850818357	8.39	283.7136169394523
968	-568.2037964288295	852.3056946432442	284.10189821441475	568.2037964288295	-852.3056946432442	-568.2037964288295	8.389999999999986	8.389999999999986	284.10189821441475	-8.389999999999986	852.3056946432442	275.71189821441476	8.389999999999986	852.3056946432442	-284.10189821441475	852.3056946432442	-852.3056946432442	8.39	284.10189821441475
969	-579.1286715792788	868.6930073689183	289.5643357896394	579.1286715792788	-868.6930073689183	-579.1286715792788	8.389999999999986	8.389999999999986	289.5643357896394	-8.389999999999986	868.6930073689183	281.17433578963943	8.389999999999986	868.6930073689183	-289.5643357896394	868.6930073689183	-868.6930073689183	8.39	289.5643357896394
970	-616.7535709790791	925.1303564686186	308.37678548953954	616.7535709790791	-925.1303564686186	-616.7535709790791	8.389999999999986	8.389999999999986	308.37678548953954	-8.389999999999986	925.1303564686186	299.98678548953956	8.389999999999986	925.1303564686186	-308.37678548953954	925.1303564686186	-925.1303564686186	8.39	308.37678548953954
971	-441.55417177947913	662.3312576692186	220.77708588973957	441.55417177947913	-662.3312576692186	-441.55417177947913	8.389999999999986	8.389999999999986	220.77708588973957	-8.389999999999986	662.3312576692186	212.38708588973955	8.389999999999986	662.3312576692186	-220.77708588973957	662.3312576692186	-662.3312576692186	8.39	220.7770858897395
972	-299.60492062873004	449.40738094309506	149.80246031436502	299.60492062873004	-449.40738094309506	-299.60492062873004	8.389999999999986	8.389999999999986	149.80246031436502	-8.389999999999986	449.40738094309506	141.412460314365	8.389999999999986	449.40738094309506	-149.80246031436502	449.40738094309506	-449.40738094309506	8.39	149.802460314365
973	-480.6292966282298	720.9439449423446	240.3146483141149	480.6292966282298	-720.9439449423446	-480.6292966282298	8.389999999999986	8.389999999999986	240.3146483141149	-8.389999999999986	720.9439449423446	231.92464831411488	8.389999999999986	720.9439449423446	-240.3146483141149	720.9439449423446	-720.9439449423446	8.39	240.31464831411486
974	-572.8787465789787	859.3181198684681	286.43937328948937	572.8787465789787	-859.3181198684681	-572.8787465789787	8.389999999999986	8.389999999999986	286.43937328948937	-8.389999999999986	859.3181198684681	278.0493732894894	8.389999999999986	859.3181198684681	-286.43937328948937	859.3181198684681	-859.3181198684681	8.39	286.43937328948937
975	-404.0294719788787	606.044207968318	202.01473598943934	404.0294719788787	-606.044207968318	-404.0294719788787	8.389999999999986	8.389999999999986	202.01473598943934	-8.389999999999986	606.044207968318	193.62473598943933	8.389999999999986	606.044207968318	-202.01473598943934	606.044207968318	-606.044207968318	8.39	202.01473598943932
976	-517.3274342789044	775.9911514183567	258.6637171394522	517.3274342789044	-775.9911514183567	-517.3274342789044	8.389999999999986	8.389999999999986	258.6637171394522	-8.389999999999986	775.9911514183567	250.27371713945223	8.389999999999986	775.9911514183567	-258.6637171394522	775.9911514183567	-775.9911514183567	8.39	258.6637171394523
977	-276.3218608303291	414.4827912454937	138.16093041516456	276.3218608303291	-414.4827912454937	-276.3218608303291	8.389999999999986	8.389999999999986	138.16093041516456	-8.389999999999986	414.4827912454937	129.77093041516454	8.389999999999986	414.4827912454937	-138.16093041516456	414.4827912454937	-414.4827912454937	8.39	138.16093041516456
978	-391.5530248536795	587.3295372805193	195.77651242683976	391.5530248536795	-587.3295372805193	-391.5530248536795	8.389999999999986	8.389999999999986	195.77651242683976	-8.389999999999986	587.3295372805193	187.38651242683974	8.389999999999986	587.3295372805193	-195.77651242683976	587.3295372805193	-587.3295372805193	8.39	195.77651242683976
979	-469.7464868288305	704.6197302432457	234.87324341441524	469.7464868288305	-704.6197302432457	-469.7464868288305	8.389999999999986	8.389999999999986	234.87324341441524	-8.389999999999986	704.6197302432457	226.48324341441523	8.389999999999986	704.6197302432457	-234.87324341441524	704.6197302432457	-704.6197302432457	8.39	234.87324341441524
980	-472.8527494535804	709.2791241803706	236.4263747267902	472.8527494535804	-709.2791241803706	-472.8527494535804	8.389999999999986	8.389999999999986	236.4263747267902	-8.389999999999986	709.2791241803706	228.03637472679017	8.389999999999986	709.2791241803706	-236.4263747267902	709.2791241803706	-709.2791241803706	8.39	236.4263747267902
981	-491.5526248536796	737.3289372805194	245.7763124268398	491.5526248536796	-737.3289372805194	-491.5526248536796	8.389999999999986	8.389999999999986	245.7763124268398	-8.389999999999986	737.3289372805194	237.3863124268398	8.389999999999986	737.3289372805194	-245.7763124268398	737.3289372805194	-737.3289372805194	8.39	245.7763124268398
982	-282.52198582983	423.782978744745	141.260992914915	282.52198582983	-423.782978744745	-282.52198582983	8.389999999999986	8.389999999999986	141.260992914915	-8.389999999999986	423.782978744745	132.87099291491498	8.389999999999986	423.782978744745	-141.260992914915	423.782978744745	-423.782978744745	8.39	141.26099291491497
983	-294.9470860292305	442.42062904384574	147.47354301461525	294.9470860292305	-442.42062904384574	-294.9470860292305	8.389999999999986	8.389999999999986	147.47354301461525	-8.389999999999986	442.42062904384574	139.08354301461523	8.389999999999986	442.42062904384574	-147.47354301461525	442.42062904384574	-442.42062904384574	8.39	147.47354301461522
984	-341.6532244536796	512.4798366805194	170.8266122268398	341.6532244536796	-512.4798366805194	-341.6532244536796	8.389999999999986	8.389999999999986	170.8266122268398	-8.389999999999986	512.4798366805194	162.4366122268398	8.389999999999986	512.4798366805194	-170.8266122268398	512.4798366805194	-512.4798366805194	8.39	170.82661222683979
985	-467.4229992792548	701.1344989188822	233.7114996396274	467.4229992792548	-701.1344989188822	-467.4229992792548	8.389999999999986	8.389999999999986	233.7114996396274	-8.389999999999986	701.1344989188822	225.32149963962738	8.389999999999986	701.1344989188822	-233.7114996396274	701.1344989188822	-701.1344989188822	8.39	233.71149963962736
986	-479.07772465348	718.6165869802201	239.53886232674	479.07772465348	-718.6165869802201	-479.07772465348	8.389999999999986	8.389999999999986	239.53886232674	-8.389999999999986	718.6165869802201	231.14886232674	8.389999999999986	718.6165869802201	-239.53886232674	718.6165869802201	-718.6165869802201	8.39	239.53886232673997
987	-273.9983732807535	410.99755992113035	136.9991866403768	273.9983732807535	-410.99755992113035	-273.9983732807535	8.389999999999986	8.389999999999986	136.9991866403768	-8.389999999999986	410.99755992113035	128.60918664037678	8.389999999999986	410.99755992113035	-136.9991866403768	410.99755992113035	-410.99755992113035	8.39	136.99918664037676
988	-285.6282484545798	428.44237268186976	142.8141242272899	285.6282484545798	-428.44237268186976	-285.6282484545798	8.389999999999986	8.389999999999986	142.8141242272899	-8.389999999999986	428.44237268186976	134.4241242272899	8.389999999999986	428.44237268186976	-142.8141242272899	428.44237268186976	-428.44237268186976	8.39	142.81412422728994
989	-317.5235988792548	476.28539831888224	158.76179943962742	317.5235988792548	-476.28539831888224	-317.5235988792548	8.389999999999986	8.389999999999986	158.76179943962742	-8.389999999999986	476.28539831888224	150.3717994396274	8.389999999999986	476.28539831888224	-158.76179943962742	476.28539831888224	-476.28539831888224	8.39	158.7617994396274
990	-367.4233992792549	551.1350989188824	183.71169963962743	367.4233992792549	-551.1350989188824	-367.4233992792549	8.389999999999986	8.389999999999986	183.71169963962743	-8.389999999999986	551.1350989188824	175.3216996396274	8.389999999999986	551.1350989188824	-183.71169963962743	551.1350989188824	-551.1350989188824	8.39	183.7116996396275
991	-516.5524248540795	774.8286372811193	258.27621242703975	516.5524248540795	-774.8286372811193	-516.5524248540795	8.389999999999986	8.389999999999986	258.27621242703975	-8.389999999999986	774.8286372811193	249.88621242703977	8.389999999999986	774.8286372811193	-258.27621242703975	774.8286372811193	-774.8286372811193	8.39	258.2762124270398
992	-566.6522244540796	849.9783366811195	283.3261122270398	566.6522244540796	-849.9783366811195	-566.6522244540796	8.389999999999986	8.389999999999986	283.3261122270398	-8.389999999999986	849.9783366811195	274.9361122270398	8.389999999999986	849.9783366811195	-283.3261122270398	849.9783366811195	-849.9783366811195	8.39	283.3261122270398
993	-269.36067358100206	404.0410103715031	134.68033679050103	269.36067358100206	-404.0410103715031	-269.36067358100206	8.389999999999986	8.389999999999986	134.68033679050103	-8.389999999999986	404.0410103715031	126.29033679050102	8.389999999999986	404.0410103715031	-134.68033679050103	404.0410103715031	-404.0410103715031	8.39	134.680336790501
994	-271.67797340582797	407.51696010874196	135.83898670291399	271.67797340582797	-407.51696010874196	-271.67797340582797	8.389999999999986	8.389999999999986	135.83898670291399	-8.389999999999986	407.51696010874196	127.44898670291397	8.389999999999986	407.51696010874196	-135.83898670291399	407.51696010874196	-407.51696010874196	8.39	135.83898670291396
995	-280.9719607800797	421.45794117011957	140.48598039003986	280.9719607800797	-421.45794117011957	-280.9719607800797	8.389999999999986	8.389999999999986	140.48598039003986	-8.389999999999986	421.45794117011957	132.09598039003984	8.389999999999986	421.45794117011957	-140.48598039003986	421.45794117011957	-421.45794117011957	8.39	140.48598039003983
996	-372.8531494535803	559.2797241803704	186.42657472679014	372.8531494535803	-559.2797241803704	-372.8531494535803	8.389999999999986	8.389999999999986	186.42657472679014	-8.389999999999986	559.2797241803704	178.03657472679012	8.389999999999986	559.2797241803704	-186.42657472679014	559.2797241803704	-559.2797241803704	8.39	186.4265747267901
997	-270.9045109060026	406.3567663590039	135.4522554530013	270.9045109060026	-406.3567663590039	-270.9045109060026	8.389999999999986	8.389999999999986	135.4522554530013	-8.389999999999986	406.3567663590039	127.0622554530013	8.389999999999986	406.3567663590039	-135.4522554530013	406.3567663590039	-406.3567663590039	8.39	135.45225545300133
998	-292.6235984796548	438.93539771948224	146.31179923982742	292.6235984796548	-438.93539771948224	-292.6235984796548	8.389999999999986	8.389999999999986	146.31179923982742	-8.389999999999986	438.93539771948224	137.9217992398274	8.389999999999986	438.93539771948224	-146.31179923982742	438.93539771948224	-438.93539771948224	8.39	146.3117992398274
999	-319.84708642883027	479.77062964324546	159.92354321441516	319.84708642883027	-479.77062964324546	-319.84708642883027	8.389999999999986	8.389999999999986	159.92354321441516	-8.389999999999986	479.77062964324546	151.53354321441515	8.389999999999986	479.77062964324546	-159.92354321441516	479.77062964324546	-479.77062964324546	8.39	159.92354321441513
