	rxn05206	rxn05312	rxn05318	rxn00615	rxn00148	rxn00250	rxn00134	rxn00102	rxn05595	rxn05581	rxn00097	rxn00251	rxn10165	EX_cpd00182_e	EX_cpd00100_e	EX_cpd00080_e	ATPM	DM_cpd00002_c
0	599.1999999999998	449.3999999999998	149.79999999999995	-449.3999999999998	8.389999999999986	8.389999999999986	149.79999999999995	-8.389999999999986	-599.1999999999998	449.3999999999998	141.40999999999997	8.389999999999986	449.3999999999998	-149.79999999999995	449.3999999999998	-449.3999999999998	8.39	149.7999999999999
1	799.1991999999998	599.3993999999998	199.79979999999995	-599.3993999999998	8.389999999999986	8.389999999999986	199.79979999999995	-8.389999999999986	-799.1991999999998	599.3993999999998	191.40979999999993	8.389999999999986	599.3993999999998	-199.79979999999995	599.3993999999998	-599.3993999999998	8.39	199.79979999999995
2	399.2007999999997	299.40059999999977	99.80019999999992	-299.40059999999977	8.389999999999986	8.389999999999986	99.80019999999992	-8.389999999999986	-399.2007999999997	299.40059999999977	91.41019999999992	8.389999999999986	299.40059999999977	-99.80019999999992	299.40059999999977	-299.40059999999977	8.39	99.80019999999993
3	899.3987992	674.5490993999999	224.8496998	-674.5490993999999	8.389999999999986	8.389999999999986	224.8496998	-8.389999999999986	-899.3987992	674.5490993999999	216.45969979999998	8.389999999999986	674.5490993999999	-224.8496998	674.5490993999999	-674.5490993999999	8.39	224.84969979999997
4	499.0004007999998	374.25030059999983	124.75010019999995	-374.25030059999983	8.389999999999986	8.389999999999986	124.75010019999995	-8.389999999999986	-499.0004007999998	374.25030059999983	116.36010019999995	8.389999999999986	374.25030059999983	-124.75010019999995	374.25030059999983	-374.25030059999983	8.39	124.75010019999993
5	698.9996007999998	524.2497005999999	174.74990019999996	-524.2497005999999	8.389999999999986	8.389999999999986	174.74990019999996	-8.389999999999986	-698.9996007999998	524.2497005999999	166.35990019999994	8.389999999999986	524.2497005999999	-174.74990019999996	524.2497005999999	-524.2497005999999	8.39	174.74990019999993
6	299.4011991999996	224.5508993999997	74.8502997999999	-224.5508993999997	8.389999999999986	8.389999999999986	74.8502997999999	-8.389999999999986	-299.4011991999996	224.5508993999997	66.4602997999999	8.389999999999986	224.5508993999997	-74.8502997999999	224.5508993999997	-224.5508993999997	8.39	74.8502997999999
7	949.8000008008	712.3500006006	237.4500002002	-712.3500006006	8.389999999999986	8.389999999999986	237.4500002002	-8.389999999999986	-949.8000008008	712.3500006006	229.0600002002	8.389999999999986	712.3500006006	-237.4500002002	712.3500006006	-712.3500006006	8.39	237.45000020019998
8	849.3991991991998	637.0493993993998	212.34979979979994	-637.0493993993998	8.389999999999986	8.389999999999986	212.34979979979994	-8.389999999999986	-849.3991991991998	637.0493993993998	203.95979979979995	8.389999999999986	637.0493993993998	-212.34979979979994	637.0493993993998	-637.0493993993998	8.39	212.34979979979994
9	549.0000008007999	411.75000060059983	137.25000020019996	-411.75000060059983	8.389999999999986	8.389999999999986	137.25000020019996	-8.389999999999986	-549.0000008007999	411.75000060059983	128.86000020019995	8.389999999999986	411.75000060059983	-137.25000020019996	411.75000060059983	-411.75000060059983	8.39	137.2500002001999
10	748.9992008007997	561.7494006005999	187.24980020019996	-561.7494006005999	8.389999999999986	8.389999999999986	187.24980020019996	-8.389999999999986	-748.9992008007997	561.7494006005999	178.85980020019994	8.389999999999986	561.7494006005999	-187.24980020019996	561.7494006005999	-561.7494006005999	8.39	187.24980020019993
11	449.0008007992001	336.75060059939983	112.25020019979993	-336.75060059939983	8.389999999999986	8.389999999999986	112.25020019979993	-8.389999999999986	-449.0008007992001	336.75060059939983	103.86020019979993	8.389999999999986	336.75060059939983	-112.25020019979993	336.75060059939983	-336.75060059939983	8.39	112.25020019979996
12	349.20119999919984	261.9008999993998	87.30029999979992	-261.90089999939977	8.389999999999986	8.389999999999986	87.30029999979992	-8.389999999999986	-349.20119999919984	261.90089999939977	78.91029999979992	8.389999999999986	261.90089999939977	-87.30029999979992	261.90089999939977	-261.90089999939977	8.39	87.30029999979992
13	649.0000007991996	486.75000059939975	162.2500001997999	-486.7500005993997	8.389999999999986	8.389999999999986	162.2500001997999	-8.389999999999986	-649.0000007991996	486.7500005993997	153.86000019979988	8.389999999999986	486.7500005993997	-162.2500001997999	486.7500005993997	-486.7500005993997	8.39	162.2500001997999
14	249.60119840079952	187.2008988005996	62.40029960019987	-187.2008988005996	8.389999999999986	8.389999999999986	62.40029960019987	-8.389999999999986	-249.60119840079952	187.2008988005996	54.01029960019987	8.389999999999986	187.2008988005996	-62.40029960019987	187.2008988005996	-187.2008988005996	8.39	62.400299600199844
15	924.6498012020008	693.4873509015006	231.1624503005002	-693.4873509015006	8.389999999999986	8.389999999999986	231.1624503005002	-8.389999999999986	-924.6498012020008	693.4873509015006	222.7724503005002	8.389999999999986	693.4873509015006	-231.1624503005002	693.4873509015006	-693.4873509015006	8.39	231.16245030050015
16	574.0498004012006	430.53735030090047	143.51245010030016	-430.5373503009004	8.389999999999986	8.389999999999986	143.51245010030016	-8.389999999999986	-574.0498004012006	430.5373503009004	135.12245010030014	8.389999999999986	430.5373503009004	-143.51245010030016	430.5373503009004	-430.5373503009004	8.39	143.5124501003001
17	824.2489996004006	618.1867497003004	206.06224990010014	-618.1867497003004	8.389999999999986	8.389999999999986	206.06224990010014	-8.389999999999986	-824.2489996004006	618.1867497003004	197.67224990010013	8.389999999999986	618.1867497003004	-206.06224990010014	618.1867497003004	-618.1867497003004	8.39	206.06224990010014
18	774.0490004012006	580.5367503009004	193.51225010030015	-580.5367503009004	8.389999999999986	8.389999999999986	193.51225010030015	-8.389999999999986	-774.0490004012006	580.5367503009004	185.12225010030014	8.389999999999986	580.5367503009004	-193.51225010030015	580.5367503009004	-580.5367503009004	8.39	193.51225010030012
19	974.8498004012008	731.1373503009006	243.7124501003002	-731.1373503009006	8.389999999999986	8.389999999999986	243.7124501003002	-8.389999999999986	-974.8498004012008	731.1373503009006	235.3224501003002	8.389999999999986	731.1373503009006	-243.7124501003002	731.1373503009006	-731.1373503009006	8.39	243.71245010030017
20	673.9498011995993	505.4623508996992	168.48745029989973	-505.4623508996992	8.389999999999986	8.389999999999986	168.48745029989973	-8.389999999999986	-673.9498011995993	505.4623508996992	160.09745029989972	8.389999999999986	505.4623508996992	-168.48745029989973	505.4623508996992	-505.4623508996992	8.39	168.4874502998997
21	874.3489995995992	655.7617496996993	218.58724989989977	-655.7617496996993	8.389999999999986	8.389999999999986	218.58724989989977	-8.389999999999986	-874.3489995995992	655.7617496996993	210.19724989989976	8.389999999999986	655.7617496996993	-218.58724989989977	655.7617496996993	-655.7617496996993	8.39	218.58724989989975
22	473.9506011995992	355.4629508996992	118.48765029989974	-355.4629508996992	8.389999999999986	8.389999999999986	118.48765029989974	-8.389999999999986	-473.9506011995992	355.4629508996992	110.09765029989974	8.389999999999986	355.4629508996992	-118.48765029989974	355.4629508996992	-355.4629508996992	8.39	118.48765029989971
23	523.9502012003994	392.9626509002993	130.98755030009977	-392.9626509002993	8.389999999999986	8.389999999999986	130.98755030009977	-8.389999999999986	-523.9502012003994	392.9626509002993	122.59755030009977	8.389999999999986	392.9626509002993	-130.98755030009977	392.9626509002993	-392.9626509002993	8.39	130.98755030009977
24	374.15100039959896	280.6132502996992	93.53775009989974	-280.6132502996992	8.389999999999986	8.389999999999986	93.53775009989974	-8.389999999999986	-374.15100039959896	280.6132502996992	85.14775009989974	8.389999999999986	280.6132502996992	-93.53775009989974	280.6132502996992	-280.6132502996992	8.39	93.53775009989974
25	724.0494004004007	543.0370503003005	181.01235010010018	-543.0370503003005	8.389999999999986	8.389999999999986	181.01235010010018	-8.389999999999986	-724.0494004004007	543.0370503003005	172.62235010010016	8.389999999999986	543.0370503003005	-181.01235010010018	543.0370503003005	-543.0370503003005	8.39	181.01235010010015
26	424.0510003988006	318.03825029910035	106.01275009970011	-318.03825029910035	8.389999999999986	8.389999999999986	106.01275009970011	-8.389999999999986	-424.0510003988006	318.03825029910035	97.62275009970011	8.389999999999986	318.03825029910035	-106.01275009970011	318.03825029910035	-318.03825029910035	8.39	106.01275009970013
27	274.4513987996004	205.83854909970023	68.61284969990007	-205.8385490997002	8.389999999999986	8.389999999999986	68.61284969990007	-8.389999999999986	-274.4513987996004	205.8385490997002	60.22284969990007	8.389999999999986	205.8385490997002	-68.61284969990007	205.8385490997002	-205.8385490997002	8.39	68.61284969990007
28	324.2513995988005	243.18854969910035	81.06284989970013	-243.18854969910035	8.389999999999986	8.389999999999986	81.06284989970013	-8.389999999999986	-324.2513995988005	243.18854969910035	72.67284989970013	8.389999999999986	243.18854969910035	-81.06284989970013	243.18854969910035	-243.18854969910035	8.39	81.0628498997001
29	624.0502003988004	468.0376502991003	156.0125500997001	-468.0376502991003	8.389999999999986	8.389999999999986	156.0125500997001	-8.389999999999986	-624.0502003988004	468.0376502991003	147.62255009970008	8.389999999999986	468.0376502991003	-156.0125500997001	468.0376502991003	-468.0376502991003	8.39	156.0125500997001
30	224.75099800199865	168.56324850149895	56.187749500499656	-168.56324850149895	8.389999999999986	8.389999999999986	56.187749500499656	-8.389999999999986	-224.75099800199865	168.56324850149895	47.797749500499656	8.389999999999986	168.56324850149895	-56.187749500499656	168.56324850149895	-168.56324850149895	8.39	56.18774950049962
31	912.0495512030024	684.0371634022517	228.01238780075062	-684.0371634022517	8.389999999999986	8.389999999999986	228.01238780075062	-8.389999999999986	-912.0495512030024	684.0371634022517	219.6223878007506	8.389999999999986	684.0371634022517	-228.01238780075062	684.0371634022517	-684.0371634022517	8.39	228.0123878007505
32	586.5997500010014	439.949812500751	146.64993750025036	-439.9498125007511	8.389999999999986	8.389999999999986	146.64993750025036	-8.389999999999986	-586.5997500010014	439.9498125007511	138.25993750025037	8.389999999999986	439.9498125007511	-146.64993750025036	439.9498125007511	-439.9498125007511	8.39	146.64993750025036
33	836.7989492002014	627.599211900151	209.19973730005034	-627.599211900151	8.389999999999986	8.389999999999986	209.19973730005034	-8.389999999999986	-836.7989492002014	627.599211900151	200.80973730005036	8.389999999999986	627.599211900151	-209.19973730005034	627.599211900151	-627.599211900151	8.39	209.1997373000503
34	786.5989500010015	589.9492125007511	196.64973750025035	-589.9492125007511	8.389999999999986	8.389999999999986	196.64973750025035	-8.389999999999986	-786.5989500010015	589.9492125007511	188.25973750025034	8.389999999999986	589.9492125007511	-196.64973750025035	589.9492125007511	-589.9492125007511	8.39	196.64973750025035
35	937.1997508018014	702.8998131013511	234.29993770045036	-702.8998131013511	8.389999999999986	8.389999999999986	234.29993770045036	-8.389999999999986	-937.1997508018014	702.8998131013511	225.90993770045034	8.389999999999986	702.8998131013511	-234.29993770045036	702.8998131013511	-702.8998131013511	8.39	234.29993770045036
36	987.3997500010016	740.5498125007512	246.8499375002504	-740.5498125007512	8.389999999999986	8.389999999999986	246.8499375002504	-8.389999999999986	-987.3997500010016	740.5498125007512	238.4599375002504	8.389999999999986	740.5498125007512	-246.8499375002504	740.5498125007512	-740.5498125007512	8.39	246.8499375002504
37	686.4997507993999	514.8748130995499	171.62493769984997	-514.8748130995499	8.389999999999986	8.389999999999986	171.62493769984997	-8.389999999999986	-686.4997507993999	514.8748130995499	163.23493769984998	8.389999999999986	514.8748130995499	-171.62493769984997	514.8748130995499	-514.8748130995499	8.39	171.62493769984997
38	711.549550399801	533.6621627998505	177.8873875999502	-533.6621627998505	8.389999999999986	8.389999999999986	177.8873875999502	-8.389999999999986	-711.549550399801	533.6621627998505	169.49738759995017	8.389999999999986	533.6621627998505	-177.8873875999502	533.6621627998505	-533.6621627998505	8.39	177.88738759995016
39	886.8989491994	665.1742118995498	221.72473729984998	-665.1742118995498	8.389999999999986	8.389999999999986	221.72473729984998	-8.389999999999986	-886.8989491994	665.1742118995498	213.33473729984996	8.389999999999986	665.1742118995498	-221.72473729984998	665.1742118995498	-665.1742118995498	8.39	221.7247372998499
40	486.5005507993999	364.87541309954986	121.62513769984993	-364.8754130995498	8.389999999999986	8.389999999999986	121.62513769984993	-8.389999999999986	-486.5005507993999	364.8754130995498	113.23513769984993	8.389999999999986	364.8754130995498	-121.62513769984993	364.8754130995498	-364.8754130995498	8.39	121.62513769984993
41	761.5491504006005	571.1618628004504	190.38728760015013	-571.1618628004504	8.389999999999986	8.389999999999986	190.38728760015013	-8.389999999999986	-761.5491504006005	571.1618628004504	181.99728760015012	8.389999999999986	571.1618628004504	-190.38728760015013	571.1618628004504	-571.1618628004504	8.39	190.38728760015016
42	561.5499504006006	421.16246280045044	140.38748760015017	-421.16246280045044	8.389999999999986	8.389999999999986	140.38748760015017	-8.389999999999986	-561.5499504006006	421.16246280045044	131.99748760015015	8.389999999999986	421.16246280045044	-140.38748760015017	421.16246280045044	-421.16246280045044	8.39	140.3874876001501
43	811.7491495998006	608.8118621998505	202.93728739995015	-608.8118621998505	8.389999999999986	8.389999999999986	202.93728739995015	-8.389999999999986	-811.7491495998006	608.8118621998505	194.54728739995016	8.389999999999986	608.8118621998505	-202.93728739995015	608.8118621998505	-608.8118621998505	8.39	202.93728739995015
44	962.3499504006008	721.7624628004506	240.5874876001502	-721.7624628004506	8.389999999999986	8.389999999999986	240.5874876001502	-8.389999999999986	-962.3499504006008	721.7624628004506	232.19748760015023	8.389999999999986	721.7624628004506	-240.5874876001502	721.7624628004506	-721.7624628004506	8.39	240.5874876001502
45	386.70094999939965	290.0257124995498	96.67523749984991	-290.0257124995498	8.389999999999986	8.389999999999986	96.67523749984991	-8.389999999999986	-386.70094999939965	290.0257124995498	88.28523749984993	8.389999999999986	290.0257124995498	-96.67523749984991	290.0257124995498	-290.0257124995498	8.39	96.67523749984997
46	536.5001508002	402.37511310014986	134.12503770004997	-402.37511310014986	8.389999999999986	8.389999999999986	134.12503770004997	-8.389999999999986	-536.5001508002	402.37511310014986	125.73503770004997	8.389999999999986	402.37511310014986	-134.12503770004997	402.37511310014986	-402.37511310014986	8.39	134.12503770004992
47	661.4998507997998	496.1248880998497	165.37496269994995	-496.1248880998497	8.389999999999986	8.389999999999986	165.37496269994992	-8.389999999999986	-661.4998507997998	496.1248880998497	156.9849626999499	8.389999999999986	496.1248880998497	-165.37496269994995	496.1248880998497	-496.1248880998497	8.39	165.3749626999499
48	511.5002508006	383.6251881004499	127.87506270015001	-383.6251881004499	8.389999999999986	8.389999999999986	127.87506270014997	-8.389999999999986	-511.5002508006	383.6251881004499	119.48506270014997	8.389999999999986	383.6251881004499	-127.87506270015001	383.6251881004499	-383.6251881004499	8.39	127.87506270015001
49	436.55085039940076	327.41313779955044	109.13771259985015	-327.41313779955044	8.389999999999986	8.389999999999986	109.13771259985015	-8.389999999999986	-436.55085039940076	327.41313779955044	100.74771259985015	8.389999999999986	327.41313779955044	-109.13771259985015	327.41313779955044	-327.41313779955044	8.39	109.13771259985016
50	861.8990491997998	646.4242868998499	215.47476229994993	-646.4242868998499	8.389999999999986	8.389999999999986	215.47476229994996	-8.389999999999986	-861.8990491997998	646.4242868998499	207.08476229994994	8.389999999999986	646.4242868998499	-215.47476229994993	646.4242868998499	-646.4242868998499	8.39	215.47476229995004
51	286.9512488002006	215.21343660015032	71.73781220005009	-215.21343660015026	8.389999999999986	8.389999999999986	71.73781220005009	-8.389999999999986	-286.9512488002006	215.21343660015026	63.347812200050086	8.389999999999986	215.21343660015026	-71.73781220005009	215.21343660015026	-215.21343660015026	8.39	71.73781220005009
52	336.7512495994006	252.56343719955032	84.18781239985015	-252.56343719955032	8.389999999999986	8.389999999999986	84.18781239985012	-8.389999999999986	-336.7512495994006	252.56343719955032	75.79781239985012	8.389999999999986	252.56343719955032	-84.18781239985015	252.56343719955032	-252.56343719955032	8.39	84.18781239985009
53	636.5500503994007	477.4125377995503	159.13751259985008	-477.4125377995503	8.389999999999986	8.389999999999986	159.13751259985008	-8.389999999999986	-636.5500503994007	477.4125377995503	150.7475125998501	8.389999999999986	477.4125377995503	-159.13751259985008	477.4125377995503	-477.4125377995503	8.39	159.13751259985014
54	361.7010499997999	271.2757874998498	90.42526249994994	-271.2757874998498	8.389999999999986	8.389999999999986	90.42526249994994	-8.389999999999986	-361.7010499997999	271.2757874998498	82.03526249994994	8.389999999999986	271.2757874998498	-90.42526249994994	271.2757874998498	-271.2757874998498	8.39	90.42526249994992
55	461.5006507997999	346.1254880998498	115.37516269994994	-346.1254880998498	8.389999999999986	8.389999999999986	115.37516269994994	-8.389999999999986	-461.5006507997999	346.1254880998498	106.98516269994994	8.389999999999986	346.1254880998498	-115.37516269994994	346.1254880998498	-346.1254880998498	8.39	115.37516269994993
56	736.549250401001	552.4119378007506	184.1373126002502	-552.4119378007506	8.389999999999986	8.389999999999986	184.1373126002502	-8.389999999999986	-736.549250401001	552.4119378007506	175.7473126002502	8.389999999999986	552.4119378007506	-184.1373126002502	552.4119378007506	-552.4119378007506	8.39	184.1373126002502
57	411.65075039979894	308.738062799849	102.91268759994966	-308.738062799849	8.389999999999986	8.389999999999986	102.91268759994966	-8.389999999999986	-411.65075039979894	308.738062799849	94.52268759994966	8.389999999999986	308.738062799849	-102.91268759994966	308.738062799849	-308.738062799849	8.39	102.91268759994966
58	311.8511495997991	233.8883621998491	77.96278739994972	-233.88836219984915	8.389999999999986	8.389999999999986	77.96278739994972	-8.389999999999986	-311.8511495997991	233.88836219984915	69.57278739994972	8.389999999999986	233.88836219984915	-77.96278739994972	233.88836219984915	-233.88836219984915	8.39	77.96278739994972
59	237.20094840179786	177.90071130134834	59.30023710044941	-177.90071130134828	8.389999999999986	8.389999999999986	59.30023710044942	-8.389999999999986	-237.20094840179786	177.90071130134828	50.91023710044942	8.389999999999986	177.90071130134828	-59.30023710044941	177.90071130134828	-177.90071130134828	8.39	59.30023710044943
60	262.05114880059887	196.53836160044898	65.51278720014966	-196.53836160044898	8.389999999999986	8.389999999999986	65.51278720014966	-8.389999999999986	-262.05114880059887	196.53836160044898	57.12278720014966	8.389999999999986	196.53836160044898	-65.51278720014966	196.53836160044898	-196.53836160044898	8.39	65.51278720014966
61	611.649950399799	458.73746279984914	152.9124875999497	-458.73746279984914	8.389999999999986	8.389999999999986	152.9124875999497	-8.389999999999986	-611.649950399799	458.73746279984914	144.5224875999497	8.389999999999986	458.73746279984914	-152.9124875999497	458.73746279984914	-458.73746279984914	8.39	152.91248759994969
62	212.40024999900103	159.30018749925068	53.100062499750265	-159.30018749925068	8.389999999999986	8.389999999999986	53.10006249975024	-8.389999999999986	-212.40024999900103	159.30018749925068	44.71006249975024	8.389999999999986	159.30018749925068	-53.100062499750265	159.30018749925068	-159.30018749925068	8.39	53.10006249975021
63	905.7368259535044	679.3026194651281	226.43420648837605	-679.3026194651281	8.389999999999986	8.389999999999986	226.43420648837605	-8.389999999999986	-905.7368259535044	679.3026194651281	218.04420648837606	8.389999999999986	679.3026194651281	-226.43420648837605	679.3026194651281	-679.3026194651281	8.39	226.43420648837605
64	943.5124760512999	707.6343570384747	235.87811901282492	-707.6343570384747	8.389999999999986	8.389999999999986	235.87811901282492	-8.389999999999986	-943.5124760512999	707.6343570384747	227.48811901282494	8.389999999999986	707.6343570384747	-235.87811901282492	707.6343570384747	-707.6343570384747	8.39	235.87811901282487
65	843.1116744496996	632.3337558372746	210.77791861242486	-632.3337558372746	8.389999999999986	8.389999999999986	210.77791861242486	-8.389999999999986	-843.1116744496996	632.3337558372746	202.38791861242484	8.389999999999986	632.3337558372746	-210.77791861242486	632.3337558372746	-632.3337558372746	8.39	210.77791861242486
66	918.3622764525006	688.7717073393752	229.59056911312507	-688.7717073393752	8.389999999999986	8.389999999999986	229.59056911312507	-8.389999999999986	-918.3622764525006	688.7717073393752	221.20056911312506	8.389999999999986	688.7717073393752	-229.59056911312507	688.7717073393752	-688.7717073393752	8.39	229.59056911312507
67	592.9124752504997	444.68435643787467	148.22811881262487	-444.68435643787467	8.389999999999986	8.389999999999986	148.22811881262487	-8.389999999999986	-592.9124752504997	444.68435643787467	139.83811881262488	8.389999999999986	444.68435643787467	-148.22811881262487	444.68435643787467	-444.68435643787467	8.39	148.22811881262493
68	792.9116752504998	594.6837564378746	198.2279188126249	-594.6837564378746	8.389999999999986	8.389999999999986	198.2279188126249	-8.389999999999986	-792.9116752504998	594.6837564378746	189.83791881262488	8.389999999999986	594.6837564378746	-198.2279188126249	594.6837564378746	-594.6837564378746	8.39	198.22791881262486
69	993.7124752505001	745.284356437875	248.42811881262492	-745.284356437875	8.389999999999986	8.389999999999986	248.42811881262497	-8.389999999999986	-993.7124752505001	745.284356437875	240.03811881262496	8.389999999999986	745.284356437875	-248.42811881262492	745.284356437875	-745.284356437875	8.39	248.42811881262494
70	705.2871255495002	528.965344162125	176.32178138737504	-528.965344162125	8.389999999999986	8.389999999999986	176.321781387375	-8.389999999999986	-705.2871255495002	528.965344162125	167.931781387375	8.389999999999986	528.965344162125	-176.32178138737504	528.965344162125	-528.965344162125	8.39	176.32178138737498
71	680.2373259490993	510.17799446182437	170.0593314872748	-510.17799446182437	8.389999999999986	8.389999999999986	170.0593314872748	-8.389999999999986	-680.2373259490993	510.17799446182437	161.6693314872748	8.389999999999986	510.17799446182437	-170.0593314872748	510.17799446182437	-510.17799446182437	8.39	170.0593314872748
72	580.337325150701	435.2529938630255	145.08433128767524	-435.25299386302555	8.389999999999986	8.389999999999986	145.08433128767518	-8.389999999999986	-580.337325150701	435.25299386302555	136.69433128767517	8.389999999999986	435.25299386302555	-145.08433128767524	435.25299386302555	-435.25299386302555	8.39	145.08433128767518
73	805.4867247495	604.1150435621249	201.37168118737497	-604.1150435621249	8.389999999999986	8.389999999999986	201.37168118737497	-8.389999999999986	-805.4867247495	604.1150435621249	192.981681187375	8.389999999999986	604.1150435621249	-201.37168118737497	604.1150435621249	-604.1150435621249	8.39	201.37168118737497
74	830.5365243499009	622.9023932624254	207.63413108747523	-622.9023932624254	8.389999999999986	8.389999999999986	207.63413108747517	-8.389999999999986	-830.5365243499009	622.9023932624254	199.24413108747518	8.389999999999986	622.9023932624254	-207.63413108747523	622.9023932624254	-622.9023932624254	8.39	207.6341310874751
75	956.0875255503003	717.0656441627251	239.02188138757504	-717.0656441627251	8.389999999999986	8.389999999999986	239.02188138757504	-8.389999999999986	-956.0875255503003	717.0656441627251	230.63188138757505	8.389999999999986	717.0656441627251	-239.02188138757504	717.0656441627251	-717.0656441627251	8.39	239.02188138757504
76	380.4385251490995	285.32889386182444	95.10963128727485	-285.32889386182444	8.389999999999986	8.389999999999986	95.10963128727481	-8.389999999999986	-380.4385251490995	285.32889386182444	86.71963128727481	8.389999999999986	285.32889386182444	-95.10963128727485	285.32889386182444	-285.32889386182444	8.39	95.10963128727481
77	755.2867255503002	566.465044162725	188.82168138757493	-566.465044162725	8.389999999999986	8.389999999999986	188.82168138757498	-8.389999999999986	-755.2867255503002	566.465044162725	180.43168138757497	8.389999999999986	566.465044162725	-188.82168138757493	566.465044162725	-566.465044162725	8.39	188.82168138757498
78	780.3365251507008	585.2523938630255	195.08413128767518	-585.2523938630255	8.389999999999986	8.389999999999986	195.08413128767518	-8.389999999999986	-780.3365251507008	585.2523938630255	186.69413128767516	8.389999999999986	585.2523938630255	-195.08413128767518	585.2523938630255	-585.2523938630255	8.39	195.08413128767518
79	981.1373251507011	735.8529938630256	245.2843312876753	-735.8529938630256	8.389999999999986	8.389999999999986	245.28433128767523	-8.389999999999986	-981.1373251507011	735.8529938630256	236.89433128767521	8.389999999999986	735.8529938630256	-245.2843312876753	735.8529938630256	-735.8529938630256	8.39	245.28433128767523
80	480.2381259490993	360.1785944618244	120.05953148727474	-360.1785944618244	8.389999999999986	8.389999999999986	120.05953148727478	-8.389999999999986	-480.2381259490993	360.1785944618244	111.66953148727478	8.389999999999986	360.1785944618244	-120.05953148727474	360.1785944618244	-360.1785944618244	8.39	120.0595314872748
81	555.2875255503001	416.46564416272497	138.821881387575	-416.46564416272497	8.389999999999986	8.389999999999986	138.821881387575	-8.389999999999986	-555.2875255503001	416.46564416272497	130.431881387575	8.389999999999986	416.46564416272497	-138.821881387575	416.46564416272497	-416.46564416272497	8.39	138.821881387575
82	530.2377259498994	397.67829446242445	132.55943148747482	-397.67829446242445	8.389999999999986	8.389999999999986	132.55943148747482	-8.389999999999986	-530.2377259498994	397.67829446242445	124.16943148747482	8.389999999999986	397.67829446242445	-132.55943148747482	397.67829446242445	-397.67829446242445	8.39	132.5594314874748
83	880.6365243490995	660.4773932618245	220.15913108727483	-660.4773932618245	8.389999999999986	8.389999999999986	220.15913108727483	-8.389999999999986	-880.6365243490995	660.4773932618245	211.76913108727484	8.389999999999986	660.4773932618245	-220.15913108727483	660.4773932618245	-660.4773932618245	8.39	220.1591310872749
84	930.9373259515011	698.2029944636257	232.73433148787524	-698.2029944636257	8.389999999999986	8.389999999999986	232.73433148787524	-8.389999999999986	-930.9373259515011	698.2029944636257	224.34433148787522	8.389999999999986	698.2029944636257	-232.73433148787524	698.2029944636257	-698.2029944636257	8.39	232.7343314878752
85	855.6616240495009	641.7462180371256	213.91540601237512	-641.7462180371256	8.389999999999986	8.389999999999986	213.91540601237517	-8.389999999999986	-855.6616240495009	641.7462180371256	205.52540601237516	8.389999999999986	641.7462180371256	-213.91540601237512	641.7462180371256	-641.7462180371256	8.39	213.91540601237514
86	505.26282565030056	378.94711923772536	126.31570641257508	-378.94711923772536	8.389999999999986	8.389999999999986	126.31570641257512	-8.389999999999986	-505.26282565030056	378.94711923772536	117.92570641257512	8.389999999999986	378.94711923772536	-126.31570641257508	378.94711923772536	-378.94711923772536	8.39	126.31570641257512
87	893.1613740497007	669.8710305372754	223.29034351242512	-669.8710305372754	8.389999999999986	8.389999999999986	223.29034351242512	-8.389999999999986	-893.1613740497007	669.8710305372754	214.9003435124251	8.389999999999986	669.8710305372754	-223.29034351242512	669.8710305372754	-669.8710305372754	8.39	223.2903435124251
88	630.3126252491012	472.7344689368258	157.57815631227527	-472.7344689368258	8.389999999999986	8.389999999999986	157.57815631227527	-8.389999999999986	-630.3126252491012	472.7344689368258	149.18815631227528	8.389999999999986	472.7344689368258	-157.57815631227527	472.7344689368258	-472.7344689368258	8.39	157.57815631227527
89	730.3118252507014	547.7338689380258	182.57795631267527	-547.7338689380258	8.389999999999986	8.389999999999986	182.57795631267527	-8.389999999999986	-730.3118252507014	547.7338689380258	174.18795631267528	8.389999999999986	547.7338689380258	-182.57795631267527	547.7338689380258	-547.7338689380258	8.39	182.57795631267527
90	655.2624256495005	491.4468192371252	163.81560641237508	-491.4468192371252	8.389999999999986	8.389999999999986	163.81560641237508	-8.389999999999986	-655.2624256495005	491.4468192371252	155.4256064123751	8.389999999999986	491.4468192371252	-163.81560641237508	491.4468192371252	-491.4468192371252	8.39	163.81560641237508
91	280.7138236499011	210.53536773742564	70.17845591247521	-210.53536773742564	8.389999999999986	8.389999999999986	70.17845591247523	-8.389999999999986	-280.7138236499011	210.53536773742564	61.78845591247523	8.389999999999986	210.53536773742564	-70.17845591247521	210.53536773742564	-210.53536773742564	8.39	70.17845591247519
92	430.31342524910133	322.7350689368259	107.57835631227528	-322.7350689368258	8.389999999999986	8.389999999999986	107.57835631227528	-8.389999999999986	-430.31342524910133	322.7350689368258	99.18835631227527	8.389999999999986	322.7350689368258	-107.57835631227528	322.7350689368258	-322.7350689368258	8.39	107.57835631227528
93	330.5138244491013	247.88536833682588	82.62845611227529	-247.88536833682588	8.389999999999986	8.389999999999986	82.62845611227529	-8.389999999999986	-330.5138244491013	247.88536833682588	74.23845611227529	8.389999999999986	247.88536833682588	-82.62845611227529	247.88536833682588	-247.88536833682588	8.39	82.6284561122753
94	355.46362484950066	266.59771863712524	88.86590621237508	-266.59771863712524	8.389999999999986	8.389999999999986	88.86590621237508	-8.389999999999986	-355.46362484950066	266.59771863712524	80.47590621237508	8.389999999999986	266.59771863712524	-88.86590621237508	266.59771863712524	-266.59771863712524	8.39	88.86590621237508
95	492.7629756497007	369.5722317372753	123.19074391242509	-369.5722317372753	8.389999999999986	8.389999999999986	123.19074391242509	-8.389999999999986	-492.7629756497007	369.5722317372753	114.80074391242509	8.389999999999986	369.5722317372753	-123.19074391242509	369.5722317372753	-369.5722317372753	8.39	123.19074391242509
96	767.8115752509013	575.8586814381758	191.9528938127253	-575.8586814381758	8.389999999999986	8.389999999999986	191.9528938127253	-8.389999999999986	-767.8115752509013	575.8586814381758	183.5628938127253	8.389999999999986	575.8586814381758	-191.9528938127253	575.8586814381758	-575.8586814381758	8.39	191.95289381272522
97	567.8123752509013	425.8592814381757	141.95309381272523	-425.8592814381757	8.389999999999986	8.389999999999986	141.95309381272523	-8.389999999999986	-567.8123752509013	425.8592814381757	133.56309381272524	8.389999999999986	425.8592814381757	-141.95309381272523	425.8592814381757	-425.8592814381757	8.39	141.95309381272523
98	392.96337484970036	294.72253113727515	98.24084371242506	-294.72253113727515	8.389999999999986	8.389999999999986	98.24084371242506	-8.389999999999986	-392.96337484970036	294.72253113727515	89.85084371242506	8.389999999999986	294.72253113727515	-98.24084371242506	294.72253113727515	-294.72253113727515	8.39	98.24084371242503
99	455.26322564950044	341.44741923712525	113.81580641237508	-341.44741923712525	8.389999999999986	8.389999999999986	113.81580641237508	-8.389999999999986	-455.26322564950044	341.44741923712525	105.42580641237508	8.389999999999986	341.44741923712525	-113.81580641237508	341.44741923712525	-341.44741923712525	8.39	113.81580641237508
100	542.7625756505006	407.0719317378753	135.6906439126251	-407.0719317378753	8.389999999999986	8.389999999999986	135.6906439126251	-8.389999999999986	-542.7625756505006	407.0719317378753	127.3006439126251	8.389999999999986	407.0719317378753	-135.6906439126251	407.0719317378753	-407.0719317378753	8.39	135.6906439126251
101	692.7621756497007	519.5716317372754	173.19054391242514	-519.5716317372754	8.389999999999986	8.389999999999986	173.19054391242514	-8.389999999999986	-692.7621756497007	519.5716317372754	164.80054391242516	8.389999999999986	519.5716317372754	-173.19054391242514	519.5716317372754	-519.5716317372754	8.39	173.19054391242514
102	717.8119752501016	538.3589814375761	179.4529938125254	-538.3589814375761	8.389999999999986	8.389999999999986	179.45299381252536	-8.389999999999986	-717.8119752501016	538.3589814375761	171.06299381252535	8.389999999999986	538.3589814375761	-179.4529938125254	538.3589814375761	-538.3589814375761	8.39	179.45299381252534
103	818.0115744501014	613.508680837576	204.50289361252533	-613.508680837576	8.389999999999986	8.389999999999986	204.50289361252533	-8.389999999999986	-818.0115744501014	613.508680837576	196.11289361252534	8.389999999999986	613.508680837576	-204.50289361252533	613.508680837576	-613.508680837576	8.39	204.50289361252533
104	968.6123752509019	726.4592814381762	242.1530938127254	-726.4592814381762	8.389999999999986	8.389999999999986	242.1530938127254	-8.389999999999986	-968.6123752509019	726.4592814381762	233.7630938127254	8.389999999999986	726.4592814381762	-242.1530938127254	726.4592814381762	-726.4592814381762	8.39	242.1530938127254
105	305.63862435029915	229.22896826272415	76.40965608757472	-229.22896826272415	8.389999999999986	8.389999999999986	76.40965608757473	-8.389999999999986	-305.63862435029915	229.22896826272415	68.01965608757473	8.389999999999986	229.22896826272415	-76.40965608757472	229.22896826272415	-229.22896826272415	8.39	76.40965608757469
106	667.7372759500994	500.80295696257434	166.93431898752476	-500.80295696257434	8.389999999999986	8.389999999999986	166.9343189875248	-8.389999999999986	-667.7372759500994	500.80295696257434	158.54431898752478	8.389999999999986	500.80295696257434	-166.93431898752476	500.80295696257434	-500.80295696257434	8.39	166.93431898752476
107	517.7376759508995	388.3032569631745	129.43441898772483	-388.3032569631745	8.389999999999986	8.389999999999986	129.43441898772483	-8.389999999999986	-517.7376759508995	388.3032569631745	121.04441898772482	8.389999999999986	388.3032569631745	-129.43441898772483	388.3032569631745	-388.3032569631745	8.39	129.43441898772483
108	868.1364743500994	651.1023557625745	217.03411858752483	-651.1023557625745	8.389999999999986	8.389999999999986	217.03411858752483	-8.389999999999986	-868.1364743500994	651.1023557625745	208.64411858752482	8.389999999999986	651.1023557625745	-217.03411858752483	651.1023557625745	-651.1023557625745	8.39	217.0341185875248
109	255.83862355109898	191.87896766332415	63.959655887774716	-191.87896766332415	8.389999999999986	8.389999999999986	63.95965588777472	-8.389999999999986	-255.83862355109898	191.87896766332415	55.56965588777472	8.389999999999986	191.87896766332415	-63.959655887774716	191.87896766332415	-191.87896766332415	8.39	63.95965588777469
110	342.9886747497002	257.24150606227494	85.74716868742496	-257.24150606227494	8.389999999999986	8.389999999999986	85.74716868742497	-8.389999999999986	-342.9886747497002	257.24150606227494	77.35716868742497	8.389999999999986	257.24150606227494	-85.74716868742496	257.24150606227494	-257.24150606227494	8.39	85.74716868742496
111	442.78827554970024	332.0912066622751	110.69706888742508	-332.0912066622751	8.389999999999986	8.389999999999986	110.69706888742503	-8.389999999999986	-442.78827554970024	332.0912066622751	102.30706888742503	8.389999999999986	332.0912066622751	-110.69706888742508	332.0912066622751	-332.0912066622751	8.39	110.69706888742505
112	642.7874755497002	482.0906066622749	160.696868887425	-482.0906066622749	8.389999999999986	8.389999999999986	160.696868887425	-8.389999999999986	-642.7874755497002	482.0906066622749	152.306868887425	8.389999999999986	482.0906066622749	-160.696868887425	482.0906066622749	-482.0906066622749	8.39	160.6968688874249
113	293.18867395050006	219.89150546287487	73.29716848762494	-219.89150546287482	8.389999999999986	8.389999999999986	73.29716848762494	-8.389999999999986	-293.18867395050006	219.89150546287482	64.90716848762494	8.389999999999986	219.89150546287482	-73.29716848762494	219.89150546287482	-219.89150546287482	8.39	73.29716848762493
114	367.9384751500994	275.95385636257436	91.98461878752482	-275.95385636257436	8.389999999999986	8.389999999999986	91.98461878752478	-8.389999999999986	-367.9384751500994	275.95385636257436	83.59461878752478	8.389999999999986	275.95385636257436	-91.98461878752482	275.95385636257436	-275.95385636257436	8.39	91.98461878752478
115	405.4382251502991	304.07866886272416	101.35955628757472	-304.07866886272416	8.389999999999986	8.389999999999986	101.35955628757472	-8.389999999999986	-405.4382251502991	304.07866886272416	92.96955628757472	8.389999999999986	304.07866886272416	-101.35955628757472	304.07866886272416	-304.07866886272416	8.39	101.35955628757472
116	467.73807595009936	350.80355696257436	116.93451898752483	-350.80355696257436	8.389999999999986	8.389999999999986	116.93451898752478	-8.389999999999986	-467.73807595009936	350.80355696257436	108.54451898752478	8.389999999999986	350.80355696257436	-116.93451898752483	350.80355696257436	-350.80355696257436	8.39	116.93451898752483
117	230.9884231522983	173.2413173642235	57.747105788074464	-173.24131736422345	8.389999999999986	8.389999999999986	57.74710578807448	-8.389999999999986	-230.9884231522983	173.24131736422345	49.35710578807448	8.389999999999986	173.24131736422345	-57.747105788074464	173.24131736422345	-173.24131736422345	8.39	57.74710578807448
118	605.4374251502994	454.0780688627243	151.35935628757477	-454.0780688627243	8.389999999999986	8.389999999999986	151.35935628757477	-8.389999999999986	-605.4374251502994	454.0780688627243	142.96935628757475	8.389999999999986	454.0780688627243	-151.35935628757477	454.0780688627243	-454.0780688627243	8.39	151.35935628757474
119	742.7866755513002	557.090006663475	185.696668887825	-557.090006663475	8.389999999999986	8.389999999999986	185.696668887825	-8.389999999999986	-742.7866755513002	557.090006663475	177.30666888782503	8.389999999999986	557.090006663475	-185.696668887825	557.090006663475	-557.090006663475	8.39	185.696668887825
120	243.41347365129786	182.56010523847317	60.85336841282439	-182.56010523847317	8.389999999999986	8.389999999999986	60.85336841282439	-8.389999999999986	-243.41347365129786	182.56010523847317	52.46336841282439	8.389999999999986	182.56010523847317	-60.85336841282439	182.56010523847317	-182.56010523847317	8.39	60.85336841282438
121	417.86327564929866	313.39745673697394	104.46581891232461	-313.39745673697394	8.389999999999986	8.389999999999986	104.46581891232465	-8.389999999999986	-417.86327564929866	313.39745673697394	96.07581891232465	8.389999999999986	313.39745673697394	-104.46581891232461	313.39745673697394	-313.39745673697394	8.39	104.46581891232465
122	268.26367405009864	201.19775553757387	67.0659185125246	-201.19775553757387	8.389999999999986	8.389999999999986	67.06591851252462	-8.389999999999986	-268.26367405009864	201.19775553757387	58.675918512524625	8.389999999999986	201.19775553757387	-67.0659185125246	201.19775553757387	-201.19775553757387	8.39	67.0659185125246
123	318.0636748492989	238.547756136974	79.51591871232472	-238.547756136974	8.389999999999986	8.389999999999986	79.51591871232466	-8.389999999999986	-318.0636748492989	238.547756136974	71.12591871232466	8.389999999999986	238.547756136974	-79.51591871232472	238.547756136974	-238.547756136974	8.39	79.51591871232466
124	617.8376751493008	463.37825636197545	154.45941878732515	-463.37825636197545	8.389999999999986	8.389999999999986	154.45941878732515	-8.389999999999986	-617.8376751493008	463.37825636197545	146.06941878732513	8.389999999999986	463.37825636197545	-154.45941878732515	463.37825636197545	-463.37825636197545	8.39	154.45941878732515
125	206.21252524949924	154.65939393712438	51.55313131237483	-154.65939393712438	8.389999999999986	8.389999999999986	51.5531313123748	-8.389999999999986	-206.21252524949924	154.65939393712438	43.1631313123748	8.389999999999986	154.65939393712438	-51.55313131237483	154.65939393712438	-154.65939393712438	8.39	51.553131312374774
126	218.58797474850292	163.94098106137707	54.6469936871257	-163.9409810613771	8.389999999999986	8.389999999999986	54.64699368712569	-8.389999999999986	-218.58797474850292	163.9409810613771	46.25699368712569	8.389999999999986	163.9409810613771	-54.6469936871257	163.9409810613771	-163.9409810613771	8.39	54.646993687125715
127	902.5741506035057	676.9306129526292	225.6435376508764	-676.9306129526292	8.389999999999986	8.389999999999986	225.6435376508764	-8.389999999999986	-902.5741506035057	676.9306129526292	217.2535376508764	8.389999999999986	676.9306129526292	-225.6435376508764	676.9306129526292	-676.9306129526292	8.39	225.6435376508764
128	940.3624261518002	705.2718196138499	235.09060653794995	-705.2718196138499	8.389999999999986	8.389999999999986	235.09060653794995	-8.389999999999986	-940.3624261518002	705.2718196138499	226.70060653794997	8.389999999999986	705.2718196138499	-235.09060653794995	705.2718196138499	-705.2718196138499	8.39	235.09060653794995
129	990.5624253510003	742.9218190132501	247.64060633775	-742.9218190132501	8.389999999999986	8.389999999999986	247.64060633775003	-8.389999999999986	-990.5624253510003	742.9218190132501	239.25060633775	8.389999999999986	742.9218190132501	-247.64060633775	742.9218190132501	-742.9218190132501	8.39	247.6406063377501
130	908.899501303503	681.6746259776271	227.2248753258757	-681.6746259776271	8.389999999999986	8.389999999999986	227.2248753258757	-8.389999999999986	-908.899501303503	681.6746259776271	218.83487532587571	8.389999999999986	681.6746259776271	-227.2248753258757	681.6746259776271	-681.6746259776271	8.39	227.2248753258757
131	589.7624253510003	442.32181901325	147.44060633775007	-442.32181901325004	8.389999999999986	8.389999999999986	147.44060633775	-8.389999999999986	-589.7624253510003	442.32181901325004	139.05060633775	8.389999999999986	442.32181901325004	-147.44060633775007	442.32181901325004	-442.32181901325004	8.39	147.44060633775
132	839.9616245502001	629.9712184126498	209.99040613754994	-629.9712184126498	8.389999999999986	8.389999999999986	209.99040613754994	-8.389999999999986	-839.9616245502001	629.9712184126498	201.60040613754992	8.389999999999986	629.9712184126498	-209.99040613754994	629.9712184126498	-629.9712184126498	8.39	209.99040613754994
133	915.2122265530008	686.4091699147505	228.80305663825015	-686.4091699147505	8.389999999999986	8.389999999999986	228.80305663825015	-8.389999999999986	-915.2122265530008	686.4091699147505	220.41305663825014	8.389999999999986	686.4091699147505	-228.80305663825015	686.4091699147505	-686.4091699147505	8.39	228.80305663825015
134	789.7616253510001	592.3212190132501	197.44040633775	-592.3212190132501	8.389999999999986	8.389999999999986	197.44040633775003	-8.389999999999986	-789.7616253510001	592.3212190132501	189.05040633775002	8.389999999999986	592.3212190132501	-197.44040633775	592.3212190132501	-592.3212190132501	8.39	197.44040633775006
135	921.5123263520002	691.134244764	230.37808158800001	-691.134244764	8.389999999999986	8.389999999999986	230.37808158800001	-8.389999999999986	-921.5123263520002	691.134244764	221.988081588	8.389999999999986	691.134244764	-230.37808158800001	691.134244764	-691.134244764	8.39	230.37808158799993
136	877.4990494990991	658.1242871243242	219.37476237477472	-658.1242871243242	8.389999999999986	8.389999999999986	219.37476237477472	-8.389999999999986	-877.4990494990991	658.1242871243242	210.9847623747747	8.389999999999986	658.1242871243242	-219.37476237477472	658.1242871243242	-658.1242871243242	8.39	219.3747623747747
137	377.30105029909873	282.97578772432394	94.32526257477468	-282.97578772432394	8.389999999999986	8.389999999999986	94.32526257477464	-8.389999999999986	-377.30105029909873	282.97578772432394	85.93526257477464	8.389999999999986	282.97578772432394	-94.32526257477468	282.97578772432394	-282.97578772432394	8.39	94.32526257477465
138	846.2617243491994	634.6962932618993	211.56543108729977	-634.6962932618993	8.389999999999986	8.389999999999986	211.56543108729977	-8.389999999999986	-846.2617243491994	634.6962932618993	203.17543108729978	8.389999999999986	634.6962932618993	-211.56543108729977	634.6962932618993	-634.6962932618993	8.39	211.56543108729977
139	946.6625259507994	709.9968944630994	236.66563148769978	-709.9968944630994	8.389999999999986	8.389999999999986	236.66563148769978	-8.389999999999986	-946.6625259507994	709.9968944630994	228.27563148769977	8.389999999999986	709.9968944630994	-236.66563148769978	709.9968944630994	-709.9968944630994	8.39	236.66563148769978
140	752.1492507002995	564.1119380252245	188.03731267507487	-564.1119380252245	8.389999999999986	8.389999999999986	188.03731267507484	-8.389999999999986	-752.1492507002995	564.1119380252245	179.64731267507483	8.389999999999986	564.1119380252245	-188.03731267507487	564.1119380252245	-564.1119380252245	8.39	188.03731267507482
141	577.1998503007004	432.8998877255252	144.29996257517507	-432.8998877255252	8.389999999999986	8.389999999999986	144.29996257517507	-8.389999999999986	-577.1998503007004	432.8998877255252	135.9099625751751	8.389999999999986	432.8998877255252	-144.29996257517507	432.8998877255252	-432.8998877255252	8.39	144.29996257517507
142	596.0625251499993	447.04689386249936	149.0156312874998	-447.04689386249936	8.389999999999986	8.389999999999986	149.0156312874998	-8.389999999999986	-596.0625251499993	447.04689386249936	140.6256312874998	8.389999999999986	447.04689386249936	-149.0156312874998	447.04689386249936	-447.04689386249936	8.39	149.0156312874998
143	702.1496506994996	526.6122380246246	175.53741267487487	-526.6122380246246	8.389999999999986	8.389999999999986	175.53741267487487	-8.389999999999986	-702.1496506994996	526.6122380246246	167.1474126748749	8.389999999999986	526.6122380246246	-175.53741267487487	526.6122380246246	-526.6122380246246	8.39	175.53741267487487
144	827.3990494999003	620.5492871249252	206.84976237497506	-620.5492871249252	8.389999999999986	8.389999999999986	206.84976237497506	-8.389999999999986	-827.3990494999003	620.5492871249252	198.45976237497507	8.389999999999986	620.5492871249252	-206.84976237497506	620.5492871249252	-620.5492871249252	8.39	206.84976237497506
145	977.9998503007008	733.4998877255254	244.49996257517512	-733.4998877255254	8.389999999999986	8.389999999999986	244.49996257517512	-8.389999999999986	-977.9998503007008	733.4998877255254	236.10996257517513	8.389999999999986	733.4998877255254	-244.49996257517512	733.4998877255254	-733.4998877255254	8.39	244.49996257517512
146	677.0998510990987	507.82488832432387	169.27496277477462	-507.82488832432387	8.389999999999986	8.389999999999986	169.27496277477462	-8.389999999999986	-677.0998510990987	507.82488832432387	160.88496277477464	8.389999999999986	507.82488832432387	-169.27496277477462	507.82488832432387	-507.82488832432387	8.39	169.27496277477462
147	477.10065109909874	357.82548832432394	119.27516277477457	-357.8254883243239	8.389999999999986	8.389999999999986	119.27516277477463	-8.389999999999986	-477.10065109909874	357.8254883243239	110.88516277477463	8.389999999999986	357.8254883243239	-119.27516277477457	357.8254883243239	-357.8254883243239	8.39	119.27516277477463
148	552.1500507002995	414.11253802522447	138.03751267507482	-414.11253802522447	8.389999999999986	8.389999999999986	138.03751267507482	-8.389999999999986	-552.1500507002995	414.11253802522447	129.6475126750748	8.389999999999986	414.11253802522447	-138.03751267507482	414.11253802522447	-414.11253802522447	8.39	138.03751267507482
149	796.0617251499993	597.0462938624994	199.01543128749972	-597.0462938624994	8.389999999999986	8.389999999999986	199.01543128749978	-8.389999999999986	-796.0617251499993	597.0462938624994	190.62543128749977	8.389999999999986	597.0462938624994	-199.01543128749972	597.0462938624994	-597.0462938624994	8.39	199.01543128749978
150	527.100251099899	395.32518832492406	131.77506277497469	-395.32518832492406	8.389999999999986	8.389999999999986	131.77506277497469	-8.389999999999986	-527.100251099899	395.32518832492406	123.38506277497468	8.389999999999986	395.32518832492406	-131.77506277497469	395.32518832492406	-395.32518832492406	8.39	131.77506277497469
151	802.3492498994995	601.7619374246244	200.5873124748748	-601.7619374246244	8.389999999999986	8.389999999999986	200.5873124748748	-8.389999999999986	-802.3492498994995	601.7619374246244	192.19731247487482	8.389999999999986	601.7619374246244	-200.5873124748748	601.7619374246244	-601.7619374246244	8.39	200.5873124748748
152	952.9500507002997	714.7125380252246	238.23751267507487	-714.7125380252246	8.389999999999986	8.389999999999986	238.23751267507487	-8.389999999999986	-952.9500507002997	714.7125380252246	229.84751267507488	8.389999999999986	714.7125380252246	-238.23751267507487	714.7125380252246	-714.7125380252246	8.39	238.23751267507487
153	777.1990503007003	582.899287725525	194.299762575175	-582.899287725525	8.389999999999986	8.389999999999986	194.299762575175	-8.389999999999986	-777.1990503007003	582.899287725525	185.909762575175	8.389999999999986	582.899287725525	-194.299762575175	582.899287725525	-582.899287725525	8.39	194.299762575175
154	927.7998511015005	695.8498883261252	231.94996277537507	-695.8498883261252	8.389999999999986	8.389999999999986	231.94996277537507	-8.389999999999986	-927.7998511015005	695.8498883261252	223.55996277537506	8.389999999999986	695.8498883261252	-231.94996277537507	695.8498883261252	-695.8498883261252	8.39	231.94996277537507
155	996.8625251499997	747.6468938624995	249.21563128749983	-747.6468938624995	8.389999999999986	8.389999999999986	249.21563128749983	-8.389999999999986	-996.8625251499997	747.6468938624995	240.82563128749982	8.389999999999986	747.6468938624995	-249.21563128749983	747.6468938624995	-747.6468938624995	8.39	249.21563128749983
156	852.5366740492007	639.4025055369004	213.1341685123001	-639.4025055369004	8.389999999999986	8.389999999999986	213.13416851230014	-8.389999999999986	-852.5366740492007	639.4025055369004	204.74416851230012	8.389999999999986	639.4025055369004	-213.1341685123001	639.4025055369004	-639.4025055369004	8.39	213.13416851230016
157	965.4874252506017	724.1155689379511	241.37185631265038	-724.1155689379511	8.389999999999986	8.389999999999986	241.37185631265038	-8.389999999999986	-965.4874252506017	724.1155689379511	232.9818563126504	8.389999999999986	724.1155689379511	-241.37185631265038	724.1155689379511	-724.1155689379511	8.39	241.37185631265038
158	652.1374756492004	489.1031067369001	163.0343689123	-489.1031067369001	8.389999999999986	8.389999999999986	163.03436891230004	-8.389999999999986	-652.1374756492004	489.1031067369001	154.64436891230002	8.389999999999986	489.1031067369001	-163.0343689123	489.1031067369001	-489.1031067369001	8.39	163.0343689123
159	714.6870252498016	536.0152689373512	178.67175631245038	-536.0152689373512	8.389999999999986	8.389999999999986	178.67175631245038	-8.389999999999986	-714.6870252498016	536.0152689373512	170.2817563124504	8.389999999999986	536.0152689373512	-178.67175631245038	536.0152689373512	-536.0152689373512	8.39	178.67175631245038
160	758.4242004003007	568.8181503002253	189.6060501000751	-568.8181503002253	8.389999999999986	8.389999999999986	189.6060501000751	-8.389999999999986	-758.4242004003007	568.8181503002253	181.2160501000751	8.389999999999986	568.8181503002253	-189.6060501000751	568.8181503002253	-568.8181503002253	8.39	189.6060501000751
161	583.4748000007016	437.6061000005261	145.8687000001753	-437.60610000052606	8.389999999999986	8.389999999999986	145.86870000017535	-8.389999999999986	-583.4748000007016	437.60610000052606	137.47870000017537	8.389999999999986	437.60610000052606	-145.8687000001753	437.60610000052606	-437.60610000052606	8.39	145.86870000017535
162	627.1876752488012	470.3907564366008	156.79691881220026	-470.3907564366008	8.389999999999986	8.389999999999986	156.79691881220026	-8.389999999999986	-627.1876752488012	470.3907564366008	148.40691881220027	8.389999999999986	470.3907564366008	-156.79691881220026	470.3907564366008	-470.3907564366008	8.39	156.79691881220026
163	327.3888744488014	245.54165583660085	81.84721861220032	-245.54165583660085	8.389999999999986	8.389999999999986	81.84721861220028	-8.389999999999986	-327.3888744488014	245.54165583660085	73.45721861220028	8.389999999999986	245.54165583660085	-81.84721861220032	245.54165583660085	-245.54165583660085	8.39	81.84721861220028
164	890.0364240494005	667.5273180370502	222.50910601235	-667.5273180370502	8.389999999999986	8.389999999999986	222.50910601235006	-8.389999999999986	-890.0364240494005	667.5273180370502	214.11910601235004	8.389999999999986	667.5273180370502	-222.50910601235	667.5273180370502	-667.5273180370502	8.39	222.50910601235006
165	352.3386748492006	264.2540061369002	88.08466871230007	-264.2540061369002	8.389999999999986	8.389999999999986	88.08466871230007	-8.389999999999986	-352.3386748492006	264.2540061369002	79.69466871230007	8.389999999999986	264.2540061369002	-88.08466871230007	264.2540061369002	-264.2540061369002	8.39	88.08466871230007
166	489.6380256494006	367.22851923705025	122.40950641235008	-367.22851923705025	8.389999999999986	8.389999999999986	122.40950641235008	-8.389999999999986	-489.6380256494006	367.22851923705025	114.01950641235008	8.389999999999986	367.22851923705025	-122.40950641235008	367.22851923705025	-367.22851923705025	8.39	122.4095064123501
167	689.6372256494005	517.2279192370503	172.40930641235013	-517.2279192370503	8.389999999999986	8.389999999999986	172.4093064123501	-8.389999999999986	-689.6372256494005	517.2279192370503	164.0193064123501	8.389999999999986	517.2279192370503	-172.40930641235013	517.2279192370503	-517.2279192370503	8.39	172.40930641235008
168	708.4246003995008	531.3184502996255	177.1061500998752	-531.3184502996255	8.389999999999986	8.389999999999986	177.10615009987518	-8.389999999999986	-708.4246003995008	531.3184502996255	168.71615009987516	8.389999999999986	531.3184502996255	-177.1061500998752	531.3184502996255	-531.3184502996255	8.39	177.10615009987515
169	764.6866252506013	573.5149689379509	191.17165631265027	-573.5149689379509	8.389999999999986	8.389999999999986	191.1716563126503	-8.389999999999986	-764.6866252506013	573.5149689379509	182.78165631265028	8.389999999999986	573.5149689379509	-191.17165631265027	573.5149689379509	-573.5149689379509	8.39	191.17165631265038
170	814.8866244498013	611.164968337351	203.72165611245032	-611.164968337351	8.389999999999986	8.389999999999986	203.72165611245032	-8.389999999999986	-814.8866244498013	611.164968337351	195.33165611245033	8.389999999999986	611.164968337351	-203.72165611245032	611.164968337351	-611.164968337351	8.39	203.72165611245032
171	483.37560079909986	362.5317005993247	120.84390019977491	-362.5317005993247	8.389999999999986	8.389999999999986	120.84390019977491	-8.389999999999986	-483.37560079909986	362.5317005993247	112.4539001997749	8.389999999999986	362.5317005993247	-120.84390019977491	362.5317005993247	-362.5317005993247	8.39	120.84390019977491
172	502.13787565000075	376.60340673750034	125.53446891250007	-376.60340673750034	8.389999999999986	8.389999999999986	125.53446891250012	-8.389999999999986	-502.13787565000075	376.60340673750034	117.14446891250012	8.389999999999986	376.60340673750034	-125.53446891250007	376.60340673750034	-376.60340673750034	8.39	125.5344689125001
173	427.1884752488013	320.39135643660086	106.79711881220032	-320.39135643660086	8.389999999999986	8.389999999999986	106.79711881220028	-8.389999999999986	-427.1884752488013	320.39135643660086	98.40711881220031	8.389999999999986	320.39135643660086	-106.79711881220032	320.39135643660086	-320.39135643660086	8.39	106.79711881220027
174	683.3748007991001	512.5311005993249	170.84370019977496	-512.5311005993249	8.389999999999986	8.389999999999986	170.84370019977496	-8.389999999999986	-683.3748007991001	512.5311005993249	162.45370019977497	8.389999999999986	512.5311005993249	-170.84370019977496	512.5311005993249	-512.5311005993249	8.39	170.84370019977496
175	783.4740000007016	587.605500000526	195.86850000017535	-587.605500000526	8.389999999999986	8.389999999999986	195.86850000017535	-8.389999999999986	-783.4740000007016	587.605500000526	187.47850000017536	8.389999999999986	587.605500000526	-195.86850000017535	587.605500000526	-587.605500000526	8.39	195.86850000017535
176	808.6241995995008	606.4681496996254	202.15604989987514	-606.4681496996254	8.389999999999986	8.389999999999986	202.15604989987514	-8.389999999999986	-808.6241995995008	606.4681496996254	193.76604989987516	8.389999999999986	606.4681496996254	-202.15604989987514	606.4681496996254	-606.4681496996254	8.39	202.15604989987514
177	833.6739991999016	625.255499399926	208.41849979997528	-625.255499399926	8.389999999999986	8.389999999999986	208.4184997999753	-8.389999999999986	-833.6739991999016	625.255499399926	200.02849979997535	8.389999999999986	625.255499399926	-208.41849979997528	625.255499399926	-625.255499399926	8.39	208.41849979997528
178	959.225000400301	719.4187503002256	239.8062501000752	-719.4187503002256	8.389999999999986	8.389999999999986	239.8062501000752	-8.389999999999986	-959.225000400301	719.4187503002256	231.41625010007522	8.389999999999986	719.4187503002256	-239.8062501000752	719.4187503002256	-719.4187503002256	8.39	239.8062501000752
179	984.2748000007016	738.2061000005261	246.06870000017534	-738.2061000005261	8.389999999999986	8.389999999999986	246.06870000017537	-8.389999999999986	-984.2748000007016	738.2061000005261	237.6787000001754	8.389999999999986	738.2061000005261	-246.06870000017534	738.2061000005261	-738.2061000005261	8.39	246.06870000017534
180	558.4250004003009	418.8187503002255	139.60625010007516	-418.8187503002255	8.389999999999986	8.389999999999986	139.60625010007516	-8.389999999999986	-558.4250004003009	418.8187503002255	131.21625010007517	8.389999999999986	418.8187503002255	-139.60625010007516	418.8187503002255	-418.8187503002255	8.39	139.60625010007516
181	539.6376256502004	404.72821923765025	134.90940641255008	-404.72821923765025	8.389999999999986	8.389999999999986	134.90940641255008	-8.389999999999986	-539.6376256502004	404.72821923765025	126.51940641255007	8.389999999999986	404.72821923765025	-134.90940641255008	404.72821923765025	-404.72821923765025	8.39	134.90940641255008
182	277.58887364960106	208.19165523720062	69.3972184124002	-208.19165523720062	8.389999999999986	8.389999999999986	69.39721841240022	-8.389999999999986	-277.58887364960106	208.19165523720062	61.00721841240022	8.389999999999986	208.19165523720062	-69.3972184124002	208.19165523720062	-208.19165523720062	8.39	69.39721841240018
183	389.8384248494003	292.37881863705013	97.45960621235008	-292.37881863705013	8.389999999999986	8.389999999999986	97.45960621235004	-8.389999999999986	-389.8384248494003	292.37881863705013	89.06960621235004	8.389999999999986	292.37881863705013	-97.45960621235008	292.37881863705013	-292.37881863705013	8.39	97.45960621235008
184	564.6874252506012	423.51556893795066	141.17185631265022	-423.51556893795066	8.389999999999986	8.389999999999986	141.17185631265022	-8.389999999999986	-564.6874252506012	423.51556893795066	132.78185631265023	8.389999999999986	423.51556893795066	-141.17185631265022	423.51556893795066	-423.51556893795066	8.39	141.17185631265022
185	727.1868752504014	545.3901564378009	181.79671881260026	-545.3901564378009	8.389999999999986	8.389999999999986	181.7967188126003	-8.389999999999986	-727.1868752504014	545.3901564378009	173.40671881260027	8.389999999999986	545.3901564378009	-181.79671881260026	545.3901564378009	-545.3901564378009	8.39	181.79671881260037
186	383.5759999991001	287.68199999932494	95.8939999997749	-287.6819999993249	8.389999999999986	8.389999999999986	95.89399999977496	-8.389999999999986	-383.5759999991001	287.6819999993249	87.50399999977496	8.389999999999986	287.6819999993249	-95.8939999997749	287.6819999993249	-287.6819999993249	8.39	95.89399999977496
187	452.1382756492005	339.1037067369002	113.03456891230009	-339.1037067369003	8.389999999999986	8.389999999999986	113.03456891230009	-8.389999999999986	-452.1382756492005	339.1037067369003	104.64456891230009	8.389999999999986	339.1037067369003	-113.03456891230009	339.1037067369003	-339.1037067369003	8.39	113.0345689123001
188	533.3752007999001	400.03140059992484	133.34380019997496	-400.03140059992484	8.389999999999986	8.389999999999986	133.34380019997496	-8.389999999999986	-533.3752007999001	400.03140059992484	124.95380019997496	8.389999999999986	400.03140059992484	-133.34380019997496	400.03140059992484	-400.03140059992484	8.39	133.3438001999749
189	883.7739991991002	662.8304993993249	220.943499799775	-662.8304993993249	8.389999999999986	8.389999999999986	220.943499799775	-8.389999999999986	-883.7739991991002	662.8304993993249	212.553499799775	8.389999999999986	662.8304993993249	-220.943499799775	662.8304993993249	-662.8304993993249	8.39	220.94349979977494
190	934.0748008015016	700.556100601126	233.5187002003754	-700.556100601126	8.389999999999986	8.389999999999986	233.51870020037535	-8.389999999999986	-934.0748008015016	700.556100601126	225.12870020037533	8.389999999999986	700.556100601126	-233.5187002003754	700.556100601126	-700.556100601126	8.39	233.51870020037535
191	570.9373252512013	428.2029939384008	142.73433131280024	-428.2029939384008	8.389999999999986	8.389999999999986	142.73433131280026	-8.389999999999986	-570.9373252512013	428.2029939384008	134.3443313128003	8.389999999999986	428.2029939384008	-142.73433131280024	428.2029939384008	-428.2029939384008	8.39	142.73433131280024
192	733.4367752510014	550.077581438251	183.35919381275028	-550.077581438251	8.389999999999986	8.389999999999986	183.3591938127503	-8.389999999999986	-733.4367752510014	550.077581438251	174.96919381275035	8.389999999999986	550.077581438251	-183.35919381275028	550.077581438251	-550.077581438251	8.39	183.35919381275028
193	439.6758003997011	329.7568502997756	109.91895009992518	-329.7568502997756	8.389999999999986	8.389999999999986	109.91895009992518	-8.389999999999986	-439.6758003997011	329.7568502997756	101.52895009992518	8.389999999999986	329.7568502997756	-109.91895009992518	329.7568502997756	-329.7568502997756	8.39	109.91895009992521
194	508.3877756506008	381.2908317379504	127.09694391265012	-381.2908317379504	8.389999999999986	8.389999999999986	127.09694391265012	-8.389999999999986	-508.3877756506008	381.2908317379504	118.70694391265012	8.389999999999986	381.2908317379504	-127.09694391265012	381.2908317379504	-381.2908317379504	8.39	127.09694391265015
195	639.6750003997006	479.7562502997753	159.91875009992512	-479.75625029977533	8.389999999999986	8.389999999999986	159.91875009992512	-8.389999999999986	-639.6750003997006	479.75625029977533	151.5287500999251	8.389999999999986	479.75625029977533	-159.91875009992512	479.75625029977533	-479.75625029977533	8.39	159.9187500999251
196	227.87594800229877	170.90696100172397	56.96898700057466	-170.90696100172397	8.389999999999986	8.389999999999986	56.968987000574664	-8.389999999999986	-227.87594800229877	170.90696100172397	48.578987000574664	8.389999999999986	170.90696100172397	-56.96898700057466	170.90696100172397	-170.90696100172397	8.39	56.96898700057463
197	865.0239992001	648.7679994000748	216.25599980002497	-648.7679994000748	8.389999999999986	8.389999999999986	216.25599980002497	-8.389999999999986	-865.0239992001	648.7679994000748	207.86599980002495	8.389999999999986	648.7679994000748	-216.25599980002497	648.7679994000748	-648.7679994000748	8.39	216.25599980002488
198	283.8387736502011	212.87908023765067	70.95969341255022	-212.8790802376506	8.389999999999986	8.389999999999986	70.95969341255021	-8.389999999999986	-283.8387736502011	212.8790802376506	62.56969341255021	8.389999999999986	212.8790802376506	-70.95969341255022	212.8790802376506	-212.8790802376506	8.39	70.95969341255021
199	396.0883248500006	297.0662436375002	99.0220812125001	-297.0662436375002	8.389999999999986	8.389999999999986	99.02208121250005	-8.389999999999986	-396.0883248500006	297.0662436375002	90.63208121250005	8.389999999999986	297.0662436375002	-99.0220812125001	297.0662436375002	-297.0662436375002	8.39	99.02208121250005
200	464.62560080009996	348.4692006000748	116.1564002000249	-348.4692006000748	8.389999999999986	8.389999999999986	116.15640020002495	-8.389999999999986	-464.62560080009996	348.4692006000748	107.76640020002495	8.389999999999986	348.4692006000748	-116.1564002000249	348.4692006000748	-348.4692006000748	8.39	116.15640020002495
201	770.9365252512015	578.2023939384009	192.7341313128003	-578.2023939384009	8.389999999999986	8.389999999999986	192.7341313128003	-8.389999999999986	-770.9365252512015	578.2023939384009	184.34413131280027	8.389999999999986	578.2023939384009	-192.7341313128003	578.2023939384009	-578.2023939384009	8.39	192.73413131280026
202	858.786574049801	644.0899305373505	214.69664351245024	-644.0899305373505	8.389999999999986	8.389999999999986	214.69664351245018	-8.389999999999986	-858.786574049801	644.0899305373505	206.30664351245017	8.389999999999986	644.0899305373505	-214.69664351245024	644.0899305373505	-644.0899305373505	8.39	214.69664351245015
203	339.87619959970067	254.90714969977535	84.96904989992515	-254.90714969977535	8.389999999999986	8.389999999999986	84.96904989992512	-8.389999999999986	-339.87619959970067	254.90714969977535	76.57904989992512	8.389999999999986	254.90714969977535	-84.96904989992515	254.90714969977535	-254.90714969977535	8.39	84.9690498999251
204	602.3249500003	451.7437125002249	150.58123750007496	-451.7437125002249	8.389999999999986	8.389999999999986	150.58123750007496	-8.389999999999986	-602.3249500003	451.7437125002249	142.19123750007498	8.389999999999986	451.7437125002249	-150.58123750007496	451.7437125002249	-451.7437125002249	8.39	150.58123750007496
205	664.6248008000999	498.4686006000749	166.15620020002495	-498.4686006000749	8.389999999999986	8.389999999999986	166.15620020002498	-8.389999999999986	-664.6248008000999	498.4686006000749	157.76620020002497	8.389999999999986	498.4686006000749	-166.15620020002495	498.4686006000749	-498.4686006000749	8.39	166.15620020002495
206	364.82600000010007	273.6195000000748	91.20650000002496	-273.6195000000749	8.389999999999986	8.389999999999986	91.20650000002496	-8.389999999999986	-364.82600000010007	273.6195000000749	82.81650000002496	8.389999999999986	273.6195000000749	-91.20650000002496	273.6195000000749	-273.6195000000749	8.39	91.20650000002496
207	433.43837524940136	325.0787814370508	108.35959381235034	-325.07878143705085	8.389999999999986	8.389999999999986	108.35959381235028	-8.389999999999986	-433.43837524940136	325.07878143705085	99.96959381235028	8.389999999999986	325.07878143705085	-108.35959381235034	325.07878143705085	-325.07878143705085	8.39	108.35959381235028
208	302.52614920029964	226.89461190022462	75.63153730007491	-226.89461190022462	8.389999999999986	8.389999999999986	75.63153730007488	-8.389999999999986	-302.52614920029964	226.89461190022462	67.24153730007488	8.389999999999986	226.89461190022462	-75.63153730007491	226.89461190022462	-226.89461190022462	8.39	75.63153730007485
209	514.6252008009001	385.96890060067494	128.65630020022502	-385.96890060067494	8.389999999999986	8.389999999999986	128.656300200225	-8.389999999999986	-514.6252008009001	385.96890060067494	120.26630020022499	8.389999999999986	385.96890060067494	-128.65630020022502	385.96890060067494	-385.96890060067494	8.39	128.65630020022496
210	545.8875256508005	409.4156442381003	136.4718814127001	-409.4156442381003	8.389999999999986	8.389999999999986	136.4718814127001	-8.389999999999986	-545.8875256508005	409.4156442381003	128.0818814127001	8.389999999999986	409.4156442381003	-136.4718814127001	409.4156442381003	-409.4156442381003	8.39	136.4718814127001
211	658.3873756498006	493.79053173735025	164.59684391245008	-493.79053173735025	8.389999999999986	8.389999999999986	164.59684391245008	-8.389999999999986	-658.3873756498006	493.79053173735025	156.2068439124501	8.389999999999986	493.79053173735025	-164.59684391245008	493.79053173735025	-493.79053173735025	8.39	164.59684391245008
212	896.2863240500009	672.2147430375004	224.07158101250013	-672.2147430375004	8.389999999999986	8.389999999999986	224.07158101250013	-8.389999999999986	-896.2863240500009	672.2147430375004	215.68158101250015	8.389999999999986	672.2147430375004	-224.07158101250013	672.2147430375004	-672.2147430375004	8.39	224.07158101250013
213	633.4375752494012	475.07818143705083	158.35939381235028	-475.07818143705083	8.389999999999986	8.389999999999986	158.35939381235028	-8.389999999999986	-633.4375752494012	475.07818143705083	149.96939381235026	8.389999999999986	475.07818143705083	-158.35939381235028	475.07818143705083	-475.07818143705083	8.39	158.35939381235028
214	290.0761988005006	217.55714910037534	72.51904970012515	-217.55714910037534	8.389999999999986	8.389999999999986	72.51904970012512	-8.389999999999986	-290.0761988005006	217.55714910037534	64.12904970012512	8.389999999999986	217.55714910037534	-72.51904970012515	217.55714910037534	-217.55714910037534	8.39	72.5190497001251
215	458.3881756498005	343.79113173735027	114.59704391245009	-343.79113173735027	8.389999999999986	8.389999999999986	114.59704391245009	-8.389999999999986	-458.3881756498005	343.79113173735027	106.20704391245009	8.389999999999986	343.79113173735027	-114.59704391245009	343.79113173735027	-343.79113173735027	8.39	114.5970439124501
216	252.72614840109952	189.54461130082439	63.181537100274795	-189.54461130082439	8.389999999999986	8.389999999999986	63.1815371002748	-8.389999999999986	-252.72614840109952	189.54461130082439	54.7915371002748	8.389999999999986	189.54461130082439	-63.181537100274795	189.54461130082439	-189.54461130082439	8.39	63.1815371002748
217	333.63877444940135	250.2290808370508	83.40969361235028	-250.22908083705084	8.389999999999986	8.389999999999986	83.40969361235028	-8.389999999999986	-333.63877444940135	250.22908083705084	75.01969361235028	8.389999999999986	250.22908083705084	-83.40969361235028	250.22908083705084	-250.22908083705084	8.39	83.40969361235028
218	358.5885748498006	268.94143113735026	89.64714371245009	-268.94143113735026	8.389999999999986	8.389999999999986	89.64714371245009	-8.389999999999986	-358.5885748498006	268.94143113735026	81.25714371245009	8.389999999999986	268.94143113735026	-89.64714371245009	268.94143113735026	-268.94143113735026	8.39	89.64714371245009
219	495.8879256500006	371.9159442375003	123.9719814125001	-371.9159442375003	8.389999999999986	8.389999999999986	123.9719814125001	-8.389999999999986	-495.8879256500006	371.9159442375003	115.5819814125001	8.389999999999986	371.9159442375003	-123.9719814125001	371.9159442375003	-371.9159442375003	8.39	123.9719814125001
220	402.32575000029965	301.7443125002246	100.58143750007491	-301.7443125002246	8.389999999999986	8.389999999999986	100.58143750007487	-8.389999999999986	-402.32575000029965	301.7443125002246	92.19143750007487	8.389999999999986	301.7443125002246	-100.58143750007491	301.7443125002246	-301.7443125002246	8.39	100.58143750007488
221	695.8871256500008	521.9153442375003	173.97178141250015	-521.9153442375003	8.389999999999986	8.389999999999986	173.97178141250015	-8.389999999999986	-695.8871256500008	521.9153442375003	165.58178141250013	8.389999999999986	521.9153442375003	-173.97178141250015	521.9153442375003	-521.9153442375003	8.39	173.97178141250004
222	720.9369252504016	540.702693937801	180.2342313126003	-540.702693937801	8.389999999999986	8.389999999999986	180.23423131260031	-8.389999999999986	-720.9369252504016	540.702693937801	171.84423131260036	8.389999999999986	540.702693937801	-180.2342313126003	540.702693937801	-540.702693937801	8.39	180.2342313126003
223	739.6742004013009	554.7556503009756	184.9185501003252	-554.7556503009756	8.389999999999986	8.389999999999986	184.9185501003252	-8.389999999999986	-739.6742004013009	554.7556503009756	176.52855010032522	8.389999999999986	554.7556503009756	-184.9185501003252	554.7556503009756	-554.7556503009756	8.39	184.9185501003252
224	821.1365244504016	615.8523933378009	205.28413111260033	-615.8523933378009	8.389999999999986	8.389999999999986	205.2841311126003	-8.389999999999986	-821.1365244504016	615.8523933378009	196.8941311126003	8.389999999999986	615.8523933378009	-205.28413111260033	615.8523933378009	-615.8523933378009	8.39	205.28413111260028
225	971.7373252512016	728.8029939384011	242.9343313128004	-728.8029939384011	8.389999999999986	8.389999999999986	242.93433131280037	-8.389999999999986	-971.7373252512016	728.8029939384011	234.54433131280035	8.389999999999986	728.8029939384011	-242.9343313128004	728.8029939384011	-728.8029939384011	8.39	242.93433131280034
226	308.7386744497994	231.55400583734945	77.18466861244985	-231.55400583734948	8.389999999999986	8.389999999999986	77.18466861244983	-8.389999999999986	-308.7386744497994	231.55400583734948	68.79466861244983	8.389999999999986	231.55400583734948	-77.18466861244985	231.55400583734948	-231.55400583734948	8.39	77.18466861244983
227	314.96362474979856	236.22271856234875	78.7409061874496	-236.2227185623488	8.389999999999986	8.389999999999986	78.7409061874496	-8.389999999999986	-314.96362474979856	236.2227185623488	70.3509061874496	8.389999999999986	236.2227185623488	-78.7409061874496	236.2227185623488	-236.2227185623488	8.39	78.74090618744961
228	645.8999506996993	484.42496302477434	161.4749876749247	-484.4249630247743	8.389999999999986	8.389999999999986	161.47498767492476	-8.389999999999986	-645.8999506996993	484.4249630247743	153.08498767492475	8.389999999999986	484.4249630247743	-161.4749876749247	484.4249630247743	-484.4249630247743	8.39	161.47498767492476
229	240.31342355179737	180.23506766384787	60.07835588794933	-180.23506766384787	8.389999999999986	8.389999999999986	60.0783558879493	-8.389999999999986	-240.31342355179737	180.23506766384787	51.6883558879493	8.389999999999986	180.23506766384787	-60.07835588794933	180.23506766384787	-180.23506766384787	8.39	60.07835588794927
230	414.76322554979845	311.07241916234864	103.69080638744958	-311.07241916234864	8.389999999999986	8.389999999999986	103.69080638744954	-8.389999999999986	-414.76322554979845	311.07241916234864	95.30080638744954	8.389999999999986	311.07241916234864	-103.69080638744958	311.07241916234864	-311.07241916234864	8.39	103.69080638744956
231	670.8497511000986	503.1373133250737	167.7124377750246	-503.1373133250737	8.389999999999986	8.389999999999986	167.71243777502457	-8.389999999999986	-670.8497511000986	503.1373133250737	159.32243777502458	8.389999999999986	503.1373133250737	-167.7124377750246	503.1373133250737	-503.1373133250737	8.39	167.71243777502457
232	258.9510987010989	194.2133240258239	64.73777467527464	-194.2133240258239	8.389999999999986	8.389999999999986	64.73777467527464	-8.389999999999986	-258.9510987010989	194.2133240258239	56.34777467527465	8.389999999999986	194.2133240258239	-64.73777467527464	194.2133240258239	-194.2133240258239	8.39	64.73777467527455
233	296.30114910049986	222.22586182537464	74.07528727512488	-222.22586182537464	8.389999999999986	8.389999999999986	74.07528727512488	-8.389999999999986	-296.30114910049986	222.22586182537464	65.68528727512489	8.389999999999986	222.22586182537464	-74.07528727512488	222.22586182537464	-222.22586182537464	8.39	74.0752872751248
234	520.8501511008989	390.6376133256739	130.21253777522486	-390.6376133256739	8.389999999999986	8.389999999999986	130.21253777522486	-8.389999999999986	-520.8501511008989	390.6376133256739	121.82253777522487	8.389999999999986	390.6376133256739	-130.21253777522486	390.6376133256739	-390.6376133256739	8.39	130.21253777522418
235	265.1636239505983	198.87271796294863	66.29090598764947	-198.87271796294863	8.389999999999986	8.389999999999986	66.29090598764947	-8.389999999999986	-265.1636239505983	198.87271796294863	57.90090598764952	8.389999999999986	198.87271796294863	-66.29090598764947	198.87271796294863	-198.87271796294863	8.39	66.2909059876497
236	346.10114989969975	259.5758624247745	86.52528747492488	-259.5758624247745	8.389999999999986	8.389999999999986	86.52528747492488	-8.389999999999986	-346.10114989969975	259.5758624247745	78.13528747492485	8.389999999999986	259.5758624247745	-86.52528747492488	259.5758624247745	-259.5758624247745	8.39	86.52528747492477
237	371.05095030009875	278.2882127250739	92.76273757502463	-278.28821272507395	8.389999999999986	8.389999999999986	92.76273757502464	-8.389999999999986	-371.05095030009875	278.28821272507395	84.37273757502464	8.389999999999986	278.28821272507395	-92.76273757502463	278.28821272507395	-278.28821272507395	8.39	92.76273757502466
238	470.85055110009876	353.1379133250739	117.71263777502463	-353.13791332507395	8.389999999999986	8.389999999999986	117.71263777502465	-8.389999999999986	-470.85055110009876	353.13791332507395	109.32263777502465	8.389999999999986	353.13791332507395	-117.71263777502463	353.13791332507395	-353.13791332507395	8.39	117.71263777502466
239	408.5507003002985	306.4130252252238	102.13767507507475	-306.4130252252238	8.389999999999986	8.389999999999986	102.13767507507475	-8.389999999999986	-408.5507003002985	306.4130252252238	93.74767507507477	8.389999999999986	306.4130252252238	-102.13767507507475	306.4130252252238	-306.4130252252238	8.39	102.1376750750743
240	445.9007506996997	334.42556302477465	111.47518767492511	-334.42556302477465	8.389999999999986	8.389999999999986	111.47518767492511	-8.389999999999986	-445.9007506996997	334.42556302477465	103.08518767492512	8.389999999999986	334.42556302477465	-111.47518767492511	334.42556302477465	-334.42556302477465	8.39	111.47518767492443
241	234.10089830229742	175.5756737267228	58.52522457557427	-175.5756737267228	8.389999999999986	8.389999999999986	58.52522457557427	-8.389999999999986	-234.10089830229742	175.5756737267228	50.135224575574284	8.389999999999986	175.5756737267228	-58.52522457557427	175.5756737267228	-175.5756737267228	8.39	58.52522457557433
242	203.11247514999883	152.33435636249897	50.77811878749981	-152.33435636249897	8.389999999999986	8.389999999999986	50.77811878749981	-8.389999999999986	-203.11247514999883	152.33435636249897	42.38811878749982	8.389999999999986	152.33435636249897	-50.77811878749981	152.33435636249897	-152.33435636249897	8.39	50.77811878749935
243	608.5499003002986	456.41242522522384	152.13747507507458	-456.41242522522384	8.389999999999986	8.389999999999986	152.13747507507458	-8.389999999999986	-608.5499003002986	456.41242522522384	143.74747507507462	8.389999999999986	456.41242522522384	-152.13747507507458	456.41242522522384	-456.41242522522384	8.39	152.13747507507458
244	620.9501502993004	465.712612724475	155.23753757482507	-465.712612724475	8.389999999999986	8.389999999999986	155.23753757482507	-8.389999999999986	-620.9501502993004	465.712612724475	146.84753757482497	8.389999999999986	465.712612724475	-155.23753757482507	465.712612724475	-465.712612724475	8.39	155.23753757482496
245	745.8991507012996	559.4243630259746	186.47478767532482	-559.4243630259746	8.389999999999986	8.389999999999986	186.47478767532482	-8.389999999999986	-745.8991507012996	559.4243630259746	178.0847876753249	8.389999999999986	559.4243630259746	-186.47478767532482	559.4243630259746	-559.4243630259746	8.39	186.47478767532488
246	871.2489495000988	653.436712125074	217.81223737502467	-653.436712125074	8.389999999999986	8.389999999999986	217.81223737502467	-8.389999999999986	-871.2489495000988	653.436712125074	209.42223737502468	8.389999999999986	653.436712125074	-217.81223737502467	653.436712125074	-653.436712125074	8.39	217.81223737502467
247	420.9633257487991	315.72249431159923	105.24083143719973	-315.72249431159923	8.389999999999986	8.389999999999986	105.24083143719974	-8.389999999999986	-420.9633257487991	315.72249431159923	96.85083143719974	8.389999999999986	315.72249431159923	-105.24083143719973	315.72249431159923	-315.72249431159923	8.39	105.24083143719974
248	215.50030009850127	161.62522507387587	53.87507502462529	-161.62522507387587	8.389999999999986	8.389999999999986	53.87507502462529	-8.389999999999986	-215.50030009850127	161.62522507387587	45.4850750246253	8.389999999999986	161.62522507387587	-53.87507502462529	161.62522507387587	-161.62522507387587	8.39	53.87507502462534
249	246.5135237507983	184.88514281309847	61.628380937699504	-184.88514281309847	8.389999999999986	8.389999999999986	61.62838093769949	-8.389999999999986	-246.5135237507983	184.88514281309847	53.23838093769949	8.389999999999986	184.88514281309847	-61.628380937699504	184.88514281309847	-184.88514281309847	8.39	61.628380937699504
250	271.3637241495992	203.52279311219922	67.84093103739971	-203.52279311219922	8.389999999999986	8.389999999999986	67.84093103739974	-8.389999999999986	-271.3637241495992	203.52279311219922	59.45093103739974	8.389999999999986	203.52279311219922	-67.84093103739971	203.52279311219922	-203.52279311219922	8.39	67.84093103739974
251	321.1637249487992	240.87279371159934	80.29093123719974	-240.87279371159931	8.389999999999986	8.389999999999986	80.29093123719977	-8.389999999999986	-321.1637249487992	240.87279371159931	71.90093123719977	8.389999999999986	240.87279371159931	-80.29093123719974	240.87279371159931	-240.87279371159931	8.39	80.29093123719977
252	614.7500004992995	461.06250037447455	153.68750012482485	-461.06250037447455	8.389999999999986	8.389999999999986	153.68750012482485	-8.389999999999986	-614.7500004992995	461.06250037447455	145.29750012482486	8.389999999999986	461.06250037447455	-153.68750012482485	461.06250037447455	-461.06250037447455	8.39	153.6875001248248
253	209.31257534899964	156.98443151174956	52.32814383724997	-156.98443151174956	8.389999999999986	8.389999999999986	52.32814383724997	-8.389999999999986	-209.31257534899964	156.98443151174956	43.93814383724998	8.389999999999986	156.98443151174956	-52.32814383724997	156.98443151174956	-156.98443151174956	8.39	52.32814383724963
254	221.67564939850445	166.25673704887822	55.418912349626	-166.25673704887816	8.389999999999986	8.389999999999986	55.41891234962605	-8.389999999999986	-221.67564939850445	166.25673704887816	47.02891234962605	8.389999999999986	166.25673704887816	-55.418912349626	166.25673704887816	-166.25673704887816	8.39	55.41891234962607
255	900.9896502531566	675.7422376898672	225.247412563289	-675.7422376898672	8.389999999999986	8.389999999999986	225.247412563289	-8.389999999999986	-900.9896502531566	675.7422376898672	216.85741256328905	8.389999999999986	675.7422376898672	-225.247412563289	675.7422376898672	-675.7422376898672	8.39	225.24741256328912
256	588.184250351351	441.1381877635131	147.04606258783772	-441.1381877635131	8.389999999999986	8.389999999999986	147.0460625878377	-8.389999999999986	-588.184250351351	441.1381877635131	138.6560625878377	8.389999999999986	441.1381877635131	-147.04606258783772	441.1381877635131	-441.1381877635131	8.39	147.0460625878377
257	788.1834503513506	591.1375877635129	197.04586258783763	-591.1375877635129	8.389999999999986	8.389999999999986	197.04586258783763	-8.389999999999986	-788.1834503513506	591.1375877635129	188.65586258783765	8.389999999999986	591.1375877635129	-197.04586258783763	591.1375877635129	-591.1375877635129	8.39	197.04586258783772
258	988.9842503513518	741.7381877635136	247.24606258783786	-741.7381877635136	8.389999999999986	8.389999999999986	247.24606258783786	-8.389999999999986	-988.9842503513518	741.7381877635136	238.85606258783787	8.389999999999986	741.7381877635136	-247.24606258783786	741.7381877635136	-741.7381877635136	8.39	247.24606258783777
259	838.3834495505507	628.7875871629129	209.5958623876378	-628.7875871629129	8.389999999999986	8.389999999999986	209.5958623876378	-8.389999999999986	-838.3834495505507	628.7875871629129	201.2058623876378	8.389999999999986	628.7875871629129	-209.5958623876378	628.7875871629129	-628.7875871629129	8.39	209.59586238763734
260	904.1586509538552	678.1189882153913	226.0396627384639	-678.1189882153913	8.389999999999986	8.389999999999986	226.0396627384639	-8.389999999999986	-904.1586509538552	678.1189882153913	217.64966273846392	8.389999999999986	678.1189882153913	-226.0396627384639	678.1189882153913	-678.1189882153913	8.39	226.03966273846345
261	938.7842511521508	704.088188364113	234.6960627880377	-704.088188364113	8.389999999999986	8.389999999999986	234.6960627880377	-8.389999999999986	-938.7842511521508	704.088188364113	226.3060627880377	8.389999999999986	704.088188364113	-234.6960627880377	704.088188364113	-704.088188364113	8.39	234.69606278803758
262	907.3213263038538	680.4909947278901	226.83033157596333	-680.4909947278901	8.389999999999986	8.389999999999986	226.83033157596333	-8.389999999999986	-907.3213263038538	680.4909947278901	218.44033157596337	8.389999999999986	680.4909947278901	-226.83033157596333	680.4909947278901	-680.4909947278901	8.39	226.83033157596344
263	913.6277262026514	685.2207946519883	228.40693155066276	-685.2207946519883	8.389999999999986	8.389999999999986	228.40693155066276	-8.389999999999986	-913.6277262026514	685.2207946519883	220.01693155066278	8.389999999999986	685.2207946519883	-228.40693155066276	685.2207946519883	-685.2207946519883	8.39	228.40693155066282
264	976.4279754008504	732.3209815506377	244.1069938502127	-732.3209815506377	8.389999999999986	8.389999999999986	244.1069938502127	-8.389999999999986	-976.4279754008504	732.3209815506377	235.7169938502127	8.389999999999986	732.3209815506377	-244.1069938502127	732.3209815506377	-732.3209815506377	8.39	244.10699385021235
265	941.9406011514495	706.455450863587	235.48515028786233	-706.455450863587	8.389999999999986	8.389999999999986	235.48515028786233	-8.389999999999986	-941.9406011514495	706.455450863587	227.09515028786234	8.389999999999986	706.455450863587	-235.48515028786233	706.455450863587	-706.455450863587	8.39	235.48515028786233
266	575.6279754008498	431.72098155063725	143.90699385021242	-431.72098155063725	8.389999999999986	8.389999999999986	143.90699385021242	-8.389999999999986	-575.6279754008498	431.72098155063725	135.51699385021243	8.389999999999986	431.72098155063725	-143.90699385021242	431.72098155063725	-431.72098155063725	8.39	143.90699385021247
267	875.9271745992487	656.9453809494364	218.9817936498124	-656.9453809494364	8.389999999999986	8.389999999999986	218.9817936498124	-8.389999999999986	-875.9271745992487	656.9453809494364	210.59179364981242	8.389999999999986	656.9453809494364	-218.9817936498124	656.9453809494364	-656.9453809494364	8.39	218.9817936498116
268	992.1406003506498	744.1054502629871	248.03515008766237	-744.1054502629871	8.389999999999986	8.389999999999986	248.03515008766237	-8.389999999999986	-992.1406003506498	744.1054502629871	239.6451500876624	8.389999999999986	744.1054502629871	-248.03515008766237	744.1054502629871	-744.1054502629871	8.39	248.0351500876625
269	375.7291753992488	281.7968815494364	93.93229384981208	-281.7968815494364	8.389999999999986	8.389999999999986	93.93229384981214	-8.389999999999986	-375.7291753992488	281.7968815494364	85.54229384981214	8.389999999999986	281.7968815494364	-93.93229384981208	281.7968815494364	-281.7968815494364	8.39	93.93229384981214
270	919.9404514521499	689.9553385891123	229.98511286303741	-689.9553385891123	8.389999999999986	8.389999999999986	229.98511286303744	-8.389999999999986	-919.9404514521499	689.9553385891123	221.59511286303746	8.389999999999986	689.9553385891123	-229.98511286303741	689.9553385891123	-689.9553385891123	8.39	229.98511286303744
271	700.5777757996495	525.433331849737	175.14444394991233	-525.433331849737	8.389999999999986	8.389999999999986	175.14444394991233	-8.389999999999986	-700.5777757996495	525.433331849737	166.75444394991231	8.389999999999986	525.433331849737	-175.14444394991233	525.433331849737	-525.433331849737	8.39	175.14444394991233
272	825.8271746000503	619.3703809500375	206.45679365001251	-619.3703809500375	8.389999999999986	8.389999999999986	206.45679365001251	-8.389999999999986	-825.8271746000503	619.3703809500375	198.0667936500125	8.389999999999986	619.3703809500375	-206.45679365001251	619.3703809500375	-619.3703809500375	8.39	206.45679365001251
273	844.6898494493491	633.5173870870117	211.17246236233723	-633.5173870870117	8.389999999999986	8.389999999999986	211.17246236233723	-8.389999999999986	-844.6898494493491	633.5173870870117	202.7824623623372	8.389999999999986	633.5173870870117	-211.17246236233723	633.5173870870117	-633.5173870870117	8.39	211.17246236233723
274	750.5773758004492	562.9330318503366	187.64434395011233	-562.9330318503366	8.389999999999986	8.389999999999986	187.64434395011233	-8.389999999999986	-750.5773758004492	562.9330318503366	179.25434395011234	8.389999999999986	562.9330318503366	-187.64434395011233	562.9330318503366	-562.9330318503366	8.39	187.644343950112
275	916.7904015526502	687.5928011644876	229.19760038816275	-687.5928011644876	8.389999999999986	8.389999999999986	229.19760038816275	-8.389999999999986	-916.7904015526502	687.5928011644876	220.80760038816277	8.389999999999986	687.5928011644876	-229.19760038816275	687.5928011644876	-687.5928011644876	8.39	229.19760038816207
276	475.52877619924845	356.6465821494362	118.88219404981203	-356.6465821494362	8.389999999999986	8.389999999999986	118.88219404981203	-8.389999999999986	-475.52877619924845	356.6465821494362	110.49219404981208	8.389999999999986	356.6465821494362	-118.88219404981203	356.6465821494362	-356.6465821494362	8.39	118.88219404981203
277	525.5283762000487	394.1462821500363	131.38209405001214	-394.1462821500363	8.389999999999986	8.389999999999986	131.38209405001214	-8.389999999999986	-525.5283762000487	394.1462821500363	122.9920940500121	8.389999999999986	394.1462821500363	-131.38209405001214	394.1462821500363	-394.1462821500363	8.39	131.38209405001209
278	794.4898502501488	595.8673876876115	198.62246256253718	-595.8673876876115	8.389999999999986	8.389999999999986	198.62246256253718	-8.389999999999986	-794.4898502501488	595.8673876876115	190.2324625625372	8.389999999999986	595.8673876876115	-198.62246256253718	595.8673876876115	-595.8673876876115	8.39	198.62246256253718
279	841.5397995498494	631.1548496623867	210.3849498874623	-631.1548496623867	8.389999999999986	8.389999999999986	210.3849498874623	-8.389999999999986	-841.5397995498494	631.1548496623867	201.9949498874622	8.389999999999986	631.1548496623867	-210.3849498874623	631.1548496623867	-631.1548496623867	8.39	210.3849498874622
280	594.4906502501492	445.86798768761173	148.62266256253722	-445.86798768761173	8.389999999999986	8.389999999999986	148.62266256253724	-8.389999999999986	-594.4906502501492	445.86798768761173	140.23266256253726	8.389999999999986	445.86798768761173	-148.62266256253722	445.86798768761173	-445.86798768761173	8.39	148.62266256253724
281	910.4776763031525	682.8582572273642	227.61941907578804	-682.8582572273642	8.389999999999986	8.389999999999986	227.61941907578807	-8.389999999999986	-910.4776763031525	682.8582572273642	219.2294190757881	8.389999999999986	682.8582572273642	-227.61941907578804	682.8582572273642	-682.8582572273642	8.39	227.61941907578807
282	995.2906502501494	746.4679876876119	248.82266256253726	-746.4679876876119	8.389999999999986	8.389999999999986	248.8226625625373	-8.389999999999986	-995.2906502501494	746.4679876876119	240.4326625625373	8.389999999999986	746.4679876876119	-248.82266256253726	746.4679876876119	-746.4679876876119	8.39	248.8226625625373
283	675.5279761992487	506.64598214943624	168.88199404981208	-506.64598214943624	8.389999999999986	8.389999999999986	168.88199404981208	-8.389999999999986	-675.5279761992487	506.64598214943624	160.49199404981206	8.389999999999986	506.64598214943624	-168.88199404981208	506.64598214943624	-506.64598214943624	8.39	168.8819940498122
284	550.5781758004495	412.93363185033684	137.64454395011228	-412.93363185033684	8.389999999999986	8.389999999999986	137.64454395011228	-8.389999999999986	-550.5781758004495	412.93363185033684	129.2545439501123	8.389999999999986	412.93363185033684	-137.64454395011228	412.93363185033684	-412.93363185033684	8.39	137.64454395011225
285	591.3406003506497	443.505450262987	147.83515008766233	-443.505450262987	8.389999999999986	8.389999999999986	147.83515008766233	-8.389999999999986	-591.3406003506497	443.505450262987	139.44515008766234	8.389999999999986	443.505450262987	-147.83515008766233	443.505450262987	-443.505450262987	8.39	147.83515008766236
286	926.2279762016502	694.6709821512376	231.55699405041253	-694.6709821512376	8.389999999999986	8.389999999999986	231.55699405041253	-8.389999999999986	-926.2279762016502	694.6709821512376	223.16699405041254	8.389999999999986	694.6709821512376	-231.55699405041253	694.6709821512376	-694.6709821512376	8.39	231.5569940504125
287	945.0906510509491	708.8179882882117	236.27266276273724	-708.8179882882117	8.389999999999986	8.389999999999986	236.27266276273724	-8.389999999999986	-945.0906510509491	708.8179882882117	227.88266276273725	8.389999999999986	708.8179882882117	-236.27266276273724	708.8179882882117	-708.8179882882117	8.39	236.2726627627372
288	775.62717540085	581.7203815506375	193.9067938502127	-581.7203815506375	8.389999999999986	8.389999999999986	193.9067938502127	-8.389999999999986	-775.62717540085	581.7203815506375	185.5167938502127	8.389999999999986	581.7203815506375	-193.9067938502127	581.7203815506375	-581.7203815506375	8.39	193.90679385021213
289	791.3398003506495	593.504850262987	197.8349500876625	-593.504850262987	8.389999999999986	8.389999999999986	197.8349500876625	-8.389999999999986	-791.3398003506495	593.504850262987	189.4449500876625	8.389999999999986	593.504850262987	-197.8349500876625	593.504850262987	-593.504850262987	8.39	197.83495008766204
290	800.7773749996492	600.5830312497369	200.1943437499125	-600.5830312497369	8.389999999999986	8.389999999999986	200.1943437499125	-8.389999999999986	-800.7773749996492	600.5830312497369	191.8043437499125	8.389999999999986	600.5830312497369	-200.1943437499125	600.5830312497369	-600.5830312497369	8.39	200.19434374991192
291	951.3781758004494	713.5336318503371	237.84454395011255	-713.5336318503371	8.389999999999986	8.389999999999986	237.84454395011255	-8.389999999999986	-951.3781758004494	713.5336318503371	229.45454395011257	8.389999999999986	713.5336318503371	-237.84454395011255	713.5336318503371	-713.5336318503371	8.39	237.84454395011198
292	500.5722756998503	375.4292067748876	125.14306892496268	-375.4292067748876	8.389999999999986	8.389999999999986	125.14306892496268	-8.389999999999986	-500.5722756998503	375.4292067748876	116.75306892496269	8.389999999999986	375.4292067748876	-125.14306892496268	375.4292067748876	-375.4292067748876	8.39	125.14306892496222
293	797.6336000498497	598.2252000373871	199.40840001246232	-598.2252000373871	8.389999999999986	8.389999999999986	199.40840001246238	-8.389999999999986	-797.6336000498497	598.2252000373871	191.0184000124624	8.389999999999986	598.2252000373871	-199.40840001246232	598.2252000373871	-598.2252000373871	8.39	199.40840001246238
294	948.23440085065	711.1758006379873	237.05860021266238	-711.1758006379873	8.389999999999986	8.389999999999986	237.05860021266244	-8.389999999999986	-948.23440085065	711.1758006379873	228.66860021266245	8.389999999999986	711.1758006379873	-237.05860021266238	711.1758006379873	-711.1758006379873	8.39	237.05860021266244
295	713.1214252996514	534.8410689747383	178.28035632491276	-534.8410689747383	8.389999999999986	8.389999999999986	178.28035632491276	-8.389999999999986	-713.1214252996514	534.8410689747383	169.89035632491277	8.389999999999986	534.8410689747383	-178.28035632491276	534.8410689747383	-534.8410689747383	8.39	178.28035632491287
296	725.6212753002507	544.2159564751879	181.40531882506264	-544.2159564751879	8.389999999999986	8.389999999999986	181.40531882506264	-8.389999999999986	-725.6212753002507	544.2159564751879	173.01531882506265	8.389999999999986	544.2159564751879	-181.40531882506264	544.2159564751879	-544.2159564751879	8.39	181.40531882506275
297	763.1210253004518	572.3407689753386	190.78025632511287	-572.3407689753386	8.389999999999986	8.389999999999986	190.78025632511287	-8.389999999999986	-763.1210253004518	572.3407689753386	182.3902563251129	8.389999999999986	572.3407689753386	-190.78025632511287	572.3407689753386	-572.3407689753386	8.39	190.78025632511276
298	850.9710740990503	638.2283055742874	212.74276852476248	-638.2283055742874	8.389999999999986	8.389999999999986	212.74276852476248	-8.389999999999986	-850.9710740990503	638.2283055742874	204.3527685247625	8.389999999999986	638.2283055742874	-212.74276852476248	638.2283055742874	-638.2283055742874	8.39	212.74276852476254
299	923.0842012518502	692.3131509388876	230.77105031296253	-692.3131509388876	8.389999999999986	8.389999999999986	230.77105031296253	-8.389999999999986	-923.0842012518502	692.3131509388876	222.38105031296254	8.389999999999986	692.3131509388876	-230.77105031296253	692.3131509388876	-692.3131509388876	8.39	230.77105031296253
300	325.82327449865096	244.3674558739881	81.45581862466281	-244.3674558739881	8.389999999999986	8.389999999999986	81.45581862466281	-8.389999999999986	-325.82327449865096	244.3674558739881	73.06581862466282	8.389999999999986	244.3674558739881	-81.45581862466281	244.3674558739881	-244.3674558739881	8.39	81.45581862466247
301	963.9218253004512	722.9413689753383	240.98045632511287	-722.9413689753383	8.389999999999986	8.389999999999986	240.98045632511287	-8.389999999999986	-963.9218253004512	722.9413689753383	232.59045632511288	8.389999999999986	722.9413689753383	-240.98045632511287	722.9413689753383	-722.9413689753383	8.39	240.98045632511253
302	425.622875298651	319.2171564739881	106.40571882466271	-319.2171564739881	8.389999999999986	8.389999999999986	106.4057188246627	-8.389999999999986	-425.622875298651	319.2171564739881	98.0157188246627	8.389999999999986	319.2171564739881	-106.40571882466271	319.2171564739881	-319.2171564739881	8.39	106.4057188246627
303	581.9092000505512	436.4319000379133	145.47730001263778	-436.4319000379133	8.389999999999986	8.389999999999986	145.47730001263778	-8.389999999999986	-581.9092000505512	436.4319000379133	137.08730001263774	8.389999999999986	436.4319000379133	-145.47730001263778	436.4319000379133	-436.4319000379133	8.39	145.47730001263778
304	553.71565065045	415.28673798783734	138.42891266261245	-415.28673798783734	8.389999999999986	8.389999999999986	138.42891266261245	-8.389999999999986	-553.71565065045	415.28673798783734	130.03891266261243	8.389999999999986	415.28673798783734	-138.42891266261245	415.28673798783734	-415.28673798783734	8.39	138.42891266261245
305	625.6158003489511	469.21185026171315	156.40395008723772	-469.21185026171315	8.389999999999986	8.389999999999986	156.40395008723772	-8.389999999999986	-625.6158003489511	469.21185026171315	148.0139500872377	8.389999999999986	469.21185026171315	-156.40395008723772	469.21185026171315	-469.21185026171315	8.39	156.40395008723772
306	781.9021251008513	586.4265938256384	195.4755312752128	-586.4265938256384	8.389999999999986	8.389999999999986	195.4755312752128	-8.389999999999986	-781.9021251008513	586.4265938256384	187.0855312752128	8.389999999999986	586.4265938256384	-195.4755312752128	586.4265938256384	-586.4265938256384	8.39	195.47553127521292
307	982.7029251008515	737.0271938256386	245.6757312752128	-737.0271938256386	8.389999999999986	8.389999999999986	245.6757312752128	-8.389999999999986	-982.7029251008515	737.0271938256386	237.28573127521284	8.389999999999986	737.0271938256386	-245.6757312752128	737.0271938256386	-737.0271938256386	8.39	245.6757312752129
308	879.0646494492499	659.2984870869374	219.76616236231246	-659.2984870869374	8.389999999999986	8.389999999999986	219.76616236231246	-8.389999999999986	-879.0646494492499	659.2984870869374	211.37616236231247	8.389999999999986	659.2984870869374	-219.76616236231246	659.2984870869374	-659.2984870869374	8.39	219.76616236231231
309	378.87292519894913	284.1546938992117	94.71823129973745	-284.1546938992117	8.389999999999986	8.389999999999986	94.71823129973745	-8.389999999999986	-378.87292519894913	284.1546938992117	86.32823129973747	8.389999999999986	284.1546938992117	-94.71823129973745	284.1546938992117	-284.1546938992117	8.39	94.71823129973677
310	556.8594004501505	417.6445503376126	139.21485011253765	-417.6445503376126	8.389999999999986	8.389999999999986	139.21485011253765	-8.389999999999986	-556.8594004501505	417.6445503376126	130.82485011253766	8.389999999999986	417.6445503376126	-139.21485011253765	417.6445503376126	-417.6445503376126	8.39	139.2148501125373
311	650.5718756990499	487.92890677428716	162.6429689247625	-487.92890677428716	8.389999999999986	8.389999999999986	162.6429689247625	-8.389999999999986	-650.5718756990499	487.92890677428716	154.2529689247625	8.389999999999986	487.92890677428716	-162.6429689247625	487.92890677428716	-487.92890677428716	8.39	162.64296892476216
312	681.8092008489497	511.35690063671206	170.45230021223745	-511.35690063671206	8.389999999999986	8.389999999999986	170.45230021223745	-8.389999999999986	-681.8092008489497	511.35690063671206	162.06230021223746	8.389999999999986	511.35690063671206	-170.45230021223745	511.35690063671206	-511.35690063671206	8.39	170.45230021223716
313	807.0585996493504	605.2939497370126	201.76464991233763	-605.2939497370126	8.389999999999986	8.389999999999986	201.76464991233763	-8.389999999999986	-807.0585996493504	605.2939497370126	193.37464991233765	8.389999999999986	605.2939497370126	-201.76464991233763	605.2939497370126	-605.2939497370126	8.39	201.7646499123373
314	957.6594004501507	718.2445503376127	239.4148501125377	-718.2445503376127	8.389999999999986	8.389999999999986	239.4148501125377	-8.389999999999986	-957.6594004501507	718.2445503376127	231.0248501125377	8.389999999999986	718.2445503376127	-239.4148501125377	718.2445503376127	-718.2445503376127	8.39	239.41485011253735
315	350.7730748990502	263.07980617428757	87.69326872476267	-263.07980617428757	8.389999999999986	8.389999999999986	87.69326872476267	-8.389999999999986	-350.7730748990502	263.07980617428757	79.30326872476269	8.389999999999986	263.07980617428757	-87.69326872476267	263.07980617428757	-263.07980617428757	8.39	87.69326872476222
316	488.07242569925023	366.0543192744376	122.01810642481269	-366.0543192744376	8.389999999999986	8.389999999999986	122.01810642481269	-8.389999999999986	-488.07242569925023	366.0543192744376	113.6281064248127	8.389999999999986	366.0543192744376	-122.01810642481269	366.0543192744376	-366.0543192744376	8.39	122.01810642481223
317	382.0104000489497	286.5078000367122	95.5026000122374	-286.5078000367122	8.389999999999986	8.389999999999986	95.5026000122374	-8.389999999999986	-382.0104000489497	286.5078000367122	87.11260001223741	8.389999999999986	286.5078000367122	-95.5026000122374	286.5078000367122	-286.5078000367122	8.39	95.50260001223728
318	678.6717259989491	509.0037944992116	169.66793149973728	-509.0037944992116	8.389999999999986	8.389999999999986	169.66793149973728	-8.389999999999986	-678.6717259989491	509.0037944992116	161.27793149973718	8.389999999999986	509.0037944992116	-169.66793149973728	509.0037944992116	-509.0037944992116	8.39	169.66793149973716
319	706.8590004493504	530.1442503370127	176.71475011233758	-530.1442503370127	8.389999999999986	8.389999999999986	176.71475011233758	-8.389999999999986	-706.8590004493504	530.1442503370127	168.3247501123376	8.389999999999986	530.1442503370127	-176.71475011233758	530.1442503370127	-530.1442503370127	8.39	176.71475011233758
320	753.7211256001498	565.2908442001122	188.43028140003742	-565.2908442001122	8.389999999999986	8.389999999999986	188.43028140003742	-8.389999999999986	-753.7211256001498	565.2908442001122	180.04028140003743	8.389999999999986	565.2908442001122	-188.43028140003742	565.2908442001122	-565.2908442001122	8.39	188.43028140003742
321	778.7709252005506	584.0781939004129	194.69273130013755	-584.0781939004129	8.389999999999986	8.389999999999986	194.69273130013755	-8.389999999999986	-778.7709252005506	584.0781939004129	186.30273130013768	8.389999999999986	584.0781939004129	-194.69273130013755	584.0781939004129	-584.0781939004129	8.39	194.69273130013767
322	803.9211247993501	602.9408435995123	200.98028119983746	-602.9408435995123	8.389999999999986	8.389999999999986	200.98028119983746	-8.389999999999986	-803.9211247993501	602.9408435995123	192.59028119983742	8.389999999999986	602.9408435995123	-200.98028119983746	602.9408435995123	-602.9408435995123	8.39	200.9802811998374
323	813.3210244996513	609.9907683747382	203.3302561249128	-609.9907683747382	8.389999999999986	8.389999999999986	203.3302561249128	-8.389999999999986	-813.3210244996513	609.9907683747382	194.9402561249127	8.389999999999986	609.9907683747382	-203.3302561249128	609.9907683747382	-609.9907683747382	8.39	203.3302561249127
324	832.1083992497512	624.0812994373133	208.02709981243777	-624.0812994373133	8.389999999999986	8.389999999999986	208.02709981243777	-8.389999999999986	-832.1083992497512	624.0812994373133	199.63709981243778	8.389999999999986	624.0812994373133	-208.02709981243777	624.0812994373133	-624.0812994373133	8.39	208.02709981243777
325	847.8335992490498	635.875199436787	211.95839981226243	-635.875199436787	8.389999999999986	8.389999999999986	211.95839981226243	-8.389999999999986	-847.8335992490498	635.875199436787	203.56839981226233	8.389999999999986	635.875199436787	-211.95839981226243	635.875199436787	-635.875199436787	8.39	211.95839981226231
326	929.3717260013511	697.0287945010131	232.34293150033773	-697.0287945010131	8.389999999999986	8.389999999999986	232.34293150033773	-8.389999999999986	-929.3717260013511	697.0287945010131	223.95293150033768	8.389999999999986	697.0287945010131	-232.34293150033773	697.0287945010131	-697.0287945010131	8.39	232.34293150033767
327	954.52192560015	715.8914442001125	238.6304814000374	-715.8914442001125	8.389999999999986	8.389999999999986	238.6304814000374	-8.389999999999986	-954.52192560015	715.8914442001125	230.24048140003754	8.389999999999986	715.8914442001125	-238.6304814000374	715.8914442001125	-715.8914442001125	8.39	238.63048140003752
328	388.27282489925005	291.20461867443737	97.0682062248125	-291.20461867443737	8.389999999999986	8.389999999999986	97.06820622481246	-8.389999999999986	-388.27282489925005	291.20461867443737	88.67820622481246	8.389999999999986	291.20461867443737	-97.0682062248125	291.20461867443737	-291.20461867443737	8.39	97.06820622481246
329	478.6725259989488	359.00439449921134	119.66813149973716	-359.00439449921134	8.389999999999986	8.389999999999986	119.66813149973711	-8.389999999999986	-478.6725259989488	359.00439449921134	111.27813149973711	8.389999999999986	359.00439449921134	-119.66813149973716	359.00439449921134	-359.00439449921134	8.39	119.66813149973711
330	481.81000084894936	361.35750063671185	120.45250021223733	-361.35750063671185	8.389999999999986	8.389999999999986	120.45250021223728	-8.389999999999986	-481.81000084894936	361.35750063671185	112.06250021223728	8.389999999999986	361.35750063671185	-120.45250021223733	361.35750063671185	-361.35750063671185	8.39	120.45250021223728
331	578.7717252005507	434.07879390041285	144.69293130013764	-434.07879390041285	8.389999999999986	8.389999999999986	144.69293130013762	-8.389999999999986	-578.7717252005507	434.07879390041285	136.30293130013763	8.389999999999986	434.07879390041285	-144.69293130013764	434.07879390041285	-434.07879390041285	8.39	144.69293130013762
332	597.6344000498495	448.225800037387	149.40860001246236	-448.225800037387	8.389999999999986	8.389999999999986	149.40860001246233	-8.389999999999986	-597.6344000498495	448.225800037387	141.01860001246234	8.389999999999986	448.225800037387	-149.40860001246236	448.225800037387	-448.225800037387	8.39	149.40860001246233
333	688.0716256992503	516.0537192744375	172.01790642481254	-516.0537192744375	8.389999999999986	8.389999999999986	172.0179064248125	-8.389999999999986	-688.0716256992503	516.0537192744375	163.62790642481252	8.389999999999986	516.0537192744375	-172.01790642481254	516.0537192744375	-516.0537192744375	8.39	172.0179064248125
334	703.7215255993499	527.7911441995122	175.93038139983744	-527.7911441995122	8.389999999999986	8.389999999999986	175.93038139983742	-8.389999999999986	-703.7215255993499	527.7911441995122	167.54038139983743	8.389999999999986	527.7911441995122	-175.93038139983744	527.7911441995122	-527.7911441995122	8.39	175.93038139983742
335	756.8586004501502	567.6439503376124	189.2146501125375	-567.6439503376124	8.389999999999986	8.389999999999986	189.21465011253747	-8.389999999999986	-756.8586004501502	567.6439503376124	180.82465011253748	8.389999999999986	567.6439503376124	-189.2146501125375	567.6439503376124	-567.6439503376124	8.39	189.21465011253747
336	828.9709243997506	621.7281932998128	207.24273109993763	-621.7281932998128	8.389999999999986	8.389999999999986	207.2427310999376	-8.389999999999986	-828.9709243997506	621.7281932998128	198.8527310999376	8.389999999999986	621.7281932998128	-207.24273109993763	621.7281932998128	-621.7281932998128	8.39	207.2427310999376
337	882.20839924895	661.6562994367123	220.5520998122374	-661.6562994367123	8.389999999999986	8.389999999999986	220.55209981223743	-8.389999999999986	-882.20839924895	661.6562994367123	212.16209981223744	8.389999999999986	661.6562994367123	-220.5520998122374	661.6562994367123	-661.6562994367123	8.39	220.55209981223743
338	932.5092008513514	699.3819006385133	233.1273002128378	-699.3819006385133	8.389999999999986	8.389999999999986	233.12730021283778	-8.389999999999986	-932.5092008513514	699.3819006385133	224.7373002128378	8.389999999999986	699.3819006385133	-233.1273002128378	699.3819006385133	-699.3819006385133	8.39	233.12730021283778
339	979.5717252005509	734.678793900413	244.8929313001377	-734.678793900413	8.389999999999986	8.389999999999986	244.89293130013766	-8.389999999999986	-979.5717252005509	734.678793900413	236.50293130013767	8.389999999999986	734.678793900413	-244.8929313001377	734.678793900413	-734.678793900413	8.39	244.89293130013766
340	538.07202570005	403.5540192750374	134.51800642501246	-403.5540192750374	8.389999999999986	8.389999999999986	134.51800642501246	-8.389999999999986	-538.07202570005	403.5540192750374	126.12800642501247	8.389999999999986	403.5540192750374	-134.51800642501246	403.5540192750374	-403.5540192750374	8.39	134.5180064250125
341	888.4708240992501	666.3531180744375	222.1177060248125	-666.3531180744375	8.389999999999986	8.389999999999986	222.1177060248125	-8.389999999999986	-888.4708240992501	666.3531180744375	213.7277060248125	8.389999999999986	666.3531180744375	-222.1177060248125	666.3531180744375	-666.3531180744375	8.39	222.11770602481246
342	998.4344000498501	748.8258000373875	249.6086000124625	-748.8258000373875	8.389999999999986	8.389999999999986	249.6086000124625	-8.389999999999986	-998.4344000498501	748.8258000373875	241.2186000124625	8.389999999999986	748.8258000373875	-249.6086000124625	748.8258000373875	-748.8258000373875	8.39	249.6086000124624
343	276.0232736994507	207.01745527458797	69.00581842486281	-207.01745527458797	8.389999999999986	8.389999999999986	69.00581842486281	-8.389999999999986	-276.0232736994507	207.01745527458797	60.61581842486282	8.389999999999986	207.01745527458797	-69.00581842486281	207.01745527458797	-207.01745527458797	8.39	69.00581842486235
344	531.8096008497497	398.8572006373122	132.9524002124375	-398.8572006373122	8.389999999999986	8.389999999999986	132.9524002124375	-8.389999999999986	-531.8096008497497	398.8572006373122	124.56240021243752	8.389999999999986	398.8572006373122	-132.9524002124375	398.8572006373122	-398.8572006373122	8.39	132.95240021243717
345	563.1218253004508	422.341368975338	140.78045632511282	-422.341368975338	8.389999999999986	8.389999999999986	140.78045632511282	-8.389999999999986	-563.1218253004508	422.341368975338	132.39045632511284	8.389999999999986	422.341368975338	-140.78045632511282	422.341368975338	-422.341368975338	8.39	140.78045632511237
346	450.57267569905036	337.9295067742877	112.64316892476252	-337.9295067742877	8.389999999999986	8.389999999999986	112.64316892476256	-8.389999999999986	-450.57267569905036	337.9295067742877	104.25316892476256	8.389999999999986	337.9295067742877	-112.64316892476252	337.9295067742877	-337.9295067742877	8.39	112.64316892476256
347	528.6721259997493	396.5040944998117	132.16803149993726	-396.5040944998117	8.389999999999986	8.389999999999986	132.16803149993723	-8.389999999999986	-528.6721259997493	396.5040944998117	123.77803149993723	8.389999999999986	396.5040944998117	-132.16803149993726	396.5040944998117	-396.5040944998117	8.39	132.16803149993723
348	857.2272239996512	642.9204179997382	214.30680599991274	-642.9204179997382	8.389999999999986	8.389999999999986	214.30680599991274	-8.389999999999986	-857.2272239996512	642.9204179997382	205.91680599991275	8.389999999999986	642.9204179997382	-214.30680599991274	642.9204179997382	-642.9204179997382	8.39	214.30680599991274
349	891.6020239995507	668.7015179996629	222.90050599988763	-668.7015179996629	8.389999999999986	8.389999999999986	222.90050599988763	-8.389999999999986	-891.6020239995507	668.7015179996629	214.51050599988764	8.389999999999986	668.7015179996629	-222.90050599988763	668.7015179996629	-668.7015179996629	8.39	222.90050599988763
350	438.11645034955126	328.5873377621633	109.52911258738789	-328.5873377621633	8.389999999999986	8.389999999999986	109.52911258738789	-8.389999999999986	-438.11645034955126	328.5873377621633	101.1391125873879	8.389999999999986	328.5873377621633	-109.52911258738789	328.5873377621633	-328.5873377621633	8.39	109.52911258738754
351	663.0654507499502	497.29908806246254	165.76636268748746	-497.29908806246254	8.389999999999986	8.389999999999986	165.76636268748746	-8.389999999999986	-663.0654507499502	497.29908806246254	157.3763626874875	8.389999999999986	497.29908806246254	-165.76636268748746	497.29908806246254	-497.29908806246254	8.39	165.76636268748751
352	288.51684875035085	216.38763656276296	72.1292121875877	-216.38763656276296	8.389999999999986	8.389999999999986	72.12921218758765	-8.389999999999986	-288.51684875035085	216.38763656276296	63.739212187587654	8.389999999999986	216.38763656276296	-72.1292121875877	216.38763656276296	-216.38763656276296	8.39	72.12921218758765
353	431.8790251992516	323.90926889943853	107.96975629981289	-323.90926889943853	8.389999999999986	8.389999999999986	107.96975629981284	-8.389999999999986	-431.8790251992516	323.90926889943853	99.57975629981284	8.389999999999986	323.90926889943853	-107.96975629981289	323.90926889943853	-323.90926889943853	8.39	107.96975629981284
354	585.0403999508519	438.78029996313876	146.2600999877129	-438.78029996313876	8.389999999999986	8.389999999999986	146.26009998771292	-8.389999999999986	-585.0403999508519	438.78029996313876	137.87009998771293	8.389999999999986	438.78029996313876	-146.2600999877129	438.78029996313876	-438.78029996313876	8.39	146.26009998771292
355	653.7030755993507	490.2773066995129	163.4257688998376	-490.2773066995129	8.389999999999986	8.389999999999986	163.42576889983764	-8.389999999999986	-653.7030755993507	490.2773066995129	155.03576889983765	8.389999999999986	490.2773066995129	-163.4257688998376	490.2773066995129	-490.2773066995129	8.39	163.42576889983764
356	835.2395991500518	626.4296993625387	208.80989978751288	-626.4296993625387	8.389999999999986	8.389999999999986	208.8098997875129	-8.389999999999986	-835.2395991500518	626.4296993625387	200.41989978751292	8.389999999999986	626.4296993625387	-208.80989978751288	626.4296993625387	-626.4296993625387	8.39	208.8098997875129
357	985.8403999508521	739.3802999631389	246.46009998771294	-739.3802999631389	8.389999999999986	8.389999999999986	246.46009998771297	-8.389999999999986	-985.8403999508521	739.3802999631389	238.07009998771298	8.389999999999986	739.3802999631389	-246.46009998771294	739.3802999631389	-739.3802999631389	8.39	246.46009998771297
358	569.3779752010516	427.03348140078856	142.34449380026285	-427.03348140078856	8.389999999999986	8.389999999999986	142.34449380026285	-8.389999999999986	-569.3779752010516	427.03348140078856	133.95449380026284	8.389999999999986	427.03348140078856	-142.34449380026285	427.03348140078856	-427.03348140078856	8.39	142.34449380026285
359	691.2028255995511	518.4021191996632	172.80070639988764	-518.4021191996632	8.389999999999986	8.389999999999986	172.80070639988764	-8.389999999999986	-691.2028255995511	518.4021191996632	164.4107063998877	8.389999999999986	518.4021191996632	-172.80070639988764	518.4021191996632	-518.4021191996632	8.39	172.80070639988776
360	731.8774252008518	548.9080689006387	182.9693563002129	-548.9080689006387	8.389999999999986	8.389999999999986	182.9693563002129	-8.389999999999986	-731.8774252008518	548.9080689006387	174.57935630021288	8.389999999999986	548.9080689006387	-182.9693563002129	548.9080689006387	-548.9080689006387	8.39	182.9693563002129
361	600.7655999501502	450.5741999626124	150.19139998753747	-450.5741999626124	8.389999999999986	8.389999999999986	150.19139998753747	-8.389999999999986	-600.7655999501502	450.5741999626124	141.80139998753748	8.389999999999986	450.5741999626124	-150.19139998753747	450.5741999626124	-450.5741999626124	8.39	150.1913999875375
362	759.9898003504512	569.9923502628382	189.99745008761272	-569.9923502628382	8.389999999999986	8.389999999999986	189.99745008761272	-8.389999999999986	-759.9898003504512	569.9923502628382	181.60745008761273	8.389999999999986	569.9923502628382	-189.99745008761272	569.9923502628382	-569.9923502628382	8.39	189.9974500876127
363	394.5289747998508	295.89673109988803	98.63224369996294	-295.89673109988803	8.389999999999986	8.389999999999986	98.63224369996294	-8.389999999999986	-394.5289747998508	295.89673109988803	90.24224369996296	8.389999999999986	295.89673109988803	-98.63224369996294	295.89673109988803	-295.89673109988803	8.39	98.63224369996215
364	506.828425600451	380.1213192003381	126.70710640011293	-380.1213192003381	8.389999999999986	8.389999999999986	126.70710640011293	-8.389999999999986	-506.828425600451	380.1213192003381	118.31710640011295	8.389999999999986	380.1213192003381	-126.70710640011293	380.1213192003381	-380.1213192003381	8.39	126.70710640011225
365	854.102273999351	640.5767054995133	213.52556849983796	-640.5767054995133	8.389999999999986	8.389999999999986	213.52556849983796	-8.389999999999986	-854.102273999351	640.5767054995133	205.13556849983797	8.389999999999986	640.5767054995133	-213.52556849983796	640.5767054995133	-640.5767054995133	8.39	213.5255684998374
366	484.94120074925036	363.70590056193754	121.23530018731253	-363.70590056193754	8.389999999999986	8.389999999999986	121.23530018731253	-8.389999999999986	-484.94120074925036	363.70590056193754	112.84530018731255	8.389999999999986	363.70590056193754	-121.23530018731253	363.70590056193754	-363.70590056193754	8.39	121.23530018731248
367	935.6404007516518	701.7303005637388	233.91010018791292	-701.7303005637388	8.389999999999986	8.389999999999986	233.91010018791292	-8.389999999999986	-935.6404007516518	701.7303005637388	225.52010018791293	8.389999999999986	701.7303005637388	-233.91010018791292	701.7303005637388	-701.7303005637388	8.39	233.91010018791292
368	638.1156503495506	478.5867377621628	159.52891258738765	-478.5867377621628	8.389999999999986	8.389999999999986	159.5289125873876	-8.389999999999986	-638.1156503495506	478.5867377621628	151.1389125873876	8.389999999999986	478.5867377621628	-159.52891258738765	478.5867377621628	-478.5867377621628	8.39	159.5289125873876
369	766.2522252007514	574.6891689005633	191.56305630018784	-574.6891689005633	8.389999999999986	8.389999999999986	191.56305630018778	-8.389999999999986	-766.2522252007514	574.6891689005633	183.1730563001878	8.389999999999986	574.6891689005633	-191.56305630018784	574.6891689005633	-574.6891689005633	8.39	191.56305630018778
370	863.46464914995	647.5984868624623	215.8661622874875	-647.5984868624623	8.389999999999986	8.389999999999986	215.86616228748744	-8.389999999999986	-863.46464914995	647.5984868624623	207.47616228748745	8.389999999999986	647.5984868624623	-215.8661622874875	647.5984868624623	-647.5984868624623	8.39	215.86616228748744
371	541.203225600351	405.9024192002631	135.3008064000877	-405.9024192002631	8.389999999999986	8.389999999999986	135.3008064000877	-8.389999999999986	-541.203225600351	405.9024192002631	126.91080640008767	8.389999999999986	405.9024192002631	-135.3008064000877	405.9024192002631	-405.9024192002631	8.39	135.30080640008782
372	894.7269739998511	671.0452304998881	223.68174349996264	-671.0452304998881	8.389999999999986	8.389999999999986	223.68174349996264	-8.389999999999986	-894.7269739998511	671.0452304998881	215.2917434999627	8.389999999999986	671.0452304998881	-223.68174349996264	671.0452304998881	-671.0452304998881	8.39	223.68174349996275
373	363.2666499499509	272.4499874624629	90.81666248748763	-272.4499874624629	8.389999999999986	8.389999999999986	90.81666248748763	-8.389999999999986	-363.2666499499509	272.4499874624629	82.42666248748765	8.389999999999986	272.4499874624629	-90.81666248748763	272.4499874624629	-272.4499874624629	8.39	90.81666248748752
374	769.3771752010513	577.0328814007884	192.3442938002628	-577.0328814007884	8.389999999999986	8.389999999999986	192.3442938002628	-8.389999999999986	-769.3771752010513	577.0328814007884	183.9542938002628	8.389999999999986	577.0328814007884	-192.3442938002628	577.0328814007884	-577.0328814007884	8.39	192.3442938002628
375	694.3277755998511	520.7458316998882	173.58194389996288	-520.7458316998882	8.389999999999986	8.389999999999986	173.58194389996288	-8.389999999999986	-694.3277755998511	520.7458316998882	165.1919438999629	8.389999999999986	520.7458316998882	-173.58194389996288	520.7458316998882	-520.7458316998882	8.39	173.58194389996243
376	709.9902003496511	532.4926502622382	177.49755008741283	-532.4926502622382	8.389999999999986	8.389999999999986	177.49755008741283	-8.389999999999986	-709.9902003496511	532.4926502622382	169.10755008741285	8.389999999999986	532.4926502622382	-177.49755008741283	532.4926502622382	-532.4926502622382	8.39	177.4975500874125
377	816.4522243999515	612.3391682999636	204.11305609998806	-612.3391682999636	8.389999999999986	8.389999999999986	204.11305609998806	-8.389999999999986	-816.4522243999515	612.3391682999636	195.72305609998807	8.389999999999986	612.3391682999636	-204.11305609998806	612.3391682999636	-612.3391682999636	8.39	204.1130560999875
378	819.5771744002518	614.6828808001887	204.89429360006307	-614.6828808001887	8.389999999999986	8.389999999999986	204.89429360006307	-8.389999999999986	-819.5771744002518	614.6828808001887	196.50429360006308	8.389999999999986	614.6828808001887	-204.89429360006307	614.6828808001887	-614.6828808001887	8.39	204.8942936000626
379	967.053025200752	725.2897689005639	241.76325630018812	-725.2897689005639	8.389999999999986	8.389999999999986	241.76325630018812	-8.389999999999986	-967.053025200752	725.2897689005639	233.37325630018813	8.389999999999986	725.2897689005639	-241.76325630018812	725.2897689005639	-725.2897689005639	8.39	241.76325630018766
380	226.31659795214904	169.7374484641117	56.57914948803739	-169.7374484641117	8.389999999999986	8.389999999999986	56.57914948803739	-8.389999999999986	-226.31659795214904	169.7374484641117	48.1891494880374	8.389999999999986	169.7374484641117	-56.57914948803739	169.7374484641117	-169.7374484641117	8.39	56.57914948803693
381	391.4040247995506	293.5530185996629	97.85100619988759	-293.5530185996629	8.389999999999986	8.389999999999986	97.85100619988764	-8.389999999999986	-391.4040247995506	293.5530185996629	89.46100619988763	8.389999999999986	293.5530185996629	-97.85100619988759	293.5530185996629	-293.5530185996629	8.39	97.85100619988762
382	513.0658507507503	384.7993880630627	128.26646268768752	-384.7993880630627	8.389999999999986	8.389999999999986	128.26646268768755	-8.389999999999986	-513.0658507507503	384.7993880630627	119.87646268768755	8.389999999999986	384.7993880630627	-128.26646268768752	384.7993880630627	-384.7993880630627	8.39	128.26646268768758
383	282.2794236000515	211.70956770003852	70.56985590001284	-211.70956770003852	8.389999999999986	8.389999999999986	70.56985590001284	-8.389999999999986	-282.2794236000515	211.70956770003852	62.17985590001285	8.389999999999986	211.70956770003852	-70.56985590001284	211.70956770003852	-211.70956770003852	8.39	70.56985590001277
384	328.9544743989517	246.7158557992135	82.23861859973783	-246.7158557992135	8.389999999999986	8.389999999999986	82.23861859973783	-8.389999999999986	-328.9544743989517	246.7158557992135	73.84861859973785	8.389999999999986	246.7158557992135	-82.23861859973783	246.7158557992135	-246.7158557992135	8.39	82.23861859973788
385	456.82882559965094	342.6216191997381	114.2072063999127	-342.6216191997381	8.389999999999986	8.389999999999986	114.2072063999127	-8.389999999999986	-456.82882559965094	342.6216191997381	105.81720639991272	8.389999999999986	342.6216191997381	-114.2072063999127	342.6216191997381	-342.6216191997381	8.39	114.20720639991266
386	463.0662507499509	347.2996880624629	115.76656268748764	-347.2996880624629	8.389999999999986	8.389999999999986	115.76656268748764	-8.389999999999986	-463.0662507499509	347.2996880624629	107.37656268748765	8.389999999999986	347.2996880624629	-115.76656268748764	347.2996880624629	-347.2996880624629	8.39	115.76656268748751
387	503.7034756001509	377.7776067001131	125.9258689000377	-377.7776067001131	8.389999999999986	8.389999999999986	125.9258689000377	-8.389999999999986	-503.7034756001509	377.7776067001131	117.53586890003771	8.389999999999986	377.7776067001131	-125.9258689000377	377.7776067001131	-377.7776067001131	8.39	125.92586890003768
388	338.3168495495509	253.73763716216297	84.57921238738788	-253.73763716216297	8.389999999999986	8.389999999999986	84.57921238738788	-8.389999999999986	-338.3168495495509	253.73763716216297	76.1892123873879	8.389999999999986	253.73763716216297	-84.57921238738788	253.73763716216297	-253.73763716216297	8.39	84.5792123873872
389	353.90427479935096	265.4282060995131	88.47606869983792	-265.4282060995131	8.389999999999986	8.389999999999986	88.47606869983792	-8.389999999999986	-353.90427479935096	265.4282060995131	80.08606869983794	8.389999999999986	265.4282060995131	-88.47606869983792	265.4282060995131	-265.4282060995131	8.39	88.47606869983724
390	491.203625599551	368.4027191996631	122.80090639988794	-368.4027191996631	8.389999999999986	8.389999999999986	122.80090639988794	-8.389999999999986	-491.203625599551	368.4027191996631	114.41090639988795	8.389999999999986	368.4027191996631	-122.80090639988794	368.4027191996631	-368.4027191996631	8.39	122.80090639988725
391	279.1544735997513	209.36585519981335	69.78861839993783	-209.36585519981338	8.389999999999986	8.389999999999986	69.78861839993783	-8.389999999999986	-279.1544735997513	209.36585519981338	61.39861839993781	8.389999999999986	209.36585519981338	-69.78861839993783	209.36585519981338	-209.36585519981338	8.39	69.78861839993772
392	357.02922479965093	267.771918599738	89.2573061999127	-267.771918599738	8.389999999999986	8.389999999999986	89.2573061999127	-8.389999999999986	-357.02922479965093	267.771918599738	80.86730619991266	8.389999999999986	267.771918599738	-89.2573061999127	267.771918599738	-267.771918599738	8.39	89.25730619991265
393	428.7540751989517	321.5655563992136	107.18851879973784	-321.5655563992136	8.389999999999986	8.389999999999986	107.18851879973784	-8.389999999999986	-428.7540751989517	321.5655563992136	98.7985187997379	8.389999999999986	321.5655563992136	-107.18851879973784	321.5655563992136	-321.5655563992136	8.39	107.18851879973789
394	453.703875599351	340.277906699513	113.4259688998377	-340.277906699513	8.389999999999986	8.389999999999986	113.4259688998377	-8.389999999999986	-453.703875599351	340.277906699513	105.03596889983766	8.389999999999986	340.277906699513	-113.4259688998377	340.277906699513	-340.277906699513	8.39	113.42596889983764
395	494.328575599851	370.74643169988803	123.58214389996272	-370.74643169988803	8.389999999999986	8.389999999999986	123.58214389996272	-8.389999999999986	-494.328575599851	370.74643169988803	115.19214389996267	8.389999999999986	370.74643169988803	-123.58214389996272	370.74643169988803	-370.74643169988803	8.39	123.58214389996266
396	534.9408007500505	401.2056005625376	133.73520018751253	-401.2056005625376	8.389999999999986	8.389999999999986	133.73520018751253	-8.389999999999986	-534.9408007500505	401.2056005625376	125.34520018751255	8.389999999999986	401.2056005625376	-133.73520018751253	401.2056005625376	-401.2056005625376	8.39	133.73520018751253
397	544.3281756006511	408.24613170048804	136.08204390016272	-408.24613170048804	8.389999999999986	8.389999999999986	136.08204390016272	-8.389999999999986	-544.3281756006511	408.24613170048804	127.69204390016267	8.389999999999986	408.24613170048804	-136.08204390016272	408.24613170048804	-408.24613170048804	8.39	136.08204390016266
398	566.2530252007515	424.6897689005634	141.56325630018785	-424.6897689005634	8.389999999999986	8.389999999999986	141.56325630018785	-8.389999999999986	-566.2530252007515	424.6897689005634	133.1732563001878	8.389999999999986	424.6897689005634	-141.56325630018785	424.6897689005634	-424.6897689005634	8.39	141.5632563001878
399	628.7532751989517	471.56495639921354	157.18831879973789	-471.56495639921354	8.389999999999986	8.389999999999986	157.18831879973789	-8.389999999999986	-628.7532751989517	471.56495639921354	148.79831879973784	8.389999999999986	471.56495639921354	-157.18831879973789	471.56495639921354	-471.56495639921354	8.39	157.18831879973783
400	631.8782251992515	473.90866889943857	157.96955629981278	-473.90866889943857	8.389999999999986	8.389999999999986	157.96955629981278	-8.389999999999986	-631.8782251992515	473.90866889943857	149.5795562998129	8.389999999999986	473.90866889943857	-157.96955629981278	473.90866889943857	-473.90866889943857	8.39	157.9695562998129
401	656.8280255996508	492.621019199738	164.20700639991264	-492.621019199738	8.389999999999986	8.389999999999986	164.20700639991264	-8.389999999999986	-656.8280255996508	492.621019199738	155.81700639991266	8.389999999999986	492.621019199738	-164.20700639991264	492.621019199738	-492.621019199738	8.39	164.2070063999127
402	684.9404007492506	513.7053005619376	171.23510018731258	-513.7053005619376	8.389999999999986	8.389999999999986	171.23510018731258	-8.389999999999986	-684.9404007492506	513.7053005619376	162.84510018731254	8.389999999999986	513.7053005619376	-171.23510018731258	513.7053005619376	-513.7053005619376	8.39	171.23510018731253
403	738.1148503511512	553.5861377633634	184.5287125877877	-553.5861377633634	8.389999999999986	8.389999999999986	184.5287125877877	-8.389999999999986	-738.1148503511512	553.5861377633634	176.13871258778784	8.389999999999986	553.5861377633634	-184.5287125877877	553.5861377633634	-553.5861377633634	8.39	184.52871258778782
404	785.0395999508518	588.7796999631388	196.25989998771286	-588.7796999631388	8.389999999999986	8.389999999999986	196.25989998771286	-8.389999999999986	-785.0395999508518	588.7796999631388	187.86989998771298	8.389999999999986	588.7796999631388	-196.25989998771286	588.7796999631388	-588.7796999631388	8.39	196.25989998771297
405	810.1897995496513	607.6423496622382	202.54744988741277	-607.6423496622382	8.389999999999986	8.389999999999986	202.54744988741277	-8.389999999999986	-810.1897995496513	607.6423496622382	194.15744988741272	8.389999999999986	607.6423496622382	-202.54744988741277	607.6423496622382	-607.6423496622382	8.39	202.5474498874127
406	960.7906003504512	720.5929502628384	240.19765008761271	-720.5929502628384	8.389999999999986	8.389999999999986	240.19765008761271	-8.389999999999986	-960.7906003504512	720.5929502628384	231.80765008761284	8.389999999999986	720.5929502628384	-240.19765008761271	720.5929502628384	-720.5929502628384	8.39	240.19765008761283
407	300.96679915015034	225.72509936261258	75.24169978753748	-225.72509936261258	8.389999999999986	8.389999999999986	75.24169978753753	-8.389999999999986	-300.96679915015034	225.72509936261258	66.85169978753753	8.389999999999986	225.72509936261258	-75.24169978753748	225.72509936261258	-225.72509936261258	8.39	75.24169978753753
408	385.14159994925035	288.8561999619376	96.28539998731249	-288.8561999619376	8.389999999999986	8.389999999999986	96.28539998731253	-8.389999999999986	-385.14159994925035	288.8561999619376	87.89539998731253	8.389999999999986	288.8561999619376	-96.28539998731249	288.8561999619376	-288.8561999619376	8.39	96.28539998731253
409	559.9906003504514	419.99295026283835	139.99765008761273	-419.99295026283835	8.389999999999986	8.389999999999986	139.99765008761278	-8.389999999999986	-559.9906003504514	419.99295026283835	131.6076500876128	8.389999999999986	419.99295026283835	-139.99765008761273	419.99295026283835	-419.99295026283835	8.39	139.99765008761278
410	716.2526251999518	537.1894688999637	179.06315629998795	-537.1894688999637	8.389999999999986	8.389999999999986	179.0631562999879	-8.389999999999986	-716.2526251999518	537.1894688999637	170.6731562999879	8.389999999999986	537.1894688999637	-179.06315629998795	537.1894688999637	-537.1894688999637	8.39	179.0631562999879
411	728.7524752005513	546.5643564004133	182.18811880013783	-546.5643564004133	8.389999999999986	8.389999999999986	182.18811880013777	-8.389999999999986	-728.7524752005513	546.5643564004133	173.7981188001378	8.389999999999986	546.5643564004133	-182.18811880013783	546.5643564004133	-546.5643564004133	8.39	182.18811880013777
412	970.1779752010518	727.6334814007887	242.54449380026296	-727.6334814007887	8.389999999999986	8.389999999999986	242.5444938002629	-8.389999999999986	-970.1779752010518	727.6334814007887	234.1544938002629	8.389999999999986	727.6334814007887	-242.54449380026296	727.6334814007887	-727.6334814007887	8.39	242.5444938002629
413	719.377575200252	539.5331814001887	179.8443938000629	-539.5331814001887	8.389999999999986	8.389999999999986	179.8443938000629	-8.389999999999986	-719.377575200252	539.5331814001887	171.45439380006292	8.389999999999986	539.5331814001887	-179.8443938000629	539.5331814001887	-539.5331814001887	8.39	179.84439380006302
414	332.07942439925165	249.05956829943852	83.01985609981296	-249.05956829943852	8.389999999999986	8.389999999999986	83.01985609981296	-8.389999999999986	-332.07942439925165	249.05956829943852	74.62985609981297	8.389999999999986	249.05956829943852	-83.01985609981296	249.05956829943852	-249.05956829943852	8.39	83.01985609981261
415	251.16679835094982	188.37509876321224	62.79169958773764	-188.37509876321224	8.389999999999986	8.389999999999986	62.79169958773764	-8.389999999999986	-251.16679835094982	188.37509876321224	54.40169958773765	8.389999999999986	188.37509876321224	-62.79169958773764	188.37509876321224	-188.37509876321224	8.39	62.79169958773696
416	400.76639995015034	300.5747999626126	100.19159998753749	-300.5747999626126	8.389999999999986	8.389999999999986	100.19159998753753	-8.389999999999986	-400.76639995015034	300.5747999626126	91.80159998753753	8.389999999999986	300.5747999626126	-100.19159998753749	300.5747999626126	-300.5747999626126	8.39	100.19159998753753
417	885.3395991492506	664.0046993619377	221.33489978731257	-664.0046993619377	8.389999999999986	8.389999999999986	221.33489978731257	-8.389999999999986	-885.3395991492506	664.0046993619377	212.94489978731258	8.389999999999986	664.0046993619377	-221.33489978731257	664.0046993619377	-664.0046993619377	8.39	221.33489978731257
418	444.3476255998505	333.2607191998877	111.08690639996257	-333.2607191998877	8.389999999999986	8.389999999999986	111.08690639996257	-8.389999999999986	-444.3476255998505	333.2607191998877	102.69690639996257	8.389999999999986	333.2607191998877	-111.08690639996257	333.2607191998877	-333.2607191998877	8.39	111.08690639996257
419	406.99757520044943	305.2481814003369	101.74939380011222	-305.2481814003369	8.389999999999986	8.389999999999986	101.74939380011222	-8.389999999999986	-406.99757520044943	305.2481814003369	93.35939380011224	8.389999999999986	305.2481814003369	-101.74939380011222	305.2481814003369	-305.2481814003369	8.39	101.74939380011233
420	519.2970260010496	389.4727695007872	129.82425650026232	-389.4727695007872	8.389999999999986	8.389999999999986	129.82425650026232	-8.389999999999986	-519.2970260010496	389.4727695007872	121.43425650026235	8.389999999999986	389.4727695007872	-129.82425650026232	389.4727695007872	-389.4727695007872	8.39	129.82425650026244
421	263.6104988507494	197.7078741380618	65.90262471268727	-197.7078741380618	8.389999999999986	8.389999999999986	65.90262471268727	-8.389999999999986	-263.6104988507494	197.7078741380618	57.512624712687284	8.389999999999986	197.7078741380618	-65.90262471268727	197.7078741380618	-197.7078741380618	8.39	65.90262471268717
422	257.3979736012489	193.04848020093652	64.34949340031233	-193.04848020093652	8.389999999999986	8.389999999999986	64.34949340031233	-8.389999999999986	-257.3979736012489	193.04848020093652	55.95949340031234	8.389999999999986	193.04848020093652	-64.34949340031233	193.04848020093652	-193.04848020093652	8.39	64.34949340031187
423	294.7480240006497	221.06101800048725	73.68700600016234	-221.06101800048725	8.389999999999986	8.389999999999986	73.68700600016234	-8.389999999999986	-294.7480240006497	221.06101800048725	65.29700600016241	8.389999999999986	221.06101800048725	-73.68700600016234	221.06101800048725	-221.06101800048725	8.39	73.68700600016246
424	254.28549845124928	190.71412383843676	63.57137461281229	-190.71412383843676	8.389999999999986	8.389999999999986	63.57137461281229	-8.389999999999986	-254.28549845124928	190.71412383843676	55.18137461281227	8.389999999999986	190.71412383843676	-63.57137461281229	190.71412383843676	-190.71412383843676	8.39	63.57137461281229
425	201.55935005014965	151.16951253761215	50.38983751253735	-151.16951253761215	8.389999999999986	8.389999999999986	50.38983751253738	-8.389999999999986	-201.55935005014965	151.16951253761215	41.99983751253738	8.389999999999986	151.16951253761215	-50.38983751253735	151.16951253761215	-151.16951253761215	8.39	50.3898375125374
426	238.76029845194773	179.07022383896071	59.69007461298687	-179.07022383896071	8.389999999999986	8.389999999999986	59.690074612986905	-8.389999999999986	-238.76029845194773	179.07022383896071	51.300074612986904	8.389999999999986	179.07022383896071	-59.69007461298687	179.07022383896071	-179.07022383896071	8.39	59.69007461298692
427	344.54802479984994	258.41101859988737	86.13700619996241	-258.41101859988737	8.389999999999986	8.389999999999986	86.13700619996246	-8.389999999999986	-344.54802479984994	258.41101859988737	77.74700619996246	8.389999999999986	258.41101859988737	-86.13700619996241	258.41101859988737	-258.41101859988737	8.39	86.13700619996246
428	413.21010044994875	309.9075753374615	103.30252511248712	-309.9075753374615	8.389999999999986	8.389999999999986	103.30252511248716	-8.389999999999986	-413.21010044994875	309.9075753374615	94.91252511248716	8.389999999999986	309.9075753374615	-103.30252511248712	309.9075753374615	-309.9075753374615	8.39	103.30252511248716
429	466.1849508502497	349.6387131376872	116.54623771256236	-349.6387131376872	8.389999999999986	8.389999999999986	116.5462377125624	-8.389999999999986	-466.1849508502497	349.6387131376872	108.1562377125624	8.389999999999986	349.6387131376872	-116.54623771256236	349.6387131376872	-349.6387131376872	8.39	116.5462377125624
430	572.496675301351	429.3725064760132	143.1241688253377	-429.3725064760132	8.389999999999986	8.389999999999986	143.12416882533773	-8.389999999999986	-572.496675301351	429.3725064760132	134.73416882533775	8.389999999999986	429.3725064760132	-143.1241688253377	429.3725064760132	-429.3725064760132	8.39	143.12416882533773
431	619.3970251994508	464.54776889958794	154.84925629986262	-464.54776889958794	8.389999999999986	8.389999999999986	154.84925629986265	-8.389999999999986	-619.3970251994508	464.54776889958794	146.45925629986266	8.389999999999986	464.54776889958794	-154.84925629986262	464.54776889958794	-464.54776889958794	8.39	154.84925629986265
432	734.9961253011512	551.2470939758633	183.74903132528775	-551.2470939758633	8.389999999999986	8.389999999999986	183.74903132528777	-8.389999999999986	-734.9961253011512	551.2470939758633	175.3590313252878	8.389999999999986	551.2470939758633	-183.74903132528775	551.2470939758633	-551.2470939758633	8.39	183.74903132528777
433	866.5833492502494	649.937511937687	216.64583731256232	-649.937511937687	8.389999999999986	8.389999999999986	216.64583731256232	-8.389999999999986	-866.5833492502494	649.937511937687	208.25583731256233	8.389999999999986	649.937511937687	-216.64583731256232	649.937511937687	-649.937511937687	8.39	216.64583731256235
434	310.29802449994924	232.7235183749617	77.57450612498735	-232.7235183749617	8.389999999999986	8.389999999999986	77.57450612498735	-8.389999999999986	-310.29802449994924	232.7235183749617	69.18450612498737	8.389999999999986	232.7235183749617	-77.57450612498735	232.7235183749617	-232.7235183749617	8.39	77.57450612498701
435	441.2351504498507	330.92636283738796	110.30878761246262	-330.92636283738796	8.389999999999986	8.389999999999986	110.30878761246265	-8.389999999999986	-441.2351504498507	330.92636283738796	101.91878761246265	8.389999999999986	330.92636283738796	-110.30878761246262	330.92636283738796	-330.92636283738796	8.39	110.30878761246265
436	509.94712570075046	382.46034427556276	127.48678142518756	-382.46034427556276	8.389999999999986	8.389999999999986	127.48678142518759	-8.389999999999986	-509.94712570075046	382.46034427556276	119.09678142518759	8.389999999999986	382.46034427556276	-127.48678142518756	382.46034427556276	-382.46034427556276	8.39	127.48678142518759
437	641.2343504498506	480.92576283738777	160.30858761246256	-480.92576283738777	8.389999999999986	8.389999999999986	160.3085876124626	-8.389999999999986	-641.2343504498506	480.92576283738777	151.9185876124626	8.389999999999986	480.92576283738777	-160.30858761246256	480.92576283738777	-480.92576283738777	8.39	160.3085876124626
438	722.4962753005514	541.8722064754133	180.62406882513775	-541.8722064754133	8.389999999999986	8.389999999999986	180.62406882513778	-8.389999999999986	-722.4962753005514	541.8722064754133	172.2340688251378	8.389999999999986	541.8722064754133	-180.62406882513775	541.8722064754133	-541.8722064754133	8.39	180.62406882513778
439	313.410499649949	235.05787473746147	78.35262491248716	-235.05787473746147	8.389999999999986	8.389999999999986	78.35262491248716	-8.389999999999986	-313.410499649949	235.05787473746147	69.96262491248717	8.389999999999986	235.05787473746147	-78.35262491248716	235.05787473746147	-235.05787473746147	8.39	78.35262491248716
440	697.4464757001502	523.0848567751126	174.36161892503753	-523.0848567751126	8.389999999999986	8.389999999999986	174.36161892503753	-8.389999999999986	-697.4464757001502	523.0848567751126	165.97161892503755	8.389999999999986	523.0848567751126	-174.36161892503753	523.0848567751126	-523.0848567751126	8.39	174.3616189250375
441	860.3459240999508	645.2594430749629	215.08648102498762	-645.2594430749629	8.389999999999986	8.389999999999986	215.08648102498762	-8.389999999999986	-860.3459240999508	645.2594430749629	206.69648102498763	8.389999999999986	645.2594430749629	-215.08648102498762	645.2594430749629	-645.2594430749629	8.39	215.0864810249876
442	229.43529805244853	172.07647353933635	57.35882451311227	-172.07647353933635	8.389999999999986	8.389999999999986	57.35882451311227	-8.389999999999986	-229.43529805244853	172.07647353933635	48.96882451311228	8.389999999999986	172.07647353933635	-57.35882451311227	172.07647353933635	-172.07647353933635	8.39	57.35882451311181
443	285.39812370035077	214.048592775263	71.3495309250876	-214.048592775263	8.389999999999986	8.389999999999986	71.3495309250876	-8.389999999999986	-285.39812370035077	214.048592775263	62.959530925087655	8.389999999999986	214.048592775263	-71.3495309250876	214.048592775263	-214.048592775263	8.39	71.34953092508766
444	434.997725299551	326.2482939746631	108.74943132488772	-326.2482939746631	8.389999999999986	8.389999999999986	108.74943132488772	-8.389999999999986	-434.997725299551	326.2482939746631	100.35943132488768	8.389999999999986	326.2482939746631	-108.74943132488772	326.2482939746631	-326.2482939746631	8.39	108.74943132488772
445	369.49160024994933	277.11870018746174	92.37290006248725	-277.11870018746174	8.389999999999986	8.389999999999986	92.37290006248725	-8.389999999999986	-369.49160024994933	277.11870018746174	83.98290006248726	8.389999999999986	277.11870018746174	-92.37290006248725	277.11870018746174	-277.11870018746174	8.39	92.37290006248723
446	397.6414499498502	298.23108746238756	99.41036248746252	-298.23108746238756	8.389999999999986	8.389999999999986	99.41036248746252	-8.389999999999986	-397.6414499498502	298.23108746238756	91.02036248746253	8.389999999999986	298.23108746238756	-99.41036248746252	298.23108746238756	-298.23108746238756	8.39	99.4103624874625
447	304.08549925044935	228.06412443783688	76.02137481261252	-228.06412443783688	8.389999999999986	8.389999999999986	76.02137481261252	-8.389999999999986	-304.08549925044935	228.06412443783688	67.63137481261253	8.389999999999986	228.06412443783688	-76.02137481261252	228.06412443783688	-228.06412443783688	8.39	76.02137481261184
448	341.43554964985043	256.0766622373876	85.35888741246265	-256.0766622373876	8.389999999999986	8.389999999999986	85.35888741246265	-8.389999999999986	-341.43554964985043	256.0766622373876	76.96888741246266	8.389999999999986	256.0766622373876	-85.35888741246265	256.0766622373876	-256.0766622373876	8.39	85.35888741246231
449	335.198124499551	251.39859337466316	83.79953112488771	-251.39859337466316	8.389999999999986	8.389999999999986	83.79953112488772	-8.389999999999986	-335.198124499551	251.39859337466316	75.40953112488772	8.389999999999986	251.39859337466316	-83.79953112488771	251.39859337466316	-251.39859337466316	8.39	83.79953112488772
450	366.3853500502497	274.7890125376872	91.59633751256239	-274.7890125376872	8.389999999999986	8.389999999999986	91.5963375125624	-8.389999999999986	-366.3853500502497	274.7890125376872	83.2063375125624	8.389999999999986	274.7890125376872	-91.59633751256239	274.7890125376872	-274.7890125376872	8.39	91.5963375125624
451	547.4468757009502	410.58515677571245	136.86171892523754	-410.58515677571245	8.389999999999986	8.389999999999986	136.86171892523748	-8.389999999999986	-547.4468757009502	410.58515677571245	128.4717189252375	8.389999999999986	410.58515677571245	-136.86171892523754	410.58515677571245	-410.58515677571245	8.39	136.86171892523748
452	659.9467256999504	494.96004427496257	164.98668142498752	-494.96004427496257	8.389999999999986	8.389999999999986	164.98668142498752	-8.389999999999986	-659.9467256999504	494.96004427496257	156.59668142498754	8.389999999999986	494.96004427496257	-164.98668142498752	494.96004427496257	-494.96004427496257	8.39	164.98668142498752
453	772.4958753013509	579.371906476013	193.12396882533773	-579.371906476013	8.389999999999986	8.389999999999986	193.12396882533767	-8.389999999999986	-772.4958753013509	579.371906476013	184.73396882533768	8.389999999999986	579.371906476013	-193.12396882533773	579.371906476013	-579.371906476013	8.39	193.12396882533767
454	897.8456741001503	673.3842555751125	224.46141852503757	-673.3842555751125	8.389999999999986	8.389999999999986	224.46141852503752	-8.389999999999986	-897.8456741001503	673.3842555751125	216.07141852503753	8.389999999999986	673.3842555751125	-224.46141852503757	673.3842555751125	-673.3842555751125	8.39	224.46141852503752
455	469.2974260002492	351.9730695001866	117.32435650006221	-351.9730695001867	8.389999999999986	8.389999999999986	117.32435650006221	-8.389999999999986	-469.2974260002492	351.9730695001867	108.93435650006222	8.389999999999986	351.9730695001867	-117.32435650006221	351.9730695001867	-351.9730695001867	8.39	117.32435650006221
456	606.990550250149	455.2429126876116	151.7476375625372	-455.2429126876116	8.389999999999986	8.389999999999986	151.7476375625372	-8.389999999999986	-606.990550250149	455.2429126876116	143.35763756253718	8.389999999999986	455.2429126876116	-151.7476375625372	455.2429126876116	-455.2429126876116	8.39	151.7476375625372
457	744.3398006511502	558.2548504883625	186.08495016278744	-558.2548504883625	8.389999999999986	8.389999999999986	186.08495016278744	-8.389999999999986	-744.3398006511502	558.2548504883625	177.69495016278745	8.389999999999986	558.2548504883625	-186.08495016278744	558.2548504883625	-558.2548504883625	8.39	186.08495016278766
458	869.6895994499492	652.2671995874617	217.42239986248717	-652.2671995874617	8.389999999999986	8.389999999999986	217.42239986248717	-8.389999999999986	-869.6895994499492	652.2671995874617	209.03239986248724	8.389999999999986	652.2671995874617	-217.42239986248717	652.2671995874617	-652.2671995874617	8.39	217.42239986248728
459	516.1783259007494	387.133744425562	129.04458147518733	-387.133744425562	8.389999999999986	8.389999999999986	129.04458147518733	-8.389999999999986	-516.1783259007494	387.133744425562	120.65458147518734	8.389999999999986	387.133744425562	-129.04458147518733	387.133744425562	-387.133744425562	8.39	129.04458147518739
460	634.9907003492516	476.24302526193844	158.7476750873128	-476.24302526193844	8.389999999999986	8.389999999999986	158.7476750873128	-8.389999999999986	-634.9907003492516	476.24302526193844	150.35767508731283	8.389999999999986	476.24302526193844	-158.7476750873128	476.24302526193844	-476.24302526193844	8.39	158.7476750873127
461	644.3406006495496	483.25545048716197	161.08515016238732	-483.25545048716197	8.389999999999986	8.389999999999986	161.08515016238732	-8.389999999999986	-644.3406006495496	483.25545048716197	152.69515016238734	8.389999999999986	483.25545048716197	-161.08515016238732	483.25545048716197	-483.25545048716197	8.39	161.08515016238732
462	822.6896495502514	617.0172371626883	205.67241238756276	-617.0172371626883	8.389999999999986	8.389999999999986	205.67241238756276	-8.389999999999986	-822.6896495502514	617.0172371626883	197.28241238756277	8.389999999999986	617.0172371626883	-205.67241238756276	617.0172371626883	-617.0172371626883	8.39	205.6724123875627
463	291.6355488506503	218.7266616379876	72.90888721266265	-218.7266616379876	8.389999999999986	8.389999999999986	72.90888721266265	-8.389999999999986	-291.6355488506503	218.7266616379876	64.51888721266266	8.389999999999986	218.7266616379876	-72.90888721266265	218.7266616379876	-218.7266616379876	8.39	72.90888721266231
464	403.88510005044935	302.9138250378369	100.97127501261241	-302.9138250378369	8.389999999999986	8.389999999999986	100.97127501261241	-8.389999999999986	-403.88510005044935	302.9138250378369	92.58127501261242	8.389999999999986	302.9138250378369	-100.97127501261241	302.9138250378369	-302.9138250378369	8.39	100.97127501261207
465	459.9475256999502	344.9606442749624	114.98688142498759	-344.9606442749624	8.389999999999986	8.389999999999986	114.98688142498759	-8.389999999999986	-459.9475256999502	344.9606442749624	106.5968814249876	8.389999999999986	344.9606442749624	-114.98688142498759	344.9606442749624	-344.9606442749624	8.39	114.98688142498725
466	603.8843000504497	452.91322503783704	150.97107501261246	-452.91322503783704	8.389999999999986	8.389999999999986	150.97107501261246	-8.389999999999986	-603.8843000504497	452.91322503783704	142.58107501261247	8.389999999999986	452.91322503783704	-150.97107501261246	452.91322503783704	-452.91322503783704	8.39	150.97107501261212
467	666.1841508502497	499.63811313768707	166.54603771256245	-499.63811313768707	8.389999999999986	8.389999999999986	166.54603771256245	-8.389999999999986	-666.1841508502497	499.63811313768707	158.15603771256247	8.389999999999986	499.63811313768707	-166.54603771256245	499.63811313768707	-499.63811313768707	8.39	166.5460377125621
468	360.1479248999502	270.1109436749624	90.03698122498751	-270.1109436749624	8.389999999999986	8.389999999999986	90.03698122498747	-8.389999999999986	-360.1479248999502	270.1109436749624	81.64698122498747	8.389999999999986	270.1109436749624	-90.03698122498751	270.1109436749624	-270.1109436749624	8.39	90.03698122498747
469	497.44727570015027	373.08545677511245	124.36181892503753	-373.08545677511245	8.389999999999986	8.389999999999986	124.36181892503748	-8.389999999999986	-497.44727570015027	373.08545677511245	115.97181892503748	8.389999999999986	373.08545677511245	-124.36181892503753	373.08545677511245	-373.08545677511245	8.39	124.36181892503748
470	232.54777320244796	174.41082990183588	58.13694330061196	-174.41082990183588	8.389999999999986	8.389999999999986	58.13694330061196	-8.389999999999986	-232.54777320244796	174.41082990183588	49.746943300611974	8.389999999999986	174.41082990183588	-58.13694330061196	174.41082990183588	-174.41082990183588	8.39	58.136943300611904
471	973.2966753013515	729.9725064760135	243.32416882533778	-729.9725064760135	8.389999999999986	8.389999999999986	243.32416882533778	-8.389999999999986	-973.2966753013515	729.9725064760135	234.93416882533785	8.389999999999986	729.9725064760135	-243.32416882533778	729.9725064760135	-729.9725064760135	8.39	243.32416882533784
472	669.2966260002488	501.97246950018643	167.32415650006217	-501.97246950018643	8.389999999999986	8.389999999999986	167.32415650006214	-8.389999999999986	-669.2966260002488	501.97246950018643	158.93415650006216	8.389999999999986	501.97246950018643	-167.32415650006217	501.97246950018643	-501.97246950018643	8.39	167.32415650006214
473	741.2335504514506	555.9251628385879	185.3083876128626	-555.9251628385879	8.389999999999986	8.389999999999986	185.3083876128626	-8.389999999999986	-741.2335504514506	555.9251628385879	176.91838761286266	8.389999999999986	555.9251628385879	-185.3083876128626	555.9251628385879	-555.9251628385879	8.39	185.30838761286265
474	522.397076100549	391.7978070754117	130.59926902513723	-391.7978070754117	8.389999999999986	8.389999999999986	130.59926902513723	-8.389999999999986	-522.397076100549	391.7978070754117	122.20926902513725	8.389999999999986	391.7978070754117	-130.59926902513723	391.7978070754117	-391.7978070754117	8.39	130.5992690251371
475	447.4476756993498	335.5857567745121	111.86191892483737	-335.5857567745121	8.389999999999986	8.389999999999986	111.86191892483737	-8.389999999999986	-447.4476756993498	335.5857567745121	103.47191892483738	8.389999999999986	335.5857567745121	-111.86191892483737	335.5857567745121	-335.5857567745121	8.39	111.86191892483733
476	204.6594001496493	153.49455011223688	51.16485003741229	-153.49455011223688	8.389999999999986	8.389999999999986	51.16485003741229	-8.389999999999986	-204.6594001496493	153.49455011223688	42.77485003741231	8.389999999999986	153.49455011223688	-51.16485003741229	153.49455011223688	-153.49455011223688	8.39	51.16485003741219
477	410.0976252999486	307.5732189749614	102.52440632498713	-307.5732189749614	8.389999999999986	8.389999999999986	102.52440632498713	-8.389999999999986	-410.0976252999486	307.5732189749614	94.13440632498714	8.389999999999986	307.5732189749614	-102.52440632498713	307.5732189749614	-307.5732189749614	8.39	102.52440632498711
478	647.4530757995492	485.5898068496617	161.86326894988719	-485.5898068496617	8.389999999999986	8.389999999999986	161.86326894988724	-8.389999999999986	-647.4530757995492	485.5898068496617	153.47326894988726	8.389999999999986	485.5898068496617	-161.86326894988719	485.5898068496617	-485.5898068496617	8.39	161.86326894988724
479	207.76565034934947	155.824237762012	51.941412587337254	-155.824237762012	8.389999999999986	8.389999999999986	51.941412587337254	-8.389999999999986	-207.76565034934947	155.824237762012	43.55141258733727	8.389999999999986	155.824237762012	-51.941412587337254	155.824237762012	-155.824237762012	8.39	51.94141258733748
480	235.654023402147	176.7405175516102	58.913505850536694	-176.7405175516102	8.389999999999986	8.389999999999986	58.913505850536694	-8.389999999999986	-235.654023402147	176.7405175516102	50.52350585053674	8.389999999999986	176.7405175516102	-58.913505850536694	176.7405175516102	-176.7405175516102	8.39	58.91350585053681
481	672.4028761999482	504.30215714996103	168.100719049987	-504.30215714996103	8.389999999999986	8.389999999999986	168.10071904998702	-8.389999999999986	-672.4028761999482	504.30215714996103	159.710719049987	8.389999999999986	504.30215714996103	-168.100719049987	504.30215714996103	-504.30215714996103	8.39	168.100719049987
482	613.203075499649	459.90230662473664	153.30076887491214	-459.90230662473664	8.389999999999986	8.389999999999986	153.30076887491214	-8.389999999999986	-613.203075499649	459.90230662473664	144.91076887491218	8.389999999999986	459.90230662473664	-153.30076887491214	459.90230662473664	-459.90230662473664	8.39	153.30076887491236
483	266.716749050448	200.03756178783578	66.67918726261189	-200.03756178783573	8.389999999999986	8.389999999999986	66.6791872626119	-8.389999999999986	-266.716749050448	200.03756178783573	58.289187262611904	8.389999999999986	200.03756178783573	-66.67918726261189	200.03756178783573	-200.03756178783573	8.39	66.67918726261192
484	347.65427499954933	260.7407062496619	86.9135687498873	-260.7407062496619	8.389999999999986	8.389999999999986	86.9135687498873	-8.389999999999986	-347.65427499954933	260.7407062496619	78.52356874988732	8.389999999999986	260.7407062496619	-86.9135687498873	260.7407062496619	-260.7407062496619	8.39	86.9135687498872
485	307.1917494501488	230.39381208761142	76.79793736253716	-230.39381208761142	8.389999999999986	8.389999999999986	76.79793736253714	-8.389999999999986	-307.1917494501488	230.39381208761142	68.40793736253714	8.389999999999986	230.39381208761142	-76.79793736253716	230.39381208761142	-230.39381208761142	8.39	76.79793736253714
486	610.1030254001482	457.577269050111	152.52575635003703	-457.577269050111	8.389999999999986	8.389999999999986	152.525756350037	-8.389999999999986	-610.1030254001482	457.577269050111	144.135756350037	8.389999999999986	457.577269050111	-152.52575635003703	457.577269050111	-457.577269050111	8.39	152.525756350037
487	747.4522758011492	560.5892068508617	186.86306895028727	-560.5892068508617	8.389999999999986	8.389999999999986	186.86306895028724	-8.389999999999986	-747.4522758011492	560.5892068508617	178.47306895028726	8.389999999999986	560.5892068508617	-186.86306895028727	560.5892068508617	-560.5892068508617	8.39	186.86306895028724
488	269.8167991499482	202.36259936246108	67.45419978748703	-202.36259936246108	8.389999999999986	8.389999999999986	67.45419978748703	-8.389999999999986	-269.8167991499482	202.36259936246108	59.06419978748704	8.389999999999986	202.36259936246108	-67.45419978748703	202.36259936246108	-202.36259936246108	8.39	67.45419978748704
489	622.5032753991496	466.87745654936214	155.62581884978738	-466.87745654936214	8.389999999999986	8.389999999999986	155.62581884978738	-8.389999999999986	-622.5032753991496	466.87745654936214	147.2358188497874	8.389999999999986	466.87745654936214	-155.62581884978738	466.87745654936214	-466.87745654936214	8.39	155.6258188497874
490	213.95337509885087	160.46503132413807	53.48834377471269	-160.46503132413807	8.389999999999986	8.389999999999986	53.48834377471269	-8.389999999999986	-213.95337509885087	160.46503132413807	45.0983437747127	8.389999999999986	160.46503132413807	-53.48834377471269	160.46503132413807	-160.46503132413807	8.39	53.488343774712654
491	316.51674984964836	237.38756238723602	79.12918746241202	-237.38756238723602	8.389999999999986	8.389999999999986	79.129187462412	-8.389999999999986	-316.51674984964836	237.38756238723602	70.739187462412	8.389999999999986	237.38756238723602	-79.12918746241202	237.38756238723602	-237.38756238723602	8.39	79.129187462412
492	419.41640074914835	314.5623005618611	104.85410018728705	-314.5623005618611	8.389999999999986	8.389999999999986	104.85410018728703	-8.389999999999986	-419.41640074914835	314.5623005618611	96.46410018728703	8.389999999999986	314.5623005618611	-104.85410018728705	314.5623005618611	-314.5623005618611	8.39	104.85410018728703
493	244.9665987511479	183.72494906336067	61.24164968778689	-183.72494906336067	8.389999999999986	8.389999999999986	61.24164968778689	-8.389999999999986	-244.9665987511479	183.72494906336067	52.8516496877869	8.389999999999986	183.72494906336067	-61.24164968778689	183.72494906336067	-183.72494906336067	8.39	61.24164968778682
494	241.86654865164712	181.39991148873526	60.466637162911866	-181.39991148873526	8.389999999999986	8.389999999999986	60.466637162911866	-8.389999999999986	-241.86654865164712	181.39991148873526	52.07663716291188	8.389999999999986	181.39991148873526	-60.466637162911866	181.39991148873526	-181.39991148873526	8.39	60.466637162911525
495	319.6167999491487	239.7125999618613	79.90419998728714	-239.71259996186132	8.389999999999986	8.389999999999986	79.90419998728714	-8.389999999999986	-319.6167999491487	239.71259996186132	71.51419998728711	8.389999999999986	239.71259996186132	-79.90419998728714	239.71259996186132	-239.71259996186132	8.39	79.90419998728714
496	372.60407539994833	279.45305654996116	93.15101884998705	-279.45305654996116	8.389999999999986	8.389999999999986	93.15101884998705	-8.389999999999986	-372.60407539994833	279.45305654996116	84.76101884998705	8.389999999999986	279.45305654996116	-93.15101884998705	279.45305654996116	-279.45305654996116	8.39	93.15101884998705
497	472.40367619994856	354.30275714996117	118.10091904998706	-354.30275714996117	8.389999999999986	8.389999999999986	118.10091904998706	-8.389999999999986	-472.40367619994856	354.30275714996117	109.71091904998706	8.389999999999986	354.30275714996117	-118.10091904998706	354.30275714996117	-354.30275714996117	8.39	118.10091904998706
498	872.8020745999486	654.6015559499613	218.20051864998712	-654.6015559499613	8.389999999999986	8.389999999999986	218.2005186499871	-8.389999999999986	-872.8020745999486	654.6015559499613	209.8105186499871	8.389999999999986	654.6015559499613	-218.20051864998712	654.6015559499613	-654.6015559499613	8.39	218.2005186499871
499	416.31635064964826	312.2372629872359	104.07908766241201	-312.2372629872359	8.389999999999986	8.389999999999986	104.07908766241196	-8.389999999999986	-416.31635064964826	312.2372629872359	95.68908766241196	8.389999999999986	312.2372629872359	-104.07908766241201	312.2372629872359	-312.2372629872359	8.39	104.07908766241198
500	260.5042238009479	195.37816785071084	65.12605595023695	-195.37816785071084	8.389999999999986	8.389999999999986	65.12605595023695	-8.389999999999986	-260.5042238009479	195.37816785071084	56.73605595023696	8.389999999999986	195.37816785071084	-65.12605595023695	195.37816785071084	-195.37816785071084	8.39	65.12605595023697
501	297.85427420034887	223.39070565026157	74.46356855008719	-223.39070565026157	8.389999999999986	8.389999999999986	74.46356855008719	-8.389999999999986	-297.85427420034887	223.39070565026157	66.0735685500872	8.389999999999986	223.39070565026157	-74.46356855008719	223.39070565026157	-223.39070565026157	8.39	74.46356855008722
502	210.8595003486497	158.14462526148702	52.71487508716234	-158.14462526148702	8.389999999999986	8.389999999999986	52.71487508716234	-8.389999999999986	-210.8595003486497	158.14462526148702	44.324875087162354	8.389999999999986	158.14462526148702	-52.71487508716234	158.14462526148702	-158.14462526148702	8.39	52.71487508716242
503	217.04722509815224	162.785418823614	54.261806274537996	-162.785418823614	8.389999999999986	8.389999999999986	54.261806274538	-8.389999999999986	-217.04722509815224	162.785418823614	45.871806274538	8.389999999999986	162.785418823614	-54.261806274537996	162.785418823614	-162.785418823614	8.39	54.26180627453802
504	220.13489974815377	165.10117481111516	55.0337249370383	-165.1011748111152	8.389999999999986	8.389999999999986	55.0337249370383	-8.389999999999986	-220.13489974815377	165.1011748111152	46.643724937038485	8.389999999999986	165.1011748111152	-55.0337249370383	165.1011748111152	-165.1011748111152	8.39	55.033724937038414
505	322.71064994845005	242.03298746133737	80.67766248711243	-242.03298746133737	8.389999999999986	8.389999999999986	80.67766248711246	-8.389999999999986	-322.71064994845005	242.03298746133737	72.28766248711246	8.389999999999986	242.03298746133737	-80.67766248711243	242.03298746133737	-242.03298746133737	8.39	80.67766248711246
506	422.51025074845006	316.8826880613374	105.62756268711242	-316.8826880613374	8.389999999999986	8.389999999999986	105.62756268711246	-8.389999999999986	-422.51025074845006	316.8826880613374	97.23756268711246	8.389999999999986	316.8826880613374	-105.62756268711242	316.8826880613374	-316.8826880613374	8.39	105.62756268711246
507	248.06044875044904	186.0453365628366	62.0151121876122	-186.04533656283655	8.389999999999986	8.389999999999986	62.01511218761218	-8.389999999999986	-248.06044875044904	186.04533656283655	53.62511218761218	8.389999999999986	186.04533656283655	-62.0151121876122	186.04533656283655	-186.04533656283655	8.39	62.015112187612175
508	272.9106491492496	204.68298686193702	68.22766228731238	-204.68298686193702	8.389999999999986	8.389999999999986	68.22766228731234	-8.389999999999986	-272.9106491492496	204.68298686193702	59.83766228731234	8.389999999999986	204.68298686193702	-68.22766228731238	204.68298686193702	-204.68298686193702	8.39	68.22766228731234
509	616.2969254989501	462.22269412421235	154.07423137473745	-462.22269412421235	8.389999999999986	8.389999999999986	154.07423137473745	-8.389999999999986	-616.2969254989501	462.22269412421235	145.68423137473746	8.389999999999986	462.22269412421235	-154.07423137473745	462.22269412421235	-462.22269412421235	8.39	154.07423137473748
510	223.21639904885512	167.4122992866411	55.804099762213696	-167.4122992866411	8.389999999999986	8.389999999999986	55.804099762213696	-8.389999999999986	-223.21639904885512	167.4122992866411	47.414099762213695	8.389999999999986	167.4122992866411	-55.804099762213696	167.4122992866411	-167.4122992866411	8.39	55.80409976221371
511	900.1958155776316	675.1468616832236	225.04895389440787	-675.1468616832236	8.389999999999986	8.389999999999986	225.04895389440787	-8.389999999999986	-900.1958155776316	675.1468616832236	216.6589538944079	8.389999999999986	675.1468616832236	-225.04895389440787	675.1468616832236	-675.1468616832236	8.39	225.04895389440782
512	988.1935846765269	741.145188507395	247.04839616913193	-741.145188507395	8.389999999999986	8.389999999999986	247.04839616913193	-8.389999999999986	-988.1935846765269	741.145188507395	238.65839616913195	8.389999999999986	741.145188507395	-247.04839616913193	741.145188507395	-741.145188507395	8.39	247.04839616913114
513	903.3679852790312	677.5259889592733	225.84199631975773	-677.5259889592733	8.389999999999986	8.389999999999986	225.84199631975775	-8.389999999999986	-903.3679852790312	677.5259889592733	217.45199631975777	8.389999999999986	677.5259889592733	-225.84199631975773	677.5259889592733	-677.5259889592733	8.39	225.84199631975775
514	837.5927838757269	628.1945879067949	209.39819596893165	-628.1945879067949	8.389999999999986	8.389999999999986	209.39819596893165	-8.389999999999986	-837.5927838757269	628.1945879067949	201.00819596893166	8.389999999999986	628.1945879067949	-209.39819596893165	628.1945879067949	-628.1945879067949	8.39	209.39819596893165
515	914.4215608781763	685.8161706586321	228.605390219544	-685.8161706586321	8.389999999999986	8.389999999999986	228.605390219544	-8.389999999999986	-914.4215608781763	685.8161706586321	220.21539021954408	8.389999999999986	685.8161706586321	-228.605390219544	685.8161706586321	-685.8161706586321	8.39	228.60539021954406
516	901.7834849286812	676.3376136965107	225.44587123217028	-676.3376136965107	8.389999999999986	8.389999999999986	225.44587123217025	-8.389999999999986	-901.7834849286812	676.3376136965107	217.05587123217026	8.389999999999986	676.3376136965107	-225.44587123217028	676.3376136965107	-676.3376136965107	8.39	225.44587123217025
517	906.5306606290295	679.8979954717719	226.6326651572573	-679.8979954717719	8.389999999999986	8.389999999999986	226.6326651572573	-8.389999999999986	-906.5306606290295	679.8979954717719	218.2426651572573	8.389999999999986	679.8979954717719	-226.6326651572573	679.8979954717719	-679.8979954717719	8.39	226.63266515725732
518	587.3935846765265	440.54518850739464	146.84839616913177	-440.54518850739464	8.389999999999986	8.389999999999986	146.84839616913177	-8.389999999999986	-587.3935846765265	440.54518850739464	138.4583961691318	8.389999999999986	440.54518850739464	-146.84839616913177	440.54518850739464	-440.54518850739464	8.39	146.8483961691311
519	937.9935854773265	703.4951891079949	234.49839636933154	-703.4951891079949	8.389999999999986	8.389999999999986	234.49839636933154	-8.389999999999986	-937.9935854773265	703.4951891079949	226.1083963693316	8.389999999999986	703.4951891079949	-234.49839636933154	703.4951891079949	-703.4951891079949	8.39	234.49839636933166
520	787.392784676527	590.5445885073951	196.8481961691317	-590.5445885073951	8.389999999999986	8.389999999999986	196.8481961691317	-8.389999999999986	-787.392784676527	590.5445885073951	188.45819616913172	8.389999999999986	590.5445885073951	-196.8481961691317	590.5445885073951	-590.5445885073951	8.39	196.84819616913163
521	875.1396652744241	656.3547489558181	218.78491631860595	-656.3547489558181	8.389999999999986	8.389999999999986	218.78491631860595	-8.389999999999986	-875.1396652744241	656.3547489558181	210.394916318606	8.389999999999986	656.3547489558181	-218.78491631860595	656.3547489558181	-656.3547489558181	8.39	218.78491631860607
522	916.0028922278258	687.0021691708693	229.00072305695642	-687.0021691708693	8.389999999999986	8.389999999999986	229.00072305695642	-8.389999999999986	-916.0028922278258	687.0021691708693	220.61072305695637	8.389999999999986	687.0021691708693	-229.00072305695642	687.0021691708693	-687.0021691708693	8.39	229.00072305695653
523	839.1741152253741	629.3805864190305	209.7935288063435	-629.3805864190305	8.389999999999986	8.389999999999986	209.7935288063435	-8.389999999999986	-839.1741152253741	629.3805864190305	201.4035288063435	8.389999999999986	629.3805864190305	-209.7935288063435	629.3805864190305	-629.3805864190305	8.39	209.79352880634355
524	904.9493166286792	678.7119874715091	226.2373291571697	-678.7119874715091	8.389999999999986	8.389999999999986	226.2373291571697	-8.389999999999986	-904.9493166286792	678.7119874715091	217.84732915716972	8.389999999999986	678.7119874715091	-226.2373291571697	678.7119874715091	-678.7119874715091	8.39	226.23732915716965
525	774.8396660760255	581.129749557019	193.70991651900624	-581.129749557019	8.389999999999986	8.389999999999986	193.70991651900624	-8.389999999999986	-774.8396660760255	581.129749557019	185.3199165190063	8.389999999999986	581.129749557019	-193.70991651900624	581.129749557019	-581.129749557019	8.39	193.70991651900636
526	799.9898656748245	599.9923992561183	199.99746641870604	-599.9923992561183	8.389999999999986	8.389999999999986	199.99746641870604	-8.389999999999986	-799.9898656748245	599.9923992561183	191.6074664187061	8.389999999999986	599.9923992561183	-199.99746641870604	599.9923992561183	-599.9923992561183	8.39	199.99746641870615
527	950.590666475625	712.9429998567185	237.6476666189061	-712.9429998567185	8.389999999999986	8.389999999999986	237.6476666189061	-8.389999999999986	-950.590666475625	712.9429998567185	229.25766661890617	8.389999999999986	712.9429998567185	-237.6476666189061	712.9429998567185	-712.9429998567185	8.39	237.64766661890621
528	975.6404660760259	731.7303495570193	243.91011651900635	-731.7303495570193	8.389999999999986	8.389999999999986	243.91011651900635	-8.389999999999986	-975.6404660760259	731.7303495570193	235.52011651900636	8.389999999999986	731.7303495570193	-243.91011651900635	731.7303495570193	-731.7303495570193	8.39	243.91011651900658
529	790.5522910258247	592.9142182693685	197.63807275645615	-592.9142182693685	8.389999999999986	8.389999999999986	197.63807275645615	-8.389999999999986	-790.5522910258247	592.9142182693685	189.24807275645617	8.389999999999986	592.9142182693685	-197.63807275645615	592.9142182693685	-592.9142182693685	8.39	197.63807275645615
530	674.7404668744235	506.05535015581756	168.68511671860585	-506.05535015581756	8.389999999999986	8.389999999999986	168.68511671860585	-8.389999999999986	-674.7404668744235	506.05535015581756	160.29511671860587	8.389999999999986	506.05535015581756	-168.68511671860585	506.05535015581756	-506.05535015581756	8.39	168.68511671860585
531	374.9416660744235	281.2062495558174	93.73541651860603	-281.2062495558174	8.389999999999986	8.389999999999986	93.73541651860603	-8.389999999999986	-374.9416660744235	281.2062495558174	85.34541651860604	8.389999999999986	281.2062495558174	-93.73541651860603	281.2062495558174	-281.2062495558174	8.39	93.73541651860535
532	699.7902664748243	524.8426998561181	174.94756661870622	-524.8426998561181	8.389999999999986	8.389999999999986	174.94756661870622	-8.389999999999986	-699.7902664748243	524.8426998561181	166.55756661870623	8.389999999999986	524.8426998561181	-174.94756661870622	524.8426998561181	-524.8426998561181	8.39	174.94756661870565
533	825.039665275225	618.7797489564186	206.2599163188064	-618.7797489564186	8.389999999999986	8.389999999999986	206.2599163188064	-8.389999999999986	-825.039665275225	618.7797489564186	197.86991631880642	8.389999999999986	618.7797489564186	-206.2599163188064	618.7797489564186	-618.7797489564186	8.39	206.25991631880584
534	788.9741160261755	591.7305870196313	197.24352900654378	-591.7305870196313	8.389999999999986	8.389999999999986	197.24352900654378	-8.389999999999986	-788.9741160261755	591.7305870196313	188.8535290065438	8.389999999999986	591.7305870196313	-197.24352900654378	591.7305870196313	-591.7305870196313	8.39	197.2435290065439
535	749.7867101256251	562.3400325942188	187.44667753140618	-562.3400325942188	8.389999999999986	8.389999999999986	187.44667753140618	-8.389999999999986	-749.7867101256251	562.3400325942188	179.05667753140625	8.389999999999986	562.3400325942188	-187.44667753140618	562.3400325942188	-562.3400325942188	8.39	187.4466775314063
536	919.1497857773257	689.3623393329941	229.7874464443313	-689.3623393329941	8.389999999999986	8.389999999999986	229.7874464443313	-8.389999999999986	-919.1497857773257	689.3623393329941	221.39744644433137	8.389999999999986	689.3623393329941	-229.7874464443313	689.3623393329941	-689.3623393329941	8.39	229.7874464443314
537	549.7906664756242	412.34299985671805	137.44766661890617	-412.34299985671805	8.389999999999986	8.389999999999986	137.44766661890617	-8.389999999999986	-549.7906664756242	412.34299985671805	129.05766661890618	8.389999999999986	412.34299985671805	-137.44766661890617	412.34299985671805	-412.34299985671805	8.39	137.4476666189057
538	843.902340124524	632.9267550933929	210.975585031131	-632.9267550933929	8.389999999999986	8.389999999999986	210.975585031131	-8.389999999999986	-843.902340124524	632.9267550933929	202.585585031131	8.389999999999986	632.9267550933929	-210.975585031131	632.9267550933929	-632.9267550933929	8.39	210.9755850311309
539	909.6901669783276	682.2676252337454	227.42254174458185	-682.2676252337454	8.389999999999986	8.389999999999986	227.42254174458185	-8.389999999999986	-909.6901669783276	682.2676252337454	219.0325417445818	8.389999999999986	682.2676252337454	-227.42254174458185	682.2676252337454	-682.2676252337454	8.39	227.4225417445818
540	941.1530918266243	705.8648188699682	235.288272956656	-705.8648188699682	8.389999999999986	8.389999999999986	235.288272956656	-8.389999999999986	-941.1530918266243	705.8648188699682	226.89827295665611	8.389999999999986	705.8648188699682	-235.288272956656	705.8648188699682	-705.8648188699682	8.39	235.2882729566561
541	524.7408668752234	393.5556501564174	131.18521671880586	-393.5556501564174	8.389999999999986	8.389999999999986	131.1852167188058	-8.389999999999986	-524.7408668752234	393.5556501564174	122.7952167188058	8.389999999999986	393.5556501564174	-131.18521671880586	393.5556501564174	-393.5556501564174	8.39	131.1852167188058
542	840.7522902250241	630.5642176687679	210.18807255625603	-630.5642176687679	8.389999999999986	8.389999999999986	210.18807255625597	-8.389999999999986	-840.7522902250241	630.5642176687679	201.798072556256	8.389999999999986	630.5642176687679	-210.18807255625603	630.5642176687679	-630.5642176687679	8.39	210.18807255625597
543	908.1119919786781	681.0839939840084	227.02799799466942	-681.0839939840084	8.389999999999986	8.389999999999986	227.02799799466948	-8.389999999999986	-908.1119919786781	681.0839939840084	218.6379979946695	8.389999999999986	681.0839939840084	-227.02799799466942	681.0839939840084	-681.0839939840084	8.39	227.02799799466948
544	991.3530910258244	743.5148182693681	247.8382727564561	-743.5148182693681	8.389999999999986	8.389999999999986	247.83827275645604	-8.389999999999986	-991.3530910258244	743.5148182693681	239.44827275645605	8.389999999999986	743.5148182693681	-247.8382727564561	743.5148182693681	-743.5148182693681	8.39	247.83827275645604
545	593.7031409253241	445.27735569399283	148.42578523133102	-445.2773556939929	8.389999999999986	8.389999999999986	148.42578523133096	-8.389999999999986	-593.7031409253241	445.2773556939929	140.03578523133098	8.389999999999986	445.2773556939929	-148.42578523133102	445.2773556939929	-445.2773556939929	8.39	148.42578523133096
546	574.8404660760251	431.1303495570186	143.7101165190062	-431.1303495570186	8.389999999999986	8.389999999999986	143.7101165190062	-8.389999999999986	-574.8404660760251	431.1303495570186	135.3201165190062	8.389999999999986	431.1303495570186	-143.7101165190062	431.1303495570186	-431.1303495570186	8.39	143.7101165190062
547	939.5749168269746	704.6811876202308	234.89372920674361	-704.6811876202308	8.389999999999986	8.389999999999986	234.89372920674361	-8.389999999999986	-939.5749168269746	704.6811876202308	226.50372920674363	8.389999999999986	704.6811876202308	-234.89372920674361	704.6811876202308	-704.6811876202308	8.39	234.89372920674367
548	588.9749160261756	441.73118701963153	147.2437290065438	-441.73118701963153	8.389999999999986	8.389999999999986	147.24372900654384	-8.389999999999986	-588.9749160261756	441.73118701963153	138.85372900654386	8.389999999999986	441.73118701963153	-147.2437290065438	441.73118701963153	-441.73118701963153	8.39	147.24372900654384
549	994.5031409253245	745.8773556939932	248.625785231331	-745.8773556939932	8.389999999999986	8.389999999999986	248.62578523133107	-8.389999999999986	-994.5031409253245	745.8773556939932	240.23578523133108	8.389999999999986	745.8773556939932	-248.625785231331	745.8773556939932	-745.8773556939932	8.39	248.62578523133107
550	474.74126687442333	356.0559501558174	118.6853167186058	-356.0559501558174	8.389999999999986	8.389999999999986	118.6853167186058	-8.389999999999986	-474.74126687442333	356.0559501558174	110.29531671860582	8.389999999999986	356.0559501558174	-118.6853167186058	356.0559501558174	-356.0559501558174	8.39	118.68531671860569
551	590.5530910258245	442.9148182693683	147.6382727564561	-442.9148182693683	8.389999999999986	8.389999999999986	147.6382727564561	-8.389999999999986	-590.5530910258245	442.9148182693683	139.24827275645606	8.389999999999986	442.9148182693683	-147.6382727564561	442.9148182693683	-442.9148182693683	8.39	147.63827275645622
552	925.4404668768256	694.0803501576189	231.3601167192063	-694.0803501576189	8.389999999999986	8.389999999999986	231.3601167192063	-8.389999999999986	-925.4404668768256	694.0803501576189	222.97011671920626	8.389999999999986	694.0803501576189	-231.3601167192063	694.0803501576189	-694.0803501576189	8.39	231.36011671920642
553	944.3031417261242	708.227356294593	236.07578543153102	-708.227356294593	8.389999999999986	8.389999999999986	236.07578543153102	-8.389999999999986	-944.3031417261242	708.227356294593	227.68578543153103	8.389999999999986	708.227356294593	-236.07578543153102	708.227356294593	-708.227356294593	8.39	236.07578543153096
554	989.7749160261754	742.3311870196313	247.44372900654378	-742.3311870196313	8.389999999999986	8.389999999999986	247.44372900654378	-8.389999999999986	-989.7749160261754	742.3311870196313	239.0537290065438	8.389999999999986	742.3311870196313	-247.44372900654378	742.3311870196313	-742.3311870196313	8.39	247.44372900654383
555	793.7023409253242	595.2767556939929	198.42558523133096	-595.2767556939929	8.389999999999986	8.389999999999986	198.42558523133096	-8.389999999999986	-793.7023409253242	595.2767556939929	190.03558523133094	8.389999999999986	595.2767556939929	-198.42558523133096	595.2767556939929	-595.2767556939929	8.39	198.42558523133107
556	912.8402168778263	684.6301626583696	228.21005421945654	-684.6301626583696	8.389999999999986	8.389999999999986	228.21005421945654	-8.389999999999986	-912.8402168778263	684.6301626583696	219.82005421945655	8.389999999999986	684.6301626583696	-228.21005421945654	684.6301626583696	-684.6301626583696	8.39	228.21005421945657
557	876.7146839240728	657.5360129430545	219.17867098101817	-657.5360129430545	8.389999999999986	8.389999999999986	219.17867098101817	-8.389999999999986	-876.7146839240728	657.5360129430545	210.78867098101819	8.389999999999986	657.5360129430545	-219.17867098101817	657.5360129430545	-657.5360129430545	8.39	219.17867098101812
558	917.5779108774749	688.1834331581059	229.39447771936864	-688.1834331581059	8.389999999999986	8.389999999999986	229.39447771936864	-8.389999999999986	-917.5779108774749	688.1834331581059	221.00447771936865	8.389999999999986	688.1834331581059	-229.39447771936864	688.1834331581059	-688.1834331581059	8.39	229.39447771936852
559	776.4146847256742	582.3110135442554	194.10367118141846	-582.3110135442554	8.389999999999986	8.389999999999986	194.10367118141846	-8.389999999999986	-776.4146847256742	582.3110135442554	185.71367118141848	8.389999999999986	582.3110135442554	-194.10367118141846	582.3110135442554	-582.3110135442554	8.39	194.10367118141852
560	801.5648843244732	601.1736632433548	200.39122108111826	-601.1736632433548	8.389999999999986	8.389999999999986	200.39122108111826	-8.389999999999986	-801.5648843244732	601.1736632433548	192.00122108111827	8.389999999999986	601.1736632433548	-200.39122108111826	601.1736632433548	-601.1736632433548	8.39	200.39122108111832
561	952.1656851252736	714.124263843955	238.04142128131832	-714.124263843955	8.389999999999986	8.389999999999986	238.04142128131832	-8.389999999999986	-952.1656851252736	714.124263843955	229.65142128131833	8.389999999999986	714.124263843955	-238.04142128131832	714.124263843955	-714.124263843955	8.39	238.04142128131838
562	378.0885596239243	283.56641971794306	94.52213990598102	-283.56641971794306	8.389999999999986	8.389999999999986	94.52213990598102	-8.389999999999986	-378.0885596239243	283.56641971794306	86.13213990598102	8.389999999999986	283.56641971794306	-94.52213990598102	283.56641971794306	-283.56641971794306	8.39	94.52213990598102
563	751.3648851252736	563.523663843955	187.84122128131833	-563.523663843955	8.389999999999986	8.389999999999986	187.84122128131833	-8.389999999999986	-751.3648851252736	563.523663843955	179.45122128131834	8.389999999999986	563.523663843955	-187.84122128131833	563.523663843955	-563.523663843955	8.39	187.84122128131835
564	792.1273096754738	594.0954822566051	198.03182741886837	-594.0954822566051	8.389999999999986	8.389999999999986	198.03182741886837	-8.389999999999986	-792.1273096754738	594.0954822566051	189.6418274188684	8.389999999999986	594.0954822566051	-198.03182741886837	594.0954822566051	-594.0954822566051	8.39	198.0318274188684
565	762.336659725426	571.7524947940694	190.58416493135667	-571.7524947940694	8.389999999999986	8.389999999999986	190.58416493135667	-8.389999999999986	-762.336659725426	571.7524947940694	182.19416493135668	8.389999999999986	571.7524947940694	-190.58416493135667	571.7524947940694	-571.7524947940694	8.39	190.5841649313561
566	349.9887093240254	262.49153199301895	87.49717733100624	-262.49153199301895	8.389999999999986	8.389999999999986	87.49717733100624	-8.389999999999986	-349.9887093240254	262.49153199301895	79.10717733100627	8.389999999999986	262.49153199301895	-87.49717733100624	262.49153199301895	-262.49153199301895	8.39	87.49717733100647
567	487.28806012422547	365.466045093169	121.82201503105625	-365.466045093169	8.389999999999986	8.389999999999986	121.82201503105625	-8.389999999999986	-487.28806012422547	365.466045093169	113.43201503105628	8.389999999999986	365.466045093169	-121.82201503105625	365.466045093169	-365.466045093169	8.39	121.82201503105648
568	977.2154847256749	732.911613544256	244.30387118141869	-732.911613544256	8.389999999999986	8.389999999999986	244.30387118141869	-8.389999999999986	-977.2154847256749	732.911613544256	235.9138711814187	8.389999999999986	732.911613544256	-244.30387118141869	732.911613544256	-732.911613544256	8.39	244.30387118141869
569	275.23890812442596	206.42918109331936	68.80972703110638	-206.42918109331936	8.389999999999986	8.389999999999986	68.80972703110638	-8.389999999999986	-275.23890812442596	206.42918109331936	60.419727031106405	8.389999999999986	206.42918109331936	-68.80972703110638	206.42918109331936	-206.42918109331936	8.39	68.8097270311066
570	499.7879101248253	374.84093259361896	124.94697753120624	-374.84093259361896	8.389999999999986	8.389999999999986	124.94697753120624	-8.389999999999986	-499.7879101248253	374.84093259361896	116.55697753120629	8.389999999999986	374.84093259361896	-124.94697753120624	374.84093259361896	-374.84093259361896	8.39	124.94697753120636
571	712.3370597246263	534.2527947934697	178.08426493115655	-534.2527947934697	8.389999999999986	8.389999999999986	178.08426493115655	-8.389999999999986	-712.3370597246263	534.2527947934697	169.69426493115657	8.389999999999986	534.2527947934697	-178.08426493115655	534.2527947934697	-534.2527947934697	8.39	178.08426493115647
572	325.0389089236261	243.77918169271936	81.25972723090638	-243.77918169271936	8.389999999999986	8.389999999999986	81.25972723090638	-8.389999999999986	-325.0389089236261	243.77918169271936	72.86972723090643	8.389999999999986	243.77918169271936	-81.25972723090638	243.77918169271936	-243.77918169271936	8.39	81.25972723090649
573	531.0252352747247	398.26892645604346	132.75630881868108	-398.26892645604346	8.389999999999986	8.389999999999986	132.75630881868108	-8.389999999999986	-531.0252352747247	398.26892645604346	124.36630881868113	8.389999999999986	398.26892645604346	-132.75630881868108	398.26892645604346	-398.26892645604346	8.39	132.7563088186812
574	562.3374597254259	421.7530947940694	140.5843649313564	-421.7530947940694	8.389999999999986	8.389999999999986	140.5843649313564	-8.389999999999986	-562.3374597254259	421.7530947940694	132.19436493135646	8.389999999999986	421.7530947940694	-140.5843649313564	421.7530947940694	-421.7530947940694	8.39	140.5843649313565
575	777.9865596255257	583.489919719144	194.49663990638135	-583.489919719144	8.389999999999986	8.389999999999986	194.49663990638135	-8.389999999999986	-777.9865596255257	583.489919719144	186.1066399063813	8.389999999999986	583.489919719144	-194.49663990638135	583.489919719144	-583.489919719144	8.39	194.49663990638146
576	947.4500352756246	710.5875264567184	236.86250881890612	-710.5875264567184	8.389999999999986	8.389999999999986	236.86250881890612	-8.389999999999986	-947.4500352756246	710.5875264567184	228.47250881890608	8.389999999999986	710.5875264567184	-236.86250881890612	710.5875264567184	-710.5875264567184	8.39	236.86250881890624
577	997.6500344748248	748.2375258561184	249.41250861870606	-748.2375258561184	8.389999999999986	8.389999999999986	249.41250861870606	-8.389999999999986	-997.6500344748248	748.2375258561184	241.02250861870613	8.389999999999986	748.2375258561184	-249.41250861870606	748.2375258561184	-748.2375258561184	8.39	249.41250861870617
578	812.5366589246257	609.4024941934692	203.1341647311565	-609.4024941934692	8.389999999999986	8.389999999999986	203.1341647311565	-8.389999999999986	-812.5366589246257	609.4024941934692	194.7441647311565	8.389999999999986	609.4024941934692	-203.1341647311565	609.4024941934692	-609.4024941934692	8.39	203.13416473115626
579	576.415484725675	432.31161354425615	144.10387118141875	-432.31161354425615	8.389999999999986	8.389999999999986	144.10387118141875	-8.389999999999986	-576.415484725675	432.31161354425615	135.71387118141874	8.389999999999986	432.31161354425615	-144.10387118141875	432.31161354425615	-432.31161354425615	8.39	144.10387118141864
580	556.0750348751255	417.056276156344	139.01875871878127	-417.056276156344	8.389999999999986	8.389999999999986	139.01875871878133	-8.389999999999986	-556.0750348751255	417.056276156344	130.62875871878134	8.389999999999986	417.056276156344	-139.01875871878127	417.056276156344	-417.056276156344	8.39	139.01875871878133
581	677.8873604239236	508.41552031794254	169.4718401059809	-508.41552031794254	8.389999999999986	8.389999999999986	169.47184010598085	-8.389999999999986	-677.8873604239236	508.41552031794254	161.08184010598086	8.389999999999986	508.41552031794254	-169.4718401059809	508.41552031794254	-508.41552031794254	8.39	169.47184010598085
582	681.0248352739247	510.7686264554434	170.25620881848107	-510.7686264554434	8.389999999999986	8.389999999999986	170.25620881848113	-8.389999999999986	-681.0248352739247	510.7686264554434	161.86620881848114	8.389999999999986	510.7686264554434	-170.25620881848107	510.7686264554434	-510.7686264554434	8.39	170.25620881848113
583	803.1367592243244	602.3525694182431	200.7841898060811	-602.3525694182431	8.389999999999986	8.389999999999986	200.78418980608103	-8.389999999999986	-803.1367592243244	602.3525694182431	192.39418980608104	8.389999999999986	602.3525694182431	-200.7841898060811	602.3525694182431	-602.3525694182431	8.39	200.78418980608103
584	806.2742340743255	604.7056755557439	201.56855851858126	-604.7056755557439	8.389999999999986	8.389999999999986	201.5685585185813	-8.389999999999986	-806.2742340743255	604.7056755557439	193.17855851858133	8.389999999999986	604.7056755557439	-201.56855851858126	604.7056755557439	-604.7056755557439	8.39	201.5685585185813
585	847.0492336740247	635.2869252555183	211.76230841850605	-635.2869252555183	8.389999999999986	8.389999999999986	211.7623084185061	-8.389999999999986	-847.0492336740247	635.2869252555183	203.37230841850612	8.389999999999986	635.2869252555183	-211.76230841850605	635.2869252555183	-635.2869252555183	8.39	211.7623084185061
586	928.5873604263254	696.4405203197439	232.14684010658135	-696.4405203197439	8.389999999999986	8.389999999999986	232.1468401065813	-8.389999999999986	-928.5873604263254	696.4405203197439	223.7568401065813	8.389999999999986	696.4405203197439	-232.14684010658135	696.4405203197439	-696.4405203197439	8.39	232.1468401065813
587	956.8750348751257	717.6562761563441	239.21875871878132	-717.6562761563441	8.389999999999986	8.389999999999986	239.21875871878137	-8.389999999999986	-956.8750348751257	717.6562761563441	230.8287587187814	8.389999999999986	717.6562761563441	-239.21875871878132	717.6562761563441	-717.6562761563441	8.39	239.21875871878137
588	963.1374597254264	722.3530947940696	240.7843649313565	-722.3530947940696	8.389999999999986	8.389999999999986	240.78436493135655	-8.389999999999986	-963.1374597254264	722.3530947940696	232.39436493135656	8.389999999999986	722.3530947940696	-240.7843649313565	722.3530947940696	-722.3530947940696	8.39	240.78436493135655
589	953.7375600251249	715.3031700188436	238.4343900062812	-715.3031700188436	8.389999999999986	8.389999999999986	238.4343900062812	-8.389999999999986	-953.7375600251249	715.3031700188436	230.04439000628116	8.389999999999986	715.3031700188436	-238.4343900062812	715.3031700188436	-715.3031700188436	8.39	238.43439000628132
590	831.3240336747255	623.493025256044	207.83100841868134	-623.493025256044	8.389999999999986	8.389999999999986	207.83100841868134	-8.389999999999986	-831.3240336747255	623.493025256044	199.44100841868135	8.389999999999986	623.493025256044	-207.83100841868134	623.493025256044	-623.493025256044	8.39	207.8310084186814
591	842.3273088746743	631.7454816560056	210.58182721866854	-631.7454816560056	8.389999999999986	8.389999999999986	210.58182721866854	-8.389999999999986	-842.3273088746743	631.7454816560056	202.19182721866855	8.389999999999986	631.7454816560056	-210.58182721866854	631.7454816560056	-631.7454816560056	8.39	210.58182721866848
592	449.7883101240251	337.3412325930186	112.44707753100624	-337.3412325930186	8.389999999999986	8.389999999999986	112.44707753100622	-8.389999999999986	-449.7883101240251	337.3412325930186	104.05707753100621	8.389999999999986	337.3412325930186	-112.44707753100624	337.3412325930186	-337.3412325930186	8.39	112.44707753100619
593	649.7875101240251	487.34063259301854	162.44687753100618	-487.34063259301854	8.389999999999986	8.389999999999986	162.44687753100618	-8.389999999999986	-649.7875101240251	487.34063259301854	154.05687753100614	8.389999999999986	487.34063259301854	-162.44687753100618	487.34063259301854	-487.34063259301854	8.39	162.4468775310063
594	796.8492344748246	597.6369258561182	199.21230861870606	-597.6369258561182	8.389999999999986	8.389999999999986	199.21230861870606	-8.389999999999986	-796.8492344748246	597.6369258561182	190.82230861870602	8.389999999999986	597.6369258561182	-199.21230861870606	597.6369258561182	-597.6369258561182	8.39	199.21230861870617
595	795.2773595749738	596.4580196812303	198.81933989374363	-596.4580196812303	8.389999999999986	8.389999999999986	198.81933989374363	-8.389999999999986	-795.2773595749738	596.4580196812303	190.42933989374365	8.389999999999986	596.4580196812303	-198.81933989374363	596.4580196812303	-596.4580196812303	8.39	198.81933989374306
596	850.1867085240249	637.6400313930185	212.54667713100628	-637.6400313930185	8.389999999999986	8.389999999999986	212.54667713100628	-8.389999999999986	-850.1867085240249	637.6400313930185	204.1566771310063	8.389999999999986	637.6400313930185	-212.54667713100628	637.6400313930185	-637.6400313930185	8.39	212.54667713100594
597	992.9281096754751	744.696082256606	248.2320274188687	-744.696082256606	8.389999999999986	8.389999999999986	248.2320274188687	-8.389999999999986	-992.9281096754751	744.696082256606	239.8420274188687	8.389999999999986	744.696082256606	-248.2320274188687	744.696082256606	-744.696082256606	8.39	248.2320274188686
598	581.1248344755261	435.8436258566443	145.28120861888146	-435.8436258566443	8.389999999999986	8.389999999999986	145.28120861888146	-8.389999999999986	-581.1248344755261	435.8436258566443	136.89120861888142	8.389999999999986	435.8436258566443	-145.28120861888146	435.8436258566443	-435.8436258566443	8.39	145.2812086188814
599	376.5166847240737	282.3875135430551	94.12917118101835	-282.3875135430551	8.389999999999986	8.389999999999986	94.12917118101836	-8.389999999999986	-376.5166847240737	282.3875135430551	85.73917118101836	8.389999999999986	282.3875135430551	-94.12917118101835	282.3875135430551	-282.3875135430551	8.39	94.12917118101836
600	424.83850972362586	318.62888229271914	106.20962743090638	-318.62888229271914	8.389999999999986	8.389999999999986	106.20962743090638	-8.389999999999986	-424.83850972362586	318.62888229271914	97.81962743090638	8.389999999999986	318.62888229271914	-106.20962743090638	318.62888229271914	-318.62888229271914	8.39	106.20962743090638
601	920.7279607769748	690.545970582731	230.18199019424367	-690.545970582731	8.389999999999986	8.389999999999986	230.18199019424367	-8.389999999999986	-920.7279607769748	690.545970582731	221.79199019424368	8.389999999999986	690.545970582731	-230.18199019424367	690.545970582731	-690.545970582731	8.39	230.18199019424367
602	942.7281104762744	707.0460828572056	235.68202761906858	-707.0460828572056	8.389999999999986	8.389999999999986	235.68202761906855	-8.389999999999986	-942.7281104762744	707.0460828572056	227.29202761906856	8.389999999999986	707.0460828572056	-235.68202761906858	707.0460828572056	-707.0460828572056	8.39	235.68202761906855
603	476.31628552407324	357.23721414305487	119.07907138101825	-357.23721414305487	8.389999999999986	8.389999999999986	119.0790713810183	-8.389999999999986	-476.31628552407324	357.23721414305487	110.6890713810183	8.389999999999986	357.23721414305487	-119.07907138101825	357.23721414305487	-357.23721414305487	8.39	119.07907138101831
604	881.4240336739247	661.0680252554432	220.3560084184811	-661.0680252554432	8.389999999999986	8.389999999999986	220.35600841848108	-8.389999999999986	-881.4240336739247	661.0680252554432	211.96600841848107	8.389999999999986	661.0680252554432	-220.3560084184811	661.0680252554432	-661.0680252554432	8.39	220.35600841848105
605	381.2260344739245	285.9195258554432	95.30650861848108	-285.9195258554432	8.389999999999986	8.389999999999986	95.30650861848108	-8.389999999999986	-381.2260344739245	285.9195258554432	86.91650861848107	8.389999999999986	285.9195258554432	-95.30650861848108	285.9195258554432	-285.9195258554432	8.39	95.30650861848108
606	706.0746348743253	529.5559761557438	176.51865871858126	-529.5559761557438	8.389999999999986	8.389999999999986	176.51865871858126	-8.389999999999986	-706.0746348743253	529.5559761557438	168.12865871858125	8.389999999999986	529.5559761557438	-176.51865871858126	529.5559761557438	-529.5559761557438	8.39	176.51865871858126
607	752.9367600251246	564.7025700188433	188.2341900062811	-564.7025700188433	8.389999999999986	8.389999999999986	188.2341900062811	-8.389999999999986	-752.9367600251246	564.7025700188433	179.84419000628108	8.389999999999986	564.7025700188433	-188.2341900062811	564.7025700188433	-564.7025700188433	8.39	188.2341900062811
608	526.3158855248738	394.7369141436551	131.57897138121837	-394.7369141436551	8.389999999999986	8.389999999999986	131.57897138121837	-8.389999999999986	-526.3158855248738	394.7369141436551	123.18897138121838	8.389999999999986	394.7369141436551	-131.57897138121837	394.7369141436551	-394.7369141436551	8.39	131.57897138121834
609	724.8369097252258	543.6276822939193	181.20922743130643	-543.6276822939193	8.389999999999986	8.389999999999986	181.20922743130643	-8.389999999999986	-724.8369097252258	543.6276822939193	172.81922743130644	8.389999999999986	543.6276822939193	-181.20922743130643	543.6276822939193	-543.6276822939193	8.39	181.2092274313064
610	922.2998356768256	691.724876757619	230.57495891920632	-691.724876757619	8.389999999999986	8.389999999999986	230.57495891920632	-8.389999999999986	-922.2998356768256	691.724876757619	222.18495891920634	8.389999999999986	691.724876757619	-230.57495891920632	691.724876757619	-691.724876757619	8.39	230.57495891920618
611	387.4884593242247	290.6163444931684	96.87211483105636	-290.6163444931684	8.389999999999986	8.389999999999986	96.87211483105636	-8.389999999999986	-387.4884593242247	290.6163444931684	88.48211483105638	8.389999999999986	290.6163444931684	-96.87211483105636	290.6163444931684	-290.6163444931684	8.39	96.87211483105568
612	687.2872601242249	515.4654450931687	171.82181503105642	-515.4654450931687	8.389999999999986	8.389999999999986	171.82181503105642	-8.389999999999986	-687.2872601242249	515.4654450931687	163.43181503105643	8.389999999999986	515.4654450931687	-171.82181503105642	515.4654450931687	-515.4654450931687	8.39	171.82181503105585
613	477.8881604239234	358.4161203179424	119.47204010598084	-358.4161203179424	8.389999999999986	8.389999999999986	119.4720401059808	-8.389999999999986	-477.8881604239234	358.4161203179424	111.0820401059808	8.389999999999986	358.4161203179424	-119.47204010598084	358.4161203179424	-358.4161203179424	8.39	119.4720401059808
614	481.0256352739242	360.7692264554429	120.256408818481	-360.7692264554429	8.389999999999986	8.389999999999986	120.25640881848096	-8.389999999999986	-481.0256352739242	360.7692264554429	111.86640881848096	8.389999999999986	360.7692264554429	-120.256408818481	360.7692264554429	-360.7692264554429	8.39	120.25640881848096
615	527.8877604247239	395.9158203185427	131.9719401061809	-395.9158203185427	8.389999999999986	8.389999999999986	131.9719401061809	-8.389999999999986	-527.8877604247239	395.9158203185427	123.58194010618091	8.389999999999986	395.9158203185427	-131.9719401061809	395.9158203185427	-395.9158203185427	8.39	131.9719401061809
616	577.9873596255255	433.4905197191439	144.4968399063813	-433.4905197191439	8.389999999999986	8.389999999999986	144.4968399063813	-8.389999999999986	-577.9873596255255	433.4905197191439	136.1068399063813	8.389999999999986	433.4905197191439	-144.4968399063813	433.4905197191439	-433.4905197191439	8.39	144.4968399063813
617	595.2781595749741	446.4586196812304	148.81953989374347	-446.4586196812304	8.389999999999986	8.389999999999986	148.81953989374347	-8.389999999999986	-595.2781595749741	446.4586196812304	140.42953989374348	8.389999999999986	446.4586196812304	-148.81953989374347	446.4586196812304	-446.4586196812304	8.39	148.81953989374347
618	596.8500344748244	447.63752585611803	149.212508618706	-447.63752585611803	8.389999999999986	8.389999999999986	149.212508618706	-8.389999999999986	-596.8500344748244	447.63752585611803	140.82250861870602	8.389999999999986	447.63752585611803	-149.212508618706	447.63752585611803	-447.63752585611803	8.39	149.212508618706
619	702.9371600243247	527.2028700182433	175.7342900060811	-527.2028700182433	8.389999999999986	8.389999999999986	175.7342900060811	-8.389999999999986	-702.9371600243247	527.2028700182433	167.3442900060811	8.389999999999986	527.2028700182433	-175.7342900060811	527.2028700182433	-527.2028700182433	8.39	175.7342900060811
620	756.0742348751248	567.0556761563435	189.01855871878115	-567.0556761563435	8.389999999999986	8.389999999999986	189.01855871878115	-8.389999999999986	-756.0742348751248	567.0556761563435	180.62855871878116	8.389999999999986	567.0556761563435	-189.01855871878115	567.0556761563435	-567.0556761563435	8.39	189.01855871878115
621	828.1865588247255	621.1399191185438	207.04663970618128	-621.1399191185438	8.389999999999986	8.389999999999986	207.04663970618128	-8.389999999999986	-828.1865588247255	621.1399191185438	198.6566397061813	8.389999999999986	621.1399191185438	-207.04663970618128	621.1399191185438	-621.1399191185438	8.39	207.04663970618128
622	911.2651856279774	683.4488892209829	227.8162964069943	-683.4488892209829	8.389999999999986	8.389999999999986	227.8162964069943	-8.389999999999986	-911.2651856279774	683.4488892209829	219.4262964069943	8.389999999999986	683.4488892209829	-227.8162964069943	683.4488892209829	-683.4488892209829	8.39	227.8162964069943
623	931.724835276326	698.7936264572444	232.93120881908146	-698.7936264572444	8.389999999999986	8.389999999999986	232.93120881908146	-8.389999999999986	-931.724835276326	698.7936264572444	224.54120881908148	8.389999999999986	698.7936264572444	-232.93120881908146	698.7936264572444	-698.7936264572444	8.39	232.93120881908146
624	978.7873596255255	734.090519719144	244.69683990638134	-734.090519719144	8.389999999999986	8.389999999999986	244.69683990638134	-8.389999999999986	-978.7873596255255	734.090519719144	236.30683990638136	8.389999999999986	734.090519719144	-244.69683990638134	734.090519719144	-734.090519719144	8.39	244.69683990638134
625	996.0781595749743	747.0586196812305	249.0195398937435	-747.0586196812305	8.389999999999986	8.389999999999986	249.0195398937435	-8.389999999999986	-996.0781595749743	747.0586196812305	240.62953989374353	8.389999999999986	747.0586196812305	-249.0195398937435	747.0586196812305	-747.0586196812305	8.39	249.0195398937435
626	983.4904344256764	737.6178258192571	245.87260860641902	-737.6178258192571	8.389999999999986	8.389999999999986	245.87260860641902	-8.389999999999986	-983.4904344256764	737.6178258192571	237.48260860641903	8.389999999999986	737.6178258192571	-245.87260860641902	737.6178258192571	-737.6178258192571	8.39	245.87260860641902
627	554.5031599752751	415.87736998145624	138.62578999381867	-415.87736998145624	8.389999999999986	8.389999999999986	138.62578999381867	-8.389999999999986	-554.5031599752751	415.87736998145624	130.23578999381868	8.389999999999986	415.87736998145624	-138.62578999381867	415.87736998145624	-415.87736998145624	8.39	138.6257899938189
628	626.4033096737762	469.80248225533205	156.60082741844394	-469.80248225533205	8.389999999999986	8.389999999999986	156.60082741844394	-8.389999999999986	-626.4033096737762	469.80248225533205	148.21082741844396	8.389999999999986	469.80248225533205	-156.60082741844394	469.80248225533205	-469.80248225533205	8.39	156.60082741844417
629	676.3154855240736	507.2366141430549	169.0788713810183	-507.2366141430549	8.389999999999986	8.389999999999986	169.0788713810183	-8.389999999999986	-676.3154855240736	507.2366141430549	160.68887138101832	8.389999999999986	507.2366141430549	-169.0788713810183	507.2366141430549	-507.2366141430549	8.39	169.0788713810182
630	701.3652851244747	526.0239638433559	175.34132128111855	-526.0239638433559	8.389999999999986	8.389999999999986	175.34132128111855	-8.389999999999986	-701.3652851244747	526.0239638433559	166.95132128111857	8.389999999999986	526.0239638433559	-175.34132128111855	526.0239638433559	-526.0239638433559	8.39	175.34132128111878
631	782.6896344256764	587.0172258192571	195.67240860641903	-587.0172258192571	8.389999999999986	8.389999999999986	195.67240860641903	-8.389999999999986	-782.6896344256764	587.0172258192571	187.28240860641904	8.389999999999986	587.0172258192571	-195.67240860641903	587.0172258192571	-587.0172258192571	8.39	195.6724086064189
632	826.6146839248754	619.9610129436564	206.65367098121874	-619.9610129436564	8.389999999999986	8.389999999999986	206.65367098121874	-8.389999999999986	-826.6146839248754	619.9610129436564	198.26367098121875	8.389999999999986	619.9610129436564	-206.65367098121874	619.9610129436564	-619.9610129436564	8.39	206.65367098121897
633	845.4773587741743	634.1080190806306	211.36933969354345	-634.1080190806306	8.389999999999986	8.389999999999986	211.36933969354345	-8.389999999999986	-845.4773587741743	634.1080190806306	202.97933969354347	8.389999999999986	634.1080190806306	-211.36933969354345	634.1080190806306	-634.1080190806306	8.39	211.36933969354368
634	537.2876601250242	402.9657450937681	134.32191503125603	-402.9657450937681	8.389999999999986	8.389999999999986	134.32191503125603	-8.389999999999986	-537.2876601250242	402.9657450937681	125.93191503125604	8.389999999999986	402.9657450937681	-134.32191503125603	402.9657450937681	-402.9657450937681	8.39	134.32191503125614
635	551.3656851252744	413.5242638439555	137.8414212813185	-413.5242638439555	8.389999999999986	8.389999999999986	137.8414212813185	-8.389999999999986	-551.3656851252744	413.5242638439555	129.45142128131852	8.389999999999986	413.5242638439555	-137.8414212813185	413.5242638439555	-413.5242638439555	8.39	137.8414212813185
636	592.1281096754743	444.09608225660565	148.03202741886855	-444.09608225660565	8.389999999999986	8.389999999999986	148.03202741886855	-8.389999999999986	-592.1281096754743	444.09608225660565	139.64202741886857	8.389999999999986	444.09608225660565	-148.03202741886855	444.09608225660565	-444.09608225660565	8.39	148.0320274188686
637	879.8521587740742	659.8891190805554	219.96303969351845	-659.8891190805554	8.389999999999986	8.389999999999986	219.96303969351845	-8.389999999999986	-879.8521587740742	659.8891190805554	211.57303969351847	8.389999999999986	659.8891190805554	-219.96303969351845	659.8891190805554	-659.8891190805554	8.39	219.96303969351857
638	887.6864585242243	665.7648438931682	221.92161463105606	-665.7648438931682	8.389999999999986	8.389999999999986	221.92161463105606	-8.389999999999986	-887.6864585242243	665.7648438931682	213.53161463105607	8.389999999999986	665.7648438931682	-221.92161463105606	665.7648438931682	-665.7648438931682	8.39	221.92161463105612
639	927.0154855264753	695.2616141448563	231.75387138161875	-695.2616141448563	8.389999999999986	8.389999999999986	231.75387138161875	-8.389999999999986	-927.0154855264753	695.2616141448563	223.36387138161876	8.389999999999986	695.2616141448563	-231.75387138161875	695.2616141448563	-695.2616141448563	8.39	231.75387138161875
640	945.8781603757742	709.4086202818304	236.46954009394346	-709.4086202818304	8.389999999999986	8.389999999999986	236.46954009394346	-8.389999999999986	-945.8781603757742	709.4086202818304	228.07954009394348	8.389999999999986	709.4086202818304	-236.46954009394346	709.4086202818304	-709.4086202818304	8.39	236.46954009394346
641	379.6572907739736	284.74296808047995	94.91432269349332	-284.74296808047995	8.389999999999986	8.389999999999986	94.91432269349332	-8.389999999999986	-379.6572907739736	284.74296808047995	86.52432269349333	8.389999999999986	284.74296808047995	-94.91432269349332	284.74296808047995	-284.74296808047995	8.39	94.91432269349332
642	393.74774042472643	295.31080531854457	98.43693510618152	-295.31080531854457	8.389999999999986	8.389999999999986	98.43693510618152	-8.389999999999986	-393.74774042472643	295.31080531854457	90.04693510618154	8.389999999999986	295.31080531854457	-98.43693510618152	295.31080531854457	-295.31080531854457	8.39	98.43693510618164
643	501.35664127487473	376.01748095615596	125.33916031871865	-376.01748095615596	8.389999999999986	8.389999999999986	125.33916031871865	-8.389999999999986	-501.35664127487473	376.01748095615596	116.94916031871867	8.389999999999986	376.01748095615596	-125.33916031871865	376.01748095615596	-376.01748095615596	8.39	125.3391603187187
644	353.1230404242265	264.84228031816974	88.2807601060565	-264.84228031816974	8.389999999999986	8.389999999999986	88.2807601060565	-8.389999999999986	-353.1230404242265	264.84228031816974	79.89076010605655	8.389999999999986	264.84228031816974	-88.2807601060565	264.84228031816974	-264.84228031816974	8.39	88.28076010605673
645	490.4223912244265	367.8167934183198	122.60559780610652	-367.8167934183198	8.389999999999986	8.389999999999986	122.60559780610652	-8.389999999999986	-490.4223912244265	367.8167934183198	114.21559780610656	8.389999999999986	367.8167934183198	-122.60559780610652	367.8167934183198	-367.8167934183198	8.39	122.60559780610674
646	488.85679127427545	366.64259345570633	122.21419781856878	-366.64259345570633	8.389999999999986	8.389999999999986	122.21419781856878	-8.389999999999986	-488.85679127427545	366.64259345570633	113.82419781856879	8.389999999999986	366.64259345570633	-122.21419781856878	366.64259345570633	-366.64259345570633	8.39	122.21419781856869
647	506.0471912253263	379.53539341899454	126.51179780633154	-379.53539341899454	8.389999999999986	8.389999999999986	126.51179780633151	-8.389999999999986	-506.0471912253263	379.53539341899454	118.12179780633151	8.389999999999986	379.53539341899454	-126.51179780633154	379.53539341899454	-379.53539341899454	8.39	126.51179780633151
648	853.3210396242265	639.9907797181696	213.33025990605657	-639.9907797181696	8.389999999999986	8.389999999999986	213.33025990605654	-8.389999999999986	-853.3210396242265	639.9907797181696	204.94025990605655	8.389999999999986	639.9907797181696	-213.33025990605657	639.9907797181696	-639.9907797181696	8.39	213.33025990605654
649	351.5574404740754	263.6680803555563	87.88936011851877	-263.6680803555563	8.389999999999986	8.389999999999986	87.88936011851877	-8.389999999999986	-351.5574404740754	263.6680803555563	79.49936011851878	8.389999999999986	263.6680803555563	-87.88936011851877	263.6680803555563	-263.6680803555563	8.39	87.88936011851868
650	557.6437660251758	418.23282451888156	139.41094150629385	-418.23282451888156	8.389999999999986	8.389999999999986	139.41094150629385	-8.389999999999986	-557.6437660251758	418.23282451888156	131.02094150629387	8.389999999999986	418.23282451888156	-139.41094150629385	418.23282451888156	-418.23282451888156	8.39	139.41094150629377
651	563.9061908754755	422.9296431566064	140.9765477188688	-422.9296431566064	8.389999999999986	8.389999999999986	140.9765477188688	-8.389999999999986	-563.9061908754755	422.9296431566064	132.58654771886881	8.389999999999986	422.9296431566064	-140.9765477188688	422.9296431566064	-422.9296431566064	8.39	140.97654771886883
652	651.3562412740745	488.5171809555558	162.8390603185186	-488.5171809555558	8.389999999999986	8.389999999999986	162.8390603185186	-8.389999999999986	-651.3562412740745	488.5171809555558	154.4490603185186	8.389999999999986	488.5171809555558	-162.8390603185186	488.5171809555558	-488.5171809555558	8.39	162.83906031851862
653	807.8429652243757	605.8822239182815	201.96074130609384	-605.8822239182815	8.389999999999986	8.389999999999986	201.96074130609384	-8.389999999999986	-807.8429652243757	605.8822239182815	193.57074130609385	8.389999999999986	605.8822239182815	-201.96074130609384	605.8822239182815	-605.8822239182815	8.39	201.96074130609375
654	958.4437660251757	718.8328245188817	239.6109415062939	-718.8328245188817	8.389999999999986	8.389999999999986	239.6109415062939	-8.389999999999986	-958.4437660251757	718.8328245188817	231.2209415062939	8.389999999999986	718.8328245188817	-239.6109415062939	718.8328245188817	-718.8328245188817	8.39	239.6109415062938
655	964.7061908754766	723.5296431566072	241.17654771886907	-723.5296431566072	8.389999999999986	8.389999999999986	241.17654771886907	-8.389999999999986	-964.7061908754766	723.5296431566072	232.7865477188691	8.389999999999986	723.5296431566072	-241.17654771886907	723.5296431566072	-723.5296431566072	8.39	241.176547718869
656	276.8076392744757	207.6057294558567	69.2019098186189	-207.6057294558567	8.389999999999986	8.389999999999986	69.2019098186189	-8.389999999999986	-276.8076392744757	207.6057294558567	60.811909818618915	8.389999999999986	207.6057294558567	-69.2019098186189	207.6057294558567	-207.6057294558567	8.39	69.2019098186188
657	326.6076400736764	244.95573005525705	81.65191001841902	-244.95573005525705	8.389999999999986	8.389999999999986	81.65191001841902	-8.389999999999986	-326.6076400736764	244.95573005525705	73.26191001841903	8.389999999999986	244.95573005525705	-81.65191001841902	244.95573005525705	-244.95573005525705	8.39	81.6519100184189
658	682.593566423975	511.94517481798096	170.64839160599365	-511.94517481798096	8.389999999999986	8.389999999999986	170.64839160599365	-8.389999999999986	-682.593566423975	511.94517481798096	162.25839160599367	8.389999999999986	511.94517481798096	-170.64839160599365	511.94517481798096	-511.94517481798096	8.39	170.6483916059936
659	250.38556397582545	187.789172981869	62.596390993956334	-187.789172981869	8.389999999999986	8.389999999999986	62.596390993956334	-8.389999999999986	-250.38556397582545	187.789172981869	54.2063909939563	8.389999999999986	187.789172981869	-62.596390993956334	187.789172981869	-187.789172981869	8.39	62.59639099395645
660	337.5356151744264	253.15171138081962	84.38390379360646	-253.15171138081962	8.389999999999986	8.389999999999986	84.38390379360646	-8.389999999999986	-337.5356151744264	253.15171138081962	75.99390379360653	8.389999999999986	253.15171138081962	-84.38390379360646	253.15171138081962	-253.15171138081962	8.39	84.38390379360658
661	878.2834150741248	658.7125613055935	219.57085376853115	-658.7125613055935	8.389999999999986	8.389999999999986	219.57085376853115	-8.389999999999986	-878.2834150741248	658.7125613055935	211.18085376853114	8.389999999999986	658.7125613055935	-219.57085376853115	658.7125613055935	-658.7125613055935	8.39	219.57085376853115
662	437.33521597442655	328.00141198081974	109.33380399360658	-328.00141198081974	8.389999999999986	8.389999999999986	109.33380399360658	-8.389999999999986	-437.33521597442655	328.00141198081974	100.94380399360656	8.389999999999986	328.00141198081974	-109.33380399360658	328.00141198081974	-328.00141198081974	8.39	109.33380399360658
663	225.53536357702455	169.15152268276825	56.38384089425608	-169.15152268276825	8.389999999999986	8.389999999999986	56.38384089425608	-8.389999999999986	-225.53536357702455	169.15152268276825	47.99384089425607	8.389999999999986	169.15152268276825	-56.38384089425608	169.15152268276825	-169.15152268276825	8.39	56.38384089425608
664	693.5465412247264	520.1599059185447	173.38663530618155	-520.1599059185447	8.389999999999986	8.389999999999986	173.38663530618157	-8.389999999999986	-693.5465412247264	520.1599059185447	164.9966353061816	8.389999999999986	520.1599059185447	-173.38663530618155	520.1599059185447	-520.1599059185447	8.39	173.38663530618157
665	815.6709900248272	611.7532425186203	203.91774750620672	-611.7532425186203	8.389999999999986	8.389999999999986	203.91774750620675	-8.389999999999986	-815.6709900248272	611.7532425186203	195.52774750620677	8.389999999999986	611.7532425186203	-203.91774750620672	611.7532425186203	-611.7532425186203	8.39	203.91774750620675
666	818.7959400251272	614.0969550188453	204.69898500628173	-614.0969550188453	8.389999999999986	8.389999999999986	204.69898500628176	-8.389999999999986	-818.7959400251272	614.0969550188453	196.30898500628177	8.389999999999986	614.0969550188453	-204.69898500628173	614.0969550188453	-614.0969550188453	8.39	204.69898500628176
667	966.2717908256275	724.7038431192204	241.56794770640678	-724.7038431192204	8.389999999999986	8.389999999999986	241.5679477064068	-8.389999999999986	-966.2717908256275	724.7038431192204	233.17794770640683	8.389999999999986	724.7038431192204	-241.56794770640678	724.7038431192204	-724.7038431192204	8.39	241.5679477064068
668	532.5939664247741	399.44547481858046	133.1484916061935	-399.44547481858046	8.389999999999986	8.389999999999986	133.1484916061935	-8.389999999999986	-532.5939664247741	399.44547481858046	124.7584916061935	8.389999999999986	399.44547481858046	-133.1484916061935	399.44547481858046	-399.44547481858046	8.39	133.14849160619357
669	540.4219912252264	405.31649341891955	135.10549780630652	-405.31649341891955	8.389999999999986	8.389999999999986	135.10549780630652	-8.389999999999986	-540.4219912252264	405.31649341891955	126.71549780630653	8.389999999999986	405.31649341891955	-135.10549780630652	405.31649341891955	-405.31649341891955	8.39	135.1054978063065
670	781.1208907257266	585.8406680442948	195.2802226814316	-585.8406680442948	8.389999999999986	8.389999999999986	195.2802226814316	-8.389999999999986	-781.1208907257266	585.8406680442948	186.89022268143162	8.389999999999986	585.8406680442948	-195.2802226814316	585.8406680442948	-585.8406680442948	8.39	195.28022268143158
671	362.48541557482554	271.864061681119	90.62135389370644	-271.864061681119	8.389999999999986	8.389999999999986	90.62135389370644	-8.389999999999986	-362.48541557482554	271.864061681119	82.23135389370645	8.389999999999986	271.864061681119	-90.62135389370644	271.864061681119	-271.864061681119	8.39	90.6213538937061
672	462.28501637482555	346.713762281119	115.57125409370656	-346.713762281119	8.389999999999986	8.389999999999986	115.57125409370656	-8.389999999999986	-462.28501637482555	346.713762281119	107.18125409370657	8.389999999999986	346.713762281119	-115.57125409370656	346.713762281119	-346.713762281119	8.39	115.57125409370587
673	479.4568915739743	359.59266868048053	119.86422289349355	-359.59266868048053	8.389999999999986	8.389999999999986	119.86422289349355	-8.389999999999986	-479.4568915739743	359.59266868048053	111.47422289349352	8.389999999999986	359.59266868048053	-119.86422289349355	359.59266868048053	-359.59266868048053	8.39	119.86422289349355
674	923.8685668268756	692.9014251201565	230.9671417067189	-692.9014251201565	8.389999999999986	8.389999999999986	230.96714170671885	-8.389999999999986	-923.8685668268756	692.9014251201565	222.57714170671886	8.389999999999986	692.9014251201565	-230.9671417067189	692.9014251201565	-692.9014251201565	8.39	230.96714170671885
675	331.29819002412705	248.47364251809518	82.82454750603165	-248.47364251809518	8.389999999999986	8.389999999999986	82.82454750603165	-8.389999999999986	-331.29819002412705	248.47364251809518	74.43454750603166	8.389999999999986	248.47364251809518	-82.82454750603165	248.47364251809518	-248.47364251809518	8.39	82.82454750603188
676	709.2089659745266	531.9067244808948	177.30224149363153	-531.9067244808948	8.389999999999986	8.389999999999986	177.30224149363153	-8.389999999999986	-709.2089659745266	531.9067244808948	168.91224149363154	8.389999999999986	531.9067244808948	-177.30224149363153	531.9067244808948	-531.9067244808948	8.39	177.30224149363175
677	382.79476562397474	287.0960742179808	95.6986914059936	-287.0960742179808	8.389999999999986	8.389999999999986	95.6986914059936	-8.389999999999986	-382.79476562397474	287.0960742179808	87.30869140599361	8.389999999999986	287.0960742179808	-95.6986914059936	287.0960742179808	-287.0960742179808	8.39	95.69869140599366
678	690.4215912244259	517.8161934183194	172.60539780610645	-517.8161934183194	8.389999999999986	8.389999999999986	172.60539780610645	-8.389999999999986	-690.4215912244259	517.8161934183194	164.21539780610647	8.389999999999986	517.8161934183194	-172.60539780610645	517.8161934183194	-517.8161934183194	8.39	172.60539780610645
679	718.596340825127	538.9472556188451	179.6490852062817	-538.9472556188451	8.389999999999986	8.389999999999986	179.6490852062817	-8.389999999999986	-718.596340825127	538.9472556188451	171.25908520628172	8.389999999999986	538.9472556188451	-179.6490852062817	538.9472556188451	-538.9472556188451	8.39	179.6490852062817
680	981.9216907257268	736.4412680442948	245.4804226814316	-736.4412680442948	8.389999999999986	8.389999999999986	245.4804226814316	-8.389999999999986	-981.9216907257268	736.4412680442948	237.09042268143162	8.389999999999986	736.4412680442948	-245.4804226814316	736.4412680442948	-736.4412680442948	8.39	245.4804226814316
681	300.1855647750251	225.13917358126866	75.04639119375634	-225.13917358126866	8.389999999999986	8.389999999999986	75.04639119375634	-8.389999999999986	-300.1855647750251	225.13917358126866	66.65639119375635	8.389999999999986	225.13917358126866	-75.04639119375634	225.13917358126866	-225.13917358126866	8.39	75.046391193756
682	624.8345659738259	468.62592448036924	156.20864149345653	-468.62592448036924	8.389999999999986	8.389999999999986	156.20864149345653	-8.389999999999986	-624.8345659738259	468.62592448036924	147.81864149345654	8.389999999999986	468.62592448036924	-156.20864149345653	468.62592448036924	-468.62592448036924	8.39	156.20864149345618
683	726.4056408752762	544.8042306564569	181.60141021881918	-544.8042306564569	8.389999999999986	8.389999999999986	181.60141021881918	-8.389999999999986	-726.4056408752762	544.8042306564569	173.2114102188192	8.389999999999986	544.8042306564569	-181.60141021881918	544.8042306564569	-544.8042306564569	8.39	181.6014102188185
684	399.9851655750251	299.98887418126867	99.99629139375645	-299.98887418126867	8.389999999999986	8.389999999999986	99.99629139375645	-8.389999999999986	-399.9851655750251	299.98887418126867	91.60629139375646	8.389999999999986	299.98887418126867	-99.99629139375645	299.98887418126867	-299.98887418126867	8.39	99.99629139375577
685	851.7554396740758	638.8165797555566	212.93885991851892	-638.8165797555566	8.389999999999986	8.389999999999986	212.93885991851892	-8.389999999999986	-851.7554396740758	638.8165797555566	204.5488599185189	8.389999999999986	638.8165797555566	-212.93885991851892	638.8165797555566	-638.8165797555566	8.39	212.93885991851892
686	893.9426084248258	670.4569563186193	223.48565210620643	-670.4569563186193	8.389999999999986	8.389999999999986	223.48565210620643	-8.389999999999986	-893.9426084248258	670.4569563186193	215.09565210620644	8.389999999999986	670.4569563186193	-223.48565210620643	670.4569563186193	-670.4569563186193	8.39	223.4856521062064
687	456.0444600246258	342.03334501846916	114.01111500615639	-342.03334501846916	8.389999999999986	8.389999999999986	114.01111500615639	-8.389999999999986	-456.0444600246258	342.03334501846916	105.62111500615637	8.389999999999986	342.03334501846916	-114.01111500615639	342.03334501846916	-342.03334501846916	8.39	114.01111500615639
688	484.15683517422497	363.11762638066864	121.03920879355621	-363.11762638066864	8.389999999999986	8.389999999999986	121.03920879355621	-8.389999999999986	-484.15683517422497	363.11762638066864	112.6492087935562	8.389999999999986	363.11762638066864	-121.03920879355621	363.11762638066864	-363.11762638066864	8.39	121.03920879355633
689	281.49818922492636	211.1236419186947	70.37454730623153	-211.12364191869472	8.389999999999986	8.389999999999986	70.37454730623153	-8.389999999999986	-281.49818922492636	211.12364191869472	61.98454730623158	8.389999999999986	211.12364191869472	-70.37454730623153	211.12364191869472	-211.12364191869472	8.39	70.37454730623165
690	482.59436642397486	361.9457748179809	120.64859160599372	-361.9457748179809	8.389999999999986	8.389999999999986	120.64859160599372	-8.389999999999986	-482.59436642397486	361.9457748179809	112.25859160599362	8.389999999999986	361.9457748179809	-120.64859160599372	361.9457748179809	-361.9457748179809	8.39	120.6485916059936
691	538.8563912750757	404.14229345630645	134.7140978187689	-404.14229345630645	8.389999999999986	8.389999999999986	134.7140978187689	-8.389999999999986	-538.8563912750757	404.14229345630645	126.32409781876879	8.389999999999986	404.14229345630645	-134.7140978187689	404.14229345630645	-404.14229345630645	8.39	134.71409781876878
692	552.9344162753249	414.70081220649354	138.23360406883114	-414.70081220649354	8.389999999999986	8.389999999999986	138.23360406883114	-8.389999999999986	-552.9344162753249	414.70081220649354	129.8436040688312	8.389999999999986	414.70081220649354	-138.23360406883114	414.70081220649354	-414.70081220649354	8.39	138.2336040688312
693	559.2093659753264	419.40702448149455	139.8023414938316	-419.40702448149455	8.389999999999986	8.389999999999986	139.8023414938316	-8.389999999999986	-559.2093659753264	419.40702448149455	131.4123414938315	8.389999999999986	419.40702448149455	-139.8023414938316	419.40702448149455	-419.40702448149455	8.39	139.80234149383148
694	568.5967408259265	426.44755561944476	142.14918520648155	-426.44755561944476	8.389999999999986	8.389999999999986	142.14918520648155	-8.389999999999986	-568.5967408259265	426.44755561944476	133.75918520648162	8.389999999999986	426.44755561944476	-142.14918520648155	426.44755561944476	-426.44755561944476	8.39	142.1491852064816
695	713.9057908746765	535.4293431560073	178.47644771866908	-535.4293431560073	8.389999999999986	8.389999999999986	178.47644771866908	-8.389999999999986	-713.9057908746765	535.4293431560073	170.08644771866915	8.389999999999986	535.4293431560073	-178.47644771866908	535.4293431560073	-535.4293431560073	8.39	178.47644771866914
696	731.0961908257268	548.3221431192949	182.7740477064317	-548.3221431192949	8.389999999999986	8.389999999999986	182.7740477064317	-8.389999999999986	-731.0961908257268	548.3221431192949	174.3840477064316	8.389999999999986	548.3221431192949	-182.7740477064317	548.3221431192949	-548.3221431192949	8.39	182.7740477064316
697	757.6429660251757	568.2322245188815	189.4107415062939	-568.2322245188815	8.389999999999986	8.389999999999986	189.4107415062939	-8.389999999999986	-757.6429660251757	568.2322245188815	181.0207415062938	8.389999999999986	568.2322245188815	-189.4107415062939	568.2322245188815	-568.2322245188815	8.39	189.4107415062938
698	759.2085659753262	569.4064244814944	189.80214149383153	-569.4064244814944	8.389999999999986	8.389999999999986	189.80214149383153	-8.389999999999986	-759.2085659753262	569.4064244814944	181.41214149383143	8.389999999999986	569.4064244814944	-189.80214149383153	569.4064244814944	-569.4064244814944	8.39	189.8021414938314
699	278.37323922462645	208.77992941846958	69.59330980615655	-208.77992941846958	8.389999999999986	8.389999999999986	69.59330980615653	-8.389999999999986	-278.37323922462645	208.77992941846958	61.203309806156525	8.389999999999986	208.77992941846958	-69.59330980615655	208.77992941846958	-208.77992941846958	8.39	69.59330980615653
700	356.2479904245258	267.1859928183942	89.06199760613143	-267.1859928183942	8.389999999999986	8.389999999999986	89.0619976061314	-8.389999999999986	-356.2479904245258	267.1859928183942	80.6719976061314	8.389999999999986	267.1859928183942	-89.06199760613143	267.1859928183942	-267.1859928183942	8.39	89.0619976061314
701	493.54734122472587	370.16050591854423	123.38683530618144	-370.16050591854423	8.389999999999986	8.389999999999986	123.38683530618141	-8.389999999999986	-493.54734122472587	370.16050591854423	114.99683530618141	8.389999999999986	370.16050591854423	-123.38683530618144	370.16050591854423	-370.16050591854423	8.39	123.38683530618141
702	502.9222412250258	377.1916809187692	125.73056030625642	-377.1916809187692	8.389999999999986	8.389999999999986	125.7305603062564	-8.389999999999986	-502.9222412250258	377.1916809187692	117.34056030625639	8.389999999999986	377.1916809187692	-125.73056030625642	377.1916809187692	-377.1916809187692	8.39	125.7305603062564
703	543.546941225526	407.66020591914423	135.88673530638144	-407.66020591914423	8.389999999999986	8.389999999999986	135.8867353063814	-8.389999999999986	-543.546941225526	407.66020591914423	127.49673530638141	8.389999999999986	407.66020591914423	-135.88673530638144	407.66020591914423	-407.66020591914423	8.39	135.8867353063814
704	565.4717908256264	424.1038431192196	141.36794770640657	-424.1038431192196	8.389999999999986	8.389999999999986	141.36794770640654	-8.389999999999986	-565.4717908256264	424.1038431192196	132.97794770640655	8.389999999999986	424.1038431192196	-141.36794770640657	424.1038431192196	-424.1038431192196	8.39	141.36794770640654
705	627.9720408238265	470.97903061786974	156.9930102059566	-470.97903061786974	8.389999999999986	8.389999999999986	156.99301020595658	-8.389999999999986	-627.9720408238265	470.97903061786974	148.6030102059566	8.389999999999986	470.97903061786974	-156.9930102059566	470.97903061786974	-470.97903061786974	8.39	156.99301020595658
706	684.1591663741254	513.1193747805938	171.0397915935313	-513.1193747805938	8.389999999999986	8.389999999999986	171.03979159353128	-8.389999999999986	-684.1591663741254	513.1193747805938	162.6497915935313	8.389999999999986	513.1193747805938	-171.0397915935313	513.1193747805938	-513.1193747805938	8.39	171.03979159353128
707	707.6433660243758	530.7325245182817	176.91084150609393	-530.7325245182817	8.389999999999986	8.389999999999986	176.9108415060939	-8.389999999999986	-707.6433660243758	530.7325245182817	168.52084150609392	8.389999999999986	530.7325245182817	-176.91084150609393	530.7325245182817	-530.7325245182817	8.39	176.9108415060939
708	779.5552907755757	584.6664680816816	194.8888226938939	-584.6664680816816	8.389999999999986	8.389999999999986	194.88882269389387	-8.389999999999986	-779.5552907755757	584.6664680816816	186.49882269389389	8.389999999999986	584.6664680816816	-194.8888226938939	584.6664680816816	-584.6664680816816	8.39	194.88882269389387
709	798.4179656248749	598.8134742186561	199.60449140621867	-598.8134742186561	8.389999999999986	8.389999999999986	199.6044914062187	-8.389999999999986	-798.4179656248749	598.8134742186561	191.2144914062187	8.389999999999986	598.8134742186561	-199.60449140621867	598.8134742186561	-598.8134742186561	8.39	199.6044914062187
710	809.4085651745262	607.0564238808944	202.3521412936315	-607.0564238808944	8.389999999999986	8.389999999999986	202.35214129363146	-8.389999999999986	-809.4085651745262	607.0564238808944	193.96214129363148	8.389999999999986	607.0564238808944	-202.3521412936315	607.0564238808944	-607.0564238808944	8.39	202.35214129363146
711	856.4459896245261	642.3344922183943	214.11149740613146	-642.3344922183943	8.389999999999986	8.389999999999986	214.11149740613143	-8.389999999999986	-856.4459896245261	642.3344922183943	205.72149740613145	8.389999999999986	642.3344922183943	-214.11149740613146	642.3344922183943	-642.3344922183943	8.39	214.11149740613143
712	890.8207896244256	668.115592218319	222.70519740610635	-668.115592218319	8.389999999999986	8.389999999999986	222.70519740610632	-8.389999999999986	-890.8207896244256	668.115592218319	214.31519740610634	8.389999999999986	668.115592218319	-222.70519740610635	668.115592218319	-668.115592218319	8.39	222.70519740610632
713	949.0187664256752	711.7640748192563	237.25469160641873	-711.7640748192563	8.389999999999986	8.389999999999986	237.25469160641876	-8.389999999999986	-949.0187664256752	711.7640748192563	228.86469160641877	8.389999999999986	711.7640748192563	-237.25469160641873	711.7640748192563	-711.7640748192563	8.39	237.25469160641876
714	955.3062911751751	716.4797183813812	238.82657279379376	-716.4797183813812	8.389999999999986	8.389999999999986	238.82657279379373	-8.389999999999986	-955.3062911751751	716.4797183813812	230.43657279379374	8.389999999999986	716.4797183813812	-238.82657279379376	716.4797183813812	-716.4797183813812	8.39	238.82657279379373
715	598.418765624875	448.81407421865606	149.60469140621865	-448.814074218656	8.389999999999986	8.389999999999986	149.60469140621868	-8.389999999999986	-598.418765624875	448.814074218656	141.21469140621866	8.389999999999986	448.814074218656	-149.60469140621865	448.814074218656	-448.814074218656	8.39	149.60469140621865
716	582.6935656255766	437.0201742191823	145.6733914063941	-437.0201742191823	8.389999999999986	8.389999999999986	145.6733914063941	-8.389999999999986	-582.6935656255766	437.0201742191823	137.2833914063941	8.389999999999986	437.0201742191823	-145.6733914063941	437.0201742191823	-437.0201742191823	8.39	145.6733914063941
717	631.0969908241269	473.322743118095	157.7742477060316	-473.322743118095	8.389999999999986	8.389999999999986	157.7742477060316	-8.389999999999986	-631.0969908241269	473.322743118095	149.38424770603163	8.389999999999986	473.322743118095	-157.7742477060316	473.322743118095	-473.322743118095	8.39	157.7742477060317
718	652.9218412242258	489.6913809181692	163.23046030605633	-489.6913809181692	8.389999999999986	8.389999999999986	163.23046030605633	-8.389999999999986	-652.9218412242258	489.6913809181692	154.84046030605637	8.389999999999986	489.6913809181692	-163.23046030605633	489.6913809181692	-489.6913809181692	8.39	163.23046030605656
719	679.4560915739744	509.5920686804807	169.86402289349348	-509.5920686804807	8.389999999999986	8.389999999999986	169.86402289349348	-8.389999999999986	-679.4560915739744	509.5920686804807	161.47402289349353	8.389999999999986	509.5920686804807	-169.86402289349348	509.5920686804807	-509.5920686804807	8.39	169.8640228934937
720	737.3336159760266	553.0002119820198	184.33340399400652	-553.0002119820198	8.389999999999986	8.389999999999986	184.33340399400652	-8.389999999999986	-737.3336159760266	553.0002119820198	175.94340399400656	8.389999999999986	553.0002119820198	-184.33340399400652	553.0002119820198	-553.0002119820198	8.39	184.33340399400663
721	784.2583655757272	588.1937741817952	196.06459139393166	-588.1937741817952	8.389999999999986	8.389999999999986	196.06459139393166	-8.389999999999986	-784.2583655757272	588.1937741817952	187.6745913939317	8.389999999999986	588.1937741817952	-196.06459139393166	588.1937741817952	-588.1937741817952	8.39	196.06459139393178
722	814.1053900746766	610.5790425560073	203.526347518669	-610.5790425560073	8.389999999999986	8.389999999999986	203.526347518669	-8.389999999999986	-814.1053900746766	610.5790425560073	195.13634751866906	8.389999999999986	610.5790425560073	-203.526347518669	610.5790425560073	-610.5790425560073	8.39	203.52634751866913
723	848.6179648240751	636.4634736180561	212.15449120601863	-636.4634736180561	8.389999999999986	8.389999999999986	212.15449120601863	-8.389999999999986	-848.6179648240751	636.4634736180561	203.76449120601868	8.389999999999986	636.4634736180561	-212.15449120601863	636.4634736180561	-636.4634736180561	8.39	212.15449120601875
724	960.0093659753267	720.0070244814948	240.00234149383152	-720.0070244814948	8.389999999999986	8.389999999999986	240.00234149383152	-8.389999999999986	-960.0093659753267	720.0070244814948	231.61234149383156	8.389999999999986	720.0070244814948	-240.00234149383152	720.0070244814948	-720.0070244814948	8.39	240.00234149383164
725	389.0571904742752	291.7928928557063	97.26429761856878	-291.7928928557063	8.389999999999986	8.389999999999986	97.26429761856878	-8.389999999999986	-389.0571904742752	291.7928928557063	88.87429761856879	8.389999999999986	291.7928928557063	-97.26429761856878	291.7928928557063	-291.7928928557063	8.39	97.2642976185688
726	427.9728408238267	320.97963061786993	106.99321020595664	-320.97963061786993	8.389999999999986	8.389999999999986	106.99321020595664	-8.389999999999986	-427.9728408238267	320.97963061786993	98.60321020595666	8.389999999999986	320.97963061786993	-106.99321020595664	320.97963061786993	-320.97963061786993	8.39	106.99321020595661
727	534.1595663749255	400.619674781194	133.53989159373134	-400.619674781194	8.389999999999986	8.389999999999986	133.53989159373134	-8.389999999999986	-534.1595663749255	400.619674781194	125.14989159373135	8.389999999999986	400.619674781194	-133.53989159373134	400.619674781194	-400.619674781194	8.39	133.53989159373126
728	656.0467912245257	492.035093418394	164.01169780613134	-492.035093418394	8.389999999999986	8.389999999999986	164.01169780613134	-8.389999999999986	-656.0467912245257	492.035093418394	155.62169780613135	8.389999999999986	492.035093418394	-164.01169780613134	492.035093418394	-492.035093418394	8.39	164.01169780613142
729	662.2842163748252	496.7131622811188	165.57105409370627	-496.7131622811188	8.389999999999986	8.389999999999986	165.57105409370627	-8.389999999999986	-662.2842163748252	496.7131622811188	157.18105409370628	8.389999999999986	496.7131622811188	-165.57105409370627	496.7131622811188	-496.7131622811188	8.39	165.57105409370624
730	763.9053908754764	572.9290431566072	190.97634771886908	-572.9290431566072	8.389999999999986	8.389999999999986	190.97634771886908	-8.389999999999986	-763.9053908754764	572.9290431566072	182.5863477188691	8.389999999999986	572.9290431566072	-190.97634771886908	572.9290431566072	-572.9290431566072	8.39	190.9763477188691
731	834.4583647749265	625.8437735811948	208.6145911937316	-625.8437735811948	8.389999999999986	8.389999999999986	208.6145911937316	-8.389999999999986	-834.4583647749265	625.8437735811948	200.2245911937316	8.389999999999986	625.8437735811948	-208.6145911937316	625.8437735811948	-625.8437735811948	8.39	208.61459119373163
732	884.5583647741258	663.4187735805941	221.13959119353137	-663.4187735805941	8.389999999999986	8.389999999999986	221.13959119353137	-8.389999999999986	-884.5583647741258	663.4187735805941	212.7495911935314	8.389999999999986	663.4187735805941	-221.13959119353137	663.4187735805941	-663.4187735805941	8.39	221.1395911935313
733	985.059165575727	738.794374181795	246.26479139393166	-738.794374181795	8.389999999999986	8.389999999999986	246.26479139393166	-8.389999999999986	-985.059165575727	738.794374181795	237.87479139393167	8.389999999999986	738.794374181795	-246.26479139393166	738.794374181795	-738.794374181795	8.39	246.2647913939317
734	452.9226412242259	339.6919809181692	113.2306603060565	-339.6919809181692	8.389999999999986	8.389999999999986	113.2306603060565	-8.389999999999986	-452.9226412242259	339.6919809181692	104.84066030605652	8.389999999999986	339.6919809181692	-113.2306603060565	339.6919809181692	-339.6919809181692	8.39	113.23066030605617
735	287.7356143752261	215.8017107814194	71.93390359380643	-215.8017107814194	8.389999999999986	8.389999999999986	71.93390359380646	-8.389999999999986	-287.7356143752261	215.8017107814194	63.54390359380646	8.389999999999986	215.8017107814194	-71.93390359380643	215.8017107814194	-215.8017107814194	8.39	71.93390359380646
736	426.4072408736764	319.80543065525706	106.60181021841905	-319.80543065525706	8.389999999999986	8.389999999999986	106.60181021841902	-8.389999999999986	-426.4072408736764	319.80543065525706	98.21181021841902	8.389999999999986	319.80543065525706	-106.60181021841905	319.80543065525706	-319.80543065525706	8.39	106.60181021841902
737	431.09779082412683	323.32334311809495	107.77444770603162	-323.32334311809495	8.389999999999986	8.389999999999986	107.77444770603165	-8.389999999999986	-431.09779082412683	323.32334311809495	99.38444770603165	8.389999999999986	323.32334311809495	-107.77444770603162	323.32334311809495	-323.32334311809495	8.39	107.77444770603165
738	579.5560907755761	434.6670680816818	144.88902269389396	-434.6670680816818	8.389999999999986	8.389999999999986	144.88902269389393	-8.389999999999986	-579.5560907755761	434.6670680816818	136.49902269389395	8.389999999999986	434.6670680816818	-144.88902269389396	434.6670680816818	-434.6670680816818	8.39	144.88902269389393
739	584.2591655757268	438.19437418179484	146.06479139393164	-438.19437418179484	8.389999999999986	8.389999999999986	146.0647913939316	-8.389999999999986	-584.2591655757268	438.19437418179484	137.67479139393163	8.389999999999986	438.19437418179484	-146.06479139393164	438.19437418179484	-438.19437418179484	8.39	146.0647913939316
740	688.8559912742757	516.6419934557065	172.21399781856886	-516.6419934557065	8.389999999999986	8.389999999999986	172.21399781856883	-8.389999999999986	-688.8559912742757	516.6419934557065	163.82399781856884	8.389999999999986	516.6419934557065	-172.21399781856886	516.6419934557065	-516.6419934557065	8.39	172.21399781856883
741	704.5058911743753	528.3794183807812	176.12647279359376	-528.3794183807812	8.389999999999986	8.389999999999986	176.12647279359373	-8.389999999999986	-704.5058911743753	528.3794183807812	167.73647279359375	8.389999999999986	528.3794183807812	-176.12647279359376	528.3794183807812	-528.3794183807812	8.39	176.12647279359373
742	829.755289974776	622.3164674810818	207.43882249369395	-622.3164674810818	8.389999999999986	8.389999999999986	207.43882249369392	-8.389999999999986	-829.755289974776	622.3164674810818	199.04882249369393	8.389999999999986	622.3164674810818	-207.43882249369395	622.3164674810818	-622.3164674810818	8.39	207.43882249369392
743	882.9927648239751	662.2445736179812	220.74819120599372	-662.2445736179812	8.389999999999986	8.389999999999986	220.74819120599375	-8.389999999999986	-882.9927648239751	662.2445736179812	212.35819120599376	8.389999999999986	662.2445736179812	-220.74819120599372	662.2445736179812	-662.2445736179812	8.39	220.74819120599375
744	933.2935664263767	699.9701748197823	233.32339160659413	-699.9701748197823	8.389999999999986	8.389999999999986	233.3233916065941	-8.389999999999986	-933.2935664263767	699.9701748197823	224.9333916065941	8.389999999999986	699.9701748197823	-233.32339160659413	699.9701748197823	-699.9701748197823	8.39	233.3233916065941
745	980.3560907755763	735.2670680816819	245.089022693894	-735.2670680816819	8.389999999999986	8.389999999999986	245.08902269389398	-8.389999999999986	-980.3560907755763	735.2670680816819	236.699022693894	8.389999999999986	735.2670680816819	-245.089022693894	735.2670680816819	-735.2670680816819	8.39	245.08902269389398
746	390.6227904244256	292.9670928183191	97.6556976061064	-292.9670928183191	8.389999999999986	8.389999999999986	97.65569760610637	-8.389999999999986	-390.6227904244256	292.9670928183191	89.26569760610637	8.389999999999986	292.9670928183191	-97.6556976061064	292.9670928183191	-292.9670928183191	8.39	97.65569760610634
747	529.4564915747745	397.09236868108076	132.36412289369355	-397.09236868108076	8.389999999999986	8.389999999999986	132.36412289369358	-8.389999999999986	-529.4564915747745	397.09236868108076	123.97412289369358	8.389999999999986	397.09236868108076	-132.36412289369355	397.09236868108076	-397.09236868108076	8.39	132.3641228936936
748	934.8591663765269	701.1443747823951	233.7147915941316	-701.1443747823951	8.389999999999986	8.389999999999986	233.7147915941316	-8.389999999999986	-934.8591663765269	701.1443747823951	225.32479159413165	8.389999999999986	701.1443747823951	-233.7147915941316	701.1443747823951	-701.1443747823951	8.39	233.71479159413184
749	328.1732400238267	246.12993001786992	82.04331000595664	-246.12993001786992	8.389999999999986	8.389999999999986	82.04331000595664	-8.389999999999986	-328.1732400238267	246.12993001786992	73.65331000595666	8.389999999999986	246.12993001786992	-82.04331000595664	246.12993001786992	-246.12993001786992	8.39	82.04331000595661
750	599.9843655750252	449.9882741812688	149.99609139375627	-449.9882741812688	8.389999999999986	8.389999999999986	149.99609139375627	-8.389999999999986	-599.9843655750252	449.9882741812688	141.6060913937563	8.389999999999986	449.9882741812688	-149.99609139375627	449.9882741812688	-449.9882741812688	8.39	149.99609139375625
751	889.2551896742751	666.9413922557061	222.3137974185687	-666.9413922557061	8.389999999999986	8.389999999999986	222.3137974185687	-8.389999999999986	-889.2551896742751	666.9413922557061	213.9237974185687	8.389999999999986	666.9413922557061	-222.3137974185687	666.9413922557061	-666.9413922557061	8.39	222.31379741856878
752	999.2187656248751	749.4140742186561	249.8046914062187	-749.4140742186561	8.389999999999986	8.389999999999986	249.8046914062187	-8.389999999999986	-999.2187656248751	749.4140742186561	241.4146914062187	8.389999999999986	749.4140742186561	-249.8046914062187	749.4140742186561	-749.4140742186561	8.39	249.80469140621872
753	754.505491175175	565.8791183813812	188.62637279379396	-565.8791183813812	8.389999999999986	8.389999999999986	188.62637279379396	-8.389999999999986	-754.505491175175	565.8791183813812	180.23637279379398	8.389999999999986	565.8791183813812	-188.62637279379396	565.8791183813812	-565.8791183813812	8.39	188.62637279379328
754	832.8927648247765	624.6695736185823	208.22319120619431	-624.6695736185823	8.389999999999986	8.389999999999986	208.22319120619431	-8.389999999999986	-832.8927648247765	624.6695736185823	199.83319120619433	8.389999999999986	624.6695736185823	-208.22319120619431	624.6695736185823	-624.6695736185823	8.39	208.22319120619363
755	512.2846163756254	384.21346228171893	128.07115409390633	-384.21346228171893	8.389999999999986	8.389999999999986	128.07115409390633	-8.389999999999986	-512.2846163756254	384.21346228171893	119.6811540939063	8.389999999999986	384.21346228171893	-128.07115409390633	384.21346228171893	-384.21346228171893	8.39	128.0711540939064
756	384.360365574125	288.2702741805937	96.09009139353122	-288.2702741805937	8.389999999999986	8.389999999999986	96.09009139353122	-8.389999999999986	-384.360365574125	288.2702741805937	87.70009139353122	8.389999999999986	288.2702741805937	-96.09009139353122	288.2702741805937	-288.2702741805937	8.39	96.09009139353122
757	451.35704127407575	338.51778095555665	112.83926031851884	-338.51778095555665	8.389999999999986	8.389999999999986	112.83926031851888	-8.389999999999986	-451.35704127407575	338.51778095555665	104.44926031851888	8.389999999999986	338.51778095555665	-112.83926031851884	338.51778095555665	-338.51778095555665	8.39	112.83926031851888
758	637.3344159744258	478.0008119808192	159.3336039936064	-478.0008119808192	8.389999999999986	8.389999999999986	159.3336039936064	-8.389999999999986	-637.3344159744258	478.0008119808192	150.94360399360642	8.389999999999986	478.0008119808192	-159.3336039936064	478.0008119808192	-478.0008119808192	8.39	159.3336039936064
759	715.471390824827	536.6035431186201	178.8678477062067	-536.6035431186201	8.389999999999986	8.389999999999986	178.8678477062067	-8.389999999999986	-715.471390824827	536.6035431186201	170.47784770620672	8.389999999999986	536.6035431186201	-178.8678477062067	536.6035431186201	-536.6035431186201	8.39	178.8678477062067
760	727.9712408254265	545.9784306190697	181.99281020635658	-545.9784306190697	8.389999999999986	8.389999999999986	181.99281020635658	-8.389999999999986	-727.9712408254265	545.9784306190697	173.6028102063566	8.389999999999986	545.9784306190697	-181.99281020635658	545.9784306190697	-545.9784306190697	8.39	181.99281020635658
761	765.4709908256266	574.1032431192198	191.3677477064066	-574.1032431192198	8.389999999999986	8.389999999999986	191.3677477064066	-8.389999999999986	-765.4709908256266	574.1032431192198	182.9777477064066	8.389999999999986	574.1032431192198	-191.3677477064066	574.1032431192198	-574.1032431192198	8.39	191.3677477064066
762	862.6834147748252	647.0125610811187	215.67085369370625	-647.0125610811187	8.389999999999986	8.389999999999986	215.67085369370625	-8.389999999999986	-862.6834147748252	647.0125610811187	207.28085369370626	8.389999999999986	647.0125610811187	-215.67085369370625	647.0125610811187	-647.0125610811187	8.39	215.67085369370625
763	969.396740825927	727.0475556194451	242.3491852064817	-727.0475556194451	8.389999999999986	8.389999999999986	242.3491852064817	-8.389999999999986	-969.396740825927	727.0475556194451	233.95918520648172	8.389999999999986	727.0475556194451	-242.3491852064817	727.0475556194451	-727.0475556194451	8.39	242.3491852064817
764	804.7054903743752	603.5291177807813	201.17637259359378	-603.5291177807813	8.389999999999986	8.389999999999986	201.17637259359378	-8.389999999999986	-804.7054903743752	603.5291177807813	192.78637259359374	8.389999999999986	603.5291177807813	-201.17637259359378	603.5291177807813	-603.5291177807813	8.39	201.1763725935939
765	768.5959408259267	576.4469556194448	192.1489852064816	-576.4469556194448	8.389999999999986	8.389999999999986	192.1489852064816	-8.389999999999986	-768.5959408259267	576.4469556194448	183.7589852064816	8.389999999999986	576.4469556194448	-192.1489852064816	576.4469556194448	-576.4469556194448	8.39	192.14898520648154
766	930.1560915763763	697.617068682282	232.53902289409405	-697.617068682282	8.389999999999986	8.389999999999986	232.53902289409405	-8.389999999999986	-930.1560915763763	697.617068682282	224.149022894094	8.389999999999986	697.617068682282	-232.53902289409405	697.617068682282	-697.617068682282	8.39	232.539022894094
767	395.30709047487437	296.4803178561557	98.82677261871856	-296.4803178561557	8.389999999999986	8.389999999999986	98.82677261871856	-8.389999999999986	-395.30709047487437	296.4803178561557	90.43677261871858	8.389999999999986	296.4803178561557	-98.82677261871856	296.4803178561557	-296.4803178561557	8.39	98.82677261871855
768	339.09496522457437	254.32122391843052	84.7737413061435	-254.32122391843052	8.389999999999986	8.389999999999986	84.7737413061435	-8.389999999999986	-339.09496522457437	254.32122391843052	76.38374130614352	8.389999999999986	254.32122391843052	-84.7737413061435	254.32122391843052	-254.32122391843052	8.39	84.7737413061436
769	507.6065412754748	380.704905956606	126.90163531886867	-380.704905956606	8.389999999999986	8.389999999999986	126.90163531886867	-8.389999999999986	-507.6065412754748	380.704905956606	118.51163531886868	8.389999999999986	380.704905956606	-126.90163531886867	380.704905956606	-380.704905956606	8.39	126.90163531886866
770	251.94491402597362	188.95868551948013	62.986228506493376	-188.95868551948013	8.389999999999986	8.389999999999986	62.986228506493376	-8.389999999999986	-251.94491402597362	188.95868551948013	54.59622850649339	8.389999999999986	188.95868551948013	-62.986228506493376	188.95868551948013	-188.95868551948013	8.39	62.98622850649334
771	354.68239047437476	266.011792855781	88.67059761859366	-266.011792855781	8.389999999999986	8.389999999999986	88.67059761859366	-8.389999999999986	-354.68239047437476	266.011792855781	80.28059761859367	8.389999999999986	266.011792855781	-88.67059761859366	266.011792855781	-266.011792855781	8.39	88.67059761859362
772	491.9817412745748	368.986305955931	122.99543531864367	-368.986305955931	8.389999999999986	8.389999999999986	122.99543531864367	-8.389999999999986	-491.9817412745748	368.986305955931	114.60543531864369	8.389999999999986	368.986305955931	-122.99543531864367	368.986305955931	-368.986305955931	8.39	122.99543531864363
773	817.2303400749757	612.9227550562317	204.3075850187439	-612.9227550562317	8.389999999999986	8.389999999999986	204.3075850187439	-8.389999999999986	-817.2303400749757	612.9227550562317	195.91758501874392	8.389999999999986	612.9227550562317	-204.3075850187439	612.9227550562317	-612.9227550562317	8.39	204.30758501874388
774	854.8803896743756	641.1602922557814	213.7200974185938	-641.1602922557814	8.389999999999986	8.389999999999986	213.7200974185938	-8.389999999999986	-854.8803896743756	641.1602922557814	205.33009741859382	8.389999999999986	641.1602922557814	-213.7200974185938	641.1602922557814	-641.1602922557814	8.39	213.72009741859372
775	967.8311408757762	725.8733556568319	241.95778521894397	-725.8733556568319	8.389999999999986	8.389999999999986	241.95778521894397	-8.389999999999986	-967.8311408757762	725.8733556568319	233.56778521894398	8.389999999999986	725.8733556568319	-241.95778521894397	725.8733556568319	-725.8733556568319	8.39	241.957785218944
776	227.0947136271733	170.3210352203797	56.77367840679324	-170.3210352203797	8.389999999999986	8.389999999999986	56.77367840679324	-8.389999999999986	-227.0947136271733	170.3210352203797	48.38367840679325	8.389999999999986	170.3210352203797	-56.77367840679324	170.3210352203797	-170.3210352203797	8.39	56.773678406793245
777	332.85754007427556	249.64315505570642	83.2143850185688	-249.64315505570642	8.389999999999986	8.389999999999986	83.2143850185688	-8.389999999999986	-332.85754007427556	249.64315505570642	74.82438501856882	8.389999999999986	249.64315505570642	-83.2143850185688	249.64315505570642	-249.64315505570642	8.39	83.2143850185689
778	438.8945660245753	329.1709245184312	109.72364150614374	-329.1709245184312	8.389999999999986	8.389999999999986	109.72364150614374	-8.389999999999986	-438.8945660245753	329.1709245184312	101.33364150614375	8.389999999999986	329.1709245184312	-109.72364150614374	329.1709245184312	-329.1709245184312	8.39	109.72364150614384
779	710.768316024676	533.0762370185067	177.6920790061689	-533.0762370185067	8.389999999999986	8.389999999999986	177.6920790061689	-8.389999999999986	-710.768316024676	533.0762370185067	169.30207900616892	8.389999999999986	533.0762370185067	-177.6920790061689	533.0762370185067	-533.0762370185067	8.39	177.6920790061688
780	820.3552900752765	615.2664675564571	205.08882251881903	-615.2664675564571	8.389999999999986	8.389999999999986	205.08882251881903	-8.389999999999986	-820.3552900752765	615.2664675564571	196.69882251881904	8.389999999999986	615.2664675564571	-205.08882251881903	615.2664675564571	-615.2664675564571	8.39	205.08882251881892
781	303.30426487532486	227.47819865649353	75.8260662188311	-227.47819865649353	8.389999999999986	8.389999999999986	75.8260662188311	-8.389999999999986	-303.30426487532486	227.47819865649353	67.43606621883116	8.389999999999986	227.47819865649353	-75.8260662188311	227.47819865649353	-227.47819865649353	8.39	75.82606621883133
782	262.8323831757243	197.12428738179312	65.7080957939312	-197.12428738179312	8.389999999999986	8.389999999999986	65.7080957939312	-8.389999999999986	-262.8323831757243	197.12428738179312	57.31809579393121	8.389999999999986	197.12428738179312	-65.7080957939312	197.12428738179312	-197.12428738179312	8.39	65.70809579393074
783	228.6571823774243	171.49288678306812	57.16429559435596	-171.49288678306812	8.389999999999986	8.389999999999986	57.16429559435596	-8.389999999999986	-228.6571823774243	171.49288678306812	48.77429559435601	8.389999999999986	171.49288678306812	-57.16429559435596	171.49288678306812	-171.49288678306812	8.39	57.16429559435619
784	256.61985792622465	192.4648934446683	64.15496448155602	-192.4648934446683	8.389999999999986	8.389999999999986	64.15496448155602	-8.389999999999986	-256.61985792622465	192.4648934446683	55.76496448155607	8.389999999999986	192.4648934446683	-64.15496448155602	192.4648934446683	-192.4648934446683	8.39	64.15496448155614
785	406.2194595254249	304.6645946440684	101.55486488135614	-304.6645946440684	8.389999999999986	8.389999999999986	101.55486488135614	-8.389999999999986	-406.2194595254249	304.6645946440684	93.16486488135615	8.389999999999986	304.6645946440684	-101.55486488135614	304.6645946440684	-304.6645946440684	8.39	101.55486488135607
786	518.5189103260253	388.88918274451873	129.62972758150624	-388.88918274451873	8.389999999999986	8.389999999999986	129.62972758150624	-8.389999999999986	-518.5189103260253	388.88918274451873	121.23972758150626	8.389999999999986	388.88918274451873	-129.62972758150624	388.88918274451873	-388.88918274451873	8.39	129.62972758150616
787	695.109009974975	521.3317574812312	173.77725249374373	-521.3317574812312	8.389999999999986	8.389999999999986	173.77725249374373	-8.389999999999986	-695.109009974975	521.3317574812312	165.38725249374374	8.389999999999986	521.3317574812312	-173.77725249374373	521.3317574812312	-521.3317574812312	8.39	173.77725249374376
788	443.5695099248256	332.67713244361903	110.8923774812065	-332.67713244361903	8.389999999999986	8.389999999999986	110.8923774812065	-8.389999999999986	-443.5695099248256	332.67713244361903	102.50237748120651	8.389999999999986	332.67713244361903	-110.8923774812065	332.67713244361903	-332.67713244361903	8.39	110.89237748120604
789	403.1069843754251	302.33023828156865	100.77674609385622	-302.33023828156865	8.389999999999986	8.389999999999986	100.77674609385622	-8.389999999999986	-403.1069843754251	302.33023828156865	92.38674609385619	8.389999999999986	302.33023828156865	-100.77674609385622	302.33023828156865	-302.33023828156865	8.39	100.77674609385622
790	200.78123437512468	150.58592578134346	50.195308593781306	-150.58592578134346	8.389999999999986	8.389999999999986	50.195308593781306	-8.389999999999986	-200.78123437512468	150.58592578134346	41.80530859378132	8.389999999999986	150.58592578134346	-50.195308593781306	150.58592578134346	-150.58592578134346	8.39	50.19530859378085
791	770.1584095761765	577.6188071821323	192.5396023940442	-577.6188071821323	8.389999999999986	8.389999999999986	192.5396023940442	-8.389999999999986	-770.1584095761765	577.6188071821323	184.14960239404422	8.389999999999986	577.6188071821323	-192.5396023940442	577.6188071821323	-577.6188071821323	8.39	192.53960239404387
792	290.85743317562594	218.14307488171937	72.71435829390646	-218.14307488171937	8.389999999999986	8.389999999999986	72.71435829390646	-8.389999999999986	-290.85743317562594	218.14307488171937	64.32435829390643	8.389999999999986	218.14307488171937	-72.71435829390646	218.14307488171937	-218.14307488171937	8.39	72.71435829390657
793	309.51990882492487	232.13993161869348	77.37997720623116	-232.13993161869348	8.389999999999986	8.389999999999986	77.37997720623116	-8.389999999999986	-309.51990882492487	232.13993161869348	68.98997720623113	8.389999999999986	232.13993161869348	-77.37997720623116	232.13993161869348	-232.13993161869348	8.39	77.37997720623116
794	340.65743397482606	255.49307548111938	85.16435849370646	-255.49307548111938	8.389999999999986	8.389999999999986	85.16435849370646	-8.389999999999986	-340.65743397482606	255.49307548111938	76.77435849370643	8.389999999999986	255.49307548111938	-85.16435849370646	255.49307548111938	-255.49307548111938	8.39	85.16435849370646
795	638.8968847246756	479.1726635435066	159.7242211811689	-479.1726635435066	8.389999999999986	8.389999999999986	159.72422118116887	-8.389999999999986	-638.8968847246756	479.1726635435066	151.33422118116886	8.389999999999986	479.1726635435066	-159.7242211811689	479.1726635435066	-479.1726635435066	8.39	159.72422118116884
796	663.8466851250752	497.8850138438062	165.96167128126876	-497.8850138438062	8.389999999999986	8.389999999999986	165.96167128126874	-8.389999999999986	-663.8466851250752	497.8850138438062	157.57167128126872	8.389999999999986	497.8850138438062	-165.96167128126876	497.8850138438062	-497.8850138438062	8.39	165.9616712812687
797	767.0334595758766	575.2750946819071	191.7583648939691	-575.2750946819071	8.389999999999986	8.389999999999986	191.75836489396906	-8.389999999999986	-767.0334595758766	575.2750946819071	183.36836489396904	8.389999999999986	575.2750946819071	-191.7583648939691	575.2750946819071	-575.2750946819071	8.39	191.75836489396903
798	864.2458835250752	648.1844126438061	216.06147088126875	-648.1844126438061	8.389999999999986	8.389999999999986	216.06147088126872	-8.389999999999986	-864.2458835250752	648.1844126438061	207.6714708812687	8.389999999999986	648.1844126438061	-216.06147088126875	648.1844126438061	-648.1844126438061	8.39	216.0614708812687
799	618.6189095244259	463.96418214331936	154.65472738110645	-463.96418214331936	8.389999999999986	8.389999999999986	154.65472738110645	-8.389999999999986	-618.6189095244259	463.96418214331936	146.26472738110644	8.389999999999986	463.96418214331936	-154.65472738110645	463.96418214331936	-463.96418214331936	8.39	154.65472738110657
800	293.96990832562517	220.4774312442188	73.49247708140626	-220.4774312442188	8.389999999999986	8.389999999999986	73.49247708140626	-8.389999999999986	-293.96990832562517	220.4774312442188	65.10247708140628	8.389999999999986	220.4774312442188	-73.49247708140626	220.4774312442188	-220.4774312442188	8.39	73.49247708140624
801	516.9595602758747	387.7196702069059	129.23989006896875	-387.7196702069059	8.389999999999986	8.389999999999986	129.23989006896875	-8.389999999999986	-516.9595602758747	387.7196702069059	120.84989006896876	8.389999999999986	387.7196702069059	-129.23989006896875	387.7196702069059	-387.7196702069059	8.39	129.2398900689684
802	729.5337095756764	547.1502821817573	182.3834273939192	-547.1502821817573	8.389999999999986	8.389999999999986	182.3834273939192	-8.389999999999986	-729.5337095756764	547.1502821817573	173.9934273939192	8.389999999999986	547.1502821817573	-182.3834273939192	547.1502821817573	-547.1502821817573	8.39	182.38342739391896
803	459.1694100249257	344.3770575186942	114.7923525062314	-344.3770575186942	8.389999999999986	8.389999999999986	114.7923525062314	-8.389999999999986	-459.1694100249257	344.3770575186942	106.4023525062314	8.389999999999986	344.3770575186942	-114.7923525062314	344.3770575186942	-344.3770575186942	8.39	114.79235250623151
804	412.4319847749241	309.32398858119285	103.10799619373097	-309.32398858119285	8.389999999999986	8.389999999999986	103.10799619373097	-8.389999999999986	-412.4319847749241	309.32398858119285	94.71799619373098	8.389999999999986	309.32398858119285	-103.10799619373097	309.32398858119285	-309.32398858119285	8.39	103.10799619373091
805	601.5468343252752	451.16012574395626	150.38670858131866	-451.16012574395626	8.389999999999986	8.389999999999986	150.38670858131866	-8.389999999999986	-601.5468343252752	451.16012574395626	141.99670858131884	8.389999999999986	451.16012574395626	-150.38670858131866	451.16012574395626	-451.16012574395626	8.39	150.38670858131877
806	640.4562347748256	480.34217608111913	160.11405869370628	-480.34217608111913	8.389999999999986	8.389999999999986	160.11405869370628	-8.389999999999986	-640.4562347748256	480.34217608111913	151.7240586937064	8.389999999999986	480.34217608111913	-160.11405869370628	480.34217608111913	-480.34217608111913	8.39	160.11405869370645
807	892.3832583746758	669.2874437810067	223.09581459366893	-669.2874437810067	8.389999999999986	8.389999999999986	223.09581459366893	-8.389999999999986	-892.3832583746758	669.2874437810067	214.7058145936689	8.389999999999986	669.2874437810067	-223.09581459366893	669.2874437810067	-669.2874437810067	8.39	223.09581459366888
808	231.7696575274233	173.8272431455673	57.94241438185575	-173.8272431455673	8.389999999999986	8.389999999999986	57.94241438185577	-8.389999999999986	-231.7696575274233	173.8272431455673	49.55241438185577	8.389999999999986	173.8272431455673	-57.94241438185575	173.8272431455673	-173.8272431455673	8.39	57.942414381855784
809	253.50738277622463	190.1305370821683	63.37684569405608	-190.1305370821683	8.389999999999986	8.389999999999986	63.3768456940561	-8.389999999999986	-253.50738277622463	190.1305370821683	54.9868456940561	8.389999999999986	190.1305370821683	-63.37684569405608	190.1305370821683	-190.1305370821683	8.39	63.376845694056115
810	513.8470851258755	385.3853138444065	128.4617712814688	-385.3853138444065	8.389999999999986	8.389999999999986	128.46177128146883	-8.389999999999986	-513.8470851258755	385.3853138444065	120.07177128146883	8.389999999999986	385.3853138444065	-128.4617712814688	385.3853138444065	-385.3853138444065	8.39	128.46177128146883
811	603.1061843754253	452.3296382815688	150.77654609385624	-452.3296382815688	8.389999999999986	8.389999999999986	150.77654609385627	-8.389999999999986	-603.1061843754253	452.3296382815688	142.38654609385628	8.389999999999986	452.3296382815688	-150.77654609385624	452.3296382815688	-452.3296382815688	8.39	150.77654609385627
812	632.6594595743766	474.49459468078226	158.16486489359406	-474.49459468078226	8.389999999999986	8.389999999999986	158.16486489359409	-8.389999999999986	-632.6594595743766	474.49459468078226	149.7748648935941	8.389999999999986	474.49459468078226	-158.16486489359406	474.49459468078226	-474.49459468078226	8.39	158.16486489359409
813	665.4060351752253	499.0545263814188	166.35150879380623	-499.0545263814188	8.389999999999986	8.389999999999986	166.35150879380626	-8.389999999999986	-665.4060351752253	499.0545263814188	157.96150879380627	8.389999999999986	499.0545263814188	-166.35150879380623	499.0545263814188	-499.0545263814188	8.39	166.35150879380626
814	691.984059974676	518.9880449810069	172.99601499366892	-518.9880449810069	8.389999999999986	8.389999999999986	172.99601499366895	-8.389999999999986	-691.984059974676	518.9880449810069	164.60601499366896	8.389999999999986	518.9880449810069	-172.99601499366892	518.9880449810069	-518.9880449810069	8.39	172.99601499366895
815	738.8960847262763	554.172063544707	184.724021181569	-554.172063544707	8.389999999999986	8.389999999999986	184.72402118156901	-8.389999999999986	-738.8960847262763	554.172063544707	176.33402118156903	8.389999999999986	554.172063544707	-184.724021181569	554.172063544707	-554.172063544707	8.39	184.72402118156901
816	785.8208343259769	589.3656257444825	196.45520858149413	-589.3656257444825	8.389999999999986	8.389999999999986	196.45520858149416	-8.389999999999986	-785.8208343259769	589.3656257444825	188.06520858149418	8.389999999999986	589.3656257444825	-196.45520858149413	589.3656257444825	-589.3656257444825	8.39	196.45520858149416
817	858.0084583747763	643.5063437810821	214.50211459369402	-643.5063437810821	8.389999999999986	8.389999999999986	214.50211459369405	-8.389999999999986	-858.0084583747763	643.5063437810821	206.11211459369406	8.389999999999986	643.5063437810821	-214.50211459369402	643.5063437810821	-643.5063437810821	8.39	214.50211459369405
818	870.4708338250741	652.8531253688054	217.61770845626845	-652.8531253688054	8.389999999999986	8.389999999999986	217.61770845626847	-8.389999999999986	-870.4708338250741	652.8531253688054	209.2277084562685	8.389999999999986	652.8531253688054	-217.61770845626845	652.8531253688054	-652.8531253688054	8.39	217.61770845626847
819	895.508208374976	671.6311562812318	223.8770520937439	-671.6311562812318	8.389999999999986	8.389999999999986	223.87705209374394	-8.389999999999986	-895.508208374976	671.6311562812318	215.48705209374396	8.389999999999986	671.6311562812318	-223.8770520937439	671.6311562812318	-671.6311562812318	8.39	223.87705209374394
820	961.5718347255763	721.1788760441821	240.392958681394	-721.1788760441821	8.389999999999986	8.389999999999986	240.39295868139402	-8.389999999999986	-961.5718347255763	721.1788760441821	232.00295868139403	8.389999999999986	721.1788760441821	-240.392958681394	721.1788760441821	-721.1788760441821	8.39	240.39295868139402
821	972.5185596263268	729.388919719745	243.1296399065816	-729.388919719745	8.389999999999986	8.389999999999986	243.1296399065816	-8.389999999999986	-972.5185596263268	729.388919719745	234.73963990658163	8.389999999999986	729.388919719745	-243.1296399065816	729.388919719745	-729.388919719745	8.39	243.12963990658182
822	343.7699091248247	257.82743184361846	85.94247728120615	-257.82743184361846	8.389999999999986	8.389999999999986	85.94247728120615	-8.389999999999986	-343.7699091248247	257.82743184361846	77.55247728120617	8.389999999999986	257.82743184361846	-85.94247728120615	257.82743184361846	-257.82743184361846	8.39	85.94247728120625
823	571.718559626326	428.7889197197443	142.92963990658143	-428.7889197197443	8.389999999999986	8.389999999999986	142.92963990658143	-8.389999999999986	-571.718559626326	428.7889197197443	134.53963990658144	8.389999999999986	428.7889197197443	-142.92963990658143	428.7889197197443	-428.7889197197443	8.39	142.9296399065815
824	721.7181596255267	541.2886197191448	180.4295399063816	-541.2886197191448	8.389999999999986	8.389999999999986	180.4295399063816	-8.389999999999986	-721.7181596255267	541.2886197191448	172.0395399063816	8.389999999999986	541.2886197191448	-180.4295399063816	541.2886197191448	-541.2886197191448	8.39	180.42953990638156
825	734.2180096261271	550.6635072195951	183.5545024065317	-550.6635072195951	8.389999999999986	8.389999999999986	183.5545024065317	-8.389999999999986	-734.2180096261271	550.6635072195951	175.1645024065317	8.389999999999986	550.6635072195951	-183.5545024065317	550.6635072195951	-550.6635072195951	8.39	183.55450240653155
826	237.98218277692274	178.4866370826918	59.4955456942306	-178.4866370826918	8.389999999999986	8.389999999999986	59.4955456942306	-8.389999999999986	-237.98218277692274	178.4866370826918	51.105545694230614	8.389999999999986	178.4866370826918	-59.4955456942306	178.4866370826918	-178.4866370826918	8.39	59.49554569423071
827	392.1852591746758	294.1389443810067	98.04631479366887	-294.1389443810067	8.389999999999986	8.389999999999986	98.0463147936689	-8.389999999999986	-392.1852591746758	294.1389443810067	89.6563147936689	8.389999999999986	294.1389443810067	-98.04631479366887	294.1389443810067	-294.1389443810067	8.39	98.0463147936689
828	585.8216343259767	439.36622574448234	146.45540858149414	-439.36622574448234	8.389999999999986	8.389999999999986	146.4554085814941	-8.389999999999986	-585.8216343259767	439.36622574448234	138.06540858149413	8.389999999999986	439.36622574448234	-146.45540858149414	439.36622574448234	-439.36622574448234	8.39	146.4554085814941
829	654.4843099744757	490.8632324808565	163.62107749361886	-490.8632324808565	8.389999999999986	8.389999999999986	163.62107749361883	-8.389999999999986	-654.4843099744757	490.8632324808565	155.23107749361884	8.389999999999986	490.8632324808565	-163.62107749361886	490.8632324808565	-490.8632324808565	8.39	163.62107749361883
830	836.0208335251766	627.0156251438823	209.00520838129412	-627.0156251438823	8.389999999999986	8.389999999999986	209.0052083812941	-8.389999999999986	-836.0208335251766	627.0156251438823	200.6152083812941	8.389999999999986	627.0156251438823	-209.00520838129412	627.0156251438823	-627.0156251438823	8.39	209.0052083812941
831	986.6216343259769	739.9662257444825	246.65540858149419	-739.9662257444825	8.389999999999986	8.389999999999986	246.65540858149416	-8.389999999999986	-986.6216343259769	739.9662257444825	238.26540858149417	8.389999999999986	739.9662257444825	-246.65540858149419	739.9662257444825	-739.9662257444825	8.39	246.65540858149416
832	289.29808312547607	216.97356234410677	72.32452078136896	-216.9735623441068	8.389999999999986	8.389999999999986	72.32452078136893	-8.389999999999986	-289.29808312547607	216.9735623441068	63.93452078136893	8.389999999999986	216.9735623441068	-72.32452078136896	216.9735623441068	-216.9735623441068	8.39	72.32452078136893
833	440.45703477482607	330.3427760811194	110.11425869370646	-330.3427760811194	8.389999999999986	8.389999999999986	110.11425869370646	-8.389999999999986	-440.45703477482607	330.3427760811194	101.72425869370646	8.389999999999986	330.3427760811194	-110.11425869370646	330.3427760811194	-330.3427760811194	8.39	110.11425869370646
834	509.1690100257258	381.8767575192942	127.2922525064314	-381.8767575192942	8.389999999999986	8.389999999999986	127.2922525064314	-8.389999999999986	-509.1690100257258	381.8767575192942	118.9022525064314	8.389999999999986	381.8767575192942	-127.2922525064314	381.8767575192942	-381.8767575192942	8.39	127.2922525064314
835	717.033859575077	537.7753946813075	179.2584648937692	-537.7753946813075	8.389999999999986	8.389999999999986	179.25846489376917	-8.389999999999986	-717.033859575077	537.7753946813075	170.86846489376916	8.389999999999986	537.7753946813075	-179.2584648937692	537.7753946813075	-537.7753946813075	8.39	179.25846489376914
836	970.959209576177	728.2194071821325	242.7398023940442	-728.2194071821325	8.389999999999986	8.389999999999986	242.73980239404418	-8.389999999999986	-970.959209576177	728.2194071821325	234.34980239404416	8.389999999999986	728.2194071821325	-242.7398023940442	728.2194071821325	-728.2194071821325	8.39	242.73980239404415
837	570.1592095761766	427.61940718213236	142.53980239404405	-427.61940718213236	8.389999999999986	8.389999999999986	142.53980239404405	-8.389999999999986	-570.1592095761766	427.61940718213236	134.1498023940441	8.389999999999986	427.61940718213236	-142.53980239404405	427.61940718213236	-427.61940718213236	8.39	142.53980239404427
838	732.6586595759768	549.4939946819825	183.1646648939941	-549.4939946819825	8.389999999999986	8.389999999999986	183.1646648939941	-8.389999999999986	-732.6586595759768	549.4939946819825	174.77466489399413	8.389999999999986	549.4939946819825	-183.1646648939941	549.4939946819825	-549.4939946819825	8.39	183.1646648939943
839	859.5678084249259	644.6758563186943	214.89195210623143	-644.6758563186943	8.389999999999986	8.389999999999986	214.89195210623143	-8.389999999999986	-859.5678084249259	644.6758563186943	206.5019521062314	8.389999999999986	644.6758563186943	-214.89195210623143	644.6758563186943	-644.6758563186943	8.39	214.89195210623143
840	279.935707974876	209.95178098115673	69.98392699371891	-209.95178098115673	8.389999999999986	8.389999999999986	69.98392699371891	-8.389999999999986	-279.935707974876	209.95178098115673	61.593926993718924	8.389999999999986	209.95178098115673	-69.98392699371891	209.95178098115673	-209.95178098115673	8.39	69.983926993719
841	696.6683600251253	522.5012700188437	174.16709000628123	-522.5012700188437	8.389999999999986	8.389999999999986	174.16709000628123	-8.389999999999986	-696.6683600251253	522.5012700188437	165.77709000628124	8.389999999999986	522.5012700188437	-174.16709000628123	522.5012700188437	-522.5012700188437	8.39	174.1670900062813
842	760.771034725576	570.5782760441817	190.1927586813939	-570.5782760441817	8.389999999999986	8.389999999999986	190.1927586813939	-8.389999999999986	-760.771034725576	570.5782760441817	181.80275868139393	8.389999999999986	570.5782760441817	-190.1927586813939	570.5782760441817	-570.5782760441817	8.39	190.19275868139394
843	865.8052335752253	649.3539251814187	216.45130839380624	-649.3539251814187	8.389999999999986	8.389999999999986	216.45130839380624	-8.389999999999986	-865.8052335752253	649.3539251814187	208.06130839380626	8.389999999999986	649.3539251814187	-216.45130839380624	649.3539251814187	-649.3539251814187	8.39	216.45130839380616
844	312.6323839749242	234.4742879811929	78.15809599373108	-234.4742879811929	8.389999999999986	8.389999999999986	78.15809599373108	-8.389999999999986	-312.6323839749242	234.4742879811929	69.7680959937311	8.389999999999986	234.4742879811929	-78.15809599373108	234.4742879811929	-234.4742879811929	8.39	78.15809599373074
845	659.1686100249257	494.37645751869405	164.79215250623156	-494.37645751869405	8.389999999999986	8.389999999999986	164.79215250623156	-8.389999999999986	-659.1686100249257	494.37645751869405	156.40215250623157	8.389999999999986	494.37645751869405	-164.79215250623156	494.37645751869405	-494.37645751869405	8.39	164.792152506231
846	329.7357087740768	247.3017815805573	82.43392719351914	-247.3017815805573	8.389999999999986	8.389999999999986	82.43392719351914	-8.389999999999986	-329.7357087740768	247.3017815805573	74.04392719351911	8.389999999999986	247.3017815805573	-82.43392719351914	247.3017815805573	-247.3017815805573	8.39	82.43392719351903
847	334.42000882452624	250.8150066183946	83.60500220613142	-250.8150066183946	8.389999999999986	8.389999999999986	83.60500220613142	-8.389999999999986	-334.42000882452624	250.8150066183946	75.2150022061316	8.389999999999986	250.8150066183946	-83.60500220613142	250.8150066183946	-250.8150066183946	8.39	83.60500220613159
848	365.6072343752252	274.2054257814186	91.40180859380632	-274.2054257814186	8.389999999999986	8.389999999999986	91.40180859380632	-8.389999999999986	-365.6072343752252	274.2054257814186	83.01180859380617	8.389999999999986	274.2054257814186	-91.40180859380632	274.2054257814186	-274.2054257814186	8.39	91.40180859380615
849	465.40683517522507	349.05512638141863	116.35170879380621	-349.05512638141863	8.389999999999986	8.389999999999986	116.35170879380621	-8.389999999999986	-465.40683517522507	349.05512638141863	107.96170879380622	8.389999999999986	349.05512638141863	-116.35170879380621	349.05512638141863	-349.05512638141863	8.39	116.35170879380621
850	645.1218350246747	483.84137626850577	161.28045875616863	-483.84137626850577	8.389999999999986	8.389999999999986	161.28045875616863	-8.389999999999986	-645.1218350246747	483.84137626850577	152.89045875616858	8.389999999999986	483.84137626850577	-161.28045875616863	483.84137626850577	-483.84137626850577	8.39	161.28045875616857
851	936.4216351267771	702.3162263450826	234.10540878169422	-702.3162263450826	8.389999999999986	8.389999999999986	234.10540878169422	-8.389999999999986	-936.4216351267771	702.3162263450826	225.71540878169418	8.389999999999986	702.3162263450826	-234.10540878169422	702.3162263450826	-702.3162263450826	8.39	234.10540878169417
852	284.616889325226	213.46266699391924	71.15422233130641	-213.46266699391919	8.389999999999986	8.389999999999986	71.15422233130641	-8.389999999999986	-284.616889325226	213.46266699391919	62.76422233130643	8.389999999999986	213.46266699391919	-71.15422233130641	213.46266699391919	-213.46266699391919	8.39	71.15422233130641
853	432.66025957437694	324.49519468078245	108.16506489359416	-324.49519468078245	8.389999999999986	8.389999999999986	108.16506489359415	-8.389999999999986	-432.66025957437694	324.49519468078245	99.77506489359415	8.389999999999986	324.49519468078245	-108.16506489359416	324.49519468078245	-324.49519468078245	8.39	108.16506489359415
854	485.7224351243757	364.2918263432815	121.43060878109384	-364.2918263432815	8.389999999999986	8.389999999999986	121.43060878109384	-8.389999999999986	-485.7224351243757	364.2918263432815	113.04060878109385	8.389999999999986	364.2918263432815	-121.43060878109384	364.2918263432815	-364.2918263432815	8.39	121.43060878109374
855	468.51931032522447	351.3894827439183	117.12982758130636	-351.3894827439183	8.389999999999986	8.389999999999986	117.12982758130636	-8.389999999999986	-468.51931032522447	351.3894827439183	108.73982758130637	8.389999999999986	351.3894827439183	-117.12982758130636	351.3894827439183	-351.3894827439183	8.39	117.12982758130556
856	434.21960962452636	325.66470721839454	108.55490240613153	-325.66470721839454	8.389999999999986	8.389999999999986	108.55490240613153	-8.389999999999986	-434.21960962452636	325.66470721839454	100.16490240613155	8.389999999999986	325.66470721839454	-108.55490240613153	325.66470721839454	-325.66470721839454	8.39	108.55490240613148
857	429.5353095740768	322.1514821805574	107.3838273935191	-322.1514821805574	8.389999999999986	8.389999999999986	107.38382739351914	-8.389999999999986	-429.5353095740768	322.1514821805574	98.99382739351914	8.389999999999986	322.1514821805574	-107.3838273935191	322.1514821805574	-322.1514821805574	8.39	107.38382739351914
858	535.7220351251756	401.7915263438815	133.93050878129378	-401.7915263438815	8.389999999999986	8.389999999999986	133.93050878129384	-8.389999999999986	-535.7220351251756	401.7915263438815	125.54050878129384	8.389999999999986	401.7915263438815	-133.93050878129378	401.7915263438815	-401.7915263438815	8.39	133.93050878129384
859	546.6687600259258	410.0015700194442	136.66719000648135	-410.0015700194442	8.389999999999986	8.389999999999986	136.6671900064814	-8.389999999999986	-546.6687600259258	410.0015700194442	128.27719000648142	8.389999999999986	410.0015700194442	-136.66719000648135	410.0015700194442	-410.0015700194442	8.39	136.6671900064814
860	560.7718347255761	420.5788760441819	140.19295868139397	-420.5788760441819	8.389999999999986	8.389999999999986	140.19295868139397	-8.389999999999986	-560.7718347255761	420.5788760441819	131.802958681394	8.389999999999986	420.5788760441819	-140.19295868139397	420.5788760441819	-420.5788760441819	8.39	140.19295868139397
861	657.6092599747756	493.2069449810815	164.4023149936939	-493.2069449810815	8.389999999999986	8.389999999999986	164.40231499369384	-8.389999999999986	-657.6092599747756	493.2069449810815	156.01231499369385	8.389999999999986	493.2069449810815	-164.4023149936939	493.2069449810815	-493.2069449810815	8.39	164.40231499369384
862	771.7177596263266	578.7883197197448	192.92943990658154	-578.7883197197448	8.389999999999986	8.389999999999986	192.9294399065816	-8.389999999999986	-771.7177596263266	578.7883197197448	184.5394399065816	8.389999999999986	578.7883197197448	-192.92943990658154	578.7883197197448	-578.7883197197448	8.39	192.9294399065816
863	897.067558425126	672.8006688188443	224.26688960628138	-672.8006688188443	8.389999999999986	8.389999999999986	224.26688960628144	-8.389999999999986	-897.067558425126	672.8006688188443	215.87688960628145	8.389999999999986	672.8006688188443	-224.26688960628138	672.8006688188443	-672.8006688188443	8.39	224.26688960628144
864	541.9844599754759	406.48834498160693	135.4961149938689	-406.48834498160693	8.389999999999986	8.389999999999986	135.4961149938689	-8.389999999999986	-541.9844599754759	406.48834498160693	127.10611499386893	8.389999999999986	406.48834498160693	-135.4961149938689	406.48834498160693	-406.48834498160693	8.39	135.496114993869
865	545.1094099757761	408.83205748183195	136.2773524939439	-408.83205748183195	8.389999999999986	8.389999999999986	136.2773524939439	-8.389999999999986	-545.1094099757761	408.83205748183195	127.88735249394394	8.389999999999986	408.83205748183195	-136.2773524939439	408.83205748183195	-408.83205748183195	8.39	136.27735249394414
866	567.0342595758763	425.2756946819071	141.75856489396904	-425.2756946819071	8.389999999999986	8.389999999999986	141.75856489396904	-8.389999999999986	-567.0342595758763	425.2756946819071	133.36856489396905	8.389999999999986	425.2756946819071	-141.75856489396904	425.2756946819071	-425.2756946819071	8.39	141.75856489396915
867	607.771784625274	455.8288384689554	151.94294615631838	-455.8288384689554	8.389999999999986	8.389999999999986	151.94294615631838	-8.389999999999986	-607.771784625274	455.8288384689554	143.55294615631843	8.389999999999986	455.8288384689554	-151.94294615631838	455.8288384689554	-455.8288384689554	8.39	151.9429461563186
868	629.5345095740764	472.15088218055723	157.38362739351908	-472.15088218055723	8.389999999999986	8.389999999999986	157.38362739351908	-8.389999999999986	-629.5345095740764	472.15088218055723	148.9936273935191	8.389999999999986	472.15088218055723	-157.38362739351908	472.15088218055723	-472.15088218055723	8.39	157.3836273935192
869	685.7216351243756	514.2912263432816	171.43040878109377	-514.2912263432816	8.389999999999986	8.389999999999986	171.43040878109377	-8.389999999999986	-685.7216351243756	514.2912263432816	163.0404087810938	8.389999999999986	514.2912263432816	-171.43040878109377	514.2912263432816	-514.2912263432816	8.39	171.430408781094
870	720.158809575377	540.1191071815325	180.0397023938441	-540.1191071815325	8.389999999999986	8.389999999999986	180.0397023938441	-8.389999999999986	-720.158809575377	540.1191071815325	171.64970239384417	8.389999999999986	540.1191071815325	-180.0397023938441	540.1191071815325	-540.1191071815325	8.39	180.0397023938442
871	740.4554347764259	555.3415760823194	185.1138586941064	-555.3415760823194	8.389999999999986	8.389999999999986	185.1138586941064	-8.389999999999986	-740.4554347764259	555.3415760823194	176.72385869410647	8.389999999999986	555.3415760823194	-185.1138586941064	555.3415760823194	-555.3415760823194	8.39	185.1138586941065
872	745.1210350262753	558.8407762697062	186.28025875656874	-558.8407762697062	8.389999999999986	8.389999999999986	186.28025875656874	-8.389999999999986	-745.1210350262753	558.8407762697062	177.8902587565687	8.389999999999986	558.8407762697062	-186.28025875656874	558.8407762697062	-558.8407762697062	8.39	186.28025875656886
873	810.9710339247763	608.2282754435821	202.74275848119396	-608.2282754435821	8.389999999999986	8.389999999999986	202.74275848119396	-8.389999999999986	-810.9710339247763	608.2282754435821	194.35275848119397	8.389999999999986	608.2282754435821	-202.74275848119396	608.2282754435821	-608.2282754435821	8.39	202.7427584811942
874	283.06065797517624	212.2954934813821	70.76516449379403	-212.2954934813821	8.389999999999986	8.389999999999986	70.76516449379403	-8.389999999999986	-283.06065797517624	212.2954934813821	62.375164493794045	8.389999999999986	212.2954934813821	-70.76516449379403	212.2954934813821	-212.2954934813821	8.39	70.76516449379403
875	357.81045917477593	268.3578443810817	89.4526147936939	-268.3578443810817	8.389999999999986	8.389999999999986	89.4526147936939	-8.389999999999986	-357.81045917477593	268.3578443810817	81.06261479369391	8.389999999999986	268.3578443810817	-89.4526147936939	268.3578443810817	-268.3578443810817	8.39	89.45261479369391
876	364.0478843250754	273.0359132438065	91.01197108126883	-273.0359132438065	8.389999999999986	8.389999999999986	91.01197108126883	-8.389999999999986	-364.0478843250754	273.0359132438065	82.62197108126884	8.389999999999986	273.0359132438065	-91.01197108126883	273.0359132438065	-273.0359132438065	8.39	91.01197108126878
877	385.9228343243757	289.4421257432815	96.48070858109384	-289.4421257432815	8.389999999999986	8.389999999999986	96.48070858109384	-8.389999999999986	-385.9228343243757	289.4421257432815	88.09070858109385	8.389999999999986	289.4421257432815	-96.48070858109384	289.4421257432815	-289.4421257432815	8.39	96.4807085810938
878	454.48510997447613	340.863832480857	113.621277493619	-340.863832480857	8.389999999999986	8.389999999999986	113.621277493619	-8.389999999999986	-454.48510997447613	340.863832480857	105.23127749361902	8.389999999999986	340.863832480857	-113.621277493619	340.863832480857	-340.863832480857	8.39	113.6212774936189
879	457.6100599747757	343.2075449810817	114.4025149936939	-343.2075449810817	8.389999999999986	8.389999999999986	114.4025149936939	-8.389999999999986	-457.6100599747757	343.2075449810817	106.01251499369391	8.389999999999986	343.2075449810817	-114.4025149936939	343.2075449810817	-343.2075449810817	8.39	114.40251499369393
880	463.84748512507565	347.8856138438065	115.96187128126883	-347.8856138438065	8.389999999999986	8.389999999999986	115.96187128126883	-8.389999999999986	-463.84748512507565	347.8856138438065	107.57187128126884	8.389999999999986	347.8856138438065	-115.96187128126883	347.8856138438065	-347.8856138438065	8.39	115.96187128126877
881	495.109809974976	371.3323574812317	123.77745249374391	-371.3323574812317	8.389999999999986	8.389999999999986	123.77745249374391	-8.389999999999986	-495.109809974976	371.3323574812317	115.38745249374392	8.389999999999986	371.3323574812317	-123.77745249374391	371.3323574812317	-371.3323574812317	8.39	123.77745249374392
882	504.4847099752757	378.3635324814567	126.12117749381889	-378.3635324814567	8.389999999999986	8.389999999999986	126.12117749381889	-8.389999999999986	-504.4847099752757	378.3635324814567	117.7311774938189	8.389999999999986	378.3635324814567	-126.12117749381889	378.3635324814567	-378.3635324814567	8.39	126.12117749381895
883	635.7719347243764	476.828951043282	158.942983681094	-476.828951043282	8.389999999999986	8.389999999999986	158.942983681094	-8.389999999999986	-635.7719347243764	476.828951043282	150.55298368109402	8.389999999999986	476.828951043282	-158.942983681094	476.828951043282	-476.828951043282	8.39	158.94298368109395
884	823.4708839253761	617.6031629440319	205.86772098134395	-617.6031629440319	8.389999999999986	8.389999999999986	205.86772098134395	-8.389999999999986	-823.4708839253761	617.6031629440319	197.47772098134396	8.389999999999986	617.6031629440319	-205.86772098134395	617.6031629440319	-617.6031629440319	8.39	205.86772098134395
885	301.7480335252751	226.31102514395616	75.43700838131873	-226.31102514395616	8.389999999999986	8.389999999999986	75.43700838131872	-8.389999999999986	-301.7480335252751	226.31102514395616	67.04700838131872	8.389999999999986	226.31102514395616	-75.43700838131873	226.31102514395616	-226.31102514395616	8.39	75.43700838131872
886	359.3698092249257	269.5273569186942	89.84245230623135	-269.5273569186942	8.389999999999986	8.389999999999986	89.8424523062314	-8.389999999999986	-359.3698092249257	269.5273569186942	81.4524523062314	8.389999999999986	269.5273569186942	-89.84245230623135	269.5273569186942	-269.5273569186942	8.39	89.8424523062314
887	401.5476343252751	301.16072574395616	100.38690858131874	-301.16072574395616	8.389999999999986	8.389999999999986	100.38690858131872	-8.389999999999986	-401.5476343252751	301.16072574395616	91.99690858131872	8.389999999999986	301.16072574395616	-100.38690858131874	301.16072574395616	-301.16072574395616	8.39	100.38690858131872
888	496.66916002512573	372.5018700188442	124.16729000628136	-372.5018700188442	8.389999999999986	8.389999999999986	124.1672900062814	-8.389999999999986	-496.66916002512573	372.5018700188442	115.7772900062814	8.389999999999986	372.5018700188442	-124.16729000628136	372.5018700188442	-372.5018700188442	8.39	124.1672900062814
889	370.2728346250741	277.7046259688053	92.56820865626844	-277.7046259688053	8.389999999999986	8.389999999999986	92.56820865626844	-8.389999999999986	-370.2728346250741	277.7046259688053	84.17820865626845	8.389999999999986	277.7046259688053	-92.56820865626844	277.7046259688053	-277.7046259688053	8.39	92.56820865626848
890	398.42268432497497	298.81701324373114	99.60567108124371	-298.81701324373114	8.389999999999986	8.389999999999986	99.60567108124371	-8.389999999999986	-398.42268432497497	298.81701324373114	91.21567108124373	8.389999999999986	298.81701324373114	-99.60567108124371	298.81701324373114	-298.81701324373114	8.39	99.60567108124376
891	668.5185103252242	501.38888274391786	167.12962758130598	-501.38888274391786	8.389999999999986	8.389999999999986	167.12962758130595	-8.389999999999986	-668.5185103252242	501.38888274391786	158.73962758130597	8.389999999999986	501.38888274391786	-167.12962758130598	501.38888274391786	-501.38888274391786	8.39	167.12962758130595
892	886.1208335243754	664.5906251432813	221.5302083810938	-664.5906251432813	8.389999999999986	8.389999999999986	221.53020838109376	-8.389999999999986	-886.1208335243754	664.5906251432813	213.14020838109377	8.389999999999986	664.5906251432813	-221.5302083810938	664.5906251432813	-664.5906251432813	8.39	221.53020838109376
893	304.86361492547337	228.64771119410477	76.21590373136826	-228.64771119410477	8.389999999999986	8.389999999999986	76.21590373136826	-8.389999999999986	-304.86361492547337	228.64771119410477	67.82590373136827	8.389999999999986	228.64771119410477	-76.21590373136826	228.64771119410477	-228.64771119410477	8.39	76.21590373136823
894	206.99064092452488	155.2429806933934	51.747660231131135	-155.2429806933934	8.389999999999986	8.389999999999986	51.747660231131135	-8.389999999999986	-206.99064092452488	155.2429806933934	43.35766023113115	8.389999999999986	155.2429806933934	-51.747660231131135	155.2429806933934	-155.2429806933934	8.39	51.74766023113109
895	311.07614017497383	233.3071051312303	77.76903504374343	-233.3071051312303	8.389999999999986	8.389999999999986	77.76903504374343	-8.389999999999986	-311.07614017497383	233.3071051312303	69.37903504374344	8.389999999999986	233.3071051312303	-77.76903504374343	233.3071051312303	-233.3071051312303	8.39	77.76903504374333
896	258.1760892762728	193.63206695720453	64.54402231906818	-193.63206695720453	8.389999999999986	8.389999999999986	64.54402231906818	-8.389999999999986	-258.1760892762728	193.63206695720453	56.15402231906819	8.389999999999986	193.63206695720453	-64.54402231906818	193.63206695720453	-193.63206695720453	8.39	64.54402231906818
897	460.72564137497454	345.54423103123065	115.18141034374355	-345.54423103123065	8.389999999999986	8.389999999999986	115.18141034374355	-8.389999999999986	-460.72564137497454	345.54423103123065	106.79141034374356	8.389999999999986	345.54423103123065	-115.18141034374355	345.54423103123065	-345.54423103123065	8.39	115.18141034374355
898	523.1751917755736	392.38139383167993	130.7937979438933	-392.38139383167993	8.389999999999986	8.389999999999986	130.7937979438933	-8.389999999999986	-523.1751917755736	392.38139383167993	122.40379794389332	8.389999999999986	392.38139383167993	-130.7937979438933	392.38139383167993	-392.38139383167993	8.39	130.7937979438934
899	612.4280660748244	459.32104955611806	153.10701651870602	-459.32104955611806	8.389999999999986	8.389999999999986	153.10701651870602	-8.389999999999986	-612.4280660748244	459.32104955611806	144.71701651870603	8.389999999999986	459.32104955611806	-153.10701651870602	459.32104955611806	-459.32104955611806	8.39	153.107016518706
900	230.21341372747327	172.6600602956047	57.55335343186823	-172.6600602956047	8.389999999999986	8.389999999999986	57.55335343186823	-8.389999999999986	-230.21341372747327	172.6600602956047	49.163353431868245	8.389999999999986	172.6600602956047	-57.55335343186823	172.6600602956047	-172.6600602956047	8.39	57.55335343186811
901	342.21366532487434	256.6602489936555	85.5534163312185	-256.6602489936555	8.389999999999986	8.389999999999986	85.5534163312185	-8.389999999999986	-342.21366532487434	256.6602489936555	77.16341633121851	8.389999999999986	256.6602489936555	-85.5534163312185	256.6602489936555	-256.6602489936555	8.39	85.5534163312186
902	404.6632157254734	303.4974117941048	101.16580393136826	-303.4974117941048	8.389999999999986	8.389999999999986	101.16580393136826	-8.389999999999986	-404.6632157254734	303.4974117941048	92.77580393136827	8.389999999999986	303.4974117941048	-101.16580393136826	303.4974117941048	-303.4974117941048	8.39	101.16580393136836
903	666.9622665252735	500.2216998939549	166.7405666313183	-500.2216998939549	8.389999999999986	8.389999999999986	166.7405666313183	-8.389999999999986	-666.9622665252735	500.2216998939549	158.35056663131832	8.389999999999986	500.2216998939549	-166.7405666313183	500.2216998939549	-500.2216998939549	8.39	166.7405666313184
904	743.5647912263254	557.673593419744	185.89119780658132	-557.673593419744	8.389999999999986	8.389999999999986	185.89119780658132	-8.389999999999986	-743.5647912263254	557.673593419744	177.50119780658133	8.389999999999986	557.673593419744	-185.89119780658132	557.673593419744	-557.673593419744	8.39	185.8911978065813
905	448.2257913743748	336.169343530781	112.05644784359367	-336.169343530781	8.389999999999986	8.389999999999986	112.05644784359367	-8.389999999999986	-448.2257913743748	336.169343530781	103.66644784359369	8.389999999999986	336.169343530781	-112.05644784359367	336.169343530781	-336.169343530781	8.39	112.0564478435936
906	292.4136645256748	219.31024839425584	73.10341613141861	-219.31024839425584	8.389999999999986	8.389999999999986	73.10341613141861	-8.389999999999986	-292.4136645256748	219.31024839425584	64.71341613141863	8.389999999999986	219.31024839425584	-73.10341613141861	219.31024839425584	-219.31024839425584	8.39	73.10341613141858
907	604.6624157254736	453.49681179410493	151.1656039313683	-453.49681179410493	8.389999999999986	8.389999999999986	151.1656039313683	-8.389999999999986	-604.6624157254736	453.49681179410493	142.77560393136832	8.389999999999986	453.49681179410493	-151.1656039313683	453.49681179410493	-453.49681179410493	8.39	151.1656039313684
908	634.2156909244262	475.6617681933194	158.55392273110658	-475.6617681933194	8.389999999999986	8.389999999999986	158.55392273110658	-8.389999999999986	-634.2156909244262	475.6617681933194	150.1639227311066	8.389999999999986	475.6617681933194	-158.55392273110658	475.6617681933194	-475.6617681933194	8.39	158.55392273110624
909	205.43751582467382	154.0781368685051	51.35937895616837	-154.0781368685051	8.389999999999986	8.389999999999986	51.35937895616837	-8.389999999999986	-205.43751582467382	154.0781368685051	42.969378956168384	8.389999999999986	154.0781368685051	-51.35937895616837	154.0781368685051	-154.0781368685051	8.39	51.35937895616844
910	241.09153922682265	180.8186544201168	60.27288480670552	-180.8186544201168	8.389999999999986	8.389999999999986	60.27288480670552	-8.389999999999986	-241.09153922682265	180.8186544201168	51.882884806705555	8.389999999999986	180.8186544201168	-60.27288480670552	180.8186544201168	-180.8186544201168	8.39	60.27288480670563
911	410.87574097497367	308.1568057312302	102.71893524374354	-308.1568057312302	8.389999999999986	8.389999999999986	102.71893524374354	-8.389999999999986	-410.87574097497367	308.1568057312302	94.32893524374356	8.389999999999986	308.1568057312302	-102.71893524374354	308.1568057312302	-308.1568057312302	8.39	102.71893524374309
912	445.1257412748756	333.8443059561565	111.28143531871876	-333.8443059561565	8.389999999999986	8.389999999999986	111.28143531871876	-8.389999999999986	-445.1257412748756	333.8443059561565	102.89143531871882	8.389999999999986	333.8443059561565	-111.28143531871876	333.8443059561565	-333.8443059561565	8.39	111.28143531871888
913	295.52613967567436	221.6446047567556	73.88153491891858	-221.6446047567556	8.389999999999986	8.389999999999986	73.88153491891853	-8.389999999999986	-295.52613967567436	221.6446047567556	65.49153491891853	8.389999999999986	221.6446047567556	-73.88153491891858	221.6446047567556	-221.6446047567556	8.39	73.88153491891853
914	407.77569087547386	305.8317681566052	101.94392271886845	-305.8317681566052	8.389999999999986	8.389999999999986	101.94392271886841	-8.389999999999986	-407.77569087547386	305.8317681566052	93.5539227188684	8.389999999999986	305.8317681566052	-101.94392271886845	305.8317681566052	-305.8317681566052	8.39	101.94392271886841
915	520.0751416760743	390.05635625705554	130.01878541901854	-390.05635625705554	8.389999999999986	8.389999999999986	130.0187854190185	-8.389999999999986	-520.0751416760743	390.05635625705554	121.62878541901851	8.389999999999986	390.05635625705554	-130.01878541901854	390.05635625705554	-390.05635625705554	8.39	130.0187854190185
916	264.38861452577373	198.29146089433004	66.09715363144335	-198.29146089433004	8.389999999999986	8.389999999999986	66.09715363144335	-8.389999999999986	-264.38861452577373	198.29146089433004	57.70715363144336	8.389999999999986	198.29146089433004	-66.09715363144335	198.29146089433004	-198.29146089433004	8.39	66.09715363144339
917	244.19158932632274	183.14369199474197	61.04789733158066	-183.14369199474197	8.389999999999986	8.389999999999986	61.04789733158066	-8.389999999999986	-244.19158932632274	183.14369199474197	52.657897331580614	8.389999999999986	183.14369199474197	-61.04789733158066	183.14369199474197	-183.14369199474197	8.39	61.04789733158077
918	867.3614649252743	650.5210986939555	216.84036623131854	-650.5210986939555	8.389999999999986	8.389999999999986	216.8403662313185	-8.389999999999986	-867.3614649252743	650.5210986939555	208.45036623131853	8.389999999999986	650.5210986939555	-216.84036623131854	650.5210986939555	-650.5210986939555	8.39	216.8403662313185
919	646.6780663747242	485.0085497810429	161.6695165936809	-485.0085497810429	8.389999999999986	8.389999999999986	161.6695165936809	-8.389999999999986	-646.6780663747242	485.0085497810429	153.27951659368094	8.389999999999986	485.0085497810429	-161.6695165936809	485.0085497810429	-485.0085497810429	8.39	161.669516593681
920	286.1762393753754	214.6321795315314	71.54405984384381	-214.6321795315314	8.389999999999986	8.389999999999986	71.5440598438438	-8.389999999999986	-286.1762393753754	214.6321795315314	63.1540598438438	8.389999999999986	214.6321795315314	-71.54405984384381	214.6321795315314	-214.6321795315314	8.39	71.5440598438438
921	318.84179052432364	239.13134289324262	79.71044763108091	-239.13134289324262	8.389999999999986	8.389999999999986	79.71044763108087	-8.389999999999986	-318.84179052432364	239.13134289324262	71.32044763108087	8.389999999999986	239.13134289324262	-79.71044763108091	239.13134289324262	-239.13134289324262	8.39	79.71044763108088
922	548.2249913759748	411.168743531981	137.05624784399367	-411.168743531981	8.389999999999986	8.389999999999986	137.05624784399367	-8.389999999999986	-548.2249913759748	411.168743531981	128.6662478439937	8.389999999999986	411.168743531981	-137.05624784399367	411.168743531981	-411.168743531981	8.39	137.05624784399367
923	773.2739909763758	579.9554932322816	193.31849774409386	-579.9554932322816	8.389999999999986	8.389999999999986	193.31849774409386	-8.389999999999986	-773.2739909763758	579.9554932322816	184.92849774409387	8.389999999999986	579.9554932322816	-193.31849774409386	579.9554932322816	-579.9554932322816	8.39	193.31849774409386
924	898.6237897751752	673.9678423313811	224.6559474437937	-673.9678423313811	8.389999999999986	8.389999999999986	224.6559474437937	-8.389999999999986	-898.6237897751752	673.9678423313811	216.26594744379372	8.389999999999986	673.9678423313811	-224.6559474437937	673.9678423313811	-673.9678423313811	8.39	224.6559474437937
925	368.7165908251242	276.53744311884304	92.17914770628101	-276.53744311884304	8.389999999999986	8.389999999999986	92.17914770628101	-8.389999999999986	-368.7165908251242	276.53744311884304	83.78914770628099	8.389999999999986	276.53744311884304	-92.17914770628101	276.53744311884304	-276.53744311884304	8.39	92.17914770628113
926	396.8664405250255	297.64983039376887	99.21661013125629	-297.64983039376887	8.389999999999986	8.389999999999986	99.21661013125629	-8.389999999999986	-396.8664405250255	297.64983039376887	90.82661013125626	8.389999999999986	297.64983039376887	-99.21661013125629	297.64983039376887	-297.64983039376887	8.39	99.2166101312564
927	821.9146401254262	616.4359800940696	205.47866003135653	-616.4359800940696	8.389999999999986	8.389999999999986	205.47866003135653	-8.389999999999986	-821.9146401254262	616.4359800940696	197.08866003135648	8.389999999999986	616.4359800940696	-205.47866003135653	616.4359800940696	-616.4359800940696	8.39	205.47866003135664
928	234.87901397732242	176.15926048299173	58.719753494330575	-176.15926048299173	8.389999999999986	8.389999999999986	58.719753494330575	-8.389999999999986	-234.87901397732242	176.15926048299173	50.32975349433059	8.389999999999986	176.15926048299173	-58.719753494330575	176.15926048299173	-176.15926048299173	8.39	58.71975349433053
929	868.9145900251241	651.6859425188428	217.22864750628094	-651.6859425188428	8.389999999999986	8.389999999999986	217.22864750628094	-8.389999999999986	-868.9145900251241	651.6859425188428	208.83864750628095	8.389999999999986	651.6859425188428	-217.22864750628094	651.6859425188428	-651.6859425188428	8.39	217.228647506281
930	345.3261404748748	258.99460535615594	86.3315351187186	-258.99460535615594	8.389999999999986	8.389999999999986	86.33153511871865	-8.389999999999986	-345.3261404748748	258.99460535615594	77.94153511871865	8.389999999999986	258.99460535615594	-86.3315351187186	258.99460535615594	-258.99460535615594	8.39	86.33153511871865
931	413.98821612497363	310.49116209373005	103.49705403124331	-310.49116209373005	8.389999999999986	8.389999999999986	103.49705403124335	-8.389999999999986	-413.98821612497363	310.49116209373005	95.10705403124335	8.389999999999986	310.49116209373005	-103.49705403124331	310.49116209373005	-310.49116209373005	8.39	103.49705403124335
932	466.9630665252746	350.2222998939558	116.74076663131855	-350.2222998939558	8.389999999999986	8.389999999999986	116.74076663131859	-8.389999999999986	-466.9630665252746	350.2222998939558	108.35076663131859	8.389999999999986	350.2222998939558	-116.74076663131855	350.2222998939558	-350.2222998939558	8.39	116.74076663131859
933	360.9260405749749	270.694530431231	90.23151014374366	-270.69453043123104	8.389999999999986	8.389999999999986	90.23151014374368	-8.389999999999986	-360.9260405749749	270.69453043123104	81.84151014374368	8.389999999999986	270.69453043123104	-90.23151014374366	270.69453043123104	-270.69453043123104	8.39	90.23151014374369
934	498.2253913751749	373.669043531381	124.55634784379367	-373.6690435313811	8.389999999999986	8.389999999999986	124.55634784379369	-8.389999999999986	-498.2253913751749	373.6690435313811	116.16634784379369	8.389999999999986	373.6690435313811	-124.55634784379367	373.6690435313811	-373.6690435313811	8.39	124.5563478437937
935	213.17836567402594	159.88377425551937	53.29459141850646	-159.88377425551937	8.389999999999986	8.389999999999986	53.29459141850646	-8.389999999999986	-213.17836567402594	159.88377425551937	44.904591418506435	8.389999999999986	159.88377425551937	-53.29459141850646	159.88377425551937	-159.88377425551937	8.39	53.29459141850657
936	346.8792655747244	260.1594491810432	86.71981639368107	-260.1594491810432	8.389999999999986	8.389999999999986	86.71981639368107	-8.389999999999986	-346.8792655747244	260.1594491810432	78.32981639368104	8.389999999999986	260.1594491810432	-86.71981639368107	260.1594491810432	-260.1594491810432	8.39	86.71981639368119
937	435.7758409745759	326.83188073093174	108.94396024364391	-326.83188073093174	8.389999999999986	8.389999999999986	108.94396024364391	-8.389999999999986	-435.7758409745759	326.83188073093174	100.55396024364389	8.389999999999986	326.83188073093174	-108.94396024364391	326.83188073093174	-326.83188073093174	8.39	108.94396024364391
938	255.06361412627393	191.29771059470534	63.76590353156848	-191.29771059470534	8.389999999999986	8.389999999999986	63.76590353156848	-8.389999999999986	-255.06361412627393	191.29771059470534	55.37590353156846	8.389999999999986	191.29771059470534	-63.76590353156848	191.29771059470534	-191.29771059470534	8.39	63.76590353156837
939	202.33746572517452	151.75309929388072	50.584366431293546	-151.75309929388072	8.389999999999986	8.389999999999986	50.584366431293574	-8.389999999999986	-202.33746572517452	151.75309929388072	42.194366431293574	8.389999999999986	151.75309929388072	-50.584366431293546	151.75309929388072	-151.75309929388072	8.39	50.58436643129359
940	239.5384141269726	179.6538105952293	59.88460353174307	-179.6538105952293	8.389999999999986	8.389999999999986	59.884603531743096	-8.389999999999986	-239.5384141269726	179.6538105952293	51.494603531743095	8.389999999999986	179.6538105952293	-59.88460353174307	179.6538105952293	-179.6538105952293	8.39	59.88460353174311
941	442.0132661248756	331.50994959365653	110.50331653121881	-331.50994959365653	8.389999999999986	8.389999999999986	110.50331653121884	-8.389999999999986	-442.0132661248756	331.50994959365653	102.11331653121884	8.389999999999986	331.50994959365653	-110.50331653121881	331.50994959365653	-331.50994959365653	8.39	110.50331653121884
942	510.72524137577534	383.04393103183133	127.68131034394375	-383.04393103183133	8.389999999999986	8.389999999999986	127.68131034394378	-8.389999999999986	-510.72524137577534	383.04393103183133	119.29131034394378	8.389999999999986	383.04393103183133	-127.68131034394375	383.04393103183133	-383.04393103183133	8.39	127.68131034394378
943	573.2747909763759	429.9560932322818	143.3186977440939	-429.9560932322818	8.389999999999986	8.389999999999986	143.31869774409392	-8.389999999999986	-573.2747909763759	429.9560932322818	134.92869774409394	8.389999999999986	429.9560932322818	-143.3186977440939	429.9560932322818	-429.9560932322818	8.39	143.31869774409392
944	609.3280159753233	456.9960119814923	152.33200399383074	-456.9960119814923	8.389999999999986	8.389999999999986	152.33200399383077	-8.389999999999986	-609.3280159753233	456.9960119814923	143.94200399383078	8.389999999999986	456.9960119814923	-152.33200399383074	456.9960119814923	-456.9960119814923	8.39	152.33200399383077
945	620.1751408744755	465.1313556558565	155.0437852186188	-465.1313556558565	8.389999999999986	8.389999999999986	155.04378521861884	-8.389999999999986	-620.1751408744755	465.1313556558565	146.65378521861885	8.389999999999986	465.1313556558565	-155.0437852186188	465.1313556558565	-465.1313556558565	8.39	155.04378521861884
946	642.0124661248752	481.50934959365634	160.50311653121875	-481.50934959365634	8.389999999999986	8.389999999999986	160.50311653121878	-8.389999999999986	-642.0124661248752	481.50934959365634	152.1131165312188	8.389999999999986	481.50934959365634	-160.50311653121875	481.50934959365634	-481.50934959365634	8.39	160.50311653121878
947	735.7742409761761	551.8306807321319	183.94356024404394	-551.8306807321319	8.389999999999986	8.389999999999986	183.94356024404397	-8.389999999999986	-735.7742409761761	551.8306807321319	175.55356024404398	8.389999999999986	551.8306807321319	-183.94356024404394	551.8306807321319	-551.8306807321319	8.39	183.94356024404397
948	746.6772663763243	560.007949782243	186.66931659408098	-560.007949782243	8.389999999999986	8.389999999999986	186.669316594081	-8.389999999999986	-746.6772663763243	560.007949782243	178.27931659408102	8.389999999999986	560.007949782243	-186.66931659408098	560.007949782243	-560.007949782243	8.39	186.669316594081
949	872.0270651751237	654.0202988813426	218.00676629378083	-654.0202988813426	8.389999999999986	8.389999999999986	218.00676629378086	-8.389999999999986	-872.0270651751237	654.0202988813426	209.61676629378087	8.389999999999986	654.0202988813426	-218.00676629378083	654.0202988813426	-654.0202988813426	8.39	218.00676629378086
950	671.6278667751232	503.72090008134217	167.90696669378076	-503.72090008134217	8.389999999999986	8.389999999999986	167.90696669378073	-8.389999999999986	-671.6278667751232	503.72090008134217	159.51696669378072	8.389999999999986	503.72090008134217	-167.90696669378076	503.72090008134217	-503.72090008134217	8.39	167.9069666937807
951	306.4167400253235	229.81255501899238	76.6041850063308	-229.81255501899238	8.389999999999986	8.389999999999986	76.6041850063308	-8.389999999999986	-306.4167400253235	229.81255501899238	68.21418500633081	8.389999999999986	229.81255501899238	-76.6041850063308	229.81255501899238	-229.81255501899238	8.39	76.60418500633088
952	314.1886153249742	235.6414614937304	78.54715383124346	-235.6414614937304	8.389999999999986	8.389999999999986	78.54715383124346	-8.389999999999986	-314.1886153249742	235.6414614937304	70.15715383124348	8.389999999999986	235.6414614937304	-78.54715383124346	235.6414614937304	-235.6414614937304	8.39	78.54715383124335
953	470.0755416752744	352.55665625645554	117.51888541881851	-352.55665625645554	8.389999999999986	8.389999999999986	117.51888541881851	-8.389999999999986	-470.0755416752744	352.55665625645554	109.12888541881853	8.389999999999986	352.55665625645554	-117.51888541881851	352.55665625645554	-352.55665625645554	8.39	117.5188854188184
954	606.2155408253237	454.66165561899254	151.55388520633085	-454.66165561899254	8.389999999999986	8.389999999999986	151.55388520633085	-8.389999999999986	-606.2155408253237	454.66165561899254	143.16388520633086	8.389999999999986	454.66165561899254	-151.55388520633085	454.66165561899254	-454.66165561899254	8.39	151.55388520633093
955	621.7282659743249	466.29619948074344	155.43206649358115	-466.29619948074344	8.389999999999986	8.389999999999986	155.43206649358115	-8.389999999999986	-621.7282659743249	466.29619948074344	147.04206649358116	8.389999999999986	466.29619948074344	-155.43206649358115	466.29619948074344	-466.29619948074344	8.39	155.43206649358112
956	861.1240397749751	645.8430298312311	215.2810099437437	-645.8430298312311	8.389999999999986	8.389999999999986	215.2810099437437	-8.389999999999986	-861.1240397749751	645.8430298312311	206.8910099437437	8.389999999999986	645.8430298312311	-215.2810099437437	645.8430298312311	-645.8430298312311	8.39	215.28100994374378
957	315.7417404248233	236.80630531861732	78.935435106206	-236.80630531861732	8.389999999999986	8.389999999999986	78.935435106206	-8.389999999999986	-315.7417404248233	236.80630531861732	70.54543510620601	8.389999999999986	236.80630531861732	-78.935435106206	236.80630531861732	-236.80630531861732	8.39	78.93543510620532
958	415.5413412248232	311.6560059186173	103.88533530620589	-311.6560059186173	8.389999999999986	8.389999999999986	103.88533530620589	-8.389999999999986	-415.5413412248232	311.6560059186173	95.4953353062059	8.389999999999986	311.6560059186173	-103.88533530620589	311.6560059186173	-311.6560059186173	8.39	103.88533530620555
959	471.6286667751235	353.72150008134247	117.90716669378105	-353.72150008134247	8.389999999999986	8.389999999999986	117.90716669378105	-8.389999999999986	-471.6286667751235	353.72150008134247	109.51716669378106	8.389999999999986	353.72150008134247	-117.90716669378105	353.72150008134247	-353.72150008134247	8.39	117.90716669378037
960	670.0747416752735	502.55605625645507	167.51868541881856	-502.55605625645507	8.389999999999986	8.389999999999986	167.51868541881856	-8.389999999999986	-670.0747416752735	502.55605625645507	159.12868541881858	8.389999999999986	502.55605625645507	-167.51868541881856	502.55605625645507	-502.55605625645507	8.39	167.51868541881788
961	335.9762401745759	251.98218013093174	83.9940600436439	-251.98218013093174	8.389999999999986	8.389999999999986	83.99406004364391	-8.389999999999986	-335.9762401745759	251.98218013093174	75.60406004364391	8.389999999999986	251.98218013093174	-83.9940600436439	251.98218013093174	-251.98218013093174	8.39	83.99406004364391
962	367.1634657252746	275.3725992939558	91.79086643131858	-275.3725992939558	8.389999999999986	8.389999999999986	91.79086643131859	-8.389999999999986	-367.1634657252746	275.3725992939558	83.40086643131859	8.389999999999986	275.3725992939558	-91.79086643131858	275.3725992939558	-275.3725992939558	8.39	91.79086643131859
963	418.6413913243234	313.9810434932424	104.66034783108078	-313.9810434932424	8.389999999999986	8.389999999999986	104.6603478310808	-8.389999999999986	-418.6413913243234	313.9810434932424	96.2703478310808	8.389999999999986	313.9810434932424	-104.66034783108078	313.9810434932424	-313.9810434932424	8.39	104.6603478310808
964	265.94173962562263	199.45630471921686	66.48543490640566	-199.45630471921692	8.389999999999986	8.389999999999986	66.48543490640564	-8.389999999999986	-265.94173962562263	199.45630471921692	58.09543490640564	8.389999999999986	199.45630471921692	-66.48543490640566	199.45630471921692	-199.45630471921692	8.39	66.48543490640563
965	269.0417897251235	201.78134229384239	67.2604474312808	-201.78134229384239	8.389999999999986	8.389999999999986	67.2604474312808	-8.389999999999986	-269.0417897251235	201.78134229384239	58.87044743128081	8.389999999999986	201.78134229384239	-67.2604474312808	201.78134229384239	-201.78134229384239	8.39	67.26044743128078
966	371.8290659751234	278.8717994813424	92.95726649378082	-278.8717994813424	8.389999999999986	8.389999999999986	92.95726649378082	-8.389999999999986	-371.8290659751234	278.8717994813424	84.56726649378078	8.389999999999986	278.8717994813424	-92.95726649378082	278.8717994813424	-278.8717994813424	8.39	92.95726649378082
967	698.224591375175	523.6684435313812	174.5561478437936	-523.6684435313812	8.389999999999986	8.389999999999986	174.5561478437936	-8.389999999999986	-698.224591375175	523.6684435313812	166.1661478437938	8.389999999999986	523.6684435313812	-174.5561478437936	523.6684435313812	-523.6684435313812	8.39	174.55614784379378
968	660.7248413749751	495.54363103123114	165.1812103437437	-495.54363103123114	8.389999999999986	8.389999999999986	165.18121034374371	-8.389999999999986	-660.7248413749751	495.54363103123114	156.79121034374373	8.389999999999986	495.54363103123114	-165.1812103437437	495.54363103123114	-495.54363103123114	8.39	165.18121034374371
969	723.2743909755757	542.4557932316816	180.81859774389392	-542.4557932316816	8.389999999999986	8.389999999999986	180.81859774389386	-8.389999999999986	-723.2743909755757	542.4557932316816	172.42859774389387	8.389999999999986	542.4557932316816	-180.81859774389392	542.4557932316816	-542.4557932316816	8.39	180.81859774389386
970	742.0116661264752	556.5087495948563	185.50291653161875	-556.5087495948563	8.389999999999986	8.389999999999986	185.50291653161878	-8.389999999999986	-742.0116661264752	556.5087495948563	177.1129165316188	8.389999999999986	556.5087495948563	-185.50291653161875	556.5087495948563	-556.5087495948563	8.39	185.50291653161878
971	974.0747909763761	730.5560932322819	243.51869774409394	-730.5560932322819	8.389999999999986	8.389999999999986	243.51869774409397	-8.389999999999986	-974.0747909763761	730.5560932322819	235.12869774409398	8.389999999999986	730.5560932322819	-243.51869774409394	730.5560932322819	-730.5560932322819	8.39	243.51869774409397
972	233.32588887747227	174.99441665810411	58.33147221936804	-174.99441665810411	8.389999999999986	8.389999999999986	58.33147221936804	-8.389999999999986	-233.32588887747227	174.99441665810411	49.94147221936805	8.389999999999986	174.99441665810411	-58.33147221936804	174.99441665810411	-174.99441665810411	8.39	58.33147221936808
973	259.72921437612297	194.79691078209214	64.93230359403071	-194.79691078209214	8.389999999999986	8.389999999999986	64.93230359403071	-8.389999999999986	-259.72921437612297	194.79691078209214	56.54230359403073	8.389999999999986	194.79691078209214	-64.93230359403071	194.79691078209214	-194.79691078209214	8.39	64.93230359403073
974	297.07926477552417	222.80944858164287	74.26981619388096	-222.80944858164287	8.389999999999986	8.389999999999986	74.26981619388096	-8.389999999999986	-297.07926477552417	222.80944858164287	65.87981619388097	8.389999999999986	222.80944858164287	-74.26981619388096	222.80944858164287	-222.80944858164287	8.39	74.26981619388097
975	515.4033164759245	386.5524873569433	128.8508291189811	-386.5524873569433	8.389999999999986	8.389999999999986	128.8508291189811	-8.389999999999986	-515.4033164759245	386.5524873569433	120.46082911898111	8.389999999999986	386.5524873569433	-128.8508291189811	386.5524873569433	-386.5524873569433	8.39	128.85082911898112
976	643.5655912247245	482.67419341854327	160.8913978061811	-482.67419341854327	8.389999999999986	8.389999999999986	160.8913978061811	-8.389999999999986	-643.5655912247245	482.67419341854327	152.5013978061811	8.389999999999986	482.67419341854327	-160.8913978061811	482.67419341854327	-482.67419341854327	8.39	160.89139780618106
977	521.6251605257227	391.2188703942919	130.40629013143064	-391.2188703942919	8.389999999999986	8.389999999999986	130.40629013143064	-8.389999999999986	-521.6251605257227	391.2188703942919	122.01629013143065	8.389999999999986	391.2188703942919	-130.40629013143064	391.2188703942919	-391.2188703942919	8.39	130.40629013143055
978	446.6757601245232	335.0068200933923	111.66894003113077	-335.0068200933923	8.389999999999986	8.389999999999986	111.66894003113077	-8.389999999999986	-446.6757601245232	335.0068200933923	103.27894003113079	8.389999999999986	335.0068200933923	-111.66894003113077	335.0068200933923	-335.0068200933923	8.39	111.66894003113079
979	242.64155807647137	181.98116855735327	60.66038951911776	-181.98116855735327	8.389999999999986	8.389999999999986	60.66038951911776	-8.389999999999986	-242.64155807647137	181.98116855735327	52.27038951911777	8.389999999999986	181.98116855735327	-60.66038951911776	181.98116855735327	-181.98116855735327	8.39	60.660389519117864
980	203.88748457482313	152.9156134311171	50.9718711437057	-152.9156134311171	8.389999999999986	8.389999999999986	50.9718711437057	-8.389999999999986	-203.88748457482313	152.9156134311171	42.58187114370571	8.389999999999986	152.9156134311171	-50.9718711437057	152.9156134311171	-152.9156134311171	8.39	50.97187114370568
981	409.32570972512246	306.9942822938416	102.33142743128053	-306.9942822938416	8.389999999999986	8.389999999999986	102.33142743128053	-8.389999999999986	-409.32570972512246	306.9942822938416	93.94142743128054	8.389999999999986	306.9942822938416	-102.33142743128053	306.9942822938416	-306.9942822938416	8.39	102.33142743128063
982	219.3629841733283	164.52223812999603	54.84074604333193	-164.52223812999603	8.389999999999986	8.389999999999986	54.84074604333193	-8.389999999999986	-219.3629841733283	164.52223812999603	46.450746043331996	8.389999999999986	164.52223812999603	-54.84074604333193	164.52223812999603	-164.52223812999603	8.39	54.84074604333205
983	210.087584773824	157.56568858036792	52.52189619345597	-157.56568858036792	8.389999999999986	8.389999999999986	52.52189619345597	-8.389999999999986	-210.087584773824	157.56568858036792	44.13189619345599	8.389999999999986	157.56568858036792	-52.52189619345597	157.56568858036792	-157.56568858036792	8.39	52.52189619345594
984	673.1778856247734	504.8834142185799	168.29447140619357	-504.8834142185799	8.389999999999986	8.389999999999986	168.29447140619357	-8.389999999999986	-673.1778856247734	504.8834142185799	159.90447140619358	8.389999999999986	504.8834142185799	-168.29447140619357	504.8834142185799	-504.8834142185799	8.39	168.29447140619277
985	216.2753095233264	162.20648214249456	54.06882738083175	-162.20648214249456	8.389999999999986	8.389999999999986	54.06882738083175	-8.389999999999986	-216.2753095233264	162.20648214249456	45.67882738083176	8.389999999999986	162.20648214249456	-54.06882738083175	162.20648214249456	-162.20648214249456	8.39	54.06882738083107
986	261.27923322577305	195.95942491932954	65.3198083064434	-195.95942491932954	8.389999999999986	8.389999999999986	65.3198083064434	-8.389999999999986	-261.27923322577305	195.95942491932954	56.92980830644342	8.389999999999986	195.95942491932954	-65.3198083064434	195.95942491932954	-195.95942491932954	8.39	65.31980830644272
987	270.5918085747734	202.94385643107978	67.64795214369349	-202.94385643107978	8.389999999999986	8.389999999999986	67.64795214369349	-8.389999999999986	-270.5918085747734	202.94385643107978	59.2579521436935	8.389999999999986	202.94385643107978	-67.64795214369349	202.94385643107978	-202.94385643107978	8.39	67.6479521436928
988	421.73833517362425	316.30375138021793	105.43458379340609	-316.30375138021793	8.389999999999986	8.389999999999986	105.43458379340609	-8.389999999999986	-421.73833517362425	316.30375138021793	97.0445837934061	8.389999999999986	316.30375138021793	-105.43458379340609	316.30375138021793	-316.30375138021793	8.39	105.43458379340575
989	236.42903282697205	177.3217746202289	59.10725820674293	-177.3217746202289	8.389999999999986	8.389999999999986	59.10725820674297	-8.389999999999986	-236.42903282697205	177.3217746202289	50.71725820674297	8.389999999999986	177.3217746202289	-59.10725820674293	177.3217746202289	-177.3217746202289	8.39	59.107258206742955
990	267.49175847527283	200.6188188564546	66.87293961881812	-200.6188188564546	8.389999999999986	8.389999999999986	66.87293961881812	-8.389999999999986	-267.49175847527283	200.6188188564546	58.48293961881817	8.389999999999986	200.6188188564546	-66.87293961881812	200.6188188564546	-200.6188188564546	8.39	66.87293961881824
991	247.28853317562323	185.46639988171728	61.82213329390572	-185.46639988171728	8.389999999999986	8.389999999999986	61.82213329390572	-8.389999999999986	-247.28853317562323	185.46639988171728	53.43213329390577	8.389999999999986	185.46639988171728	-61.82213329390572	185.46639988171728	-185.46639988171728	8.39	61.82213329390572
992	298.62928362517414	223.97196271888038	74.65732090629353	-223.97196271888038	8.389999999999986	8.389999999999986	74.65732090629353	-8.389999999999986	-298.62928362517414	223.97196271888038	66.26732090629343	8.389999999999986	223.97196271888038	-74.65732090629353	223.97196271888038	-223.97196271888038	8.39	74.65732090629342
993	420.1914101739733	315.1435576304799	105.04785254349326	-315.1435576304799	8.389999999999986	8.389999999999986	105.04785254349326	-8.389999999999986	-420.1914101739733	315.1435576304799	96.65785254349333	8.389999999999986	315.1435576304799	-105.04785254349326	315.1435576304799	-315.1435576304799	8.39	105.04785254349332
994	610.8780348249732	458.1585261187298	152.71950870624323	-458.1585261187298	8.389999999999986	8.389999999999986	152.71950870624323	-8.389999999999986	-610.8780348249732	458.1585261187298	144.3295087062433	8.389999999999986	458.1585261187298	-152.71950870624323	458.1585261187298	-458.1585261187298	8.39	152.7195087062433
995	623.2782848239748	467.45871361798095	155.8195712059936	-467.45871361798095	8.389999999999986	8.389999999999986	155.8195712059936	-8.389999999999986	-623.2782848239748	467.45871361798095	147.42957120599368	8.389999999999986	467.45871361798095	-155.8195712059936	467.45871361798095	-467.45871361798095	8.39	155.81957120599367
996	748.2272852259741	561.1704639194804	187.05682130649348	-561.1704639194804	8.389999999999986	8.389999999999986	187.05682130649348	-8.389999999999986	-748.2272852259741	561.1704639194804	178.6668213064935	8.389999999999986	561.1704639194804	-187.05682130649348	561.1704639194804	-561.1704639194804	8.39	187.05682130649348
997	208.54065977417417	156.40549483063046	52.13516494354352	-156.40549483063046	8.389999999999986	8.389999999999986	52.13516494354349	-8.389999999999986	-208.54065977417417	156.40549483063046	43.745164943543486	8.389999999999986	156.40549483063046	-52.13516494354352	156.40549483063046	-156.40549483063046	8.39	52.1351649435435
998	613.9780849244737	460.4835636933551	153.4945212311184	-460.4835636933551	8.389999999999986	8.389999999999986	153.49452123111837	-8.389999999999986	-613.9780849244737	460.4835636933551	145.10452123111838	8.389999999999986	460.4835636933551	-153.4945212311184	460.4835636933551	-460.4835636933551	8.39	153.49452123111837
999	648.2280852243741	486.1710639182804	162.05702130609345	-486.1710639182804	8.389999999999986	8.389999999999986	162.05702130609347	-8.389999999999986	-648.2280852243741	486.1710639182804	153.6670213060935	8.389999999999986	486.1710639182804	-162.05702130609345	486.1710639182804	-486.1710639182804	8.39	162.05702130609347
