	rxn10125	rxn00083	rxn05312	rxn05318	rxn00615	rxn00148	rxn05145	rxn00250	rxn00134	rxn00102	rxn05581	rxn00097	rxn00251	rxn10165	rxn05319	EX_cpd00182_e	EX_cpd00100_e	EX_cpd00080_e	EX_cpd00067_e	EX_cpd00001_e	EX_cpd00009_e	ATPM	DM_cpd00002_c
0	-484.4378531666667	-484.4378531666667	726.65677975	242.21892658333334	-726.65677975	8.39	0.0	8.39	242.21892658333334	-8.39	726.65677975	233.82892658333333	8.39	726.65677975	0.0	-242.21892658333334	726.65677975	-726.65677975	0.0	0.0	0.0	8.39	242.21892658333337
1	-460.8560680000001	-460.8560680000001	617.2714240000001	304.4407120000001	-913.3221360000002	304.4407120000001	296.0507120000001	304.4407120000001	304.4407120000001	-304.4407120000001	913.3221360000002	0.0	304.4407120000001	913.3221360000002	0.0	-304.4407120000001	913.3221360000002	-913.3221360000002	1.1368683772161603e-13	0.0	0.0	8.39	304.4407120000001
2	-324.1612966439999	-324.1612966439999	449.16159328799984	199.16099999999994	-597.4829999999998	156.71140671200004	148.32140671200005	156.71140671200004	199.16099999999994	-156.71140671200004	597.4829999999998	42.4495932879999	156.71140671200004	597.4829999999998	0.0	-199.16099999999994	597.4829999999998	-597.4829999999998	0.0	0.0	0.0	8.39	199.16099999999994
3	-573.1689403011857	-573.1689403011857	813.0045472690381	333.33333333333326	-1000.0	195.38545273096202	186.99545273096206	195.38545273096202	333.33333333333326	-195.38545273096202	1000.0	137.94788060237127	195.38545273096202	1000.0	0.0	-333.33333333333326	1000.0	-1000.0	0.0	0.0	0.0	8.39	333.3333333333335
4	-403.76700850000003	-403.76700850000003	340.296695	266.381339	-1000.0	266.381339	458.8473220000001	266.381339	266.381339	-266.381339	1000.0	0.0	266.381339	1000.0	200.8559830000001	-266.381339	1000.0	-1000.0	200.85598300000004	-200.8559830000001	200.85598299999992	8.39	266.381339
5	-585.2683616666667	-585.2683616666667	945.3012055555557	387.3822411111111	-1000.0	387.38224111111117	216.8455177777778	387.38224111111117	387.3822411111111	-387.38224111111117	1000.0	0.0	387.38224111111117	1000.0	-162.1467233333334	-387.3822411111111	1000.0	-1000.0	-162.14672333333343	162.1467233333334	-162.1467233333335	8.39	387.38224111111117
6	-629.5121542853107	-629.5121542853107	925.690975237288	333.3333333333333	-1000.0	82.69902476271203	74.30902476271201	82.69902476271203	333.3333333333333	-82.69902476271203	1000.0	250.63430857062127	82.69902476271203	1000.0	0.0	-333.3333333333333	1000.0	-1000.0	0.0	0.0	0.0	8.39	333.3333333333332
7	-302.93649999999997	-302.93649999999997	172.5819491949998	199.16099999999994	-831.6130508050001	199.16099999999994	424.9010508050002	199.16099999999994	199.16099999999994	-199.16099999999994	831.6130508050001	0.0	199.16099999999994	831.6130508050001	234.13005080500022	-199.16099999999994	831.6130508050001	-831.6130508050001	234.13005080500022	-234.13005080500022	234.1300508050001	8.39	199.16099999999994
8	-350.72463549999986	-350.72463549999986	597.4829999999997	199.16099999999994	-502.28827099999984	103.58472899999981	0.0	103.58472899999981	199.16099999999994	-103.58472899999981	502.28827099999984	95.57627100000008	103.58472899999981	502.28827099999984	-95.19472899999982	-199.16099999999994	502.28827099999984	-502.28827099999984	-95.19472899999982	95.19472899999982	-95.19472899999982	8.39	199.16099999999994
9	-597.1871423194166	-597.1871423194166	1000.0	333.3333333333335	-861.0409513055	147.3490486945002	0.0	147.3490486945002	333.3333333333335	-147.3490486945002	861.0409513055	185.98428463883326	147.3490486945002	861.0409513055	-138.9590486945002	-333.3333333333335	861.0409513055	-861.0409513055	-138.95904869450032	138.9590486945002	-138.95904869449998	8.39	333.33333333333326
10	-604.043576322	-604.043576322	807.935728966	299.924288161	-1000.0	0.0	91.83713551699998	0.0	299.924288161	0.0	1000.0	299.924288161	0.0	1000.0	100.22713551700005	-299.924288161	1000.0	-1000.0	100.22713551700008	-100.22713551700005	100.22713551699997	8.39	299.9242881610001
11	-639.5881638699998	-639.5881638699998	1000.0	360.41183613000027	-1000.0	170.86101678000125	81.23550839000063	170.86101678000125	360.41183613000027	-170.86101678000125	1000.0	189.5508193499989	170.86101678000125	1000.0	-81.23550839000063	-360.41183613000027	1000.0	-1000.0	-81.23550839000063	81.23550839000063	-81.23550839000063	8.39	360.4118361300001
12	-528.7146656467917	-528.7146656467917	1000.0	349.679777097861	-756.7888854893052	349.679777097861	49.03933129358319	349.67977709786106	349.679777097861	-349.67977709786106	756.7888854893052	0.0	349.67977709786106	756.7888854893052	-292.25044580427783	-349.679777097861	756.7888854893052	-756.7888854893052	-292.25044580427766	292.25044580427783	-292.250445804278	8.39	349.679777097861
13	-458.75824103112984	-458.75824103112984	372.0797230933896	227.28162051556492	-1000.0	0.0	309.7651384533052	0.0	227.28162051556492	0.0	1000.0	227.28162051556492	0.0	1000.0	318.1551384533052	-227.28162051556492	1000.0	-1000.0	318.1551384533052	-318.1551384533052	318.15513845330514	8.39	227.2816205155651
14	-336.61388983899997	-336.61388983899997	71.54977967800005	199.16100000000006	-1000.0	131.80622032200017	525.933220322	131.80622032200017	199.16100000000006	-131.80622032200017	1000.0	67.35477967799989	131.80622032200017	1000.0	402.5169999999998	-199.16100000000006	1000.0	-1000.0	402.5169999999998	-402.5169999999998	402.5169999999998	8.39	199.16099999999994
15	-440.06770910316664	-440.06770910316664	653.8090636547499	217.93635455158332	-662.1990636547499	0.0	0.0	0.0	217.93635455158332	0.0	662.1990636547499	217.9363545515833	0.0	662.1990636547499	8.389999999999986	-217.93635455158332	662.1990636547499	-662.1990636547499	8.389999999999986	-8.389999999999986	8.389999999999986	8.39	217.9363545515833
16	-420.456360855466	-420.456360855466	257.17408256639806	208.13068042773298	-1000.0	0.0	367.217958716801	0.0	208.13068042773298	0.0	1000.0	208.130680427733	0.0	1000.0	375.6079587168009	-208.13068042773298	1000.0	-1000.0	375.607958716801	-375.6079587168009	375.607958716801	8.39	208.130680427733
17	-648.12656498837	-648.12656498837	962.9197966434067	333.3333333333333	-1000.0	45.4702033565933	37.0802033565933	45.4702033565933	333.3333333333333	-45.4702033565933	1000.0	287.86312997674	45.4702033565933	1000.0	0.0	-333.3333333333333	1000.0	-1000.0	0.0	0.0	0.0	8.39	333.3333333333334
18	-553.1324262434993	-553.1324262434993	1000.0	333.3333333333333	-772.9315191536652	235.45848084633474	0.0	235.45848084633474	333.3333333333333	-235.45848084633474	772.9315191536652	97.87485248699859	235.45848084633474	772.9315191536652	-227.06848084633475	-333.3333333333333	772.9315191536652	-772.9315191536652	-227.06848084633475	227.06848084633475	-227.0684808463348	8.39	333.3333333333333
19	-566.3727130593221	-566.3727130593221	849.5590695889832	283.18635652966105	-849.5590695889832	8.389999999999986	0.0	8.389999999999986	283.18635652966105	-8.389999999999986	849.5590695889832	274.79635652966107	8.389999999999986	849.5590695889832	0.0	-283.18635652966105	849.5590695889832	-849.5590695889832	0.0	0.0	0.0	8.39	283.18635652966105
20	-326.8783558854999	-326.8783558854999	597.4829999999998	199.16099999999994	-454.59571177099986	151.27728822899996	0.0	151.27728822899996	199.16099999999994	-151.27728822899996	454.59571177099986	47.88371177099998	151.27728822899996	454.59571177099986	-142.88728822899998	-199.16099999999994	454.59571177099986	-454.59571177099986	-142.88728822899998	142.88728822899998	-142.88728822899998	8.39	199.16099999999994
21	-374.5709151144999	-374.5709151144999	597.4829999999998	199.16099999999994	-549.9808302289998	55.892169771	0.0	55.892169771	199.16099999999994	-55.892169771	549.9808302289998	143.26883022899995	55.892169771	549.9808302289998	-47.502169771	-199.16099999999994	549.9808302289998	-549.9808302289998	-47.50216977100001	47.502169771	-47.50216977100001	8.39	199.16099999999994
22	-361.31580902535586	-361.31580902535586	523.4706180507118	199.16099999999994	-597.4829999999998	82.40238194928804	74.01238194928804	82.40238194928804	199.16099999999994	-82.40238194928804	597.4829999999998	116.7586180507119	82.40238194928804	597.4829999999998	0.0	-199.16099999999994	597.4829999999998	-597.4829999999998	0.0	0.0	0.0	8.39	199.16099999999994
23	-637.831830576	-637.831830576	956.7477458640001	318.915915288	-956.7477458640001	8.389999999999986	0.0	8.389999999999986	318.915915288	-8.389999999999986	956.7477458640001	310.5259152880001	8.389999999999986	956.7477458640001	0.0	-318.915915288	956.7477458640001	-956.7477458640001	0.0	0.0	0.0	8.39	318.91591528799995
24	-570.5677130593219	-570.5677130593219	707.5081391779659	283.186356529661	-1000.0	0.0	142.05093041101708	0.0	283.186356529661	0.0	1000.0	283.186356529661	0.0	1000.0	150.44093041101706	-283.186356529661	1000.0	-1000.0	150.440930411017	-150.44093041101706	150.440930411017	8.39	283.186356529661
25	-626.0759909744631	-626.0759909744631	1000.0	373.9240090255369	-1000.0	251.93405415322127	121.77202707661064	251.93405415322127	373.9240090255369	-251.93405415322127	1000.0	121.98995487231564	251.93405415322127	1000.0	-121.77202707661064	-373.9240090255369	1000.0	-1000.0	-121.77202707661058	121.77202707661064	-121.77202707661064	8.39	373.92400902553675
26	-555.5070099376667	-555.5070099376667	846.0966997922221	367.54133995844444	-1000.0	367.54133995844444	256.52732008311114	367.54133995844444	367.54133995844444	-367.54133995844444	1000.0	0.0	367.54133995844444	1000.0	-102.62401987533332	-367.54133995844444	1000.0	-1000.0	-102.62401987533326	102.62401987533332	-102.6240198753332	8.39	367.54133995844444
27	-586.4869209897535	-586.4869209897535	839.6405086461734	333.33333333333337	-1000.0	168.74949135382656	160.35949135382657	168.74949135382656	333.33333333333337	-168.74949135382656	1000.0	164.5838419795068	168.74949135382656	1000.0	0.0	-333.33333333333337	1000.0	-1000.0	0.0	0.0	0.0	8.39	333.33333333333326
28	-514.786173525356	-514.786173525356	696.2390137173786	333.3333333333333	-1000.0	312.1509862826214	303.7609862826214	312.1509862826214	333.3333333333333	-312.1509862826214	1000.0	21.18234705071195	312.1509862826214	1000.0	0.0	-333.3333333333333	1000.0	-1000.0	0.0	0.0	0.0	8.39	333.3333333333333
29	-477.0866346885084	-477.0866346885084	584.6954489616949	315.26108979233896	-1000.0	315.261089792339	361.0878204153221	315.261089792339	315.26108979233896	-315.261089792339	1000.0	0.0	315.261089792339	1000.0	54.21673062298305	-315.26108979233896	1000.0	-1000.0	54.216730622983036	-54.21673062298305	54.21673062298305	8.39	315.2610897923389
30	-385.681442806125	-385.681442806125	517.0385904081668	254.32429520408334	-762.9728856122499	254.32429520408334	245.93429520408324	254.32429520408334	254.32429520408334	-254.32429520408334	762.9728856122499	0.0	254.32429520408334	762.9728856122499	0.0	-254.32429520408334	762.9728856122499	-762.9728856122499	0.0	0.0	0.0	8.39	254.32429520408334
31	-366.1657152292479	-366.1657152292479	214.95905076415943	241.31381015283193	-1000.0	241.3138101528319	508.9823796943362	241.3138101528319	241.3138101528319	-241.3138101528319	1000.0	0.0	241.3138101528319	1000.0	276.0585695415043	-241.31381015283193	1000.0	-1000.0	276.0585695415044	-276.0585695415043	276.05856954150437	8.39	241.31381015283185
32	-328.2450584640085	-328.2450584640085	88.55686154669502	216.03337230933903	-1000.0	216.03337230933897	559.5432553813221	216.03337230933897	216.03337230933897	-216.03337230933897	1000.0	0.0	216.03337230933897	1000.0	351.8998830719831	-216.03337230933903	1000.0	-1000.0	351.8998830719829	-351.8998830719831	351.8998830719829	8.39	216.03337230933897
33	-419.85087717581354	-419.85087717581354	629.7763157637202	209.92543858790668	-629.7763157637202	8.39	0.0	8.39	209.9254385879067	-8.39	629.7763157637202	201.53543858790675	8.39	629.7763157637202	0.0	-209.92543858790668	629.7763157637202	-629.7763157637202	0.0	0.0	0.0	8.39	209.92543858790674
34	-462.9089759908532	-462.9089759908532	694.3634639862797	231.45448799542658	-694.3634639862797	8.39	0.0	8.39	231.45448799542658	-8.39	694.3634639862797	223.0644879954266	8.39	694.3634639862797	0.0	-231.45448799542658	694.3634639862797	-694.3634639862797	0.0	0.0	0.0	8.39	231.45448799542658
35	-534.809068965121	-534.809068965121	802.2136034476813	267.4045344825604	-802.2136034476813	8.39	0.0	8.39	267.40453448256045	-8.39	802.2136034476813	259.0145344825604	8.39	802.2136034476813	0.0	-267.4045344825604	802.2136034476813	-802.2136034476813	0.0	0.0	0.0	8.39	267.4045344825605
36	-450.9011337483904	-450.9011337483904	497.4104458279687	297.80408916559384	-1000.0	297.80408916559384	396.0018216688124	297.80408916559384	297.80408916559384	-297.80408916559384	1000.0	0.0	297.80408916559384	1000.0	106.58773250321855	-297.80408916559384	1000.0	-1000.0	106.58773250321838	-106.58773250321855	106.58773250321883	8.39	297.80408916559384
37	-663.5828297541767	-663.5828297541767	1000.0	336.4171702458234	-1000.0	26.89302147494006	9.251510737470028	26.89302147494006	336.41717024582334	-26.89302147494006	1000.0	309.5241487708833	26.89302147494006	1000.0	-9.251510737470031	-336.4171702458234	1000.0	-1000.0	-9.251510737469971	9.251510737470031	-9.251510737470028	8.39	336.41717024582323
38	-553.2067889797386	-553.2067889797386	1000.0	366.0078593198258	-838.4292965991287	366.0078593198258	98.0235779594772	366.0078593198258	366.0078593198258	-366.0078593198258	838.4292965991287	0.0	366.0078593198258	838.4292965991287	-259.59428136034865	-366.0078593198258	838.4292965991287	-838.4292965991287	-259.59428136034876	259.59428136034865	-259.5942813603485	8.39	366.0078593198257
39	-601.4663401661608	-601.4663401661608	999.2944672205351	398.180893444107	-1000.0	398.180893444107	195.24821311178596	398.180893444107	398.180893444107	-398.180893444107	1000.0	0.0	398.180893444107	1000.0	-194.54268033232108	-398.180893444107	1000.0	-1000.0	-194.54268033232074	194.54268033232108	-194.54268033232108	8.39	398.18089344410714
40	-447.81191241872244	-447.81191241872244	599.8792165582964	295.7446082791482	-887.2338248374447	295.7446082791482	287.35460827914824	295.7446082791482	295.7446082791482	-295.7446082791482	887.2338248374447	0.0	295.7446082791482	887.2338248374447	0.0	-295.7446082791482	887.2338248374447	-887.2338248374447	0.0	0.0	0.0	8.39	295.7446082791482
41	-496.3711324357363	-496.3711324357363	648.9771081191209	328.11742162382416	-1000.0	328.11742162382416	335.37515675235164	328.11742162382416	328.11742162382416	-328.11742162382416	1000.0	0.0	328.11742162382416	1000.0	15.647735128527472	-328.11742162382416	1000.0	-1000.0	15.647735128527529	-15.647735128527472	15.647735128527529	8.39	328.11742162382416
42	-544.9136519238391	-544.9136519238391	756.4939705143446	333.33333333333326	-1000.0	251.89602948565533	243.50602948565538	251.89602948565533	333.3333333333333	-251.89602948565533	1000.0	81.43730384767798	251.89602948565533	1000.0	0.0	-333.33333333333326	1000.0	-1000.0	0.0	0.0	0.0	8.39	333.3333333333332
43	-385.00396315789465	-385.00396315789465	277.75321052631534	253.87264210526314	-1000.0	253.87264210526308	483.86471578947385	253.87264210526308	253.87264210526308	-253.87264210526308	1000.0	0.0	253.87264210526308	1000.0	238.38207368421075	-253.87264210526314	1000.0	-1000.0	238.3820736842108	-238.38207368421075	238.3820736842108	8.39	253.87264210526308
44	-340.87402913754886	-340.87402913754886	130.6534304584957	224.4526860916992	-1000.0	224.45268609169915	542.7046278166017	224.45268609169915	224.45268609169915	-224.45268609169915	1000.0	0.0	224.45268609169915	1000.0	326.64194172490255	-224.4526860916992	1000.0	-1000.0	326.64194172490284	-326.64194172490255	326.6419417249026	8.39	224.4526860916991
45	-302.9365	-302.9365	573.4932604027288	199.16099999999994	-430.7017395972709	199.16099999999994	23.98973959727101	199.16099999999994	199.16099999999994	-199.16099999999994	430.70173959727094	0.0	199.16099999999994	430.7017395972709	-166.78126040272895	-199.16099999999994	430.70173959727094	-430.7017395972709	-166.78126040272866	166.78126040272895	-166.78126040272878	8.39	199.16099999999994
46	-302.9364999999999	-302.9364999999999	478.0127568262709	199.16099999999994	-526.1822431737288	199.16099999999994	119.47024317372893	199.16099999999994	199.16099999999994	-199.16099999999994	526.1822431737288	0.0	199.16099999999994	526.1822431737288	-71.30075682627103	-199.16099999999994	526.1822431737288	-526.1822431737288	-71.30075682627114	71.30075682627103	-71.30075682627103	8.39	199.16099999999994
47	-302.9365	-302.9365	525.7053160552709	199.16099999999994	-478.4896839447288	199.16099999999994	71.77768394472895	199.16099999999994	199.16099999999994	-199.16099999999994	478.48968394472877	0.0	199.16099999999994	478.4896839447288	-118.99331605527101	-199.16099999999994	478.48968394472877	-478.4896839447288	-118.99331605527084	118.99331605527101	-118.99331605527118	8.39	199.16099999999994
48	-302.93650000000014	-302.93650000000014	430.415582715729	199.16099999999994	-573.7794172842707	199.16099999999994	167.06741728427085	199.16099999999994	199.16099999999994	-199.16099999999994	573.7794172842707	0.0	199.16099999999994	573.7794172842707	-23.703582715729112	-199.16099999999994	573.7794172842707	-573.7794172842707	-23.703582715728658	23.703582715729112	-23.703582715729112	8.39	199.16099999999994
49	-417.1618409922366	-417.1618409922366	559.0124546563155	275.31122732815777	-825.9336819844733	275.31122732815777	266.9212273281578	275.31122732815777	275.31122732815777	-275.31122732815777	825.9336819844733	0.0	275.31122732815777	825.9336819844733	0.0	-275.31122732815777	825.9336819844733	-825.9336819844733	0.0	0.0	0.0	8.39	275.31122732815777
50	-610.4411119204104	-610.4411119204104	887.5488905074874	333.33333333333326	-1000.0	120.84110949251263	112.45110949251263	120.84110949251263	333.3333333333333	-120.84110949251263	1000.0	212.49222384082069	120.84110949251263	1000.0	0.0	-333.33333333333326	1000.0	-1000.0	0.0	0.0	0.0	8.39	333.33333333333337
51	-471.7341832709321	-471.7341832709321	631.7755776945761	311.69278884728806	-935.0783665418642	311.69278884728806	303.30278884728807	311.69278884728806	311.69278884728806	-311.69278884728806	935.0783665418642	0.0	311.69278884728806	935.0783665418642	0.0	-311.69278884728806	935.0783665418642	-935.0783665418642	0.0	0.0	0.0	8.39	311.69278884728806
52	-493.403562593068	-493.403562593068	660.6680834574239	326.13904172871196	-978.417125186136	326.13904172871196	317.74904172871203	326.13904172871196	326.13904172871196	-326.13904172871196	978.417125186136	0.0	326.13904172871196	978.417125186136	0.0	-326.13904172871196	978.417125186136	-978.417125186136	0.0	0.0	0.0	8.39	326.13904172871196
53	-416.3959791735401	-416.3959791735401	382.3932639118007	274.8006527823602	-1000.0	274.80065278236015	442.0086944352797	274.80065278236015	274.80065278236015	-274.80065278236015	1000.0	0.0	274.80065278236015	1000.0	175.5980416529196	-274.8006527823602	1000.0	-1000.0	175.5980416529194	-175.5980416529196	175.59804165291956	8.39	274.80065278236003
54	-313.05992338560327	-313.05992338560327	37.93974461867782	205.90994892373556	-1000.0	205.9099489237356	579.7901021525288	205.9099489237356	205.9099489237356	-205.9099489237356	1000.0	0.0	205.9099489237356	1000.0	382.27015322879316	-205.90994892373556	1000.0	-1000.0	382.2701532287931	-382.27015322879316	382.27015322879333	8.39	205.90994892373567
55	-575.1545002543578	-575.1545002543578	911.5883341811923	380.63966683623846	-1000.0	380.63966683623846	230.3306663275231	380.63966683623846	380.63966683623846	-380.63966683623846	1000.0	0.0	380.63966683623846	1000.0	-141.91900050871538	-380.63966683623846	1000.0	-1000.0	-141.91900050871527	141.91900050871538	-141.91900050871538	8.39	380.6396668362384
56	-518.7478165974851	-518.7478165974851	723.56605532495	343.03521106499	-1000.0	343.03521106499	305.53957787002	343.03521106499	343.03521106499	-343.03521106499	1000.0	0.0	343.03521106499	1000.0	-29.105633194969982	-343.03521106499	1000.0	-1000.0	-29.10563319496987	29.105633194969982	-29.105633194969982	8.39	343.03521106499005
57	-636.2747736305057	-636.2747736305057	939.2162139276782	333.33333333333337	-1000.0	69.17378607232232	60.78378607232207	69.17378607232232	333.3333333333334	-69.17378607232232	1000.0	264.1595472610111	69.17378607232232	1000.0	0.0	-333.33333333333337	1000.0	-1000.0	0.0	0.0	0.0	8.39	333.3333333333335
58	-591.8263314332554	-591.8263314332554	850.3193295331773	333.33333333333337	-1000.0	158.07067046682266	149.68067046682268	158.07067046682266	333.33333333333337	-158.07067046682266	1000.0	175.2626628665107	158.07067046682266	1000.0	0.0	-333.33333333333337	1000.0	-1000.0	0.0	0.0	0.0	8.39	333.33333333333337
59	-581.1475105462515	-581.1475105462515	828.9616877591695	333.33333333333337	-1000.0	179.42831224083045	171.03831224083046	179.42831224083045	333.33333333333337	-179.42831224083045	1000.0	153.90502109250286	179.42831224083045	1000.0	0.0	-333.33333333333337	1000.0	-1000.0	0.0	0.0	0.0	8.39	333.33333333333337
60	-520.0923514615594	-520.0923514615594	706.8513695897852	333.33333333333337	-1000.0	301.53863041021475	293.14863041021476	301.53863041021475	333.33333333333337	-301.53863041021475	1000.0	31.794702923118642	301.53863041021475	1000.0	0.0	-333.33333333333337	1000.0	-1000.0	0.0	0.0	0.0	8.39	333.33333333333337
61	-509.47999558915274	-509.47999558915274	685.626657844972	333.33333333333337	-1000.0	322.7633421550281	314.37334215502807	322.7633421550281	333.33333333333337	-322.7633421550281	1000.0	10.569991178305264	322.7633421550281	1000.0	0.0	-333.33333333333337	1000.0	-1000.0	0.0	0.0	0.0	8.39	333.33333333333337
62	-465.6070386674511	-465.6070386674511	546.430128891504	307.60802577830077	-1000.0	307.60802577830077	376.3939484433984	307.60802577830077	307.60802577830077	-307.60802577830077	1000.0	0.0	307.60802577830077	1000.0	77.17592266509769	-307.60802577830077	1000.0	-1000.0	77.17592266509754	-77.17592266509769	77.17592266509763	8.39	307.608025778301
63	-438.41206098423106	-438.41206098423106	587.3460813123081	289.4780406561541	-868.4341219684625	289.4780406561541	281.08804065615425	289.4780406561541	289.4780406561541	-289.4780406561541	868.4341219684625	0.0	289.4780406561541	868.4341219684625	0.0	-289.4780406561541	868.4341219684625	-868.4341219684625	0.0	0.0	0.0	8.39	289.4780406561541
64	-302.9365	-302.9365	309.08749624763135	199.16100000000006	-695.1075037523688	199.16100000000006	288.3955037523687	199.16100000000006	199.16100000000006	-199.16100000000006	695.1075037523688	0.0	199.16100000000006	695.1075037523688	97.62450375236858	-199.16100000000006	695.1075037523688	-695.1075037523688	97.62450375236858	-97.62450375236858	97.6245037523687	8.39	199.16099999999994
65	-665.780256045191	-665.780256045191	1000.0	334.2197439548089	-1000.0	13.708463728854326	2.6592318644271926	13.708463728854326	334.2197439548089	-13.708463728854326	1000.0	320.5112802259547	13.708463728854326	1000.0	-2.65923186442717	-334.2197439548089	1000.0	-1000.0	-2.6592318644270563	2.65923186442717	-2.6592318644271926	8.39	334.21974395480913
66	-394.7423112187564	-394.7423112187564	781.0946224375127	260.3648741458376	-529.1197482916751	260.3648741458376	0.0	260.3648741458376	260.3648741458376	-260.3648741458376	529.1197482916751	0.0	260.3648741458376	529.1197482916751	-251.9748741458376	-260.3648741458376	529.1197482916751	-529.1197482916751	-251.97487414583748	251.9748741458376	-251.9748741458376	8.39	260.3648741458376
67	-302.9364999999999	-302.9364999999999	278.24152174078984	199.16099999999994	-725.9534782592098	199.16099999999994	319.2414782592099	199.16099999999994	199.16099999999994	-199.16099999999994	725.9534782592098	0.0	199.16099999999994	725.9534782592098	128.47047825920993	-199.16099999999994	725.9534782592098	-725.9534782592098	128.4704782592099	-128.47047825920993	128.47047825920993	8.39	199.16099999999994
68	-331.7363873282962	-331.7363873282962	464.31177465659255	199.16099999999994	-597.4829999999996	141.56122534340693	133.17122534340695	141.56122534340693	199.16099999999994	-141.56122534340693	597.4829999999996	57.599774656592935	141.56122534340693	597.4829999999996	0.0	-199.16099999999994	597.4829999999996	-597.4829999999996	0.0	0.0	0.0	8.39	199.16099999999994
69	-376.2811570897303	-376.2811570897303	504.50487611964036	248.05743805982016	-744.1723141794603	248.05743805982013	239.66743805982003	248.05743805982013	248.05743805982016	-248.05743805982013	744.1723141794603	0.0	248.05743805982013	744.1723141794603	0.0	-248.05743805982016	744.1723141794603	-744.1723141794603	0.0	0.0	0.0	8.39	248.05743805982013
70	-355.66262128575363	-355.66262128575363	179.94873761917847	234.31174752383572	-1000.0	234.31174752383572	522.9865049523287	234.31174752383572	234.31174752383572	-234.31174752383572	1000.0	0.0	234.31174752383572	1000.0	297.06475742849295	-234.31174752383572	1000.0	-1000.0	297.06475742849307	-297.06475742849295	297.06475742849284	8.39	234.31174752383572
71	-557.8439257516458	-557.8439257516458	782.354518169958	333.33333333333326	-1000.0	226.03548183004182	217.64548183004186	226.03548183004182	333.33333333333326	-226.03548183004182	1000.0	107.29785150329153	226.03548183004182	1000.0	0.0	-333.33333333333326	1000.0	-1000.0	0.0	0.0	0.0	8.39	333.33333333333326
72	-327.2050562285631	-327.2050562285631	439.0700749714174	215.34003748570865	-646.0201124571261	215.34003748570865	206.95003748570866	215.34003748570865	215.34003748570865	-215.34003748570865	646.0201124571261	0.0	215.34003748570865	646.0201124571261	0.0	-215.34003748570865	646.0201124571261	-646.0201124571261	0.0	0.0	0.0	8.39	215.34003748570865
73	-311.02597559881184	-311.02597559881184	417.4979674650824	204.55398373254127	-613.6619511976237	204.55398373254127	196.16398373254128	204.55398373254127	204.55398373254127	-204.55398373254127	613.6619511976237	0.0	204.55398373254127	613.6619511976237	0.0	-204.55398373254127	613.6619511976237	-613.6619511976237	0.0	0.0	0.0	8.39	204.55398373254127
74	-593.3511529379139	-593.3511529379139	972.2438431263799	392.770768625276	-1000.0	392.770768625276	206.06846274944803	392.770768625276	392.770768625276	-392.770768625276	1000.0	0.0	392.770768625276	1000.0	-178.31230587582797	-392.770768625276	1000.0	-1000.0	-178.31230587582832	178.31230587582797	-178.31230587582797	8.39	392.77076862527616
75	-343.3517141104232	-343.3517141104232	460.5989521472309	226.1044760736155	-678.3134282208464	226.1044760736155	217.71447607361551	226.1044760736155	226.10447607361547	-226.1044760736155	678.3134282208464	0.0	226.1044760736155	678.3134282208464	0.0	-226.1044760736155	678.3134282208464	-678.3134282208464	0.0	0.0	0.0	8.39	226.1044760736154
76	-536.7476118323477	-536.7476118323477	783.5653727744925	355.0350745548985	-1000.0	355.03507455489853	281.53985089020307	355.03507455489853	355.0350745548985	-355.03507455489853	1000.0	0.0	355.03507455489853	1000.0	-65.10522366469547	-355.0350745548985	1000.0	-1000.0	-65.10522366469559	65.10522366469547	-65.10522366469559	8.39	355.03507455489853
77	-486.74816805986956	-486.74816805986956	616.9005601995653	321.7021120399131	-1000.0	321.7021120399131	348.2057759201739	321.7021120399131	321.7021120399131	-321.7021120399131	1000.0	0.0	321.7021120399131	1000.0	34.8936638802608	-321.7021120399131	1000.0	-1000.0	34.89366388026065	-34.8936638802608	34.89366388026076	8.39	321.7021120399131
78	-624.28028537387	-624.28028537387	915.2272374144068	333.3333333333333	-1000.0	93.16276258559321	84.77276258559323	93.16276258559321	333.3333333333333	-93.16276258559321	1000.0	240.17057074774013	93.16276258559321	1000.0	0.0	-333.3333333333333	1000.0	-1000.0	0.0	0.0	0.0	8.39	333.33333333333326
79	-302.9365000000003	-302.9365000000003	293.6336630197047	199.16100000000017	-710.5613369802961	199.16100000000017	303.8493369802958	199.16100000000017	199.16100000000017	-199.16100000000017	710.5613369802961	0.0	199.16100000000017	710.5613369802961	113.0783369802956	-199.16100000000017	710.5613369802961	-710.5613369802961	113.07833698029572	-113.0783369802956	113.0783369802956	8.39	199.16099999999994
80	-375.56600094564266	-375.56600094564266	246.29333648547527	247.58066729709512	-1000.0	247.58066729709515	496.44866540580995	247.58066729709515	247.58066729709512	-247.58066729709515	1000.0	0.0	247.58066729709515	1000.0	257.2579981087148	-247.58066729709512	1000.0	-1000.0	257.2579981087149	-257.2579981087148	257.2579981087148	8.39	247.58066729709515
81	-429.41625521971974	-429.41625521971974	425.79418406573257	283.48083681314654	-1000.0	283.48083681314654	424.648326373707	283.48083681314654	283.48083681314654	-283.48083681314654	1000.0	0.0	283.48083681314654	1000.0	149.55748956056038	-283.48083681314654	1000.0	-1000.0	149.55748956056027	-149.55748956056038	149.55748956056044	8.39	283.48083681314665
82	-302.9365	-302.9365	216.5931566150325	199.16099999999994	-787.6018433849672	199.16099999999994	380.8898433849673	199.16099999999994	199.16099999999994	-199.16099999999994	787.6018433849672	0.0	199.16099999999994	787.6018433849672	190.11884338496736	-199.16099999999994	787.6018433849672	-787.6018433849672	190.11884338496748	-190.11884338496736	190.11884338496736	8.39	199.16099999999994
83	-440.13720960552644	-440.13720960552644	461.5306986850885	290.6281397370177	-1000.0	290.6281397370177	410.3537205259646	290.6281397370177	290.6281397370177	-290.6281397370177	1000.0	0.0	290.6281397370177	1000.0	128.1155807889469	-290.6281397370177	1000.0	-1000.0	128.11558078894677	-128.1155807889469	128.115580788947	8.39	290.6281397370176
84	-367.9129799058065	-367.9129799058065	134.1479598116124	199.16099999999994	-1000.0	69.20804018838635	463.335040188387	69.20804018838635	199.16099999999994	-69.20804018838635	1000.0	129.9529598116134	69.20804018838635	1000.0	402.51700000000017	-199.16099999999994	1000.0	-1000.0	402.51700000000005	-402.51700000000017	402.51700000000017	8.39	199.16099999999994
85	-384.41690520117584	-384.41690520117584	167.15581040235134	199.16099999999994	-1000.0	36.20018959764833	430.3271895976485	36.20018959764833	199.16099999999994	-36.20018959764833	1000.0	162.96081040235163	36.20018959764833	1000.0	402.51700000000017	-199.16099999999994	1000.0	-1000.0	402.51700000000005	-402.51700000000017	402.51700000000017	8.39	199.16099999999994
86	-395.43185451484754	-395.43185451484754	312.5128483828249	260.82456967656503	-1000.0	260.82456967656503	469.96086064687006	260.82456967656503	260.82456967656503	-260.82456967656503	1000.0	0.0	260.82456967656503	1000.0	217.526290970305	-260.82456967656503	1000.0	-1000.0	217.52629097030513	-217.526290970305	217.526290970305	8.39	260.82456967656503
87	-516.4793524890426	-516.4793524890426	1000.0	341.5229016593619	-716.004508296809	341.5229016593619	24.568704978085407	341.5229016593619	341.5229016593619	-341.5229016593619	716.004508296809	0.0	341.5229016593619	716.004508296809	-308.5641966812765	-341.5229016593619	716.004508296809	-716.004508296809	-308.56419668127654	308.5641966812765	-308.56419668127637	8.39	341.52290165936176
88	-540.9852194365982	-540.9852194365982	1000.0	357.8601462910656	-797.6907314553272	357.8601462910656	73.58043887319631	357.8601462910656	357.8601462910656	-357.8601462910656	797.6907314553272	0.0	357.8601462910656	797.6907314553272	-275.8897074178693	-357.8601462910656	797.6907314553272	-797.6907314553272	-275.8897074178692	275.8897074178693	-275.88970741786926	8.39	357.86014629106535
89	-589.7739202076187	-589.7739202076187	1000.0	390.38594680507924	-960.319734025396	390.38594680507924	171.1578404152376	390.38594680507924	390.38594680507924	-390.38594680507924	960.319734025396	0.0	390.38594680507924	960.319734025396	-210.83810638984164	-390.38594680507924	960.319734025396	-960.319734025396	-210.83810638984176	210.83810638984164	-210.83810638984164	8.39	390.38594680507913
90	-571.753567632268	-571.753567632268	1000.0	378.37237842151194	-900.2518921075599	378.37237842151194	135.11713526453596	378.37237842151194	378.37237842151194	-378.37237842151194	900.2518921075599	0.0	378.37237842151194	900.2518921075599	-234.86524315697602	-378.37237842151194	900.2518921075599	-900.2518921075599	-234.86524315697602	234.86524315697602	-234.86524315697605	8.39	378.37237842151194
91	-614.7465788532922	-614.7465788532922	1000.0	333.3333333333333	-896.1598243732512	112.23017562674873	0.0	112.23017562674873	333.3333333333333	-112.23017562674873	896.1598243732512	221.1031577065846	112.23017562674873	896.1598243732512	-103.84017562674872	-333.3333333333333	896.1598243732512	-896.1598243732512	-103.84017562674876	103.84017562674872	-103.84017562674876	8.39	333.33333333333326
92	-548.4413242283433	-548.4413242283433	1000.0	333.3333333333335	-763.5493151233535	244.84068487664672	0.0	244.84068487664672	333.3333333333335	-244.84068487664672	763.5493151233535	88.49264845668671	244.84068487664672	763.5493151233535	-236.45068487664673	-333.3333333333335	763.5493151233535	-763.5493151233535	-236.45068487664685	236.45068487664673	-236.4506848766465	8.39	333.33333333333337
93	-541.3859796193346	-541.3859796193346	1000.0	333.33333333333326	-749.4386259053359	258.95137409466406	0.0	258.95137409466406	333.33333333333326	-258.95137409466406	749.4386259053359	74.38195923866925	258.95137409466406	749.4386259053359	-250.56137409466407	-333.33333333333326	749.4386259053359	-749.4386259053359	-250.56137409466396	250.56137409466407	-250.56137409466407	8.39	333.33333333333326
94	-655.8392411065075	-655.8392411065075	1000.0	333.3333333333335	-978.3451488796817	30.044851120318526	0.0	30.044851120318526	333.3333333333335	-30.044851120318526	978.3451488796817	303.28848221301496	30.044851120318526	978.3451488796817	-21.65485112031854	-333.3333333333335	978.3451488796817	-978.3451488796817	-21.654851120318426	21.65485112031854	-21.654851120318312	8.39	333.33333333333326
95	-334.57217277145213	-334.57217277145213	109.64724257150716	220.2514485143015	-1000.0	220.2514485143015	551.1071029713971	220.2514485143015	220.2514485143015	-220.2514485143015	1000.0	0.0	220.2514485143015	1000.0	339.2456544570956	-220.2514485143015	1000.0	-1000.0	339.2456544570956	-339.2456544570956	339.2456544570957	8.39	220.2514485143015
96	-302.9365000000001	-302.9365000000001	585.4641404617677	199.16100000000006	-418.73085953823266	199.16100000000006	12.018859538232562	199.16100000000006	199.16100000000006	-199.16100000000006	418.73085953823266	0.0	199.16100000000006	418.73085953823266	-178.7521404617675	-199.16100000000006	418.7308595382326	-418.73085953823266	-178.75214046176757	178.7521404617675	-178.75214046176768	8.39	199.16099999999994
97	-302.93650000000025	-302.93650000000025	489.93584894096284	199.16100000000017	-514.259151059038	199.16100000000017	107.54715105903767	199.16100000000017	199.16100000000017	-199.16100000000017	514.259151059038	0.0	199.16100000000017	514.259151059038	-83.22384894096251	-199.16100000000017	514.259151059038	-514.259151059038	-83.2238489409624	83.22384894096251	-83.22384894096251	8.39	199.16099999999994
98	-302.93650000000025	-302.93650000000025	537.6284081699628	199.16100000000017	-466.5665918300381	199.16100000000017	59.85459183003775	199.16100000000017	199.16100000000017	-199.16100000000017	466.5665918300381	0.0	199.16100000000017	466.5665918300381	-130.91640816996244	-199.16100000000017	466.5665918300381	-466.5665918300381	-130.91640816996244	130.91640816996244	-130.91640816996244	8.39	199.16099999999994
99	-302.9364999999999	-302.9364999999999	561.5223803436907	199.16099999999994	-442.67261965630905	199.16099999999994	35.96061965630918	199.16099999999994	199.16099999999994	-199.16099999999994	442.67261965630905	0.0	199.16099999999994	442.67261965630905	-154.81038034369078	-199.16099999999994	442.67261965630905	-442.67261965630905	-154.81038034369078	154.81038034369078	-154.81038034369078	8.39	199.16099999999994
100	-302.9364999999999	-302.9364999999999	513.7822239405795	199.16099999999994	-490.4127760594196	199.16099999999983	83.70077605941998	199.16099999999983	199.16099999999994	-199.16099999999983	490.4127760594196	0.0	199.16099999999983	490.4127760594196	-107.07022394057987	-199.16099999999994	490.4127760594196	-490.4127760594196	-107.07022394057981	107.07022394057987	-107.07022394057981	8.39	199.16099999999994
101	-302.93650000000025	-302.93650000000025	442.29107765631034	199.16100000000017	-561.9039223436905	199.16100000000017	155.19192234369018	199.16100000000017	199.16100000000017	-199.16100000000017	561.9039223436905	0.0	199.16100000000017	561.9039223436905	-35.579077656310005	-199.16100000000017	561.9039223436905	-561.9039223436905	-35.57907765630989	35.579077656310005	-35.579077656310005	8.39	199.16099999999994
102	-577.1502468534734	-577.1502468534734	820.9671603736134	333.3333333333333	-1000.0	187.42283962638638	179.03283962638648	187.42283962638638	333.3333333333333	-187.42283962638638	1000.0	145.91049370694694	187.42283962638638	1000.0	0.0	-333.3333333333333	1000.0	-1000.0	0.0	0.0	0.0	8.39	333.33333333333314
103	-411.2436813973071	-411.2436813973071	551.1215751964094	271.36578759820475	-814.0973627946141	271.36578759820475	262.97578759820476	271.36578759820475	271.36578759820475	-271.36578759820475	814.0973627946141	0.0	271.36578759820475	814.0973627946141	0.0	-271.36578759820475	814.0973627946141	-814.0973627946141	0.0	0.0	0.0	8.39	271.36578759820475
104	-302.9365	-302.9365	418.54008777514946	199.16100000000006	-585.6549122248508	199.16100000000006	178.94291222485072	199.16100000000006	199.16100000000006	-199.16100000000006	585.6549122248508	0.0	199.16100000000006	585.6549122248508	-11.828087775149356	-199.16100000000006	585.6549122248508	-585.6549122248508	-11.82808777514947	11.828087775149356	-11.828087775149356	8.39	199.16099999999994
105	-423.0800005871663	-423.0800005871663	566.9033341162217	279.2566670581109	-837.7700011743327	279.2566670581109	270.8666670581109	279.2566670581109	279.2566670581109	-279.2566670581109	837.7700011743327	0.0	279.2566670581109	837.7700011743327	0.0	-279.2566670581109	837.7700011743327	-837.7700011743327	0.0	0.0	0.0	8.39	279.2566670581109
106	-601.1151068963457	-601.1151068963457	868.896880459358	333.33333333333337	-1000.0	139.49311954064183	131.10311954064184	139.49311954064183	333.33333333333337	-139.49311954064183	1000.0	193.84021379269151	139.49311954064183	1000.0	0.0	-333.33333333333337	1000.0	-1000.0	0.0	0.0	0.0	8.39	333.33333333333337
107	-466.3060037507371	-466.3060037507371	624.5380050009828	308.07400250049136	-924.2220075014741	308.07400250049136	299.6840025004913	308.07400250049136	308.07400250049136	-308.07400250049136	924.2220075014741	0.0	308.07400250049136	924.2220075014741	0.0	-308.07400250049136	924.2220075014741	-924.2220075014741	0.0	0.0	0.0	8.39	308.07400250049136
108	-477.1623627911272	-477.1623627911272	639.0131503881696	315.31157519408475	-945.9347255822543	315.31157519408475	306.9215751940847	315.31157519408475	315.31157519408475	-315.31157519408475	945.9347255822543	0.0	315.31157519408475	945.9347255822543	0.0	-315.31157519408475	945.9347255822543	-945.9347255822543	0.0	0.0	0.0	8.39	315.31157519408475
109	-651.1358239553431	-651.1358239553431	968.9383145773526	333.33333333333337	-1000.0	39.45168542264753	31.061685422647543	39.45168542264753	333.33333333333337	-39.45168542264753	1000.0	293.88164791068573	39.45168542264753	1000.0	0.0	-333.33333333333337	1000.0	-1000.0	0.0	0.0	0.0	8.39	333.33333333333337
110	-498.81007273394096	-498.81007273394096	667.8767636452546	329.74338182262727	-989.2301454678818	329.74338182262727	321.3533818226273	329.74338182262727	329.74338182262727	-329.74338182262727	989.2301454678818	0.0	329.74338182262727	989.2301454678818	0.0	-329.74338182262727	989.2301454678818	-989.2301454678818	0.0	0.0	0.0	8.39	329.74338182262727
111	-302.9365	-302.9365	399.9807203919948	199.16100000000006	-604.2142796080052	199.16100000000006	197.5022796080052	199.161	199.16100000000006	-199.161	604.2142796080052	0.0	199.161	604.2142796080052	6.7312796080051385	-199.16100000000006	604.2142796080052	-604.2142796080052	6.731279608005252	-6.7312796080051385	6.731279608005252	8.39	199.16099999999994
112	-369.36607517113725	-369.36607517113725	597.4829999999995	199.16099999999994	-539.5711503422748	66.30184965772469	0.0	66.30184965772469	199.16099999999994	-66.30184965772469	539.5711503422748	132.85915034227514	66.30184965772469	539.5711503422748	-57.9118496577247	-199.16099999999994	539.5711503422748	-539.5711503422748	-57.911849657724815	57.9118496577247	-57.9118496577247	8.39	199.16099999999994
113	-475.63956180192565	-475.63956180192565	713.4593427028884	237.81978090096283	-713.4593427028885	8.389999999999873	0.0	8.389999999999873	237.81978090096283	-8.389999999999873	713.4593427028885	229.4297809009629	8.389999999999873	713.4593427028885	0.0	-237.81978090096283	713.4593427028885	-713.4593427028885	0.0	0.0	0.0	8.39	237.81978090096277
114	-302.93650000000014	-302.93650000000014	197.48890450481395	199.16100000000006	-806.7060954951863	199.16100000000006	399.9940954951863	199.16100000000006	199.16100000000006	-199.16100000000006	806.7060954951863	0.0	199.16100000000006	806.7060954951863	209.22309549518627	-199.16100000000006	806.7060954951863	-806.7060954951863	209.22309549518627	-209.22309549518627	209.22309549518616	8.39	199.16099999999994
115	-562.1652379045265	-562.1652379045265	682.3007137135797	278.9851189522633	-1000.0	0.0	154.65464314321014	0.0	278.9851189522633	0.0	1000.0	278.9851189522633	0.0	1000.0	163.04464314321012	-278.9851189522633	1000.0	-1000.0	163.04464314321012	-163.04464314321012	163.04464314321018	8.39	278.9851189522634
116	-314.75728403992287	-314.75728403992287	27.836568079845165	199.16099999999994	-1000.0	175.5194319201537	569.6464319201542	175.5194319201537	199.16099999999994	-175.5194319201537	1000.0	23.641568079846138	175.5194319201537	1000.0	402.51700000000017	-199.16099999999994	1000.0	-1000.0	402.51700000000005	-402.51700000000017	402.51700000000017	8.39	199.16099999999994
117	-615.9823034520501	-615.9823034520501	1000.0	384.01769654794975	-1000.0	312.4961792876985	152.05308964384926	312.4961792876985	384.01769654794975	-312.4961792876985	1000.0	71.52151726025123	312.4961792876985	1000.0	-152.05308964384926	-384.01769654794975	1000.0	-1000.0	-152.0530896438495	152.05308964384926	-152.05308964384926	8.39	384.01769654794964
118	-302.9365	-302.9365	54.77837218339826	199.16100000000006	-949.4166278166017	199.16100000000006	542.7046278166017	199.161	199.16100000000006	-199.161	949.4166278166017	0.0	199.161	949.4166278166017	351.93362781660164	-199.16100000000006	949.4166278166017	-949.4166278166017	351.93362781660176	-351.93362781660164	351.93362781660176	8.39	199.16099999999994
119	-523.721274273089	-523.721274273089	740.144247576963	346.3508495153926	-1000.0	346.3508495153926	298.9083009692148	346.3508495153926	346.3508495153926	-346.3508495153926	1000.0	0.0	346.3508495153926	1000.0	-39.05254854617783	-346.3508495153926	1000.0	-1000.0	-39.052548546177604	39.05254854617783	-39.05254854617783	8.39	346.3508495153927
120	-302.9365000000001	-302.9365000000001	150.6848929575726	199.16100000000006	-853.5101070424276	199.16100000000006	446.79810704242755	199.16100000000006	199.16100000000006	-199.16100000000006	853.5101070424276	0.0	199.16100000000006	853.5101070424276	256.0271070424275	-199.16100000000006	853.5101070424276	-853.5101070424276	256.0271070424275	-256.0271070424275	256.0271070424275	8.39	199.16099999999994
121	-655.4329972121541	-655.4329972121541	1000.0	344.56700278784604	-1000.0	75.79201672707629	33.701008363538165	75.79201672707629	344.56700278784604	-75.79201672707629	1000.0	268.7749860607698	75.79201672707629	1000.0	-33.701008363538136	-344.56700278784604	1000.0	-1000.0	-33.70100836353777	33.701008363538136	-33.70100836353822	8.39	344.5670027878458
122	-664.6837403259748	-664.6837403259748	1000.0	335.3162596740252	-1000.0	20.287558044151105	5.948779022075541	20.287558044151105	335.3162596740252	-20.287558044151105	1000.0	315.0287016298741	20.287558044151105	1000.0	-5.948779022075563	-335.3162596740252	1000.0	-1000.0	-5.948779022075769	5.948779022075563	-5.948779022075541	8.39	335.31625967402516
123	-428.3635873761326	-428.3635873761326	280.8957621283978	212.08429368806628	-1000.0	0.0	355.3571189358011	0.0	212.08429368806628	0.0	1000.0	212.08429368806628	0.0	1000.0	363.7471189358011	-212.08429368806628	1000.0	-1000.0	363.74711893580115	-363.7471189358011	363.74711893580115	8.39	212.08429368806628
124	-393.2535976872219	-393.2535976872219	184.82919537444366	199.16099999999994	-1000.0	18.526804625555542	412.65380462555595	18.526804625555542	199.16099999999994	-18.526804625555542	1000.0	180.63419537444432	18.526804625555542	1000.0	402.51700000000017	-199.16099999999994	1000.0	-1000.0	402.51700000000005	-402.51700000000017	402.51700000000017	8.39	199.16099999999994
125	-387.90346562194793	-387.90346562194793	174.12893124389575	199.161	-1000.0	29.227068756104245	423.35406875610425	29.227068756104245	199.161	-29.227068756104245	1000.0	169.93393124389576	29.227068756104245	1000.0	402.517	-199.161	1000.0	-1000.0	402.51700000000005	-402.517	402.51700000000005	8.39	199.16099999999994
126	-321.502901497962	-321.502901497962	41.327802995924	199.16099999999994	-1000.0	162.02819700407576	556.155197004076	162.02819700407576	199.16099999999994	-162.02819700407576	1000.0	37.13280299592416	162.02819700407576	1000.0	402.51700000000017	-199.16099999999994	1000.0	-1000.0	402.51700000000005	-402.51700000000017	402.51700000000005	8.39	199.16099999999994
127	-310.8798907351904	-310.8798907351904	20.081781470380633	199.16099999999994	-1000.0	183.2742185296189	577.4012185296191	183.2742185296189	199.16099999999994	-183.2742185296189	1000.0	15.886781470381013	183.2742185296189	1000.0	402.51700000000017	-199.16099999999994	1000.0	-1000.0	402.51700000000005	-402.51700000000017	402.51700000000017	8.39	199.16099999999994
128	-629.2609428389421	-629.2609428389421	1000.0	370.73905716105776	-1000.0	232.82434296634653	112.21717148317327	232.82434296634653	370.73905716105776	-232.82434296634653	1000.0	137.91471419471122	232.82434296634653	1000.0	-112.21717148317327	-370.73905716105776	1000.0	-1000.0	-112.21717148317339	112.21717148317327	-112.21717148317327	8.39	370.73905716105776
129	-602.7371131160662	-602.7371131160662	1000.0	397.2628868839338	-1000.0	391.96732130360283	191.78866065180142	391.96732130360283	397.2628868839338	-391.96732130360283	1000.0	5.295565580330937	391.96732130360283	1000.0	-191.78866065180137	-397.2628868839338	1000.0	-1000.0	-191.78866065180137	191.78866065180137	-191.78866065180137	8.39	397.2628868839338
130	-302.9364999999999	-302.9364999999999	356.2199920747882	199.16099999999994	-647.9750079252116	199.16099999999994	241.2630079252117	199.16099999999994	199.16099999999994	-199.16099999999994	647.9750079252116	0.0	199.16099999999994	647.9750079252116	50.49200792521174	-199.16099999999994	647.9750079252116	-647.9750079252116	50.49200792521174	-50.49200792521174	50.492007925211624	8.39	199.16099999999994
131	-565.0338319317467	-565.0338319317467	1000.0	373.8925546211645	-877.8527731058225	373.8925546211645	121.6776638634935	373.8925546211645	373.8925546211645	-373.8925546211645	877.8527731058225	0.0	373.8925546211645	877.8527731058225	-243.82489075767097	-373.8925546211645	877.8527731058225	-877.8527731058225	-243.82489075767103	243.82489075767097	-243.82489075767103	8.39	373.8925546211646
132	-650.7563951842715	-650.7563951842715	1000.0	349.2436048157284	-1000.0	103.85162889437063	47.730814447185324	103.85162889437063	349.2436048157284	-103.85162889437063	1000.0	245.3919759213578	103.85162889437063	1000.0	-47.73081444718531	-349.2436048157284	1000.0	-1000.0	-47.73081444718537	47.73081444718531	-47.73081444718537	8.39	349.2436048157284
133	-471.3583162740009	-471.3583162740009	565.6010542466696	311.44221084933395	-1000.0	311.44221084933395	368.7255783013322	311.44221084933395	311.44221084933395	-311.44221084933395	1000.0	0.0	311.44221084933395	1000.0	65.67336745199826	-311.44221084933395	1000.0	-1000.0	65.67336745199827	-65.67336745199826	65.67336745199816	8.39	311.44221084933395
134	-488.87023343369657	-488.87023343369657	654.6236445782621	323.11682228913105	-969.3504668673932	323.11682228913105	314.72682228913106	323.11682228913105	323.11682228913105	-323.11682228913105	969.3504668673932	0.0	323.11682228913105	969.3504668673932	0.0	-323.11682228913105	969.3504668673932	-969.3504668673932	0.0	0.0	-1.1368683772161603e-13	8.39	323.11682228913105
135	-655.2228961197399	-655.2228961197399	961.4736883592198	325.51394805986996	-1000.0	0.0	15.068155820390132	0.0	325.51394805986996	0.0	1000.0	325.51394805986996	0.0	1000.0	23.458155820390132	-325.51394805986996	1000.0	-1000.0	23.458155820389948	-23.458155820390132	23.458155820390175	8.39	325.51394805987
136	-518.8720881920374	-518.8720881920374	552.4212645761122	257.3385440960187	-1000.0	0.0	219.59436771194385	0.0	257.3385440960187	0.0	1000.0	257.3385440960187	0.0	1000.0	227.98436771194383	-257.3385440960187	1000.0	-1000.0	227.98436771194383	-227.98436771194383	227.98436771194383	8.39	257.3385440960187
137	-577.1418830616146	-577.1418830616146	727.230649184844	286.47344153080735	-1000.0	0.0	132.18967540757797	0.0	286.47344153080735	0.0	1000.0	286.47344153080735	0.0	1000.0	140.57967540757795	-286.47344153080735	1000.0	-1000.0	140.57967540757795	-140.57967540757795	140.57967540757818	8.39	286.47344153080735
138	-411.8893155767081	-411.8893155767081	231.47294673012433	203.84715778835405	-1000.0	0.0	380.0685266349378	0.0	203.84715778835405	0.0	1000.0	203.84715778835408	0.0	1000.0	388.4585266349378	-203.84715778835405	1000.0	-1000.0	388.4585266349378	-388.4585266349378	388.4585266349379	8.39	203.84715778835408
139	-507.62704333173684	-507.62704333173684	686.4968111057891	335.6213622211578	-1000.0	335.6213622211578	320.36727555768437	335.6213622211578	335.6213622211578	-335.6213622211578	1000.0	0.0	335.6213622211578	1000.0	-6.864086663473472	-335.6213622211578	1000.0	-1000.0	-6.864086663473245	6.864086663473472	-6.864086663473472	8.39	335.6213622211578
140	-371.91103124957976	-371.91103124957976	498.6780416661063	245.14402083305316	-735.4320624991595	245.14402083305316	236.7540208330532	245.14402083305316	245.14402083305316	-245.14402083305316	735.4320624991595	0.0	245.14402083305316	735.4320624991595	0.0	-245.14402083305316	735.4320624991595	-735.4320624991595	0.0	0.0	0.0	8.39	245.1440208330531
141	-535.4287610811375	-535.4287610811375	737.5241888289415	333.33333333333337	-1000.0	270.86581117105834	262.47581117105835	270.86581117105834	333.33333333333337	-270.86581117105834	1000.0	62.467522162275	270.86581117105834	1000.0	0.0	-333.33333333333337	1000.0	-1000.0	0.0	0.0	0.0	8.39	333.33333333333326
142	-530.5610135754554	-530.5610135754554	727.7886938175775	333.3333333333333	-1000.0	280.60130618242243	272.2113061824225	280.60130618242243	333.3333333333333	-280.60130618242243	1000.0	52.73202715091086	280.60130618242243	1000.0	0.0	-333.3333333333333	1000.0	-1000.0	0.0	0.0	0.0	8.39	333.3333333333334
143	-380.6512829298806	-380.6512829298806	510.3317105731742	250.97085528658707	-752.9125658597611	250.97085528658707	242.58085528658694	250.97085528658707	250.97085528658707	-250.97085528658707	752.9125658597611	0.0	250.97085528658707	752.9125658597611	0.0	-250.97085528658707	752.9125658597611	-752.9125658597611	0.0	0.0	0.0	8.39	250.9708552865871
144	-350.40057122006306	-350.40057122006306	162.408570733543	230.80371414670867	-1000.0	230.80371414670861	530.0025717065828	230.80371414670861	230.80371414670861	-230.80371414670861	1000.0	0.0	230.80371414670861	1000.0	307.58885755987416	-230.80371414670867	1000.0	-1000.0	307.58885755987444	-307.58885755987416	307.5888575598742	8.39	230.80371414670856
145	-360.924671351444	-360.924671351444	197.48890450481372	237.81978090096277	-1000.0	237.81978090096277	515.9704381980745	237.81978090096277	237.81978090096277	-237.81978090096277	1000.0	0.0	237.81978090096277	1000.0	286.54065729711164	-237.81978090096277	1000.0	-1000.0	286.54065729711147	-286.54065729711164	286.5406572971118	8.39	237.81978090096277
146	-560.2043870052272	-560.2043870052272	787.0754406771209	333.33333333333326	-1000.0	221.314559322879	212.92455932287905	221.314559322879	333.3333333333333	-221.314559322879	1000.0	112.0187740104543	221.314559322879	1000.0	0.0	-333.33333333333326	1000.0	-1000.0	0.0	0.0	0.0	8.39	333.3333333333334
147	-555.4834644980647	-555.4834644980647	777.6335956627954	333.33333333333337	-1000.0	230.75640433720457	222.36640433720459	230.75640433720457	333.33333333333337	-230.75640433720457	1000.0	102.57692899612877	230.75640433720457	1000.0	0.0	-333.33333333333337	1000.0	-1000.0	0.0	0.0	0.0	8.39	333.33333333333326
148	-460.5051176861771	-460.5051176861771	529.4237256205901	304.206745124118	-1000.0	304.206745124118	383.196509751764	304.206745124118	304.206745124118	-304.206745124118	1000.0	0.0	304.206745124118	1000.0	87.37976462764595	-304.206745124118	1000.0	-1000.0	87.37976462764595	-87.37976462764595	87.3797646276459	8.39	304.206745124118
149	-549.0013775525846	-549.0013775525846	824.4112585086157	363.20425170172314	-1000.0	363.20425170172314	265.20149659655374	363.20425170172314	363.20425170172314	-363.20425170172314	1000.0	0.0	363.20425170172314	1000.0	-89.61275510516941	-363.20425170172314	1000.0	-1000.0	-89.61275510516953	89.61275510516941	-89.61275510516941	8.39	363.2042517017231
150	-302.9365000000001	-302.9365000000001	326.43255553802965	199.16099999999994	-677.7624444619702	199.16099999999997	271.05044446197024	199.16099999999997	199.16099999999997	-199.16099999999997	677.7624444619702	0.0	199.16099999999997	677.7624444619702	80.27944446197026	-199.16099999999994	677.7624444619702	-677.7624444619702	80.27944446197057	-80.27944446197026	80.27944446197023	8.39	199.16099999999994
151	-527.217022215212	-527.217022215212	790.8255333228179	263.608511107606	-790.8255333228179	8.39	0.0	8.39	263.608511107606	-8.39	790.8255333228179	255.218511107606	8.39	790.8255333228179	0.0	-263.608511107606	790.8255333228179	-790.8255333228179	0.0	0.0	0.0	8.39	263.608511107606
152	-607.7053167684531	-607.7053167684531	882.077300203573	333.33333333333326	-1000.0	126.31269979642691	117.92269979642697	126.31269979642691	333.3333333333333	-126.31269979642691	1000.0	207.02063353690642	126.31269979642691	1000.0	0.0	-333.33333333333326	1000.0	-1000.0	0.0	0.0	0.0	8.39	333.33333333333326
153	-583.4159857683687	-583.4159857683687	833.4986382034037	333.33333333333337	-1000.0	174.89136179659624	166.50136179659626	174.89136179659624	333.33333333333337	-174.89136179659624	1000.0	158.4419715367371	174.89136179659624	1000.0	0.0	-333.33333333333337	1000.0	-1000.0	0.0	0.0	0.0	8.39	333.33333333333326
154	-425.2763052714111	-425.2763052714111	637.9144579071166	212.63815263570552	-637.9144579071166	8.389999999999986	0.0	8.389999999999986	212.63815263570552	-8.389999999999986	637.9144579071166	204.24815263570554	8.389999999999986	637.9144579071166	0.0	-212.63815263570552	637.9144579071166	-637.9144579071166	0.0	0.0	0.0	8.39	212.63815263570552
155	-657.1974705317012	-657.1974705317012	985.7962057975517	328.59873526585056	-985.7962057975517	8.39	0.0	8.39	328.59873526585056	-8.39	985.7962057975517	320.2087352658506	8.39	985.7962057975517	0.0	-328.59873526585056	985.7962057975517	-985.7962057975517	0.0	0.0	0.0	8.39	328.59873526585056
156	-414.49016523015865	-414.49016523015865	621.735247845238	207.24508261507935	-621.735247845238	8.389999999999986	0.0	8.389999999999986	207.24508261507933	-8.389999999999986	621.735247845238	198.85508261507934	8.389999999999986	621.735247845238	0.0	-207.24508261507935	621.735247845238	-621.735247845238	0.0	0.0	0.0	8.39	207.24508261507927
157	-457.56966409288566	-457.56966409288566	686.3544961393285	228.78483204644283	-686.3544961393285	8.389999999999986	0.0	8.389999999999986	228.78483204644283	-8.389999999999986	686.3544961393285	220.39483204644284	8.389999999999986	686.3544961393285	0.0	-228.78483204644283	686.3544961393285	-686.3544961393285	0.0	0.0	0.0	8.39	228.78483204644283
158	-647.6372188761632	-647.6372188761632	1000.0	352.36278112383684	-1000.0	122.56668674302118	57.0883433715106	122.56668674302118	352.3627811238369	-122.56668674302118	1000.0	229.79609438081573	122.56668674302118	1000.0	-57.08834337151059	-352.36278112383684	1000.0	-1000.0	-57.08834337151052	57.08834337151059	-57.0883433715106	8.39	352.3627811238368
159	-653.4115950106119	-653.4115950106119	1000.0	346.5884049893882	-1000.0	87.92042993632975	39.76521496816497	87.92042993632975	346.58840498938827	-87.92042993632975	1000.0	258.6679750530585	87.92042993632975	1000.0	-39.7652149681648	-346.5884049893882	1000.0	-1000.0	-39.7652149681644	39.7652149681648	-39.76521496816497	8.39	346.5884049893881
160	-500.3997380793755	-500.3997380793755	992.4094761587509	330.8031587195836	-669.9963174391672	330.8031587195836	0.0	330.8031587195836	330.8031587195836	-330.8031587195836	669.9963174391672	0.0	330.8031587195836	669.9963174391672	-322.41315871958363	-330.8031587195836	669.9963174391672	-669.9963174391672	-322.4131587195835	322.41315871958363	-322.41315871958363	8.39	330.8031587195836
161	-377.17119573489464	-377.17119573489464	597.4829999999998	199.16099999999994	-555.1813914697888	50.691608530211056	0.0	50.691608530211056	199.16099999999994	-50.691608530211056	555.1813914697888	148.4693914697889	50.691608530211056	555.1813914697888	-42.301608530211055	-199.16099999999994	555.1813914697888	-555.1813914697888	-42.301608530210615	42.301608530211055	-42.30160853021107	8.39	199.16099999999994
162	-353.32491612039433	-353.32491612039433	597.4829999999997	199.16099999999994	-507.4888322407889	98.38416775921092	0.0	98.38416775921092	199.16099999999994	-98.38416775921092	507.4888322407889	100.776832240789	98.38416775921092	507.4888322407889	-89.99416775921094	-199.16099999999994	507.4888322407889	-507.4888322407889	-89.994167759211	89.99416775921094	-89.99416775921077	8.39	199.16099999999994
163	-371.96329030287546	-371.96329030287546	597.4829999999998	199.16099999999994	-544.7655806057508	61.10741939424907	0.0	61.10741939424907	199.16099999999994	-61.10741939424907	544.7655806057508	138.05358060575085	61.10741939424907	544.7655806057508	-52.71741939424907	-199.16099999999994	544.7655806057508	-544.7655806057508	-52.717419394248736	52.71741939424907	-52.71741939424908	8.39	199.16099999999994
164	-512.5236899599313	-512.5236899599313	1000.0	338.8857933066208	-702.8189665331045	338.8857933066208	16.65737991986266	338.8857933066208	338.8857933066208	-338.8857933066208	702.8189665331045	0.0	338.8857933066208	702.8189665331045	-313.83841338675813	-338.8857933066208	702.8189665331045	-702.8189665331045	-313.83841338675825	313.83841338675813	-313.8384133867582	8.39	338.8857933066208
165	-493.10201116421524	-493.10201116421524	475.11103349264624	244.4535055821077	-1000.0	0.0	258.2494832536769	0.0	244.4535055821077	0.0	1000.0	244.4535055821077	0.0	1000.0	266.6394832536769	-244.4535055821077	1000.0	-1000.0	266.63948325367664	-266.6394832536769	266.6394832536768	8.39	244.45350558210782
166	-590.5575150790814	-590.5575150790814	767.4775452372445	293.18125753954075	-1000.0	0.0	112.06622738137776	0.0	293.18125753954075	0.0	1000.0	293.18125753954075	0.0	1000.0	120.45622738137774	-293.18125753954075	1000.0	-1000.0	120.45622738137763	-120.45622738137774	120.45622738137774	8.39	293.18125753954075
167	-433.9051622962109	-433.9051622962109	297.5204868886327	214.85508114810534	-1000.0	0.0	347.04475655568365	0.0	214.85508114810546	0.0	1000.0	214.85508114810546	0.0	1000.0	355.43475655568363	-214.85508114810534	1000.0	-1000.0	355.43475655568363	-355.43475655568363	355.43475655568363	8.39	214.85508114810557
168	-402.5170000000001	-402.5170000000001	423.07464840645355	199.16100000000017	-780.2813515935475	0.0	174.40835159354697	0.0	199.16100000000017	0.0	780.2813515935475	199.16100000000017	0.0	780.2813515935475	182.79835159354695	-199.16100000000017	780.2813515935475	-780.2813515935475	182.7983515935466	-182.79835159354695	182.79835159354695	8.39	199.16099999999994
169	-316.7996443181624	-316.7996443181624	31.921288636324903	199.16099999999994	-1000.0	171.43471136367418	565.5617113636746	171.43471136367418	199.16099999999994	-171.43471136367418	1000.0	27.726288636325663	171.43471136367418	1000.0	402.51700000000017	-199.16099999999994	1000.0	-1000.0	402.5169999999998	-402.51700000000017	402.51700000000017	8.39	199.16099999999994
170	-506.0468430688818	-506.0468430688818	513.9455292066455	250.92592153444093	-1000.0	0.0	238.83223539667733	0.0	250.9259215344409	0.0	1000.0	250.9259215344409	0.0	1000.0	247.22223539667732	-250.92592153444093	1000.0	-1000.0	247.2222353966772	-247.22223539667732	247.2222353966772	8.39	250.92592153444096
171	-634.5958839293377	-634.5958839293377	899.5926517880135	315.2004419646689	-1000.0	0.0	46.00867410599324	0.0	315.2004419646689	0.0	1000.0	315.2004419646689	0.0	1000.0	54.39867410599311	-315.2004419646689	1000.0	-1000.0	54.398674105992995	-54.39867410599311	54.39867410599322	8.39	315.20044196466904
172	-567.184710173452	-567.184710173452	801.0360870135705	333.33333333333337	-1000.0	207.35391298642946	198.96391298642948	207.35391298642946	333.33333333333337	-207.35391298642946	1000.0	125.97942034690381	207.35391298642946	1000.0	0.0	-333.33333333333337	1000.0	-1000.0	0.0	0.0	0.0	8.39	333.33333333333337
173	-436.7341732304735	-436.7341732304735	655.1012598457103	218.36708661523676	-655.1012598457103	8.389999999999986	0.0	8.389999999999986	218.36708661523676	-8.389999999999986	655.1012598457103	209.97708661523677	8.389999999999986	655.1012598457103	0.0	-218.36708661523676	655.1012598457103	-655.1012598457103	0.0	0.0	0.0	8.39	218.36708661523664
174	-501.6398143655803	-501.6398143655803	666.5393812186006	331.6298762437201	-1000.0	331.6298762437201	328.35024751255975	331.6298762437201	331.6298762437201	-331.6298762437201	1000.0	0.0	331.6298762437201	1000.0	5.110371268839458	-331.6298762437201	1000.0	-1000.0	5.1103712688400265	-5.110371268839458	5.110371268839685	8.39	331.62987624372045
175	-306.4581475779477	-306.4581475779477	15.933825259826222	201.50876505196527	-1000.0	201.50876505196527	588.5924698960695	201.50876505196527	201.50876505196527	-201.50876505196527	1000.0	0.0	201.50876505196527	1000.0	395.47370484410396	-201.50876505196527	1000.0	-1000.0	395.47370484410385	-395.47370484410396	395.4737048441043	8.39	201.50876505196536
176	-390.2283367277279	-390.2283367277279	295.1677890924266	257.3555578184853	-1000.0	257.3555578184853	476.89888436302937	257.3555578184853	257.3555578184853	-257.3555578184853	1000.0	0.0	257.3555578184853	1000.0	227.93332654454412	-257.3555578184853	1000.0	-1000.0	227.9333265445439	-227.93332654454412	227.93332654454412	8.39	257.3555578184853
177	-620.1229964310382	-620.1229964310382	923.8919946465574	307.96399821551915	-932.2819946465573	0.0	0.0	0.0	307.9639982155191	0.0	932.2819946465573	307.9639982155191	0.0	932.2819946465573	8.389999999999873	-307.96399821551915	932.2819946465573	-932.2819946465573	8.389999999999986	-8.389999999999873	8.389999999999986	8.39	307.9639982155192
178	-604.9876643636537	-604.9876643636537	1000.0	395.0123356363462	-1000.0	378.46401381807743	185.03700690903872	378.46401381807743	395.0123356363462	-378.46401381807743	1000.0	16.548321818268846	378.46401381807743	1000.0	-185.03700690903872	-395.0123356363462	1000.0	-1000.0	-185.03700690903884	185.03700690903872	-185.03700690903872	8.39	395.01233563634617
179	-534.8622130954847	-534.8622130954847	1000.0	353.77814206365656	-777.2807103182821	353.77814206365656	61.33442619096927	353.77814206365656	353.77814206365656	-353.77814206365656	777.2807103182821	0.0	353.77814206365656	777.2807103182821	-284.05371587268735	-353.77814206365656	777.2807103182821	-777.2807103182821	-284.05371587268723	284.05371587268735	-284.05371587268723	8.39	353.77814206365633
180	-522.5847737547595	-522.5847737547595	1000.0	345.5931825031731	-736.355912515865	345.5931825031731	36.779547509519084	345.5931825031731	345.5931825031731	-345.5931825031731	736.355912515865	0.0	345.5931825031731	736.355912515865	-300.4236349936541	-345.5931825031731	736.355912515865	-736.355912515865	-300.4236349936541	300.4236349936541	-300.423634993654	8.39	345.5931825031728
181	-595.8724834096461	-595.8724834096461	1000.0	394.4516556064308	-980.6482780321533	394.4516556064308	183.35496681929206	394.4516556064308	394.4516556064308	-394.4516556064308	980.6482780321533	0.0	394.4516556064308	980.6482780321533	-202.70668878713877	-394.4516556064308	980.6482780321533	-980.6482780321533	-202.70668878713877	202.70668878713877	-202.70668878713877	8.39	394.45165560643045
182	-547.0837826386253	-547.0837826386253	1000.0	361.9258550924169	-818.0192754620844	361.9258550924169	85.77756527725064	361.9258550924169	361.9258550924169	-361.9258550924169	818.0192754620844	0.0	361.9258550924169	818.0192754620844	-267.7582898151662	-361.9258550924169	818.0192754620844	-818.0192754620844	-267.75828981516634	267.7582898151662	-267.7582898151664	8.39	361.9258550924168
183	-568.4106180311927	-568.4106180311927	1000.0	376.14374535412844	-889.1087267706424	376.14374535412844	128.4312360623854	376.1437453541285	376.14374535412844	-376.1437453541285	889.1087267706424	0.0	376.1437453541285	889.1087267706424	-239.32250929174302	-376.14374535412844	889.1087267706424	-889.1087267706424	-239.32250929174302	239.32250929174302	-239.3225092917429	8.39	376.1437453541284
184	-583.6997025672763	-583.6997025672763	1000.0	386.33646837818424	-940.0723418909208	386.33646837818424	159.00940513455248	386.33646837818424	386.33646837818424	-386.33646837818424	940.0723418909208	0.0	386.33646837818424	940.0723418909208	-218.93706324363177	-386.33646837818424	940.0723418909208	-940.0723418909208	-218.93706324363166	218.93706324363177	-218.93706324363174	8.39	386.3364683781841
185	-643.6207404280876	-643.6207404280876	1000.0	356.37925957191254	-1000.0	146.6655574314749	69.13777871573745	146.6655574314749	356.37925957191254	-146.6655574314749	1000.0	209.71370214043762	146.6655574314749	1000.0	-69.13777871573745	-356.37925957191254	1000.0	-1000.0	-69.13777871573728	69.13777871573745	-69.13777871573745	8.39	356.3792595719126
186	-620.0667088155029	-620.0667088155029	1000.0	333.3333333333333	-906.8000842976725	101.58991570232752	0.0	101.58991570232752	333.3333333333333	-101.58991570232752	906.8000842976725	231.74341763100583	101.58991570232752	906.8000842976725	-93.19991570232753	-333.3333333333333	906.8000842976725	-906.8000842976725	-93.19991570232742	93.19991570232753	-93.19991570232753	8.39	333.3333333333335
187	-612.5895399199185	-612.5895399199185	1000.0	333.33333333333337	-891.8457465065036	116.54425349349644	0.0	116.54425349349644	333.33333333333337	-116.54425349349644	891.8457465065036	216.78907983983694	116.54425349349644	891.8457465065036	-108.15425349349641	-333.33333333333337	891.8457465065036	-891.8457465065036	-108.15425349349653	108.15425349349641	-108.15425349349641	8.39	333.33333333333326
188	-455.71272970122163	-455.71272970122163	513.4490990040722	301.01181980081446	-1000.0	301.01181980081446	389.58636039837114	301.01181980081446	301.01181980081446	-301.01181980081446	1000.0	0.0	301.01181980081446	1000.0	96.9645405975566	-301.01181980081446	1000.0	-1000.0	96.9645405975566	-96.9645405975566	96.9645405975566	8.39	301.01181980081446
189	-482.8563812206544	-482.8563812206544	603.9279374021812	319.1075874804362	-1000.0	319.1075874804362	353.3948250391275	319.1075874804362	319.1075874804362	-319.1075874804362	1000.0	0.0	319.1075874804362	1000.0	42.677237558691104	-319.1075874804362	1000.0	-1000.0	42.67723755869124	-42.677237558691104	42.677237558691274	8.39	319.10758748043645
190	-550.2086880529001	-550.2086880529001	767.0840427724668	333.33333333333337	-1000.0	241.3059572275332	232.91595722753323	241.3059572275332	333.33333333333337	-241.3059572275332	1000.0	92.02737610580007	241.3059572275332	1000.0	-1.1368683772161603e-13	-333.33333333333337	1000.0	-1000.0	0.0	0.0	0.0	8.39	333.33333333333337
191	-345.64682672088827	-345.64682672088827	146.56275573629432	227.6345511472589	-1000.0	227.6345511472589	536.3408977054822	227.6345511472589	227.6345511472589	-227.6345511472589	1000.0	0.0	227.6345511472589	1000.0	317.09634655822333	-227.6345511472589	1000.0	-1000.0	317.09634655822333	-317.09634655822333	317.09634655822333	8.39	227.6345511472589
192	-543.1462880992823	-543.1462880992823	752.9592428652311	333.33333333333337	-1000.0	255.43075713476867	247.04075713476877	255.43075713476867	333.33333333333337	-255.43075713476867	1000.0	77.9025761985646	255.43075713476867	1000.0	0.0	-333.33333333333337	1000.0	-1000.0	0.0	0.0	0.0	8.39	333.33333333333337
193	-546.6739604037866	-546.6739604037866	760.0145874742398	333.33333333333337	-1000.0	248.37541252576	239.9854125257601	248.37541252576	333.33333333333337	-248.37541252576	1000.0	84.95792080757333	248.37541252576	1000.0	0.0	-333.33333333333337	1000.0	-1000.0	0.0	0.0	0.0	8.39	333.33333333333337
194	-380.2755440895563	-380.2755440895563	261.9918136318545	250.7203627263709	-1000.0	250.72036272637092	490.1692745472582	250.7203627263709	250.7203627263709	-250.7203627263709	1000.0	0.0	250.7203627263709	1000.0	247.83891182088723	-250.7203627263709	1000.0	-1000.0	247.83891182088723	-247.83891182088723	247.83891182088723	8.39	250.72036272637092
195	-331.4149427320378	-331.4149427320378	99.12314244012589	218.14662848802516	-1000.0	218.14662848802516	555.3167430239497	218.14662848802516	218.14662848802516	-218.14662848802516	1000.0	0.0	218.14662848802516	1000.0	345.5601145359243	-218.14662848802516	1000.0	-1000.0	345.5601145359245	-345.5601145359243	345.5601145359244	8.39	218.14662848802539
196	-370.8564578017287	-370.8564578017287	230.59485933909616	244.44097186781923	-1000.0	244.44097186781926	502.72805626436156	244.44097186781923	244.44097186781923	-244.44097186781923	1000.0	0.0	244.44097186781923	1000.0	266.6770843965422	-244.44097186781923	1000.0	-1000.0	266.6770843965421	-266.6770843965422	266.6770843965422	8.39	244.44097186781937
197	-443.9668863093113	-443.9668863093113	474.29628769770443	293.18125753954087	-1000.0	293.18125753954087	405.2474849209182	293.18125753954087	293.18125753954087	-293.18125753954087	1000.0	0.0	293.18125753954087	1000.0	120.45622738137718	-293.18125753954087	1000.0	-1000.0	120.45622738137729	-120.45622738137718	120.45622738137735	8.39	293.1812575395411
198	-337.72940281086653	-337.72940281086653	120.17134270288842	222.35626854057773	-1000.0	222.35626854057773	546.8974629188447	222.35626854057773	222.35626854057773	-222.35626854057773	1000.0	0.0	222.35626854057773	1000.0	332.9311943782668	-222.35626854057773	1000.0	-1000.0	332.9311943782669	-332.9311943782668	332.9311943782669	8.39	222.35626854057773
199	-400.41530499999993	-400.41530499999993	199.15260999999975	199.16099999999997	-1000.0	4.203389999999936	398.3303900000001	4.203389999999936	199.16099999999997	-4.203389999999936	1000.0	194.95761000000005	4.203389999999936	1000.0	402.51700000000017	-199.16099999999997	1000.0	-1000.0	402.51700000000005	-402.51700000000017	402.51700000000017	8.39	199.16099999999994
200	-348.4923595963537	-348.4923595963537	95.3067191927073	199.16099999999994	-1000.0	108.04928080729205	502.17628080729236	108.04928080729205	199.16099999999994	-108.04928080729205	1000.0	91.11171919270782	108.04928080729205	1000.0	402.51700000000017	-199.16099999999994	1000.0	-1000.0	402.51700000000005	-402.51700000000017	402.51700000000017	8.39	199.16099999999994
201	-407.4978682757563	-407.4978682757563	546.1271577010082	268.8685788505044	-806.605736551513	268.8685788505044	260.4785788505046	268.8685788505044	268.8685788505044	-268.8685788505044	806.605736551513	0.0	268.8685788505044	806.605736551513	-1.1368683772161603e-13	-268.8685788505044	806.605736551513	-806.605736551513	0.0	0.0	0.0	8.39	268.86857885050404
202	-408.29450102030785	-408.29450102030785	355.3883367343594	269.39966734687187	-1000.0	269.39966734687187	452.8106653062562	269.39966734687187	269.39966734687187	-269.39966734687187	1000.0	0.0	269.39966734687187	1000.0	191.8009979593844	-269.39966734687187	1000.0	-1000.0	191.8009979593844	-191.8009979593844	191.8009979593844	8.39	269.39966734687187
203	-305.94722431432723	-305.94722431432723	597.4829999999998	199.16099999999994	-412.7334486286545	193.1395513713453	0.0	193.1395513713453	199.16099999999994	-193.1395513713453	412.7334486286545	6.021448628654639	193.1395513713453	412.7334486286545	-184.74955137134532	-199.16099999999994	412.7334486286545	-412.7334486286545	-184.74955137134543	184.74955137134532	-184.74955137134532	8.39	199.16099999999994
204	-316.4487028358581	-316.4487028358581	624.5074056717162	208.1691352239054	-424.7282704478108	208.1691352239054	0.0	208.1691352239054	208.1691352239054	-208.1691352239054	424.7282704478108	0.0	208.1691352239054	424.7282704478108	-199.77913522390543	-208.1691352239054	424.7282704478108	-424.7282704478108	-199.77913522390543	199.77913522390543	-199.77913522390543	8.39	208.1691352239054
205	-343.3473420104335	-343.3473420104335	678.304684020867	226.10156134028898	-460.593122680578	226.10156134028898	0.0	226.10156134028904	226.10156134028898	-226.10156134028904	460.59312268057806	0.0	226.10156134028904	460.593122680578	-217.7115613402891	-226.10156134028898	460.59312268057806	-460.593122680578	-217.71156134028888	217.7115613402891	-217.71156134028894	8.39	226.10156134028892
206	-325.4268628801368	-325.4268628801368	642.4637257602737	214.15457525342458	-436.69915050684904	214.15457525342458	0.0	214.15457525342453	214.15457525342458	-214.15457525342453	436.69915050684904	0.0	214.15457525342453	436.69915050684904	-205.76457525342448	-214.15457525342458	436.69915050684904	-436.69915050684904	-205.7645752534247	205.76457525342448	-205.76457525342465	8.39	214.15457525342458
207	-361.2498648206417	-361.2498648206417	714.1097296412834	238.03657654709446	-484.4631530941889	238.03657654709446	0.0	238.03657654709446	238.03657654709446	-238.03657654709446	484.4631530941889	0.0	238.03657654709446	484.4631530941889	-229.64657654709447	-238.03657654709446	484.4631530941889	-484.4631530941889	-229.64657654709447	229.64657654709447	-229.64657654709447	8.39	238.03657654709446
208	-388.0769651563736	-388.0769651563736	767.7639303127472	255.92131010424907	-520.2326202084981	255.92131010424907	0.0	255.92131010424907	255.92131010424907	-255.92131010424907	520.2326202084981	0.0	255.92131010424907	520.2326202084981	-247.5313101042491	-255.92131010424907	520.2326202084981	-520.2326202084981	-247.5313101042492	247.5313101042491	-247.5313101042491	8.39	255.92131010424907
209	-334.3870666043269	-334.3870666043269	660.3841332086538	220.1280444028846	-448.6460888057691	220.1280444028846	0.0	220.1280444028846	220.1280444028846	-220.1280444028846	448.64608880576907	0.0	220.1280444028846	448.6460888057691	-211.7380444028846	-220.1280444028846	448.64608880576907	-448.6460888057691	-211.7380444028846	211.7380444028846	-211.73804440288473	8.39	220.1280444028846
210	-352.30754573462355	-352.30754573462355	696.225091469247	232.075030489749	-472.5400609794981	232.075030489749	0.0	232.07503048974905	232.075030489749	-232.07503048974905	472.5400609794981	0.0	232.07503048974905	472.5400609794981	-223.68503048974912	-232.075030489749	472.5400609794981	-472.5400609794981	-223.6850304897489	223.68503048974912	-223.68503048974895	8.39	232.075030489749
211	-423.7926589816909	-423.7926589816909	839.1953179633819	279.73177265446066	-567.8535453089212	279.73177265446066	0.0	279.7317726544606	279.73177265446066	-279.7317726544606	567.8535453089212	0.0	279.7317726544606	567.8535453089212	-271.34177265446067	-279.73177265446066	567.8535453089212	-567.8535453089212	-271.3417726544608	271.34177265446067	-271.34177265446067	8.39	279.73177265446066
212	-370.1742992684877	-370.1742992684877	731.9585985369754	243.98619951232513	-496.3623990246503	243.98619951232513	0.0	243.98619951232513	243.98619951232513	-243.98619951232513	496.3623990246503	0.0	243.98619951232513	496.3623990246503	-235.59619951232514	-243.98619951232513	496.3623990246503	-496.3623990246503	-235.59619951232514	235.59619951232514	-235.5961995123251	8.39	243.98619951232513
213	-432.6992801871261	-432.6992801871261	857.0085603742522	285.66952012475076	-579.7290402495014	285.66952012475076	0.0	285.6695201247507	285.66952012475076	-285.6695201247507	579.7290402495014	0.0	285.6695201247507	579.7290402495014	-277.2795201247508	-285.66952012475076	579.7290402495014	-579.7290402495014	-277.2795201247509	277.2795201247508	-277.2795201247508	8.39	285.66952012475076
214	-441.58808815015027	-441.58808815015027	874.7861763003006	291.5953921001002	-591.5807842002004	291.5953921001002	0.0	291.5953921001002	291.5953921001002	-291.5953921001002	591.5807842002004	0.0	291.5953921001002	591.5807842002004	-283.2053921001002	-291.5953921001002	591.5807842002004	-591.5807842002004	-283.2053921001002	283.2053921001002	-283.2053921001002	8.39	291.59539210010007
215	-420.78530461628003	-420.78530461628003	397.02434872093374	277.72686974418673	-1000.0	277.72686974418673	436.1562605116265	277.72686974418673	277.72686974418673	-277.72686974418673	1000.0	0.0	277.72686974418673	1000.0	166.8193907674396	-277.72686974418673	1000.0	-1000.0	166.81939076743947	-166.8193907674396	166.8193907674398	8.39	277.72686974418696
216	-492.00378470933924	-492.00378470933924	634.4192823644642	325.20585647289283	-1000.0	325.20585647289283	341.19828705421435	325.20585647289283	325.20585647289283	-325.20585647289283	1000.0	0.0	325.20585647289283	1000.0	24.3824305813215	-325.20585647289283	1000.0	-1000.0	24.3824305813215	-24.3824305813215	24.382430581321614	8.39	325.2058564728927
217	-645.4580028279829	-645.4580028279829	1000.0	354.54199717201703	-1000.0	135.64198303210236	63.625991516051215	135.64198303210236	354.54199717201703	-135.64198303210236	1000.0	218.90001413991467	135.64198303210236	1000.0	-63.625991516051045	-354.54199717201703	1000.0	-1000.0	-63.62599151605127	63.625991516051045	-63.625991516051215	8.39	354.5419971720169
218	-649.0766814042745	-649.0766814042745	1000.0	350.92331859572556	-1000.0	113.9299115743532	52.769955787176606	113.9299115743532	350.92331859572556	-113.9299115743532	1000.0	236.99340702137235	113.9299115743532	1000.0	-52.76995578717663	-350.92331859572556	1000.0	-1000.0	-52.769955787176514	52.76995578717663	-52.769955787176606	8.39	350.92331859572545
219	-554.8795938601138	-554.8795938601138	1000.0	367.1230625734092	-844.0053128670459	367.1230625734092	101.36918772022753	367.1230625734092	367.1230625734092	-367.1230625734092	844.0053128670459	0.0	367.1230625734092	844.0053128670459	-257.36387485318164	-367.1230625734092	844.0053128670459	-844.0053128670459	-257.36387485318164	257.36387485318164	-257.36387485318164	8.39	367.1230625734091
220	-577.3128914866716	-577.3128914866716	1000.0	382.07859432444775	-918.7829716222386	382.07859432444775	146.2357829733432	382.07859432444775	382.07859432444775	-382.07859432444775	918.7829716222386	0.0	382.07859432444775	918.7829716222386	-227.45281135110463	-382.07859432444775	918.7829716222386	-918.7829716222386	-227.45281135110463	227.45281135110463	-227.45281135110457	8.39	382.07859432444775
221	-661.0573850791185	-661.0573850791185	1000.0	338.9426149208815	-1000.0	42.04568952528898	16.827844762644496	42.04568952528898	338.9426149208815	-42.04568952528898	1000.0	296.8969253955925	42.04568952528898	1000.0	-16.827844762644418	-338.9426149208815	1000.0	-1000.0	-16.827844762644645	16.827844762644418	-16.827844762644496	8.39	338.9426149208814
222	-656.0339299849493	-656.0339299849493	1000.0	343.9660700150507	-1000.0	72.18642009030415	31.898210045152087	72.18642009030415	343.9660700150507	-72.18642009030415	1000.0	271.77964992474654	72.18642009030415	1000.0	-31.898210045152155	-343.9660700150507	1000.0	-1000.0	-31.898210045152155	31.898210045152155	-31.898210045152087	8.39	343.9660700150507
223	-600.0657527765419	-600.0657527765419	1000.0	397.2471685176946	-994.625842588473	397.2471685176946	191.7415055530838	397.2471685176946	397.2471685176946	-397.2471685176946	994.625842588473	0.0	397.2471685176946	994.625842588473	-197.1156629646108	-397.2471685176946	994.625842588473	-994.625842588473	-197.11566296461092	197.1156629646108	-197.1156629646108	8.39	397.2471685176945
224	-479.8710243717045	-479.8710243717045	951.3520487434089	317.1173495811363	-642.6246991622726	317.1173495811363	0.0	317.1173495811363	317.1173495811363	-317.1173495811363	642.6246991622726	0.0	317.1173495811363	642.6246991622726	-308.7273495811363	-317.1173495811363	642.6246991622726	-642.6246991622726	-308.7273495811362	308.7273495811363	-308.7273495811363	8.39	317.1173495811363
225	-434.40757267997515	-434.40757267997515	442.4319089332512	286.8083817866502	-1000.0	286.8083817866502	417.9932364266995	286.8083817866502	286.8083817866502	-286.8083817866502	1000.0	0.0	286.8083817866502	1000.0	139.57485464004935	-286.8083817866502	1000.0	-1000.0	139.5748546400489	-139.57485464004935	139.57485464004935	8.39	286.8083817866502
226	-398.66942553926935	-398.66942553926935	788.9488510785384	262.98295035951287	-534.3559007190256	262.9829503595128	0.0	262.9829503595128	262.9829503595128	-262.9829503595128	534.3559007190256	0.0	262.9829503595128	534.3559007190256	-254.59295035951277	-262.98295035951287	534.3559007190256	-534.3559007190256	-254.59295035951254	254.59295035951277	-254.59295035951283	8.39	262.9829503595127
227	-358.2989083686646	-358.2989083686646	708.2078167373292	236.06927224577638	-480.5285444915528	236.06927224577638	0.0	236.06927224577638	236.06927224577638	-236.06927224577638	480.5285444915528	0.0	236.06927224577638	480.5285444915528	-227.67927224577636	-236.06927224577638	480.5285444915528	-480.5285444915528	-227.67927224577625	227.67927224577636	-227.67927224577636	8.39	236.0692722457764
228	-474.37018458864384	-474.37018458864384	940.3503691772878	313.45012305909586	-635.2902461181918	313.4501230590959	0.0	313.4501230590959	313.4501230590959	-313.4501230590959	635.2902461181918	0.0	313.4501230590959	635.2902461181918	-305.060123059096	-313.45012305909586	635.2902461181918	-635.2902461181918	-305.060123059096	305.060123059096	-305.06012305909604	8.39	313.4501230590959
229	-302.9365000000001	-302.9365000000001	408.7568611756117	199.16099999999994	-595.4381388243881	199.16099999999997	188.72613882438822	199.16099999999997	199.16099999999997	-199.16099999999997	595.4381388243881	0.0	199.16099999999997	595.4381388243881	-2.0448611756118	-199.16099999999994	595.4381388243881	-595.4381388243881	-2.0448611756114587	2.0448611756118	-2.0448611756118	8.39	199.16099999999994
230	-426.38877876390416	-426.38877876390416	844.3875575278082	281.46251917593605	-571.3150383518721	281.46251917593605	0.0	281.46251917593605	281.46251917593605	-281.46251917593605	571.3150383518721	0.0	281.46251917593605	571.3150383518721	-273.0725191759361	-281.46251917593605	571.3150383518721	-571.3150383518721	-273.0725191759359	273.0725191759361	-273.0725191759362	8.39	281.46251917593605
231	-302.93650000000025	-302.93650000000025	249.98181693561844	199.16099999999994	-754.2131830643813	199.16099999999994	347.5011830643814	199.16099999999994	199.16099999999994	-199.16099999999994	754.2131830643813	0.0	199.16099999999994	754.2131830643813	156.73018306438132	-199.16099999999994	754.2131830643813	-754.2131830643813	156.730183064382	-156.73018306438132	156.7301830643814	8.39	199.16099999999994
232	-413.82498258319987	-413.82498258319987	554.5633101109332	273.0866550554666	-819.2599651663999	273.0866550554666	264.69665505546664	273.0866550554666	273.0866550554666	-273.0866550554666	819.2599651663999	0.0	273.0866550554666	819.2599651663999	0.0	-273.0866550554666	819.2599651663999	-819.2599651663999	0.0	0.0	0.0	8.39	273.0866550554666
233	-302.9365	-302.9365	80.07032769421623	199.16100000000006	-924.1246723057839	199.16100000000006	517.4126723057838	199.16100000000006	199.16100000000006	-199.16100000000006	924.1246723057839	0.0	199.16100000000006	924.1246723057839	326.6416723057837	-199.16100000000006	924.1246723057839	-924.1246723057839	326.6416723057837	-326.6416723057837	326.6416723057839	8.39	199.16099999999994
234	-619.5229497665232	-619.5229497665232	929.2844246497845	309.7614748832615	-929.2844246497845	8.389999999999986	0.0	8.389999999999986	309.7614748832615	-8.389999999999986	929.2844246497845	301.3714748832615	8.389999999999986	929.2844246497845	0.0	-309.7614748832615	929.2844246497845	-929.2844246497845	0.0	0.0	0.0	8.39	309.7614748832615
235	-588.170605224366	-588.170605224366	843.0078771153986	333.33333333333337	-1000.0	165.38212288460142	156.99212288460137	165.38212288460142	333.33333333333337	-165.38212288460142	1000.0	167.95121044873196	165.38212288460142	1000.0	-1.1368683772161603e-13	-333.33333333333337	1000.0	-1000.0	0.0	0.0	0.0	8.39	333.3333333333334
236	-332.42942366909705	-332.42942366909705	63.18084733819376	199.16099999999994	-1000.0	140.175152661806	534.3021526618061	140.175152661806	199.16099999999997	-140.175152661806	1000.0	58.985847338193956	140.175152661806	1000.0	402.51700000000005	-199.16099999999994	1000.0	-1000.0	402.51700000000005	-402.51700000000005	402.51700000000017	8.39	199.16099999999994
237	-480.65929483198124	-480.65929483198124	720.9889422479717	240.32964741599062	-720.9889422479717	8.389999999999986	0.0	8.389999999999986	240.3296474159906	-8.389999999999986	720.9889422479717	231.93964741599058	8.389999999999986	720.9889422479717	0.0	-240.32964741599062	720.9889422479717	-720.9889422479717	0.0	0.0	0.0	8.39	240.32964741599056
238	-631.3163721801868	-631.3163721801868	929.2994110270403	333.33333333333337	-1000.0	79.09058897295995	70.70058897295985	79.09058897295995	333.3333333333333	-79.09058897295995	1000.0	254.24274436037336	79.09058897295995	1000.0	0.0	-333.33333333333337	1000.0	-1000.0	0.0	0.0	0.0	8.39	333.3333333333334
239	-659.0698245186095	-659.0698245186095	984.8063157038854	333.33333333333337	-1000.0	23.583684296114797	15.193684296114725	23.583684296114797	333.3333333333333	-23.583684296114797	1000.0	309.74964903721855	23.583684296114797	1000.0	0.0	-333.33333333333337	1000.0	-1000.0	0.0	0.0	0.0	8.39	333.33333333333337
240	-579.7913209553844	-579.7913209553844	826.2493085774354	333.33333333333337	-1000.0	182.14069142256477	173.7506914225647	182.14069142256477	333.33333333333337	-182.14069142256477	1000.0	151.1926419107686	182.14069142256477	1000.0	0.0	-333.33333333333337	1000.0	-1000.0	0.0	0.0	0.0	8.39	333.33333333333337
241	-526.7810433239916	-526.7810433239916	720.2287533146498	333.33333333333337	-1000.0	288.1612466853504	279.7712466853503	288.1612466853504	333.33333333333337	-288.1612466853504	1000.0	45.172086647982944	288.1612466853504	1000.0	-1.1368683772161603e-13	-333.33333333333337	1000.0	-1000.0	0.0	0.0	0.0	8.39	333.33333333333337
242	-424.41788134231996	-424.41788134231996	269.05864402695977	210.11144067115993	-1000.0	0.0	361.2756779865201	0.0	210.11144067115995	0.0	1000.0	210.11144067115995	0.0	1000.0	369.6656779865201	-210.11144067115993	1000.0	-1000.0	369.6656779865201	-369.6656779865201	369.6656779865201	8.39	210.11144067116
243	-391.91340032649265	-391.91340032649265	182.14880065298541	199.16100000000006	-1000.0	21.20719934701458	415.3341993470146	21.20719934701458	199.161	-21.20719934701458	1000.0	177.95380065298542	21.20719934701458	1000.0	402.51700000000005	-199.16100000000006	1000.0	-1000.0	402.5169999999998	-402.51700000000005	402.517	8.39	199.16099999999994
244	-394.59379504795163	-394.59379504795163	187.50959009590326	199.16100000000006	-1000.0	15.846409904096845	409.9734099040968	15.846409904096845	199.16100000000003	-15.846409904096845	1000.0	183.31459009590318	15.846409904096845	1000.0	402.51699999999994	-199.16100000000006	1000.0	-1000.0	402.51700000000005	-402.51699999999994	402.51699999999994	8.39	199.16099999999994
245	-320.17104552979725	-320.17104552979725	38.66409105959417	199.16100000000006	-1000.0	164.69190894040582	558.8189089404058	164.69190894040582	199.16100000000003	-164.69190894040582	1000.0	34.469091059594206	164.69190894040582	1000.0	402.51699999999994	-199.16100000000006	1000.0	-1000.0	402.51700000000005	-402.51699999999994	402.51700000000005	8.39	199.16099999999994
246	-389.2383128934132	-389.2383128934132	176.79862578682594	199.16100000000006	-1000.0	26.55737421317417	420.6843742131741	26.55737421317417	199.16100000000003	-26.55737421317417	1000.0	172.60362578682586	26.55737421317417	1000.0	402.51699999999994	-199.16100000000006	1000.0	-1000.0	402.51700000000005	-402.51699999999994	402.51699999999994	8.39	199.16099999999994
247	-585.2500237714064	-585.2500237714064	751.555071314219	290.52751188570323	-1000.0	0.0	120.02746434289048	0.0	290.5275118857032	0.0	1000.0	290.5275118857032	0.0	1000.0	128.41746434289053	-290.52751188570323	1000.0	-1000.0	128.41746434289053	-128.41746434289053	128.41746434289053	8.39	290.52751188570323
248	-309.5533515573177	-309.5533515573177	17.428703114635027	199.16099999999994	-1000.0	185.92729688536474	580.0542968853649	185.92729688536474	199.16099999999994	-185.92729688536474	1000.0	13.233703114635214	185.92729688536474	1000.0	402.51700000000005	-199.16099999999994	1000.0	-1000.0	402.51700000000005	-402.51700000000005	402.51700000000005	8.39	199.16099999999994
249	-322.8347574661272	-322.8347574661272	43.99151493225395	199.16099999999994	-1000.0	159.36448506774582	553.491485067746	159.36448506774582	199.16099999999994	-159.36448506774582	1000.0	39.796514932254105	159.36448506774582	1000.0	402.51700000000017	-199.16099999999994	1000.0	-1000.0	402.51700000000005	-402.51700000000017	402.51700000000005	8.39	199.16099999999994
250	-630.8629991574514	-630.8629991574514	1000.0	369.13700084254845	-1000.0	223.21200505529066	107.41100252764534	223.21200505529066	369.13700084254845	-223.21200505529066	1000.0	145.92499578725779	223.21200505529066	1000.0	-107.41100252764534	-369.13700084254845	1000.0	-1000.0	-107.41100252764545	107.41100252764534	-107.41100252764534	8.39	369.13700084254845
251	-605.2249547755794	-605.2249547755794	907.8374321633687	302.61247738778957	-907.8374321633687	8.389999999999986	0.0	8.389999999999986	302.61247738778957	-8.389999999999986	907.8374321633687	294.2224773877896	8.389999999999986	907.8374321633687	0.0	-302.61247738778957	907.8374321633687	-907.8374321633687	0.0	0.0	0.0	8.39	302.61247738778957
252	-304.2630391778728	-304.2630391778728	597.4829999999998	199.16099999999994	-409.3650783557457	196.50792164425414	0.0	196.50792164425414	199.16099999999994	-196.50792164425414	409.3650783557457	2.6530783557457993	196.50792164425414	409.3650783557457	-188.11792164425412	-199.16099999999994	409.3650783557457	-409.3650783557457	-188.11792164425424	188.11792164425412	-188.11792164425412	8.39	199.16099999999994
253	-402.5169999999998	-402.5169999999998	345.7084479540081	199.16099999999994	-857.6475520459915	0.0	251.7745520459916	0.0	199.16099999999994	0.0	857.6475520459915	199.16099999999994	0.0	857.6475520459915	260.1645520459916	-199.16099999999994	857.6475520459915	-857.6475520459915	260.1645520459915	-260.1645520459916	260.16455204599174	8.39	199.16099999999994
254	-560.2608941127127	-560.2608941127127	861.9429803757087	370.71059607514167	-1000.0	370.7105960751417	250.1888078497165	370.7105960751417	370.7105960751417	-370.7105960751417	1000.0	0.0	370.7105960751417	1000.0	-112.13178822542523	-370.71059607514167	1000.0	-1000.0	-112.131788225425	112.13178822542523	-112.13178822542517	8.39	370.71059607514195
255	-302.9365	-302.9365	364.1657173151075	199.16099999999994	-640.0292826848923	199.16099999999994	233.31728268489243	199.16099999999994	199.16099999999994	-199.16099999999994	640.0292826848923	0.0	199.16099999999994	640.0292826848923	42.54628268489239	-199.16099999999994	640.0292826848923	-640.0292826848923	42.54628268489262	-42.54628268489239	42.54628268489239	8.39	199.16099999999994
256	-405.9524451541501	-405.9524451541501	608.9286677312248	202.97622257707496	-608.9286677312248	8.389999999999986	0.0	8.389999999999986	202.97622257707494	-8.389999999999986	608.9286677312248	194.58622257707492	8.389999999999986	608.9286677312248	0.0	-202.97622257707496	608.9286677312248	-608.9286677312248	0.0	0.0	0.0	8.39	202.9762225770749
257	-612.0424031507446	-612.0424031507446	918.0636047261166	306.0212015753723	-918.0636047261166	8.389999999999986	0.0	8.389999999999986	306.02120157537223	-8.389999999999986	918.0636047261166	297.63120157537224	8.389999999999986	918.0636047261166	0.0	-306.0212015753723	918.0636047261166	-918.0636047261166	0.0	0.0	0.0	8.39	306.02120157537223
258	-582.0893525906703	-582.0893525906703	873.1340288860051	291.04467629533497	-873.1340288860051	8.389999999999986	0.0	8.389999999999986	291.044676295335	-8.389999999999986	873.1340288860051	282.6546762953351	8.389999999999986	873.1340288860051	0.0	-291.04467629533497	873.1340288860051	-873.1340288860051	0.0	0.0	0.0	8.39	291.04467629533497
259	-302.9365000000001	-302.9365000000001	207.07163682284374	199.16099999999994	-797.1233631771562	199.16099999999997	390.41136317715626	199.16099999999997	199.16099999999997	-199.16099999999997	797.1233631771562	0.0	199.16099999999997	797.1233631771562	199.64036317715625	-199.16099999999994	797.1233631771562	-797.1233631771562	199.6403631771566	-199.64036317715625	199.64036317715625	8.39	199.16099999999994
260	-651.2795799826681	-651.2795799826681	1000.0	348.7204200173319	-1000.0	100.71252010399166	46.16126005199584	100.71252010399166	348.72042001733195	-100.71252010399166	1000.0	248.00789991334028	100.71252010399166	1000.0	-46.161260051995896	-348.7204200173319	1000.0	-1000.0	-46.16126005199567	46.161260051995896	-46.16126005199584	8.39	348.72042001733183
261	-590.4741570923759	-590.4741570923759	962.6538569745863	390.8527713949172	-1000.0	390.8527713949173	209.90445721016548	390.8527713949173	390.8527713949173	-390.8527713949173	1000.0	0.0	390.8527713949173	1000.0	-172.55831418475168	-390.8527713949172	1000.0	-1000.0	-172.5583141847516	172.55831418475168	-172.55831418475182	8.39	390.8527713949174
262	-562.6734390828569	-562.6734390828569	869.9847969428561	372.3189593885712	-1000.0	372.3189593885712	246.97208122285758	372.3189593885712	372.3189593885712	-372.3189593885712	1000.0	0.0	372.3189593885712	1000.0	-116.95687816571365	-372.3189593885712	1000.0	-1000.0	-116.95687816571353	116.95687816571365	-116.95687816571365	8.39	372.3189593885713
263	-625.5518110249386	-625.5518110249386	1000.0	374.4481889750616	-1000.0	255.07913385036937	123.3445669251847	255.07913385036937	374.44818897506156	-255.07913385036937	1000.0	119.36905512469217	255.07913385036937	1000.0	-123.34456692518461	-374.4481889750616	1000.0	-1000.0	-123.34456692518438	123.34456692518461	-123.3445669251847	8.39	374.44818897506167
264	-532.1529398027619	-532.1529398027619	1000.0	351.97195986850795	-768.2497993425397	351.97195986850795	55.915879605523855	351.97195986850795	351.97195986850795	-351.97195986850795	768.2497993425397	0.0	351.97195986850795	768.2497993425397	-287.6660802629841	-351.97195986850795	768.2497993425397	-768.2497993425397	-287.666080262984	287.6660802629841	-287.6660802629841	8.39	351.97195986850807
265	-566.4438040070097	-566.4438040070097	1000.0	374.8325360046731	-882.5526800233652	374.83253600467305	124.49760801401911	374.83253600467305	374.83253600467305	-374.83253600467305	882.5526800233652	0.0	374.83253600467305	882.5526800233652	-241.94492799065392	-374.8325360046731	882.5526800233652	-882.5526800233652	-241.9449279906537	241.94492799065392	-241.94492799065395	8.39	374.83253600467293
266	-468.4884287483328	-468.4884287483328	556.0347624944421	309.52895249888843	-1000.0	309.52895249888843	372.55209500222315	309.52895249888843	309.52895249888843	-309.52895249888843	1000.0	0.0	309.52895249888843	1000.0	71.41314250333471	-309.52895249888843	1000.0	-1000.0	71.41314250333517	-71.41314250333471	71.4131425033348	8.39	309.52895249888843
267	-574.522995083876	-574.522995083876	815.7126568344188	333.33333333333337	-1000.0	192.6773431655812	184.2873431655812	192.6773431655812	333.33333333333337	-192.6773431655812	1000.0	140.65599016775215	192.6773431655812	1000.0	1.1368683772161603e-13	-333.33333333333337	1000.0	-1000.0	0.0	0.0	0.0	8.39	333.33333333333326
268	-634.9859479295036	-634.9859479295036	936.6385625256739	333.33333333333326	-1000.0	71.75143747432601	63.36143747432603	71.75143747432601	333.3333333333333	-71.75143747432601	1000.0	261.5818958590073	71.75143747432601	1000.0	1.1368683772161603e-13	-333.33333333333326	1000.0	-1000.0	0.0	0.0	0.0	8.39	333.3333333333333
269	-474.1826269571754	-474.1826269571754	575.0154231905844	313.3250846381169	-1000.0	313.3250846381169	364.95983072376623	313.3250846381169	313.3250846381169	-313.3250846381169	1000.0	0.0	313.3250846381169	1000.0	60.024746085649326	-313.3250846381169	1000.0	-1000.0	60.02474608564963	-60.024746085649326	60.024746085649326	8.39	313.3250846381169
270	-654.2973288179364	-654.2973288179364	975.2613243025395	333.33333333333337	-1000.0	33.12867569746076	24.73867569746062	33.12867569746076	333.3333333333334	-33.12867569746076	1000.0	300.20465763587265	33.12867569746076	1000.0	-2.2737367544323206e-13	-333.33333333333337	1000.0	-1000.0	0.0	0.0	0.0	8.39	333.33333333333337
271	-571.8859383523203	-571.8859383523203	810.4385433713073	333.33333333333326	-1000.0	197.95145662869254	189.56145662869258	197.95145662869254	333.33333333333326	-197.95145662869254	1000.0	135.38187670464075	197.95145662869254	1000.0	0.0	-333.33333333333326	1000.0	-1000.0	0.0	0.0	0.0	8.39	333.3333333333335
272	-437.1781145869946	-437.1781145869946	451.66704862331574	288.6554097246632	-1000.0	288.6554097246632	414.2991805506737	288.6554097246632	288.6554097246632	-288.6554097246632	1000.0	0.0	288.6554097246632	1000.0	134.03377082601048	-288.6554097246632	1000.0	-1000.0	134.03377082601037	-134.03377082601048	134.03377082601054	8.39	288.6554097246632
273	-302.9364999999999	-302.9364999999999	39.35086882076257	199.16099999999994	-964.8441311792366	199.16099999999983	558.1321311792369	199.16099999999983	199.16099999999994	-199.16099999999983	964.8441311792366	0.0	199.16099999999983	964.8441311792366	367.36113117923696	-199.16099999999994	964.8441311792366	-964.8441311792366	367.3611311792374	-367.36113117923696	367.3611311792371	8.39	199.16099999999994
274	-660.2355692893227	-660.2355692893227	976.5117078679688	328.0202846446614	-1000.0	0.0	7.5491460660156235	0.0	328.0202846446614	0.0	1000.0	328.0202846446615	0.0	1000.0	15.939146066015496	-328.0202846446614	1000.0	-1000.0	15.939146066015383	-15.939146066015496	15.93914606601561	8.39	328.02028464466173
275	-402.51700000000005	-402.51700000000005	229.4991974444506	199.16100000000006	-973.8568025555497	0.0	367.9838025555496	0.0	199.16100000000006	0.0	973.8568025555497	199.16100000000006	0.0	973.8568025555497	376.37380255554945	-199.16100000000006	973.8568025555497	-973.8568025555497	376.37380255554945	-376.37380255554945	376.37380255554956	8.39	199.16099999999994
276	-639.5941606439171	-639.5941606439171	914.5874819317514	317.6995803219586	-1000.0	0.0	38.51125903412424	0.0	317.6995803219586	0.0	1000.0	317.6995803219586	0.0	1000.0	46.90125903412411	-317.6995803219586	1000.0	-1000.0	46.90125903412422	-46.90125903412411	46.90125903412445	8.39	317.6995803219587
277	-650.2102229501568	-650.2102229501568	946.4356688504704	323.0076114750784	-1000.0	0.0	22.587165574764867	0.0	323.0076114750784	0.0	1000.0	323.00761147507836	0.0	1000.0	30.97716557476474	-323.0076114750784	1000.0	-1000.0	30.97716557476474	-30.97716557476474	30.97716557476474	8.39	323.0076114750784
278	-521.9214505969776	-521.9214505969776	561.5693517909326	258.86322529848877	-1000.0	0.0	215.02032410453376	0.0	258.86322529848877	0.0	1000.0	258.8632252984887	0.0	1000.0	223.41032410453363	-258.86322529848877	1000.0	-1000.0	223.41032410453386	-223.41032410453363	223.41032410453363	8.39	258.86322529848894
279	-611.1189097475988	-611.1189097475988	1000.0	388.8810902524012	-1000.0	341.6765415144072	166.6432707572036	341.6765415144072	388.8810902524012	-341.6765415144072	1000.0	47.20454873799407	341.6765415144072	1000.0	-166.6432707572036	-388.8810902524012	1000.0	-1000.0	-166.6432707572037	166.6432707572036	-166.6432707572036	8.39	388.8810902524011
280	-632.8703598868842	-632.8703598868842	1000.0	367.1296401131158	-1000.0	211.16784067869452	101.38892033934735	211.16784067869452	367.1296401131158	-211.16784067869452	1000.0	155.9617994344212	211.16784067869452	1000.0	-101.38892033934712	-367.1296401131158	1000.0	-1000.0	-101.38892033934735	101.38892033934712	-101.38892033934735	8.39	367.12964011311556
281	-302.93649999999997	-302.93649999999997	238.89796199755517	199.16099999999994	-765.2970380024447	199.16099999999994	358.5850380024448	199.16099999999994	199.16099999999994	-199.16099999999994	765.2970380024447	0.0	199.16099999999994	765.2970380024447	167.81403800244482	-199.16099999999994	765.2970380024447	-765.2970380024447	167.81403800244482	-167.81403800244482	167.8140380024447	8.39	199.16099999999994
282	-520.9939589221988	-520.9939589221988	1000.0	344.5326392814658	-731.053196407329	344.5326392814658	33.5979178443974	344.5326392814658	344.5326392814658	-344.5326392814658	731.053196407329	0.0	344.5326392814658	731.053196407329	-302.54472143706835	-344.5326392814658	731.053196407329	-731.053196407329	-302.54472143706835	302.54472143706835	-302.5447214370684	8.39	344.53263928146566
283	-614.6592527325245	-614.6592527325245	1000.0	385.34074726747565	-1000.0	320.4344836048539	156.02224180242698	320.4344836048539	385.34074726747565	-320.4344836048539	1000.0	64.90626366262173	320.4344836048539	1000.0	-156.02224180242695	-385.34074726747565	1000.0	-1000.0	-156.02224180242683	156.02224180242695	-156.02224180242698	8.39	385.34074726747554
284	-612.7102066312492	-612.7102066312492	1000.0	387.2897933687508	-1000.0	332.1287602125045	161.86938010625227	332.1287602125045	387.2897933687508	-332.1287602125045	1000.0	55.16103315624621	332.1287602125045	1000.0	-161.86938010625227	-387.2897933687508	1000.0	-1000.0	-161.8693801062525	161.86938010625227	-161.86938010625227	8.39	387.2897933687509
285	-302.93649999999997	-302.93649999999997	389.7234374011764	199.16099999999994	-614.4715625988234	199.16099999999994	207.75956259882352	199.16099999999994	199.16099999999994	-199.16099999999994	614.4715625988234	0.0	199.16099999999994	614.4715625988234	16.988562598823478	-199.16099999999994	614.4715625988234	-614.4715625988234	16.98856259882359	-16.988562598823478	16.988562598823478	8.39	199.16099999999994
286	-611.7405435552671	-611.7405435552671	1000.0	388.259456444733	-1000.0	337.94673866839764	164.7783693341988	337.94673866839764	388.259456444733	-337.94673866839764	1000.0	50.312717776335326	337.94673866839764	1000.0	-164.77836933419883	-388.259456444733	1000.0	-1000.0	-164.77836933419894	164.77836933419883	-164.7783693341988	8.39	388.2594564447329
287	-504.8493009654876	-504.8493009654876	757.2739514482314	252.42465048274377	-757.2739514482314	8.389999999999986	0.0	8.389999999999986	252.42465048274377	-8.389999999999986	757.2739514482314	244.0346504827438	8.389999999999986	757.2739514482314	0.0	-252.42465048274377	757.2739514482314	-757.2739514482314	0.0	0.0	0.0	8.39	252.4246504827438
288	-476.33354449155274	-476.33354449155274	424.8056334746583	236.06927224577635	-1000.0	0.0	283.40218326267086	0.0	236.06927224577638	0.0	1000.0	236.06927224577638	0.0	1000.0	291.79218326267073	-236.06927224577635	1000.0	-1000.0	291.7921832626709	-291.79218326267073	291.79218326267085	8.39	236.06927224577655
289	-469.31747773729825	-469.31747773729825	403.7574332118951	232.56123886864918	-1000.0	0.0	293.92628339405246	0.0	232.56123886864918	0.0	1000.0	232.56123886864918	0.0	1000.0	302.31628339405233	-232.56123886864918	1000.0	-1000.0	302.3162833940524	-302.31628339405233	302.31628339405245	8.39	232.5612388686493
290	-483.3355791122982	-483.3355791122982	445.81173733689513	239.5702895561492	-1000.0	0.0	272.89913133155244	0.0	239.5702895561492	0.0	1000.0	239.5702895561492	0.0	1000.0	281.2891313315523	-239.5702895561492	1000.0	-1000.0	281.2891313315522	-281.2891313315523	281.2891313315525	8.39	239.5702895561493
291	-307.423077391147	-307.423077391147	13.168154782293186	199.16099999999994	-1000.0	190.18784521770635	584.3148452177065	190.18784521770635	199.16099999999994	-190.18784521770635	1000.0	8.97315478229359	190.18784521770635	1000.0	402.51700000000005	-199.16099999999994	1000.0	-1000.0	402.51700000000005	-402.51700000000005	402.51700000000017	8.39	199.16099999999994
292	-360.1332179373113	-360.1332179373113	521.105435874623	199.16099999999994	-597.4829999999995	84.76756412537645	76.37756412537647	84.76756412537645	199.16099999999994	-84.76756412537645	597.4829999999995	114.39343587462336	84.76756412537645	597.4829999999995	1.1368683772161603e-13	-199.16099999999994	597.4829999999995	-597.4829999999995	0.0	0.0	0.0	8.39	199.16099999999994
293	-357.76801683969006	-357.76801683969006	516.37503367938	199.16100000000006	-597.4830000000001	89.49796632061998	81.10796632062	89.49796632061998	199.16100000000006	-89.49796632061998	597.4830000000001	109.66303367938006	89.49796632061998	597.4830000000001	0.0	-199.16100000000006	597.4830000000001	-597.4830000000001	0.0	0.0	0.0	8.39	199.16099999999994
294	-355.4075555861083	-355.4075555861083	511.654111172217	199.16099999999994	-597.4829999999995	94.21888882778251	85.82888882778252	94.21888882778251	199.16099999999994	-94.21888882778251	597.4829999999995	104.94211117221731	94.21888882778251	597.4829999999995	1.1368683772161603e-13	-199.16099999999994	597.4829999999995	-597.4829999999995	0.0	0.0	0.0	8.39	199.16099999999994
295	-628.0418314605388	-628.0418314605388	942.0627471908084	314.0209157302694	-942.0627471908084	8.389999999999986	0.0	8.389999999999986	314.0209157302694	-8.389999999999986	942.0627471908084	305.6309157302695	8.389999999999986	942.0627471908084	0.0	-314.0209157302694	942.0627471908084	-942.0627471908084	0.0	0.0	0.0	8.39	314.0209157302695
296	-635.3967480968436	-635.3967480968436	1000.0	364.6032519031564	-1000.0	196.00951141893836	93.80975570946919	196.00951141893836	364.6032519031564	-196.00951141893836	1000.0	168.59374048421807	196.00951141893836	1000.0	-93.80975570946919	-364.6032519031564	1000.0	-1000.0	-93.8097557094693	93.80975570946919	-93.80975570946919	8.39	364.6032519031563
297	-605.4519936919446	-605.4519936919446	1000.0	394.5480063080554	-1000.0	375.67803784833256	183.64401892416632	375.67803784833256	394.5480063080554	-375.67803784833256	1000.0	18.869968459722845	375.67803784833256	1000.0	-183.6440189241663	-394.5480063080554	1000.0	-1000.0	-183.64401892416618	183.6440189241663	-183.6440189241663	8.39	394.5480063080555
298	-302.93649999999997	-302.93649999999997	319.4866216675825	199.16099999999994	-684.7083783324173	199.16099999999994	277.99637833241735	199.16099999999997	199.16099999999994	-199.16099999999997	684.7083783324173	0.0	199.16099999999997	684.7083783324173	87.22537833241734	-199.16099999999994	684.7083783324173	-684.7083783324173	87.22537833241756	-87.22537833241734	87.22537833241734	8.39	199.16099999999994
299	-654.9705302444181	-654.9705302444181	1000.0	345.0294697555819	-1000.0	78.56681853349119	35.088409266745614	78.56681853349119	345.0294697555819	-78.56681853349119	1000.0	266.4626512220907	78.56681853349119	1000.0	-35.08840926674554	-345.0294697555819	1000.0	-1000.0	-35.08840926674566	35.08840926674554	-35.08840926674566	8.39	345.0294697555819
300	-302.9364999999999	-302.9364999999999	333.3784894084768	199.16100000000006	-670.8165105915232	199.16100000000006	264.1045105915232	199.161	199.16100000000006	-199.161	670.8165105915232	0.0	199.161	670.8165105915232	73.33351059152301	-199.16100000000006	670.8165105915232	-670.8165105915232	73.33351059152301	-73.33351059152301	73.33351059152324	8.39	199.16099999999994
301	-529.9953957633907	-529.9953957633907	794.9930936450861	264.9976978816954	-794.9930936450862	8.389999999999873	0.0	8.389999999999873	264.9976978816954	-8.389999999999873	794.9930936450862	256.60769788169546	8.389999999999873	794.9930936450862	0.0	-264.9976978816954	794.9930936450862	-794.9930936450862	0.0	0.0	1.1368683772161603e-13	8.39	264.99769788169533
302	-606.3346833973227	-606.3346833973227	879.336033461312	333.33333333333326	-1000.0	129.05396653868797	120.66396653868799	129.05396653868797	333.3333333333333	-129.05396653868797	1000.0	204.27936679464534	129.05396653868797	1000.0	0.0	-333.33333333333326	1000.0	-1000.0	0.0	0.0	0.0	8.39	333.3333333333332
303	-584.547954904205	-584.547954904205	835.7625764750767	333.33333333333337	-1000.0	172.62742352492336	164.23742352492334	172.62742352492336	333.33333333333337	-172.62742352492336	1000.0	160.70590980840998	172.62742352492336	1000.0	0.0	-333.33333333333337	1000.0	-1000.0	0.0	0.0	0.0	8.39	333.33333333333337
304	-628.5375677383806	-628.5375677383806	1000.0	333.33333333333326	-923.7418021434279	84.6481978565721	0.0	84.6481978565721	333.3333333333333	-84.6481978565721	923.7418021434279	248.68513547676125	84.6481978565721	923.7418021434279	-76.2581978565721	-333.33333333333326	923.7418021434279	-923.7418021434279	-76.258197856572	76.2581978565721	-76.25819785657211	8.39	333.33333333333337
305	-593.8672099906585	-593.8672099906585	1000.0	333.33333333333337	-854.401086647983	153.988913352017	0.0	153.988913352017	333.33333333333337	-153.988913352017	854.401086647983	179.34441998131635	153.988913352017	854.401086647983	-145.598913352017	-333.33333333333337	854.401086647983	-854.401086647983	-145.59891335201655	145.598913352017	-145.598913352017	8.39	333.33333333333326
306	-660.5859056226395	-660.5859056226395	1000.0	333.33333333333337	-987.8384779119457	20.551522088054355	0.0	20.551522088054355	333.33333333333337	-20.551522088054355	987.8384779119457	312.781811245279	20.551522088054355	987.8384779119457	-12.161522088054355	-333.33333333333337	987.8384779119457	-987.8384779119457	-12.161522088054426	12.161522088054355	-12.161522088054312	8.39	333.33333333333337
307	-417.17588191493184	-417.17588191493184	625.7638228723976	208.5879409574659	-625.7638228723976	8.39	0.0	8.39	208.58794095746586	-8.39	625.7638228723976	200.19794095746585	8.39	625.7638228723976	0.0	-208.5879409574659	625.7638228723976	-625.7638228723976	0.0	0.0	0.0	8.39	208.58794095746583
308	-460.2446593537676	-460.2446593537676	690.3669890306511	230.12232967688374	-690.3669890306511	8.39	0.0	8.39	230.1223296768837	-8.39	690.3669890306511	221.7323296768837	8.39	690.3669890306511	0.0	-230.12232967688374	690.3669890306511	-690.3669890306511	0.0	0.0	0.0	8.39	230.12232967688368
309	-553.4963811314798	-553.4963811314798	773.6594289296264	333.33333333333326	-1000.0	234.73057107037351	226.34057107037353	234.73057107037351	333.3333333333333	-234.73057107037351	1000.0	98.60276226295977	234.73057107037351	1000.0	0.0	-333.33333333333326	1000.0	-1000.0	0.0	0.0	1.1368683772161603e-13	8.39	333.33333333333337
310	-498.78312663552424	-498.78312663552424	748.1746899532861	249.39156331776212	-748.1746899532861	8.39	0.0	8.39	249.39156331776206	-8.39	748.1746899532861	241.00156331776205	8.39	748.1746899532861	0.0	-249.39156331776212	748.1746899532861	-748.1746899532861	0.0	0.0	0.0	8.39	249.39156331776206
311	-665.3397099663175	-665.3397099663175	997.3460865993018	333.33333333333326	-1000.0	11.04391340069831	2.6539134006983094	11.04391340069831	333.3333333333333	-11.04391340069831	1000.0	322.28941993263504	11.04391340069831	1000.0	0.0	-333.33333333333326	1000.0	-1000.0	0.0	0.0	-1.1368683772161603e-13	8.39	333.33333333333337
312	-363.7456120335058	-363.7456120335058	528.3302240670113	199.16099999999994	-597.4829999999998	77.54277593298845	69.15277593298845	77.54277593298845	199.16099999999994	-77.54277593298845	597.4829999999998	121.61822406701151	77.54277593298845	597.4829999999998	0.0	-199.16099999999994	597.4829999999998	-597.4829999999998	0.0	0.0	1.1368683772161603e-13	8.39	199.16099999999994
313	-453.31174332075886	-453.31174332075886	679.9676149811382	226.65587166037938	-679.9676149811382	8.39	0.0	8.39	226.6558716603794	-8.39	679.9676149811382	218.2658716603794	8.39	679.9676149811382	0.0	-226.65587166037938	679.9676149811382	-679.9676149811382	0.0	0.0	0.0	8.39	226.65587166037943
314	-609.4071750742859	-609.4071750742859	824.0265252228575	302.6060875371429	-1000.0	0.0	83.79173738857128	0.0	302.6060875371429	0.0	1000.0	302.6060875371429	0.0	1000.0	92.18173738857128	-302.6060875371429	1000.0	-1000.0	92.18173738857149	-92.18173738857128	92.18173738857116	8.39	302.6060875371429
315	-492.1162864995509	-492.1162864995509	731.8819297493263	243.96064324977544	-740.2719297493263	0.0	0.0	0.0	243.96064324977544	0.0	740.2719297493263	243.96064324977544	0.0	740.2719297493263	8.39	-243.96064324977544	740.2719297493263	-740.2719297493263	8.389999999999873	-8.39	8.389999999999986	8.39	243.96064324977544
316	-442.67199186716203	-442.67199186716203	657.715487800743	219.23849593358102	-666.1054878007429	0.0	0.0	0.0	219.238495933581	0.0	666.1054878007429	219.23849593358096	0.0	666.1054878007429	8.39	-219.23849593358102	666.1054878007429	-666.1054878007429	8.3900000000001	-8.39	8.3900000000001	8.39	219.23849593358096
317	-646.8238243975525	-646.8238243975525	960.3143154617715	333.33333333333337	-1000.0	48.075684538228565	39.685684538228564	48.075684538228565	333.33333333333337	-48.075684538228565	1000.0	285.2576487951048	48.075684538228565	1000.0	0.0	-333.33333333333337	1000.0	-1000.0	0.0	0.0	0.0	8.39	333.33333333333337
318	-641.614377000166	-641.614377000166	949.8954206669987	333.33333333333326	-1000.0	58.49457933300128	50.10457933300128	58.49457933300128	333.3333333333333	-58.49457933300128	1000.0	274.8387540003321	58.49457933300128	1000.0	0.0	-333.33333333333326	1000.0	-1000.0	0.0	0.0	0.0	8.39	333.33333333333326
319	-317.7538149913778	-317.7538149913778	53.586049971259854	209.0392099942519	-1000.0	209.03920999425196	573.5315800114961	209.03920999425196	209.03920999425196	-209.03920999425196	1000.0	0.0	209.03920999425196	1000.0	372.8823700172441	-209.0392099942519	1000.0	-1000.0	372.88237001724383	-372.8823700172441	372.8823700172443	8.39	209.03920999425196
320	-348.0189452259765	-348.0189452259765	154.46981741992136	229.2159634839843	-1000.0	229.2159634839843	533.1780730320314	229.2159634839843	229.2159634839843	-229.2159634839843	1000.0	0.0	229.2159634839843	1000.0	312.3521095480471	-229.2159634839843	1000.0	-1000.0	312.35210954804734	-312.3521095480471	312.3521095480471	8.39	229.2159634839843
321	-644.2131218107438	-644.2131218107438	955.0929102881541	333.33333333333337	-1000.0	53.29708971184632	44.90708971184608	53.29708971184632	333.3333333333334	-53.29708971184632	1000.0	280.03624362148713	53.29708971184632	1000.0	-2.2737367544323206e-13	-333.33333333333337	1000.0	-1000.0	0.0	0.0	-2.2737367544323206e-13	8.39	333.3333333333334
322	-302.93650000000025	-302.93650000000025	297.49710587285335	199.16100000000017	-706.6978941271475	199.16100000000017	299.98589412714716	199.16100000000017	199.16100000000017	-199.16100000000017	706.6978941271475	0.0	199.16100000000017	706.6978941271475	109.21489412714698	-199.16100000000017	706.6978941271475	-706.6978941271475	109.21489412714709	-109.21489412714698	109.21489412714709	8.39	199.16099999999994
323	-370.6620855218748	-370.6620855218748	139.6461710437493	199.16099999999994	-1000.0	63.70982895625035	457.83682895625054	63.70982895625035	199.16099999999994	-63.70982895625035	1000.0	135.45117104374958	63.70982895625035	1000.0	402.51700000000017	-199.16099999999994	1000.0	-1000.0	402.51700000000005	-402.51700000000017	402.51700000000017	8.39	199.16099999999994
324	-484.8061664271012	-484.8061664271012	649.2048885694683	320.40744428473414	-961.2223328542025	320.4074442847341	312.0174442847342	320.4074442847341	320.40744428473414	-320.4074442847341	961.2223328542025	0.0	320.4074442847341	961.2223328542025	0.0	-320.40744428473414	961.2223328542025	-961.2223328542025	0.0	0.0	0.0	8.39	320.4074442847343
325	-353.6804733027587	-353.6804733027587	474.37063107034487	232.9903155351725	-698.9709466055174	232.9903155351725	224.6003155351725	232.9903155351725	232.99031553517247	-232.9903155351725	698.9709466055174	0.0	232.9903155351725	698.9709466055174	-1.1368683772161603e-13	-232.9903155351725	698.9709466055174	-698.9709466055174	0.0	0.0	0.0	8.39	232.9903155351726
326	-600.0406135884512	-600.0406135884512	866.747893843569	333.33333333333326	-1000.0	141.64210615643083	133.25210615643087	141.64210615643083	333.33333333333326	-141.64210615643083	1000.0	191.69122717690252	141.64210615643083	1000.0	0.0	-333.33333333333326	1000.0	-1000.0	0.0	0.0	0.0	8.39	333.3333333333335
327	-368.59572492117127	-368.59572492117127	223.05908307057098	242.93381661411422	-1000.0	242.93381661411422	505.7423667717717	242.93381661411422	242.93381661411422	-242.93381661411422	1000.0	0.0	242.93381661411422	1000.0	271.19855015765734	-242.93381661411422	1000.0	-1000.0	271.19855015765734	-271.19855015765734	271.19855015765734	8.39	242.93381661411422
328	-514.5402670050746	-514.5402670050746	709.5408900169159	340.23017800338323	-1000.0	340.23017800338323	311.14964399323355	340.23017800338323	340.23017800338323	-340.23017800338323	1000.0	0.0	340.23017800338323	1000.0	-20.69053401014969	-340.23017800338323	1000.0	-1000.0	-20.690534010149804	20.69053401014969	-20.690534010149463	8.39	340.23017800338346
329	-445.8932443901262	-445.8932443901262	597.320992520168	294.46549626008414	-883.3964887802525	294.46549626008414	286.07549626008426	294.46549626008414	294.46549626008414	-294.46549626008414	883.3964887802525	0.0	294.46549626008414	883.3964887802525	0.0	-294.46549626008414	883.3964887802525	-883.3964887802525	0.0	0.0	2.2737367544323206e-13	8.39	294.46549626008414
330	-542.9028143505573	-542.9028143505573	804.0827145018579	359.1385429003716	-1000.0	359.1385429003716	273.33291419925683	359.1385429003716	359.1385429003716	-359.1385429003716	1000.0	0.0	359.1385429003716	1000.0	-77.41562870111477	-359.1385429003716	1000.0	-1000.0	-77.41562870111511	77.41562870111477	-77.41562870111477	8.39	359.13854290037165
331	-302.9365	-302.9365	287.27745047494255	199.16100000000006	-716.9175495250574	199.16100000000006	310.20554952505745	199.161	199.16100000000006	-199.161	716.9175495250574	0.0	199.161	716.9175495250574	119.43454952505726	-199.16100000000006	716.9175495250574	-716.9175495250574	119.43454952505749	-119.43454952505726	119.43454952505749	8.39	199.16099999999994
332	-646.7117674245951	-646.7117674245951	1000.0	353.2882325754049	-1000.0	128.11939545242922	59.86469772621463	128.11939545242922	353.2882325754049	-128.11939545242922	1000.0	225.16883712297562	128.11939545242922	1000.0	-59.86469772621456	-353.2882325754049	1000.0	-1000.0	-59.86469772621467	59.86469772621456	-59.86469772621467	8.39	353.2882325754049
333	-644.0385241257953	-644.0385241257953	1000.0	355.96147587420455	-1000.0	144.1588552452279	67.88442762261394	144.1588552452279	355.9614758742046	-144.1588552452279	1000.0	211.80262062897677	144.1588552452279	1000.0	-67.88442762261388	-355.96147587420455	1000.0	-1000.0	-67.88442762261388	67.88442762261388	-67.88442762261388	8.39	355.96147587420467
334	-615.5647963463086	-615.5647963463086	1000.0	384.43520365369125	-1000.0	315.0012219221479	153.305610961074	315.0012219221479	384.43520365369125	-315.0012219221479	1000.0	69.43398173154331	315.0012219221479	1000.0	-153.30561096107397	-384.43520365369125	1000.0	-1000.0	-153.30561096107385	153.30561096107397	-153.30561096107397	8.39	384.43520365369113
335	-657.0595580222694	-657.0595580222694	1000.0	342.94044197773076	-1000.0	66.03265186638498	28.82132593319252	66.03265186638498	342.94044197773076	-66.03265186638498	1000.0	276.9077901113458	66.03265186638498	1000.0	-28.821325933192497	-342.94044197773076	1000.0	-1000.0	-28.82132593319193	28.821325933192497	-28.821325933192497	8.39	342.94044197773076
336	-561.1014789422934	-561.1014789422934	1000.0	371.2709859615288	-864.7449298076442	371.2709859615288	113.81295788458651	371.2709859615288	371.2709859615288	-371.2709859615288	864.7449298076442	0.0	371.2709859615288	864.7449298076442	-249.06802807694237	-371.2709859615288	864.7449298076442	-864.7449298076442	-249.06802807694203	249.06802807694237	-249.06802807694226	8.39	371.2709859615288
337	-544.80073612366	-544.80073612366	1000.0	360.40382408244	-810.4091204121996	360.40382408244	81.2114722473198	360.40382408244	360.40382408244	-360.40382408244	810.4091204121996	0.0	360.40382408244	810.4091204121996	-270.80235183512025	-360.40382408244	810.4091204121996	-810.4091204121996	-270.8023518351199	270.80235183512025	-270.80235183512013	8.39	360.40382408244
338	-510.6685197297418	-510.6685197297418	1000.0	337.64901315316115	-696.6350657658058	337.64901315316115	12.94703945948351	337.64901315316115	337.64901315316115	-337.64901315316115	696.6350657658058	0.0	337.64901315316115	696.6350657658058	-316.3119736936776	-337.64901315316115	696.6350657658058	-696.6350657658058	-316.3119736936776	316.3119736936776	-316.3119736936777	8.39	337.6490131531612
339	-606.8139687275061	-606.8139687275061	1000.0	393.18603127249423	-1000.0	367.5061876349647	179.55809381748236	367.5061876349647	393.18603127249423	-367.5061876349647	1000.0	25.67984363752942	367.5061876349647	1000.0	-179.55809381748236	-393.18603127249423	1000.0	-1000.0	-179.55809381748213	179.55809381748236	-179.55809381748236	8.39	393.1860312724939
340	-587.6048553875044	-587.6048553875044	1000.0	388.9399035916696	-953.0895179583483	388.9399035916696	166.81971077500899	388.9399035916696	388.9399035916696	-388.9399035916696	953.0895179583483	0.0	388.9399035916696	953.0895179583483	-213.73019281666063	-388.9399035916696	953.0895179583483	-953.0895179583483	-213.73019281666075	213.73019281666063	-213.73019281666063	8.39	388.9399035916697
341	-431.6651976650419	-431.6651976650419	433.29065888347293	284.98013177669463	-1000.0	284.98013177669463	421.64973644661086	284.98013177669463	284.98013177669463	-284.98013177669463	1000.0	0.0	284.98013177669463	1000.0	145.05960466991618	-284.98013177669463	1000.0	-1000.0	145.0596046699161	-145.05960466991618	145.0596046699162	8.39	284.98013177669463
342	-396.16945899052445	-396.16945899052445	531.0226119873658	261.31630599368293	-783.9489179810488	261.31630599368293	252.92630599368294	261.31630599368293	261.31630599368293	-261.31630599368293	783.9489179810488	0.0	261.31630599368293	783.9489179810488	0.0	-261.31630599368293	783.9489179810488	-783.9489179810488	0.0	0.0	1.1368683772161603e-13	8.39	261.31630599368293
343	-519.0732136827177	-519.0732136827177	704.8130940321021	333.3333333333335	-1000.0	303.576905967898	295.186905967898	303.576905967898	333.3333333333335	-303.576905967898	1000.0	29.75642736543536	303.576905967898	1000.0	0.0	-333.3333333333335	1000.0	-1000.0	0.0	0.0	0.0	8.39	333.33333333333326
344	-313.2503344536385	-313.2503344536385	420.463779271518	206.03688963575905	-618.1106689072772	206.03688963575905	197.6468896357591	206.03688963575905	206.03688963575905	-206.03688963575905	618.1106689072772	0.0	206.03688963575905	618.1106689072772	0.0	-206.03688963575905	618.1106689072772	-618.1106689072772	0.0	0.0	0.0	8.39	206.03688963575905
345	-373.7421710673072	-373.7421710673072	501.11956142307633	246.36478071153817	-739.0943421346145	246.36478071153817	237.9747807115382	246.36478071153817	246.36478071153817	-246.36478071153817	739.0943421346145	0.0	246.36478071153817	739.0943421346145	0.0	-246.36478071153817	739.0943421346145	-739.0943421346145	0.0	0.0	1.1368683772161603e-13	8.39	246.36478071153817
346	-382.79834281063415	-382.79834281063415	270.40114270211416	252.4022285404228	-1000.0	252.4022285404228	486.80554291915433	252.4022285404228	252.4022285404228	-252.4022285404228	1000.0	0.0	252.4022285404228	1000.0	242.79331437873157	-252.4022285404228	1000.0	-1000.0	242.79331437873134	-242.79331437873157	242.79331437873157	8.39	252.40222854042304
347	-418.97719626788256	-418.97719626788256	561.4329283571768	276.5214641785884	-829.5643925357653	276.5214641785884	268.13146417858843	276.5214641785884	276.5214641785884	-276.5214641785884	829.5643925357653	0.0	276.5214641785884	829.5643925357653	0.0	-276.5214641785884	829.5643925357653	-829.5643925357653	0.0	0.0	1.1368683772161603e-13	8.39	276.5214641785884
348	-613.4460303599017	-613.4460303599017	893.55872738647	333.33333333333337	-1000.0	114.83127261353002	106.44127261353003	114.83127261353002	333.33333333333337	-114.83127261353002	1000.0	218.50206071980332	114.83127261353002	1000.0	0.0	-333.33333333333337	1000.0	-1000.0	0.0	0.0	1.1368683772161603e-13	8.39	333.33333333333337
349	-566.1853490720678	-566.1853490720678	799.0373648108019	333.33333333333337	-1000.0	209.35263518919817	200.96263518919818	209.35263518919817	333.33333333333337	-209.35263518919817	1000.0	123.98069814413513	209.35263518919817	1000.0	0.0	-333.33333333333337	1000.0	-1000.0	0.0	0.0	-1.1368683772161603e-13	8.39	333.33333333333337
350	-568.176108269897	-568.176108269897	803.0188832064607	333.33333333333326	-1000.0	205.3711167935394	196.98111679353943	205.3711167935394	333.33333333333326	-205.3711167935394	1000.0	127.9622165397939	205.3711167935394	1000.0	0.0	-333.33333333333326	1000.0	-1000.0	0.0	0.0	-1.1368683772161603e-13	8.39	333.33333333333326
351	-329.96763006869077	-329.96763006869077	442.7535067582543	217.18175337912714	-651.5452601373813	217.18175337912714	208.79175337912716	217.18175337912714	217.18175337912714	-217.18175337912714	651.5452601373813	0.0	217.18175337912714	651.5452601373813	0.0	-217.18175337912714	651.5452601373813	-651.5452601373813	0.0	0.0	-1.1368683772161603e-13	8.39	217.18175337912714
352	-446.87386779271947	-446.87386779271947	483.98622597573154	295.1192451951463	-1000.0	295.1192451951463	401.37150960970746	295.1192451951463	295.1192451951463	-295.1192451951463	1000.0	0.0	295.1192451951463	1000.0	114.64226441456117	-295.1192451951463	1000.0	-1000.0	114.64226441456117	-114.64226441456117	114.64226441456105	8.39	295.1192451951463
353	-302.9364999999999	-302.9364999999999	345.5377404459605	199.16099999999994	-658.6572595540392	199.16099999999994	251.94525955403935	199.16099999999994	199.16099999999994	-199.16099999999994	658.6572595540392	0.0	199.16099999999994	658.6572595540392	61.174259554039395	-199.16099999999994	658.6572595540392	-658.6572595540392	61.174259554039054	-61.174259554039395	61.17425955403951	8.39	199.16099999999994
354	-499.00020471872836	-499.00020471872836	657.7406823957613	329.8701364791523	-1000.0	329.8701364791523	331.8697270416955	329.8701364791523	329.8701364791523	-329.8701364791523	1000.0	0.0	329.8701364791523	1000.0	10.389590562543276	-329.8701364791523	1000.0	-1000.0	10.389590562543162	-10.389590562543276	10.389590562543162	8.39	329.8701364791523
355	-504.23726090002486	-504.23726090002486	675.1411884667165	333.33333333333326	-1000.0	333.2488115332834	324.8588115332835	333.2488115332834	333.3333333333333	-333.2488115332834	1000.0	0.08452180004988463	333.2488115332834	1000.0	0.0	-333.33333333333326	1000.0	-1000.0	0.0	0.0	3.410605131648481e-13	8.39	333.33333333333326
356	-401.38772441746227	-401.38772441746227	201.09744883492397	199.16099999999994	-1000.0	2.2585511650752323	396.38555116507564	2.2585511650752323	199.16099999999994	-2.2585511650752323	1000.0	196.90244883492463	2.2585511650752323	1000.0	402.51700000000017	-199.16099999999994	1000.0	-1000.0	402.51700000000005	-402.51700000000017	402.51700000000017	8.39	199.16099999999994
357	-304.6938021413957	-304.6938021413957	10.052673804652727	200.33253476093057	-1000.0	200.33253476093057	590.9449304781389	200.33253476093057	200.33253476093057	-200.33253476093057	1000.0	0.0	200.33253476093057	1000.0	399.0023957172083	-200.33253476093057	1000.0	-1000.0	399.00239571720795	-399.0023957172083	399.0023957172085	8.39	200.33253476093068
358	-363.53995224646826	-363.53995224646826	206.2065074882271	239.5633014976454	-1000.0	239.5633014976454	512.4833970047091	239.56330149764545	239.56330149764545	-239.56330149764545	1000.0	0.0	239.56330149764545	1000.0	281.3100955070637	-239.5633014976454	1000.0	-1000.0	281.31009550706403	-281.3100955070637	281.3100955070636	8.39	239.5633014976454
359	-387.6109255692418	-387.6109255692418	286.44308523080497	255.610617046161	-1000.0	255.610617046161	480.388765907678	255.610617046161	255.610617046161	-255.610617046161	1000.0	0.0	255.610617046161	1000.0	233.168148861517	-255.610617046161	1000.0	-1000.0	233.16814886151747	-233.168148861517	233.1681488615169	8.39	255.610617046161
360	-302.9365	-302.9365	329.89857653938316	199.16100000000006	-674.2964234606171	199.16100000000006	267.584423460617	199.16100000000006	199.16100000000006	-199.16100000000006	674.2964234606171	0.0	199.16100000000006	674.2964234606171	76.81342346061695	-199.16100000000006	674.2964234606171	-674.2964234606171	76.81342346061683	-76.81342346061695	76.81342346061683	8.39	199.16099999999994
361	-392.82489210350076	-392.82489210350076	303.8229736783354	259.08659473566706	-1000.0	259.08659473566706	473.43681052866583	259.08659473566706	259.08659473566706	-259.08659473566706	1000.0	0.0	259.08659473566706	1000.0	222.7402157929987	-259.08659473566706	1000.0	-1000.0	222.74021579299915	-222.7402157929987	222.7402157929988	8.39	259.0865947356674
362	-597.3711833502053	-597.3711833502053	861.409033367077	333.33333333333326	-1000.0	146.980966632923	138.59096663292303	146.980966632923	333.3333333333333	-146.980966632923	1000.0	186.35236670041033	146.980966632923	1000.0	0.0	-333.33333333333326	1000.0	-1000.0	0.0	0.0	0.0	8.39	333.3333333333336
363	-342.99155404330156	-342.99155404330156	137.711846811005	225.86436936220093	-1000.0	225.86436936220093	539.881261275598	225.86436936220093	225.86436936220093	-225.86436936220093	1000.0	0.0	225.86436936220093	1000.0	322.4068919133971	-225.86436936220093	1000.0	-1000.0	322.4068919133972	-322.4068919133971	322.40689191339703	8.39	225.86436936220116
364	-538.8621780268687	-538.8621780268687	744.3910227204041	333.33333333333337	-1000.0	263.9989772795957	255.60897727959568	263.9989772795957	333.33333333333337	-263.9989772795957	1000.0	69.33435605373768	263.9989772795957	1000.0	0.0	-333.33333333333337	1000.0	-1000.0	0.0	0.0	2.2737367544323206e-13	8.39	333.33333333333337
365	-402.5169999999999	-402.5169999999999	400.8418278649016	199.16099999999994	-802.5141721350981	0.0	196.64117213509826	0.0	199.16099999999994	0.0	802.5141721350981	199.16099999999994	0.0	802.5141721350981	205.03117213509825	-199.16099999999994	802.5141721350981	-802.5141721350981	205.03117213509796	-205.03117213509825	205.03117213509836	8.39	199.16099999999994
366	-622.1974836135113	-622.1974836135113	927.003725420267	309.0012418067556	-935.393725420267	0.0	0.0	0.0	309.0012418067557	0.0	935.393725420267	309.0012418067557	0.0	935.393725420267	8.389999999999986	-309.0012418067556	935.393725420267	-935.393725420267	8.389999999999986	-8.389999999999986	8.389999999999873	8.39	309.00124180675556
367	-402.5169999999999	-402.5169999999999	246.29037461663768	199.16099999999994	-957.065625383362	0.0	351.19262538336216	0.0	199.16099999999994	0.0	957.065625383362	199.16099999999994	0.0	957.065625383362	359.58262538336214	-199.16099999999994	957.065625383362	-957.065625383362	359.58262538336226	-359.58262538336214	359.58262538336226	8.39	199.16099999999994
368	-402.5169999999999	-402.5169999999999	392.50660996272893	199.16099999999994	-810.8493900372707	0.0	204.9763900372709	0.0	199.16099999999994	0.0	810.8493900372707	199.16099999999994	0.0	810.8493900372707	213.3663900372709	-199.16099999999994	810.8493900372707	-810.8493900372707	213.36639003727058	-213.3663900372709	213.366390037271	8.39	199.16099999999994
369	-355.0208809843658	-355.0208809843658	597.4829999999997	199.16099999999994	-510.88076196873175	94.9922380312679	0.0	94.9922380312679	199.16099999999994	-94.9922380312679	510.88076196873175	104.16876196873199	94.9922380312679	510.88076196873175	-86.60223803126792	-199.16099999999994	510.88076196873175	-510.88076196873175	-86.60223803126792	86.60223803126792	-86.60223803126792	8.39	199.16099999999994
370	-620.4962446595396	-620.4962446595396	1000.0	379.5037553404605	-1000.0	285.4125320427628	138.5112660213814	285.4125320427628	379.5037553404605	-285.4125320427628	1000.0	94.09122329769764	285.4125320427628	1000.0	-138.5112660213814	-379.5037553404605	1000.0	-1000.0	-138.5112660213813	138.5112660213814	-138.5112660213814	8.39	379.50375534046077
371	-448.54402831270806	-448.54402831270806	888.6980566254161	296.2326855418054	-600.8553710836107	296.2326855418054	0.0	296.2326855418054	296.2326855418054	-296.2326855418054	600.8553710836107	0.0	296.2326855418054	600.8553710836107	-287.8426855418054	-296.2326855418054	600.8553710836107	-600.8553710836107	-287.8426855418054	287.8426855418054	-287.8426855418054	8.39	296.2326855418055
372	-416.8145345782102	-416.8145345782102	825.2390691564204	275.0796897188068	-558.5493794376137	275.0796897188068	0.0	275.07968971880683	275.0796897188068	-275.07968971880683	558.5493794376137	0.0	275.07968971880683	558.5493794376137	-266.68968971880685	-275.0796897188068	558.5493794376137	-558.5493794376137	-266.6896897188067	266.68968971880685	-266.6896897188068	8.39	275.0796897188068
373	-402.51700000000005	-402.51700000000005	353.9481787635641	199.16099999999994	-849.4078212364357	0.0	243.53482123643585	0.0	199.16099999999994	0.0	849.4078212364357	199.16099999999994	0.0	849.4078212364357	251.9248212364358	-199.16099999999994	849.4078212364357	-849.4078212364357	251.92482123643595	-251.9248212364358	251.9248212364355	8.39	199.16099999999994
374	-402.5169999999996	-402.5169999999996	380.7658501413805	199.16099999999994	-822.5901498586185	0.0	216.717149858619	0.0	199.16099999999994	0.0	822.5901498586185	199.16099999999983	0.0	822.5901498586185	225.10714985861898	-199.16099999999994	822.5901498586185	-822.5901498586185	225.10714985861887	-225.10714985861898	225.1071498586191	8.39	199.16099999999994
375	-461.2733008146647	-461.2733008146647	914.1566016293294	304.7188672097765	-617.8277344195529	304.7188672097765	0.0	304.7188672097765	304.7188672097765	-304.7188672097765	617.8277344195529	0.0	304.7188672097765	617.8277344195529	-296.3288672097765	-304.7188672097765	617.8277344195529	-617.8277344195529	-296.3288672097765	296.3288672097765	-296.3288672097765	8.39	304.7188672097765
376	-598.3862758662085	-598.3862758662085	1000.0	396.127517244139	-989.0275862206951	396.12751724413897	188.38255173241703	396.12751724413897	396.127517244139	-396.12751724413897	989.0275862206951	0.0	396.12751724413897	989.0275862206951	-199.35496551172196	-396.127517244139	989.0275862206951	-989.0275862206951	-199.35496551172196	199.35496551172196	-199.35496551172196	8.39	396.12751724413897
377	-570.0787498821292	-570.0787498821292	1000.0	377.2558332547528	-894.669166273764	377.2558332547528	131.7674997642584	377.2558332547528	377.2558332547528	-377.2558332547528	894.669166273764	0.0	377.2558332547528	894.669166273764	-237.0983334904945	-377.2558332547528	894.669166273764	-894.669166273764	-237.0983334904945	237.0983334904945	-237.0983334904945	8.39	377.2558332547528
378	-397.9215065521226	-397.9215065521226	320.811688507075	262.48433770141503	-1000.0	262.48433770141503	466.64132459717	262.48433770141503	262.48433770141503	-262.48433770141503	1000.0	0.0	262.48433770141503	1000.0	212.54698689575503	-262.48433770141503	1000.0	-1000.0	212.54698689575525	-212.54698689575503	212.54698689575514	8.39	262.4843377014149
379	-602.346293340284	-602.346293340284	903.519440010426	301.173146670142	-903.519440010426	8.389999999999986	0.0	8.389999999999986	301.173146670142	-8.389999999999986	903.519440010426	292.78314667014206	8.389999999999986	903.519440010426	0.0	-301.173146670142	903.519440010426	-903.519440010426	0.0	0.0	0.0	8.39	301.1731466701423
380	-343.17280768149703	-343.17280768149703	487.18461536299424	199.16099999999994	-597.4829999999997	118.68838463700551	110.2983846370055	118.68838463700551	199.16099999999994	-118.68838463700551	597.4829999999997	80.47261536299442	118.68838463700551	597.4829999999997	0.0	-199.16099999999994	597.4829999999997	-597.4829999999997	0.0	0.0	-2.2737367544323206e-13	8.39	199.16099999999994
381	-402.5169999999999	-402.5169999999999	410.16015879694714	199.16099999999994	-793.1958412030525	0.0	187.3228412030527	0.0	199.16099999999994	0.0	793.1958412030525	199.16099999999994	0.0	793.1958412030525	195.71284120305268	-199.16099999999994	793.1958412030525	-793.1958412030525	195.71284120305273	-195.71284120305268	195.7128412030528	8.39	199.16099999999994
382	-402.51700000000005	-402.51700000000005	211.09795477557896	199.161	-992.258045224421	0.0	386.38504522442094	0.0	199.161	0.0	992.258045224421	199.161	0.0	992.258045224421	394.7750452244209	-199.161	992.258045224421	-992.258045224421	394.7750452244211	-394.7750452244209	394.7750452244211	8.39	199.16099999999994
383	-652.3477195116681	-652.3477195116681	1000.0	347.6522804883321	-1000.0	94.30368292999238	42.956841464996195	94.30368292999238	347.6522804883321	-94.30368292999238	1000.0	253.3485975583397	94.30368292999238	1000.0	-42.956841464996174	-347.6522804883321	1000.0	-1000.0	-42.95684146499593	42.956841464996174	-42.95684146499616	8.39	347.652280488332
384	-556.396162783979	-556.396162783979	664.9934883519369	276.10058139198946	-1000.0	0.0	163.30825582403156	0.0	276.10058139198946	0.0	1000.0	276.10058139198946	0.0	1000.0	171.69825582403155	-276.10058139198946	1000.0	-1000.0	171.69825582403155	-171.69825582403155	171.69825582403166	8.39	276.1005813919896
385	-346.3009096798893	-346.3009096798893	90.92381935977846	199.16099999999994	-1000.0	112.43218064022074	506.55918064022114	112.43218064022074	199.16099999999994	-112.43218064022074	1000.0	86.72881935977912	112.43218064022074	1000.0	402.51700000000017	-199.16099999999994	1000.0	-1000.0	402.51700000000005	-402.51700000000017	402.51700000000017	8.39	199.16099999999994
386	-580.4999102158935	-580.4999102158935	929.4063673863113	384.20327347726226	-1000.0	384.20327347726226	223.20345304547544	384.20327347726226	384.20327347726226	-384.20327347726226	1000.0	0.0	384.20327347726226	1000.0	-152.60982043178677	-384.20327347726226	1000.0	-1000.0	-152.6098204317866	152.60982043178677	-152.60982043178683	8.39	384.2032734772625
387	-542.2643735508284	-542.2643735508284	751.1954137683236	333.3333333333333	-1000.0	257.19458623167634	248.80458623167635	257.19458623167634	333.3333333333333	-257.19458623167634	1000.0	76.13874710165703	257.19458623167634	1000.0	0.0	-333.3333333333333	1000.0	-1000.0	0.0	0.0	0.0	8.39	333.33333333333337
388	-545.792045855333	-545.792045855333	758.2507583773324	333.3333333333333	-1000.0	250.13924162266756	241.74924162266757	250.13924162266756	333.3333333333333	-250.13924162266756	1000.0	83.19409171066576	250.13924162266756	1000.0	0.0	-333.3333333333333	1000.0	-1000.0	0.0	0.0	0.0	8.39	333.3333333333334
389	-452.49446329343874	-452.49446329343874	606.122617724585	298.8663088622924	-896.5989265868772	298.8663088622924	290.4763088622924	298.8663088622924	298.8663088622924	-298.8663088622924	896.5989265868772	0.0	298.8663088622924	896.5989265868772	0.0	-298.8663088622924	896.5989265868772	-896.5989265868772	0.0	0.0	0.0	8.39	298.8663088622924
390	-377.9254820607434	-377.9254820607434	254.15827353581108	249.15365470716225	-1000.0	249.15365470716225	493.3026905856755	249.15365470716225	249.15365470716225	-249.15365470716225	1000.0	0.0	249.15365470716225	1000.0	252.53903587851326	-249.15365470716225	1000.0	-1000.0	252.53903587851335	-252.53903587851326	252.53903587851346	8.39	249.15365470716225
391	-332.99671498178435	-332.99671498178435	104.3957166059479	219.2011433211896	-1000.0	219.2011433211896	553.2077133576208	219.2011433211896	219.2011433211896	-219.2011433211896	1000.0	0.0	219.2011433211896	1000.0	342.3965700364312	-219.2011433211896	1000.0	-1000.0	342.3965700364312	-342.3965700364312	342.3965700364313	8.39	219.20114332118953
392	-336.15394502119875	-336.15394502119875	114.91981673732917	221.30596334746582	-1000.0	221.30596334746582	548.9980733050684	221.30596334746582	221.30596334746582	-221.30596334746582	1000.0	0.0	221.30596334746582	1000.0	336.08210995760254	-221.30596334746582	1000.0	-1000.0	336.0821099576025	-336.08210995760254	336.0821099576025	8.39	221.30596334746576
393	-349.5396737486279	-349.5396737486279	97.40134749725541	199.16099999999994	-1000.0	105.95465250274425	500.0816525027444	105.95465250274425	199.16099999999994	-105.95465250274425	1000.0	93.2063474972557	105.95465250274425	1000.0	402.51700000000017	-199.16099999999994	1000.0	-1000.0	402.51700000000005	-402.51700000000017	402.51700000000017	8.39	199.16099999999994
394	-534.5566015377052	-534.5566015377052	735.7798697420772	333.33333333333326	-1000.0	272.61013025792295	264.2201302579229	272.61013025792295	333.33333333333326	-272.61013025792295	1000.0	60.7232030754104	272.61013025792295	1000.0	0.0	-333.33333333333326	1000.0	-1000.0	0.0	0.0	0.0	8.39	333.3333333333335
395	-442.04821828071505	-442.04821828071505	467.9007276023834	291.90214552047667	-1000.0	291.90214552047667	407.8057089590467	291.90214552047667	291.90214552047667	-291.90214552047667	1000.0	0.0	291.90214552047667	1000.0	124.29356343857	-291.90214552047667	1000.0	-1000.0	124.29356343857	-124.29356343857	124.29356343856995	8.39	291.9021455204769
396	-339.2985713478811	-339.2985713478811	125.40190449293664	223.40238089858735	-1000.0	223.40238089858735	544.8052382028253	223.40238089858735	223.40238089858735	-223.40238089858735	1000.0	0.0	223.40238089858735	1000.0	329.79285730423794	-223.40238089858735	1000.0	-1000.0	329.79285730423817	-329.79285730423794	329.79285730423794	8.39	223.40238089858747
397	-484.8311870493094	-484.8311870493094	610.5106234976979	320.42412469953956	-1000.0	320.42412469953956	350.76175060092083	320.42412469953956	320.42412469953956	-320.42412469953956	1000.0	0.0	320.42412469953956	1000.0	38.727625901381316	-320.42412469953956	1000.0	-1000.0	38.727625901381266	-38.727625901381316	38.727625901381316	8.39	320.4241246995398
398	-399.3665591949999	-399.3665591949999	197.05511838999973	199.16099999999994	-1000.0	6.300881609999903	400.4278816100001	6.300881609999903	199.16099999999994	-6.300881609999903	1000.0	192.86011839000003	6.300881609999903	1000.0	402.51700000000017	-199.16099999999994	1000.0	-1000.0	402.51700000000005	-402.51700000000017	402.51700000000017	8.39	199.16099999999994
399	-347.44504544408016	-347.44504544408016	93.21209088816033	199.161	-1000.0	110.14390911183985	504.2709091118398	110.14390911183985	199.161	-110.14390911183985	1000.0	89.01709088816017	110.14390911183985	1000.0	402.51699999999994	-199.161	1000.0	-1000.0	402.51700000000005	-402.51699999999994	402.51699999999994	8.39	199.16099999999994
400	-490.4401426227936	-490.4401426227936	656.7168568303912	324.1634284151957	-972.4902852455873	324.16342841519577	315.7734284151959	324.16342841519577	324.1634284151957	-324.16342841519577	972.4902852455873	0.0	324.16342841519577	972.4902852455873	0.0	-324.1634284151957	972.4902852455873	-972.4902852455873	0.0	0.0	4.547473508864641e-13	8.39	324.16342841519577
401	-571.5481211189102	-571.5481211189102	899.5670703963674	378.2354140792735	-1000.0	378.2354140792735	235.13917184145305	378.2354140792735	378.2354140792735	-378.2354140792735	1000.0	0.0	378.2354140792735	1000.0	-134.7062422378205	-378.2354140792735	1000.0	-1000.0	-134.70624223782045	134.7062422378205	-134.70624223782045	8.39	378.2354140792738
402	-567.7564578531643	-567.7564578531643	886.928192843881	375.7076385687762	-1000.0	375.70763856877625	240.19472286244763	375.70763856877625	375.7076385687762	-375.70763856877625	1000.0	0.0	375.70763856877625	1000.0	-127.12291570632863	-375.7076385687762	1000.0	-1000.0	-127.12291570632863	127.12291570632863	-127.12291570632863	8.39	375.70763856877625
403	-421.5438414700178	-421.5438414700178	564.8551219600238	278.23256098001184	-834.6976829400357	278.23256098001184	269.8425609800119	278.23256098001184	278.23256098001184	-278.23256098001184	834.6976829400357	0.0	278.23256098001184	834.6976829400357	0.0	-278.23256098001184	834.6976829400357	-834.6976829400357	0.0	0.0	0.0	8.39	278.23256098001184
404	-587.3270794228251	-587.3270794228251	841.3208255123168	333.33333333333337	-1000.0	167.0691744876832	158.6791744876832	167.0691744876832	333.33333333333337	-167.0691744876832	1000.0	166.26415884565014	167.0691744876832	1000.0	0.0	-333.33333333333337	1000.0	-1000.0	0.0	0.0	0.0	8.39	333.33333333333337
405	-325.992651312613	-325.992651312613	81.04883770871015	214.53176754174206	-1000.0	214.53176754174206	562.5464649165159	214.53176754174206	214.53176754174206	-214.53176754174206	1000.0	0.0	214.53176754174206	1000.0	356.40469737477383	-214.53176754174206	1000.0	-1000.0	356.40469737477383	-356.40469737477383	356.40469737477383	8.39	214.53176754174206
406	-410.5537197879415	-410.5537197879415	362.9190659598049	270.905813191961	-1000.0	270.905813191961	449.79837361607804	270.905813191961	270.905813191961	-270.905813191961	1000.0	0.0	270.905813191961	1000.0	187.28256042411704	-270.905813191961	1000.0	-1000.0	187.28256042411704	-187.28256042411704	187.28256042411692	8.39	270.905813191961
407	-622.2471564571265	-622.2471564571265	911.1609795809196	333.3333333333333	-1000.0	97.22902041908048	88.83902041908047	97.22902041908048	333.3333333333333	-97.22902041908048	1000.0	236.10431291425286	97.22902041908048	1000.0	0.0	-333.3333333333333	1000.0	-1000.0	0.0	0.0	-1.1368683772161603e-13	8.39	333.3333333333336
408	-302.9364999999999	-302.9364999999999	546.5945853633006	199.16099999999994	-457.60041463669853	199.16099999999983	50.88841463669888	199.16099999999983	199.16099999999994	-199.16099999999983	457.60041463669853	0.0	199.16099999999983	457.60041463669853	-139.88258536330096	-199.16099999999994	457.6004146366986	-457.60041463669853	-139.8825853633009	139.88258536330096	-139.8825853633009	8.39	199.16099999999994
409	-302.9364999999999	-302.9364999999999	582.4594375960685	199.16099999999994	-421.7355624039312	199.16099999999994	15.02356240393135	199.16099999999994	199.16099999999994	-199.16099999999994	421.7355624039312	0.0	199.16099999999994	421.7355624039312	-175.7474375960686	-199.16099999999994	421.7355624039313	-421.7355624039312	-175.74743759606872	175.7474375960686	-175.7474375960686	8.39	199.16099999999994
410	-302.93650000000025	-302.93650000000025	570.4885575370313	199.16100000000017	-433.70644246296956	199.16100000000017	26.994442462969232	199.16100000000017	199.16100000000017	-199.16100000000017	433.70644246296956	0.0	199.16100000000017	433.70644246296956	-163.77655753703095	-199.16100000000017	433.70644246296956	-433.70644246296956	-163.77655753703084	163.77655753703095	-163.77655753703095	8.39	199.16099999999994
411	-302.9364999999999	-302.9364999999999	588.4568485056466	199.16099999999994	-415.73815149435313	199.16099999999994	9.026151494353257	199.16099999999994	199.16099999999994	-199.16099999999994	415.73815149435313	0.0	199.16099999999994	415.73815149435313	-181.7448485056467	-199.16099999999994	415.73815149435313	-415.73815149435313	-181.7448485056467	181.7448485056467	-181.7448485056467	8.39	199.16099999999994
412	-302.9364999999999	-302.9364999999999	486.94314089708223	199.16099999999994	-517.2518591029175	199.16099999999994	110.5398591029176	199.16099999999994	199.16099999999994	-199.16099999999994	517.2518591029175	0.0	199.16099999999994	517.2518591029175	-80.23114089708235	-199.16099999999994	517.2518591029175	-517.2518591029175	-80.23114089708235	80.23114089708235	-80.23114089708235	8.39	199.16099999999994
413	-302.9364999999999	-302.9364999999999	576.4740215083087	199.16099999999994	-427.72097849169035	199.16099999999983	21.008978491690698	199.16099999999983	199.16099999999994	-199.16099999999983	427.72097849169035	0.0	199.16099999999983	427.72097849169035	-169.76202150830915	-199.16099999999994	427.7209784916904	-427.72097849169035	-169.7620215083091	169.76202150830915	-169.7620215083091	8.39	199.16099999999994
414	-302.9364999999999	-302.9364999999999	540.6091692755422	199.16099999999994	-463.58583072445754	199.16099999999994	56.87383072445766	199.16099999999994	199.16099999999994	-199.16099999999994	463.58583072445754	0.0	199.16099999999994	463.58583072445754	-133.8971692755423	-199.16099999999994	463.58583072445754	-463.58583072445754	-133.8971692755424	133.8971692755423	-133.8971692755423	8.39	199.16099999999994
415	-302.93650000000025	-302.93650000000025	558.5296722998123	199.16100000000017	-445.6653277001885	199.16100000000017	38.9533277001882	199.16100000000017	199.16100000000017	-199.16100000000017	445.6653277001885	0.0	199.16100000000017	445.6653277001885	-151.817672299812	-199.16100000000017	445.6653277001885	-445.6653277001885	-151.817672299812	151.817672299812	-151.817672299812	8.39	199.16099999999994
416	-302.9364999999999	-302.9364999999999	534.6357001260822	199.16099999999994	-469.55929987391755	199.16099999999994	62.84729987391768	199.16099999999994	199.16099999999994	-199.16099999999994	469.55929987391755	0.0	199.16099999999994	469.55929987391755	-127.92370012608228	-199.16099999999994	469.55929987391755	-469.55929987391755	-127.92370012608228	127.92370012608228	-127.92370012608228	8.39	199.16099999999994
417	-302.93650000000025	-302.93650000000025	564.5031414492723	199.16100000000017	-439.6918585507285	199.16100000000017	32.97985855072818	199.16100000000017	199.16100000000017	-199.16100000000017	439.6918585507285	0.0	199.16100000000017	439.6918585507285	-157.791141449272	-199.16100000000017	439.6918585507285	-439.6918585507285	-157.791141449272	157.791141449272	-157.791141449272	8.39	199.16099999999994
418	-302.9365000000001	-302.9365000000001	552.5681500886507	199.16100000000006	-451.62684991134967	199.16100000000006	44.91484991134956	199.16100000000006	199.16100000000006	-199.16100000000006	451.62684991134967	0.0	199.16100000000006	451.62684991134967	-145.8561500886505	-199.16100000000006	451.6268499113496	-451.62684991134967	-145.85615008865057	145.8561500886505	-145.85615008865057	8.39	199.16099999999994
419	-302.9364999999999	-302.9364999999999	516.7510858002297	199.16099999999994	-487.44391419976944	199.16099999999983	80.73191419976979	199.16099999999983	199.16099999999994	-199.16099999999983	487.44391419976944	0.0	199.16099999999983	487.44391419976944	-110.03908580023005	-199.16099999999994	487.44391419976944	-487.44391419976944	-110.03908580022994	110.03908580023005	-110.03908580023005	8.39	199.16099999999994
420	-302.9364999999999	-302.9364999999999	528.6741779149211	199.16099999999994	-475.52082208507863	199.16099999999994	68.80882208507876	199.16099999999994	199.16099999999994	-199.16099999999994	475.52082208507863	0.0	199.16099999999994	475.52082208507863	-121.9621779149212	-199.16099999999994	475.52082208507863	-475.52082208507863	-121.9621779149212	121.9621779149212	-121.9621779149212	8.39	199.16099999999994
421	-302.9364999999999	-302.9364999999999	427.43482161014845	199.16099999999994	-576.7601783898513	199.16099999999994	170.0481783898514	199.16099999999994	199.16099999999994	-199.16099999999994	576.7601783898513	0.0	199.16099999999994	576.7601783898513	-20.72282161014857	-199.16099999999994	576.7601783898513	-576.7601783898513	-20.72282161014857	20.72282161014857	-20.72282161014857	8.39	199.16099999999994
422	-302.9364999999999	-302.9364999999999	439.31031655072866	199.16099999999994	-564.884683449271	199.16099999999994	158.17268344927118	199.16099999999994	199.16099999999994	-199.16099999999994	564.884683449271	0.0	199.16099999999994	564.884683449271	-32.59831655072878	-199.16099999999994	564.884683449271	-564.884683449271	-32.59831655072878	32.59831655072878	-32.59831655072878	8.39	199.16099999999994
423	-302.9365	-302.9365	480.9816186859216	199.16100000000006	-523.2133813140787	199.16100000000006	116.50138131407857	199.16100000000006	199.16100000000006	-199.16100000000006	523.2133813140787	0.0	199.16100000000006	523.2133813140787	-74.2696186859215	-199.16100000000006	523.2133813140787	-523.2133813140787	-74.26961868592161	74.2696186859215	-74.2696186859215	8.39	199.16099999999994
424	-302.9365000000001	-302.9365000000001	510.80146283500005	199.16100000000006	-493.39353716500017	199.16100000000006	86.68153716500007	199.16100000000006	199.16100000000006	-199.16100000000006	493.39353716500017	0.0	199.16100000000006	493.39353716500017	-104.089462835	-199.16100000000006	493.39353716500017	-493.39353716500017	-104.08946283499995	104.089462835	-104.08946283499995	8.39	199.16099999999994
425	-302.9365	-302.9365	415.5712259154993	199.16100000000006	-588.623774084501	199.16100000000006	181.91177408450085	199.16100000000006	199.16100000000006	-199.16100000000006	588.623774084501	0.0	199.16100000000006	588.623774084501	-8.859225915499223	-199.16100000000006	588.623774084501	-588.623774084501	-8.859225915499337	8.859225915499223	-8.859225915499223	8.39	199.16099999999994
426	-302.93650000000014	-302.93650000000014	504.8637391156999	199.16100000000006	-499.33126088430043	199.16100000000006	92.61926088430033	199.16100000000006	199.16100000000006	-199.16100000000006	499.33126088430043	0.0	199.16100000000006	499.33126088430043	-98.15173911569974	-199.16100000000006	499.33126088430043	-499.33126088430043	-98.15173911569968	98.15173911569974	-98.1517391156998	8.39	199.16099999999994
427	-302.9364999999999	-302.9364999999999	421.4970978908477	199.16099999999994	-582.6979021091514	199.16099999999983	175.98590210915177	199.16099999999983	199.16099999999994	-199.16099999999983	582.6979021091514	0.0	199.16099999999983	582.6979021091514	-14.785097890848078	-199.16099999999994	582.6979021091514	-582.6979021091514	-14.785097890847965	14.785097890848078	-14.785097890848078	8.39	199.16099999999994
428	-320.8447600489452	-320.8447600489452	430.58968006526015	211.09984003263	-633.2995200978901	211.09984003263003	202.70984003263004	211.09984003263003	211.09984003263	-211.09984003263003	633.2995200978901	0.0	211.09984003263003	633.2995200978901	0.0	-211.09984003263	633.2995200978901	-633.2995200978901	0.0	0.0	-1.1368683772161603e-13	8.39	211.09984003263003
429	-414.59950184335366	-414.59950184335366	376.4050061445123	273.6030012289025	-1000.0	273.6030012289025	444.40399754219516	273.6030012289025	273.6030012289025	-273.6030012289025	1000.0	0.0	273.6030012289025	1000.0	179.19099631329266	-273.6030012289025	1000.0	-1000.0	179.19099631329254	-179.19099631329266	179.19099631329263	8.39	273.6030012289025
430	-418.59503122035295	-418.59503122035295	389.7234374011765	276.2666874802353	-1000.0	276.2666874802353	439.0766250395294	276.2666874802353	276.2666874802353	-276.2666874802353	1000.0	0.0	276.2666874802353	1000.0	171.19993755929409	-276.2666874802353	1000.0	-1000.0	171.19993755929409	-171.19993755929409	171.19993755929397	8.39	276.2666874802353
431	-643.1801266296306	-643.1801266296306	1000.0	356.81987337036924	-1000.0	149.30924022221558	70.45962011110777	149.30924022221558	356.81987337036924	-149.30924022221558	1000.0	207.5106331481537	149.30924022221558	1000.0	-70.45962011110782	-356.81987337036924	1000.0	-1000.0	-70.45962011110805	70.45962011110782	-70.45962011110777	8.39	356.81987337036935
432	-489.81574349841424	-489.81574349841424	627.125811661381	323.7471623322763	-1000.0	323.7471623322763	344.1156753354475	323.7471623322763	323.7471623322763	-323.7471623322763	1000.0	0.0	323.7471623322763	1000.0	28.75851300317123	-323.7471623322763	1000.0	-1000.0	28.758513003171174	-28.75851300317123	28.7585130031714	8.39	323.7471623322763
433	-422.97557801220717	-422.97557801220717	404.3252600406911	279.18705200813827	-1000.0	279.18705200813827	433.23589598372354	279.18705200813827	279.18705200813827	-279.18705200813827	1000.0	0.0	279.18705200813827	1000.0	162.43884397558526	-279.18705200813827	1000.0	-1000.0	162.43884397558497	-162.43884397558526	162.4388439755853	8.39	279.18705200813827
434	-494.19182592026436	-494.19182592026436	641.712753067547	326.6645506135094	-1000.0	326.6645506135094	338.2808987729812	326.6645506135094	326.6645506135094	-326.6645506135094	1000.0	0.0	326.6645506135094	1000.0	20.00634815947177	-326.6645506135094	1000.0	-1000.0	20.00634815947228	-20.00634815947177	20.006348159471827	8.39	326.6645506135094
435	-638.4866727999715	-638.4866727999715	1000.0	361.5133272000286	-1000.0	177.4699632001714	84.5399816000857	177.4699632001714	361.5133272000286	-177.4699632001714	1000.0	184.04336399985718	177.4699632001714	1000.0	-84.53998160008567	-361.5133272000286	1000.0	-1000.0	-84.53998160008541	84.53998160008567	-84.5399816000857	8.39	361.51332720002847
436	-550.5513324015856	-550.5513324015856	1000.0	364.23755493439046	-829.577774671952	364.23755493439046	92.71266480317118	364.23755493439046	364.23755493439046	-364.23755493439046	829.577774671952	0.0	364.23755493439046	829.577774671952	-263.1348901312193	-364.23755493439046	829.577774671952	-829.577774671952	-263.13489013121944	263.1348901312193	-263.13489013121915	8.39	364.23755493439035
437	-578.7701268076335	-578.7701268076335	1000.0	383.05008453842225	-923.6404226921113	383.05008453842225	149.15025361526682	383.05008453842225	383.05008453842225	-383.05008453842225	923.6404226921113	0.0	383.05008453842225	923.6404226921113	-225.50983092315545	-383.05008453842225	923.6404226921113	-923.6404226921113	-225.50983092315528	225.50983092315545	-225.5098309231555	8.39	383.0500845384222
438	-617.7561672556011	-617.7561672556011	1000.0	382.243832744399	-1000.0	301.85299646639334	146.73149823319667	301.85299646639334	382.24383274439896	-301.85299646639334	1000.0	80.39083627800554	301.85299646639334	1000.0	-146.73149823319665	-382.243832744399	1000.0	-1000.0	-146.73149823319682	146.73149823319665	-146.73149823319667	8.39	382.24383274439884
439	-639.2676789145111	-639.2676789145111	1000.0	360.73232108548905	-1000.0	172.783926512934	82.196963256467	172.783926512934	360.732321085489	-172.783926512934	1000.0	187.948394572555	172.783926512934	1000.0	-82.19696325646697	-360.73232108548905	1000.0	-1000.0	-82.19696325646692	82.19696325646697	-82.196963256467	8.39	360.7323210854891
440	-645.1377166416894	-645.1377166416894	1000.0	354.8622833583106	-1000.0	137.56370014986356	64.58685007493176	137.56370014986356	354.86228335831055	-137.56370014986356	1000.0	217.298583208447	137.56370014986356	1000.0	-64.58685007493182	-354.8622833583106	1000.0	-1000.0	-64.58685007493182	64.58685007493182	-64.58685007493176	8.39	354.8622833583107
441	-302.9364999999999	-302.9364999999999	48.79837698679591	199.16100000000006	-955.396623013204	199.161	548.684623013204	199.161	199.161	-199.161	955.396623013204	0.0	199.161	955.396623013204	357.913623013204	-199.16100000000006	955.396623013204	-955.396623013204	357.91362301320396	-357.913623013204	357.9136230132041	8.39	199.16099999999994
442	-591.9097780192993	-591.9097780192993	967.4392600643313	391.80985201286626	-1000.0	391.80985201286626	207.9902959742675	391.80985201286626	391.80985201286626	-391.80985201286626	1000.0	0.0	391.80985201286626	1000.0	-175.42955603859878	-391.80985201286626	1000.0	-1000.0	-175.4295560385989	175.42955603859878	-175.42955603859878	8.39	391.80985201286626
443	-603.9976979467859	-603.9976979467859	874.6620625602386	333.3333333333333	-1000.0	133.72793743976138	125.33793743976139	133.72793743976138	333.3333333333333	-133.72793743976138	1000.0	199.60539589357197	133.72793743976138	1000.0	0.0	-333.3333333333333	1000.0	-1000.0	0.0	0.0	0.0	8.39	333.33333333333326
444	-384.25955873220244	-384.25955873220244	515.1427449762698	253.37637248813485	-760.1291174644047	253.37637248813485	244.9863724881349	253.37637248813485	253.37637248813485	-253.37637248813485	760.1291174644047	0.0	253.37637248813485	760.1291174644047	0.0	-253.37637248813485	760.1291174644047	-760.1291174644047	0.0	0.0	0.0	8.39	253.37637248813485
445	-302.9365	-302.9365	192.2918997712456	199.16100000000006	-811.9031002287543	199.16100000000006	405.1911002287543	199.161	199.16100000000006	-199.161	811.9031002287543	0.0	199.161	811.9031002287543	214.42010022875422	-199.16100000000006	811.9031002287543	-811.9031002287543	214.42010022875434	-214.42010022875422	214.42010022875434	8.39	199.16099999999994
446	-615.022095112624	-615.022095112624	840.8712853378717	305.4135475563119	-1000.0	0.0	75.36935733106418	0.0	305.4135475563119	0.0	1000.0	305.4135475563119	0.0	1000.0	83.75935733106417	-305.4135475563119	1000.0	-1000.0	83.75935733106462	-83.75935733106417	83.75935733106422	8.39	305.41354755631204
447	-403.1343320236715	-403.1343320236715	205.2079960710147	199.46966601183578	-1000.0	0.0	393.20100196449266	0.0	199.46966601183578	0.0	1000.0	199.46966601183578	0.0	1000.0	401.59100196449265	-199.46966601183578	1000.0	-1000.0	401.59100196449253	-401.59100196449265	401.59100196449265	8.39	199.4696660118359
448	-608.6436930383313	-608.6436930383313	883.9540527433294	333.33333333333337	-1000.0	124.43594725667064	116.04594725667063	124.43594725667064	333.33333333333337	-124.43594725667064	1000.0	208.89738607666274	124.43594725667064	1000.0	0.0	-333.33333333333337	1000.0	-1000.0	0.0	0.0	0.0	8.39	333.33333333333326
449	-560.8152538329035	-560.8152538329035	841.2228807493552	280.40762691645176	-841.2228807493552	8.39	0.0	8.39	280.40762691645176	-8.39	841.2228807493552	272.0176269164518	8.39	841.2228807493552	0.0	-280.40762691645176	841.2228807493552	-841.2228807493552	0.0	0.0	0.0	8.39	280.40762691645165
450	-357.7569889026927	-357.7569889026927	186.9299630089755	235.70799260179513	-1000.0	235.70799260179513	520.1940147964098	235.70799260179513	235.70799260179513	-235.70799260179513	1000.0	0.0	235.70799260179513	1000.0	292.8760221946146	-235.70799260179513	1000.0	-1000.0	292.87602219461473	-292.8760221946146	292.87602219461485	8.39	235.70799260179513
451	-435.79561417539196	-435.79561417539196	447.05871391797336	287.7337427835947	-1000.0	287.7337427835947	416.1425144328106	287.7337427835947	287.7337427835947	-287.7337427835947	1000.0	0.0	287.7337427835947	1000.0	136.79877164921584	-287.7337427835947	1000.0	-1000.0	136.79877164921595	-136.79877164921584	136.79877164921618	8.39	287.7337427835947
452	-459.4876343927606	-459.4876343927606	615.4468458570141	303.5284229285071	-910.5852687855211	303.528422928507	295.138422928507	303.528422928507	303.52842292850704	-303.528422928507	910.5852687855211	0.0	303.528422928507	910.5852687855211	0.0	-303.5284229285071	910.5852687855211	-910.5852687855211	0.0	0.0	0.0	8.39	303.5284229285071
453	-625.1946520419809	-625.1946520419809	917.0559707506286	333.33333333333326	-1000.0	91.33402924937157	82.94402924937155	91.33402924937157	333.3333333333333	-91.33402924937157	1000.0	241.9993040839618	91.33402924937157	1000.0	0.0	-333.33333333333326	1000.0	-1000.0	0.0	0.0	0.0	8.39	333.3333333333335
454	-427.19597945310124	-427.19597945310124	418.39326484367075	282.00065296873413	-1000.0	282.00065296873413	427.6086940625317	282.00065296873413	282.00065296873413	-282.00065296873413	1000.0	0.0	282.00065296873413	1000.0	153.9980410937975	-282.00065296873413	1000.0	-1000.0	153.9980410937976	-153.9980410937975	153.99804109379738	8.39	282.00065296873413
455	-427.55098478005516	-427.55098478005516	572.8646463734068	282.2373231867034	-846.7119695601101	282.2373231867034	273.84732318670336	282.2373231867034	282.2373231867034	-282.2373231867034	846.7119695601101	0.0	282.2373231867034	846.7119695601101	0.0	-282.2373231867034	846.7119695601101	-846.7119695601101	0.0	0.0	-1.1368683772161603e-13	8.39	282.2373231867034
456	-639.3321566644471	-639.3321566644471	945.3309799955609	333.33333333333326	-1000.0	63.05902000443916	54.66902000443914	63.05902000443916	333.33333333333326	-63.05902000443916	1000.0	270.2743133288942	63.05902000443916	1000.0	0.0	-333.33333333333326	1000.0	-1000.0	0.0	0.0	0.0	8.39	333.3333333333337
457	-478.5194022429963	-478.5194022429963	640.822536323995	316.21626816199756	-948.6488044859926	316.2162681619975	307.8262681619975	316.2162681619975	316.21626816199756	-316.2162681619975	948.6488044859926	0.0	316.2162681619975	948.6488044859926	0.0	-316.21626816199756	948.6488044859926	-948.6488044859926	0.0	0.0	-1.1368683772161603e-13	8.39	316.2162681619975
458	-502.854147725824	-502.854147725824	673.268863634432	332.439431817216	-997.318295451648	332.439431817216	324.04943181721603	332.439431817216	332.439431817216	-332.439431817216	997.318295451648	0.0	332.439431817216	997.318295451648	0.0	-332.439431817216	997.318295451648	-997.318295451648	0.0	0.0	-1.1368683772161603e-13	8.39	332.439431817216
459	-633.8652546640033	-633.8652546640033	934.397175994673	333.33333333333337	-1000.0	73.992824005327	65.60282400532698	73.992824005327	333.33333333333337	-73.992824005327	1000.0	259.34050932800636	73.992824005327	1000.0	0.0	-333.33333333333337	1000.0	-1000.0	0.0	0.0	0.0	8.39	333.3333333333333
460	-438.5205796866393	-438.5205796866393	456.1419322887972	289.5503864577595	-1000.0	289.5503864577595	412.50922708448115	289.5503864577595	289.5503864577595	-289.5503864577595	1000.0	0.0	289.5503864577595	1000.0	131.34884062672165	-289.5503864577595	1000.0	-1000.0	131.34884062672177	-131.34884062672165	131.34884062672154	8.39	289.5503864577595
461	-306.68367499966007	-306.68367499966007	11.689349999320257	199.16099999999994	-1000.0	191.6666500006795	585.7936500006796	191.6666500006795	199.16099999999994	-191.6666500006795	1000.0	7.494349999320476	191.6666500006795	1000.0	402.51700000000005	-199.16099999999994	1000.0	-1000.0	402.5169999999998	-402.51700000000005	402.51700000000017	8.39	199.16099999999994
462	-479.5473353970767	-479.5473353970767	592.8977846569219	316.90155693138433	-1000.0	316.90155693138433	357.80688613723134	316.90155693138433	316.90155693138433	-316.90155693138433	1000.0	0.0	316.90155693138433	1000.0	49.295329205847	-316.90155693138433	1000.0	-1000.0	49.29532920584734	-49.295329205847	49.29532920584677	8.39	316.90155693138456
463	-372.49722864068667	-372.49722864068667	236.06409546895554	245.53481909379116	-1000.0	245.53481909379116	500.5403618124178	245.53481909379116	245.53481909379116	-245.53481909379116	1000.0	0.0	245.53481909379116	1000.0	263.3955427186266	-245.53481909379116	1000.0	-1000.0	263.39554271862653	-263.3955427186266	263.39554271862664	8.39	245.53481909379116
464	-396.70979549333333	-396.70979549333333	785.0295909866664	261.6765303288888	-531.7430606577776	261.6765303288888	0.0	261.6765303288888	261.6765303288888	-261.6765303288888	531.7430606577776	0.0	261.6765303288888	531.7430606577776	-253.28653032888883	-261.6765303288888	531.7430606577776	-531.7430606577776	-253.2865303288886	253.28653032888883	-253.28653032888883	8.39	261.67653032888893
465	-569.8965744432069	-569.8965744432069	1000.0	333.33333333333326	-806.4598155530804	201.9301844469196	0.0	201.9301844469196	333.33333333333326	-201.9301844469196	806.4598155530804	131.4031488864136	201.9301844469196	806.4598155530804	-193.54018444691962	-333.33333333333326	806.4598155530804	-806.4598155530804	-193.54018444691962	193.54018444691962	-193.54018444691962	8.39	333.3333333333337
466	-400.62905558520515	-400.62905558520515	792.8681111704103	264.2893703901368	-536.9687407802735	264.2893703901368	0.0	264.28937039013675	264.28937039013675	-264.28937039013675	536.9687407802735	0.0	264.28937039013675	536.9687407802735	-255.89937039013677	-264.2893703901368	536.9687407802735	-536.9687407802735	-255.89937039013682	255.89937039013677	-255.89937039013682	8.39	264.2893703901368
467	-408.43631550024884	-408.43631550024884	808.4826310004978	269.49421033349927	-547.3784206669985	269.49421033349927	0.0	269.49421033349927	269.49421033349927	-269.49421033349927	547.3784206669985	0.0	269.49421033349927	547.3784206669985	-261.1042103334993	-269.49421033349927	547.3784206669985	-547.3784206669985	-261.1042103334994	261.1042103334993	-261.1042103334993	8.39	269.49421033349927
468	-359.6144156230371	-359.6144156230371	710.8388312460742	236.94627708202475	-482.2825541640495	236.94627708202472	0.0	236.94627708202472	236.94627708202475	-236.94627708202472	482.28255416404954	0.0	236.94627708202472	482.2825541640495	-228.55627708202474	-236.94627708202475	482.28255416404954	-482.2825541640495	-228.55627708202474	228.55627708202474	-228.55627708202474	8.39	236.94627708202478
469	-376.57281413622627	-376.57281413622627	744.7556282724528	248.25187609081752	-504.89375218163514	248.25187609081763	0.0	248.25187609081763	248.25187609081752	-248.25187609081763	504.89375218163514	0.0	248.25187609081763	504.89375218163514	-239.86187609081765	-248.25187609081752	504.89375218163514	-504.89375218163514	-239.86187609081776	239.86187609081765	-239.86187609081765	8.39	248.25187609081775
470	-412.34223355797633	-412.34223355797633	816.2944671159527	272.0981557053176	-552.5863114106351	272.0981557053176	0.0	272.09815570531754	272.0981557053176	-272.09815570531754	552.5863114106351	0.0	272.09815570531754	552.5863114106351	-263.70815570531755	-272.0981557053176	552.5863114106351	-552.5863114106351	-263.7081557053176	263.70815570531755	-263.7081557053176	8.39	272.0981557053176
471	-404.53266992820727	-404.53266992820727	800.6753398564143	266.8917799521381	-542.1735599042762	266.8917799521381	0.0	266.8917799521381	266.8917799521381	-266.8917799521381	542.1735599042762	0.0	266.8917799521381	542.1735599042762	-258.5017799521381	-266.8917799521381	542.1735599042762	-542.1735599042762	-258.5017799521379	258.5017799521381	-258.5017799521381	8.39	266.8917799521382
472	-402.5169999999998	-402.5169999999998	502.4719265868765	199.16099999999994	-700.884073413123	0.0	95.0110734131232	0.0	199.16099999999994	0.0	700.884073413123	199.16099999999994	0.0	700.884073413123	103.40107341312319	-199.16099999999994	700.884073413123	-700.884073413123	103.40107341312319	-103.40107341312319	103.40107341312319	8.39	199.16099999999994
473	-402.51699999999994	-402.51699999999994	257.1493409645823	199.16099999999994	-946.2066590354175	0.0	340.33365903541767	0.0	199.16099999999994	0.0	946.2066590354175	199.16099999999994	0.0	946.2066590354175	348.7236590354176	-199.16099999999994	946.2066590354175	-946.2066590354175	348.72365903541754	-348.7236590354176	348.72365903541754	8.39	199.16099999999994
474	-402.5169999999998	-402.5169999999998	214.26253058890984	199.16099999999994	-989.0934694110898	0.0	383.22046941109	0.0	199.16099999999994	0.0	989.0934694110898	199.16099999999994	0.0	989.0934694110898	391.61046941109	-199.16099999999994	989.0934694110898	-989.0934694110898	391.61046941109	-391.61046941109	391.61046941108987	8.39	199.16099999999994
475	-654.0797293247247	-654.0797293247247	974.8270939870871	324.94236466236237	-983.2170939870871	0.0	0.0	0.0	324.94236466236237	0.0	983.2170939870871	324.94236466236237	0.0	983.2170939870871	8.389999999999986	-324.94236466236237	983.2170939870871	-983.2170939870871	8.389999999999986	-8.389999999999986	8.389999999999986	8.39	324.9423646623625
476	-540.6722993457192	-540.6722993457192	748.0112653581052	333.33333333333326	-1000.0	260.37873464189465	251.9887346418947	260.37873464189465	333.33333333333326	-260.37873464189465	1000.0	72.95459869143866	260.37873464189465	1000.0	0.0	-333.33333333333326	1000.0	-1000.0	0.0	0.0	0.0	8.39	333.33333333333326
477	-516.9339806441942	-516.9339806441942	700.534627955055	333.33333333333326	-1000.0	307.85537204494494	299.46537204494496	307.85537204494494	333.3333333333333	-307.85537204494494	1000.0	25.47796128838839	307.85537204494494	1000.0	0.0	-333.33333333333326	1000.0	-1000.0	0.0	0.0	0.0	8.39	333.3333333333335
478	-648.9844057031117	-648.9844057031117	964.6354780728902	333.33333333333326	-1000.0	43.754521927109835	35.364521927109834	43.754521927109835	333.3333333333333	-43.754521927109835	1000.0	289.5788114062235	43.754521927109835	1000.0	0.0	-333.33333333333326	1000.0	-1000.0	0.0	0.0	0.0	8.39	333.33333333333314
479	-338.7482871170621	-338.7482871170621	75.81857423412437	199.16100000000006	-1000.0	127.53742576587548	521.6644257658755	127.53742576587548	199.161	-127.53742576587548	1000.0	71.62357423412449	127.53742576587548	1000.0	402.51700000000005	-199.16100000000006	1000.0	-1000.0	402.5169999999998	-402.51700000000005	402.51700000000005	8.39	199.16099999999994
480	-617.8388523285184	-617.8388523285184	926.7582784927777	308.9194261642592	-926.7582784927777	8.389999999999986	0.0	8.389999999999986	308.9194261642592	-8.389999999999986	926.7582784927777	300.52942616425923	8.389999999999986	926.7582784927777	0.0	-308.9194261642592	926.7582784927777	-926.7582784927777	0.0	0.0	0.0	8.39	308.9194261642592
481	-614.7116446045844	-614.7116446045844	896.0899558758356	333.3333333333335	-1000.0	112.30004412416474	103.91004412416451	112.30004412416474	333.3333333333334	-112.30004412416474	1000.0	221.03328920916866	112.30004412416474	1000.0	0.0	-333.3333333333335	1000.0	-1000.0	0.0	0.0	0.0	8.39	333.33333333333337
482	-413.9479811298189	-413.9479811298189	237.6489433894568	204.87649056490943	-1000.0	0.0	376.9805283052716	0.0	204.87649056490946	0.0	1000.0	204.87649056490946	0.0	1000.0	385.3705283052716	-204.87649056490943	1000.0	-1000.0	385.3705283052716	-385.3705283052716	385.3705283052716	8.39	204.87649056490952
483	-371.9211395161982	-371.9211395161982	142.16427903239628	199.16099999999994	-1000.0	61.19172096760326	455.31872096760344	61.19172096760326	199.16099999999994	-61.19172096760326	1000.0	137.96927903239668	61.19172096760326	1000.0	402.51700000000017	-199.16099999999994	1000.0	-1000.0	402.51700000000005	-402.51700000000017	402.51700000000017	8.39	199.16099999999994
484	-625.4020472045275	-625.4020472045275	931.8105708067914	310.6035236022638	-940.2005708067913	0.0	0.0	0.0	310.6035236022638	0.0	940.2005708067913	310.6035236022638	0.0	940.2005708067913	8.39	-310.6035236022638	940.2005708067913	-940.2005708067913	8.389999999999986	-8.39	8.389999999999986	8.39	310.60352360226375
485	-330.3330061179754	-330.3330061179754	58.988012235950805	199.16099999999994	-1000.0	144.36798776404893	538.494987764049	144.36798776404893	199.16099999999997	-144.36798776404893	1000.0	54.793012235951004	144.36798776404893	1000.0	402.51700000000017	-199.16099999999994	1000.0	-1000.0	402.51699999999994	-402.51700000000017	402.51700000000017	8.39	199.16099999999994
486	-525.2542185675911	-525.2542185675911	787.8813278513867	262.62710928379556	-787.8813278513867	8.389999999999986	0.0	8.389999999999986	262.62710928379556	-8.389999999999986	787.8813278513867	254.23710928379558	8.389999999999986	787.8813278513867	0.0	-262.62710928379556	787.8813278513867	-787.8813278513867	0.0	0.0	0.0	8.39	262.62710928379556
487	-563.5995409053394	-563.5995409053394	845.3993113580088	281.7997704526697	-845.3993113580088	8.389999999999986	0.0	8.389999999999986	281.79977045266963	-8.389999999999986	845.3993113580088	273.40977045266965	8.389999999999986	845.3993113580088	0.0	-281.7997704526697	845.3993113580088	-845.3993113580088	0.0	0.0	0.0	8.39	281.7997704526696
488	-334.5258412202185	-334.5258412202185	67.37368244043671	199.16099999999994	-1000.0	135.98231755956292	530.1093175595631	135.98231755956292	199.16099999999994	-135.98231755956292	1000.0	63.17868244043702	135.98231755956292	1000.0	402.51700000000017	-199.16099999999994	1000.0	-1000.0	402.51700000000005	-402.51700000000017	402.51700000000017	8.39	199.16099999999994
489	-506.9884341558644	-506.9884341558644	1000.0	333.33333333333326	-680.6435349783953	327.7464650216047	0.0	327.7464650216047	333.3333333333333	-327.7464650216047	680.6435349783953	5.586868311728665	327.7464650216047	680.6435349783953	-319.3564650216047	-333.33333333333326	680.6435349783953	-680.6435349783953	-319.35646502160444	319.3564650216047	-319.35646502160466	8.39	333.33333333333337
490	-528.4047540614675	-528.4047540614675	1000.0	333.33333333333326	-723.4761747896019	284.91382521039804	0.0	284.91382521039804	333.3333333333333	-284.91382521039804	723.4761747896019	48.41950812293529	284.91382521039804	723.4761747896019	-276.52382521039806	-333.33333333333326	723.4761747896019	-723.4761747896019	-276.5238252103982	276.52382521039806	-276.52382521039806	8.39	333.3333333333333
491	-526.2129765685664	-526.2129765685664	1000.0	348.0119843790444	-748.4499218952217	348.01198437904435	44.03595313713299	348.01198437904435	348.01198437904435	-348.01198437904435	748.4499218952217	0.0	348.01198437904435	748.4499218952217	-295.58603124191137	-348.0119843790444	748.4499218952217	-748.4499218952217	-295.58603124191154	295.58603124191137	-295.5860312419113	8.39	348.01198437904435
492	-494.52865319688135	-494.52865319688135	980.6673063937629	326.8891021312543	-662.1682042625087	326.88910213125433	0.0	326.88910213125433	326.88910213125433	-326.88910213125433	662.1682042625087	0.0	326.88910213125433	662.1682042625087	-318.49910213125435	-326.8891021312543	662.1682042625087	-662.1682042625087	-318.4991021312544	318.49910213125435	-318.4991021312543	8.39	326.88910213125433
493	-630.4867680396164	-630.4867680396164	1000.0	333.33333333333326	-927.6402027458996	80.74979725410033	0.0	80.74979725410033	333.3333333333333	-80.74979725410033	927.6402027458996	252.58353607923297	80.74979725410033	927.6402027458996	-72.35979725410031	-333.33333333333326	927.6402027458996	-927.6402027458996	-72.35979725410039	72.35979725410031	-72.35979725410039	8.39	333.33333333333326
494	-302.93649999999997	-302.93649999999997	349.83655308959567	199.16099999999994	-654.358446910404	199.16099999999994	247.64644691040422	199.16099999999992	199.16099999999994	-199.16099999999992	654.358446910404	0.0	199.16099999999992	654.358446910404	56.87544691040432	-199.16099999999994	654.358446910404	-654.358446910404	56.875446910404094	-56.87544691040432	56.875446910404094	8.39	199.16099999999994
495	-631.644747988144	-631.644747988144	1000.0	368.3552520118559	-1000.0	218.52151207113627	105.06575603556817	218.52151207113627	368.3552520118559	-218.52151207113627	1000.0	149.83373994071974	218.52151207113627	1000.0	-105.06575603556814	-368.3552520118559	1000.0	-1000.0	-105.06575603556792	105.06575603556814	-105.06575603556817	8.39	368.3552520118561
496	-610.4407124922704	-610.4407124922704	1000.0	389.5592875077298	-1000.0	345.7457250463783	168.67786252318916	345.7457250463783	389.5592875077298	-345.7457250463783	1000.0	43.81356246135141	345.7457250463783	1000.0	-168.6778625231891	-389.5592875077298	1000.0	-1000.0	-168.67786252318888	168.6778625231891	-168.67786252318916	8.39	389.5592875077298
497	-632.1883087761635	-632.1883087761635	1000.0	367.81169122383653	-1000.0	215.26014734301907	103.43507367150956	215.26014734301907	367.81169122383653	-215.26014734301907	1000.0	152.55154388081746	215.26014734301907	1000.0	-103.43507367150949	-367.81169122383653	1000.0	-1000.0	-103.4350736715096	103.43507367150949	-103.43507367150956	8.39	367.81169122383653
498	-625.0211380769865	-625.0211380769865	937.5317071154798	312.5105690384933	-937.5317071154798	8.389999999999986	0.0	8.389999999999986	312.5105690384933	-8.389999999999986	937.5317071154798	304.1205690384933	8.389999999999986	937.5317071154798	0.0	-312.5105690384933	937.5317071154798	-937.5317071154798	0.0	0.0	0.0	8.39	312.51056903849314
499	-614.1443697388299	-614.1443697388299	921.2165546082448	307.07218486941497	-921.2165546082448	8.389999999999986	0.0	8.389999999999986	307.0721848694149	-8.389999999999986	921.2165546082448	298.682184869415	8.389999999999986	921.2165546082448	0.0	-307.07218486941497	921.2165546082448	-921.2165546082448	1.1368683772161603e-13	0.0	0.0	8.39	307.07218486941485
500	-661.7612189976129	-661.7612189976129	1000.0	338.2387810023872	-1000.0	37.82268601432293	14.71634300716147	37.82268601432293	338.23878100238716	-37.82268601432293	1000.0	300.41609498806423	37.82268601432293	1000.0	-14.716343007161463	-338.2387810023872	1000.0	-1000.0	-14.716343007161413	14.716343007161463	-14.71634300716147	8.39	338.23878100238704
501	-537.7251023196625	-537.7251023196625	1000.0	355.6867348797749	-786.8236743988745	355.6867348797749	67.06020463932464	355.6867348797749	355.6867348797749	-355.6867348797749	786.8236743988745	0.0	355.6867348797749	786.8236743988745	-280.2365302404501	-355.6867348797749	786.8236743988745	-786.8236743988745	-280.23653024044995	280.2365302404501	-280.2365302404502	8.39	355.6867348797749
502	-636.9991081243925	-636.9991081243925	1000.0	363.00089187560775	-1000.0	186.3953512536461	89.00267562682306	186.3953512536461	363.0008918756077	-186.3953512536461	1000.0	176.60554062196158	186.3953512536461	1000.0	-89.00267562682305	-363.00089187560775	1000.0	-1000.0	-89.00267562682279	89.00267562682305	-89.00267562682306	8.39	363.00089187560775
503	-638.0723424680906	-638.0723424680906	1000.0	361.9276575319095	-1000.0	179.95594519145726	85.78297259572864	179.95594519145726	361.9276575319095	-179.95594519145726	1000.0	181.97171234045229	179.95594519145726	1000.0	-85.78297259572861	-361.9276575319095	1000.0	-1000.0	-85.78297259572832	85.78297259572861	-85.78297259572864	8.39	361.9276575319095
504	-314.5369592292511	-314.5369592292511	42.86319743083652	206.8946394861673	-1000.0	206.8946394861673	577.8207210276654	206.8946394861673	206.8946394861673	-206.8946394861673	1000.0	0.0	206.8946394861673	1000.0	379.3160815414981	-206.8946394861673	1000.0	-1000.0	379.31608154149853	-379.3160815414981	379.3160815414982	8.39	206.8946394861673
505	-651.9735134718417	-651.9735134718417	970.61369361035	333.33333333333326	-1000.0	37.77630638965003	29.386306389650052	37.77630638965003	333.3333333333333	-37.77630638965003	1000.0	295.5570269436833	37.77630638965003	1000.0	0.0	-333.33333333333326	1000.0	-1000.0	0.0	0.0	0.0	8.39	333.3333333333333
506	-520.7596113016099	-520.7596113016099	708.1858892698865	333.33333333333326	-1000.0	300.20411073011337	291.8141107301134	300.20411073011337	333.3333333333333	-300.20411073011337	1000.0	33.12922260321995	300.20411073011337	1000.0	0.0	-333.33333333333326	1000.0	-1000.0	0.0	0.0	0.0	8.39	333.3333333333333
507	-589.828054410409	-589.828054410409	846.3227754874845	333.33333333333337	-1000.0	162.06722451251548	153.67722451251547	162.06722451251548	333.33333333333337	-162.06722451251548	1000.0	171.26610882081786	162.06722451251548	1000.0	0.0	-333.33333333333337	1000.0	-1000.0	-2.2737367544323206e-13	0.0	0.0	8.39	333.33333333333337
508	-522.0941416579115	-522.0941416579115	710.8549499824894	333.33333333333337	-1000.0	297.5350500175105	289.14505001751047	297.5350500175105	333.33333333333337	-297.5350500175105	1000.0	35.79828331582285	297.5350500175105	1000.0	0.0	-333.33333333333337	1000.0	-1000.0	0.0	0.0	0.0	8.39	333.33333333333337
509	-510.14459171726685	-510.14459171726685	686.9558501012006	333.33333333333326	-1000.0	321.4341498987994	313.04414989879945	321.4341498987994	333.33333333333326	-321.4341498987994	1000.0	11.899183434533908	321.4341498987994	1000.0	0.0	-333.33333333333326	1000.0	-1000.0	-2.2737367544323206e-13	0.0	0.0	8.39	333.33333333333326
510	-523.4259976260764	-523.4259976260764	713.5186619188194	333.33333333333337	-1000.0	294.87133808118057	286.4813380811805	294.87133808118057	333.33333333333337	-294.87133808118057	1000.0	38.4619952521528	294.87133808118057	1000.0	0.0	-333.33333333333337	1000.0	-1000.0	0.0	0.0	0.0	8.39	333.33333333333337
511	-591.1602426447942	-591.1602426447942	848.9871519562553	333.33333333333326	-1000.0	159.4028480437447	151.01284804374475	159.4028480437447	333.3333333333333	-159.4028480437447	1000.0	173.9304852895886	159.4028480437447	1000.0	0.0	-333.33333333333326	1000.0	-1000.0	-4.547473508864641e-13	0.0	0.0	8.39	333.3333333333334
512	-511.47379460707634	-511.47379460707634	689.614255880819	333.33333333333337	-1000.0	318.775744119181	310.38574411918097	318.775744119181	333.33333333333337	-318.775744119181	1000.0	14.557589214152369	318.775744119181	1000.0	0.0	-333.33333333333337	1000.0	-1000.0	4.547473508864641e-13	0.0	0.0	8.39	333.33333333333337
513	-524.7552005158856	-524.7552005158856	716.1770676984379	333.33333333333326	-1000.0	292.21293230156203	283.8229323015621	292.21293230156203	333.33333333333326	-292.21293230156203	1000.0	41.12040103177125	292.21293230156203	1000.0	0.0	-333.33333333333326	1000.0	-1000.0	2.2737367544323206e-13	0.0	0.0	8.39	333.3333333333335
514	-506.1808397404068	-506.1808397404068	679.0283461474804	333.33333333333326	-1000.0	329.3616538525195	320.9716538525196	329.3616538525195	333.3333333333333	-329.3616538525195	1000.0	3.9716794808137834	329.3616538525195	1000.0	0.0	-333.33333333333326	1000.0	-1000.0	-2.2737367544323206e-13	0.0	0.0	8.39	333.3333333333332
515	-576.4885101522478	-576.4885101522478	819.6436869711621	333.33333333333326	-1000.0	188.74631302883785	180.3563130288379	188.74631302883785	333.3333333333333	-188.74631302883785	1000.0	144.58702030449547	188.74631302883785	1000.0	0.0	-333.33333333333326	1000.0	-1000.0	2.2737367544323206e-13	0.0	0.0	8.39	333.3333333333332
516	-462.0438059158923	-462.0438059158923	618.8550745545231	305.2325372772615	-915.6976118317846	305.2325372772615	296.84253727726156	305.2325372772615	305.2325372772615	-305.2325372772615	915.6976118317846	0.0	305.2325372772615	915.6976118317846	0.0	-305.2325372772615	915.6976118317846	-915.6976118317846	-1.1368683772161603e-13	0.0	0.0	8.39	305.2325372772615
517	-309.8450213739453	-309.8450213739453	415.92336183192697	203.76668091596355	-611.3000427478906	203.76668091596352	195.37668091596362	203.76668091596352	203.76668091596352	-203.76668091596352	611.3000427478906	0.0	203.76668091596352	611.3000427478906	0.0	-203.76668091596355	611.3000427478906	-611.3000427478906	2.2737367544323206e-13	0.0	0.0	8.39	203.76668091596346
518	-349.2121398490138	-349.2121398490138	158.4471328300458	230.01142656600916	-1000.0	230.01142656600916	531.5871468679817	230.01142656600916	230.01142656600916	-230.01142656600916	1000.0	0.0	230.01142656600916	1000.0	309.9657203019725	-230.01142656600916	1000.0	-1000.0	309.9657203019725	-309.9657203019725	309.9657203019725	8.39	230.01142656600916
519	-557.8887059093647	-557.8887059093647	854.0356863645488	369.1291372729097	-1000.0	369.12913727290976	253.35172545418044	369.12913727290976	369.12913727290976	-369.12913727290976	1000.0	0.0	369.12913727290976	1000.0	-107.38741181872933	-369.1291372729097	1000.0	-1000.0	-107.3874118187291	107.38741181872933	-107.38741181872933	8.39	369.12913727291
520	-564.32743592204	-564.32743592204	1000.0	373.42162394802676	-875.4981197401337	373.42162394802665	120.26487184408018	373.42162394802665	373.42162394802676	-373.42162394802665	875.4981197401337	0.0	373.42162394802665	875.4981197401337	-244.7667521039465	-373.42162394802676	875.4981197401337	-875.4981197401337	-244.76675210394683	244.7667521039465	-244.7667521039465	8.39	373.42162394802665
521	-302.93649999999997	-302.93649999999997	368.1306342100268	199.16099999999994	-636.0643657899731	199.16099999999994	229.35236578997316	199.16099999999994	199.16099999999994	-199.16099999999994	636.0643657899731	0.0	199.16099999999994	636.0643657899731	38.58136578997323	-199.16099999999994	636.0643657899731	-636.0643657899731	38.58136578997289	-38.58136578997323	38.58136578997312	8.39	199.16099999999994
522	-404.3841253718256	-404.3841253718256	606.5761880577382	202.1920626859128	-606.5761880577382	8.389999999999986	0.0	8.389999999999986	202.19206268591276	-8.389999999999986	606.5761880577382	193.80206268591274	8.389999999999986	606.5761880577382	0.0	-202.1920626859128	606.5761880577382	-606.5761880577382	0.0	0.0	0.0	8.39	202.1920626859129
523	-586.8049509810076	-586.8049509810076	880.2074264715113	293.4024754905038	-880.2074264715113	8.389999999999986	0.0	8.389999999999986	293.4024754905038	-8.389999999999986	880.2074264715113	285.0124754905038	8.389999999999986	880.2074264715113	0.0	-293.4024754905038	880.2074264715113	-880.2074264715113	0.0	0.0	0.0	8.39	293.40247549050366
524	-580.5258502227675	-580.5258502227675	870.7887753341513	290.26292511138377	-870.7887753341513	8.389999999999986	0.0	8.389999999999986	290.26292511138377	-8.389999999999986	870.7887753341513	281.8729251113838	8.389999999999986	870.7887753341513	0.0	-290.26292511138377	870.7887753341513	-870.7887753341513	0.0	0.0	0.0	8.39	290.26292511138365
525	-653.6748593058264	-653.6748593058264	1000.0	346.3251406941737	-1000.0	86.34084416504216	38.975422082521106	86.34084416504216	346.3251406941737	-86.34084416504216	1000.0	259.98429652913154	86.34084416504216	1000.0	-38.975422082521035	-346.3251406941737	1000.0	-1000.0	-38.97542208252082	38.975422082521035	-38.975422082521106	8.39	346.32514069417346
526	-651.0174643986717	-651.0174643986717	1000.0	348.98253560132866	-1000.0	102.28521360797153	46.94760680398577	102.28521360797153	348.9825356013286	-102.28521360797153	1000.0	246.69732199335706	102.28521360797153	1000.0	-46.94760680398575	-348.98253560132866	1000.0	-1000.0	-46.94760680398531	46.94760680398575	-46.94760680398577	8.39	348.9825356013286
527	-630.0699594716631	-630.0699594716631	1000.0	369.93004052833703	-1000.0	227.97024317002226	109.79012158501114	227.97024317002226	369.93004052833703	-227.97024317002226	1000.0	141.9597973583148	227.97024317002226	1000.0	-109.79012158501112	-369.93004052833703	1000.0	-1000.0	-109.79012158501087	109.79012158501112	-109.79012158501114	8.39	369.93004052833703
528	-625.2902452301257	-625.2902452301257	1000.0	374.7097547698744	-1000.0	256.64852861924635	124.12926430962318	256.64852861924635	374.7097547698744	-256.64852861924635	1000.0	118.06122615062806	256.64852861924635	1000.0	-124.12926430962318	-374.7097547698744	1000.0	-1000.0	-124.12926430962295	124.12926430962318	-124.12926430962318	8.39	374.7097547698744
529	-532.8566022903742	-532.8566022903742	1000.0	352.44106819358274	-770.5953409679137	352.44106819358274	57.32320458074821	352.44106819358274	352.44106819358274	-352.44106819358274	770.5953409679137	0.0	352.44106819358274	770.5953409679137	-286.72786361283454	-352.44106819358274	770.5953409679137	-770.5953409679137	-286.7278636128343	286.72786361283454	-286.72786361283454	8.39	352.4410681935826
530	-469.9262423986924	-469.9262423986924	560.8274746623077	310.4874949324616	-1000.0	310.4874949324616	370.6350101350769	310.4874949324616	310.4874949324616	-310.4874949324616	1000.0	0.0	310.4874949324616	1000.0	68.53751520261534	-310.4874949324616	1000.0	-1000.0	68.53751520261538	-68.53751520261534	68.53751520261534	8.39	310.4874949324616
531	-449.7249381359852	-449.7249381359852	602.4299175146471	297.0199587573234	-891.0598762719701	297.0199587573234	288.62995875732327	297.0199587573234	297.0199587573234	-297.0199587573234	891.0598762719701	0.0	297.0199587573234	891.0598762719701	0.0	-297.0199587573234	891.0598762719701	-891.0598762719701	0.0	0.0	0.0	8.39	297.01995875732337
532	-573.8710914885949	-573.8710914885949	814.4088496438563	333.33333333333337	-1000.0	193.98115035614387	185.59115035614377	193.98115035614387	333.33333333333337	-193.98115035614387	1000.0	139.3521829771895	193.98115035614387	1000.0	0.0	-333.33333333333337	1000.0	-1000.0	0.0	0.0	0.0	8.39	333.33333333333337
533	-424.39988890955277	-424.39988890955277	409.0729630318425	280.1365926063685	-1000.0	280.1365926063685	431.336814787263	280.1365926063685	280.1365926063685	-280.1365926063685	1000.0	0.0	280.1365926063685	1000.0	159.5902221808945	-280.1365926063685	1000.0	-1000.0	159.59022218089467	-159.5902221808945	159.5902221808945	8.39	280.1365926063685
534	-635.6290719543038	-635.6290719543038	937.924810575274	333.33333333333337	-1000.0	70.46518942472619	62.07518942472609	70.46518942472619	333.33333333333337	-70.46518942472619	1000.0	262.8681439086072	70.46518942472619	1000.0	-1.1368683772161603e-13	-333.33333333333337	1000.0	-1000.0	0.0	0.0	0.0	8.39	333.33333333333337
535	-623.3346357031131	-623.3346357031131	913.3359380728928	333.33333333333337	-1000.0	95.05406192710737	86.66406192710728	95.05406192710737	333.33333333333337	-95.05406192710737	1000.0	238.279271406226	95.05406192710737	1000.0	-2.2737367544323206e-13	-333.33333333333337	1000.0	-1000.0	0.0	0.0	0.0	8.39	333.33333333333337
536	-308.8680788685167	-308.8680788685167	23.966929561722363	203.11538591234444	-1000.0	203.1153859123445	585.379228175311	203.1153859123445	203.1153859123445	-203.1153859123445	1000.0	0.0	203.1153859123445	1000.0	390.65384226296646	-203.11538591234444	1000.0	-1000.0	390.6538422629666	-390.65384226296646	390.6538422629666	8.39	203.11538591234455
537	-303.6196157606711	-303.6196157606711	5.561231521341597	199.16099999999994	-1000.0	197.79476847865772	591.9217684786581	197.79476847865772	199.16099999999994	-197.79476847865772	1000.0	1.366231521342146	197.79476847865772	1000.0	402.51700000000017	-199.16099999999994	1000.0	-1000.0	402.51700000000005	-402.51700000000017	402.51700000000017	8.39	199.16099999999994
538	-386.7220763832666	-386.7220763832666	171.76615276653285	199.16099999999994	-1000.0	31.589847233466784	425.716847233467	31.589847233466784	199.16099999999994	-31.589847233466784	1000.0	167.57115276653315	31.589847233466784	1000.0	402.51700000000017	-199.16099999999994	1000.0	-1000.0	402.51700000000005	-402.51700000000017	402.51700000000017	8.39	199.16099999999994
539	-385.18324791927256	-385.18324791927256	168.6884958385449	199.16099999999994	-1000.0	34.66750416145474	428.79450416145494	34.66750416145474	199.16099999999994	-34.66750416145474	1000.0	164.4934958385452	34.66750416145474	1000.0	402.51700000000017	-199.16099999999994	1000.0	-1000.0	402.51700000000005	-402.51700000000017	402.51700000000017	8.39	199.16099999999994
540	-577.7923246164205	-577.7923246164205	822.2513158995074	333.33333333333337	-1000.0	186.13868410049247	177.74868410049257	186.13868410049247	333.33333333333337	-186.13868410049247	1000.0	147.19464923284082	186.13868410049247	1000.0	0.0	-333.33333333333337	1000.0	-1000.0	0.0	0.0	0.0	8.39	333.33333333333337
541	-362.3971986209807	-362.3971986209807	485.99293149464097	238.80146574732044	-716.4043972419615	238.80146574732044	230.41146574732056	238.80146574732044	238.8014657473205	-238.80146574732044	716.4043972419615	0.0	238.80146574732044	716.4043972419615	0.0	-238.80146574732044	716.4043972419615	-716.4043972419615	0.0	0.0	0.0	8.39	238.80146574732044
542	-571.2539953985477	-571.2539953985477	809.174657463762	333.33333333333326	-1000.0	199.2153425362377	190.82534253623786	199.2153425362377	333.33333333333326	-199.2153425362377	1000.0	134.11799079709556	199.2153425362377	1000.0	0.0	-333.33333333333326	1000.0	-1000.0	0.0	0.0	0.0	8.39	333.3333333333335
543	-404.1733451617481	-404.1733451617481	541.6944602156642	266.6522301078321	-799.9566903234966	266.6522301078321	258.26223010783224	266.6522301078321	266.6522301078321	-266.6522301078321	799.9566903234966	0.0	266.6522301078321	799.9566903234966	0.0	-266.6522301078321	799.9566903234966	-799.9566903234966	0.0	0.0	0.0	8.39	266.6522301078321
544	-324.29182055077416	-324.29182055077416	435.1857607343653	213.39788036718278	-640.1936411015485	213.39788036718278	205.0078803671829	213.39788036718278	213.39788036718278	-213.39788036718278	640.1936411015485	0.0	213.39788036718278	640.1936411015485	0.0	-213.39788036718278	640.1936411015485	-640.1936411015485	0.0	0.0	0.0	8.39	213.39788036718278
545	-665.5835101815894	-665.5835101815894	993.501061089537	331.16702036317895	-1000.0	1.8910610895369473	0.0	1.8910610895369473	331.16702036317895	-1.8910610895369473	1000.0	329.27595927364206	1.8910610895369473	1000.0	6.498938910462925	-331.16702036317895	1000.0	-1000.0	6.498938910463039	-6.498938910462925	6.498938910463039	8.39	331.1670203631792
546	-487.7459026795015	-487.7459026795015	653.1245369060019	322.367268453001	-967.101805359003	322.367268453001	313.97726845300105	322.367268453001	322.367268453001	-322.367268453001	967.101805359003	0.0	322.367268453001	967.101805359003	0.0	-322.367268453001	967.101805359003	-967.101805359003	0.0	0.0	0.0	8.39	322.367268453001
547	-663.6708243194803	-663.6708243194803	994.0083153056272	333.33333333333337	-1000.0	14.381684694372666	5.991684694372755	14.381684694372666	333.33333333333337	-14.381684694372666	1000.0	318.9516486389607	14.381684694372666	1000.0	0.0	-333.33333333333337	1000.0	-1000.0	0.0	0.0	0.0	8.39	333.33333333333326
548	-666.2113474960797	-666.2113474960797	997.2680849764787	332.42269499215956	-1000.0	5.658084976478676	0.0	5.658084976478676	332.42269499215956	-5.658084976478676	1000.0	326.7646100156809	5.658084976478676	1000.0	2.7319150235211964	-332.42269499215956	1000.0	-1000.0	2.7319150235211964	-2.7319150235211964	2.73191502352131	8.39	332.4226949921597
549	-391.3613488389508	-391.3613488389508	298.94449612983635	258.1108992259673	-1000.0	258.1108992259673	475.38820154806547	258.1108992259673	258.1108992259673	-258.1108992259673	1000.0	0.0	258.1108992259673	1000.0	225.66730232209795	-258.1108992259673	1000.0	-1000.0	225.66730232209784	-225.66730232209795	225.66730232209818	8.39	258.1108992259671
550	-492.24773203196986	-492.24773203196986	659.1269760426264	325.3684880213133	-976.1054640639398	325.3684880213134	316.9784880213134	325.3684880213134	325.3684880213133	-325.3684880213134	976.1054640639398	0.0	325.3684880213134	976.1054640639398	-2.2737367544323206e-13	-325.3684880213133	976.1054640639398	-976.1054640639398	0.0	0.0	0.0	8.39	325.36848802131306
551	-402.08747996799605	-402.08747996799605	334.69826655998713	265.2616533119974	-1000.0	265.2616533119974	461.08669337600514	265.2616533119974	265.2616533119974	-265.2616533119974	1000.0	0.0	265.2616533119974	1000.0	204.21504006400778	-265.2616533119974	1000.0	-1000.0	204.21504006400755	-204.21504006400778	204.21504006400778	8.39	265.2616533119974
552	-662.4187560024782	-662.4187560024782	991.504178671623	333.33333333333337	-1000.0	16.885821328376892	8.495821328376982	16.885821328376892	333.33333333333337	-16.885821328376892	1000.0	316.4475120049565	16.885821328376892	1000.0	0.0	-333.33333333333337	1000.0	-1000.0	0.0	0.0	0.0	8.39	333.33333333333326
553	-327.12110729546225	-327.12110729546225	84.81035765154057	215.2840715303081	-1000.0	215.2840715303081	561.0418569393838	215.2840715303081	215.2840715303081	-215.2840715303081	1000.0	0.0	215.2840715303081	1000.0	354.1477854090755	-215.2840715303081	1000.0	-1000.0	354.14778540907594	-354.1477854090755	354.1477854090756	8.39	215.2840715303082
554	-430.54297538482615	-430.54297538482615	429.5499179494202	284.2319835898841	-1000.0	284.23198358988407	423.1460328202319	284.23198358988407	284.23198358988407	-284.23198358988407	1000.0	0.0	284.23198358988407	1000.0	147.3040492303478	-284.2319835898841	1000.0	-1000.0	147.30404923034803	-147.3040492303478	147.3040492303478	8.39	284.2319835898842
555	-543.7671089891028	-543.7671089891028	754.2008846448722	333.33333333333337	-1000.0	254.18911535512757	245.7991153551277	254.18911535512757	333.33333333333337	-254.18911535512757	1000.0	79.14421797820563	254.18911535512757	1000.0	0.0	-333.33333333333337	1000.0	-1000.0	0.0	0.0	0.0	8.39	333.33333333333326
556	-449.78218659440586	-449.78218659440586	493.6806219813528	297.0581243962706	-1000.0	297.0581243962706	397.4937512074589	297.0581243962706	297.0581243962706	-297.0581243962706	1000.0	0.0	297.0581243962706	1000.0	108.82562681118816	-297.0581243962706	1000.0	-1000.0	108.82562681118839	-108.82562681118816	108.82562681118833	8.39	297.0581243962706
557	-381.53620265673806	-381.53620265673806	161.394405313476	199.16099999999994	-1000.0	41.96159468652297	436.0885946865235	41.96159468652297	199.16099999999994	-41.96159468652297	1000.0	157.19940531347686	41.96159468652297	1000.0	402.51700000000017	-199.16099999999994	1000.0	-1000.0	402.51700000000005	-402.51700000000017	402.51700000000017	8.39	199.16099999999994
558	-389.98024852771925	-389.98024852771925	178.28249705543863	199.16100000000006	-1000.0	25.073502944561543	419.2005029445615	25.073502944561543	199.16100000000006	-25.073502944561543	1000.0	174.08749705543846	25.073502944561543	1000.0	402.51700000000005	-199.16100000000006	1000.0	-1000.0	402.5169999999998	-402.51700000000005	402.5169999999999	8.39	199.16099999999994
559	-572.5352395380396	-572.5352395380396	811.7371457427458	333.33333333333326	-1000.0	196.6528542572538	188.26285425725396	196.6528542572538	333.33333333333326	-196.6528542572538	1000.0	136.68047907607945	196.6528542572538	1000.0	0.0	-333.33333333333326	1000.0	-1000.0	0.0	0.0	0.0	8.39	333.3333333333335
560	-515.3997491721249	-515.3997491721249	697.4661650109164	333.33333333333326	-1000.0	310.9238349890834	302.5338349890835	310.9238349890834	333.33333333333326	-310.9238349890834	1000.0	22.40949834424991	310.9238349890834	1000.0	0.0	-333.33333333333326	1000.0	-1000.0	0.0	0.0	0.0	8.39	333.3333333333335
561	-374.45846821591476	-374.45846821591476	242.6015607197155	246.8423121439431	-1000.0	246.8423121439431	497.92537571211386	246.8423121439431	246.8423121439431	-246.8423121439431	1000.0	0.0	246.8423121439431	1000.0	259.4730635681707	-246.8423121439431	1000.0	-1000.0	259.4730635681709	-259.4730635681707	259.47306356817063	8.39	246.84231214394305
562	-464.2553092664756	-464.2553092664756	541.9243642215852	306.7068728443171	-1000.0	306.7068728443171	378.1962543113659	306.70687284431705	306.7068728443171	-306.70687284431705	1000.0	0.0	306.70687284431705	1000.0	79.87938146704869	-306.7068728443171	1000.0	-1000.0	79.87938146704892	-79.87938146704869	79.87938146704886	8.39	306.70687284431705
563	-368.6246922476607	-368.6246922476607	494.2962563302143	242.95312816510716	-728.8593844953218	242.95312816510716	234.56312816510732	242.95312816510716	242.95312816510716	-242.95312816510716	728.8593844953218	0.0	242.95312816510716	728.8593844953218	0.0	-242.95312816510716	728.8593844953218	-728.8593844953218	0.0	0.0	0.0	8.39	242.95312816510727
564	-537.2590365771476	-537.2590365771476	741.1847398209619	333.33333333333326	-1000.0	267.20526017903785	258.815260179038	267.20526017903785	333.33333333333326	-267.20526017903785	1000.0	66.12807315429542	267.20526017903785	1000.0	0.0	-333.33333333333326	1000.0	-1000.0	0.0	0.0	0.0	8.39	333.3333333333335
565	-383.9033586046117	-383.9033586046117	274.084528682039	253.13890573640776	-1000.0	253.13890573640776	485.3321885271845	253.13890573640776	253.13890573640776	-253.13890573640776	1000.0	0.0	253.13890573640776	1000.0	240.58328279077648	-253.13890573640776	1000.0	-1000.0	240.5832827907766	-240.58328279077648	240.58328279077648	8.39	253.13890573640788
566	-302.9364999999999	-302.9364999999999	270.947991680663	199.16099999999994	-733.2470083193361	199.16099999999983	326.5350083193365	199.16099999999983	199.16099999999994	-199.16099999999983	733.2470083193361	0.0	199.16099999999983	733.2470083193361	135.76400831933665	-199.16099999999994	733.2470083193361	-733.2470083193361	135.76400831933643	-135.76400831933665	135.76400831933665	8.39	199.16099999999994
567	-331.1254825824593	-331.1254825824593	60.572965164918855	199.16099999999994	-1000.0	142.78303483508068	536.910034835081	142.78303483508068	199.16099999999994	-142.78303483508068	1000.0	56.377965164919225	142.78303483508068	1000.0	402.51700000000005	-199.16099999999994	1000.0	-1000.0	402.5169999999997	-402.51700000000005	402.51700000000017	8.39	199.16099999999994
568	-417.49770424899344	-417.49770424899344	386.0656808299779	275.5351361659956	-1000.0	275.5351361659956	440.5397276680088	275.5351361659956	275.5351361659956	-275.5351361659956	1000.0	0.0	275.5351361659956	1000.0	173.394591502013	-275.5351361659956	1000.0	-1000.0	173.39459150201333	-173.394591502013	173.3945915020132	8.39	275.5351361659957
569	-406.40203106635045	-406.40203106635045	349.0801035545012	268.1380207109003	-1000.0	268.13802071090026	455.3339585781995	268.13802071090026	268.13802071090026	-268.13802071090026	1000.0	0.0	268.13802071090026	1000.0	195.5859378672992	-268.1380207109003	1000.0	-1000.0	195.58593786729944	-195.5859378672992	195.5859378672992	8.39	268.1380207109004
570	-627.387119910343	-627.387119910343	921.4409064873525	333.33333333333337	-1000.0	86.94909351264755	78.55909351264752	86.94909351264755	333.33333333333337	-86.94909351264755	1000.0	246.38423982068576	86.94909351264755	1000.0	0.0	-333.33333333333337	1000.0	-1000.0	0.0	0.0	0.0	8.39	333.3333333333335
571	-515.3419759514256	-515.3419759514256	766.7204639271383	255.57348797571274	-775.1104639271383	0.0	0.0	0.0	255.57348797571274	0.0	775.1104639271383	255.57348797571277	0.0	775.1104639271383	8.389999999999873	-255.57348797571274	775.1104639271383	-775.1104639271383	8.390000000000214	-8.389999999999873	8.389999999999986	8.39	255.57348797571285
572	-529.957395886499	-529.957395886499	726.5814584396646	333.33333333333337	-1000.0	281.8085415603357	273.41854156033565	281.8085415603357	333.33333333333337	-281.8085415603357	1000.0	51.524791772997666	281.8085415603357	1000.0	0.0	-333.33333333333337	1000.0	-1000.0	0.0	0.0	0.0	8.39	333.33333333333337
573	-467.556437965914	-467.556437965914	398.4743138977417	231.68071898295705	-1000.0	0.0	296.5678430511292	0.0	231.68071898295693	0.0	1000.0	231.68071898295693	0.0	1000.0	304.9578430511291	-231.68071898295705	1000.0	-1000.0	304.9578430511292	-304.9578430511291	304.9578430511291	8.39	231.68071898295693
574	-662.1790526732659	-662.1790526732659	982.3421580197974	328.992026336633	-1000.0	0.0	4.633920990101387	0.0	328.9920263366329	0.0	1000.0	328.9920263366329	0.0	1000.0	13.02392099010126	-328.992026336633	1000.0	-1000.0	13.02392099010133	-13.02392099010126	13.02392099010126	8.39	328.9920263366329
575	-618.6394304921687	-618.6394304921687	1000.0	381.3605695078312	-1000.0	296.5534170469874	144.08170852349372	296.5534170469874	381.3605695078312	-296.5534170469874	1000.0	84.80715246084382	296.5534170469874	1000.0	-144.08170852349372	-381.3605695078312	1000.0	-1000.0	-144.08170852349383	144.08170852349372	-144.08170852349372	8.39	381.36056950783126
576	-471.0714874097951	-471.0714874097951	409.0194622293858	233.43824370489767	-1000.0	0.0	291.2952688853071	0.0	233.43824370489767	0.0	1000.0	233.43824370489767	0.0	1000.0	299.685268885307	-233.43824370489767	1000.0	-1000.0	299.685268885307	-299.685268885307	299.6852688853071	8.39	233.43824370489756
577	-478.08055212942867	-478.08055212942867	430.0466563882859	236.9427760647144	-1000.0	0.0	280.78167180585706	0.0	236.9427760647144	0.0	1000.0	236.9427760647144	0.0	1000.0	289.17167180585693	-236.9427760647144	1000.0	-1000.0	289.17167180585676	-289.17167180585693	289.17167180585705	8.39	236.94277606471417
578	-636.9941937023624	-636.9941937023624	940.6550540713911	333.33333333333326	-1000.0	67.73494592860891	59.34494592860892	67.73494592860891	333.33333333333326	-67.73494592860891	1000.0	265.5983874047244	67.73494592860891	1000.0	0.0	-333.33333333333326	1000.0	-1000.0	2.2737367544323206e-13	0.0	0.0	8.39	333.3333333333334
579	-603.7821000890192	-603.7821000890192	905.6731501335285	301.8910500445094	-905.6731501335285	8.389999999999986	0.0	8.389999999999986	301.8910500445095	-8.389999999999986	905.6731501335285	293.5010500445095	8.389999999999986	905.6731501335285	0.0	-301.8910500445094	905.6731501335285	-905.6731501335285	4.547473508864641e-13	0.0	0.0	8.39	301.8910500445095
580	-481.58156943980174	-481.58156943980174	440.54970831940466	238.69328471990082	-1000.0	0.0	275.5301458402977	0.0	238.69328471990082	0.0	1000.0	238.69328471990082	0.0	1000.0	283.92014584029766	-238.69328471990082	1000.0	-1000.0	283.920145840298	-283.92014584029766	283.92014584029766	8.39	238.6932847199007
581	-485.0825867501746	-485.0825867501746	451.0527602505232	240.44379337508724	-1000.0	0.0	270.2786198747384	0.0	240.44379337508724	0.0	1000.0	240.44379337508724	0.0	1000.0	278.6686198747384	-240.44379337508724	1000.0	-1000.0	278.66861987473874	-278.6686198747384	278.6686198747384	8.39	240.44379337508713
582	-507.56522108050257	-507.56522108050257	518.5006632415074	251.68511054025123	-1000.0	0.0	236.55466837924632	0.0	251.68511054025123	0.0	1000.0	251.68511054025123	0.0	1000.0	244.9446683792463	-251.68511054025123	1000.0	-1000.0	244.94466837924654	-244.9446683792463	244.9446683792463	8.39	251.68511054025123
583	-359.5383651403376	-359.5383651403376	117.3987302806753	199.16100000000017	-1000.0	85.9572697193255	480.0842697193251	85.9572697193255	199.16100000000017	-85.9572697193255	1000.0	113.20373028067466	85.9572697193255	1000.0	402.5169999999997	-199.16100000000017	1000.0	-1000.0	402.5169999999997	-402.5169999999997	402.5169999999996	8.39	199.16099999999994
584	-311.26087630009897	-311.26087630009897	31.94292100032999	204.71058420006602	-1000.0	204.71058420006602	582.1888315998681	204.71058420006602	204.71058420006602	-204.71058420006602	1000.0	0.0	204.71058420006602	1000.0	385.86824739980204	-204.71058420006602	1000.0	-1000.0	385.86824739980193	-385.86824739980204	385.86824739980193	8.39	204.71058420006602
585	-573.714481610931	-573.714481610931	1000.0	379.67965440728744	-906.7882720364368	379.6796544072874	139.03896322186202	379.6796544072874	379.67965440728744	-379.6796544072874	906.7882720364368	0.0	379.6796544072874	906.7882720364368	-232.25069118542547	-379.67965440728744	906.7882720364368	-906.7882720364368	-232.25069118542547	232.25069118542547	-232.25069118542535	8.39	379.6796544072874
586	-394.1309802715854	-394.1309802715854	308.17660090528443	259.95732018105696	-1000.0	259.9573201810569	471.6953596378862	259.9573201810569	259.95732018105696	-259.9573201810569	1000.0	0.0	259.9573201810569	1000.0	220.12803945682936	-259.95732018105696	1000.0	-1000.0	220.12803945682944	-220.12803945682936	220.12803945682936	8.39	259.95732018105684
587	-558.43403870458	-558.43403870458	783.5347440758266	333.3333333333335	-1000.0	224.85525592417372	216.4652559241736	224.85525592417372	333.3333333333335	-224.85525592417372	1000.0	108.4780774091597	224.85525592417372	1000.0	-2.2737367544323206e-13	-333.3333333333335	1000.0	-1000.0	0.0	0.0	0.0	8.39	333.33333333333326
588	-561.9818308902459	-561.9818308902459	790.6303284471584	333.33333333333326	-1000.0	217.75967155284178	209.3696715528417	217.75967155284178	333.33333333333326	-217.75967155284178	1000.0	115.57366178049155	217.75967155284178	1000.0	0.0	-333.33333333333326	1000.0	-1000.0	0.0	0.0	0.0	8.39	333.3333333333335
589	-611.030644818578	-611.030644818578	888.7279563038226	333.33333333333337	-1000.0	119.66204369617762	111.2720436961775	119.66204369617762	333.33333333333337	-119.66204369617762	1000.0	213.67128963715578	119.66204369617762	1000.0	-1.1368683772161603e-13	-333.33333333333337	1000.0	-1000.0	0.0	0.0	0.0	8.39	333.3333333333333
590	-559.6142740522932	-559.6142740522932	785.895214771253	333.3333333333335	-1000.0	222.49478522874728	214.10478522874715	222.49478522874728	333.3333333333335	-222.49478522874728	1000.0	110.83854810458611	222.49478522874728	1000.0	-2.2737367544323206e-13	-333.3333333333335	1000.0	-1000.0	0.0	0.0	0.0	8.39	333.33333333333337
591	-557.2538127987117	-557.2538127987117	781.1742922640901	333.33333333333326	-1000.0	227.21570773591003	218.82570773590996	227.21570773591003	333.33333333333326	-227.21570773591003	1000.0	106.11762559742334	227.21570773591003	1000.0	0.0	-333.33333333333326	1000.0	-1000.0	0.0	0.0	0.0	8.39	333.33333333333337
592	-388.90946274720943	-388.90946274720943	290.77154249069804	256.4763084981396	-1000.0	256.4763084981396	478.6573830037208	256.4763084981396	256.4763084981396	-256.4763084981396	1000.0	0.0	256.4763084981396	1000.0	230.57107450558124	-256.4763084981396	1000.0	-1000.0	230.57107450558107	-230.57107450558124	230.57107450558118	8.39	256.47630849813964
593	-517.5446340382969	-517.5446340382969	719.5554467943225	342.2330893588645	-1000.0	342.2330893588645	307.143821282271	342.2330893588645	342.2330893588645	-342.2330893588645	1000.0	0.0	342.2330893588645	1000.0	-26.699268076593512	-342.2330893588645	1000.0	-1000.0	-26.6992680765934	26.699268076593512	-26.699268076593512	8.39	342.2330893588646
594	-302.9365	-302.9365	265.53229565980223	199.16100000000006	-738.6627043401977	199.161	331.9507043401977	199.161	199.16100000000006	-199.161	738.6627043401977	0.0	199.161	738.6627043401977	141.17970434019776	-199.16100000000006	738.6627043401977	-738.6627043401977	141.17970434019776	-141.17970434019776	141.17970434019776	8.39	199.16099999999994
595	-551.8444604163843	-551.8444604163843	833.8882013879477	365.0996402775895	-1000.0	365.0996402775895	261.4107194448209	365.0996402775895	365.0996402775895	-365.0996402775895	1000.0	0.0	365.0996402775895	1000.0	-95.29892083276854	-365.0996402775895	1000.0	-1000.0	-95.29892083276854	95.29892083276854	-95.2989208327686	8.39	365.0996402775895
596	-341.9349091153313	-341.9349091153313	458.70987882044176	225.15993941022077	-675.4798182306623	225.15993941022077	216.7699394102208	225.15993941022077	225.15993941022077	-225.15993941022077	675.4798182306623	0.0	225.15993941022077	675.4798182306623	0.0	-225.15993941022077	675.4798182306623	-675.4798182306623	0.0	0.0	0.0	8.39	225.15993941022063
597	-409.4971350483829	-409.4971350483829	548.7928467311772	270.2014233655886	-810.604270096766	270.20142336558865	261.81142336558867	270.20142336558865	270.20142336558865	-270.20142336558865	810.604270096766	0.0	270.20142336558865	810.604270096766	0.0	-270.2014233655886	810.604270096766	-810.604270096766	0.0	0.0	0.0	8.39	270.20142336558865
598	-657.5925619452046	-657.5925619452046	981.8517905570758	333.33333333333326	-1000.0	26.538209442924234	18.14820944292425	26.538209442924234	333.33333333333326	-26.538209442924234	1000.0	306.7951238904091	26.538209442924234	1000.0	0.0	-333.33333333333326	1000.0	-1000.0	0.0	0.0	0.0	8.39	333.33333333333337
599	-514.4365055891853	-514.4365055891853	1000.0	340.16100372612357	-709.1950186306178	340.16100372612357	20.483011178370703	340.16100372612357	340.16100372612357	-340.16100372612357	709.1950186306178	0.0	340.16100372612357	709.1950186306178	-311.2879925477529	-340.16100372612357	709.1950186306178	-709.1950186306178	-311.2879925477528	311.2879925477529	-311.2879925477529	8.39	340.16100372612357
600	-513.0484117461773	-513.0484117461773	1000.0	333.33333333333326	-692.763490159021	315.6265098409789	0.0	315.6265098409789	333.33333333333326	-315.6265098409789	692.763490159021	17.70682349235439	315.6265098409789	692.763490159021	-307.2365098409789	-333.33333333333326	692.763490159021	-692.763490159021	-307.23650984097867	307.2365098409789	-307.236509840979	8.39	333.33333333333337
601	-356.7118994618402	-356.7118994618402	705.0337989236801	235.01126630789338	-478.41253261578674	235.01126630789338	0.0	235.01126630789338	235.01126630789338	-235.01126630789338	478.41253261578674	0.0	235.01126630789338	478.41253261578674	-226.6212663078934	-235.01126630789338	478.41253261578674	-478.41253261578674	-226.62126630789328	226.6212663078934	-226.6212663078934	8.39	235.01126630789338
602	-302.9365	-302.9365	316.00670879848843	199.16099999999994	-688.1882912015113	199.16099999999994	281.47629120151146	199.16099999999994	199.16099999999994	-199.16099999999994	688.1882912015113	0.0	199.16099999999994	688.1882912015113	90.70529120151139	-199.16099999999994	688.1882912015113	-688.1882912015113	90.70529120151161	-90.70529120151139	90.70529120151139	8.39	199.16099999999994
603	-605.6836940267617	-605.6836940267617	1000.0	394.3163059732383	-1000.0	374.28783583942993	182.94891791971497	374.28783583942993	394.3163059732383	-374.28783583942993	1000.0	20.028470133808387	374.28783583942993	1000.0	-182.94891791971497	-394.3163059732383	1000.0	-1000.0	-182.94891791971486	182.94891791971497	-182.94891791971497	8.39	394.3163059732384
604	-655.2022261952538	-655.2022261952538	1000.0	344.79777380474616	-1000.0	77.1766428284773	34.393321414238656	77.1766428284773	344.79777380474616	-77.1766428284773	1000.0	267.62113097626894	77.1766428284773	1000.0	-34.3933214142387	-344.79777380474616	1000.0	-1000.0	-34.39332141423847	34.3933214142387	-34.393321414238656	8.39	344.7977738047462
605	-642.2167219814662	-642.2167219814662	1000.0	357.7832780185338	-1000.0	155.08966811120297	73.34983405560149	155.08966811120297	357.7832780185338	-155.08966811120297	1000.0	202.69360990733085	155.08966811120297	1000.0	-73.34983405560149	-357.7832780185338	1000.0	-1000.0	-73.34983405560138	73.34983405560149	-73.34983405560149	8.39	357.7832780185339
606	-616.9067761864765	-616.9067761864765	1000.0	383.09322381352365	-1000.0	306.9493428811419	149.27967144057095	306.9493428811419	383.09322381352365	-306.9493428811419	1000.0	76.14388093238176	306.9493428811419	1000.0	-149.27967144057092	-383.09322381352365	1000.0	-1000.0	-149.27967144057084	149.27967144057092	-149.27967144057095	8.39	383.09322381352365
607	-591.6802995321277	-591.6802995321277	1000.0	391.6568663547516	-966.6743317737585	391.6568663547517	174.9705990642551	391.6568663547517	391.6568663547516	-391.6568663547517	966.6743317737585	0.0	391.6568663547517	966.6743317737585	-208.29626729049664	-391.6568663547516	966.6743317737585	-966.6743317737585	-208.2962672904962	208.29626729049664	-208.29626729049664	8.39	391.6568663547518
608	-621.0226526324025	-621.0226526324025	1000.0	378.97734736759753	-1000.0	282.25408420558523	136.93204210279262	282.25408420558523	378.97734736759753	-282.25408420558523	1000.0	96.72326316201233	282.25408420558523	1000.0	-136.9320421027926	-378.97734736759753	1000.0	-1000.0	-136.9320421027926	136.9320421027926	-136.93204210279262	8.39	378.9773473675975
609	-646.3271098039066	-646.3271098039066	1000.0	353.6728901960935	-1000.0	130.42734117656076	61.01867058828037	130.42734117656076	353.6728901960935	-130.42734117656076	1000.0	223.2455490195327	130.42734117656076	1000.0	-61.0186705882804	-353.6728901960935	1000.0	-1000.0	-61.0186705882802	61.0186705882804	-61.01867058828037	8.39	353.6728901960934
610	-322.20250980898163	-322.20250980898163	68.41503269660552	212.00500653932113	-1000.0	212.00500653932113	567.5999869213579	212.00500653932113	212.00500653932113	-212.00500653932113	1000.0	0.0	212.00500653932113	1000.0	363.9849803820367	-212.00500653932113	1000.0	-1000.0	363.9849803820366	-363.9849803820367	363.9849803820366	8.39	212.00500653932113
611	-479.29944966252793	-479.29944966252793	718.9491744937917	239.64972483126394	-718.9491744937917	8.39	0.0	8.39	239.64972483126394	-8.39	718.9491744937917	231.2597248312639	8.39	718.9491744937917	0.0	-239.64972483126394	718.9491744937917	-718.9491744937917	0.0	0.0	0.0	8.39	239.64972483126388
612	-351.9296300028199	-351.9296300028199	167.50543334273323	231.82308666854658	-1000.0	231.82308666854658	527.9638266629069	231.82308666854658	231.82308666854658	-231.82308666854658	1000.0	0.0	231.82308666854658	1000.0	304.53073999436026	-231.82308666854658	1000.0	-1000.0	304.5307399943599	-304.53073999436026	304.53073999436003	8.39	231.82308666854658
613	-529.304565157885	-529.304565157885	758.7552171929502	350.07304343859005	-1000.0	350.07304343859005	291.4639131228199	350.07304343859005	350.07304343859005	-350.07304343859005	1000.0	0.0	350.07304343859005	1000.0	-50.21913031577013	-350.07304343859005	1000.0	-1000.0	-50.219130315770144	50.21913031577013	-50.219130315770144	8.39	350.07304343859005
614	-345.53501074938015	-345.53501074938015	463.5100143325069	227.5600071662534	-682.6800214987603	227.56000716625346	219.17000716625344	227.56000716625346	227.5600071662534	-227.56000716625346	682.6800214987603	0.0	227.56000716625346	682.6800214987603	0.0	-227.5600071662534	682.6800214987603	-682.6800214987603	0.0	0.0	0.0	8.39	227.5600071662535
615	-583.9808383671508	-583.9808383671508	834.6283434009684	333.33333333333326	-1000.0	173.76165659903148	165.37165659903152	173.76165659903148	333.33333333333326	-173.76165659903148	1000.0	159.57167673430186	173.76165659903148	1000.0	0.0	-333.33333333333326	1000.0	-1000.0	0.0	0.0	0.0	8.39	333.33333333333337
616	-650.021536821569	-650.021536821569	966.7097403098049	333.33333333333337	-1000.0	41.68025969019513	33.29025969019512	41.68025969019513	333.33333333333337	-41.68025969019513	1000.0	291.6530736431382	41.68025969019513	1000.0	0.0	-333.33333333333337	1000.0	-1000.0	0.0	0.0	0.0	8.39	333.33333333333326
617	-585.1105526023933	-585.1105526023933	836.8877718714535	333.33333333333326	-1000.0	171.5022281285465	163.1122281285465	171.5022281285465	333.33333333333326	-171.5022281285465	1000.0	161.83110520478684	171.5022281285465	1000.0	0.0	-333.33333333333326	1000.0	-1000.0	0.0	0.0	0.0	8.39	333.3333333333334
618	-594.543760458851	-594.543760458851	855.7541875843685	333.33333333333337	-1000.0	152.6358124156315	144.24581241563152	152.6358124156315	333.33333333333337	-152.6358124156315	1000.0	180.6975209177018	152.6358124156315	1000.0	0.0	-333.33333333333337	1000.0	-1000.0	0.0	0.0	0.0	8.39	333.33333333333326
619	-564.4406952134548	-564.4406952134548	795.5480570935761	333.33333333333337	-1000.0	212.8419429064238	204.45194290642385	212.8419429064238	333.33333333333337	-212.8419429064238	1000.0	120.49139042690953	212.8419429064238	1000.0	0.0	-333.33333333333337	1000.0	-1000.0	0.0	0.0	0.0	8.39	333.33333333333337
620	-661.1465047735959	-661.1465047735959	988.9596762138585	333.33333333333326	-1000.0	19.430323786141344	11.040323786141395	19.430323786141344	333.33333333333326	-19.430323786141344	1000.0	313.90300954719197	19.430323786141344	1000.0	0.0	-333.33333333333326	1000.0	-1000.0	0.0	0.0	0.0	8.39	333.3333333333336
621	-316.0717819669225	-316.0717819669225	424.22570928922994	207.91785464461498	-623.7535639338449	207.91785464461498	199.527854644615	207.91785464461498	207.91785464461498	-207.91785464461498	623.7535639338449	0.0	207.91785464461498	623.7535639338449	0.0	-207.91785464461498	623.7535639338449	-623.7535639338449	0.0	0.0	0.0	8.39	207.91785464461498
622	-621.6684295344462	-621.6684295344462	910.0035257355589	333.33333333333337	-1000.0	98.38647426444095	89.996474264441	98.38647426444095	333.33333333333337	-98.38647426444095	1000.0	234.9468590688924	98.38647426444095	1000.0	0.0	-333.33333333333337	1000.0	-1000.0	0.0	0.0	0.0	8.39	333.33333333333337
623	-318.0820409054751	-318.0820409054751	426.9060545406335	209.2580272703167	-627.7740818109502	209.2580272703167	200.86802727031673	209.2580272703167	209.2580272703167	-209.2580272703167	627.7740818109502	0.0	209.2580272703167	627.7740818109502	0.0	-209.2580272703167	627.7740818109502	-627.7740818109502	0.0	0.0	0.0	8.39	209.2580272703168
624	-377.2837522210734	-377.2837522210734	505.84166962809786	248.725834814049	-746.177504442147	248.725834814049	240.33583481404904	248.725834814049	248.725834814049	-248.725834814049	746.177504442147	0.0	248.725834814049	746.177504442147	0.0	-248.725834814049	746.177504442147	-746.177504442147	0.0	0.0	0.0	8.39	248.7258348140491
625	-530.6902694731425	-530.6902694731425	763.3742315771419	350.99684631542834	-1000.0	350.99684631542834	289.6163073691433	350.99684631542834	350.99684631542834	-350.99684631542834	1000.0	0.0	350.99684631542834	1000.0	-52.99053894628503	-350.99684631542834	1000.0	-1000.0	-52.99053894628514	52.99053894628503	-52.990538946285255	8.39	350.99684631542846
626	-472.96085355774	-472.96085355774	937.5317071154802	312.5105690384934	-633.4111380769867	312.5105690384934	0.0	312.5105690384934	312.5105690384934	-312.5105690384934	633.4111380769867	0.0	312.5105690384934	633.4111380769867	-304.1205690384934	-312.5105690384934	633.4111380769867	-633.4111380769867	-304.1205690384937	304.1205690384934	-304.1205690384935	8.39	312.5105690384934
627	-302.93649999999997	-302.93649999999997	359.5762280911816	199.16099999999994	-644.6187719088182	199.16099999999994	237.90677190881834	199.16099999999994	199.16099999999994	-199.16099999999994	644.6187719088182	0.0	199.16099999999994	644.6187719088182	47.135771908818356	-199.16099999999994	644.6187719088182	-644.6187719088182	47.13577190881847	-47.135771908818356	47.13577190881824	8.39	199.16099999999994
628	-666.002745997592	-666.002745997592	1000.0	333.997254002408	-1000.0	12.373524014448162	1.9917620072241107	12.373524014448162	333.997254002408	-12.373524014448162	1000.0	321.62372998795985	12.373524014448162	1000.0	-1.9917620072240503	-333.997254002408	1000.0	-1000.0	-1.991762007223997	1.9917620072240503	-1.9917620072241107	8.39	333.997254002408
629	-488.4458667798688	-488.4458667798688	461.14260033960625	242.12543338993441	-1000.0	0.0	265.2336998301969	0.0	242.12543338993453	0.0	1000.0	242.12543338993453	0.0	1000.0	273.62369983019687	-242.12543338993441	1000.0	-1000.0	273.62369983019704	-273.62369983019687	273.62369983019687	8.39	242.12543338993407
630	-504.3042684453159	-504.3042684453159	508.71780533594745	250.0546342226579	-1000.0	0.0	241.44609733202628	0.0	250.0546342226579	0.0	1000.0	250.0546342226579	0.0	1000.0	249.83609733202627	-250.0546342226579	1000.0	-1000.0	249.83609733202638	-249.83609733202627	249.83609733202627	8.39	250.05463422265788
631	-397.6598486065259	-397.6598486065259	193.64169721305188	199.16100000000006	-1000.0	9.714302786948457	403.8413027869483	9.714302786948457	199.16100000000006	-9.714302786948457	1000.0	189.4466972130516	9.714302786948457	1000.0	402.5169999999998	-199.16100000000006	1000.0	-1000.0	402.5169999999998	-402.5169999999998	402.5169999999998	8.39	199.16099999999994
632	-310.21794768543185	-310.21794768543185	18.757895370863594	199.16099999999994	-1000.0	184.5981046291361	578.7251046291362	184.5981046291361	199.16099999999994	-184.5981046291361	1000.0	14.562895370863885	184.5981046291361	1000.0	402.51700000000017	-199.16099999999994	1000.0	-1000.0	402.51700000000005	-402.51700000000017	402.51700000000017	8.39	199.16099999999994
633	-402.51699999999994	-402.51699999999994	351.8174606468408	199.16099999999994	-851.5385393531589	0.0	245.66553935315903	0.0	199.16099999999994	0.0	851.5385393531589	199.16099999999994	0.0	851.5385393531589	254.05553935315902	-199.16099999999994	851.5385393531589	-851.5385393531589	254.05553935315902	-254.05553935315902	254.05553935315902	8.39	199.16099999999994
634	-364.9580837345726	-364.9580837345726	128.23816746914508	199.16100000000017	-1000.0	75.11783253085548	469.2448325308552	75.11783253085548	199.16100000000017	-75.11783253085548	1000.0	124.04316746914468	75.11783253085548	1000.0	402.5169999999997	-199.16100000000017	1000.0	-1000.0	402.51699999999994	-402.5169999999997	402.5169999999997	8.39	199.16099999999994
635	-536.3272929916716	-536.3272929916716	804.4909394875074	268.1636464958359	-804.4909394875073	8.3900000000001	0.0	8.3900000000001	268.1636464958359	-8.3900000000001	804.4909394875073	259.77364649583564	8.3900000000001	804.4909394875073	0.0	-268.1636464958359	804.4909394875073	-804.4909394875073	0.0	0.0	0.0	8.39	268.16364649583574
636	-497.57954152983007	-497.57954152983007	746.3693122947451	248.78977076491503	-746.369312294745	8.389999999999986	0.0	8.389999999999986	248.78977076491503	-8.389999999999986	746.369312294745	240.39977076491505	8.389999999999986	746.369312294745	0.0	-248.78977076491503	746.369312294745	-746.369312294745	0.0	0.0	0.0	8.39	248.78977076491503
637	-544.0414940273447	-544.0414940273447	816.0622410410168	272.02074701367235	-816.0622410410167	8.3900000000001	0.0	8.3900000000001	272.02074701367235	-8.3900000000001	816.0622410410167	263.63074701367213	8.3900000000001	816.0622410410167	0.0	-272.02074701367235	816.0622410410167	-816.0622410410167	0.0	0.0	0.0	8.39	272.02074701367223
638	-454.5146374973707	-454.5146374973707	681.771956246056	227.2573187486854	-681.771956246056	8.3900000000001	0.0	8.3900000000001	227.2573187486854	-8.3900000000001	681.771956246056	218.8673187486853	8.3900000000001	681.771956246056	0.0	-227.2573187486854	681.771956246056	-681.771956246056	0.0	0.0	0.0	8.39	227.2573187486853
639	-590.5052180791918	-590.5052180791918	847.6771028250503	333.33333333333337	-1000.0	160.71289717494992	152.32289717494987	160.71289717494992	333.33333333333337	-160.71289717494992	1000.0	172.62043615838343	160.71289717494992	1000.0	0.0	-333.33333333333337	1000.0	-1000.0	0.0	0.0	0.0	8.39	333.33333333333337
640	-660.0424228557074	-660.0424228557074	986.7515123780811	333.33333333333337	-1000.0	21.6384876219189	13.248487621918903	21.6384876219189	333.33333333333337	-21.6384876219189	1000.0	311.6948457114144	21.6384876219189	1000.0	0.0	-333.33333333333337	1000.0	-1000.0	0.0	0.0	0.0	8.39	333.33333333333337
641	-589.1731956456504	-589.1731956456504	845.0130579579672	333.33333333333337	-1000.0	163.37694204203277	154.98694204203272	163.37694204203277	333.33333333333337	-163.37694204203277	1000.0	169.95639129130058	163.37694204203277	1000.0	0.0	-333.33333333333337	1000.0	-1000.0	0.0	0.0	0.0	8.39	333.3333333333333
642	-592.832867163387	-592.832867163387	774.3036014901605	294.3189335816935	-1000.0	0.0	108.65319925491974	0.0	294.3189335816935	0.0	1000.0	294.31893358169344	0.0	1000.0	117.04319925491974	-294.3189335816935	1000.0	-1000.0	117.04319925492018	-117.04319925491974	117.04319925491977	8.39	294.31893358169333
643	-441.3724547679284	-441.3724547679284	655.7661821518924	218.58872738396417	-664.1561821518924	0.0	0.0	0.0	218.58872738396417	0.0	664.1561821518924	218.58872738396414	0.0	664.1561821518924	8.39	-218.58872738396417	664.1561821518924	-664.1561821518924	8.390000000000327	-8.39	8.389999999999986	8.39	218.58872738396406
644	-554.0409856609261	-554.0409856609261	774.7486379885189	333.33333333333326	-1000.0	233.64136201148114	225.25136201148112	233.64136201148114	333.33333333333326	-233.64136201148114	1000.0	99.69197132185221	233.64136201148114	1000.0	0.0	-333.33333333333326	1000.0	-1000.0	0.0	0.0	-1.1368683772161603e-13	8.39	333.33333333333337
645	-607.8160958734302	-607.8160958734302	819.25328762029	301.810547936715	-1000.0	0.0	86.17835618985498	0.0	301.810547936715	0.0	1000.0	301.810547936715	0.0	1000.0	94.56835618985498	-301.810547936715	1000.0	-1000.0	94.56835618985542	-94.56835618985498	94.5683561898549	8.39	301.810547936715
646	-493.4190148992157	-493.4190148992157	733.8360223488235	244.61200744960786	-742.2260223488234	0.0	0.0	0.0	244.61200744960786	0.0	742.2260223488234	244.61200744960783	0.0	742.2260223488234	8.39	-244.61200744960786	742.2260223488234	-742.2260223488234	8.3900000000001	-8.39	8.389999999999986	8.39	244.61200744960775
647	-646.1711513615528	-646.1711513615528	959.0089693897721	333.33333333333337	-1000.0	49.381030610227825	40.991030610227824	49.381030610227825	333.33333333333337	-49.381030610227825	1000.0	283.9523027231055	49.381030610227825	1000.0	0.0	-333.33333333333337	1000.0	-1000.0	0.0	0.0	0.0	8.39	333.33333333333337
648	-640.9624734048848	-640.9624734048848	948.5916134764361	333.33333333333337	-1000.0	59.798386523563934	51.408386523563934	59.798386523563934	333.33333333333337	-59.798386523563934	1000.0	273.5349468097694	59.798386523563934	1000.0	0.0	-333.33333333333337	1000.0	-1000.0	0.0	0.0	0.0	8.39	333.33333333333326
649	-443.9715289663957	-443.9715289663957	659.6647934495935	219.88826448319787	-668.0547934495935	0.0	0.0	0.0	219.88826448319787	0.0	668.0547934495935	219.88826448319784	0.0	668.0547934495935	8.39	-219.88826448319787	668.0547934495935	-668.0547934495935	8.389999999999873	-8.39	8.389999999999986	8.39	219.88826448319776
650	-313.7879395911332	-313.7879395911332	25.897879182265797	199.16099999999994	-1000.0	177.45812081773352	571.5851208177339	177.45812081773352	199.16099999999994	-177.45812081773352	1000.0	21.702879182266315	177.45812081773352	1000.0	402.51700000000017	-199.16099999999994	1000.0	-1000.0	402.51700000000005	-402.51700000000017	402.51700000000017	8.39	199.16099999999994
651	-647.4764974335521	-647.4764974335521	961.6196615337709	333.33333333333337	-1000.0	46.770338466229305	38.380338466229205	46.770338466229305	333.33333333333337	-46.770338466229305	1000.0	286.56299486710407	46.770338466229305	1000.0	0.0	-333.33333333333337	1000.0	-1000.0	0.0	0.0	0.0	8.39	333.33333333333337
652	-644.8657948467433	-644.8657948467433	956.3982563601531	333.3333333333335	-1000.0	51.99174363984706	43.60174363984697	51.99174363984706	333.33333333333337	-51.99174363984706	1000.0	281.3415896934863	51.99174363984706	1000.0	0.0	-333.3333333333335	1000.0	-1000.0	0.0	0.0	0.0	8.39	333.33333333333337
653	-434.6796202147042	-434.6796202147042	645.7269303220562	215.24231010735207	-654.1169303220562	0.0	0.0	0.0	215.24231010735207	0.0	654.1169303220562	215.24231010735207	0.0	654.1169303220562	8.39	-215.24231010735207	654.1169303220562	-654.1169303220562	8.3900000000001	-8.39	8.389999999999986	8.39	215.24231010735207
654	-469.84153950514684	-469.84153950514684	704.7623092577201	234.9207697525734	-704.7623092577201	8.39	0.0	8.39	234.9207697525734	-8.39	704.7623092577201	226.53076975257338	8.39	704.7623092577201	0.0	-234.9207697525734	704.7623092577201	-704.7623092577201	0.0	0.0	0.0	8.39	234.92076975257328
655	-642.2662805954474	-642.2662805954474	951.1992278575614	333.33333333333326	-1000.0	57.19077214243864	48.80077214243864	57.19077214243864	333.33333333333326	-57.19077214243864	1000.0	276.1425611908947	57.19077214243864	1000.0	0.0	-333.33333333333326	1000.0	-1000.0	0.0	0.0	0.0	8.39	333.3333333333335
656	-556.0135172169446	-556.0135172169446	1000.0	333.33333333333337	-778.6937011005557	229.69629889944434	0.0	229.69629889944434	333.33333333333337	-229.69629889944434	778.6937011005557	103.63703443388897	229.69629889944434	778.6937011005557	-221.30629889944433	-333.33333333333337	778.6937011005557	-778.6937011005557	-221.3062988994443	221.30629889944433	-221.30629889944436	8.39	333.3333333333334
657	-639.517631478779	-639.517631478779	959.2764472181683	319.75881573938943	-959.2764472181683	8.39	0.0	8.39	319.75881573938943	-8.39	959.2764472181683	311.36881573938945	8.39	959.2764472181683	0.0	-319.75881573938943	959.2764472181683	-959.2764472181683	0.0	0.0	0.0	8.39	319.75881573938943
658	-629.3350722432821	-629.3350722432821	944.0026083649228	314.66753612164086	-944.0026083649228	8.39	0.0	8.39	314.66753612164086	-8.39	944.0026083649228	306.277536121641	8.39	944.0026083649228	0.0	-314.66753612164086	944.0026083649228	-944.0026083649228	0.0	0.0	0.0	8.39	314.667536121641
659	-316.3056027759703	-316.3056027759703	48.758675919901634	208.07373518398026	-1000.0	208.07373518398032	575.4625296320394	208.07373518398032	208.07373518398026	-208.07373518398032	1000.0	0.0	208.07373518398032	1000.0	375.77879444805905	-208.07373518398026	1000.0	-1000.0	375.77879444805876	-375.77879444805905	375.778794448059	8.39	208.07373518398026
660	-346.83525809193725	-346.83525809193725	150.5241936397913	228.42683872795828	-1000.0	228.42683872795828	534.7563225440834	228.42683872795828	228.42683872795828	-228.42683872795828	1000.0	0.0	228.42683872795828	1000.0	314.71948381612503	-228.42683872795828	1000.0	-1000.0	314.7194838161249	-314.71948381612503	314.71948381612526	8.39	228.42683872795828
661	-561.4861425588806	-561.4861425588806	866.027141862935	371.527428372587	-1000.0	371.527428372587	248.55514325482605	371.527428372587	371.527428372587	-371.527428372587	1000.0	0.0	371.527428372587	1000.0	-114.58228511776092	-371.527428372587	1000.0	-1000.0	-114.58228511776088	114.58228511776092	-114.58228511776096	8.39	371.527428372587
662	-643.5630542559256	-643.5630542559256	953.7927751785177	333.33333333333337	-1000.0	54.597224821482314	46.20722482148231	54.597224821482314	333.33333333333337	-54.597224821482314	1000.0	278.736108511851	54.597224821482314	1000.0	0.0	-333.33333333333337	1000.0	-1000.0	0.0	0.0	0.0	8.39	333.3333333333332
663	-443.0374891501888	-443.0374891501888	877.6849783003777	292.5616594334592	-593.5133188669184	292.5616594334592	0.0	292.5616594334592	292.5616594334592	-292.5616594334592	593.5133188669184	0.0	292.5616594334592	593.5133188669184	-284.17165943345924	-292.5616594334592	593.5133188669184	-593.5133188669184	-284.17165943345935	284.17165943345924	-284.17165943345924	8.39	292.5616594334592
664	-618.3717762739393	-618.3717762739393	1000.0	333.3333333333335	-903.410219214545	104.97978078545498	0.0	104.97978078545498	333.3333333333335	-104.97978078545498	903.410219214545	228.3535525478785	104.97978078545498	903.410219214545	-96.58978078545499	-333.3333333333335	903.410219214545	-903.410219214545	-96.58978078545488	96.58978078545499	-96.58978078545495	8.39	333.33333333333303
665	-302.93649999999997	-302.93649999999997	219.8325857692573	199.16099999999994	-784.3624142307424	199.16099999999994	377.65041423074246	199.16099999999997	199.16099999999994	-199.16099999999997	784.3624142307424	0.0	199.16099999999997	784.3624142307424	186.87941423074255	-199.16099999999994	784.3624142307424	-784.3624142307424	186.87941423074267	-186.87941423074255	186.8794142307426	8.39	199.16099999999994
666	-515.507870661575	-515.507870661575	712.7662355385831	340.8752471077166	-1000.0	340.87524710771663	309.85950578456675	340.87524710771663	340.87524710771663	-340.87524710771663	1000.0	0.0	340.87524710771663	1000.0	-22.625741323149896	-340.8752471077166	1000.0	-1000.0	-22.62574132314967	22.625741323149896	-22.625741323149896	8.39	340.8752471077165
667	-607.168208953968	-607.168208953968	881.0030845746026	333.33333333333337	-1000.0	127.38691542539743	118.99691542539745	127.38691542539743	333.33333333333337	-127.38691542539743	1000.0	205.94641790793594	127.38691542539743	1000.0	0.0	-333.33333333333337	1000.0	-1000.0	0.0	0.0	0.0	8.39	333.33333333333326
668	-599.5044414278119	-599.5044414278119	865.6755495222903	333.33333333333326	-1000.0	142.71445047770953	134.3244504777096	142.71445047770953	333.33333333333326	-142.71445047770953	1000.0	190.61888285562378	142.71445047770953	1000.0	0.0	-333.33333333333326	1000.0	-1000.0	0.0	0.0	0.0	8.39	333.33333333333326
669	-467.0506150979728	-467.0506150979728	551.242050326576	308.5704100653152	-1000.0	308.5704100653152	374.4691798693696	308.5704100653152	308.5704100653152	-308.5704100653152	1000.0	0.0	308.5704100653152	1000.0	74.28876980405437	-308.5704100653152	1000.0	-1000.0	74.28876980405448	-74.28876980405437	74.28876980405448	8.39	308.5704100653153
670	-590.2075463151941	-590.2075463151941	885.3113194727913	295.10377315759706	-885.3113194727913	8.389999999999986	0.0	8.389999999999986	295.10377315759706	-8.389999999999986	885.3113194727913	286.71377315759713	8.389999999999986	885.3113194727913	0.0	-295.10377315759706	885.3113194727913	-885.3113194727913	0.0	0.0	0.0	8.39	295.1037731575972
671	-302.9365	-302.9365	226.28558037188466	199.16100000000006	-777.9094196281154	199.16100000000006	371.1974196281154	199.16100000000006	199.16100000000006	-199.16100000000006	777.9094196281154	0.0	199.16100000000006	777.9094196281154	180.42641962811535	-199.16100000000006	777.9094196281154	-777.9094196281154	180.42641962811535	-180.42641962811535	180.42641962811535	8.39	199.16099999999994
672	-379.10286313717864	-379.10286313717864	559.0447262743572	199.16100000000006	-597.483	46.8282737256427	38.438273725642716	46.8282737256427	199.16100000000006	-46.8282737256427	597.483	152.33272627435736	46.8282737256427	597.483	0.0	-199.16100000000006	597.483	-597.483	0.0	0.0	0.0	8.39	199.16099999999994
673	-351.2311774076046	-351.2311774076046	471.10490321013924	231.35745160506963	-694.0723548152092	231.35745160506963	222.96745160506998	231.35745160506963	231.35745160506963	-231.35745160506963	694.0723548152092	0.0	231.35745160506963	694.0723548152092	0.0	-231.35745160506963	694.0723548152092	-694.0723548152092	0.0	0.0	0.0	8.39	231.35745160506974
674	-541.9420992986638	-541.9420992986638	800.8803309955459	358.4980661991092	-1000.0	358.4980661991092	274.61386760178164	358.4980661991092	358.4980661991092	-358.4980661991092	1000.0	0.0	358.4980661991092	1000.0	-75.49419859732757	-358.4980661991092	1000.0	-1000.0	-75.49419859732734	75.49419859732757	-75.49419859732757	8.39	358.49806619910925
675	-485.7915945356001	-485.7915945356001	650.5187927141335	321.0643963570667	-963.1931890712	321.0643963570667	312.6743963570666	321.0643963570667	321.0643963570667	-321.0643963570667	963.1931890712	0.0	321.0643963570667	963.1931890712	0.0	-321.0643963570667	963.1931890712	-963.1931890712	0.0	0.0	0.0	8.39	321.0643963570667
676	-543.8498773153356	-543.8498773153356	807.2395910511187	359.76991821022375	-1000.0	359.76991821022375	272.0701635795525	359.76991821022375	359.76991821022375	-359.76991821022375	1000.0	0.0	359.76991821022375	1000.0	-79.30975463067125	-359.76991821022375	1000.0	-1000.0	-79.30975463067125	79.30975463067125	-79.30975463067125	8.39	359.76991821022386
677	-549.2261552060647	-549.2261552060647	765.1189770787961	333.33333333333337	-1000.0	243.2710229212039	234.88102292120394	243.2710229212039	333.33333333333337	-243.2710229212039	1000.0	90.06231041212945	243.2710229212039	1000.0	0.0	-333.33333333333337	1000.0	-1000.0	0.0	0.0	0.0	8.39	333.33333333333326
678	-539.4328309801842	-539.4328309801842	745.5323286270352	333.33333333333337	-1000.0	262.8576713729648	254.4676713729648	262.8576713729648	333.33333333333337	-262.8576713729648	1000.0	70.47566196036857	262.8576713729648	1000.0	0.0	-333.33333333333337	1000.0	-1000.0	0.0	0.0	0.0	8.39	333.33333333333326
679	-386.62021117400445	-386.62021117400445	518.2902815653392	254.95014078266968	-764.850422348009	254.95014078266968	246.5601407826697	254.95014078266968	254.95014078266968	-254.95014078266968	764.850422348009	0.0	254.95014078266968	764.850422348009	0.0	-254.95014078266968	764.850422348009	-764.850422348009	0.0	0.0	0.0	8.39	254.95014078266973
680	-435.64332226753703	-435.64332226753703	583.6544296900494	287.6322148450247	-862.8966445350742	287.6322148450247	279.24221484502476	287.6322148450247	287.6322148450247	-287.6322148450247	862.8966445350742	0.0	287.6322148450247	862.8966445350742	0.0	-287.6322148450247	862.8966445350742	-862.8966445350742	0.0	0.0	0.0	8.39	287.6322148450247
681	-408.47565548930504	-408.47565548930504	547.4308739857399	269.52043699287003	-808.56131097861	269.52043699287003	261.13043699287005	269.52043699287003	269.52043699287003	-269.52043699287003	808.56131097861	0.0	269.52043699287003	808.56131097861	0.0	-269.52043699287003	808.56131097861	-808.56131097861	0.0	0.0	0.0	8.39	269.52043699287003
682	-531.075229354173	-531.075229354173	728.8171253750124	333.33333333333337	-1000.0	279.57287462498743	271.1828746249875	279.57287462498743	333.33333333333337	-279.57287462498743	1000.0	53.760458708345894	279.57287462498743	1000.0	0.0	-333.33333333333337	1000.0	-1000.0	0.0	0.0	0.0	8.39	333.33333333333337
683	-581.66067674256	-581.66067674256	829.9880201517867	333.33333333333326	-1000.0	178.40197984821316	170.0119798482132	178.40197984821316	333.33333333333326	-178.40197984821316	1000.0	154.93135348512013	178.40197984821316	1000.0	0.0	-333.33333333333326	1000.0	-1000.0	0.0	0.0	0.0	8.39	333.3333333333336
684	-437.491607540107	-437.491607540107	586.118810053476	288.86440502673804	-866.5932150802141	288.86440502673804	280.4744050267381	288.86440502673804	288.86440502673804	-288.86440502673804	866.5932150802141	0.0	288.86440502673804	866.5932150802141	0.0	-288.86440502673804	866.5932150802141	-866.5932150802141	0.0	0.0	0.0	8.39	288.86440502673804
685	-369.7283520943307	-369.7283520943307	226.83450698110232	243.68890139622044	-1000.0	243.68890139622044	504.23219720755907	243.68890139622044	243.68890139622044	-243.68890139622044	1000.0	0.0	243.68890139622044	1000.0	268.9332958113386	-243.68890139622044	1000.0	-1000.0	268.9332958113386	-268.9332958113386	268.9332958113386	8.39	243.68890139622067
686	-475.56694734819547	-475.56694734819547	579.6298244939852	314.247964898797	-1000.0	314.247964898797	363.1140702024059	314.247964898797	314.247964898797	-314.247964898797	1000.0	0.0	314.247964898797	1000.0	57.25610530360882	-314.247964898797	1000.0	-1000.0	57.25610530360882	-57.25610530360882	57.25610530360893	8.39	314.24796489879725
687	-517.5455098459645	-517.5455098459645	701.7576863585955	333.33333333333337	-1000.0	306.6323136414046	298.24231364140456	306.6323136414046	333.33333333333337	-306.6323136414046	1000.0	26.701019691928742	306.6323136414046	1000.0	0.0	-333.33333333333337	1000.0	-1000.0	0.0	0.0	0.0	8.39	333.33333333333337
688	-479.8233728888083	-479.8233728888083	642.5611638517444	317.08558192587225	-951.2567457776167	317.08558192587225	308.6955819258723	317.08558192587225	317.08558192587225	-317.08558192587225	951.2567457776167	0.0	317.08558192587225	951.2567457776167	0.0	-317.08558192587225	951.2567457776167	-951.2567457776167	0.0	0.0	0.0	8.39	317.08558192587225
689	-509.7427897848773	-509.7427897848773	693.5492992829245	337.0318598565849	-1000.0	337.0318598565849	317.5462802868302	337.0318598565849	337.0318598565849	-337.0318598565849	1000.0	0.0	337.0318598565849	1000.0	-11.095579569754705	-337.0318598565849	1000.0	-1000.0	-11.095579569754932	11.095579569754705	-11.095579569754705	8.39	337.0318598565849
690	-472.48534280243985	-472.48534280243985	569.3578093414659	312.19356186829316	-1000.0	312.19356186829305	367.2228762634136	312.19356186829305	312.19356186829316	-312.19356186829305	1000.0	0.0	312.19356186829305	1000.0	63.41931439512052	-312.19356186829316	1000.0	-1000.0	63.41931439512071	-63.41931439512052	63.41931439512052	8.39	312.1935618682933
691	-395.25440117684275	-395.25440117684275	529.802534902457	260.70626745122854	-782.1188023536856	260.70626745122854	252.31626745122858	260.70626745122854	260.70626745122854	-260.70626745122854	782.1188023536856	0.0	260.70626745122854	782.1188023536856	0.0	-260.70626745122854	782.1188023536856	-782.1188023536856	0.0	0.0	0.0	8.39	260.70626745122865
692	-519.5817634343596	-519.5817634343596	705.8301935353859	333.33333333333326	-1000.0	302.559806464614	294.16980646461406	302.559806464614	333.33333333333326	-302.559806464614	1000.0	30.77352686871932	302.559806464614	1000.0	0.0	-333.33333333333326	1000.0	-1000.0	0.0	0.0	0.0	8.39	333.3333333333335
693	-453.40953115636967	-453.40953115636967	607.3427082084929	299.4763541042464	-898.4290623127392	299.4763541042464	291.08635410424637	299.4763541042464	299.4763541042464	-299.4763541042464	898.4290623127392	0.0	299.4763541042464	898.4290623127392	0.0	-299.4763541042464	898.4290623127392	-898.4290623127392	0.0	0.0	0.0	8.39	299.4763541042464
694	-527.2881426154493	-527.2881426154493	721.242951897565	333.33333333333337	-1000.0	287.14704810243484	278.7570481024349	287.14704810243484	333.33333333333337	-287.14704810243484	1000.0	46.18628523089849	287.14704810243484	1000.0	0.0	-333.33333333333337	1000.0	-1000.0	0.0	0.0	0.0	8.39	333.33333333333337
695	-518.5646639310758	-518.5646639310758	703.795994528818	333.33333333333337	-1000.0	304.59400547118196	296.204005471182	304.59400547118196	333.33333333333337	-304.59400547118196	1000.0	28.7393278621514	304.59400547118196	1000.0	0.0	-333.33333333333337	1000.0	-1000.0	0.0	0.0	0.0	8.39	333.33333333333337
696	-418.07133398533523	-418.07133398533523	560.225111980447	275.9175559902235	-827.7526679706706	275.9175559902235	267.52755599022356	275.9175559902235	275.9175559902235	-275.9175559902235	827.7526679706706	0.0	275.9175559902235	827.7526679706706	0.0	-275.9175559902235	827.7526679706706	-827.7526679706706	0.0	0.0	0.0	8.39	275.9175559902235
697	-513.5208864020461	-513.5208864020461	706.1429546734871	339.5505909346974	-1000.0	339.5505909346974	312.50881813060516	339.5505909346974	339.5505909346974	-339.5505909346974	1000.0	0.0	339.5505909346974	1000.0	-18.651772804092275	-339.5505909346974	1000.0	-1000.0	-18.65177280409239	18.651772804092275	-18.651772804092275	8.39	339.55059093469725
698	-314.15829147759786	-314.15829147759786	421.6743886367972	206.64219431839854	-619.9265829551956	206.64219431839842	198.25219431839844	206.64219431839842	206.64219431839854	-206.64219431839842	619.9265829551956	0.0	206.64219431839842	619.9265829551956	0.0	-206.64219431839854	619.9265829551956	-619.9265829551956	0.0	0.0	0.0	8.39	206.64219431839854
699	-481.6584462099181	-481.6584462099181	645.0079282798908	318.3089641399453	-954.926892419836	318.3089641399454	309.9189641399453	318.3089641399454	318.3089641399454	-318.3089641399454	954.926892419836	0.0	318.3089641399454	954.926892419836	0.0	-318.3089641399453	954.926892419836	-954.926892419836	0.0	0.0	0.0	8.39	318.3089641399454
700	-530.3708815654156	-530.3708815654156	1000.0	350.78392104361035	-762.309605218052	350.78392104361035	52.35176313083118	350.78392104361035	350.78392104361035	-350.78392104361035	762.309605218052	0.0	350.78392104361035	762.309605218052	-290.0421579127792	-350.78392104361035	762.309605218052	-762.309605218052	-290.0421579127792	290.0421579127792	-290.0421579127792	8.39	350.78392104361046
701	-419.8830585504299	-419.8830585504299	831.3761171008599	277.12537236695334	-562.6407447339066	277.12537236695334	0.0	277.12537236695334	277.12537236695334	-277.12537236695334	562.6407447339066	0.0	277.12537236695334	562.6407447339066	-268.73537236695336	-277.12537236695334	562.6407447339066	-562.6407447339066	-268.7353723669536	268.73537236695336	-268.73537236695336	8.39	277.1253723669533
702	-565.6866678824767	-565.6866678824767	1000.0	333.33333333333337	-798.0400024316202	210.34999756837976	0.0	210.34999756837976	333.33333333333337	-210.34999756837976	798.0400024316202	122.98333576495357	210.34999756837976	798.0400024316202	-201.95999756837978	-333.33333333333337	798.0400024316202	-798.0400024316202	-201.95999756838	201.95999756837978	-201.95999756837978	8.39	333.33333333333337
703	-568.6727987162159	-568.6727987162159	1000.0	333.33333333333326	-804.0122640990985	204.37773590090137	0.0	204.37773590090137	333.33333333333326	-204.37773590090137	804.0122640990985	128.95559743243183	204.37773590090137	804.0122640990985	-195.98773590090138	-333.33333333333326	804.0122640990985	-804.0122640990985	-195.9877359009015	195.98773590090138	-195.9877359009015	8.39	333.3333333333335
704	-302.9365	-302.9365	34.94732963312225	199.16100000000006	-969.2476703668775	199.16100000000006	562.5356703668775	199.161	199.16100000000006	-199.161	969.2476703668775	0.0	199.161	969.2476703668775	371.76467036687745	-199.16100000000006	969.2476703668775	-969.2476703668775	371.7646703668777	-371.76467036687745	371.7646703668777	8.39	199.16099999999994
705	-433.1758028556724	-433.1758028556724	649.7637042835087	216.5879014278362	-649.7637042835087	8.389999999999986	0.0	8.389999999999986	216.5879014278362	-8.389999999999986	649.7637042835087	208.19790142783626	8.389999999999986	649.7637042835087	0.0	-216.5879014278362	649.7637042835087	-649.7637042835087	0.0	0.0	0.0	8.39	216.5879014278363
706	-653.1509361934502	-653.1509361934502	955.2578085803507	324.47796809672514	-1000.0	0.0	18.176095709824672	0.0	324.47796809672514	0.0	1000.0	324.4779680967251	0.0	1000.0	26.56609570982466	-324.47796809672514	1000.0	-1000.0	26.566095709824594	-26.56609570982466	26.56609570982466	8.39	324.47796809672525
707	-552.6010493143697	-552.6010493143697	653.6081479431092	274.2030246571848	-1000.0	0.0	169.0009260284454	0.0	274.20302465718487	0.0	1000.0	274.20302465718487	0.0	1000.0	177.3909260284454	-274.2030246571848	1000.0	-1000.0	177.39092602844528	-177.3909260284454	177.3909260284454	8.39	274.203024657185
708	-344.4455457265406	-344.4455457265406	87.21309145308112	199.16100000000006	-1000.0	116.14290854691899	510.26990854691894	116.14290854691899	199.16100000000006	-116.14290854691899	1000.0	83.01809145308106	116.14290854691899	1000.0	402.51699999999994	-199.16100000000006	1000.0	-1000.0	402.51699999999994	-402.51699999999994	402.51699999999994	8.39	199.16099999999994
709	-567.679417823578	-567.679417823578	802.0255023138227	333.33333333333326	-1000.0	206.3644976861773	197.9744976861773	206.3644976861773	333.33333333333326	-206.3644976861773	1000.0	126.96883564715597	206.3644976861773	1000.0	0.0	-333.33333333333326	1000.0	-1000.0	0.0	0.0	0.0	8.39	333.3333333333337
710	-332.63640784979145	-332.63640784979145	446.3118771330553	218.9609385665276	-656.882815699583	218.9609385665276	210.57093856652764	218.9609385665276	218.9609385665276	-218.9609385665276	656.882815699583	0.0	218.9609385665276	656.882815699583	0.0	-218.9609385665276	656.882815699583	-656.882815699583	0.0	0.0	0.0	8.39	218.96093856652772
711	-538.3662941447466	-538.3662941447466	743.3992549561597	333.33333333333337	-1000.0	264.9907450438403	256.60074504384033	264.9907450438403	333.33333333333337	-264.9907450438403	1000.0	68.34258828949305	264.9907450438403	1000.0	0.0	-333.33333333333337	1000.0	-1000.0	0.0	0.0	0.0	8.39	333.33333333333337
712	-505.8440714897991	-505.8440714897991	680.5535716326636	334.43271432653273	-1000.0	334.43271432653273	322.74457134693455	334.43271432653273	334.43271432653273	-334.43271432653273	1000.0	0.0	334.43271432653273	1000.0	-3.2981429795981967	-334.43271432653273	1000.0	-1000.0	-3.2981429795981967	3.2981429795981967	-3.2981429795981967	8.39	334.43271432653285
713	-319.96572056756975	-319.96572056756975	429.4176274234262	210.51381371171317	-631.5414411351394	210.5138137117131	202.12381371171313	210.5138137117131	210.51381371171317	-210.5138137117131	631.5414411351394	0.0	210.5138137117131	631.5414411351394	0.0	-210.51381371171317	631.5414411351394	-631.5414411351394	0.0	0.0	0.0	8.39	210.51381371171306
714	-500.3226491518009	-500.3226491518009	662.1488305060036	330.7517661012007	-1000.0	330.7517661012007	330.1064677975985	330.75176610120076	330.7517661012007	-330.75176610120076	1000.0	0.0	330.75176610120076	1000.0	7.744701696397783	-330.7517661012007	1000.0	-1000.0	7.744701696397442	-7.744701696397783	7.74470169639784	8.39	330.7517661012007
715	-552.0195587279517	-552.0195587279517	770.70578412257	333.33333333333326	-1000.0	237.68421587743003	229.29421587743002	237.68421587743003	333.33333333333326	-237.68421587743003	1000.0	95.6491174559033	237.68421587743003	1000.0	0.0	-333.33333333333326	1000.0	-1000.0	0.0	0.0	0.0	8.39	333.3333333333335
716	-334.4031214264912	-334.4031214264912	448.66749523532167	220.13874761766078	-660.4162428529825	220.13874761766084	211.74874761766083	220.13874761766084	220.13874761766078	-220.13874761766084	660.4162428529825	0.0	220.13874761766084	660.4162428529825	0.0	-220.13874761766078	660.4162428529825	-660.4162428529825	0.0	0.0	0.0	8.39	220.1387476176609
717	-603.133406545611	-603.133406545611	872.9334797578886	333.33333333333337	-1000.0	135.4565202421115	127.06652024211151	135.4565202421115	333.33333333333337	-135.4565202421115	1000.0	197.87681309122183	135.4565202421115	1000.0	0.0	-333.33333333333337	1000.0	-1000.0	0.0	0.0	0.0	8.39	333.3333333333333
718	-305.5777392051083	-305.5777392051083	410.2336522734777	200.92182613673896	-602.7654784102167	200.9218261367389	192.5318261367389	200.9218261367389	200.9218261367389	-200.9218261367389	602.7654784102167	0.0	200.9218261367389	602.7654784102167	0.0	-200.92182613673896	602.7654784102167	-602.7654784102167	0.0	0.0	0.0	8.39	200.9218261367389
719	-602.1590422893137	-602.1590422893137	870.9847512452941	333.33333333333326	-1000.0	137.40524875470595	129.01524875470594	137.40524875470595	333.33333333333326	-137.40524875470595	1000.0	195.9280845786274	137.40524875470595	1000.0	0.0	-333.33333333333326	1000.0	-1000.0	0.0	0.0	0.0	8.39	333.3333333333334
720	-362.23492707985105	-362.23492707985105	201.85642359950396	238.69328471990082	-1000.0	238.69328471990082	514.2234305601984	238.69328471990082	238.69328471990082	-238.69328471990082	1000.0	0.0	238.69328471990082	1000.0	283.92014584029755	-238.69328471990082	1000.0	-1000.0	283.9201458402973	-283.92014584029755	283.92014584029766	8.39	238.69328471990082
721	-596.700941699353	-596.700941699353	860.0685500653728	333.33333333333326	-1000.0	148.32144993462708	139.93144993462712	148.32144993462708	333.33333333333326	-148.32144993462708	1000.0	185.01188339870623	148.32144993462708	1000.0	0.0	-333.33333333333326	1000.0	-1000.0	0.0	0.0	0.0	8.39	333.33333333333337
722	-340.47497346946955	-340.47497346946955	456.7632979592928	224.1866489796464	-672.5599469389392	224.1866489796464	215.79664897964642	224.1866489796464	224.1866489796464	-224.1866489796464	672.5599469389392	0.0	224.1866489796464	672.5599469389392	0.0	-224.1866489796464	672.5599469389392	-672.5599469389392	0.0	0.0	0.0	8.39	224.1866489796464
723	-656.8304770852649	-656.8304770852649	980.3276208371966	333.33333333333337	-1000.0	28.062379162803314	19.672379162803313	28.062379162803314	333.33333333333337	-28.062379162803314	1000.0	305.27095417053	28.062379162803314	1000.0	0.0	-333.33333333333337	1000.0	-1000.0	0.0	0.0	0.0	8.39	333.33333333333326
724	-386.31005132597943	-386.31005132597943	282.1068377532647	254.74336755065292	-1000.0	254.74336755065292	482.1232648986941	254.74336755065295	254.74336755065292	-254.74336755065295	1000.0	0.0	254.74336755065295	1000.0	235.76989734804113	-254.74336755065292	1000.0	-1000.0	235.76989734804124	-235.76989734804113	235.76989734804124	8.39	254.74336755065292
725	-566.6996788275733	-566.6996788275733	800.0660243218133	333.33333333333326	-1000.0	208.3239756781868	199.93397567818684	208.3239756781868	333.33333333333326	-208.3239756781868	1000.0	125.00935765514649	208.3239756781868	1000.0	0.0	-333.33333333333326	1000.0	-1000.0	0.0	0.0	0.0	8.39	333.3333333333336
726	-379.7845349112516	-379.7845349112516	509.17604654833553	250.39302327416772	-751.179069822503	250.39302327416772	242.0030232741677	250.39302327416772	250.39302327416772	-250.39302327416772	751.179069822503	0.0	250.39302327416772	751.179069822503	0.0	-250.39302327416772	751.179069822503	-751.179069822503	0.0	0.0	0.0	8.39	250.3930232741676
727	-344.05236653159454	-344.05236653159454	141.24788843864826	226.5715776877296	-1000.0	226.5715776877296	538.4668446245407	226.5715776877296	226.5715776877296	-226.5715776877296	1000.0	0.0	226.5715776877296	1000.0	320.2852669368111	-226.5715776877296	1000.0	-1000.0	320.2852669368113	-320.2852669368111	320.285266936811	8.39	226.5715776877298
728	-352.74108838497193	-352.74108838497193	103.80417676994364	199.16099999999994	-1000.0	99.55182323005586	493.67882323005614	99.55182323005586	199.16099999999994	-99.55182323005586	1000.0	99.60917676994403	99.55182323005586	1000.0	402.51700000000017	-199.16099999999994	1000.0	-1000.0	402.51700000000005	-402.51700000000017	402.51700000000017	8.39	199.16099999999994
729	-302.93649999999997	-302.93649999999997	434.6072466765603	199.16099999999994	-569.5877533234396	199.16099999999994	162.87575332343977	199.16099999999994	199.16099999999994	-199.16099999999994	569.5877533234396	0.0	199.16099999999994	569.5877533234396	-27.89524667656019	-199.16099999999994	569.5877533234396	-569.5877533234396	-27.895246676560305	27.89524667656019	-27.89524667656042	8.39	199.16099999999994
730	-638.4248850495528	-638.4248850495528	943.5164367657724	333.33333333333337	-1000.0	64.8735632342278	56.483563234227745	64.8735632342278	333.33333333333337	-64.8735632342278	1000.0	268.4597700991055	64.8735632342278	1000.0	0.0	-333.33333333333337	1000.0	-1000.0	0.0	0.0	0.0	8.39	333.33333333333337
731	-341.9349763354008	-341.9349763354008	134.1899211180032	225.15998422360065	-1000.0	225.15998422360065	541.2900315527987	225.15998422360065	225.15998422360065	-225.15998422360065	1000.0	0.0	225.15998422360065	1000.0	324.52004732919806	-225.15998422360065	1000.0	-1000.0	324.5200473291976	-324.52004732919806	324.52004732919806	8.39	225.15998422360076
732	-616.2976348915753	-616.2976348915753	899.2619364498173	333.33333333333326	-1000.0	109.12806355018256	100.73806355018269	109.12806355018256	333.33333333333326	-109.12806355018256	1000.0	224.2052697831507	109.12806355018256	1000.0	0.0	-333.33333333333326	1000.0	-1000.0	-2.2737367544323206e-13	0.0	0.0	8.39	333.3333333333335
733	-481.8024878625338	-481.8024878625338	600.4149595417791	318.4049919083558	-1000.0	318.4049919083558	354.80001618328845	318.4049919083558	318.4049919083558	-318.4049919083558	1000.0	0.0	318.4049919083558	1000.0	44.78502427493265	-318.4049919083558	1000.0	-1000.0	44.78502427493231	-44.78502427493265	44.78502427493243	8.39	318.4049919083559
734	-497.6578704296031	-497.6578704296031	653.2662347653438	328.9752469530688	-1000.0	328.9752469530688	333.6595060938625	328.9752469530688	328.9752469530688	-328.9752469530688	1000.0	0.0	328.9752469530688	1000.0	13.074259140793743	-328.9752469530688	1000.0	-1000.0	13.074259140793629	-13.074259140793743	13.074259140793629	8.39	328.9752469530688
735	-643.8125874953175	-643.8125874953175	1000.0	356.18741250468236	-1000.0	145.5144750280945	68.56223751404724	145.5144750280945	356.18741250468236	-145.5144750280945	1000.0	210.67293747658792	145.5144750280945	1000.0	-68.56223751404721	-356.18741250468236	1000.0	-1000.0	-68.5622375140473	68.56223751404721	-68.56223751404724	8.39	356.18741250468247
736	-532.774116174332	-532.774116174332	594.1273485229957	264.28955808716603	-1000.0	0.0	198.74132573850216	0.0	264.28955808716603	0.0	1000.0	264.28955808716603	0.0	1000.0	207.13132573850214	-264.28955808716603	1000.0	-1000.0	207.1313257385022	-207.13132573850214	207.13132573850214	8.39	264.2895580871658
737	-474.21194763547487	-474.21194763547487	418.4408429064247	235.00847381773747	-1000.0	0.0	286.58457854678767	0.0	235.00847381773747	0.0	1000.0	235.00847381773747	0.0	1000.0	294.97457854678765	-235.00847381773747	1000.0	-1000.0	294.9745785467876	-294.97457854678765	294.97457854678765	8.39	235.00847381773747
738	-327.6186098699905	-327.6186098699905	53.55921973998056	199.16099999999994	-1000.0	149.79678026001784	543.9237802600186	149.79678026001784	199.16099999999994	-149.79678026001784	1000.0	49.364219739981905	149.79678026001784	1000.0	402.51700000000017	-199.16099999999994	1000.0	-1000.0	402.51700000000005	-402.51700000000017	402.51700000000017	8.39	199.16099999999994
739	-323.3604816734328	-323.3604816734328	72.27493891144309	212.77698778228864	-1000.0	212.77698778228864	566.0560244354227	212.77698778228864	212.77698778228864	-212.77698778228864	1000.0	0.0	212.77698778228864	1000.0	361.669036653134	-212.77698778228864	1000.0	-1000.0	361.66903665313407	-361.669036653134	361.6690366531342	8.39	212.77698778228864
740	-302.9365000000002	-302.9365000000002	144.84735492499465	199.16099999999994	-859.3476450750052	199.16099999999994	452.6356450750053	199.16099999999994	199.16099999999994	-199.16099999999994	859.3476450750052	0.0	199.16099999999994	859.3476450750052	261.86464507500534	-199.16099999999994	859.3476450750052	-859.3476450750052	261.86464507500557	-261.86464507500534	261.8646450750052	8.39	199.16099999999994
741	-302.93650000000014	-302.93650000000014	495.0068109655119	199.16100000000006	-509.1881890344883	199.161	102.47618903448824	199.161	199.16100000000006	-199.161	509.1881890344883	0.0	199.161	509.1881890344883	-88.29481096551172	-199.16100000000006	509.1881890344883	-509.1881890344883	-88.29481096551172	88.29481096551172	-88.29481096551189	8.39	199.16099999999994
742	-302.93650000000014	-302.93650000000014	491.62166509702445	199.16099999999994	-512.5733349029753	199.16099999999994	105.86133490297539	199.16099999999994	199.16099999999994	-199.16099999999994	512.5733349029753	0.0	199.16099999999994	512.5733349029753	-84.90966509702457	-199.16099999999994	512.5733349029753	-512.5733349029753	-84.90966509702412	84.90966509702457	-84.90966509702457	8.39	199.16099999999994
743	-303.7812789564446	-303.7812789564446	407.8383719419262	199.72418597096305	-599.172557912889	199.72418597096305	191.33418597096295	199.72418597096305	199.72418597096305	-199.72418597096305	599.172557912889	0.0	199.72418597096305	599.172557912889	-1.1368683772161603e-13	-199.72418597096305	599.172557912889	-599.172557912889	0.0	0.0	0.0	8.39	199.72418597096305
744	-495.37873685570725	-495.37873685570725	663.3016491409429	327.45582457047146	-982.3674737114143	327.45582457047146	319.06582457047136	327.45582457047146	327.45582457047146	-327.45582457047146	982.3674737114143	0.0	327.45582457047146	982.3674737114143	-1.1368683772161603e-13	-327.45582457047146	982.3674737114143	-982.3674737114143	0.0	0.0	0.0	8.39	327.45582457047146
745	-302.9365000000001	-302.9365000000001	593.1423681375265	199.16099999999994	-411.052631862473	199.16099999999994	4.340631862473174	199.16099999999994	199.16099999999994	-199.16099999999994	411.05263186247294	0.0	199.16099999999994	411.05263186247294	-186.43036813752678	-199.16099999999994	411.05263186247294	-411.05263186247294	-186.43036813752633	186.43036813752678	-186.43036813752678	8.39	199.16099999999994
746	-302.9364999999999	-302.9364999999999	447.3262465583306	199.16099999999994	-556.8687534416691	199.16099999999994	150.15675344166925	199.16099999999994	199.16099999999994	-199.16099999999994	556.8687534416691	0.0	199.16099999999994	556.8687534416691	-40.614246558330706	-199.16099999999994	556.8687534416691	-556.8687534416691	-40.614246558330706	40.614246558330706	-40.614246558330706	8.39	199.16099999999994
747	-594.8200575222481	-594.8200575222481	977.1401917408269	393.7500383481654	-1000.0	393.7500383481654	204.10992330366923	393.7500383481654	393.7500383481654	-393.7500383481654	1000.0	0.0	393.7500383481654	1000.0	-181.25011504449617	-393.7500383481654	1000.0	-1000.0	-181.25011504449606	181.25011504449617	-181.25011504449617	8.39	393.7500383481654
748	-381.5394662488162	-381.5394662488162	266.2048874960544	251.5629774992109	-1000.0	251.5629774992109	488.4840450015782	251.56297749921092	251.5629774992109	-251.56297749921092	1000.0	0.0	251.56297749921092	1000.0	245.31106750236722	-251.5629774992109	1000.0	-1000.0	245.31106750236722	-245.31106750236722	245.31106750236745	8.39	251.5629774992109
749	-410.7686697873396	-410.7686697873396	616.153004681009	205.3843348936697	-616.153004681009	8.389999999999986	0.0	8.389999999999986	205.3843348936697	-8.389999999999986	616.153004681009	196.99433489366965	8.389999999999986	616.153004681009	0.0	-205.3843348936697	616.153004681009	-616.153004681009	4.547473508864641e-13	0.0	0.0	8.39	205.38433489366963
750	-418.07500407516886	-418.07500407516886	827.7600081503373	275.9200027167791	-560.2300054335582	275.9200027167791	0.0	275.9200027167791	275.9200027167791	-275.9200027167791	560.2300054335582	0.0	275.9200027167791	560.2300054335582	-267.5300027167791	-275.9200027167791	560.2300054335582	-560.2300054335582	-267.53000271677865	267.5300027167791	-267.5300027167791	8.39	275.9200027167791
751	-302.9365000000001	-302.9365000000001	323.62774288958326	199.16099999999994	-680.5672571104167	199.16099999999997	273.85525711041674	199.16099999999997	199.16099999999994	-199.16099999999997	680.5672571104167	0.0	199.16099999999997	680.5672571104167	83.08425711041684	-199.16099999999994	680.5672571104167	-680.5672571104167	83.08425711041684	-83.08425711041684	83.08425711041667	8.39	199.16099999999994
752	-548.9575778361016	-548.9575778361016	1000.0	363.1750518907344	-824.2652594536718	363.1750518907344	89.52515567220307	363.1750518907344	363.1750518907344	-363.1750518907344	824.2652594536718	0.0	363.1750518907344	824.2652594536718	-265.25989621853125	-363.1750518907344	824.2652594536718	-824.2652594536718	-265.25989621853125	265.25989621853125	-265.2598962185313	8.39	363.1750518907343
753	-531.7167694816617	-531.7167694816617	766.7958982722051	351.68117965444105	-1000.0	351.68117965444105	288.24764069111797	351.68117965444105	351.68117965444105	-351.68117965444105	1000.0	0.0	351.68117965444105	1000.0	-55.04353896332304	-351.68117965444105	1000.0	-1000.0	-55.04353896332282	55.04353896332304	-55.0435389633231	8.39	351.681179654441
754	-524.1233827495514	-524.1233827495514	1000.0	346.6189218330343	-741.4846091651715	346.6189218330343	39.85676549910295	346.6189218330343	346.6189218330343	-346.6189218330343	741.4846091651715	0.0	346.6189218330343	741.4846091651715	-298.3721563339314	-346.6189218330343	741.4846091651715	-741.4846091651715	-298.37215633393146	298.3721563339314	-298.37215633393146	8.39	346.6189218330343
755	-402.9289237625301	-402.9289237625301	797.46784752506	265.82261584168674	-540.0352316833734	265.8226158416867	0.0	265.8226158416867	265.8226158416867	-265.8226158416867	540.0352316833734	0.0	265.8226158416867	540.0352316833734	-257.4326158416867	-265.82261584168674	540.0352316833734	-540.0352316833734	-257.4326158416866	257.4326158416867	-257.4326158416867	8.39	265.8226158416867
756	-302.9364999999999	-302.9364999999999	337.5030792084336	199.16099999999994	-666.6919207915662	199.16099999999997	259.97992079156626	199.16099999999997	199.16099999999994	-199.16099999999997	666.6919207915662	0.0	199.16099999999997	666.6919207915662	69.20892079156627	-199.16099999999994	666.6919207915662	-666.6919207915662	69.20892079156624	-69.20892079156627	69.20892079156641	8.39	199.16099999999994
757	-599.2243348444649	-599.2243348444649	991.8211161482162	396.6862232296433	-1000.0	396.68622322964325	198.23755354071352	396.68622322964325	396.68622322964325	-396.68622322964325	1000.0	0.0	396.68622322964325	1000.0	-190.05866968892974	-396.6862232296433	1000.0	-1000.0	-190.05866968892963	190.05866968892974	-190.05866968892974	8.39	396.68622322964325
758	-414.6591938486007	-414.6591938486007	555.6755917981343	273.6427958990671	-820.9283876972014	273.6427958990671	265.25279589906717	273.6427958990671	273.6427958990671	-273.6427958990671	820.9283876972014	0.0	273.6427958990671	820.9283876972014	0.0	-273.6427958990671	820.9283876972014	-820.9283876972014	0.0	0.0	0.0	8.39	273.6427958990671
759	-411.77759907524637	-411.77759907524637	366.99866358415443	271.72173271683096	-1000.0	271.72173271683084	448.1665345663382	271.72173271683084	271.72173271683096	-271.72173271683084	1000.0	0.0	271.72173271683084	1000.0	184.83480184950736	-271.72173271683096	1000.0	-1000.0	184.83480184950744	-184.83480184950736	184.83480184950736	8.39	271.72173271683084
760	-584.1080912695527	-584.1080912695527	941.4336375651754	386.6087275130351	-1000.0	386.6087275130351	218.39254497392983	386.6087275130351	386.6087275130351	-386.6087275130351	1000.0	0.0	386.6087275130351	1000.0	-159.82618253910528	-386.6087275130351	1000.0	-1000.0	-159.82618253910528	159.82618253910528	-159.82618253910528	8.39	386.6087275130351
761	-554.0448642248066	-554.0448642248066	841.2228807493551	366.566576149871	-1000.0	366.566576149871	258.47684770025796	366.566576149871	366.566576149871	-366.566576149871	1000.0	0.0	366.566576149871	1000.0	-99.69972844961308	-366.566576149871	1000.0	-1000.0	-99.69972844961285	99.69972844961308	-99.69972844961308	8.39	366.566576149871
762	-597.5515624327758	-597.5515624327758	986.2452081092522	395.57104162185044	-1000.0	395.57104162185044	200.46791675629913	395.57104162185044	395.57104162185044	-395.57104162185044	1000.0	0.0	395.57104162185044	1000.0	-186.71312486555132	-395.57104162185044	1000.0	-1000.0	-186.71312486555098	186.71312486555132	-186.71312486555132	8.39	395.57104162185044
763	-650.5775661013224	-650.5775661013224	967.8217988693111	333.33333333333337	-1000.0	40.56820113068888	32.178201130688876	40.56820113068888	333.33333333333337	-40.56820113068888	1000.0	292.76513220264445	40.56820113068888	1000.0	0.0	-333.33333333333337	1000.0	-1000.0	0.0	0.0	0.0	8.39	333.3333333333333
764	-569.2430158248098	-569.2430158248098	891.8833860826999	376.69867721654	-1000.0	376.69867721654	238.21264556692006	376.69867721654	376.69867721654	-376.69867721654	1000.0	0.0	376.69867721654	1000.0	-130.09603164961993	-376.69867721654	1000.0	-1000.0	-130.09603164962027	130.09603164961993	-130.09603164961993	8.39	376.69867721654
765	-399.1638429187227	-399.1638429187227	324.9528097290756	263.3125619458151	-1000.0	263.3125619458151	464.98487610836975	263.3125619458151	263.3125619458151	-263.3125619458151	1000.0	0.0	263.3125619458151	1000.0	210.06231416255457	-263.3125619458151	1000.0	-1000.0	210.06231416255469	-210.06231416255457	210.06231416255469	8.39	263.3125619458151
766	-516.4739641454544	-516.4739641454544	699.6145949575753	333.33333333333337	-1000.0	308.7754050424246	300.3854050424247	308.7754050424246	333.33333333333337	-308.7754050424246	1000.0	24.55792829090872	308.7754050424246	1000.0	0.0	-333.33333333333337	1000.0	-1000.0	0.0	0.0	0.0	8.39	333.33333333333337
767	-625.7156015549975	-625.7156015549975	918.0978697766618	333.33333333333326	-1000.0	90.29213022333818	81.90213022333819	90.29213022333818	333.33333333333326	-90.29213022333818	1000.0	243.04120310999514	90.29213022333818	1000.0	0.0	-333.33333333333326	1000.0	-1000.0	0.0	0.0	0.0	8.39	333.3333333333335
768	-563.4987835056091	-563.4987835056091	872.7359450186975	372.8691890037395	-1000.0	372.8691890037395	245.871621992521	372.8691890037395	372.8691890037395	-372.8691890037395	1000.0	0.0	372.8691890037395	1000.0	-118.60756701121852	-372.8691890037395	1000.0	-1000.0	-118.60756701121863	118.60756701121852	-118.60756701121852	8.39	372.86918900373973
769	-643.105060496599	-643.105060496599	952.8767876598646	333.33333333333337	-1000.0	55.5132123401354	47.12321234013541	55.5132123401354	333.33333333333337	-55.5132123401354	1000.0	277.82012099319786	55.5132123401354	1000.0	0.0	-333.33333333333337	1000.0	-1000.0	0.0	0.0	0.0	8.39	333.3333333333336
770	-580.3364151400456	-580.3364151400456	827.3394969467579	333.33333333333337	-1000.0	181.05050305324212	172.66050305324208	181.05050305324212	333.33333333333337	-181.05050305324212	1000.0	152.28283028009122	181.05050305324212	1000.0	0.0	-333.33333333333337	1000.0	-1000.0	0.0	0.0	0.0	8.39	333.3333333333333
771	-586.1148282175366	-586.1148282175366	1000.0	387.9465521450244	-948.122760725122	387.9465521450244	163.83965643507327	387.9465521450244	387.9465521450244	-387.9465521450244	948.122760725122	0.0	387.9465521450244	948.122760725122	-215.71689570995125	-387.9465521450244	948.122760725122	-948.122760725122	-215.71689570995113	215.71689570995125	-215.71689570995125	8.39	387.9465521450245
772	-558.4862697437156	-558.4862697437156	1000.0	369.527513162477	-856.0275658123852	369.527513162477	108.58253948743113	369.527513162477	369.527513162477	-369.527513162477	856.0275658123852	0.0	369.527513162477	856.0275658123852	-252.55497367504586	-369.527513162477	856.0275658123852	-856.0275658123852	-252.55497367504586	252.55497367504586	-252.55497367504591	8.39	369.527513162477
773	-454.89871226882065	-454.89871226882065	901.4074245376414	300.4691415125471	-609.3282830250943	300.46914151254714	0.0	300.46914151254714	300.46914151254714	-300.46914151254714	609.3282830250943	0.0	300.46914151254714	609.3282830250943	-292.07914151254715	-300.4691415125471	609.3282830250943	-609.3282830250943	-292.07914151254727	292.07914151254715	-292.07914151254715	8.39	300.46914151254714
774	-354.44514193420775	-354.44514193420775	597.4830000000007	199.16100000000029	-509.72928386841477	96.1437161315859	0.0	96.1437161315859	199.16100000000029	-96.1437161315859	509.72928386841477	103.01728386841432	96.1437161315859	509.72928386841477	-87.75371613158592	-199.16100000000029	509.72928386841477	-509.72928386841477	-87.7537161315854	87.75371613158592	-87.75371613158597	8.39	199.16099999999994
775	-608.6031221376651	-608.6031221376651	1000.0	391.3968778623348	-1000.0	356.771267174009	174.19063358700447	356.771267174009	391.3968778623348	-356.771267174009	1000.0	34.62561068832588	356.771267174009	1000.0	-174.19063358700458	-391.3968778623348	1000.0	-1000.0	-174.19063358700464	174.19063358700458	-174.19063358700447	8.39	391.3968778623349
776	-622.0130161043407	-622.0130161043407	1000.0	377.98698389565925	-1000.0	276.3119033739557	133.96095168697786	276.3119033739557	377.98698389565925	-276.3119033739557	1000.0	101.67508052170353	276.3119033739557	1000.0	-133.96095168697786	-377.98698389565925	1000.0	-1000.0	-133.96095168697775	133.96095168697786	-133.96095168697786	8.39	377.98698389565936
777	-500.8361543048745	-500.8361543048745	670.5782057398326	331.09410286991624	-993.2823086097488	331.0941028699163	322.70410286991626	331.0941028699163	331.09410286991624	-331.0941028699163	993.2823086097488	0.0	331.0941028699163	993.2823086097488	0.0	-331.09410286991624	993.2823086097488	-993.2823086097488	0.0	0.0	0.0	8.39	331.0941028699163
778	-405.35866266593473	-405.35866266593473	345.60220888644903	267.4424417772898	-1000.0	267.4424417772898	456.7251164454204	267.4424417772898	267.4424417772898	-267.4424417772898	1000.0	0.0	267.4424417772898	1000.0	197.67267466813058	-267.4424417772898	1000.0	-1000.0	197.67267466813055	-197.67267466813058	197.67267466813058	8.39	267.44244177728984
779	-456.91562387783335	-456.91562387783335	517.4587462594448	301.813749251889	-1000.0	301.813749251889	387.9825014962221	301.813749251889	301.813749251889	-301.813749251889	1000.0	0.0	301.813749251889	1000.0	94.55875224433305	-301.813749251889	1000.0	-1000.0	94.55875224433294	-94.55875224433305	94.55875224433316	8.39	301.813749251889
780	-547.8898022041224	-547.8898022041224	820.7060073470745	362.4632014694149	-1000.0	362.4632014694149	266.6835970611702	362.4632014694149	362.4632014694149	-362.4632014694149	1000.0	0.0	362.4632014694149	1000.0	-87.38960440824474	-362.4632014694149	1000.0	-1000.0	-87.38960440824462	87.38960440824474	-87.38960440824474	8.39	362.4632014694149
781	-487.7292508853963	-487.7292508853963	620.1708362846546	322.3561672569309	-1000.0	322.3561672569309	346.8976654861382	322.3561672569309	322.3561672569309	-322.3561672569309	1000.0	0.0	322.3561672569309	1000.0	32.93149822920728	-322.3561672569309	1000.0	-1000.0	32.931498229207136	-32.93149822920728	32.93149822920725	8.39	322.3561672569309
782	-612.0524350684694	-612.0524350684694	890.7715368036055	333.33333333333337	-1000.0	117.61846319639449	109.2284631963945	117.61846319639449	333.33333333333337	-117.61846319639449	1000.0	215.71487013693883	117.61846319639449	1000.0	0.0	-333.33333333333337	1000.0	-1000.0	0.0	0.0	0.0	8.39	333.3333333333333
783	-425.55033300043914	-425.55033300043914	412.9077766681305	280.9035553336262	-1000.0	280.9035553336262	429.8028893327478	280.9035553336262	280.9035553336262	-280.9035553336262	1000.0	0.0	280.9035553336262	1000.0	157.2893339991216	-280.9035553336262	1000.0	-1000.0	157.2893339991216	-157.2893339991216	157.2893339991217	8.39	280.90355533362606
784	-345.8572995925619	-345.8572995925619	90.03659918512392	199.16099999999994	-1000.0	113.31940081487596	507.44640081487603	113.31940081487596	199.16099999999994	-113.31940081487596	1000.0	85.84159918512402	113.31940081487596	1000.0	402.51700000000005	-199.16099999999994	1000.0	-1000.0	402.5169999999998	-402.51700000000005	402.51700000000005	8.39	199.16099999999994
785	-582.0966065992334	-582.0966065992334	934.7286886641115	385.2677377328223	-1000.0	385.2677377328223	221.07452453435542	385.2677377328223	385.2677377328223	-385.2677377328223	1000.0	0.0	385.2677377328223	1000.0	-155.8032131984669	-385.2677377328223	1000.0	-1000.0	-155.8032131984669	155.8032131984669	-155.8032131984669	8.39	385.2677377328223
786	-547.999485039568	-547.999485039568	762.6656367458027	333.33333333333337	-1000.0	245.72436325419733	237.33436325419734	245.72436325419733	333.33333333333337	-245.72436325419733	1000.0	87.60897007913601	245.72436325419733	1000.0	0.0	-333.33333333333337	1000.0	-1000.0	0.0	0.0	0.0	8.39	333.33333333333337
787	-459.3028054435432	-459.3028054435432	525.4160181451446	303.40520362902896	-1000.0	303.40520362902896	384.7995927419421	303.40520362902896	303.40520362902896	-303.40520362902896	1000.0	0.0	303.40520362902896	1000.0	89.78438911291312	-303.40520362902896	1000.0	-1000.0	89.78438911291278	-89.78438911291312	89.78438911291346	8.39	303.40520362902896
788	-432.6371126976364	-432.6371126976364	436.5303756587879	285.62807513175756	-1000.0	285.62807513175756	420.3538497364849	285.62807513175756	285.62807513175756	-285.62807513175756	1000.0	0.0	285.62807513175756	1000.0	143.11577460472733	-285.62807513175756	1000.0	-1000.0	143.11577460472733	-143.11577460472733	143.11577460472728	8.39	285.62807513175756
789	-451.6993918504598	-451.6993918504598	500.07130616819893	298.3362612336398	-1000.0	298.3362612336398	394.93747753272044	298.3362612336398	298.3362612336398	-298.3362612336398	1000.0	0.0	298.3362612336398	1000.0	104.99121629908063	-298.3362612336398	1000.0	-1000.0	104.99121629908086	-104.99121629908063	104.99121629908063	8.39	298.3362612336398
790	-455.11210699407974	-455.11210699407974	609.6128093254397	300.6114046627198	-901.8342139881595	300.6114046627198	292.22140466271986	300.6114046627198	300.6114046627198	-300.6114046627198	901.8342139881595	0.0	300.6114046627198	901.8342139881595	0.0	-300.6114046627198	901.8342139881595	-901.8342139881595	0.0	0.0	0.0	8.39	300.6114046627198
791	-542.7057349351037	-542.7057349351037	752.0781365368737	333.33333333333337	-1000.0	256.3118634631263	247.92186346312633	256.3118634631263	333.33333333333337	-256.3118634631263	1000.0	77.021469870207	256.3118634631263	1000.0	0.0	-333.33333333333337	1000.0	-1000.0	0.0	0.0	0.0	8.39	333.3333333333333
792	-541.8242981911503	-541.8242981911503	750.3152630489668	333.33333333333337	-1000.0	258.0747369510332	249.68473695103322	258.0747369510332	333.33333333333337	-258.0747369510332	1000.0	75.25859638230015	258.0747369510332	1000.0	0.0	-333.33333333333337	1000.0	-1000.0	0.0	0.0	0.0	8.39	333.33333333333326
793	-448.6236239445662	-448.6236239445662	489.8187464818865	296.2857492963773	-1000.0	296.2857492963773	399.0385014072454	296.2857492963773	296.2857492963773	-296.2857492963773	1000.0	0.0	296.2857492963773	1000.0	111.14275211086814	-296.2857492963773	1000.0	-1000.0	111.14275211086851	-111.14275211086814	111.14275211086812	8.39	296.28574929637733
794	-585.9579838704967	-585.9579838704967	838.58263440766	333.33333333333337	-1000.0	169.8073655923401	161.4173655923401	169.8073655923401	333.33333333333337	-169.8073655923401	1000.0	163.52596774099322	169.8073655923401	1000.0	0.0	-333.33333333333337	1000.0	-1000.0	0.0	0.0	0.0	8.39	333.33333333333326
795	-335.36464066857525	-335.36464066857525	112.28880222858399	220.77976044571687	-1000.0	220.77976044571687	550.0504791085664	220.77976044571687	220.77976044571687	-220.77976044571687	1000.0	0.0	220.77976044571687	1000.0	337.6607186628495	-220.77976044571687	1000.0	-1000.0	337.6607186628496	-337.6607186628495	337.6607186628496	8.39	220.77976044571687
796	-302.9364999999999	-302.9364999999999	33.271484125130655	199.16099999999994	-970.9235158748684	199.16099999999983	564.2115158748687	199.16099999999983	199.16099999999994	-199.16099999999983	970.9235158748684	0.0	199.16099999999983	970.9235158748684	373.4405158748689	-199.16099999999994	970.9235158748684	-970.9235158748684	373.44051587486865	-373.4405158748689	373.440515874869	8.39	199.16099999999994
797	-444.9304649628372	-444.9304649628372	477.5082165427908	293.8236433085582	-1000.0	293.8236433085582	403.9627133828837	293.8236433085582	293.8236433085582	-293.8236433085582	1000.0	0.0	293.8236433085582	1000.0	118.52907007432543	-293.8236433085582	1000.0	-1000.0	118.52907007432555	-118.52907007432543	118.52907007432549	8.39	293.8236433085582
798	-379.09816301312117	-379.09816301312117	258.06721004373685	249.93544200874737	-1000.0	249.93544200874737	491.73911598250527	249.93544200874737	249.93544200874737	-249.93544200874737	1000.0	0.0	249.93544200874737	1000.0	250.19367397375788	-249.93544200874737	1000.0	-1000.0	250.193673973758	-250.19367397375788	250.193673973758	8.39	249.93544200874737
799	-333.7333091498774	-333.7333091498774	65.78861829975449	199.16099999999994	-1000.0	137.5673817002439	531.6943817002448	137.5673817002439	199.16099999999994	-137.5673817002439	1000.0	61.59361829975583	137.5673817002439	1000.0	402.51700000000017	-199.16099999999994	1000.0	-1000.0	402.51700000000005	-402.51700000000017	402.51700000000017	8.39	199.16099999999994
800	-443.0056336269845	-443.0056336269845	471.0921120899483	292.5404224179897	-1000.0	292.5404224179897	406.5291551640207	292.5404224179897	292.5404224179897	-292.5404224179897	1000.0	0.0	292.5404224179897	1000.0	122.378732746031	-292.5404224179897	1000.0	-1000.0	122.378732746031	-122.378732746031	122.378732746031	8.39	292.5404224179897
801	-336.94009845824274	-336.94009845824274	117.54032819414294	221.83006563882861	-1000.0	221.83006563882861	547.9498687223428	221.83006563882861	221.83006563882861	-221.83006563882861	1000.0	0.0	221.83006563882861	1000.0	334.50980308351416	-221.83006563882861	1000.0	-1000.0	334.5098030835137	-334.50980308351416	334.50980308351427	8.39	221.83006563882864
802	-333.7860193344079	-333.7860193344079	107.02673111469309	219.72734622293865	-1000.0	219.72734622293865	552.1553075541228	219.72734622293865	219.72734622293865	-219.72734622293865	1000.0	0.0	219.72734622293865	1000.0	340.81796133118416	-219.72734622293865	1000.0	-1000.0	340.81796133118405	-340.81796133118416	340.81796133118405	8.39	219.72734622293865
803	-404.5547376305278	-404.5547376305278	342.9224587684262	266.90649175368526	-1000.0	266.90649175368526	457.7970164926296	266.90649175368526	266.90649175368526	-266.90649175368526	1000.0	0.0	266.90649175368526	1000.0	199.28052473894434	-266.90649175368526	1000.0	-1000.0	199.28052473894422	-199.28052473894434	199.28052473894422	8.39	266.90649175368526
804	-349.01496935833876	-349.01496935833876	96.35193871667764	199.16100000000006	-1000.0	107.0040612833227	501.13106128332254	107.0040612833227	199.16100000000006	-107.0040612833227	1000.0	92.15693871667736	107.0040612833227	1000.0	402.5169999999998	-199.16100000000006	1000.0	-1000.0	402.51699999999994	-402.5169999999998	402.5169999999998	8.39	199.16099999999994
805	-534.1213939255323	-534.1213939255323	734.9094545177315	333.33333333333326	-1000.0	273.4805454822683	265.0905454822684	273.4805454822683	333.33333333333326	-273.4805454822683	1000.0	59.85278785106496	273.4805454822683	1000.0	0.0	-333.33333333333326	1000.0	-1000.0	-2.2737367544323206e-13	0.0	0.0	8.39	333.3333333333335
806	-441.0908029344457	-441.0908029344457	464.7093431148186	291.26386862296374	-1000.0	291.26386862296374	409.0822627540726	291.26386862296374	291.26386862296374	-291.26386862296374	1000.0	0.0	291.26386862296374	1000.0	126.20839413110878	-291.26386862296374	1000.0	-1000.0	126.20839413110889	-126.20839413110878	126.20839413110885	8.39	291.26386862296374
807	-338.5155562479105	-338.5155562479105	122.79185415970221	222.88037083194047	-1000.0	222.88037083194047	545.8492583361191	222.88037083194047	222.88037083194047	-222.88037083194047	1000.0	0.0	222.88037083194047	1000.0	331.3588875041786	-222.88037083194047	1000.0	-1000.0	331.35888750417814	-331.3588875041786	331.3588875041788	8.39	222.8803708319406
808	-483.87461352503993	-483.87461352503993	607.3220450834662	319.78640901669326	-1000.0	319.78640901669337	352.0371819666136	319.78640901669337	319.78640901669326	-319.78640901669337	1000.0	0.0	319.78640901669337	1000.0	40.64077294992023	-319.78640901669326	1000.0	-1000.0	40.640772949920446	-40.64077294992023	40.64077294992023	8.39	319.78640901669337
809	-398.8432350383051	-398.8432350383051	196.0084700766099	199.16099999999994	-1000.0	7.347529923389888	401.47452992339	7.347529923389888	199.16099999999994	-7.347529923389888	1000.0	191.8134700766101	7.347529923389888	1000.0	402.5170000000001	-199.16099999999994	1000.0	-1000.0	402.51700000000005	-402.5170000000001	402.51700000000005	8.39	199.16099999999994
810	-346.92243568209557	-346.92243568209557	92.16687136419046	199.16099999999994	-1000.0	111.1891286358092	505.3161286358094	111.1891286358092	199.16099999999994	-111.1891286358092	1000.0	87.97187136419075	111.1891286358092	1000.0	402.51700000000017	-199.16099999999994	1000.0	-1000.0	402.51700000000005	-402.51700000000017	402.51700000000005	8.39	199.16099999999994
811	-536.2153727351537	-536.2153727351537	739.0974121369738	333.33333333333337	-1000.0	269.29258786302614	260.90258786302616	269.29258786302614	333.33333333333337	-269.29258786302614	1000.0	64.04074547030719	269.29258786302614	1000.0	0.0	-333.33333333333337	1000.0	-1000.0	1.1368683772161603e-13	0.0	0.0	8.39	333.33333333333337
812	-407.3463735733751	-407.3463735733751	352.2279119112503	268.7675823822501	-1000.0	268.7675823822501	454.0748352354999	268.7675823822501	268.7675823822501	-268.7675823822501	1000.0	0.0	268.7675823822501	1000.0	193.69725285324978	-268.7675823822501	1000.0	-1000.0	193.69725285324984	-193.69725285324978	193.69725285324978	8.39	268.7675823822501
813	-302.9364999999999	-302.9364999999999	171.0365484953461	199.16099999999994	-833.1584515046529	199.16099999999983	426.4464515046533	199.16099999999983	199.16099999999994	-199.16099999999983	833.1584515046529	0.0	199.16099999999983	833.1584515046529	235.67545150465344	-199.16099999999994	833.1584515046529	-833.1584515046529	235.67545150465298	-235.67545150465344	235.67545150465344	8.39	199.16099999999994
814	-581.6335100201045	-581.6335100201045	740.7055300603137	288.7192550100523	-1000.0	0.0	125.45223496984318	0.0	288.7192550100523	0.0	1000.0	288.7192550100523	0.0	1000.0	133.84223496984316	-288.7192550100523	1000.0	-1000.0	133.84223496984305	-133.84223496984316	133.84223496984316	8.39	288.7192550100524
815	-560.9044721980338	-560.9044721980338	678.5184165941016	278.3547360990169	-1000.0	0.0	156.54579170294923	0.0	278.3547360990169	0.0	1000.0	278.3547360990169	0.0	1000.0	164.93579170294922	-278.3547360990169	1000.0	-1000.0	164.93579170294925	-164.93579170294922	164.93579170294922	8.39	278.35473609901703
816	-652.865432197972	-652.865432197972	1000.0	347.1345678020279	-1000.0	91.19740681216751	41.403703406083764	91.19740681216751	347.13456780202796	-91.19740681216751	1000.0	255.93716098986044	91.19740681216751	1000.0	-41.403703406083764	-347.1345678020279	1000.0	-1000.0	-41.40370340608388	41.403703406083764	-41.403703406083764	8.39	347.13456780202785
817	-636.2801299851758	-636.2801299851758	1000.0	363.71987001482415	-1000.0	190.70922008894502	91.15961004447252	190.70922008894502	363.7198700148242	-190.70922008894502	1000.0	173.0106499258792	190.70922008894502	1000.0	-91.15961004447252	-363.71987001482415	1000.0	-1000.0	-91.15961004447263	91.15961004447252	-91.15961004447252	8.39	363.7198700148241
818	-319.02576441618453	-319.02576441618453	629.6615288323694	209.88717627745643	-428.16435255491285	209.88717627745643	0.0	209.88717627745643	209.88717627745643	-209.88717627745643	428.16435255491285	0.0	209.88717627745643	428.16435255491285	-201.49717627745645	-209.88717627745643	428.16435255491285	-428.16435255491285	-201.4971762774568	201.49717627745645	-201.49717627745656	8.39	209.88717627745643
819	-552.547230921685	-552.547230921685	1000.0	365.56815394778994	-836.2307697389499	365.56815394778994	96.70446184336993	365.56815394778994	365.56815394778994	-365.56815394778994	836.2307697389499	0.0	365.56815394778994	836.2307697389499	-260.47369210442	-365.56815394778994	836.2307697389499	-836.2307697389499	-260.4736921044199	260.47369210442	-260.47369210442	8.39	365.56815394778994
820	-635.9612369657336	-635.9612369657336	903.6887108972008	315.88311848286685	-1000.0	0.0	43.96064455139958	0.0	315.88311848286685	0.0	1000.0	315.88311848286685	0.0	1000.0	52.35064455139957	-315.88311848286685	1000.0	-1000.0	52.350644551399455	-52.35064455139957	52.35064455139957	8.39	315.88311848286685
821	-659.0997488306052	-659.0997488306052	982.3571232459079	327.45237441530264	-990.7471232459079	0.0	0.0	0.0	327.45237441530264	0.0	990.7471232459079	327.45237441530264	0.0	990.7471232459079	8.389999999999986	-327.45237441530264	990.7471232459079	-990.7471232459079	8.389999999999873	-8.389999999999986	8.389999999999986	8.39	327.45237441530276
822	-508.5516665081874	-508.5516665081874	756.534999762281	252.17833325409376	-764.924999762281	0.0	0.0	0.0	252.17833325409367	0.0	764.924999762281	252.17833325409367	0.0	764.924999762281	8.389999999999986	-252.17833325409376	764.924999762281	-764.924999762281	8.389999999999986	-8.389999999999986	8.389999999999986	8.39	252.17833325409367
823	-385.6493403647221	-385.6493403647221	572.1376807294444	199.16099999999994	-597.4829999999996	33.73531927055524	25.34531927055525	33.73531927055524	199.16099999999994	-33.73531927055524	597.4829999999996	165.42568072944462	33.73531927055524	597.4829999999996	0.0	-199.16099999999994	597.4829999999996	-597.4829999999996	0.0	0.0	0.0	8.39	199.16099999999994
824	-646.3724485778619	-646.3724485778619	934.9223457335855	321.08872428893096	-1000.0	0.0	28.343827133207242	0.0	321.08872428893096	0.0	1000.0	321.0887242889309	0.0	1000.0	36.733827133207306	-321.08872428893096	1000.0	-1000.0	36.73382713320689	-36.733827133207306	36.73382713320723	8.39	321.0887242889309
825	-339.9783009300362	-339.9783009300362	671.5666018600725	223.8555339533575	-456.1010679067149	223.8555339533575	0.0	223.85553395335745	223.8555339533575	-223.85553395335745	456.1010679067149	0.0	223.85553395335745	456.1010679067149	-215.46553395335752	-223.8555339533575	456.10106790671495	-456.1010679067149	-215.46553395335764	215.46553395335752	-215.46553395335758	8.39	223.8555339533575
826	-322.0578217997395	-322.0578217997395	635.725643599479	211.908547866493	-432.207095732986	211.908547866493	0.0	211.908547866493	211.908547866493	-211.908547866493	432.207095732986	0.0	211.908547866493	432.207095732986	-203.518547866493	-211.908547866493	432.207095732986	-432.207095732986	-203.518547866493	203.518547866493	-203.518547866493	8.39	211.908547866493
827	-313.07966175546073	-313.07966175546073	617.7693235109215	205.92310783697383	-420.23621567394764	205.92310783697383	0.0	205.92310783697383	205.92310783697383	-205.92310783697383	420.23621567394764	0.0	205.92310783697383	420.23621567394764	-197.53310783697384	-205.92310783697383	420.23621567394764	-420.23621567394764	-197.53310783697384	197.53310783697384	-197.53310783697384	8.39	205.92310783697383
828	-308.58160357327716	-308.58160357327716	608.7732071465543	202.92440238218478	-414.23880476436955	202.92440238218478	0.0	202.92440238218478	202.92440238218478	-202.92440238218478	414.23880476436955	0.0	202.92440238218478	414.23880476436955	-194.5344023821848	-202.92440238218478	414.23880476436955	-414.23880476436955	-194.5344023821848	194.5344023821848	-194.5344023821848	8.39	202.92440238218478
829	-580.9120636234522	-580.9120636234522	1000.0	384.47804241563483	-930.7802120781741	384.47804241563483	153.43412724690447	384.47804241563483	384.47804241563483	-384.47804241563483	930.7802120781741	0.0	384.47804241563483	930.7802120781741	-222.65391516873035	-384.47804241563483	930.7802120781741	-930.7802120781741	-222.65391516873035	222.65391516873035	-222.65391516873032	8.39	384.4780424156347
830	-315.32868185043617	-315.32868185043617	622.2673637008722	207.4224545669574	-423.2349091339149	207.4224545669574	0.0	207.42245456695747	207.4224545669574	-207.42245456695747	423.2349091339149	0.0	207.42245456695747	423.2349091339149	-199.03245456695743	-207.4224545669574	423.2349091339149	-423.2349091339149	-199.0324545669573	199.03245456695743	-199.03245456695737	8.39	207.4224545669574
831	-317.5732128833459	-317.5732128833459	626.7564257666918	208.91880858889726	-426.2276171777945	208.91880858889726	0.0	208.91880858889726	208.91880858889726	-208.91880858889726	426.2276171777945	0.0	208.91880858889726	426.2276171777945	-200.52880858889728	-208.91880858889726	426.2276171777945	-426.2276171777945	-200.52880858889728	200.52880858889728	-200.52880858889728	8.39	208.91880858889726
832	-344.4718520579213	-344.4718520579213	680.5537041158426	226.85123470528083	-462.0924694105617	226.85123470528083	0.0	226.85123470528083	226.85123470528083	-226.85123470528083	462.09246941056176	0.0	226.85123470528083	462.09246941056176	-218.46123470528084	-226.85123470528083	462.09246941056176	-462.09246941056176	-218.46123470528084	218.46123470528084	-218.46123470528084	8.39	226.85123470528083
833	-310.8306236682526	-310.8306236682526	613.2712473365052	204.42374911216837	-417.2374982243368	204.42374911216837	0.0	204.42374911216837	204.42374911216837	-204.42374911216837	417.23749822433683	0.0	204.42374911216837	417.23749822433683	-196.03374911216838	-204.42374911216837	417.23749822433683	-417.23749822433683	-196.03374911216838	196.03374911216838	-196.03374911216838	8.39	204.42374911216837
834	-342.2273210250117	-342.2273210250117	676.0646420500234	225.3548806833411	-459.09976136668223	225.3548806833411	0.0	225.3548806833411	225.3548806833411	-225.3548806833411	459.09976136668223	0.0	225.3548806833411	459.0997613666823	-216.9648806833411	-225.3548806833411	459.0997613666823	-459.0997613666823	-216.9648806833411	216.9648806833411	-216.9648806833411	8.39	225.35488068334115
835	-384.7213733417662	-384.7213733417662	761.0527466835324	253.6842488945108	-515.7584977890216	253.6842488945108	0.0	253.6842488945108	253.6842488945108	-253.6842488945108	515.7584977890216	0.0	253.6842488945108	515.7584977890216	-245.29424889451082	-253.6842488945108	515.7584977890216	-515.7584977890216	-245.29424889451082	245.29424889451082	-245.29424889451082	8.39	253.6842488945108
836	-348.9519539200163	-348.9519539200163	689.5139078400326	229.83796928001084	-468.0659385600217	229.83796928001084	0.0	229.83796928001084	229.83796928001084	-229.83796928001084	468.0659385600218	0.0	229.83796928001084	468.0659385600218	-221.44796928001085	-229.83796928001084	468.0659385600218	-468.0659385600218	-221.44796928001085	221.44796928001085	-221.44796928001085	8.39	229.83796928001084
837	-331.03147478971954	-331.03147478971954	653.6729495794391	217.89098319314633	-444.1719663862927	217.89098319314633	0.0	217.89098319314633	217.89098319314633	-217.89098319314633	444.17196638629275	0.0	217.89098319314633	444.17196638629275	-209.50098319314634	-217.89098319314633	444.17196638629275	-444.17196638629275	-209.50098319314634	209.50098319314634	-209.50098319314634	8.39	217.89098319314633
838	-326.5513729276245	-326.5513729276245	644.7127458552491	214.90424861841632	-438.1984972368327	214.90424861841632	0.0	214.90424861841632	214.90424861841632	-214.90424861841632	438.19849723683274	0.0	214.90424861841632	438.19849723683274	-206.51424861841633	-214.90424861841632	438.19849723683274	-438.19849723683274	-206.51424861841633	206.51424861841633	-206.51424861841633	8.39	214.90424861841632
839	-324.3068418947149	-324.3068418947149	640.2236837894299	213.40789459647658	-435.2057891929532	213.40789459647658	0.0	213.40789459647658	213.40789459647658	-213.40789459647658	435.20578919295326	0.0	213.40789459647658	435.20578919295326	-205.0178945964766	-213.40789459647658	435.20578919295326	-435.20578919295326	-205.0178945964766	205.0178945964766	-205.0178945964766	8.39	213.40789459647658
840	-386.96141531261014	-386.96141531261014	765.5328306252203	255.1776102084068	-518.7452204168135	255.1776102084068	0.0	255.17761020840675	255.1776102084068	-255.17761020840675	518.7452204168135	0.0	255.17761020840675	518.7452204168135	-246.78761020840682	-255.1776102084068	518.7452204168135	-518.7452204168135	-246.78761020840682	246.78761020840682	-246.78761020840682	8.39	255.17761020840686
841	-333.27151676056326	-333.27151676056326	658.1530335211265	219.38434450704221	-447.15868901408436	219.38434450704221	0.0	219.38434450704221	219.38434450704221	-219.38434450704221	447.1586890140843	0.0	219.38434450704221	447.1586890140843	-210.99434450704223	-219.38434450704221	447.1586890140843	-447.1586890140843	-210.99434450704223	210.99434450704223	-210.99434450704223	8.39	219.38434450704221
842	-335.50708758974866	-335.50708758974866	662.6241751794973	220.87472505983249	-450.1394501196649	220.87472505983249	0.0	220.87472505983249	220.87472505983249	-220.87472505983249	450.1394501196649	0.0	220.87472505983249	450.13945011966484	-212.4847250598325	-220.87472505983249	450.13945011966484	-450.13945011966484	-212.4847250598325	212.4847250598325	-212.4847250598325	8.39	220.87472505983243
843	-429.35708394862496	-429.35708394862496	850.3241678972499	283.4413892990833	-575.2727785981666	283.4413892990833	0.0	283.4413892990833	283.4413892990833	-283.4413892990833	575.2727785981666	0.0	283.4413892990833	575.2727785981666	-275.0513892990833	-283.4413892990833	575.2727785981666	-575.2727785981666	-275.0513892990833	275.0513892990833	-275.0513892990833	8.39	283.4413892990833
844	-389.1969861417955	-389.1969861417955	770.003972283591	256.66799076119696	-521.725981522394	256.66799076119696	0.0	256.667990761197	256.66799076119696	-256.667990761197	521.725981522394	0.0	256.667990761197	521.725981522394	-248.27799076119697	-256.66799076119696	521.725981522394	-521.725981522394	-248.27799076119697	248.27799076119697	-248.27799076119697	8.39	256.6679907611969
845	-366.83210302998657	-366.83210302998657	725.274206059973	241.75806868665768	-491.90613737331546	241.75806868665768	0.0	241.75806868665774	241.75806868665768	-241.75806868665774	491.90613737331546	0.0	241.75806868665774	491.90613737331546	-233.3680686866577	-241.75806868665768	491.90613737331546	-491.90613737331546	-233.36806868665758	233.3680686866577	-233.36806868665764	8.39	241.75806868665768
846	-362.36988580606356	-362.36988580606356	716.3497716121271	238.78325720404234	-485.95651440808473	238.78325720404234	0.0	238.78325720404234	238.78325720404234	-238.78325720404234	485.9565144080848	0.0	238.78325720404234	485.9565144080848	-230.39325720404236	-238.78325720404234	485.9565144080848	-485.9565144080848	-230.39325720404236	230.39325720404236	-230.39325720404236	8.39	238.78325720404234
847	-353.42756672004543	-353.42756672004543	698.4651334400909	232.821711146697	-474.0334222933939	232.821711146697	0.0	232.821711146697	232.821711146697	-232.821711146697	474.03342229339387	0.0	232.821711146697	474.03342229339387	-224.431711146697	-232.821711146697	474.03342229339387	-474.03342229339387	-224.431711146697	224.431711146697	-224.431711146697	8.39	232.821711146697
848	-351.19199589086	-351.19199589086	693.9939917817201	231.33133059390673	-471.0526611878134	231.33133059390673	0.0	231.33133059390673	231.33133059390673	-231.33133059390673	471.0526611878133	0.0	231.33133059390673	471.0526611878133	-222.94133059390674	-231.33133059390673	471.0526611878133	-471.0526611878133	-222.94133059390674	222.94133059390674	-222.94133059390674	8.39	231.33133059390673
849	-346.711894028765	-346.711894028765	685.03378805753	228.34459601917672	-465.07919203835337	228.34459601917672	0.0	228.34459601917672	228.34459601917672	-228.34459601917672	465.0791920383533	0.0	228.34459601917672	465.0791920383533	-219.95459601917673	-228.34459601917672	465.0791920383533	-465.0791920383533	-219.95459601917673	219.95459601917673	-219.95459601917673	8.39	228.34459601917672
850	-328.79141489846825	-328.79141489846825	649.1928297969365	216.3976099323122	-441.18521986462434	216.3976099323122	0.0	216.3976099323122	216.3976099323122	-216.3976099323122	441.1852198646243	0.0	216.3976099323122	441.1852198646243	-208.00760993231222	-216.3976099323122	441.1852198646243	-441.1852198646243	-208.00760993231222	208.00760993231222	-208.00760993231222	8.39	216.3976099323122
851	-337.73818727727576	-337.73818727727576	667.0863745545515	222.36212485151714	-453.1142497030344	222.36212485151714	0.0	222.36212485151725	222.36212485151714	-222.36212485151725	453.1142497030344	0.0	222.36212485151725	453.1142497030344	-213.97212485151715	-222.36212485151714	453.1142497030344	-453.1142497030344	-213.97212485151715	213.97212485151715	-213.97212485151715	8.39	222.36212485151714
852	-364.60098549359066	-364.60098549359066	720.8119709871813	240.2706569957271	-488.93131399145415	240.2706569957271	0.0	240.2706569957271	240.2706569957271	-240.2706569957271	488.93131399145415	0.0	240.2706569957271	488.93131399145415	-231.88065699572712	-240.2706569957271	488.93131399145415	-488.93131399145415	-231.88065699572712	231.88065699572712	-231.88065699572718	8.39	240.2706569957271
853	-438.2592340124017	-438.2592340124017	868.1284680248034	289.3761560082678	-587.1423120165356	289.3761560082678	0.0	289.3761560082678	289.3761560082678	-289.3761560082678	587.1423120165356	0.0	289.3761560082678	587.1423120165356	-280.9861560082678	-289.3761560082678	587.1423120165356	-587.1423120165356	-280.9861560082678	280.9861560082678	-280.9861560082678	8.39	289.3761560082678
854	-431.58818363615205	-431.58818363615205	854.7863672723041	284.9287890907681	-578.247578181536	284.9287890907681	0.0	284.928789090768	284.9287890907681	-284.928789090768	578.247578181536	0.0	284.928789090768	578.247578181536	-276.53878909076803	-284.9287890907681	578.247578181536	-578.247578181536	-276.5387890907681	276.53878909076803	-276.5387890907681	8.39	284.92878909076813
855	-422.6815624307169	-422.6815624307169	836.9731248614338	278.991041620478	-566.3720832409558	278.991041620478	0.0	278.9910416204779	278.991041620478	-278.9910416204779	566.3720832409558	0.0	278.9910416204779	566.3720832409558	-270.60104162047793	-278.991041620478	566.3720832409558	-566.3720832409558	-270.601041620478	270.60104162047793	-270.601041620478	8.39	278.99104162047803
856	-391.4280858293226	-391.4280858293226	774.4661716586452	258.1553905528817	-524.7007811057634	258.1553905528817	0.0	258.1553905528817	258.1553905528817	-258.1553905528817	524.7007811057634	0.0	258.1553905528817	524.7007811057634	-249.76539055288174	-258.1553905528817	524.7007811057634	-524.7007811057634	-249.76539055288174	249.76539055288174	-249.76539055288174	8.39	258.1553905528817
857	-371.28984911225126	-371.28984911225126	734.1896982245025	244.7298994081675	-497.849798816335	244.7298994081675	0.0	244.7298994081675	244.7298994081675	-244.7298994081675	497.849798816335	0.0	244.7298994081675	497.849798816335	-236.33989940816753	-244.7298994081675	497.849798816335	-497.849798816335	-236.33989940816753	236.33989940816753	-236.33989940816753	8.39	244.7298994081675
858	-369.06320271751366	-369.06320271751366	729.7364054350273	243.24546847834245	-494.8809369566849	243.24546847834245	0.0	243.24546847834245	243.24546847834245	-243.24546847834245	494.8809369566849	0.0	243.24546847834245	494.8809369566849	-234.85546847834246	-243.24546847834245	494.8809369566849	-494.8809369566849	-234.85546847834246	234.85546847834246	-234.85546847834246	8.39	243.24546847834245
859	-433.81483003088965	-433.81483003088965	859.2396600617793	286.41322002059314	-581.2164400411862	286.41322002059314	0.0	286.4132200205931	286.41322002059314	-286.4132200205931	581.2164400411862	0.0	286.4132200205931	581.2164400411862	-278.0232200205931	-286.41322002059314	581.2164400411862	-581.2164400411862	-278.02322002059316	278.0232200205931	-278.02322002059316	8.39	286.4132200205932
860	-582.951418152579	-582.951418152579	1000.0	385.83761210171923	-937.5780605085964	385.8376121017193	157.51283630515786	385.8376121017193	385.8376121017193	-385.8376121017193	937.5780605085964	0.0	385.8376121017193	937.5780605085964	-219.93477579656144	-385.83761210171923	937.5780605085964	-937.5780605085964	-219.93477579656133	219.93477579656144	-219.93477579656144	8.39	385.8376121017193
861	-440.4814271143498	-440.4814271143498	872.5728542286995	290.85761807623317	-590.1052361524663	290.85761807623317	0.0	290.85761807623317	290.85761807623317	-290.85761807623317	590.1052361524663	0.0	290.85761807623317	590.1052361524663	-282.4676180762332	-290.85761807623317	590.1052361524663	-590.1052361524663	-282.46761807623307	282.4676180762332	-282.4676180762332	8.39	290.85761807623317
862	-436.0370231328376	-436.0370231328376	863.6840462656752	287.8946820885584	-584.1793641771168	287.8946820885584	0.0	287.8946820885584	287.8946820885584	-287.8946820885584	584.1793641771168	0.0	287.8946820885584	584.1793641771168	-279.5046820885584	-287.8946820885584	584.1793641771168	-584.1793641771168	-279.5046820885584	279.5046820885584	-279.5046820885584	8.39	287.8946820885584
863	-373.51204221419937	-373.51204221419937	738.6340844283988	246.21136147613288	-500.81272295226586	246.21136147613288	0.0	246.21136147613294	246.21136147613288	-246.21136147613294	500.81272295226586	0.0	246.21136147613294	500.81272295226586	-237.8213614761329	-246.21136147613288	500.81272295226586	-500.81272295226586	-237.8213614761329	237.8213614761329	-237.8213614761329	8.39	246.21136147613282
864	-577.0416701281788	-577.0416701281788	917.8789004272631	381.8977800854526	-1000.0	381.8977800854526	227.8144398290947	381.8977800854526	381.8977800854526	-381.8977800854526	1000.0	0.0	381.8977800854526	1000.0	-145.69334025635794	-381.8977800854526	1000.0	-1000.0	-145.69334025635817	145.69334025635794	-145.69334025635783	8.39	381.89778008545284
865	-531.7091397733457	-531.7091397733457	1000.0	351.6760931822304	-766.7704659111521	351.6760931822304	55.02827954669124	351.6760931822304	351.6760931822304	-351.6760931822304	766.7704659111521	0.0	351.6760931822304	766.7704659111521	-288.25781363553915	-351.6760931822304	766.7704659111521	-766.7704659111521	-288.25781363553904	288.25781363553915	-288.25781363553915	8.39	351.6760931822304
866	-354.55981305865396	-354.55981305865396	176.27271019551313	233.5765420391026	-1000.0	233.5765420391026	524.4569159217947	233.57654203910266	233.5765420391026	-233.57654203910266	1000.0	0.0	233.57654203910266	1000.0	299.27037388269207	-233.5765420391026	1000.0	-1000.0	299.2703738826922	-299.27037388269207	299.2703738826922	8.39	233.5765420391026
867	-413.0850908196135	-413.0850908196135	371.3569693987114	272.5933938797423	-1000.0	272.5933938797423	446.42321224051545	272.5933938797423	272.5933938797423	-272.5933938797423	1000.0	0.0	272.5933938797423	1000.0	182.21981836077316	-272.5933938797423	1000.0	-1000.0	182.21981836077305	-182.21981836077316	182.21981836077316	8.39	272.5933938797424
868	-398.87318739628677	-398.87318739628677	534.6275831950493	263.1187915975246	-789.3563747925738	263.1187915975245	254.7287915975245	263.1187915975245	263.1187915975246	-263.1187915975245	789.3563747925738	0.0	263.1187915975245	789.3563747925738	0.0	-263.1187915975246	789.3563747925738	-789.3563747925738	-4.547473508864641e-13	0.0	0.0	8.39	263.1187915975246
869	-393.64294992836494	-393.64294992836494	778.8958998567299	259.6319666189099	-527.65393323782	259.6319666189099	0.0	259.63196661891	259.6319666189099	-259.63196661891	527.65393323782	0.0	259.63196661891	527.65393323782	-251.24196661890994	-259.6319666189099	527.65393323782	-527.65393323782	-251.24196661890994	251.24196661890994	-251.24196661890994	8.39	259.6319666189099
870	-312.16219888993663	-312.16219888993663	615.9343977798733	205.31146592662446	-419.0129318532489	205.31146592662446	0.0	205.31146592662446	205.31146592662446	-205.31146592662446	419.0129318532489	0.0	205.31146592662446	419.0129318532489	-196.92146592662448	-205.31146592662446	419.0129318532489	-419.0129318532489	-196.92146592662436	196.92146592662448	-196.92146592662436	8.39	205.31146592662446
871	-419.69235819171234	-419.69235819171234	393.3811939723747	276.9982387944749	-1000.0	276.9982387944749	437.6135224110501	276.9982387944749	276.9982387944749	-276.9982387944749	1000.0	0.0	276.9982387944749	1000.0	169.00528361657518	-276.9982387944749	1000.0	-1000.0	169.0052836165754	-169.00528361657518	169.00528361657518	8.39	276.998238794475
872	-490.91195214508775	-490.91195214508775	630.7798404836258	324.47796809672514	-1000.0	324.47796809672514	342.6540638065497	324.47796809672514	324.47796809672514	-324.47796809672514	1000.0	0.0	324.47796809672514	1000.0	26.56609570982448	-324.47796809672514	1000.0	-1000.0	26.566095709824594	-26.56609570982448	26.566095709824594	8.39	324.47796809672525
873	-392.0945840144904	-392.0945840144904	301.3886133816344	258.5997226763269	-1000.0	258.5997226763269	474.41055464734626	258.5997226763269	258.5997226763269	-258.5997226763269	1000.0	0.0	258.5997226763269	1000.0	224.20083197101928	-258.5997226763269	1000.0	-1000.0	224.20083197101928	-224.20083197101928	224.20083197101934	8.39	258.5997226763269
874	-495.27929987148485	-495.27929987148485	645.3376662382824	327.38953324765646	-1000.0	327.38953324765646	336.83093350468704	327.38953324765646	327.38953324765646	-327.38953324765646	1000.0	0.0	327.38953324765646	1000.0	17.83140025703051	-327.38953324765646	1000.0	-1000.0	17.83140025703085	-17.83140025703051	17.831400257030623	8.39	327.3895332476566
875	-360.67921975863237	-360.67921975863237	119.6804395172644	199.16100000000006	-1000.0	83.67556048273593	477.80256048273577	83.67556048273593	199.16100000000006	-83.67556048273593	1000.0	115.48543951726413	83.67556048273593	1000.0	402.5169999999998	-199.16100000000006	1000.0	-1000.0	402.51700000000005	-402.5169999999998	402.5169999999998	8.39	199.16099999999994
876	-428.0834785684547	-428.0834785684547	421.3515952281829	282.5923190456366	-1000.0	282.5923190456366	426.42536190872687	282.5923190456366	282.5923190456366	-282.5923190456366	1000.0	0.0	282.5923190456366	1000.0	152.2230428630902	-282.5923190456366	1000.0	-1000.0	152.2230428630901	-152.2230428630902	152.22304286309026	8.39	282.5923190456366
877	-302.9364999999999	-302.9364999999999	292.1817621526842	199.16099999999994	-712.0132378473149	199.16099999999983	305.3012378473153	199.16099999999983	199.16099999999994	-199.16099999999983	712.0132378473149	0.0	199.16099999999983	712.0132378473149	114.53023784731545	-199.16099999999994	712.0132378473149	-712.0132378473149	114.53023784731522	-114.53023784731545	114.53023784731545	8.39	199.16099999999994
878	-391.2104844221545	-391.2104844221545	180.74296884430862	199.16099999999994	-1000.0	22.613031155691043	416.7400311556912	22.613031155691043	199.16099999999994	-22.613031155691043	1000.0	176.5479688443089	22.613031155691043	1000.0	402.51700000000017	-199.16099999999994	1000.0	-1000.0	402.51700000000005	-402.51700000000017	402.51700000000017	8.39	199.16099999999994
879	-400.9005422893137	-400.9005422893137	200.1230845786273	199.16099999999994	-1000.0	3.2329154213725086	397.3599154213726	3.2329154213725086	199.16099999999994	-3.2329154213725086	1000.0	195.92808457862748	3.2329154213725086	1000.0	402.5170000000001	-199.16099999999994	1000.0	-1000.0	402.51700000000005	-402.5170000000001	402.5170000000001	8.39	199.16099999999994
880	-546.1945045125022	-546.1945045125022	759.0556756916712	333.33333333333326	-1000.0	249.33432430832863	240.94432430832867	249.33432430832863	333.33333333333326	-249.33432430832863	1000.0	83.99900902500463	249.33432430832863	1000.0	0.0	-333.33333333333326	1000.0	-1000.0	0.0	0.0	0.0	8.39	333.3333333333336
881	-302.9364999999999	-302.9364999999999	527.2254309390363	199.16099999999994	-476.9695690609634	199.16099999999994	70.25756906096353	199.16099999999994	199.16099999999994	-199.16099999999994	476.9695690609634	0.0	199.16099999999994	476.9695690609634	-120.51343093903643	-199.16099999999994	476.9695690609634	-476.9695690609634	-120.51343093903677	120.51343093903643	-120.51343093903643	8.39	199.16099999999994
882	-582.6163091377464	-582.6163091377464	831.8992849421593	333.3333333333335	-1000.0	176.4907150578412	168.10071505784094	176.4907150578412	333.33333333333337	-176.4907150578412	1000.0	156.8426182754922	176.4907150578412	1000.0	0.0	-333.3333333333335	1000.0	-1000.0	0.0	0.0	0.0	8.39	333.3333333333335
883	-305.5777392051088	-305.5777392051088	12.999130683694943	200.921826136739	-1000.0	200.921826136739	589.766347726522	200.921826136739	200.921826136739	-200.921826136739	1000.0	0.0	200.921826136739	1000.0	397.234521589783	-200.921826136739	1000.0	-1000.0	397.2345215897834	-397.234521589783	397.23452158978307	8.39	200.92182613673913
884	-540.1459184347049	-540.1459184347049	794.8930614490166	357.3006122898033	-1000.0	357.3006122898033	277.00877542039336	357.3006122898033	357.3006122898033	-357.3006122898033	1000.0	0.0	357.3006122898033	1000.0	-71.90183686940998	-357.3006122898033	1000.0	-1000.0	-71.90183686941009	71.90183686940998	-71.90183686940998	8.39	357.30061228980355
885	-601.595578487525	-601.595578487525	869.8578236417168	333.33333333333337	-1000.0	138.53217635828327	130.14217635828328	138.53217635828327	333.33333333333337	-138.53217635828327	1000.0	194.80115697505005	138.53217635828327	1000.0	0.0	-333.33333333333337	1000.0	-1000.0	-1.1368683772161603e-13	0.0	0.0	8.39	333.33333333333326
886	-634.5857492973697	-634.5857492973697	935.8381652614062	333.33333333333326	-1000.0	72.5518347385937	64.16183473859375	72.5518347385937	333.33333333333326	-72.5518347385937	1000.0	260.78149859473956	72.5518347385937	1000.0	0.0	-333.33333333333326	1000.0	-1000.0	0.0	0.0	0.0	8.39	333.3333333333336
887	-509.07998807195173	-509.07998807195173	684.8266428105701	333.33333333333326	-1000.0	323.5633571894299	315.1733571894299	323.5633571894299	333.33333333333326	-323.5633571894299	1000.0	9.769976143903417	323.5633571894299	1000.0	0.0	-333.33333333333326	1000.0	-1000.0	1.1368683772161603e-13	0.0	0.0	8.39	333.3333333333336
888	-597.7693923043053	-597.7693923043053	862.2054512752773	333.33333333333337	-1000.0	146.18454872472284	137.79454872472283	146.18454872472284	333.33333333333337	-146.18454872472284	1000.0	187.14878460861053	146.18454872472284	1000.0	0.0	-333.33333333333337	1000.0	-1000.0	-1.1368683772161603e-13	0.0	0.0	8.39	333.33333333333337
889	-592.629024103688	-592.629024103688	969.8367470122935	392.2893494024587	-1000.0	392.2893494024587	207.03130119508262	392.2893494024587	392.2893494024587	-392.2893494024587	1000.0	0.0	392.2893494024587	1000.0	-176.8680482073761	-392.2893494024587	1000.0	-1000.0	-176.8680482073761	176.8680482073761	-176.8680482073761	8.39	392.28934940245875
890	-604.4771663676676	-604.4771663676676	875.6209994020016	333.3333333333334	-1000.0	132.76900059799854	124.37900059799847	132.76900059799854	333.33333333333337	-132.76900059799854	1000.0	200.5643327353348	132.76900059799854	1000.0	0.0	-333.3333333333334	1000.0	-1000.0	0.0	0.0	0.0	8.39	333.33333333333337
891	-574.4330509140009	-574.4330509140009	909.18350304667	380.158700609334	-1000.0	380.158700609334	231.292598781332	380.158700609334	380.158700609334	-380.158700609334	1000.0	0.0	380.158700609334	1000.0	-140.47610182800202	-380.158700609334	1000.0	-1000.0	-140.47610182800236	140.47610182800202	-140.47610182800202	8.39	380.158700609334
892	-383.547194811167	-383.547194811167	514.1929264148895	252.90146320744464	-758.7043896223342	252.90146320744475	244.51146320744476	252.90146320744475	252.90146320744464	-252.90146320744475	758.7043896223342	0.0	252.90146320744475	758.7043896223342	0.0	-252.90146320744464	758.7043896223342	-758.7043896223342	-1.1368683772161603e-13	0.0	0.0	8.39	252.90146320744486
893	-421.90795552268446	-421.90795552268446	400.7665184089483	278.4753036817897	-1000.0	278.4753036817897	434.65939263642076	278.4753036817896	278.4753036817897	-278.4753036817896	1000.0	0.0	278.4753036817896	1000.0	164.57408895463107	-278.4753036817897	1000.0	-1000.0	164.57408895463095	-164.57408895463107	164.57408895463095	8.39	278.4753036817897
894	-358.64965817297497	-358.64965817297497	189.90552724324976	236.30310544864983	-1000.0	236.30310544864983	519.0037891027002	236.30310544864983	236.30310544864983	-236.30310544864983	1000.0	0.0	236.30310544864983	1000.0	291.0906836540504	-236.30310544864983	1000.0	-1000.0	291.0906836540504	-291.0906836540504	291.09068365405005	8.39	236.30310544865006
895	-315.59195877611967	-315.59195877611967	46.37986258706544	207.59797251741304	-1000.0	207.59797251741304	576.4140549651739	207.59797251741304	207.59797251741304	-207.59797251741304	1000.0	0.0	207.59797251741304	1000.0	377.2060824477609	-207.59797251741304	1000.0	-1000.0	377.206082447761	-377.2060824477609	377.20608244776065	8.39	207.59797251741315
896	-344.04955843138674	-344.04955843138674	86.42111686277337	199.16099999999994	-1000.0	116.93488313722571	511.06188313722623	116.93488313722571	199.16099999999994	-116.93488313722571	1000.0	82.22611686277412	116.93488313722571	1000.0	402.51700000000017	-199.16099999999994	1000.0	-1000.0	402.51699999999994	-402.51700000000017	402.51700000000017	8.39	199.16099999999994
897	-409.48761503724955	-409.48761503724955	359.3653834574985	270.1950766914997	-1000.0	270.1950766914997	451.2198466170006	270.1950766914997	270.1950766914997	-270.1950766914997	1000.0	0.0	270.1950766914997	1000.0	189.41476992550088	-270.1950766914997	1000.0	-1000.0	189.414769925501	-189.41476992550088	189.41476992550076	8.39	270.1950766914997
898	-317.03306776184246	-317.03306776184246	51.183559206141425	208.55871184122827	-1000.0	208.55871184122827	574.4925763175435	208.55871184122827	208.55871184122827	-208.55871184122827	1000.0	0.0	208.55871184122827	1000.0	374.3238644763152	-208.55871184122827	1000.0	-1000.0	374.3238644763152	-374.3238644763152	374.32386447631507	8.39	208.5587118412284
899	-415.52584972574545	-415.52584972574545	379.49283241915157	274.22056648383034	-1000.0	274.22056648383034	443.1688670323394	274.22056648383034	274.22056648383034	-274.22056648383034	1000.0	0.0	274.22056648383034	1000.0	177.33830054850898	-274.22056648383034	1000.0	-1000.0	177.3383005485091	-177.33830054850898	177.33830054850904	8.39	274.22056648383034
900	-351.11408134228475	-351.11408134228475	164.78693780761597	231.2793875615232	-1000.0	231.2793875615232	529.0512248769536	231.2793875615232	231.2793875615232	-231.2793875615232	1000.0	0.0	231.2793875615232	1000.0	306.1618373154304	-231.2793875615232	1000.0	-1000.0	306.1618373154304	-306.1618373154304	306.1618373154305	8.39	231.27938756152332
901	-461.44708307362896	-461.44708307362896	532.5636102454298	304.83472204908594	-1000.0	304.83472204908594	381.9405559018281	304.83472204908594	304.83472204908594	-304.83472204908594	1000.0	0.0	304.83472204908594	1000.0	85.49583385274211	-304.83472204908594	1000.0	-1000.0	85.49583385274218	-85.49583385274211	85.49583385274212	8.39	304.83472204908617
902	-302.9364999999999	-302.9364999999999	110.934720190098	199.16099999999994	-893.260279809901	199.16099999999983	486.5482798099014	199.16099999999983	199.16099999999994	-199.16099999999983	893.260279809901	0.0	199.16099999999983	893.260279809901	295.7772798099014	-199.16099999999994	893.260279809901	-893.260279809901	295.7772798099013	-295.7772798099014	295.77727980990164	8.39	199.16099999999994
903	-402.043289197071	-402.043289197071	202.4085783941416	199.16099999999994	-1000.0	0.9474216058580106	395.0744216058582	0.9474216058580106	199.16099999999994	-0.9474216058580106	1000.0	198.2135783941419	0.9474216058580106	1000.0	402.51700000000017	-199.16099999999994	1000.0	-1000.0	402.51700000000005	-402.51700000000017	402.51700000000017	8.39	199.16099999999994
904	-493.32714810120393	-493.32714810120393	638.8304936706801	326.088098734136	-1000.0	326.088098734136	339.43380253172796	326.088098734136	326.088098734136	-326.088098734136	1000.0	0.0	326.088098734136	1000.0	21.73570379759187	-326.088098734136	1000.0	-1000.0	21.735703797591782	-21.73570379759187	21.735703797591952	8.39	326.0880987341362
905	-307.5098041536407	-307.5098041536407	19.439347178801995	202.20986943576042	-1000.0	202.20986943576042	587.1902611284792	202.20986943576042	202.20986943576042	-202.20986943576042	1000.0	0.0	202.20986943576042	1000.0	393.3703916927187	-202.20986943576042	1000.0	-1000.0	393.3703916927187	-393.3703916927187	393.37039169271895	8.39	202.20986943576042
906	-471.0364884830529	-471.0364884830529	630.8453179774039	311.22765898870193	-933.682976966106	311.22765898870193	302.83765898870206	311.22765898870193	311.22765898870193	-311.22765898870193	933.682976966106	0.0	311.22765898870193	933.682976966106	0.0	-311.22765898870193	933.682976966106	-933.682976966106	1.1368683772161603e-13	0.0	0.0	8.39	311.22765898870193
907	-608.1735665271224	-608.1735665271224	883.0137997209115	333.33333333333337	-1000.0	125.37620027908854	116.98620027908852	125.37620027908854	333.33333333333337	-125.37620027908854	1000.0	207.9571330542448	125.37620027908854	1000.0	0.0	-333.33333333333337	1000.0	-1000.0	0.0	0.0	0.0	8.39	333.33333333333337
908	-424.1094411291961	-424.1094411291961	568.2759215055945	279.9429607527974	-839.8288822583922	279.9429607527974	271.55296075279756	279.9429607527974	279.9429607527974	-279.9429607527974	839.8288822583922	0.0	279.9429607527974	839.8288822583922	0.0	-279.9429607527974	839.8288822583922	-839.8288822583922	5.684341886080801e-13	0.0	0.0	8.39	279.9429607527974
909	-454.0457708427911	-454.0457708427911	507.8925694759704	299.9005138951941	-1000.0	299.9005138951941	391.80897220961185	299.9005138951941	299.9005138951941	-299.9005138951941	1000.0	0.0	299.9005138951941	1000.0	100.29845831441776	-299.9005138951941	1000.0	-1000.0	100.29845831441742	-100.29845831441776	100.29845831441764	8.39	299.9005138951941
910	-332.1185021918094	-332.1185021918094	101.46834063936458	218.61566812787282	-1000.0	218.61566812787282	554.3786637442543	218.61566812787282	218.61566812787282	-218.61566812787282	1000.0	0.0	218.61566812787282	1000.0	344.1529956163813	-218.61566812787282	1000.0	-1000.0	344.1529956163813	-344.1529956163813	344.1529956163812	8.39	218.61566812787305
911	-340.7654068698203	-340.7654068698203	79.85281373964051	199.16100000000006	-1000.0	123.50318626035956	517.6301862603596	123.50318626035956	199.16100000000006	-123.50318626035956	1000.0	75.65781373964046	123.50318626035956	1000.0	402.51700000000005	-199.16100000000006	1000.0	-1000.0	402.51699999999994	-402.51700000000005	402.51699999999994	8.39	199.16099999999994
912	-425.50343962015916	-425.50343962015916	570.1345861602122	280.87229308010615	-842.6168792403182	280.87229308010615	272.4822930801061	280.87229308010615	280.87229308010615	-280.87229308010615	842.6168792403182	0.0	280.87229308010615	842.6168792403182	-2.2737367544323206e-13	-280.87229308010615	842.6168792403182	-842.6168792403182	0.0	0.0	0.0	8.39	280.87229308010615
913	-488.7745836845185	-488.7745836845185	623.6552789483948	323.053055789679	-1000.0	323.053055789679	345.5038884206421	323.053055789679	323.053055789679	-323.053055789679	1000.0	0.0	323.053055789679	1000.0	30.84083263096329	-323.053055789679	1000.0	-1000.0	30.840832630963064	-30.84083263096329	30.840832630963064	8.39	323.05305578967875
914	-657.7110828021694	-657.7110828021694	1000.0	342.28891719783076	-1000.0	62.12350318698437	26.86675159349221	62.12350318698437	342.28891719783076	-62.12350318698437	1000.0	280.16541401084635	62.12350318698437	1000.0	-26.866751593492154	-342.28891719783076	1000.0	-1000.0	-26.86675159349204	26.866751593492154	-26.86675159349221	8.39	342.28891719783076
915	-656.5002903189297	-656.5002903189297	1000.0	343.49970968107027	-1000.0	69.38825808642162	30.499129043210814	69.38825808642162	343.49970968107027	-69.38825808642162	1000.0	274.11145159464866	69.38825808642162	1000.0	-30.499129043210928	-343.49970968107027	1000.0	-1000.0	-30.499129043210814	30.499129043210928	-30.499129043210814	8.39	343.49970968107027
916	-654.2420488250035	-654.2420488250035	1000.0	345.7579511749965	-1000.0	82.93770704997867	37.27385352498934	82.93770704997867	345.7579511749965	-82.93770704997867	1000.0	262.8202441250178	82.93770704997867	1000.0	-37.27385352498948	-345.7579511749965	1000.0	-1000.0	-37.27385352498948	37.27385352498948	-37.27385352498934	8.39	345.7579511749964
917	-376.60676914318185	-376.60676914318185	249.7625638106067	248.2745127621214	-1000.0	248.2745127621214	495.06097447575723	248.2745127621214	248.2745127621214	-248.2745127621214	1000.0	0.0	248.2745127621214	1000.0	255.17646171363583	-248.2745127621214	1000.0	-1000.0	255.17646171363572	-255.17646171363583	255.17646171363617	8.39	248.2745127621214
918	-579.5295769802067	-579.5295769802067	926.1719232673556	383.5563846534711	-1000.0	383.5563846534711	224.49723069305776	383.5563846534711	383.5563846534711	-383.5563846534711	1000.0	0.0	383.5563846534711	1000.0	-150.66915396041338	-383.5563846534711	1000.0	-1000.0	-150.66915396041327	150.66915396041338	-150.66915396041338	8.39	383.5563846534711
919	-321.36016018508025	-321.36016018508025	65.60720061693405	211.44344012338672	-1000.0	211.44344012338684	568.7231197532265	211.44344012338684	211.44344012338672	-211.44344012338684	1000.0	0.0	211.44344012338684	1000.0	365.6696796298397	-211.44344012338672	1000.0	-1000.0	365.66967962983983	-365.6696796298397	365.6696796298395	8.39	211.44344012338684
920	-458.8020491555335	-458.8020491555335	614.5327322073781	303.071366103689	-909.214098311067	303.071366103689	294.68136610368896	303.071366103689	303.071366103689	-303.071366103689	909.214098311067	0.0	303.071366103689	909.214098311067	-1.1368683772161603e-13	-303.071366103689	909.214098311067	-909.214098311067	0.0	0.0	0.0	8.39	303.07136610368906
921	-402.92556470546606	-402.92556470546606	337.4918823515535	265.82037647031075	-1000.0	265.8203764703107	459.96924705937863	265.8203764703107	265.82037647031075	-265.8203764703107	1000.0	0.0	265.8203764703107	1000.0	202.53887058906798	-265.82037647031075	1000.0	-1000.0	202.53887058906776	-202.53887058906798	202.53887058906787	8.39	265.8203764703106
922	-302.9365000000002	-302.9365000000002	92.23856074002458	199.16099999999994	-911.9564392599751	199.16099999999994	505.24443925997525	199.16099999999994	199.16099999999994	-199.16099999999994	911.9564392599751	0.0	199.16099999999994	911.9564392599751	314.4734392599753	-199.16099999999994	911.9564392599751	-911.9564392599751	314.47343925997575	-314.4734392599753	314.4734392599752	8.39	199.16099999999994
923	-371.8099336744838	-371.8099336744838	233.77311224827878	245.07662244965582	-1000.0	245.07662244965576	501.4567551006885	245.07662244965576	245.07662244965582	-245.07662244965576	1000.0	0.0	245.07662244965576	1000.0	264.7701326510328	-245.07662244965582	1000.0	-1000.0	264.770132651033	-264.7701326510328	264.7701326510328	8.39	245.0766224496557
924	-600.779212255871	-600.779212255871	997.004040852903	397.7228081705806	-1000.0	397.7228081705806	196.1643836588388	397.7228081705806	397.7228081705806	-397.7228081705806	1000.0	0.0	397.7228081705806	1000.0	-193.16842451174182	-397.7228081705806	1000.0	-1000.0	-193.1684245117417	193.16842451174182	-193.16842451174182	8.39	397.72280817058066
925	-624.7365543412575	-624.7365543412575	916.1397753491816	333.33333333333337	-1000.0	92.25022465081861	83.86022465081851	92.25022465081861	333.33333333333337	-92.25022465081861	1000.0	241.08310868251476	92.25022465081861	1000.0	-1.1368683772161603e-13	-333.33333333333337	1000.0	-1000.0	0.0	0.0	-1.1368683772161603e-13	8.39	333.33333333333326
926	-527.4663227967573	-527.4663227967573	1000.0	348.84754853117147	-752.6277426558573	348.84754853117147	46.54264559351441	348.84754853117147	348.84754853117147	-348.84754853117147	752.6277426558573	0.0	348.84754853117147	752.6277426558573	-293.9149029376571	-348.84754853117147	752.6277426558573	-752.6277426558573	-293.91490293765696	293.9149029376571	-293.9149029376571	8.39	348.8475485311716
927	-601.1413680056189	-601.1413680056189	1000.0	397.9642453370792	-998.2112266853957	397.9642453370792	193.89273601123747	397.9642453370792	397.9642453370792	-397.9642453370792	998.2112266853957	0.0	397.9642453370792	998.2112266853957	-195.68150932584172	-397.9642453370792	998.2112266853957	-998.2112266853957	-195.6815093258415	195.68150932584172	-195.68150932584183	8.39	397.964245337079
928	-553.8867676202103	-553.8867676202103	1000.0	366.4611784134736	-840.6958920673678	366.4611784134736	99.38353524042064	366.4611784134736	366.4611784134736	-366.4611784134736	840.6958920673678	0.0	366.4611784134736	840.6958920673678	-258.68764317305295	-366.4611784134736	840.6958920673678	-840.6958920673678	-258.68764317305295	258.68764317305295	-258.6876431730527	8.39	366.4611784134736
929	-655.8830952580448	-655.8830952580448	1000.0	344.11690474195507	-1000.0	73.09142845173062	32.350714225865296	73.09142845173062	344.11690474195507	-73.09142845173062	1000.0	271.0254762902245	73.09142845173062	1000.0	-32.35071422586532	-344.11690474195507	1000.0	-1000.0	-32.35071422586543	32.35071422586532	-32.35071422586532	8.39	344.1169047419552
930	-556.0967773749849	-556.0967773749849	1000.0	367.9345182499899	-848.0625912499492	367.9345182499899	103.80355474996949	367.9345182499899	367.9345182499899	-367.9345182499899	848.0625912499492	0.0	367.9345182499899	848.0625912499492	-255.74096350002037	-367.9345182499899	848.0625912499492	-848.0625912499492	-255.74096350002014	255.74096350002037	-255.74096350002037	8.39	367.93451824998976
931	-600.4704284418772	-600.4704284418772	1000.0	397.5169522945847	-995.9747614729237	397.5169522945847	192.5508568837542	397.5169522945847	397.5169522945847	-397.5169522945847	995.9747614729237	0.0	397.5169522945847	995.9747614729237	-196.57609541083048	-397.5169522945847	995.9747614729237	-995.9747614729237	-196.57609541083048	196.57609541083048	-196.57609541083048	8.39	397.5169522945847
932	-655.582630073513	-655.582630073513	1000.0	344.41736992648714	-1000.0	74.89421955892328	33.25210977946167	74.89421955892328	344.41736992648714	-74.89421955892328	1000.0	269.52315036756386	74.89421955892328	1000.0	-33.25210977946165	-344.41736992648714	1000.0	-1000.0	-33.25210977946108	33.25210977946165	-33.25210977946165	8.39	344.4173699264875
933	-639.4172095180327	-639.4172095180327	1000.0	360.58279048196744	-1000.0	171.8867428918046	81.74837144590234	171.8867428918046	360.58279048196744	-171.8867428918046	1000.0	188.6960475901628	171.8867428918046	1000.0	-81.74837144590231	-360.58279048196744	1000.0	-1000.0	-81.7483714459022	81.74837144590231	-81.74837144590231	8.39	360.58279048196755
934	-304.7447220526403	-304.7447220526403	7.811444105280473	199.16099999999994	-1000.0	195.54455589471797	589.6715558947187	195.54455589471797	199.16099999999994	-195.54455589471797	1000.0	3.616444105281857	195.54455589471797	1000.0	402.51700000000017	-199.16099999999994	1000.0	-1000.0	402.51700000000005	-402.51700000000017	402.51700000000017	8.39	199.16099999999994
935	-486.0346551132406	-486.0346551132406	453.90896533972193	240.91982755662036	-1000.0	0.0	268.85051733013904	0.0	240.91982755662036	0.0	1000.0	240.9198275566203	0.0	1000.0	277.2405173301389	-240.91982755662036	1000.0	-1000.0	277.240517330139	-277.2405173301389	277.240517330139	8.39	240.9198275566203
936	-551.6126160982756	-551.6126160982756	769.8918988632179	333.33333333333326	-1000.0	238.4981011367821	230.10810113678212	238.4981011367821	333.33333333333326	-238.4981011367821	1000.0	94.83523219655116	238.4981011367821	1000.0	0.0	-333.33333333333326	1000.0	-1000.0	0.0	0.0	0.0	8.39	333.3333333333335
937	-665.7745529535814	-665.7745529535814	998.6618294303721	332.88727647679076	-998.6618294303721	8.389999999999986	0.0	8.389999999999986	332.8872764767907	-8.389999999999986	998.6618294303721	324.4972764767907	8.389999999999986	998.6618294303721	0.0	-332.88727647679076	998.6618294303721	-998.6618294303721	0.0	0.0	0.0	8.39	332.8872764767907
938	-307.05411559779503	-307.05411559779503	414.94723119559	199.16100000000017	-597.4830000000003	190.92576880441015	182.53576880441017	190.92576880441015	199.16100000000017	-190.92576880441015	597.4830000000003	8.235231195590007	190.92576880441015	597.4830000000003	0.0	-199.16100000000017	597.4830000000003	-597.4830000000003	0.0	0.0	1.1368683772161603e-13	8.39	199.16099999999994
939	-303.60109612811425	-303.60109612811425	597.4829999999998	199.16099999999994	-408.04119225622856	197.83180774377126	0.0	197.83180774377126	199.16099999999994	-197.83180774377126	408.04119225622856	1.32919225622868	197.83180774377126	408.04119225622856	-189.44180774377128	-199.16099999999994	408.04119225622856	-408.04119225622856	-189.4418077437714	189.44180774377128	-189.44180774377128	8.39	199.16099999999994
940	-394.92137875871776	-394.92137875871776	590.6817575174355	199.16100000000006	-597.4830000000002	15.191242482564576	6.801242482564703	15.191242482564576	199.16100000000006	-15.191242482564576	597.4830000000002	183.96975751743548	15.191242482564576	597.4830000000002	0.0	-199.16100000000006	597.4830000000002	-597.4830000000002	0.0	0.0	0.0	8.39	199.16099999999994
941	-507.57468610767916	-507.57468610767916	681.8160388820249	333.33333333333337	-1000.0	326.57396111797516	318.1839611179751	326.57396111797516	333.33333333333337	-326.57396111797516	1000.0	6.759372215358224	326.57396111797516	1000.0	0.0	-333.33333333333337	1000.0	-1000.0	0.0	0.0	0.0	8.39	333.33333333333337
942	-666.0671300712615	-666.0671300712615	998.8009268091901	333.33333333333326	-1000.0	9.589073190809927	1.1990731908099406	9.589073190809927	333.33333333333326	-9.589073190809927	1000.0	323.7442601425234	9.589073190809927	1000.0	0.0	-333.33333333333326	1000.0	-1000.0	0.0	0.0	0.0	8.39	333.3333333333335
943	-665.1263965450685	-665.1263965450685	1000.0	334.87360345493147	-1000.0	17.631620729588917	4.620810364794465	17.631620729588917	334.8736034549315	-17.631620729588917	1000.0	317.2419827253426	17.631620729588917	1000.0	-4.620810364794465	-334.87360345493147	1000.0	-1000.0	-4.620810364794579	4.620810364794465	-4.620810364794465	8.39	334.8736034549314
944	-647.783874647298	-647.783874647298	1000.0	352.21612535270197	-1000.0	121.68675211621166	56.64837605810585	121.68675211621166	352.21612535270197	-121.68675211621166	1000.0	230.52937323649027	121.68675211621166	1000.0	-56.64837605810578	-352.21612535270197	1000.0	-1000.0	-56.648376058105896	56.64837605810578	-56.648376058105896	8.39	352.21612535270185
945	-660.6236658395969	-660.6236658395969	990.9354987593954	330.3118329197985	-990.9354987593954	8.389999999999986	0.0	8.389999999999986	330.31183291979846	-8.389999999999986	990.9354987593954	321.9218329197985	8.389999999999986	990.9354987593954	0.0	-330.3118329197985	990.9354987593954	-990.9354987593954	0.0	0.0	0.0	8.39	330.31183291979846
946	-364.7975138935463	-364.7975138935463	597.4829999999998	199.16099999999994	-530.4340277870925	75.43897221290729	0.0	75.43897221290729	199.16099999999994	-75.43897221290729	530.4340277870925	123.72202778709266	75.43897221290729	530.4340277870925	-67.0489722129073	-199.16099999999994	530.4340277870925	-530.4340277870925	-67.0489722129073	67.0489722129073	-67.0489722129073	8.39	199.16099999999994
947	-570.2613028079002	-570.2613028079002	1000.0	333.33333333333337	-807.1892722824668	201.20072771753314	0.0	201.20072771753314	333.33333333333337	-201.20072771753314	807.1892722824668	132.13260561580023	201.20072771753314	807.1892722824668	-192.81072771753315	-333.33333333333337	807.1892722824668	-807.1892722824668	-192.81072771753315	192.81072771753315	-192.81072771753315	8.39	333.33333333333314
948	-644.3887434967122	-644.3887434967122	1000.0	333.33333333333326	-955.4441536600912	52.945846339908826	0.0	52.945846339908826	333.33333333333326	-52.945846339908826	955.4441536600912	280.3874869934245	52.945846339908826	955.4441536600912	-44.55584633990884	-333.33333333333326	955.4441536600912	-955.4441536600912	-44.555846339908804	44.55584633990884	-44.55584633990884	8.39	333.3333333333335
949	-397.6915701463472	-397.6915701463472	786.9931402926944	262.3310467642315	-533.0520935284629	262.3310467642315	0.0	262.3310467642315	262.3310467642315	-262.3310467642315	533.0520935284629	0.0	262.3310467642315	533.0520935284629	-253.9410467642315	-262.3310467642315	533.0520935284629	-533.0520935284629	-253.9410467642315	253.9410467642315	-253.9410467642315	8.39	262.3310467642315
950	-399.651200192283	-399.651200192283	790.9124003845662	263.6374667948554	-535.6649335897108	263.6374667948554	0.0	263.6374667948554	263.6374667948554	-263.6374667948554	535.6649335897108	0.0	263.6374667948554	535.6649335897108	-255.24746679485543	-263.6374667948554	535.6649335897108	-535.6649335897108	-255.24746679485565	255.24746679485543	-255.24746679485543	8.39	263.6374667948554
951	-407.458460107327	-407.458460107327	806.526920214654	268.842306738218	-546.074613476436	268.842306738218	0.0	268.842306738218	268.842306738218	-268.842306738218	546.074613476436	0.0	268.842306738218	546.074613476436	-260.452306738218	-268.842306738218	546.074613476436	-546.074613476436	-260.4523067382179	260.452306738218	-260.452306738218	8.39	268.842306738218
952	-567.0988182762408	-567.0988182762408	1000.0	375.26921218416055	-884.7360609208026	375.26921218416055	125.80763655248157	375.26921218416055	375.26921218416055	-375.26921218416055	884.7360609208026	0.0	375.26921218416055	884.7360609208026	-241.07157563167902	-375.26921218416055	884.7360609208026	-884.7360609208026	-241.07157563167902	241.07157563167902	-241.0715756316789	8.39	375.26921218416044
953	-375.59771280399934	-375.59771280399934	742.8054256079987	247.60180853599957	-503.5936170719992	247.60180853599957	0.0	247.6018085359996	247.60180853599957	-247.6018085359996	503.5936170719992	0.0	247.6018085359996	503.5936170719992	-239.21180853599958	-247.60180853599957	503.5936170719992	-503.5936170719992	-239.2118085359997	239.21180853599958	-239.21180853599958	8.39	247.60180853599957
954	-411.3671322257493	-411.3671322257493	814.3442644514986	271.44808815049953	-551.286176300999	271.44808815049953	0.0	271.44808815049953	271.44808815049953	-271.44808815049953	551.286176300999	0.0	271.44808815049953	551.286176300999	-263.05808815049954	-271.44808815049953	551.286176300999	-551.286176300999	-263.05808815049954	263.05808815049954	-263.05808815049954	8.39	271.44808815049953
955	-396.94714370794094	-396.94714370794094	317.5638123598029	261.83476247196063	-1000.0	261.83476247196063	467.94047505607887	261.8347624719605	261.83476247196063	-261.8347624719605	1000.0	0.0	261.8347624719605	1000.0	214.495712584118	-261.83476247196063	1000.0	-1000.0	214.49571258411834	-214.495712584118	214.49571258411822	8.39	261.83476247196074
956	-569.5333020799694	-569.5333020799694	805.7332708266052	333.33333333333337	-1000.0	202.65672917339464	194.26672917339474	202.65672917339464	333.33333333333337	-202.65672917339464	1000.0	130.6766041599387	202.65672917339464	1000.0	0.0	-333.33333333333337	1000.0	-1000.0	0.0	0.0	1.1368683772161603e-13	8.39	333.33333333333326
957	-409.4141708931709	-409.4141708931709	810.4383417863417	270.14611392878055	-548.6822278575611	270.14611392878055	0.0	270.14611392878055	270.14611392878055	-270.14611392878055	548.6822278575611	0.0	270.14611392878055	548.6822278575611	-261.75611392878056	-270.14611392878055	548.6822278575611	-548.6822278575611	-261.75611392878045	261.75611392878056	-261.75611392878056	8.39	270.14611392878055
958	-401.6069109781272	-401.6069109781272	794.8238219562543	264.9412739854181	-538.2725479708362	264.9412739854181	0.0	264.9412739854181	264.9412739854181	-264.9412739854181	538.2725479708362	0.0	264.9412739854181	538.2725479708362	-256.5512739854181	-264.9412739854181	538.2725479708362	-538.2725479708362	-256.551273985418	256.5512739854181	-256.5512739854181	8.39	264.9412739854181
959	-360.27085374296894	-360.27085374296894	712.151707485938	237.3839024953127	-483.1578049906253	237.38390249531267	0.0	237.38390249531267	237.38390249531267	-237.38390249531267	483.1578049906253	0.0	237.38390249531267	483.1578049906253	-228.99390249531268	-237.3839024953127	483.1578049906253	-483.1578049906253	-228.9939024953128	228.99390249531268	-228.99390249531268	8.39	237.38390249531267
960	-377.5479154684533	-377.5479154684533	746.7058309369068	248.90194364563558	-506.1938872912712	248.90194364563558	0.0	248.90194364563564	248.90194364563558	-248.90194364563564	506.1938872912712	0.0	248.90194364563564	506.1938872912712	-240.5119436456356	-248.90194364563558	506.1938872912712	-506.1938872912712	-240.5119436456357	240.5119436456356	-240.5119436456356	8.39	248.90194364563553
961	-413.31733489020326	-413.31733489020326	818.2446697804065	272.74822326013555	-553.886446520271	272.74822326013555	0.0	272.7482232601355	272.74822326013555	-272.7482232601355	553.886446520271	0.0	272.7482232601355	553.886446520271	-264.35822326013556	-272.74822326013555	553.886446520271	-553.886446520271	-264.3582232601357	264.35822326013556	-264.35822326013556	8.39	272.7482232601356
962	-302.9365	-302.9365	306.0041409190369	199.16100000000006	-698.1908590809632	199.16100000000006	291.47885908096316	199.16100000000006	199.16100000000006	-199.16100000000006	698.1908590809632	0.0	199.16100000000006	698.1908590809632	100.70785908096286	-199.16100000000006	698.1908590809632	-698.1908590809632	100.70785908096309	-100.70785908096286	100.70785908096309	8.39	199.16099999999994
963	-371.3165811378575	-371.3165811378575	597.483	199.16099999999994	-543.4721622757149	62.400837724285	0.0	62.400837724285	199.16099999999994	-62.400837724285	543.4721622757149	136.76016227571495	62.400837724285	543.4721622757149	-54.01083772428501	-199.16099999999994	543.4721622757149	-543.4721622757149	-54.01083772428501	54.01083772428501	-54.01083772428501	8.39	199.16099999999994
964	-437.31836848150874	-437.31836848150874	307.7601054445263	216.5616842407544	-1000.0	0.0	341.9249472777369	0.0	216.5616842407544	0.0	1000.0	216.56168424075435	0.0	1000.0	350.3149472777369	-216.5616842407544	1000.0	-1000.0	350.3149472777368	-350.3149472777369	350.3149472777368	8.39	216.56168424075446
965	-429.48854174818575	-429.48854174818575	284.27062524455727	212.6467708740929	-1000.0	0.0	353.6696873777214	0.0	212.6467708740929	0.0	1000.0	212.64677087409288	0.0	1000.0	362.0596873777213	-212.6467708740929	1000.0	-1000.0	362.0596873777213	-362.0596873777213	362.0596873777213	8.39	212.6467708740929
966	-439.43163311321973	-439.43163311321973	314.09989933965926	217.6183165566099	-1000.0	0.0	338.75505033017043	0.0	217.6183165566099	0.0	1000.0	217.61831655660987	0.0	1000.0	347.1450503301705	-217.6183165566099	1000.0	-1000.0	347.1450503301703	-347.1450503301705	347.1450503301703	8.39	217.6183165566099
967	-654.94115266942	-654.94115266942	976.11922900413	325.37307633471005	-984.5092290041299	0.0	0.0	0.0	325.37307633471005	0.0	984.5092290041299	325.37307633471	0.0	984.5092290041299	8.389999999999873	-325.37307633471005	984.5092290041299	-984.5092290041299	8.3900000000001	-8.389999999999873	8.389999999999873	8.39	325.3730763347099
968	-402.517	-402.517	374.24668990200206	199.16099999999994	-829.1093100979976	0.0	223.23631009799772	0.0	199.16099999999994	0.0	829.1093100979976	199.16099999999994	0.0	829.1093100979976	231.6263100979976	-199.16099999999994	829.1093100979976	-829.1093100979976	231.62631009799793	-231.6263100979976	231.62631009799782	8.39	199.16099999999994
969	-503.669073319512	-503.669073319512	755.503609979268	251.83453665975594	-755.5036099792682	8.389999999999873	0.0	8.389999999999873	251.83453665975594	-8.389999999999873	755.5036099792682	243.44453665975618	8.389999999999873	755.5036099792682	0.0	-251.83453665975594	755.5036099792682	-755.5036099792682	0.0	0.0	2.2737367544323206e-13	8.39	251.83453665975594
970	-645.6332499569778	-645.6332499569778	1000.0	354.3667500430224	-1000.0	134.5905002581341	63.10025012906709	134.5905002581341	354.3667500430224	-134.5905002581341	1000.0	219.77624978488822	134.5905002581341	1000.0	-63.100250129067035	-354.3667500430224	1000.0	-1000.0	-63.10025012906681	63.100250129067035	-63.100250129067035	8.39	354.3667500430222
971	-487.5277501749277	-487.5277501749277	966.6655003498553	322.22183344995176	-652.8336668999035	322.22183344995176	0.0	322.22183344995176	322.22183344995176	-322.22183344995176	652.8336668999035	0.0	322.22183344995176	652.8336668999035	-313.8318334499518	-322.22183344995176	652.8336668999035	-652.8336668999035	-313.83183344995166	313.8318334499518	-313.8318334499518	8.39	322.22183344995176
972	-402.51699999999977	-402.51699999999977	277.65875140100854	199.16099999999994	-925.6972485989904	0.0	319.82424859899095	0.0	199.16099999999994	0.0	925.6972485989904	199.16099999999983	0.0	925.6972485989904	328.21424859899093	-199.16099999999994	925.6972485989904	-925.6972485989904	328.21424859899116	-328.21424859899093	328.21424859899105	8.39	199.16099999999994
973	-339.77135316280015	-339.77135316280015	480.3817063256007	199.16099999999994	-597.4829999999993	125.49129367439855	117.10129367439855	125.49129367439855	199.16099999999994	-125.49129367439855	597.4829999999993	73.66970632560118	125.49129367439855	597.4829999999993	0.0	-199.16099999999994	597.4829999999993	-597.4829999999993	0.0	0.0	1.1368683772161603e-13	8.39	199.16099999999994
974	-485.7915945356003	-485.7915945356003	613.7119817853336	321.0643963570667	-1000.0	321.0643963570667	349.48120728586656	321.0643963570667	321.0643963570667	-321.0643963570667	1000.0	0.0	321.0643963570667	1000.0	36.80681092879985	-321.0643963570667	1000.0	-1000.0	36.80681092880036	-36.80681092879985	36.806810928799905	8.39	321.0643963570667
975	-660.6298921732631	-660.6298921732631	1000.0	339.370107826737	-1000.0	44.61064696042209	18.110323480211036	44.61064696042209	339.370107826737	-44.61064696042209	1000.0	294.75946086631495	44.61064696042209	1000.0	-18.11032348021105	-339.370107826737	1000.0	-1000.0	-18.11032348021081	18.11032348021105	-18.110323480211036	8.39	339.370107826737
976	-660.9152671843672	-660.9152671843672	1000.0	339.08473281563295	-1000.0	42.89839689379759	17.254198446898783	42.89839689379759	339.08473281563295	-42.89839689379759	1000.0	296.18633592183534	42.89839689379759	1000.0	-17.254198446898805	-339.08473281563295	1000.0	-1000.0	-17.2541984468985	17.254198446898805	-17.254198446898727	8.39	339.0847328156329
977	-524.0339019993883	-524.0339019993883	1000.0	333.33333333333337	-714.7344706654427	293.6555293345573	0.0	293.6555293345573	333.33333333333337	-293.6555293345573	714.7344706654427	39.67780399877605	293.6555293345573	714.7344706654427	-285.2655293345573	-333.33333333333337	714.7344706654427	-714.7344706654427	-285.26552933455696	285.2655293345573	-285.2655293345573	8.39	333.3333333333333
978	-319.9791875973508	-319.9791875973508	631.5683751947014	210.52279173156717	-429.43558346313426	210.52279173156717	0.0	210.52279173156717	210.52279173156717	-210.52279173156717	429.43558346313426	0.0	210.52279173156717	429.4355834631342	-202.13279173156718	-210.52279173156717	429.4355834631342	-429.4355834631342	-202.13279173156684	202.13279173156718	-202.13279173156718	8.39	210.52279173156717
979	-402.5169999999997	-402.5169999999997	222.055759608044	199.16099999999994	-981.3002403919552	0.0	375.4272403919556	0.0	199.16099999999994	0.0	981.3002403919552	199.16099999999983	0.0	981.3002403919552	383.8172403919556	-199.16099999999994	981.3002403919552	-981.3002403919552	383.81724039195586	-383.8172403919556	383.8172403919556	8.39	199.16099999999994
980	-647.1361967798882	-647.1361967798882	1000.0	352.8638032201119	-1000.0	125.57281932067103	58.59140966033552	125.57281932067103	352.8638032201119	-125.57281932067103	1000.0	227.2909838994408	125.57281932067103	1000.0	-58.591409660335515	-352.8638032201119	1000.0	-1000.0	-58.59140966033556	58.591409660335515	-58.59140966033556	8.39	352.86380322011195
981	-640.3610063942435	-640.3610063942435	1000.0	359.6389936057566	-1000.0	166.22396163453922	78.91698081726963	166.22396163453922	359.6389936057566	-166.22396163453922	1000.0	193.41503197121727	166.22396163453922	1000.0	-78.91698081726955	-359.6389936057566	1000.0	-1000.0	-78.91698081726963	78.91698081726955	-78.91698081726963	8.39	359.6389936057565
982	-302.93649999999997	-302.93649999999997	56.887401849727084	199.16099999999994	-947.3075981502727	199.16099999999994	540.5955981502728	199.16099999999994	199.16099999999994	-199.16099999999994	947.3075981502727	0.0	199.16099999999994	947.3075981502727	349.8245981502729	-199.16099999999994	947.3075981502727	-947.3075981502727	349.824598150273	-349.8245981502729	349.8245981502728	8.39	199.16099999999994
983	-464.8869891264328	-464.8869891264328	544.0299637547761	307.1279927509552	-1000.0	307.1279927509552	377.3540144980896	307.1279927509552	307.1279927509552	-307.1279927509552	1000.0	0.0	307.1279927509552	1000.0	78.61602174713443	-307.1279927509552	1000.0	-1000.0	78.61602174713448	-78.61602174713443	78.61602174713425	8.39	307.12799275095523
984	-478.02330100652773	-478.02330100652773	587.8176700217593	315.8855340043518	-1000.0	315.8855340043518	359.8389319912963	315.8855340043518	315.8855340043518	-315.8855340043518	1000.0	0.0	315.8855340043518	1000.0	52.34339798694447	-315.8855340043518	1000.0	-1000.0	52.34339798694418	-52.34339798694447	52.34339798694441	8.39	315.8855340043518
985	-318.5614933811899	-318.5614933811899	35.444986762379926	199.16100000000017	-1000.0	167.91101323762103	562.0380132376206	167.91101323762103	199.16100000000017	-167.91101323762103	1000.0	31.24998676237908	167.91101323762103	1000.0	402.51699999999954	-199.16100000000017	1000.0	-1000.0	402.5169999999998	-402.51699999999954	402.5169999999995	8.39	199.16099999999994
986	-640.5511532705121	-640.5511532705121	947.768973207691	333.33333333333326	-1000.0	60.62102679230884	52.23102679230889	60.62102679230884	333.33333333333326	-60.62102679230884	1000.0	272.7123065410245	60.62102679230884	1000.0	0.0	-333.33333333333326	1000.0	-1000.0	0.0	0.0	0.0	8.39	333.33333333333337
987	-358.169476751693	-358.169476751693	480.35596900225744	235.98298450112873	-707.9489535033862	235.98298450112873	227.59298450112874	235.98298450112873	235.98298450112873	-235.98298450112873	707.9489535033862	0.0	235.98298450112873	707.9489535033862	0.0	-235.98298450112873	707.9489535033862	-707.9489535033862	0.0	0.0	1.1368683772161603e-13	8.39	235.98298450112873
988	-593.5188598489112	-593.5188598489112	853.7043863644892	333.33333333333326	-1000.0	154.68561363551078	146.2956136355108	154.68561363551078	333.33333333333326	-154.68561363551078	1000.0	178.64771969782254	154.68561363551078	1000.0	0.0	-333.33333333333326	1000.0	-1000.0	0.0	0.0	0.0	8.39	333.3333333333335
989	-473.6088477405706	-473.6088477405706	634.2751303207606	312.94256516038035	-938.8276954811408	312.94256516038035	304.5525651603803	312.94256516038035	312.94256516038035	-312.94256516038035	938.8276954811408	0.0	312.94256516038035	938.8276954811408	0.0	-312.94256516038035	938.8276954811408	-938.8276954811408	0.0	0.0	0.0	8.39	312.94256516038035
990	-507.23659857678103	-507.23659857678103	1000.0	335.361065717854	-685.1953285892699	335.361065717854	6.083197153561969	335.361065717854	335.361065717854	-335.361065717854	685.1953285892699	0.0	335.361065717854	685.1953285892699	-320.88786856429203	-335.361065717854	685.1953285892699	-685.1953285892699	-320.887868564292	320.88786856429203	-320.88786856429203	8.39	335.361065717854
991	-302.9365	-302.9365	252.07422169231495	199.16100000000006	-752.1207783076851	199.16100000000006	345.4087783076851	199.161	199.16100000000006	-199.161	752.1207783076851	0.0	199.161	752.1207783076851	154.63777830768504	-199.16100000000006	752.1207783076851	-752.1207783076851	154.63777830768504	-154.63777830768504	154.63777830768504	8.39	199.16099999999994
992	-613.3368394140151	-613.3368394140151	1000.0	386.663160585985	-1000.0	328.36896351590997	159.989481757955	328.36896351590997	386.663160585985	-328.36896351590997	1000.0	58.29419707007504	328.36896351590997	1000.0	-159.989481757955	-386.663160585985	1000.0	-1000.0	-159.98948175795476	159.989481757955	-159.989481757955	8.39	386.663160585985
993	-527.784189542331	-527.784189542331	1000.0	333.33333333333337	-722.2350457513285	286.1549542486715	0.0	286.1549542486715	333.33333333333337	-286.1549542486715	722.2350457513285	47.17837908466182	286.1549542486715	722.2350457513285	-277.76495424867153	-333.33333333333337	722.2350457513285	-722.2350457513285	-277.76495424867153	277.76495424867153	-277.76495424867153	8.39	333.3333333333336
994	-529.0253185806046	-529.0253185806046	1000.0	333.33333333333337	-724.7173038278755	283.67269617212446	0.0	283.67269617212446	333.33333333333337	-283.67269617212446	724.7173038278755	49.660637161208854	283.67269617212446	724.7173038278755	-275.2826961721245	-333.33333333333337	724.7173038278755	-724.7173038278755	-275.28269617212436	275.2826961721245	-275.2826961721245	8.39	333.3333333333335
995	-526.8563525341165	-526.8563525341165	576.3740576023496	261.33067626705827	-1000.0	0.0	207.61797119882522	0.0	261.33067626705827	0.0	1000.0	261.33067626705827	0.0	1000.0	216.00797119882532	-261.33067626705827	1000.0	-1000.0	216.00797119882498	-216.00797119882532	216.0079711988252	8.39	261.3306762670584
996	-630.9023997140423	-630.9023997140423	928.471466094751	333.33333333333337	-1000.0	79.91853390524899	71.52853390524898	79.91853390524899	333.33333333333337	-79.91853390524899	1000.0	253.41479942808436	79.91853390524899	1000.0	0.0	-333.33333333333337	1000.0	-1000.0	0.0	0.0	1.1368683772161603e-13	8.39	333.33333333333314
997	-427.3147691477527	-427.3147691477527	846.2395382955057	282.0798460985019	-572.5496921970038	282.0798460985019	0.0	282.0798460985019	282.0798460985019	-282.0798460985019	572.5496921970038	0.0	282.0798460985019	572.5496921970038	-273.6898460985019	-282.0798460985019	572.5496921970038	-572.5496921970038	-273.68984609850213	273.6898460985019	-273.6898460985019	8.39	282.0798460985019
998	-589.1526857456607	-589.1526857456607	1000.0	389.9717904971072	-958.2489524855356	389.9717904971071	169.91537149132137	389.9717904971071	389.9717904971071	-389.9717904971071	958.2489524855356	0.0	389.9717904971071	958.2489524855356	-211.66641900578577	-389.9717904971072	958.2489524855356	-958.2489524855356	-211.66641900578566	211.66641900578577	-211.66641900578577	8.39	389.9717904971071
999	-630.072795573472	-630.072795573472	1000.0	333.33333333333337	-926.8122578136106	81.57774218638937	0.0	81.57774218638937	333.33333333333337	-81.57774218638937	926.8122578136106	251.7555911469439	81.57774218638937	926.8122578136106	-73.18774218638939	-333.33333333333337	926.8122578136106	-926.8122578136106	-73.18774218638941	73.18774218638939	-73.18774218638941	8.39	333.3333333333333
