	rxn10125	rxn13726	rxn00083	rxn00154	rxn00986	rxn00675	rxn05312	rxn05318	rxn00256	rxn10113	rxn00974	rxn00175	rxn00148	rxn10042	rxn12788	rxn00670	rxn00985	rxn00134	rxn13299	rxn13643	rxn00251	rxn05467	rxn05319	rxn05468	rxn05488	EX_cpd00029_e	EX_cpd00182_e	EX_cpd00011_e	EX_cpd00067_e	EX_cpd00001_e	EX_cpd00007_e	EX_cpd00009_e	rxn00695	EX_cpd00331_e	ATPM	DM_cpd00002_c
0	-8.619616666666966	120.2154000000037	-8.619616666666966	120.2154000000037	-163.0838666666716	163.0838666666716	592.6870000000185	197.56233333333952	120.2154000000037	120.2154000000037	-120.2154000000037	-240.4308000000074	120.2154000000037	120.2154000000037	120.2154000000037	163.0838666666717	-163.0838666666716	197.56233333333952	77.34693333333578	77.34693333333578	120.2154000000037	-240.4308000000074	-472.47160000001475	60.10770000000185	-240.4308000000074	240.4308000000074	-197.56233333333952	240.4308000000074	-232.04080000000747	472.47160000001475	-60.10770000000185	-592.6870000000185	77.34693333333578	-120.2154000000037	8.39	197.56233333333947
1	-12.00710311666684	160.86523740000223	-12.00710311666684	160.86523740000223	-217.28364986666963	217.28364986666963	795.9361870000112	265.31206233333705	160.86523740000223	160.86523740000223	-160.86523740000223	-321.73047480000446	160.86523740000223	160.86523740000223	160.86523740000223	217.28364986666963	-217.28364986666963	265.31206233333705	104.44682493333482	104.44682493333482	160.86523740000223	-321.73047480000446	-635.0709496000089	80.43261870000111	-321.73047480000446	321.73047480000446	-265.31206233333705	321.73047480000446	-313.34047480000453	635.0709496000089	-80.43261870000111	-795.9361870000112	104.44682493333482	-160.86523740000223	8.39	265.31206233333705
2	-5.232130216666775	79.56556260000156	-5.232130216666775	79.56556260000156	-108.88408346666874	108.88408346666874	389.4378130000078	129.81260433333594	79.56556260000156	79.56556260000156	-79.56556260000156	-159.1311252000031	79.56556260000156	79.56556260000156	79.56556260000156	108.88408346666874	-108.88408346666874	129.81260433333594	50.24704173333436	50.24704173333436	79.56556260000156	-159.1311252000031	-309.87225040000624	39.78278130000078	-159.1311252000031	159.1311252000031	-129.81260433333594	159.1311252000031	-150.7411252000031	309.87225040000624	-39.78278130000078	-389.4378130000078	50.24704173333436	-79.56556260000156	8.39	129.81260433333594
3	-13.71103595521695	181.31243146260357	-13.71103595521695	181.31243146260357	-244.54657528347144	244.54657528347144	898.1721573130178	299.3907191043393	181.31243146260357	181.31243146260357	-181.31243146260357	-362.62486292520714	181.31243146260357	181.31243146260357	181.31243146260357	244.54657528347138	-244.54657528347144	299.3907191043393	118.0782876417357	118.0782876417357	181.31243146260357	-362.62486292520714	-716.8597258504144	90.65621573130178	-362.62486292520714	362.62486292520714	-299.3907191043393	362.62486292520714	-354.2348629252071	716.8597258504144	-90.65621573130178	-898.1721573130178	118.0782876417357	-181.31243146260357	8.39	299.39071910433927
4	-6.929260928116871	99.93113113740255	-6.929260928116871	99.93113113740255	-136.03817484987007	136.03817484987007	491.2656556870128	163.75521856233757	99.93113113740255	99.93113113740255	-99.93113113740255	-199.8622622748051	99.93113113740255	99.93113113740255	99.93113113740255	136.03817484987013	-136.03817484987007	163.75521856233757	63.824087424935016	63.824087424935016	99.93113113740255	-199.8622622748051	-391.33452454961014	49.96556556870127	-199.8622622748051	199.8622622748051	-163.75521856233757	199.8622622748051	-191.47226227480516	391.33452454961014	-49.96556556870127	-491.2656556870128	63.824087424935016	-99.93113113740255	8.39	163.7552185623376
5	-10.316747378116903	140.5809685374028	-10.316747378116903	140.5809685374028	-190.23795804987043	190.23795804987043	694.5148426870142	231.50494756233803	140.5809685374028	140.5809685374028	-140.5809685374028	-281.1619370748056	140.5809685374028	140.5809685374028	140.5809685374028	190.23795804987043	-190.23795804987043	231.50494756233803	90.92397902493522	90.92397902493522	140.5809685374028	-281.1619370748056	-553.9338741496111	70.2904842687014	-281.1619370748056	281.1619370748056	-231.50494756233803	281.1619370748056	-272.77193707480563	553.9338741496111	-70.2904842687014	-694.5148426870142	90.92397902493522	-140.5809685374028	8.39	231.504947562338
6	-3.548522405216687	59.36226886260045	-3.548522405216687	59.36226886260045	-81.94635848346726	81.94635848346726	288.42134431300224	96.1404481043341	59.36226886260045	59.36226886260045	-59.36226886260045	-118.7245377252009	59.36226886260045	59.36226886260045	59.36226886260045	81.94635848346726	-81.94635848346726	96.1404481043341	36.778179241733625	36.778179241733625	59.36226886260045	-118.7245377252009	-229.0590754504018	29.681134431300226	-118.7245377252009	118.7245377252009	-96.1404481043341	118.7245377252009	-110.3345377252009	229.0590754504018	-29.681134431300226	-288.42134431300224	36.778179241733625	-59.36226886260045	8.39	96.14044810433407
7	-12.857365603103345	171.0683872372403	-12.857365603103345	171.0683872372403	-230.88784964965373	230.88784964965373	846.9519361862015	282.3173120620672	171.0683872372403	171.0683872372403	-171.0683872372403	-342.1367744744806	171.0683872372403	171.0683872372403	171.0683872372403	230.88784964965373	-230.88784964965373	282.3173120620672	111.24892482482687	111.24892482482687	171.0683872372403	-342.1367744744806	-675.8835489489611	85.53419361862015	-342.1367744744806	342.1367744744806	-282.3173120620672	342.1367744744806	-333.74677447448056	675.8835489489611	-85.53419361862015	-846.9519361862015	111.24892482482687	-171.0683872372403	8.39	282.3173120620671
8	-6.0789984416803735	89.72798130016449	-6.0789984416803735	89.72798130016449	-122.43397506688598	122.43397506688598	440.2499065008224	146.74996883360745	89.72798130016449	89.72798130016449	-89.72798130016449	-179.45596260032897	89.72798130016449	89.72798130016449	89.72798130016449	122.43397506688598	-122.43397506688598	146.74996883360745	57.02198753344299	57.02198753344299	89.72798130016449	-179.45596260032897	-350.52192520065796	44.86399065008224	-179.45596260032897	179.45596260032897	-146.74996883360745	179.45596260032897	-171.06596260032887	350.52192520065796	-44.86399065008224	-440.2499065008224	57.02198753344299	-89.72798130016449	8.39	146.7499688336075
9	-14.557904180230553	191.4748501627668	-14.557904180230553	191.4748501627668	-258.0964668836891	258.0964668836891	948.984250813834	316.3280836046114	191.4748501627668	191.4748501627668	-191.4748501627668	-382.9497003255336	191.4748501627668	191.4748501627668	191.4748501627668	258.09646688368906	-258.0964668836891	316.3280836046114	124.85323344184451	124.85323344184451	191.4748501627668	-382.9497003255336	-757.5094006510674	95.7374250813834	-382.9497003255336	382.9497003255336	-316.3280836046114	382.9497003255336	-374.55970032553364	757.5094006510674	-95.7374250813834	-948.984250813834	124.85323344184451	-191.4748501627668	8.39	316.3280836046114
10	-9.466484891680484	130.37781870016593	-9.466484891680484	130.37781870016593	-176.63375826688792	176.63375826688792	643.4990935008296	214.49969783360987	130.37781870016593	130.37781870016593	-130.37781870016593	-260.75563740033186	130.37781870016593	130.37781870016593	130.37781870016593	176.6337582668879	-176.63375826688792	214.49969783360987	84.12187913344394	84.12187913344394	130.37781870016593	-260.75563740033186	-513.1212748006637	65.18890935008297	-260.75563740033186	260.75563740033186	-214.49969783360987	260.75563740033186	-252.3656374003319	513.1212748006637	-65.18890935008297	-643.4990935008296	84.12187913344394	-130.37781870016593	8.39	214.49969783360996
11	-7.772748441653368	110.05298129984041	-7.772748441653368	110.05298129984041	-149.53397506645388	149.53397506645388	541.8749064992021	180.62496883306733	110.05298129984041	110.05298129984041	-110.05298129984041	-220.10596259968082	110.05298129984041	110.05298129984041	110.05298129984041	149.53397506645388	-149.53397506645388	180.62496883306733	70.57198753322695	70.57198753322695	110.05298129984041	-220.10596259968082	-431.82192519936166	55.026490649920206	-220.10596259968082	220.10596259968082	-180.62496883306733	220.10596259968082	-211.71596259968078	431.82192519936166	-55.026490649920206	-541.8749064992021	70.57198753322695	-110.05298129984041	8.39	180.62496883306738
12	-2.701654180203093	49.1998501624373	-2.701654180203093	49.1998501624373	-68.39646688324973	68.39646688324973	237.60925081218647	79.20308360406217	49.1998501624373	49.1998501624373	-49.1998501624373	-98.3997003248746	49.1998501624373	49.1998501624373	49.1998501624373	68.39646688324973	-68.39646688324973	79.20308360406217	30.00323344162486	30.00323344162486	49.1998501624373	-98.3997003248746	-188.40940064974922	24.59992508121865	-98.3997003248746	98.3997003248746	-79.20308360406217	98.3997003248746	-90.0097003248746	188.40940064974922	-24.59992508121865	-237.60925081218647	30.00323344162486	-49.1998501624373	8.39	79.20308360406219
13	-11.16361560313042	150.74338723756517	-11.16361560313042	150.74338723756517	-203.7878496500869	203.7878496500869	745.3269361878258	248.44231206260864	150.74338723756517	150.74338723756517	-150.74338723756517	-301.48677447513035	150.74338723756517	150.74338723756517	150.74338723756517	203.78784965008686	-203.7878496500869	248.44231206260864	97.69892482504343	97.69892482504343	150.74338723756517	-301.48677447513035	-594.5835489502606	75.37169361878259	-301.48677447513035	301.48677447513035	-248.44231206260864	301.48677447513035	-293.09677447513025	594.5835489502606	-75.37169361878259	-745.3269361878258	97.69892482504343	-150.74338723756517	8.39	248.4423120626086
14	-4.392009918753181	69.48411902503817	-4.392009918753181	69.48411902503817	-95.4421587000509	95.4421587000509	339.03059512519087	113.0101983750636	69.48411902503817	69.48411902503817	-69.48411902503817	-138.96823805007634	69.48411902503817	69.48411902503817	69.48411902503817	95.4421587000509	-95.4421587000509	113.0101983750636	43.52607935002545	43.52607935002545	69.48411902503817	-138.96823805007634	-269.5464761001527	34.742059512519084	-138.96823805007634	138.96823805007634	-113.0101983750636	138.96823805007634	-130.5782380500763	269.5464761001527	-34.742059512519084	-339.03059512519087	43.52607935002545	-69.48411902503817	8.39	113.01019837506365
15	-13.285054449512263	176.20065339414717	-13.285054449512263	176.20065339414717	-237.73087119219622	237.73087119219622	872.6132669707358	290.8710889902453	176.20065339414717	176.20065339414717	-176.20065339414717	-352.40130678829433	176.20065339414717	176.20065339414717	176.20065339414717	237.73087119219622	-237.73087119219622	290.8710889902453	114.6704355960981	114.6704355960981	176.20065339414717	-352.40130678829433	-696.4126135765886	88.10032669707358	-352.40130678829433	352.40130678829433	-290.8710889902453	352.40130678829433	-344.0113067882946	696.4126135765886	-88.10032669707358	-872.6132669707358	114.6704355960981	-176.20065339414717	8.39	290.87108899024525
16	-12.43308462237153	165.97701546845835	-12.43308462237153	165.97701546845835	-224.09935395794446	224.09935395794446	821.4950773422918	273.83169244743056	165.97701546845835	165.97701546845835	-165.97701546845835	-331.9540309369167	165.97701546845835	165.97701546845835	165.97701546845835	224.09935395794446	-224.09935395794446	273.83169244743056	107.85467697897224	107.85467697897224	165.97701546845835	-331.9540309369167	-655.5180618738334	82.98850773422917	-331.9540309369167	331.9540309369167	-273.83169244743056	331.9540309369167	-323.5640309369165	655.5180618738334	-82.98850773422917	-821.4950773422918	107.85467697897224	-165.97701546845835	8.39	273.8316924474306
17	-6.504979947385059	94.8397593686207	-6.504979947385059	94.8397593686207	-129.24967915816094	129.24967915816094	465.80879684310355	155.26959894770116	94.8397593686207	94.8397593686207	-94.8397593686207	-189.6795187372414	94.8397593686207	94.8397593686207	94.8397593686207	129.24967915816094	-129.24967915816094	155.26959894770116	60.42983957908047	60.42983957908047	94.8397593686207	-189.6795187372414	-370.96903747448283	47.41987968431035	-189.6795187372414	189.6795187372414	-155.26959894770116	189.6795187372414	-181.28951873724137	370.96903747448283	-47.41987968431035	-465.80879684310355	60.42983957908047	-94.8397593686207	8.39	155.2695989477012
18	-14.98388568593524	196.58662823122307	-14.98388568593524	196.58662823122307	-264.9121709749641	264.9121709749641	974.5431411561153	324.84771371870517	196.58662823122307	196.58662823122307	-196.58662823122307	-393.17325646244615	196.58662823122307	196.58662823122307	196.58662823122307	264.9121709749641	-264.9121709749641	324.84771371870517	128.26108548748203	128.26108548748203	196.58662823122307	-393.17325646244615	-777.9565129248924	98.29331411561154	-393.17325646244615	393.17325646244615	-324.84771371870517	393.17325646244615	-384.7832564624461	777.9565129248924	-98.29331411561154	-974.5431411561153	128.26108548748203	-196.58662823122307	8.39	324.8477137187051
19	-9.89246639738513	135.48959676862168	-9.89246639738513	135.48959676862168	-183.44946235816224	183.44946235816224	669.0579838431083	223.0193279477028	135.48959676862168	135.48959676862168	-135.48959676862168	-270.97919353724336	135.48959676862168	135.48959676862168	135.48959676862168	183.44946235816215	-183.44946235816224	223.0193279477028	87.52973117908112	87.52973117908112	135.48959676862168	-270.97919353724336	-533.5683870744867	67.74479838431084	-270.97919353724336	270.97919353724336	-223.0193279477028	270.97919353724336	-262.5891935372433	533.5683870744867	-67.74479838431084	-669.0579838431083	87.52973117908112	-135.48959676862168	8.39	223.01932794770283
20	-14.135316935948763	186.40380323138515	-14.135316935948763	186.40380323138515	-251.3350709751802	251.3350709751802	923.6290161569258	307.87633871897526	186.40380323138515	186.40380323138515	-186.40380323138515	-372.8076064627703	186.40380323138515	186.40380323138515	186.40380323138515	251.3350709751802	-251.3350709751802	307.87633871897526	121.47253548759011	121.47253548759011	186.40380323138515	-372.8076064627703	-737.2252129255406	93.20190161569258	-372.8076064627703	372.8076064627703	-307.87633871897526	372.8076064627703	-364.4176064627702	737.2252129255406	-93.20190161569258	-923.6290161569258	121.47253548759011	-186.40380323138515	8.39	307.87633871897526
21	-5.6564111973985876	84.65693436878306	-5.6564111973985876	84.65693436878306	-115.6725791583774	115.6725791583774	414.89467184391526	138.29822394797176	84.65693436878306	84.65693436878306	-84.65693436878306	-169.3138687375661	84.65693436878306	84.65693436878306	84.65693436878306	115.6725791583774	-115.6725791583774	138.29822394797176	53.6412895791887	53.6412895791887	84.65693436878306	-169.3138687375661	-330.23773747513223	42.32846718439153	-169.3138687375661	169.3138687375661	-138.29822394797176	169.3138687375661	-160.92386873756612	330.23773747513223	-42.32846718439153	-414.89467184391526	53.6412895791887	-84.65693436878306	8.39	138.29822394797174
22	-8.19702942238518	115.14435306862214	-8.19702942238518	115.14435306862214	-156.32247075816286	156.32247075816286	567.3317653431106	189.11058844770355	115.14435306862214	115.14435306862214	-115.14435306862214	-230.28870613724428	115.14435306862214	115.14435306862214	115.14435306862214	156.32247075816286	-156.32247075816286	189.11058844770355	73.96623537908144	73.96623537908144	115.14435306862214	-230.28870613724428	-452.1874122744885	57.57217653431107	-230.28870613724428	230.28870613724428	-189.11058844770355	230.28870613724428	-221.89870613724418	452.1874122744885	-57.57217653431107	-567.3317653431106	73.96623537908144	-115.14435306862214	8.39	189.11058844770358
23	-3.1259351609349038	54.29122193121884	-3.1259351609349038	54.29122193121884	-75.18496257495846	75.18496257495846	263.0661096560942	87.68870321869807	54.29122193121884	54.29122193121884	-54.29122193121884	-108.58244386243769	54.29122193121884	54.29122193121884	54.29122193121884	75.18496257495846	-75.18496257495846	87.68870321869807	33.39748128747923	33.39748128747923	54.29122193121884	-108.58244386243769	-208.77488772487538	27.14561096560942	-108.58244386243769	108.58244386243769	-87.68870321869807	108.58244386243769	-100.1924438624377	208.77488772487538	-27.14561096560942	-263.0661096560942	33.39748128747923	-54.29122193121884	8.39	87.68870321869807
24	-10.741028358848675	145.67234030618408	-10.741028358848675	145.67234030618408	-197.0264537415788	197.0264537415788	719.9717015309204	239.99056717697346	145.67234030618408	145.67234030618408	-145.67234030618408	-291.34468061236817	145.67234030618408	145.67234030618408	145.67234030618408	197.0264537415788	-197.0264537415788	239.99056717697346	94.3182268707894	94.3182268707894	145.67234030618408	-291.34468061236817	-574.2993612247363	72.83617015309204	-291.34468061236817	291.34468061236817	-239.99056717697346	291.34468061236817	-282.95468061236807	574.2993612247363	-72.83617015309204	-719.9717015309204	94.3182268707894	-145.67234030618408	8.39	239.99056717697349
25	-9.043897647398738	125.30677176878484	-9.043897647398738	125.30677176878484	-169.8723623583798	169.8723623583798	618.1438588439242	206.0479529479747	125.30677176878484	125.30677176878484	-125.30677176878484	-250.61354353756968	125.30677176878484	125.30677176878484	125.30677176878484	169.8723623583798	-169.8723623583798	206.0479529479747	80.74118117918991	80.74118117918991	125.30677176878484	-250.61354353756968	-492.8370870751394	62.65338588439242	-250.61354353756968	250.61354353756968	-206.0479529479747	250.61354353756968	-242.22354353756958	492.8370870751394	-62.65338588439242	-618.1438588439242	80.74118117918991	-125.30677176878484	8.39	206.04795294797478
26	-7.351848172398656	105.00217806878385	-7.351848172398656	105.00217806878385	-142.79957075837848	142.79957075837848	516.6208903439192	172.20696344797307	105.00217806878385	105.00217806878385	-105.00217806878385	-210.0043561375677	105.00217806878385	105.00217806878385	105.00217806878385	142.79957075837848	-142.79957075837848	172.20696344797307	67.20478537918925	67.20478537918925	105.00217806878385	-210.0043561375677	-411.61871227513535	52.501089034391924	-210.0043561375677	210.0043561375677	-172.20696344797307	210.0043561375677	-201.6143561375676	411.61871227513535	-52.501089034391924	-516.6208903439192	67.20478537918925	-105.00217806878385	8.39	172.2069634479731
27	-3.9711096494984703	64.43331579398165	-3.9711096494984703	64.43331579398165	-88.70775439197553	88.70775439197553	313.7765789699082	104.59219298996942	64.43331579398165	64.43331579398165	-64.43331579398165	-128.8666315879633	64.43331579398165	64.43331579398165	64.43331579398165	88.70775439197553	-88.70775439197553	104.59219298996942	40.15887719598776	40.15887719598776	64.43331579398165	-128.8666315879633	-249.3432631759266	32.216657896990824	-128.8666315879633	128.8666315879633	-104.59219298996942	128.8666315879633	-120.47663158796328	249.3432631759266	-32.216657896990824	-313.7765789699082	40.15887719598776	-64.43331579398165	8.39	104.59219298996942
28	-2.2807539109484054	44.14904693138076	-2.2807539109484054	44.14904693138076	-61.662062575174346	61.662062575174346	212.3552346569038	70.78507821896793	44.14904693138076	44.14904693138076	-44.14904693138076	-88.29809386276152	44.14904693138076	44.14904693138076	44.14904693138076	61.662062575174346	-61.662062575174346	70.78507821896793	26.636031287587176	26.636031287587176	44.14904693138076	-88.29809386276152	-168.20618772552302	22.07452346569038	-88.29809386276152	88.29809386276152	-70.78507821896793	88.29809386276152	-79.90809386276152	168.20618772552302	-22.07452346569038	-212.3552346569038	26.636031287587176	-44.14904693138076	8.39	70.78507821896793
29	-11.584515872385094	155.79419046862125	-11.584515872385094	155.79419046862125	-210.52225395816168	210.52225395816168	770.5809523431062	256.86031744770213	155.79419046862125	155.79419046862125	-155.79419046862125	-311.5883809372425	155.79419046862125	155.79419046862125	155.79419046862125	210.52225395816163	-210.52225395816168	256.86031744770213	101.06612697908082	101.06612697908082	155.79419046862125	-311.5883809372425	-614.7867618744849	77.89709523431063	-311.5883809372425	311.5883809372425	-256.86031744770213	311.5883809372425	-303.19838093724246	614.7867618744849	-77.89709523431063	-770.5809523431062	101.06612697908082	-155.79419046862125	8.39	256.8603174477021
30	-4.811229947412064	74.51475936894477	-4.811229947412064	74.51475936894477	-102.14967915859303	102.14967915859303	364.1837968447238	121.39459894824127	74.51475936894477	74.51475936894477	-74.51475936894477	-149.02951873788953	74.51475936894477	74.51475936894477	74.51475936894477	102.14967915859303	-102.14967915859303	121.39459894824127	46.879839579296515	46.879839579296515	74.51475936894477	-149.02951873788953	-289.6690374757791	37.25737968447238	-149.02951873788953	149.02951873788953	-121.39459894824127	149.02951873788953	-140.6395187378895	289.6690374757791	-37.25737968447238	-364.1837968447238	46.879839579296515	-74.51475936894477	8.39	121.39459894824125
31	-13.070782337461393	173.62938804953671	-13.070782337461393	173.62938804953671	-234.30251739938228	234.30251739938228	859.7569402476836	286.58564674922786	173.62938804953671	173.62938804953671	-173.62938804953671	-347.25877609907343	173.62938804953671	173.62938804953671	173.62938804953671	234.30251739938228	-234.30251739938228	286.58564674922786	112.95625869969115	112.95625869969115	173.62938804953671	-347.25877609907343	-686.1275521981469	86.81469402476836	-347.25877609907343	347.25877609907343	-286.58564674922786	347.25877609907343	-338.86877609907333	686.1275521981469	-86.81469402476836	-859.7569402476836	112.95625869969115	-173.62938804953671	8.39	286.58564674922786
32	-12.21966788801348	163.41601465616176	-12.21966788801348	163.41601465616176	-220.68468620821568	220.68468620821568	808.6900732808087	269.5633577602696	163.41601465616176	163.41601465616176	-163.41601465616176	-326.8320293123235	163.41601465616176	163.41601465616176	163.41601465616176	220.68468620821568	-220.68468620821568	269.5633577602696	106.14734310410785	106.14734310410785	163.41601465616176	-326.8320293123235	-645.2740586246471	81.70800732808088	-326.8320293123235	326.8320293123235	-269.5633577602696	326.8320293123235	-318.44202931232354	645.2740586246471	-81.70800732808088	-808.6900732808087	106.14734310410785	-163.41601465616176	8.39	269.56335776026964
33	-14.770468951577191	194.0256274189263	-14.770468951577191	194.0256274189263	-261.49750322523505	261.49750322523505	961.7381370946314	320.5793790315438	194.0256274189263	194.0256274189263	-194.0256274189263	-388.0512548378526	194.0256274189263	194.0256274189263	194.0256274189263	261.49750322523505	-261.49750322523505	320.5793790315438	126.55375161261753	126.55375161261753	194.0256274189263	-388.0512548378526	-767.7125096757052	97.01281370946315	-388.0512548378526	388.0512548378526	-320.5793790315438	388.0512548378526	-379.6612548378525	767.7125096757052	-97.01281370946315	-961.7381370946314	126.55375161261753	-194.0256274189263	8.39	320.57937903154385
34	-13.497619220858901	178.75143065030682	-13.497619220858901	178.75143065030682	-241.13190753374244	241.13190753374244	885.3671532515341	295.122384417178	178.75143065030682	178.75143065030682	-178.75143065030682	-357.50286130061363	178.75143065030682	178.75143065030682	178.75143065030682	241.13190753374244	-241.13190753374244	295.122384417178	116.37095376687121	116.37095376687121	178.75143065030682	-357.50286130061363	-706.6157226012273	89.37571532515341	-357.50286130061363	357.50286130061363	-295.122384417178	357.50286130061363	-349.11286130061376	706.6157226012273	-89.37571532515341	-885.3671532515341	116.37095376687121	-178.75143065030682	8.39	295.1223844171782
35	-6.291563213027011	92.27875855632414	-6.291563213027011	92.27875855632414	-125.83501140843218	125.83501140843218	453.0037927816207	151.0012642605402	92.27875855632414	92.27875855632414	-92.27875855632414	-184.55751711264827	92.27875855632414	92.27875855632414	92.27875855632414	125.83501140843218	-125.83501140843218	151.0012642605402	58.72250570421609	58.72250570421609	92.27875855632414	-184.55751711264827	-360.72503422529655	46.13937927816207	-184.55751711264827	184.55751711264827	-151.0012642605402	184.55751711264827	-176.16751711264828	360.72503422529655	-46.13937927816207	-453.0037927816207	58.72250570421609	-92.27875855632414	8.39	151.0012642605402
36	-9.679049663027103	132.9285959563252	-9.679049663027103	132.9285959563252	-180.03479460843363	180.03479460843363	656.2529797816261	218.75099326054197	132.9285959563252	132.9285959563252	-132.9285959563252	-265.8571919126504	132.9285959563252	132.9285959563252	132.9285959563252	180.03479460843363	-180.03479460843363	218.75099326054197	85.82239730421682	85.82239730421682	132.9285959563252	-265.8571919126504	-523.3243838253009	66.4642979781626	-265.8571919126504	265.8571919126504	-218.75099326054197	265.8571919126504	-257.4671919126503	523.3243838253009	-66.4642979781626	-656.2529797816261	85.82239730421682	-132.9285959563252	8.39	218.75099326054206
37	-12.644800831756697	168.51760998108048	-12.644800831756697	168.51760998108048	-227.48681330810732	227.48681330810732	834.1980499054024	278.06601663513413	168.51760998108048	168.51760998108048	-168.51760998108048	-337.03521996216097	168.51760998108048	168.51760998108048	168.51760998108048	227.48681330810732	-227.48681330810732	278.06601663513413	109.54840665405364	109.54840665405364	168.51760998108048	-337.03521996216097	-665.6804399243218	84.25880499054024	-337.03521996216097	337.03521996216097	-278.06601663513413	337.03521996216097	-328.645219962161	665.6804399243218	-84.25880499054024	-834.1980499054024	109.54840665405364	-168.51760998108048	8.39	278.0660166351342
38	-13.92360072656359	183.86320871876325	-13.92360072656359	183.86320871876325	-247.94761162501766	247.94761162501766	910.9260435938163	303.6420145312721	183.86320871876325	183.86320871876325	-183.86320871876325	-367.7264174375265	183.86320871876325	183.86320871876325	183.86320871876325	247.94761162501766	-247.94761162501766	303.6420145312721	119.77880581250884	119.77880581250884	183.86320871876325	-367.7264174375265	-727.0628348750529	91.93160435938162	-367.7264174375265	367.7264174375265	-303.6420145312721	367.7264174375265	-359.3364174375267	727.0628348750529	-91.93160435938162	-910.9260435938163	119.77880581250884	-183.86320871876325	8.39	303.64201453127214
39	-5.444694988013413	82.11633985616095	-5.444694988013413	82.11633985616095	-112.2851198082146	112.2851198082146	402.19169928080476	134.06389976026824	82.11633985616095	82.11633985616095	-82.11633985616095	-164.2326797123219	82.11633985616095	82.11633985616095	82.11633985616095	112.2851198082146	-112.2851198082146	134.06389976026824	51.9475599041073	51.9475599041073	82.11633985616095	-164.2326797123219	-320.0753594246438	41.058169928080474	-164.2326797123219	164.2326797123219	-134.06389976026824	164.2326797123219	-155.8426797123219	320.0753594246438	-41.058169928080474	-402.19169928080476	51.9475599041073	-82.11633985616095	8.39	134.0638997602682
40	-7.985313213000006	112.60375855600006	-7.985313213000006	112.60375855600006	-152.9350114080001	152.9350114080001	554.6287927800004	184.87626426000008	112.60375855600006	112.60375855600006	-112.60375855600006	-225.20751711200012	112.60375855600006	112.60375855600006	112.60375855600006	152.9350114080001	-152.9350114080001	184.87626426000008	72.27250570400005	72.27250570400005	112.60375855600006	-225.20751711200012	-442.0250342240003	56.30187927800003	-225.20751711200012	225.20751711200012	-184.87626426000008	225.20751711200012	-216.81751711200025	442.0250342240003	-56.30187927800003	-554.6287927800004	72.27250570400005	-112.60375855600006	8.39	184.8762642600001
41	-6.717544718731697	97.39053662478034	-6.717544718731697	97.39053662478034	-132.65071549970713	132.65071549970713	478.5626831239017	159.52089437463388	97.39053662478034	97.39053662478034	-97.39053662478034	-194.78107324956068	97.39053662478034	97.39053662478034	97.39053662478034	132.65071549970713	-132.65071549970713	159.52089437463388	62.13035774985357	62.13035774985357	97.39053662478034	-194.78107324956068	-381.17214649912137	48.69526831239017	-194.78107324956068	194.78107324956068	-159.52089437463388	194.78107324956068	-186.39107324956063	381.17214649912137	-48.69526831239017	-478.5626831239017	62.13035774985357	-97.39053662478034	8.39	159.5208943746339
42	-2.91421895154973	51.75062741859677	-2.91421895154973	51.75062741859677	-71.79750322479569	71.79750322479569	250.36313709298386	83.45437903099463	51.75062741859677	51.75062741859677	-51.75062741859677	-103.50125483719354	51.75062741859677	51.75062741859677	51.75062741859677	71.79750322479569	-71.79750322479569	83.45437903099463	31.70375161239784	31.70375161239784	51.75062741859677	-103.50125483719354	-198.61250967438707	25.875313709298386	-103.50125483719354	103.50125483719354	-83.45437903099463	103.50125483719354	-95.11125483719356	198.61250967438707	-25.875313709298386	-250.36313709298386	31.70375161239784	-51.75062741859677	8.39	83.4543790309946
43	-15.196450457281882	199.13740548738278	-15.196450457281882	199.13740548738278	-268.3132073165104	268.3132073165104	987.2970274369138	329.099009145638	199.13740548738278	199.13740548738278	-199.13740548738278	-398.27481097476556	199.13740548738278	199.13740548738278	199.13740548738278	268.31320731651033	-268.3132073165104	329.099009145638	129.96160365825517	129.96160365825517	199.13740548738278	-398.27481097476556	-788.1596219495311	99.56870274369139	-398.27481097476556	398.27481097476556	-329.099009145638	398.27481097476556	-389.8848109747656	788.1596219495311	-99.56870274369139	-987.2970274369138	129.96160365825517	-199.13740548738278	8.39	329.099009145638
44	-10.529312149463522	143.13174579356237	-10.529312149463522	143.13174579356237	-193.6389943914165	193.6389943914165	707.268728967812	235.75624298927062	143.13174579356237	143.13174579356237	-143.13174579356237	-286.26349158712475	143.13174579356237	143.13174579356237	143.13174579356237	193.63899439141662	-193.6389943914165	235.75624298927062	92.62449719570824	92.62449719570824	143.13174579356237	-286.26349158712475	-564.1369831742494	71.56587289678119	-286.26349158712475	286.26349158712475	-235.75624298927062	286.26349158712475	-277.8734915871249	564.1369831742494	-71.56587289678119	-707.268728967812	92.62449719570824	-143.13174579356237	8.39	235.7562429892706
45	-10.105031168731749	138.040374024781	-10.105031168731749	138.040374024781	-186.850498699708	186.850498699708	681.811870123905	227.27062337463497	138.040374024781	138.040374024781	-138.040374024781	-276.080748049562	138.040374024781	138.040374024781	138.040374024781	186.850498699708	-186.850498699708	227.27062337463497	89.23024934985399	89.23024934985399	138.040374024781	-276.080748049562	-543.7714960991241	69.0201870123905	-276.080748049562	276.080748049562	-227.27062337463497	276.080748049562	-267.6907480495621	543.7714960991241	-69.0201870123905	-681.811870123905	89.23024934985399	-138.040374024781	8.39	227.27062337463502
46	-8.832181438013585	122.76617725616303	-8.832181438013585	122.76617725616303	-166.48490300821737	166.48490300821737	605.4408862808152	201.81362876027174	122.76617725616303	122.76617725616303	-122.76617725616303	-245.53235451232607	122.76617725616303	122.76617725616303	122.76617725616303	166.48490300821737	-166.48490300821737	201.81362876027174	79.04745150410868	79.04745150410868	122.76617725616303	-245.53235451232607	-482.6747090246521	61.383088628081516	-245.53235451232607	245.53235451232607	-201.81362876027174	245.53235451232607	-237.14235451232608	482.6747090246521	-61.383088628081516	-605.4408862808152	79.04745150410868	-122.76617725616303	8.39	201.81362876027174
47	-14.347033145333967	188.94439774400735	-14.347033145333967	188.94439774400735	-254.72253032534312	254.72253032534312	936.3319887200366	312.1106629066789	188.94439774400735	188.94439774400735	-188.94439774400735	-377.8887954880147	188.94439774400735	188.94439774400735	188.94439774400735	254.72253032534312	-254.72253032534312	312.1106629066789	123.16626516267156	123.16626516267156	188.94439774400735	-377.8887954880147	-747.3875909760294	94.47219887200367	-377.8887954880147	377.8887954880147	-312.1106629066789	377.8887954880147	-369.4987954880147	747.3875909760294	-94.47219887200367	-936.3319887200366	123.16626516267156	-188.94439774400735	8.39	312.11066290667895
48	-8.40790045728179	117.67480548738159	-8.40790045728179	117.67480548738159	-159.69640731650878	159.69640731650878	579.9840274369079	193.32800914563597	117.67480548738159	117.67480548738159	-117.67480548738159	-235.34961097476318	117.67480548738159	117.67480548738159	117.67480548738159	159.69640731650875	-159.69640731650878	193.32800914563597	75.6532036582544	75.6532036582544	117.67480548738159	-235.34961097476318	-462.3092219495263	58.837402743690795	-235.34961097476318	235.34961097476318	-193.32800914563597	235.34961097476318	-226.9596109747631	462.3092219495263	-58.837402743690795	-579.9840274369079	75.6532036582544	-117.67480548738159	8.39	193.328009145636
49	-5.8672822322951985	87.18738678754238	-5.8672822322951985	87.18738678754238	-119.04651571672318	119.04651571672318	427.54693393771197	142.51564464590396	87.18738678754238	87.18738678754238	-87.18738678754238	-174.37477357508476	87.18738678754238	87.18738678754238	87.18738678754238	119.04651571672318	-119.04651571672318	142.51564464590396	55.32825785836159	55.32825785836159	87.18738678754238	-174.37477357508476	-340.35954715016953	43.59369339377119	-174.37477357508476	174.37477357508476	-142.51564464590396	174.37477357508476	-165.98477357508477	340.35954715016953	-43.59369339377119	-427.54693393771197	55.32825785836159	-87.18738678754238	8.39	142.515644645904
50	-7.140131963013481	102.46158355616178	-7.140131963013481	102.46158355616178	-139.4121114082157	139.4121114082157	503.91791778080886	167.97263926026966	102.46158355616178	102.46158355616178	-102.46158355616178	-204.92316711232357	102.46158355616178	102.46158355616178	102.46158355616178	139.4121114082157	-139.4121114082157	167.97263926026966	65.51105570410785	65.51105570410785	102.46158355616178	-204.92316711232357	-401.4563342246471	51.23079177808089	-204.92316711232357	204.92316711232357	-167.97263926026966	204.92316711232357	-196.53316711232347	401.4563342246471	-51.23079177808089	-503.91791778080886	65.51105570410785	-102.46158355616178	8.39	167.97263926026966
51	-3.759393440113297	61.89272128135957	-3.759393440113297	61.89272128135957	-85.32029504181276	85.32029504181276	301.0736064067978	100.35786880226595	61.89272128135957	61.89272128135957	-61.89272128135957	-123.78544256271914	61.89272128135957	61.89272128135957	61.89272128135957	85.32029504181276	-85.32029504181276	100.35786880226595	38.46514752090638	38.46514752090638	61.89272128135957	-123.78544256271914	-239.1808851254383	30.946360640679785	-123.78544256271914	123.78544256271914	-100.35786880226595	123.78544256271914	-115.39544256271913	239.1808851254383	-30.946360640679785	-301.0736064067978	38.46514752090638	-61.89272128135957	8.39	100.35786880226595
52	-3.336806195831514	56.82167434997817	-3.336806195831514	56.82167434997817	-78.55889913330422	78.55889913330422	275.7183717498908	91.90612391663028	56.82167434997817	56.82167434997817	-56.82167434997817	-113.64334869995633	56.82167434997817	56.82167434997817	56.82167434997817	78.55889913330422	-78.55889913330422	91.90612391663028	35.08444956665211	35.08444956665211	56.82167434997817	-113.64334869995633	-218.89669739991265	28.410837174989084	-113.64334869995633	113.64334869995633	-91.90612391663028	113.64334869995633	-105.25334869995635	218.89669739991265	-28.410837174989084	-275.7183717498908	35.08444956665211	-56.82167434997817	8.39	91.90612391663026
53	-2.0690377015632038	41.608452418758674	-2.0690377015632038	41.608452418758674	-58.27460322501156	58.27460322501156	199.65226209379335	66.55075403126446	41.608452418758674	41.608452418758674	-41.608452418758674	-83.21690483751735	41.608452418758674	41.608452418758674	41.608452418758674	58.27460322501156	-58.27460322501156	66.55075403126446	24.942301612505776	24.942301612505776	41.608452418758674	-83.21690483751735	-158.0438096750347	20.804226209379337	-83.21690483751735	83.21690483751735	-66.55075403126446	83.21690483751735	-74.82690483751735	158.0438096750347	-20.804226209379337	-199.65226209379335	24.942301612505776	-41.608452418758674	8.39	66.55075403126447
54	-11.796232081770249	158.33478498124313	-11.796232081770249	158.33478498124313	-213.9097133083242	213.9097133083242	783.2839249062156	261.09464163540525	158.33478498124313	158.33478498124313	-158.33478498124313	-316.66956996248626	158.33478498124313	158.33478498124313	158.33478498124313	213.90971330832411	-213.9097133083242	261.09464163540525	102.75985665416206	102.75985665416206	158.33478498124313	-316.66956996248626	-624.9491399249725	79.16739249062157	-316.66956996248626	316.66956996248626	-261.09464163540525	316.66956996248626	-308.2795699624862	624.9491399249725	-79.16739249062157	-783.2839249062156	102.75985665416206	-158.33478498124313	8.39	261.0946416354052
55	-10.95274456823383	148.21293481880596	-10.95274456823383	148.21293481880596	-200.41391309174128	200.41391309174128	732.6746740940298	244.22489136467664	148.21293481880596	148.21293481880596	-148.21293481880596	-296.4258696376119	148.21293481880596	148.21293481880596	148.21293481880596	200.41391309174128	-200.41391309174128	244.22489136467664	96.01195654587065	96.01195654587065	148.21293481880596	-296.4258696376119	-584.4617392752237	74.10646740940298	-296.4258696376119	296.4258696376119	-244.22489136467664	296.4258696376119	-288.03586963761194	584.4617392752237	-74.10646740940298	-732.6746740940298	96.01195654587065	-148.21293481880596	8.39	244.22489136467658
56	-9.255613856783894	127.84736628140672	-9.255613856783894	127.84736628140672	-173.2598217085423	173.2598217085423	630.8468314070336	210.28227713567787	127.84736628140672	127.84736628140672	-127.84736628140672	-255.69473256281344	127.84736628140672	127.84736628140672	127.84736628140672	173.2598217085423	-173.2598217085423	210.28227713567787	82.43491085427115	82.43491085427115	127.84736628140672	-255.69473256281344	-502.9994651256269	63.92368314070336	-255.69473256281344	255.69473256281344	-210.28227713567787	255.69473256281344	-247.30473256281346	502.9994651256269	-63.92368314070336	-630.8468314070336	82.43491085427115	-127.84736628140672	8.39	210.28227713567787
57	-5.0221009823085865	77.04521178770423	-5.0221009823085865	77.04521178770423	-105.52361571693896	105.52361571693896	376.8360589385211	125.61201964617374	77.04521178770423	77.04521178770423	-77.04521178770423	-154.09042357540847	77.04521178770423	77.04521178770423	77.04521178770423	105.52361571693896	-105.52361571693896	125.61201964617374	48.56680785846948	48.56680785846948	77.04521178770423	-154.09042357540847	-299.79084715081694	38.522605893852116	-154.09042357540847	154.09042357540847	-125.61201964617374	154.09042357540847	-145.7004235754086	299.79084715081694	-38.522605893852116	-376.8360589385211	48.56680785846948	-77.04521178770423	8.39	125.61201964617369
58	-7.561877406756757	107.52252888108119	-7.561877406756757	107.52252888108119	-146.16003850810824	146.16003850810824	529.222644405406	176.40754813513533	107.52252888108119	107.52252888108119	-107.52252888108119	-215.04505776216237	107.52252888108119	107.52252888108119	107.52252888108119	146.16003850810827	-146.16003850810824	176.40754813513533	68.88501925405413	68.88501925405413	107.52252888108119	-215.04505776216237	-421.70011552432476	53.76126444054059	-215.04505776216237	215.04505776216237	-176.40754813513533	215.04505776216237	-206.6550577621624	421.70011552432476	-53.76126444054059	-529.222644405406	68.88501925405413	-107.52252888108119	8.39	176.40754813513527
59	-4.181138883856571	66.95366660627886	-4.181138883856571	66.95366660627886	-92.06822214170514	92.06822214170514	326.3783330313943	108.79277767713144	66.95366660627886	66.95366660627886	-66.95366660627886	-133.90733321255772	66.95366660627886	66.95366660627886	66.95366660627886	92.06822214170514	-92.06822214170514	108.79277767713144	41.83911107085257	41.83911107085257	66.95366660627886	-133.90733321255772	-259.42466642511545	33.47683330313943	-133.90733321255772	133.90733321255772	-108.79277767713144	133.90733321255772	-125.51733321255773	259.42466642511545	-33.47683330313943	-326.3783330313943	41.83911107085257	-66.95366660627886	8.39	108.7927776771314
60	-2.490783145306523	46.669397743677976	-2.490783145306523	46.669397743677976	-65.02253032490397	65.02253032490397	224.95698871838988	74.98566290612997	46.669397743677976	46.669397743677976	-46.669397743677976	-93.33879548735595	46.669397743677976	46.669397743677976	46.669397743677976	65.02253032490397	-65.02253032490397	74.98566290612997	28.316265162451984	28.316265162451984	46.669397743677976	-93.33879548735595	-178.28759097471192	23.334698871838988	-93.33879548735595	93.33879548735595	-74.98566290612997	93.33879548735595	-84.94879548735592	178.28759097471192	-23.334698871838988	-224.95698871838988	28.316265162451984	-46.669397743677976	8.39	74.98566290612996
61	-11.373644837488502	153.26373804986216	-11.373644837488502	153.26373804986216	-207.14831739981622	207.14831739981622	757.9286902493108	252.64289674977024	153.26373804986216	153.26373804986216	-153.26373804986216	-306.5274760997243	153.26373804986216	153.26373804986216	153.26373804986216	207.14831739981622	-207.14831739981622	252.64289674977024	99.37915869990809	99.37915869990809	153.26373804986216	-306.5274760997243	-604.6649521994485	76.63186902493108	-306.5274760997243	306.5274760997243	-252.64289674977024	306.5274760997243	-298.1374760997244	604.6649521994485	-76.63186902493108	-757.9286902493108	99.37915869990809	-153.26373804986216	8.39	252.64289674977027
62	-4.601200713053963	71.99440855664756	-4.601200713053963	71.99440855664756	-98.78921140886341	98.78921140886341	351.5820427832378	117.19401426107926	71.99440855664756	71.99440855664756	-71.99440855664756	-143.9888171132951	71.99440855664756	71.99440855664756	71.99440855664756	98.78921140886341	-98.78921140886341	117.19401426107926	45.199605704431704	45.199605704431704	71.99440855664756	-143.9888171132951	-279.58763422659024	35.99720427832378	-143.9888171132951	143.9888171132951	-117.19401426107926	143.9888171132951	-135.59881711329513	279.58763422659024	-35.99720427832378	-351.5820427832378	45.199605704431704	-71.99440855664756	8.39	117.19401426107923
63	-13.177704121374745	174.91244945649737	-13.177704121374745	174.91244945649737	-236.01326594199648	236.01326594199648	866.1722472824868	288.7240824274956	174.91244945649737	174.91244945649737	-174.91244945649737	-349.82489891299474	174.91244945649737	174.91244945649737	174.91244945649737	236.01326594199648	-236.01326594199648	288.7240824274956	113.81163297099825	113.81163297099825	174.91244945649737	-349.82489891299474	-691.2597978259895	87.45622472824869	-349.82489891299474	349.82489891299474	-288.7240824274956	349.82489891299474	-341.43489891299475	691.2597978259895	-87.45622472824869	-866.1722472824868	113.81163297099825	-174.91244945649737	8.39	288.72408242749566
64	-14.87739073549045	195.30868882588697	-14.87739073549045	195.30868882588697	-263.2082517678493	263.2082517678493	968.1534441294348	322.7178147098116	195.30868882588695	195.30868882588697	-195.30868882588695	-390.61737765177395	195.30868882588695	195.30868882588697	195.30868882588695	263.2082517678492	-263.2082517678493	322.7178147098116	127.40912588392467	127.40912588392467	195.30868882588695	-390.61737765177395	-772.8447553035478	97.65434441294349	-390.61737765177395	390.61737765177395	-322.7178147098116	390.61737765177395	-382.22737765177396	772.8447553035478	-97.65434441294349	-968.1534441294348	127.40912588392467	-195.30868882588695	8.39	322.7178147098116
65	-13.60454100477233	180.03449205726747	-13.60454100477233	180.03449205726747	-242.84265607635663	242.84265607635663	891.7824602863374	297.2608200954458	180.03449205726747	180.03449205726747	-180.03449205726747	-360.06898411453494	180.03449205726747	180.03449205726747	180.03449205726747	242.84265607635663	-242.84265607635663	297.2608200954458	117.22632803817831	117.22632803817831	180.03449205726747	-360.06898411453494	-711.7479682290699	90.01724602863374	-360.06898411453494	360.06898411453494	-297.2608200954458	360.06898411453494	-351.67898411453484	711.7479682290699	-90.01724602863374	-891.7824602863374	117.22632803817831	-180.03449205726747	8.39	297.26082009544575
66	-12.964287387016727	172.35144864420093	-12.964287387016727	172.35144864420093	-232.5985981922679	232.5985981922679	853.3672432210046	284.4557477403348	172.35144864420093	172.35144864420093	-172.35144864420093	-344.70289728840186	172.35144864420093	172.35144864420093	172.35144864420093	232.59859819226784	-232.5985981922679	284.45574774033486	112.10429909613396	112.10429909613396	172.35144864420093	-344.70289728840186	-681.0157945768036	86.17572432210046	-344.70289728840186	344.70289728840186	-284.4557477403348	344.70289728840186	-336.3128972884019	681.0157945768036	-86.17572432210046	-853.3672432210046	112.10429909613396	-172.35144864420093	8.39	284.45574774033486
67	-12.326589671926863	164.69907606312233	-12.326589671926863	164.69907606312233	-222.3954347508298	222.3954347508298	815.1053803156117	271.70179343853715	164.69907606312233	164.69907606312233	-164.69907606312233	-329.39815212624467	164.69907606312233	164.69907606312233	164.69907606312233	222.3954347508298	-222.3954347508298	271.7017934385372	107.00271737541489	107.00271737541489	164.69907606312233	-329.39815212624467	-650.4063042524893	82.34953803156117	-329.39815212624467	329.39815212624467	-271.70179343853715	329.39815212624467	-321.00815212624457	650.4063042524893	-82.34953803156117	-815.1053803156117	107.00271737541489	-164.69907606312233	8.39	271.7017934385374
68	-6.398484996940393	93.56181996328485	-6.398484996940393	93.56181996328485	-127.54575995104646	127.54575995104646	459.41909981642425	153.139699938808	93.56181996328485	93.56181996328485	-93.56181996328485	-187.1236399265697	93.56181996328485	93.56181996328485	93.56181996328485	127.54575995104646	-127.54575995104646	153.13969993880806	59.57787997552323	59.57787997552323	93.56181996328485	-187.1236399265697	-365.8572798531394	46.780909981642424	-187.1236399265697	187.1236399265697	-153.139699938808	187.1236399265697	-178.73363992656965	365.8572798531394	-46.780909981642424	-459.41909981642425	59.57787997552323	-93.56181996328485	8.39	153.13969993880806
69	-9.785971446940408	134.21165736328578	-9.785971446940408	134.21165736328578	-181.74554315104768	181.74554315104768	662.6682868164288	220.88942893880957	134.21165736328575	134.21165736328578	-134.21165736328575	-268.42331472657156	134.21165736328575	134.21165736328578	134.21165736328575	181.74554315104766	-181.74554315104768	220.88942893880957	86.67777157552388	86.67777157552388	134.21165736328575	-268.42331472657156	-528.456629453143	67.10582868164289	-268.42331472657156	268.42331472657156	-220.88942893880957	268.42331472657156	-260.03331472657163	528.456629453143	-67.10582868164289	-662.6682868164288	86.67777157552388	-134.21165736328575	8.39	220.88942893880963
70	-12.75129578220137	169.79554938641698	-12.75129578220137	169.79554938641698	-229.19073251522263	229.19073251522263	840.5877469320849	280.1959156440282	169.79554938641698	169.79554938641698	-169.79554938641698	-339.59109877283396	169.79554938641698	169.79554938641698	169.79554938641698	229.19073251522258	-229.19073251522263	280.1959156440283	110.40036625761132	110.40036625761132	169.79554938641698	-339.59109877283396	-670.7921975456678	84.89777469320849	-339.59109877283396	339.59109877283396	-280.1959156440282	339.59109877283396	-331.20109877283403	670.7921975456678	-84.89777469320849	-840.5877469320849	110.40036625761132	-169.79554938641698	8.39	280.1959156440283
71	-15.090380636379908	197.86456763655892	-15.090380636379908	197.86456763655892	-266.61609018207855	266.61609018207855	980.9328381827945	326.97761272759817	197.86456763655892	197.86456763655892	-197.86456763655892	-395.72913527311783	197.86456763655892	197.86456763655892	197.86456763655892	266.61609018207855	-266.61609018207855	326.97761272759817	129.11304509103928	129.11304509103928	197.86456763655892	-395.72913527311783	-783.0682705462357	98.93228381827946	-395.72913527311783	395.72913527311783	-326.97761272759817	395.72913527311783	-387.33913527311773	783.0682705462357	-98.93228381827946	-980.9328381827945	129.11304509103928	-197.86456763655892	8.39	326.9776127275982
72	-13.817530905661618	182.59037086793944	-13.817530905661618	182.59037086793944	-246.25049449058594	246.25049449058594	904.5618543396972	301.52061811323233	182.59037086793944	182.59037086793944	-182.59037086793944	-365.1807417358789	182.59037086793944	182.59037086793944	182.59037086793944	246.25049449058594	-246.25049449058594	301.5206181132324	118.93024724529296	118.93024724529296	182.59037086793944	-365.1807417358789	-721.9714834717578	91.29518543396972	-365.1807417358789	365.1807417358789	-301.52061811323233	365.1807417358789	-356.7907417358788	721.9714834717578	-91.29518543396972	-904.5618543396972	118.93024724529296	-182.59037086793944	8.39	301.52061811323256
73	-12.113598067111509	162.14317680533838	-12.113598067111509	162.14317680533838	-218.98756907378453	218.98756907378453	802.3258840266919	267.44196134223057	162.14317680533838	162.14317680533838	-162.14317680533838	-324.28635361067677	162.14317680533838	162.14317680533838	162.14317680533838	218.98756907378453	-218.98756907378453	267.4419613422306	105.29878453689226	105.29878453689226	162.14317680533838	-324.28635361067677	-640.1827072213536	81.07158840266919	-324.28635361067677	324.28635361067677	-267.44196134223057	324.28635361067677	-315.89635361067667	640.1827072213536	-81.07158840266919	-802.3258840266919	105.29878453689226	-162.14317680533838	8.39	267.4419613422308
74	-14.66439913067522	192.7527895681029	-14.66439913067522	192.7527895681029	-259.8003860908039	259.8003860908039	955.3739478405146	318.4579826135048	192.7527895681029	192.7527895681029	-192.7527895681029	-385.5055791362058	192.7527895681029	192.7527895681029	192.7527895681029	259.8003860908039	-259.8003860908039	318.45798261350484	125.70519304540194	125.70519304540194	192.7527895681029	-385.5055791362058	-762.6211582724117	96.37639478405146	-385.5055791362058	385.5055791362058	-318.4579826135048	385.5055791362058	-377.1155791362057	762.6211582724117	-96.37639478405146	-955.3739478405146	125.70519304540194	-192.7527895681029	8.39	318.457982613505
75	-13.39154939995693	177.4785927994834	-13.39154939995693	177.4785927994834	-239.43479039931123	239.43479039931123	879.002963997417	293.00098799913894	177.4785927994834	177.4785927994834	-177.4785927994834	-354.9571855989668	177.4785927994834	177.4785927994834	177.4785927994834	239.43479039931123	-239.43479039931123	293.000987999139	115.5223951996556	115.5223951996556	177.4785927994834	-354.9571855989668	-701.5243711979336	88.7392963997417	-354.9571855989668	354.9571855989668	-293.00098799913894	354.9571855989668	-346.5671855989667	701.5243711979336	-88.7392963997417	-879.002963997417	115.5223951996556	-177.4785927994834	8.39	293.00098799913917
76	-7.879243392098034	111.3309207051765	-7.879243392098034	111.3309207051765	-151.23789427356866	151.23789427356866	548.2646035258824	182.75486784196084	111.3309207051765	111.3309207051765	-111.3309207051765	-222.661841410353	111.3309207051765	111.3309207051765	111.3309207051765	151.23789427356866	-151.23789427356866	182.75486784196084	71.42394713678432	71.42394713678432	111.3309207051765	-222.661841410353	-436.93368282070594	55.66546035258825	-222.661841410353	222.661841410353	-182.75486784196084	222.661841410353	-214.27184141035295	436.93368282070594	-55.66546035258825	-548.2646035258824	71.42394713678432	-111.3309207051765	8.39	182.75486784196084
77	-6.611474897829724	96.11769877395695	-6.611474897829724	96.11769877395695	-130.95359836527592	130.95359836527592	472.1984938697847	157.39949795659493	96.11769877395695	96.11769877395695	-96.11769877395695	-192.2353975479139	96.11769877395695	96.11769877395695	96.11769877395695	130.95359836527592	-130.95359836527592	157.39949795659493	61.281799182637954	61.281799182637954	96.11769877395695	-192.2353975479139	-376.08079509582774	48.05884938697847	-192.2353975479139	192.2353975479139	-157.39949795659493	192.2353975479139	-183.84539754791396	376.08079509582774	-48.05884938697847	-472.1984938697847	61.281799182637954	-96.11769877395695	8.39	157.39949795659487
78	-6.185493392125038	91.00592070550022	-6.185493392125038	91.00592070550022	-124.13789427400029	124.13789427400029	446.6396035275011	148.8798678425003	91.00592070550022	91.00592070550022	-91.00592070550022	-182.01184141100043	91.00592070550022	91.00592070550022	91.00592070550022	124.13789427400029	-124.13789427400029	148.87986784250035	57.873947137000144	57.873947137000144	91.00592070550022	-182.01184141100043	-355.6336828220009	45.50296035275011	-182.01184141100043	182.01184141100043	-148.8798678425003	182.01184141100043	-173.6218414110005	355.6336828220009	-45.50296035275011	-446.6396035275011	57.873947137000144	-91.00592070550022	8.39	148.87986784250035
79	-5.338625167111441	80.84350200533743	-5.338625167111441	80.84350200533743	-110.58800267378324	110.58800267378324	395.82751002668715	131.94250334222897	80.84350200533743	80.84350200533743	-80.84350200533743	-161.68700401067485	80.84350200533743	80.84350200533743	80.84350200533743	110.58800267378324	-110.58800267378324	131.94250334222903	51.09900133689162	51.09900133689162	80.84350200533743	-161.68700401067485	-314.9840080213497	40.421751002668714	-161.68700401067485	161.68700401067485	-131.94250334222897	161.68700401067485	-153.2970040106748	314.9840080213497	-40.421751002668714	-395.82751002668715	51.09900133689162	-80.84350200533743	8.39	131.94250334222903
80	-2.8081491306477577	50.4777895677729	-2.8081491306477577	50.4777895677729	-70.10038609036387	70.10038609036387	243.99894783886452	81.33298261295488	50.4777895677729	50.4777895677729	-50.4777895677729	-100.9555791355458	50.4777895677729	50.4777895677729	50.4777895677729	70.10038609036387	-70.10038609036387	81.33298261295484	30.855193045181935	30.855193045181935	50.4777895677729	-100.9555791355458	-193.52115827109162	25.23889478388645	-100.9555791355458	100.9555791355458	-81.33298261295488	100.9555791355458	-92.56557913554587	193.52115827109162	-25.23889478388645	-243.99894783886452	30.855193045181935	-50.4777895677729	8.39	81.33298261295482
81	-10.423242328561571	141.85890794273882	-10.423242328561571	141.85890794273882	-191.9418772569851	191.9418772569851	700.9045397136941	233.63484657123138	141.85890794273882	141.85890794273882	-141.85890794273882	-283.71781588547765	141.85890794273882	141.85890794273882	141.85890794273882	191.94187725698507	-191.9418772569851	233.63484657123138	91.77593862849255	91.77593862849255	141.85890794273882	-283.71781588547765	-559.0456317709553	70.92945397136941	-283.71781588547765	283.71781588547765	-233.63484657123138	283.71781588547765	-275.3278158854778	559.0456317709553	-70.92945397136941	-700.9045397136941	91.77593862849255	-141.85890794273882	8.39	233.63484657123138
82	-9.998961347829786	136.76753617395735	-9.998961347829786	136.76753617395735	-185.15338156527645	185.15338156527645	675.4476808697866	225.1492269565956	136.76753617395735	136.76753617395735	-136.76753617395735	-273.5350723479147	136.76753617395735	136.76753617395735	136.76753617395735	185.1533815652765	-185.15338156527645	225.1492269565956	88.38169078263822	88.38169078263822	136.76753617395735	-273.5350723479147	-538.6801446958295	68.38376808697868	-273.5350723479147	273.5350723479147	-225.1492269565956	273.5350723479147	-265.1450723479147	538.6801446958295	-68.38376808697868	-675.4476808697866	88.38169078263822	-136.76753617395735	8.39	225.1492269565956
83	-9.572979842125141	131.655758105502	-9.572979842125141	131.655758105502	-178.33767747400265	178.33767747400265	649.8887905275101	216.62959684250336	131.655758105502	131.655758105502	-131.655758105502	-263.311516211004	131.655758105502	131.655758105502	131.655758105502	178.3376774740027	-178.33767747400265	216.62959684250336	84.97383873700132	84.97383873700132	131.655758105502	-263.311516211004	-518.2330324220081	65.827879052751	-263.311516211004	263.311516211004	-216.62959684250336	263.311516211004	-254.92151621100413	518.2330324220081	-65.827879052751	-649.8887905275101	84.97383873700132	-131.655758105502	8.39	216.62959684250336
84	-8.726111617111622	121.4933394053392	-8.726111617111622	121.4933394053392	-164.7877858737856	164.7877858737856	599.0766970266959	199.69223234223205	121.4933394053392	121.4933394053392	-121.4933394053392	-242.9866788106784	121.4933394053392	121.4933394053392	121.4933394053392	164.78778587378565	-164.7877858737856	199.692232342232	78.19889293689279	78.19889293689279	121.4933394053392	-242.9866788106784	-477.5833576213568	60.7466697026696	-242.9866788106784	242.9866788106784	-199.69223234223205	242.9866788106784	-234.59667881067824	477.5833576213568	-60.7466697026696	-599.0766970266959	78.19889293689279	-121.4933394053392	8.39	199.69223234223205
85	-14.241386756850751	187.6766410822093	-14.241386756850751	187.6766410822093	-253.03218810961238	253.03218810961238	929.9932054110463	309.9977351370155	187.6766410822093	187.6766410822093	-187.6766410822093	-375.3532821644186	187.6766410822093	187.6766410822093	187.6766410822093	253.03218810961243	-253.03218810961238	309.9977351370156	122.32109405480618	122.32109405480618	187.6766410822093	-375.3532821644186	-742.3165643288371	93.83832054110465	-375.3532821644186	375.3532821644186	-309.9977351370155	375.3532821644186	-366.9632821644186	742.3165643288371	-93.83832054110465	-929.9932054110463	122.32109405480618	-187.6766410822093	8.39	309.99773513701547
86	-2.17510752246519	42.881290269582024	-2.17510752246519	42.881290269582024	-59.9717203594427	59.9717203594427	206.01645134790988	68.67215044930333	42.881290269582024	42.881290269582024	-42.881290269582024	-85.76258053916405	42.881290269582024	42.881290269582024	42.881290269582024	59.97172035944254	-59.9717203594427	68.67215044930337	25.79086017972135	25.79086017972135	42.881290269582024	-85.76258053916405	-163.1351610783281	21.440645134791012	-85.76258053916405	85.76258053916405	-68.67215044930333	85.76258053916405	-77.37258053916378	163.1351610783281	-21.440645134791012	-206.01645134790988	25.79086017972135	-42.881290269582024	8.39	68.67215044930339
87	-3.4428760167335923	58.094512200801944	-3.4428760167335923	58.094512200801944	-80.25601626773593	80.25601626773593	282.0825610040099	94.0275203346699	58.094512200801944	58.094512200801944	-58.094512200801944	-116.18902440160389	58.094512200801944	58.094512200801944	58.094512200801944	80.25601626773596	-80.25601626773593	94.0275203346699	35.93300813386797	35.93300813386797	58.094512200801944	-116.18902440160389	-223.9880488032078	29.047256100400972	-116.18902440160389	116.18902440160389	-94.0275203346699	116.18902440160389	-107.7990244016039	223.9880488032078	-29.047256100400972	-282.0825610040099	35.93300813386797	-58.094512200801944	8.39	94.0275203346699
88	-6.823191107214882	98.65829328657883	-6.823191107214882	98.65829328657883	-134.34105771543844	134.34105771543844	484.90146643289415	161.63382214429805	98.65829328657883	98.65829328657883	-98.65829328657883	-197.31658657315765	98.65829328657883	98.65829328657883	98.65829328657883	134.34105771543852	-134.34105771543844	161.63382214429805	62.975528857719226	62.975528857719226	98.65829328657883	-197.31658657315765	-386.2431731463153	49.32914664328941	-197.31658657315765	197.31658657315765	-161.63382214429805	197.31658657315765	-188.92658657315764	386.2431731463153	-49.32914664328941	-484.90146643289415	62.975528857719226	-98.65829328657883	8.39	161.63382214429805
89	-12.53873101085486	167.24477213025676	-12.53873101085486	167.24477213025676	-225.78969617367568	225.78969617367568	827.8338606512839	275.9446202170948	167.24477213025676	167.24477213025676	-167.24477213025676	-334.4895442605135	167.24477213025676	167.24477213025676	167.24477213025676	225.78969617367557	-225.78969617367568	275.9446202170948	108.69984808683785	108.69984808683785	167.24477213025676	-334.4895442605135	-660.5890885210272	83.62238606512838	-334.4895442605135	334.4895442605135	-275.9446202170948	334.4895442605135	-326.0995442605135	660.5890885210272	-83.62238606512838	-827.8338606512839	108.69984808683785	-167.24477213025676	8.39	275.94462021709444
90	-8.513970278183763	118.94764333820525	-8.513970278183763	118.94764333820525	-161.39352445094033	161.39352445094033	586.3482166910263	195.44940556367544	118.94764333820525	118.94764333820525	-118.94764333820525	-237.8952866764105	118.94764333820525	118.94764333820525	118.94764333820525	161.3935244509404	-161.39352445094033	195.44940556367544	76.50176222547017	76.50176222547017	118.94764333820525	-237.8952866764105	-467.40057335282097	59.47382166910263	-237.8952866764105	237.8952866764105	-195.44940556367544	237.8952866764105	-229.50528667641072	467.40057335282097	-59.47382166910263	-586.3482166910263	76.50176222547017	-118.94764333820525	8.39	195.4494055636754
91	-7.2462017839154536	103.73442140698562	-7.2462017839154536	103.73442140698562	-141.1092285426475	141.1092285426475	510.282107034928	170.0940356783094	103.73442140698562	103.73442140698562	-103.73442140698562	-207.46884281397124	103.73442140698562	103.73442140698562	103.73442140698562	141.10922854264754	-141.1092285426475	170.09403567830935	66.35961427132374	66.35961427132374	103.73442140698562	-207.46884281397124	-406.5476856279425	51.86721070349281	-207.46884281397124	207.46884281397124	-170.0940356783094	207.46884281397124	-199.0788428139712	406.5476856279425	-51.86721070349281	-510.282107034928	66.35961427132374	-103.73442140698562	8.39	170.0940356783094
92	-5.973352053197171	88.4602246383661	-5.973352053197171	88.4602246383661	-120.7436328511548	120.7436328511548	433.91112319183026	144.63704106394357	88.4602246383661	88.4602246383661	-88.4602246383661	-176.9204492767322	88.4602246383661	88.4602246383661	88.4602246383661	120.74363285115464	-120.7436328511548	144.6370410639435	56.1768164255774	56.1768164255774	88.4602246383661	-176.9204492767322	-345.4508985534644	44.23011231918305	-176.9204492767322	176.9204492767322	-144.63704106394357	176.9204492767322	-168.53044927673216	345.4508985534644	-44.23011231918305	-433.91112319183026	56.1768164255774	-88.4602246383661	8.39	144.6370410639435
93	-5.550764808915385	83.38917770698484	-5.550764808915385	83.38917770698484	-113.98223694264645	113.98223694264645	408.55588853492395	136.18529617830814	83.38917770698484	83.38917770698484	-83.38917770698484	-166.77835541396968	83.38917770698484	83.38917770698484	83.38917770698484	113.9822369426463	-113.98223694264645	136.18529617830808	52.796118471323226	52.796118471323226	83.38917770698484	-166.77835541396968	-325.16671082793937	41.69458885349242	-166.77835541396968	166.77835541396968	-136.18529617830814	166.77835541396968	-158.3883554139694	325.16671082793937	-41.69458885349242	-408.55588853492395	52.796118471323226	-83.38917770698484	8.39	136.18529617830808
94	-8.091383033901979	113.87659640682391	-8.091383033901979	113.87659640682391	-154.63212854243187	154.63212854243187	560.9929820341194	186.9976606780399	113.87659640682391	113.87659640682391	-113.87659640682391	-227.75319281364781	113.87659640682391	113.87659640682391	113.87659640682391	154.63212854243193	-154.63212854243187	186.99766067803984	73.12106427121593	73.12106427121593	113.87659640682391	-227.75319281364781	-447.11638562729564	56.938298203411954	-227.75319281364781	227.75319281364781	-186.9976606780399	227.75319281364781	-219.36319281364766	447.11638562729564	-56.938298203411954	-560.9929820341194	73.12106427121593	-113.87659640682391	8.39	186.9976606780399
95	-3.0202887724517025	53.02346526942031	-3.0202887724517025	53.02346526942031	-73.49462035922708	73.49462035922708	256.7273263471013	85.57577544903381	53.02346526942031	53.02346526942031	-53.02346526942031	-106.04693053884063	53.02346526942031	53.02346526942031	53.02346526942031	73.49462035922693	-73.49462035922708	85.57577544903386	32.55231017961354	32.55231017961354	53.02346526942031	-106.04693053884063	-203.70386107768124	26.511732634710157	-106.04693053884063	106.04693053884063	-85.57577544903381	106.04693053884063	-97.65693053884047	203.70386107768124	-26.511732634710157	-256.7273263471013	32.55231017961354	-53.02346526942031	8.39	85.57577544903384
96	-14.029670547465562	185.13604656958688	-14.029670547465562	185.13604656958688	-249.64472875944915	249.64472875944915	917.2902328479345	305.7634109493115	185.13604656958688	185.13604656958688	-185.13604656958688	-370.27209313917376	185.13604656958688	185.13604656958688	185.13604656958688	249.6447287594492	-249.64472875944915	305.76341094931155	120.62736437972457	120.62736437972457	185.13604656958688	-370.27209313917376	-732.1541862783474	92.56802328479344	-370.27209313917376	370.27209313917376	-305.7634109493115	370.27209313917376	-361.8820931391739	732.1541862783474	-92.56802328479344	-917.2902328479345	120.62736437972457	-185.13604656958688	8.39	305.76341094931144
97	-3.865463261015269	63.16555913218352	-3.865463261015269	63.16555913218352	-87.01741217624469	87.01741217624469	307.43779566091735	102.47926522030582	63.16555913218352	63.16555913218352	-63.16555913218352	-126.33111826436703	63.16555913218352	63.16555913218352	63.16555913218352	87.01741217624453	-87.01741217624469	102.47926522030586	39.313706088122345	39.313706088122345	63.16555913218352	-126.33111826436703	-244.27223652873406	31.58277956609176	-126.33111826436703	126.33111826436703	-102.47926522030582	126.33111826436703	-117.94111826436676	244.27223652873406	-31.58277956609176	-307.43779566091735	39.313706088122345	-63.16555913218352	8.39	102.47926522030586
98	-15.302096845765085	200.40516214918145	-15.302096845765085	200.40516214918145	-270.00354953224195	270.00354953224195	993.6358107459073	331.21193691530243	200.40516214918145	200.40516214918145	-200.40516214918145	-400.8103242983629	200.40516214918145	200.40516214918145	200.40516214918145	270.003549532242	-270.00354953224195	331.21193691530243	130.80677476612095	130.80677476612095	200.40516214918145	-400.8103242983629	-793.2306485967258	100.20258107459073	-400.8103242983629	400.8103242983629	-331.21193691530243	400.8103242983629	-392.42032429836286	793.2306485967258	-100.20258107459073	-993.6358107459073	130.80677476612095	-200.40516214918145	8.39	331.21193691530243
99	-11.690162260868286	157.0619471304198	-11.690162260868286	157.0619471304198	-212.21259617389308	212.21259617389308	776.919735652099	258.9732452173664	157.0619471304198	157.0619471304198	-157.0619471304198	-314.1238942608396	157.0619471304198	157.0619471304198	157.0619471304198	212.21259617389296	-212.21259617389308	258.97324521736635	101.91129808694654	101.91129808694654	157.0619471304198	-314.1238942608396	-619.8577885216791	78.5309735652099	-314.1238942608396	314.1238942608396	-258.9732452173664	314.1238942608396	-305.73389426083963	619.8577885216791	-78.5309735652099	-776.919735652099	101.91129808694654	-157.0619471304198	8.39	258.97324521736635
100	-10.846674747331868	146.94009696798236	-10.846674747331868	146.94009696798236	-198.71679595730978	198.71679595730978	726.3104848399116	242.10349494663728	146.94009696798236	146.94009696798236	-146.94009696798236	-293.8801939359647	146.94009696798236	146.94009696798236	146.94009696798236	198.71679595730984	-198.71679595730978	242.10349494663728	95.16339797865488	95.16339797865488	146.94009696798236	-293.8801939359647	-579.3703878719296	73.47004848399118	-293.8801939359647	293.8801939359647	-242.10349494663728	293.8801939359647	-285.4901939359645	579.3703878719296	-73.47004848399118	-726.3104848399116	95.16339797865488	-146.94009696798236	8.39	242.10349494663723
101	-9.14954403588193	126.57452843058336	-9.14954403588193	126.57452843058336	-171.56270457411114	171.56270457411114	624.4826421529167	208.16088071763897	126.57452843058336	126.57452843058336	-126.57452843058336	-253.1490568611667	126.57452843058336	126.57452843058336	126.57452843058336	171.5627045741112	-171.56270457411114	208.16088071763892	81.58635228705556	81.58635228705556	126.57452843058336	-253.1490568611667	-497.90811372233344	63.28726421529168	-253.1490568611667	253.1490568611667	-208.16088071763897	253.1490568611667	-244.75905686116667	497.90811372233344	-63.28726421529168	-624.4826421529167	81.58635228705556	-126.57452843058336	8.39	208.16088071763897
102	-10.634958537946712	144.39950245536062	-10.634958537946712	144.39950245536062	-195.32933660714747	195.32933660714747	713.6075122768029	237.8691707589344	144.39950245536062	144.39950245536062	-144.39950245536062	-288.79900491072124	144.39950245536062	144.39950245536062	144.39950245536062	195.32933660714752	-195.32933660714747	237.8691707589344	93.46966830357373	93.46966830357373	144.39950245536062	-288.79900491072124	-569.2080098214426	72.19975122768031	-288.79900491072124	288.79900491072124	-237.8691707589344	288.79900491072124	-280.40900491072125	569.2080098214426	-72.19975122768031	-713.6075122768029	93.46966830357373	-144.39950245536062	8.39	237.86917075893433
103	-10.21067755721494	139.3081306865791	-10.21067755721494	139.3081306865791	-188.54084091543876	188.54084091543876	688.1506534328955	229.3835511442985	139.3081306865791	139.3081306865791	-139.3081306865791	-278.6162613731582	139.3081306865791	139.3081306865791	139.3081306865791	188.54084091543882	-188.54084091543876	229.3835511442985	90.07542045771937	90.07542045771937	139.3081306865791	-278.6162613731582	-548.8425227463165	69.65406534328955	-278.6162613731582	278.6162613731582	-229.3835511442985	278.6162613731582	-270.2262613731583	548.8425227463165	-69.65406534328955	-688.1506534328955	90.07542045771937	-139.3081306865791	8.39	229.3835511442985
104	-8.937827826496775	124.03393391796162	-8.937827826496775	124.03393391796162	-168.17524522394882	168.17524522394882	611.779669589808	203.92655652993608	124.03393391796162	124.03393391796162	-124.03393391796162	-248.06786783592324	124.03393391796162	124.03393391796162	124.03393391796162	168.17524522394888	-168.17524522394882	203.92655652993602	79.8926226119744	79.8926226119744	124.03393391796162	-248.06786783592324	-487.7457356718465	62.01696695898081	-248.06786783592324	248.06786783592324	-203.92655652993608	248.06786783592324	-239.6778678359232	487.7457356718465	-62.01696695898081	-611.779669589808	79.8926226119744	-124.03393391796162	8.39	203.92655652993608
105	-4.916454593825506	75.77745512590576	-4.916454593825506	75.77745512590576	-103.83327350120767	103.83327350120767	370.49727562952876	123.49909187650974	75.77745512590576	75.77745512590576	-75.77745512590576	-151.55491025181152	75.77745512590576	75.77745512590576	75.77745512590576	103.83327350120771	-103.83327350120767	123.49909187650974	47.72163675060384	47.72163675060384	75.77745512590576	-151.55491025181152	-294.71982050362305	37.88872756295288	-151.55491025181152	151.55491025181152	-123.49909187650974	151.55491025181152	-143.16491025181153	294.71982050362305	-37.88872756295288	-370.49727562952876	47.72163675060384	-75.77745512590576	8.39	123.49909187650948
106	-14.452679533817218	190.21215440580582	-14.452679533817218	190.21215440580582	-256.4128725410744	256.4128725410744	942.6707720290291	314.22359067634306	190.21215440580582	190.21215440580582	-190.21215440580582	-380.42430881161164	190.21215440580582	190.21215440580582	190.21215440580582	256.4128725410743	-256.4128725410744	314.22359067634306	124.01143627053722	124.01143627053722	190.21215440580582	-380.42430881161164	-752.4586176232232	95.10607720290291	-380.42430881161164	380.42430881161164	-314.22359067634306	380.42430881161164	-372.0343088116117	752.4586176232232	-95.10607720290291	-942.6707720290291	124.01143627053722	-190.21215440580582	8.39	314.223590676343
107	-8.302675810868436	116.41210973042058	-8.302675810868436	116.41210973042058	-158.0128129738941	158.0128129738941	573.670548652103	191.22351621736766	116.41210973042058	116.41210973042058	-116.41210973042058	-232.82421946084116	116.41210973042058	116.41210973042058	116.41210973042058	158.01281297389437	-158.0128129738941	191.22351621736766	74.81140648694706	74.81140648694706	116.41210973042058	-232.82421946084116	-457.2584389216824	58.20605486521029	-232.82421946084116	232.82421946084116	-191.22351621736766	232.82421946084116	-224.43421946084115	457.2584389216824	-58.20605486521029	-573.670548652103	74.81140648694706	-116.41210973042058	8.39	191.2235162173675
108	-7.667102053170166	108.78522463804178	-7.667102053170166	108.78522463804178	-147.84363285072237	147.84363285072237	535.536123190209	178.512041063403	108.78522463804178	108.78522463804178	-108.78522463804178	-217.57044927608356	108.78522463804178	108.78522463804178	108.78522463804178	147.84363285072243	-147.84363285072237	178.512041063403	69.72681642536119	69.72681642536119	108.78522463804178	-217.57044927608356	-426.7508985521671	54.39261231902089	-217.57044927608356	217.57044927608356	-178.512041063403	217.57044927608356	-209.18044927608378	426.7508985521671	-54.39261231902089	-535.536123190209	69.72681642536119	-108.78522463804178	8.39	178.51204106340296
109	-5.761635843811996	85.91963012574368	-5.761635843811996	85.91963012574368	-117.35617350099157	117.35617350099157	421.20815062871816	140.40271687623954	85.91963012574368	85.91963012574368	-85.91963012574368	-171.83926025148736	85.91963012574368	85.91963012574368	85.91963012574368	117.35617350099142	-117.35617350099157	140.40271687623948	54.48308675049579	54.48308675049579	85.91963012574368	-171.83926025148736	-335.28852050297473	42.95981506287184	-171.83926025148736	171.83926025148736	-140.40271687623954	171.83926025148736	-163.4492602514872	335.28852050297473	-42.95981506287184	-421.20815062871816	54.48308675049579	-85.91963012574368	8.39	140.40271687623948
110	-7.0344855745302795	101.1938268943632	-7.0344855745302795	101.1938268943632	-137.72176919248426	137.72176919248426	497.5791344718159	165.85971149060538	101.1938268943632	101.1938268943632	-101.1938268943632	-202.3876537887264	101.1938268943632	101.1938268943632	101.1938268943632	137.72176919248432	-137.72176919248426	165.85971149060532	64.66588459624212	64.66588459624212	101.1938268943632	-202.3876537887264	-396.3853075774528	50.5969134471816	-202.3876537887264	202.3876537887264	-165.85971149060538	202.3876537887264	-193.99765378872647	396.3853075774528	-50.5969134471816	-497.5791344718159	64.66588459624212	-101.1938268943632	8.39	165.85971149060538
111	-4.286363530269979	68.2163623632396	-4.286363530269979	68.2163623632396	-93.75181648431946	93.75181648431946	332.69181181619774	110.89727060539929	68.2163623632396	68.2163623632396	-68.2163623632396	-136.4327247264792	68.2163623632396	68.2163623632396	68.2163623632396	93.7518164843193	-93.75181648431946	110.89727060539933	42.68090824215973	42.68090824215973	68.2163623632396	-136.4327247264792	-264.4754494529584	34.1081811816198	-136.4327247264792	136.4327247264792	-110.89727060539929	136.4327247264792	-128.0427247264788	264.4754494529584	-34.1081811816198	-332.69181181619774	42.68090824215973	-68.2163623632396	8.39	110.89727060539933
112	-3.6537470516300954	60.6249646195611	-3.6537470516300954	60.6249646195611	-83.62995282608146	83.62995282608146	294.73482309780525	98.24494103260179	60.6249646195611	60.6249646195611	-60.6249646195611	-121.2499292391222	60.6249646195611	60.6249646195611	60.6249646195611	83.62995282608131	-83.62995282608146	98.24494103260183	37.61997641304073	37.61997641304073	60.6249646195611	-121.2499292391222	-234.10985847824438	30.31248230978055	-121.2499292391222	121.2499292391222	-98.24494103260179	121.2499292391222	-112.85992923912181	234.10985847824438	-30.31248230978055	-294.73482309780525	37.61997641304073	-60.6249646195611	8.39	98.24494103260183
113	-3.231159807348312	55.55391768817984	-3.231159807348312	55.55391768817984	-76.86855691757312	76.86855691757312	269.37958844089894	89.79319614696635	55.55391768817984	55.55391768817984	-55.55391768817984	-111.10783537635967	55.55391768817984	55.55391768817984	55.55391768817984	76.86855691757296	-76.86855691757312	89.7931961469664	34.23927845878656	34.23927845878656	55.55391768817984	-111.10783537635967	-213.82567075271933	27.77695884408992	-111.10783537635967	111.10783537635967	-89.79319614696635	111.10783537635967	-102.71783537635952	213.82567075271933	-27.77695884408992	-269.37958844089894	34.23927845878656	-55.55391768817984	8.39	89.79319614696638
114	-2.596007791720126	47.932093500638885	-2.596007791720126	47.932093500638885	-66.70612466751851	66.70612466751851	231.27046750319482	77.09015583439816	47.932093500638885	47.932093500638885	-47.932093500638885	-95.86418700127777	47.932093500638885	47.932093500638885	47.932093500638885	66.70612466751868	-66.70612466751851	77.09015583439816	29.158062333759254	29.158062333759254	47.932093500638885	-95.86418700127777	-183.33837400255555	23.966046750319443	-95.86418700127777	95.86418700127777	-77.09015583439816	95.86418700127777	-87.47418700127776	183.33837400255555	-23.966046750319443	-231.27046750319482	29.158062333759254	-47.932093500638885	8.39	77.09015583439815
115	-1.9638130551499557	40.34575666179779	-1.9638130551499557	40.34575666179779	-56.591008882397055	56.591008882397055	193.33878330898915	64.44626110299646	40.34575666179779	40.34575666179779	-40.34575666179779	-80.69151332359559	40.34575666179779	40.34575666179779	40.34575666179779	56.59100888239709	-56.591008882397055	64.44626110299646	24.100504441198535	24.100504441198535	40.34575666179779	-80.69151332359559	-152.9930266471912	20.172878330898897	-80.69151332359559	80.69151332359559	-64.44626110299646	80.69151332359559	-72.30151332359556	152.9930266471912	-20.172878330898897	-193.33878330898915	24.100504441198535	-40.34575666179779	8.39	64.44626110299616
116	-9.360838503197328	129.11006203836763	-9.360838503197328	129.11006203836763	-174.94341605115682	174.94341605115682	637.1603101918383	212.38677006394607	129.11006203836763	129.11006203836763	-129.11006203836763	-258.22012407673526	129.11006203836763	129.11006203836763	129.11006203836763	174.94341605115687	-174.94341605115682	212.38677006394607	83.27670802557842	83.27670802557842	129.11006203836763	-258.22012407673526	-508.0502481534705	64.55503101918382	-258.22012407673526	258.22012407673526	-212.38677006394607	258.22012407673526	-249.8301240767354	508.0502481534705	-64.55503101918382	-637.1603101918383	83.27670802557842	-129.11006203836763	8.39	212.386770063946
117	-11.057969214647272	149.47563057576681	-11.057969214647272	149.47563057576681	-202.09750743435575	202.09750743435575	738.9881528788341	246.32938429294472	149.47563057576681	149.47563057576681	-149.47563057576681	-298.95126115153363	149.47563057576681	149.47563057576681	149.47563057576681	202.09750743435563	-202.09750743435575	246.3293842929447	96.85375371717788	96.85375371717788	149.47563057576681	-298.95126115153363	-589.5125223030672	74.73781528788341	-298.95126115153363	298.95126115153363	-246.32938429294472	298.95126115153363	-290.5612611515337	589.5125223030672	-74.73781528788341	-738.9881528788341	96.85375371717788	-149.47563057576681	8.39	246.32938429294472
118	-11.901456728183648	159.59748073820373	-11.901456728183648	159.59748073820373	-215.5933076509383	215.5933076509383	789.5974036910186	263.19913456367294	159.59748073820373	159.59748073820373	-159.59748073820373	-319.19496147640746	159.59748073820373	159.59748073820373	159.59748073820373	215.5933076509383	-215.5933076509383	263.1991345636729	103.60165382546916	103.60165382546916	159.59748073820373	-319.19496147640746	-629.9999229528148	79.79874036910186	-319.19496147640746	319.19496147640746	-263.19913456367294	319.19496147640746	-310.80496147640724	629.9999229528148	-79.79874036910186	-789.5974036910186	103.60165382546916	-159.59748073820373	8.39	263.1991345636728
119	-11.478869483901901	154.52643380682304	-11.478869483901901	154.52643380682304	-208.8319117424307	208.8319117424307	764.2421690341152	254.74738967803842	154.52643380682304	154.52643380682304	-154.52643380682304	-309.0528676136461	154.52643380682304	154.52643380682304	154.52643380682304	208.83191174243075	-208.8319117424307	254.74738967803842	100.22095587121534	100.22095587121534	154.52643380682304	-309.0528676136461	-609.7157352272923	77.26321690341152	-309.0528676136461	309.0528676136461	-254.74738967803842	309.0528676136461	-300.6628676136462	609.7157352272923	-77.26321690341152	-764.2421690341152	100.22095587121534	-154.52643380682304	8.39	254.74738967803836
120	-5.126905570253323	78.30286684303977	-5.126905570253323	78.30286684303977	-107.20048912405302	107.20048912405302	383.1243342151986	127.70811140506623	78.30286684303977	78.30286684303977	-78.30286684303977	-156.60573368607953	78.30286684303977	78.30286684303977	78.30286684303977	107.20048912405287	-107.20048912405302	127.70811140506628	49.40524456202651	49.40524456202651	78.30286684303977	-156.60573368607953	-304.8214673721591	39.15143342151988	-156.60573368607953	156.60573368607953	-127.70811140506623	156.60573368607953	-148.21573368607915	304.8214673721591	-39.15143342151988	-383.1243342151986	49.40524456202651	-78.30286684303977	8.39	127.70811140506628
121	-2.385558498893106	45.40670198671708	-2.385558498893106	45.40670198671708	-63.33893598228944	63.33893598228944	218.64350993358516	72.88116997786176	45.40670198671708	45.40670198671708	-45.40670198671708	-90.81340397343416	45.40670198671708	45.40670198671708	45.40670198671708	63.338935982289286	-63.33893598228944	72.8811699778618	27.47446799114472	27.47446799114472	45.40670198671708	-90.81340397343416	-173.23680794686834	22.70335099335854	-90.81340397343416	90.81340397343416	-72.88116997786176	90.81340397343416	-82.42340397343378	173.23680794686834	-22.70335099335854	-218.64350993358516	27.47446799114472	-45.40670198671708	8.39	72.88116997786182
122	-7.456652760343417	106.25983312412016	-7.456652760343417	106.25983312412016	-144.47644416549355	144.47644416549355	522.909165620601	174.30305520686693	106.25983312412016	106.25983312412016	-106.25983312412016	-212.51966624824033	106.25983312412016	106.25983312412016	106.25983312412016	144.4764441654936	-144.47644416549355	174.30305520686693	68.04322208274677	68.04322208274677	106.25983312412016	-212.51966624824033	-416.6493324964806	53.12991656206008	-212.51966624824033	212.51966624824033	-174.30305520686693	212.51966624824033	-204.1296662482404	416.6493324964806	-53.12991656206008	-522.909165620601	68.04322208274677	-106.25983312412016	8.39	174.303055206867
123	-4.706425359467372	73.25710431360822	-4.706425359467372	73.25710431360822	-100.47280575147764	100.47280575147764	357.89552156804115	119.29850718934699	73.25710431360822	73.25710431360822	-73.25710431360822	-146.51420862721645	73.25710431360822	73.25710431360822	73.25710431360822	100.47280575147761	-100.47280575147764	119.29850718934705	46.04140287573881	46.04140287573881	73.25710431360822	-146.51420862721645	-284.6384172544329	36.62855215680411	-146.51420862721645	146.51420862721645	-119.29850718934699	146.51420862721645	-138.12420862721638	284.6384172544329	-36.62855215680411	-357.89552156804115	46.04140287573881	-73.25710431360822	8.39	119.29850718934702
124	-4.076334295911879	65.69601155094236	-4.076334295911879	65.69601155094236	-90.39134873458981	90.39134873458981	320.09005775471155	106.69668591823722	65.69601155094236	65.69601155094236	-65.69601155094236	-131.39202310188472	65.69601155094236	65.69601155094236	65.69601155094236	90.39134873458966	-90.39134873458981	106.69668591823726	41.000674367294906	41.000674367294906	65.69601155094236	-131.39202310188472	-254.39404620376942	32.84800577547118	-131.39202310188472	131.39202310188472	-106.69668591823722	131.39202310188472	-123.00202310188456	254.39404620376942	-32.84800577547118	-320.09005775471155	41.000674367294906	-65.69601155094236	8.39	106.69668591823726
125	-11.26884024954382	152.0060829945258	-11.26884024954382	152.0060829945258	-205.47144399270104	205.47144399270104	751.6404149726291	250.54680499087635	152.0060829945258	152.0060829945258	-152.0060829945258	-304.0121659890516	152.0060829945258	152.0060829945258	152.0060829945258	205.4714439927011	-205.47144399270104	250.54680499087635	98.54072199635051	98.54072199635051	152.0060829945258	-304.0121659890516	-599.6343319781033	76.0030414972629	-304.0121659890516	304.0121659890516	-250.54680499087635	304.0121659890516	-295.6221659890517	599.6343319781033	-76.0030414972629	-751.6404149726291	98.54072199635051	-152.0060829945258	8.39	250.5468049908763
126	-4.4968145066978735	70.74177408037465	-4.4968145066978735	70.74177408037465	-97.1190321071662	97.1190321071662	345.318870401873	115.10629013395771	70.74177408037465	70.74177408037465	-70.74177408037465	-141.4835481607493	70.74177408037465	70.74177408037465	70.74177408037465	97.11903210716605	-97.1190321071662	115.10629013395776	44.3645160535831	44.3645160535831	70.74177408037465	-141.4835481607493	-274.57709632149863	35.37088704018733	-141.4835481607493	141.4835481607493	-115.10629013395771	141.4835481607493	-133.09354816074904	274.57709632149863	-35.37088704018733	-345.318870401873	44.3645160535831	-70.74177408037465	8.39	115.10629013395776
127	-13.231486635771642	175.55783962925995	-13.231486635771642	175.55783962925995	-236.87378617234657	236.87378617234657	869.3991981462996	289.79973271543327	175.55783962925995	175.55783962925995	-175.55783962925995	-351.1156792585199	175.55783962925995	175.55783962925995	175.55783962925995	236.87378617234663	-236.87378617234657	289.7997327154333	114.24189308617328	114.24189308617328	175.55783962925995	-351.1156792585199	-693.8413585170397	87.77891981462997	-351.1156792585199	351.1156792585199	-289.79973271543327	351.1156792585199	-342.7256792585197	693.8413585170397	-87.77891981462997	-869.3991981462996	114.24189308617328	-175.55783962925995	8.39	289.7997327154332
128	-13.55118703459953	179.39424441519446	-13.55118703459953	179.39424441519446	-241.9889925535926	241.9889925535926	888.5812220759722	296.1937406919908	179.39424441519446	179.39424441519446	-179.39424441519446	-358.7884888303889	179.39424441519446	179.39424441519446	179.39424441519446	241.98899255359265	-241.9889925535926	296.19374069199085	116.79949627679629	116.79949627679629	179.39424441519446	-358.7884888303889	-709.1869776607778	89.69712220759723	-358.7884888303889	358.7884888303889	-296.1937406919908	358.7884888303889	-350.39848883038894	709.1869776607778	-89.69712220759723	-888.5812220759722	116.79949627679629	-179.39424441519446	8.39	296.19374069199074
129	-14.824036765317771	194.66844118381348	-14.824036765317771	194.66844118381348	-262.35458824508464	262.35458824508464	964.9522059190674	321.65073530635584	194.66844118381348	194.66844118381348	-194.66844118381348	-389.33688236762697	194.66844118381348	194.66844118381348	194.66844118381348	262.35458824508464	-262.35458824508464	321.65073530635584	126.98229412254231	126.98229412254231	194.66844118381348	-389.33688236762697	-770.2837647352538	97.33422059190674	-389.33688236762697	389.33688236762697	-321.65073530635584	389.33688236762697	-380.9468823676271	770.2837647352538	-97.33422059190674	-964.9522059190674	126.98229412254231	-194.66844118381348	8.39	321.6507353063558
130	-6.344917183199755	92.91900619839754	-6.344917183199755	92.91900619839754	-126.68867493119672	126.68867493119672	456.20503099198766	152.06834366399585	92.91900619839754	92.91900619839754	-92.91900619839754	-185.83801239679508	92.91900619839754	92.91900619839754	92.91900619839754	126.68867493119672	-126.68867493119672	152.0683436639959	59.14933746559836	59.14933746559836	92.91900619839754	-185.83801239679508	-363.2860247935902	46.45950309919877	-185.83801239679508	185.83801239679508	-152.06834366399585	185.83801239679508	-177.4480123967951	363.2860247935902	-46.45950309919877	-456.20503099198766	59.14933746559836	-92.91900619839754	8.39	152.06834366399588
131	-13.124350151202066	174.27220181442397	-13.124350151202066	174.27220181442397	-235.15960241923196	235.15960241923196	862.9710090721201	287.6570030240399	174.27220181442397	174.27220181442397	-174.27220181442397	-348.54440362884793	174.27220181442397	174.27220181442397	174.27220181442397	235.159602419232	-235.15960241923196	287.6570030240399	113.38480120961599	113.38480120961599	174.27220181442397	-348.54440362884793	-688.6988072576959	87.13610090721198	-348.54440362884793	348.54440362884793	-287.6570030240399	348.54440362884793	-340.15440362884794	688.6988072576959	-87.13610090721198	-862.9710090721201	113.38480120961599	-174.27220181442397	8.39	287.65700302403985
132	-12.910933416844102	171.71120100212755	-12.910933416844102	171.71120100212755	-231.7449346695034	231.7449346695034	850.166005010638	283.3886683368794	171.71120100212755	171.71120100212755	-171.71120100212755	-343.4224020042551	171.71120100212755	171.71120100212755	171.71120100212755	231.74493466950344	-231.7449346695034	283.3886683368794	111.67746733475171	111.67746733475171	171.71120100212755	-343.4224020042551	-678.4548040085101	85.85560050106378	-343.4224020042551	343.4224020042551	-283.3886683368794	343.4224020042551	-335.0324020042552	678.4548040085101	-85.85560050106378	-850.166005010638	111.67746733475171	-171.71120100212755	8.39	283.3886683368792
133	-9.732617476767757	133.57140972121243	-9.732617476767757	133.57140972121243	-180.89187962828325	180.89187962828325	659.4670486060622	219.82234953535408	133.57140972121243	133.57140972121243	-133.57140972121243	-267.14281944242487	133.57140972121243	133.57140972121243	133.57140972121243	180.89187962828328	-180.89187962828325	219.82234953535408	86.25093981414163	86.25093981414163	133.57140972121243	-267.14281944242487	-525.8956388848499	66.78570486060622	-267.14281944242487	267.14281944242487	-219.82234953535408	267.14281944242487	-258.7528194424249	525.8956388848499	-66.78570486060622	-659.4670486060622	86.25093981414163	-133.57140972121243	8.39	219.8223495353539
134	-12.27302185818644	164.0562622982351	-12.27302185818644	164.0562622982351	-221.53834973098014	221.53834973098014	811.8913114911758	270.6304371637252	164.0562622982351	164.0562622982351	-164.0562622982351	-328.1125245964702	164.0562622982351	164.0562622982351	164.0562622982351	221.53834973098026	-221.53834973098014	270.6304371637252	106.57417486549008	106.57417486549008	164.0562622982351	-328.1125245964702	-647.8350491929403	82.02813114911756	-328.1125245964702	328.1125245964702	-270.6304371637252	328.1125245964702	-319.72252459647007	647.8350491929403	-82.02813114911756	-811.8913114911758	106.57417486549008	-164.0562622982351	8.39	270.6304371637252
135	-14.930531715762402	195.94638058914913	-14.930531715762402	195.94638058914913	-264.05850745219885	264.05850745219885	971.3419029457457	323.78063431524856	195.94638058914913	195.94638058914913	-195.94638058914913	-391.89276117829826	195.94638058914913	195.94638058914913	195.94638058914913	264.0585074521989	-264.05850745219885	323.78063431524856	127.8342537260994	127.8342537260994	195.94638058914913	-391.89276117829826	-775.3955223565965	97.97319029457456	-391.89276117829826	391.89276117829826	-323.78063431524856	391.89276117829826	-383.5027611782982	775.3955223565965	-97.97319029457456	-971.3419029457457	127.8342537260994	-195.94638058914913	8.39	323.7806343152486
136	-9.839112427212324	134.84934912654813	-9.839112427212324	134.84934912654813	-182.5957988353975	182.5957988353975	665.8567456327405	221.9522485442469	134.84934912654813	134.84934912654813	-134.84934912654813	-269.69869825309627	134.84934912654813	134.84934912654813	134.84934912654813	182.59579883539755	-182.5957988353975	221.9522485442469	87.10289941769874	87.10289941769874	134.84934912654813	-269.69869825309627	-531.0073965061927	67.42467456327407	-269.69869825309627	269.69869825309627	-221.9522485442469	269.69869825309627	-261.3086982530963	531.0073965061927	-67.42467456327407	-665.8567456327405	87.10289941769874	-134.84934912654813	8.39	221.9522485442469
137	-12.697941812028716	169.15530174434338	-12.697941812028716	169.15530174434338	-228.33706899245783	228.33706899245783	837.386508721717	279.12883624057235	169.15530174434338	169.15530174434338	-169.15530174434338	-338.31060348868675	169.15530174434338	169.15530174434338	169.15530174434338	228.33706899245783	-228.33706899245783	279.1288362405723	109.97353449622892	109.97353449622892	169.15530174434338	-338.31060348868675	-668.2312069773734	84.57765087217169	-338.31060348868675	338.31060348868675	-279.12883624057235	338.31060348868675	-329.92060348868654	668.2312069773734	-84.57765087217169	-837.386508721717	109.97353449622892	-169.15530174434338	8.39	279.1288362405723
138	-13.338195429784207	176.83834515740998	-13.338195429784207	176.83834515740998	-238.58112687654662	238.58112687654662	875.8017257870498	291.9339085956833	176.83834515740998	176.83834515740998	-176.83834515740998	-353.67669031481995	176.83834515740998	176.83834515740998	176.83834515740998	238.5811268765466	-238.58112687654662	291.9339085956833	115.0955634382733	115.0955634382733	176.83834515740998	-353.67669031481995	-698.9633806296399	88.41917257870499	-353.67669031481995	353.67669031481995	-291.9339085956833	353.67669031481995	-345.2866903148196	698.9633806296399	-88.41917257870499	-875.8017257870498	115.0955634382733	-176.83834515740998	8.39	291.9339085956833
139	-6.5583339175578885	95.48000701069418	-6.5583339175578885	95.48000701069418	-130.10334268092558	130.10334268092558	469.01003505347103	156.33667835115693	95.48000701069418	95.48000701069418	-95.48000701069418	-190.96001402138836	95.48000701069418	95.48000701069418	95.48000701069418	130.1033426809256	-130.10334268092558	156.33667835115693	60.856671340462796	60.856671340462796	95.48000701069418	-190.96001402138836	-373.53002804277673	47.74000350534709	-190.96001402138836	190.96001402138836	-156.33667835115693	190.96001402138836	-182.57001402138835	373.53002804277673	-47.74000350534709	-469.01003505347103	60.856671340462796	-95.48000701069418	8.39	156.336678351157
140	-12.060244096938789	161.502929163265	-12.060244096938789	161.502929163265	-218.13390555102	218.13390555102	799.124645816325	266.37488193877505	161.502929163265	161.502929163265	-161.502929163265	-323.00585832653	161.502929163265	161.502929163265	161.502929163265	218.13390555102	-218.13390555102	266.37488193877505	104.87195277551001	104.87195277551001	161.502929163265	-323.00585832653	-637.6217166530599	80.7514645816325	-323.00585832653	323.00585832653	-266.37488193877505	323.00585832653	-314.6158583265302	637.6217166530599	-80.7514645816325	-799.124645816325	104.87195277551001	-161.502929163265	8.39	266.37488193877505
141	-14.6110451605025	192.11254192602956	-14.6110451605025	192.11254192602956	-258.94672256803943	258.94672256803943	952.1727096301477	317.3909032100494	192.11254192602956	192.11254192602956	-192.11254192602956	-384.22508385205913	192.11254192602956	192.11254192602956	192.11254192602956	258.9467225680394	-258.94672256803943	317.3909032100493	125.27836128401972	125.27836128401972	192.11254192602956	-384.22508385205913	-760.0601677041182	96.05627096301478	-384.22508385205913	384.22508385205913	-317.3909032100494	384.22508385205913	-375.83508385205903	760.0601677041182	-96.05627096301478	-952.1727096301477	125.27836128401972	-192.11254192602956	8.39	317.3909032100493
142	-13.657681985043979	180.6721838205302	-13.657681985043979	180.6721838205302	-243.69291176070692	243.69291176070692	894.9709191026508	298.32363970088363	180.6721838205302	180.6721838205302	-180.6721838205302	-361.3443676410604	180.6721838205302	180.6721838205302	180.6721838205302	243.6929117607068	-243.69291176070692	298.32363970088363	117.65145588035347	117.65145588035347	180.6721838205302	-361.3443676410604	-714.2987352821208	90.3360919102651	-361.3443676410604	361.3443676410604	-298.32363970088363	361.3443676410604	-352.95436764106057	714.2987352821208	-90.3360919102651	-894.9709191026508	117.65145588035347	-180.6721838205302	8.39	298.3236397008837
143	-9.519625871952371	131.01551046342865	-9.519625871952371	131.01551046342865	-177.4840139512382	177.4840139512382	646.6875523171433	215.56251743904772	131.01551046342865	131.01551046342865	-131.01551046342865	-262.0310209268573	131.01551046342865	131.01551046342865	131.01551046342865	177.48401395123813	-177.4840139512382	215.56251743904772	84.54700697561911	84.54700697561911	131.01551046342865	-262.0310209268573	-515.6720418537146	65.50775523171433	-262.0310209268573	262.0310209268573	-215.56251743904772	262.0310209268573	-253.64102092685735	515.6720418537146	-65.50775523171433	-646.6875523171433	84.54700697561911	-131.01551046342865	8.39	215.56251743904767
144	-7.8261024118261275	110.69322894191379	-7.8261024118261275	110.69322894191379	-150.3876385892184	150.3876385892184	545.076144709569	181.692048236523	110.6932289419138	110.69322894191379	-110.6932289419138	-221.38645788382757	110.6932289419138	110.69322894191379	110.6932289419138	150.38763858921857	-150.3876385892184	181.692048236523	70.99881929460918	70.99881929460918	110.6932289419138	-221.38645788382757	-434.3829157676552	55.346614470956894	-221.38645788382757	221.38645788382757	-181.692048236523	221.38645788382757	-212.9964578838277	434.3829157676552	-55.346614470956894	-545.076144709569	70.99881929460918	-110.6932289419138	8.39	181.69204823652296
145	-15.037239656108017	197.22687587329617	-15.037239656108017	197.22687587329617	-265.76583449772824	265.76583449772824	977.7443793664809	325.9147931221603	197.22687587329617	197.22687587329617	-197.22687587329617	-394.45375174659233	197.22687587329617	197.22687587329617	197.22687587329617	265.7658344977283	-265.76583449772824	325.9147931221603	128.6879172488641	128.6879172488641	197.22687587329617	-394.45375174659233	-780.5175034931847	98.61343793664808	-394.45375174659233	394.45375174659233	-325.9147931221603	394.45375174659233	-386.0637517465923	780.5175034931847	-98.61343793664808	-977.7443793664809	128.6879172488641	-197.22687587329617	8.39	325.91479312216035
146	-13.764389925389729	181.95267910467652	-13.764389925389729	181.95267910467652	-245.40023880623534	245.40023880623534	901.3733955233824	300.4577985077942	181.95267910467652	181.95267910467652	-181.95267910467652	-363.90535820935304	181.95267910467652	181.95267910467652	181.95267910467652	245.4002388062354	-245.40023880623534	300.4577985077943	118.50511940311766	118.50511940311766	181.95267910467652	-363.90535820935304	-719.420716418706	90.97633955233826	-363.90535820935304	363.90535820935304	-300.4577985077942	363.90535820935304	-355.51535820935305	719.420716418706	-90.97633955233826	-901.3733955233824	118.50511940311766	-181.95267910467652	8.39	300.45779850779417
147	-10.37010134828968	141.22121617947602	-10.37010134828968	141.22121617947602	-191.09162157263466	191.09162157263466	697.7160808973799	232.57202696579338	141.22121617947602	141.22121617947602	-141.22121617947602	-282.44243235895203	141.22121617947602	141.22121617947602	141.22121617947602	191.09162157263472	-191.09162157263466	232.57202696579338	91.35081078631733	91.35081078631733	141.22121617947602	-282.44243235895203	-556.4948647179042	70.61060808973801	-282.44243235895203	282.44243235895203	-232.57202696579338	282.44243235895203	-274.05243235895205	556.4948647179042	-70.61060808973801	-697.7160808973799	91.35081078631733	-141.22121617947602	8.39	232.57202696579333
148	-13.017641357189504	172.99169628627425	-13.017641357189504	172.99169628627425	-233.4522617150323	233.4522617150323	856.5684814313713	285.52282714379044	172.99169628627425	172.99169628627425	-172.99169628627425	-345.9833925725485	172.99169628627425	172.99169628627425	172.99169628627425	233.45226171503236	-233.4522617150323	285.5228271437905	112.53113085751615	112.53113085751615	172.99169628627425	-345.9833925725485	-683.5767851450971	86.49584814313712	-345.9833925725485	345.9833925725485	-285.52282714379044	345.9833925725485	-337.5933925725486	683.5767851450971	-86.49584814313712	-856.5684814313713	112.53113085751615	-172.99169628627425	8.39	285.5228271437904
149	-12.37994364209964	165.3393237051958	-12.37994364209964	165.3393237051958	-223.24909827359437	223.24909827359437	818.306618525979	272.768872841993	165.3393237051958	165.3393237051958	-165.3393237051958	-330.6786474103916	165.3393237051958	165.3393237051958	165.3393237051958	223.24909827359443	-223.24909827359437	272.768872841993	107.42954913679718	107.42954913679718	165.3393237051958	-330.6786474103916	-652.9672948207833	82.6696618525979	-330.6786474103916	330.6786474103916	-272.768872841993	330.6786474103916	-322.2886474103917	652.9672948207833	-82.6696618525979	-818.306618525979	107.42954913679718	-165.3393237051958	8.39	272.7688728419931
150	-6.451838967113171	94.2020676053583	-6.451838967113171	94.2020676053583	-128.39942347381105	128.39942347381105	462.6203380267914	154.20677934226387	94.2020676053583	94.2020676053583	-94.2020676053583	-188.4041352107166	94.2020676053583	94.2020676053583	94.2020676053583	128.3994234738111	-128.39942347381105	154.20677934226381	60.00471173690552	60.00471173690552	94.2020676053583	-188.4041352107166	-368.4182704214332	47.10103380267915	-188.4041352107166	188.4041352107166	-154.20677934226387	188.4041352107166	-180.01413521071655	368.4182704214332	-47.10103380267915	-462.6203380267914	60.00471173690552	-94.2020676053583	8.39	154.20677934226387
151	-5.285484186839553	80.20581024207448	-5.285484186839553	80.20581024207448	-109.73774698943264	109.73774698943264	392.63905121037214	130.87968373679087	80.20581024207448	80.20581024207448	-80.20581024207448	-160.41162048414895	80.20581024207448	80.20581024207448	80.20581024207448	109.73774698943248	-109.73774698943264	130.8796837367908	50.67387349471632	50.67387349471632	80.20581024207448	-160.41162048414895	-312.4332409682979	40.10290512103724	-160.41162048414895	160.41162048414895	-130.87968373679087	160.41162048414895	-152.0216204841488	312.4332409682979	-40.10290512103724	-392.63905121037214	50.67387349471632	-80.20581024207448	8.39	130.8796837367908
152	-6.132352411853151	90.36822894223795	-6.132352411853151	90.36822894223795	-123.2876385896506	123.2876385896506	443.4511447111895	147.81704823706332	90.36822894223795	90.36822894223795	-90.36822894223795	-180.7364578844759	90.36822894223795	90.36822894223795	90.36822894223795	123.28763858965044	-123.2876385896506	147.81704823706326	57.4488192948253	57.4488192948253	90.36822894223795	-180.7364578844759	-353.0829157689518	45.184114471118974	-180.7364578844759	180.7364578844759	-147.81704823706332	180.7364578844759	-172.34645788447574	353.0829157689518	-45.184114471118974	-443.4511447111895	57.4488192948253	-90.36822894223795	8.39	147.81704823706326
153	-2.75500815037587	49.840097804510634	-2.75500815037587	49.840097804510634	-69.25013040601418	69.25013040601418	240.81048902255293	80.27016300751768	49.840097804510634	49.840097804510634	-49.840097804510634	-99.68019560902127	49.840097804510634	49.840097804510634	49.840097804510634	69.25013040601402	-69.25013040601418	80.27016300751772	30.43006520300709	30.43006520300709	49.840097804510634	-99.68019560902127	-190.97039121804252	24.920048902255317	-99.68019560902127	99.68019560902127	-80.27016300751768	99.68019560902127	-91.29019560902111	190.97039121804252	-24.920048902255317	-240.81048902255293	30.43006520300709	-49.840097804510634	8.39	80.27016300751771
154	-9.945820367557902	136.12984441069517	-9.945820367557902	136.12984441069517	-184.30312588092687	184.30312588092687	672.2592220534757	224.08640735115864	136.12984441069517	136.12984441069517	-136.12984441069517	-272.25968882139034	136.12984441069517	136.12984441069517	136.12984441069517	184.30312588092693	-184.30312588092687	224.08640735115864	87.95656294046343	87.95656294046343	136.12984441069517	-272.25968882139034	-536.1293776427808	68.06492220534759	-272.25968882139034	272.25968882139034	-224.08640735115864	272.25968882139034	-263.86968882139035	536.1293776427808	-68.06492220534759	-672.2592220534757	87.95656294046343	-136.12984441069517	8.39	224.08640735115864
155	-8.672970636839738	120.85564764207702	-8.672970636839738	120.85564764207702	-163.93753018943602	163.93753018943602	595.888238210385	198.62941273679508	120.85564764207702	120.85564764207702	-120.85564764207702	-241.71129528415403	120.85564764207702	120.85564764207702	120.85564764207702	163.93753018943607	-163.93753018943602	198.62941273679502	77.773765094718	77.773765094718	120.85564764207702	-241.71129528415403	-475.0325905683081	60.42782382103851	-241.71129528415403	241.71129528415403	-198.62941273679508	241.71129528415403	-233.321295284154	475.0325905683081	-60.42782382103851	-595.888238210385	77.773765094718	-120.85564764207702	8.39	198.62941273679508
156	-3.389947176103455	57.459366113241714	-3.389947176103455	57.459366113241714	-79.40915481765562	79.40915481765562	278.9068305662083	92.96894352206948	57.459366113241714	57.459366113241714	-57.459366113241714	-114.91873222648343	57.459366113241714	57.459366113241714	57.459366113241714	79.40915481765546	-79.40915481765562	92.96894352206952	35.50957740882781	35.50957740882781	57.459366113241714	-114.91873222648343	-221.44746445296684	28.729683056620857	-114.91873222648343	114.91873222648343	-92.96894352206948	114.91873222648343	-106.52873222648327	221.44746445296684	-28.729683056620857	-278.9068305662083	35.50957740882781	-57.459366113241714	8.39	92.96894352206952
157	-14.188457916220727	187.04149499464802	-14.188457916220727	187.04149499464802	-252.1853266595307	252.1853266595307	926.8174749732402	308.93915832441337	187.04149499464802	187.04149499464802	-187.04149499464802	-374.08298998929604	187.04149499464802	187.04149499464802	187.04149499464802	252.1853266595308	-252.1853266595307	308.93915832441337	121.89766332976535	121.89766332976535	187.04149499464802	-374.08298998929604	-739.7759799785921	93.52074749732401	-374.08298998929604	374.08298998929604	-308.93915832441337	374.08298998929604	-365.69298998929605	739.7759799785921	-93.52074749732401	-926.8174749732402	121.89766332976535	-187.04149499464802	8.39	308.93915832441337
158	-6.238634372396916	91.64361246876297	-6.238634372396916	91.64361246876297	-124.98814995835062	124.98814995835062	449.82806234381485	149.94268744793828	91.64361246876297	91.64361246876297	-91.64361246876297	-183.28722493752593	91.64361246876297	91.64361246876297	91.64361246876297	124.98814995835062	-124.98814995835062	149.94268744793828	58.299074979175316	58.299074979175316	91.64361246876297	-183.28722493752593	-358.1844498750519	45.821806234381484	-183.28722493752593	183.28722493752593	-149.94268744793828	183.28722493752593	-174.89722493752595	358.1844498750519	-45.821806234381484	-449.82806234381485	58.299074979175316	-91.64361246876297	8.39	149.94268744793828
159	-3.812322280743352	62.52786736892073	-3.812322280743352	62.52786736892073	-86.1671564918943	86.1671564918943	304.2493368446035	101.41644561486783	62.52786736892073	62.52786736892073	-62.52786736892073	-125.05573473784146	62.52786736892073	62.52786736892073	62.52786736892073	86.16715649189427	-86.1671564918943	101.41644561486788	38.88857824594716	38.88857824594716	62.52786736892073	-125.05573473784146	-241.7214694756829	31.263933684460365	-125.05573473784146	125.05573473784146	-101.41644561486783	125.05573473784146	-116.66573473784126	241.7214694756829	-31.263933684460365	-304.2493368446035	38.88857824594716	-62.52786736892073	8.39	101.41644561486788
160	-15.14330947700995	198.49971372412	-15.14330947700995	198.49971372412	-267.46295163216	267.46295163216	984.1085686206	328.0361895402	198.49971372412	198.49971372412	-198.49971372412	-396.99942744824	198.49971372412	198.49971372412	198.49971372412	267.46295163215996	-267.46295163216	328.0361895402	129.53647581608	129.53647581608	198.49971372412	-396.99942744824	-785.6088548964801	99.24985686206	-396.99942744824	396.99942744824	-328.0361895402	396.99942744824	-388.60942744824	785.6088548964801	-99.24985686206	-984.1085686206	129.53647581608	-198.49971372412	8.39	328.0361895402001
161	-13.870459746291772	183.22551695550055	-13.870459746291772	183.22551695550055	-247.0973559406674	247.0973559406674	907.7375847775029	302.57919492583426	183.22551695550055	183.22551695550055	-183.22551695550055	-366.4510339110011	183.22551695550055	183.22551695550055	183.22551695550055	247.0973559406675	-247.0973559406674	302.57919492583426	119.3536779703337	119.3536779703337	183.22551695550055	-366.4510339110011	-724.5120678220022	91.61275847775028	-366.4510339110011	366.4510339110011	-302.57919492583426	366.4510339110011	-358.0610339110011	724.5120678220022	-91.61275847775028	-907.7375847775029	119.3536779703337	-183.22551695550055	8.39	302.57919492583426
162	-5.497835968285415	82.75403161942371	-5.497835968285415	82.75403161942371	-113.13537549256498	113.13537549256498	405.38015809711874	135.1267193657062	82.75403161942373	82.75403161942371	-82.75403161942373	-165.50806323884746	82.75403161942373	82.75403161942371	82.75403161942373	113.13537549256489	-113.13537549256498	135.1267193657062	52.372687746282494	52.372687746282494	82.75403161942373	-165.50806323884746	-322.6261264776949	41.37701580971186	-165.50806323884746	165.50806323884746	-135.1267193657062	165.50806323884746	-157.11806323884738	322.6261264776949	-41.37701580971186	-405.38015809711874	52.372687746282494	-82.75403161942373	8.39	135.1267193657062
163	-6.876332087486778	99.29598504984153	-6.876332087486778	99.29598504984153	-135.19131339978873	135.19131339978873	488.0899252492077	162.69664174973593	99.29598504984153	99.29598504984153	-99.29598504984153	-198.59197009968307	99.29598504984153	99.29598504984153	99.29598504984153	135.19131339978867	-135.19131339978873	162.6966417497359	63.40065669989434	63.40065669989434	99.29598504984153	-198.59197009968307	-388.79394019936615	49.64799252492077	-198.59197009968307	198.59197009968307	-162.69664174973593	198.59197009968307	-190.20197009968308	388.79394019936615	-49.64799252492077	-488.0899252492077	63.40065669989434	-99.29598504984153	8.39	162.69664174973587
164	-8.779252597383504	122.1310311686019	-8.779252597383504	122.1310311686019	-165.63804155813585	165.63804155813585	602.2651558430096	200.7550519476698	122.1310311686019	122.1310311686019	-122.1310311686019	-244.2620623372038	122.1310311686019	122.1310311686019	122.1310311686019	165.6380415581359	-165.63804155813585	200.7550519476698	78.62402077906792	78.62402077906792	122.1310311686019	-244.2620623372038	-480.13412467440753	61.06551558430095	-244.2620623372038	244.2620623372038	-200.7550519476698	244.2620623372038	-235.8720623372038	480.13412467440753	-61.06551558430095	-602.2651558430096	78.62402077906792	-122.1310311686019	8.39	200.75505194766987
165	-2.1219665421932947	42.24359850631988	-2.1219665421932947	42.24359850631988	-59.121464675093165	59.121464675093165	202.82799253159942	67.60933084386647	42.24359850631988	42.24359850631988	-42.24359850631988	-84.48719701263975	42.24359850631988	42.24359850631988	42.24359850631988	59.12146467509308	-59.121464675093165	67.60933084386646	25.36573233754659	25.36573233754659	42.24359850631988	-84.48719701263975	-160.5843940252795	21.12179925315994	-84.48719701263975	84.48719701263975	-67.60933084386647	84.48719701263975	-76.09719701263987	160.5843940252795	-21.12179925315994	-202.82799253159942	25.36573233754659	-42.24359850631988	8.39	67.60933084386646
166	-8.038454193272003	113.24145031926281	-8.038454193272003	113.24145031926281	-153.7852670923504	153.7852670923504	557.8172515963143	185.93908386543802	113.24145031926282	113.24145031926281	-113.24145031926282	-226.48290063852562	113.24145031926282	113.24145031926281	113.24145031926282	153.78526709235064	-153.7852670923504	185.93908386543802	72.69763354617521	72.69763354617521	113.24145031926282	-226.48290063852562	-444.5758012770512	56.620725159631405	-226.48290063852562	226.48290063852562	-185.93908386543802	226.48290063852562	-218.09290063852563	444.5758012770512	-56.620725159631405	-557.8172515963143	72.69763354617521	-113.24145031926282	8.39	185.93908386543802
167	-2.8612901109195263	51.11548133103565	-2.8612901109195263	51.11548133103565	-70.9506417747142	70.9506417747142	247.18740665517805	82.39580221839276	51.11548133103565	51.11548133103565	-51.11548133103565	-102.2309626620713	51.11548133103565	51.11548133103565	51.11548133103565	70.9506417747142	-70.9506417747142	82.39580221839276	31.280320887357092	31.280320887357092	51.11548133103565	-102.2309626620713	-196.07192532414263	25.557740665517827	-102.2309626620713	102.2309626620713	-82.39580221839276	102.2309626620713	-93.84096266207132	196.07192532414263	-25.557740665517827	-247.18740665517805	31.280320887357092	-51.11548133103565	8.39	82.39580221839276
168	-7.193272943285308	103.09927531942455	-7.193272943285308	103.09927531942455	-140.26236709256605	140.26236709256605	507.1063765971228	169.0354588657077	103.09927531942455	103.09927531942455	-103.09927531942455	-206.1985506388491	103.09927531942455	103.09927531942455	103.09927531942455	140.26236709256605	-140.26236709256605	169.0354588657077	65.93618354628305	65.93618354628305	103.09927531942455	-206.1985506388491	-404.0071012776982	51.549637659712275	-206.1985506388491	206.1985506388491	-169.0354588657077	206.1985506388491	-197.80855063884928	404.0071012776982	-51.549637659712275	-507.1063765971228	65.93618354628305	-103.09927531942455	8.39	169.0354588657074
169	-12.591871991126595	167.8824638935194	-12.591871991126595	167.8824638935194	-226.63995185802588	226.63995185802588	831.0223194675968	277.00743982253243	167.8824638935194	167.8824638935194	-167.8824638935194	-335.7649277870388	167.8824638935194	167.8824638935194	167.8824638935194	226.63995185802582	-226.63995185802588	277.00743982253243	109.12497592901295	109.12497592901295	167.8824638935194	-335.7649277870388	-663.1398555740777	83.9412319467597	-335.7649277870388	335.7649277870388	-277.00743982253243	335.7649277870388	-327.3749277870388	663.1398555740777	-83.9412319467597	-831.0223194675968	109.12497592901295	-167.8824638935194	8.39	277.0074398225323
170	-8.460829297911914	118.30995157494266	-8.460829297911914	118.30995157494266	-160.54326876659022	160.54326876659022	583.1597578747133	194.3865859582379	118.30995157494266	118.30995157494266	-118.30995157494266	-236.61990314988532	118.30995157494266	118.30995157494266	118.30995157494266	160.54326876659024	-160.54326876659022	194.3865859582379	76.07663438329512	76.07663438329512	118.30995157494266	-236.61990314988532	-464.8498062997706	59.15497578747133	-236.61990314988532	236.61990314988532	-194.3865859582379	236.61990314988532	-228.22990314988527	464.8498062997706	-59.15497578747133	-583.1597578747133	76.07663438329512	-118.30995157494266	8.39	194.38658595823762
171	-10.263606397845138	139.94327677414017	-10.263606397845138	139.94327677414017	-189.38770236552025	189.38770236552025	691.3263838707011	230.4421279569002	139.94327677414017	139.94327677414017	-139.94327677414017	-279.88655354828035	139.94327677414017	139.94327677414017	139.94327677414017	189.3877023655201	-189.38770236552025	230.4421279569002	90.49885118276009	90.49885118276009	139.94327677414017	-279.88655354828035	-551.3831070965606	69.97163838707009	-279.88655354828035	279.88655354828035	-230.4421279569002	279.88655354828035	-271.4965535482803	551.3831070965606	-69.97163838707009	-691.3263838707011	90.49885118276009	-139.94327677414017	8.39	230.44212795690038
172	-5.92042321256703	87.82507855080507	-5.92042321256703	87.82507855080507	-119.8967714010734	119.8967714010734	430.73539275402516	143.5784642513418	87.82507855080505	87.82507855080507	-87.82507855080505	-175.65015710161012	87.82507855080505	87.82507855080507	87.82507855080505	119.89677140107335	-119.8967714010734	143.57846425134176	55.753385700536725	55.753385700536725	87.82507855080505	-175.65015710161012	-342.9103142032202	43.91253927540254	-175.65015710161012	175.65015710161012	-143.5784642513418	175.65015710161012	-167.26015710161016	342.9103142032202	-43.91253927540254	-430.73539275402516	55.753385700536725	-87.82507855080505	8.39	143.57846425134176
173	-12.804436762473259	170.43324114967882	-12.804436762473259	170.43324114967882	-230.04098819957176	230.04098819957176	843.7762057483942	281.25873524946473	170.43324114967882	170.43324114967882	-170.43324114967882	-340.86648229935764	170.43324114967882	170.43324114967882	170.43324114967882	230.04098819957198	-230.04098819957176	281.25873524946473	110.82549409978589	110.82549409978589	170.43324114967882	-340.86648229935764	-673.3429645987152	85.21662057483941	-340.86648229935764	340.86648229935764	-281.25873524946473	340.86648229935764	-332.47648229935794	673.3429645987152	-85.21662057483941	-843.7762057483942	110.82549409978589	-170.43324114967882	8.39	281.2587352494647
174	-6.664615878101612	96.755390537219	-6.664615878101612	96.755390537219	-131.80385404962533	131.80385404962533	475.3869526860951	158.46231756203156	96.755390537219	96.755390537219	-96.755390537219	-193.510781074438	96.755390537219	96.755390537219	96.755390537219	131.80385404962544	-131.80385404962533	158.46231756203156	61.70692702481267	61.70692702481267	96.755390537219	-193.510781074438	-378.631562148876	48.3776952686095	-193.510781074438	193.510781074438	-158.46231756203156	193.510781074438	-185.120781074438	378.631562148876	-48.3776952686095	-475.3869526860951	61.70692702481267	-96.755390537219	8.39	158.46231756203179
175	-2.9673599318216186	52.38831918185974	-2.9673599318216186	52.38831918185974	-72.64775890914632	72.64775890914632	253.55159590929884	84.5171986364328	52.38831918185974	52.38831918185974	-52.38831918185974	-104.77663836371948	52.38831918185974	52.38831918185974	52.38831918185974	72.64775890914643	-72.64775890914632	84.5171986364328	32.128879454573166	32.128879454573166	52.38831918185974	-104.77663836371948	-201.16327672743898	26.19415959092987	-104.77663836371948	104.77663836371948	-84.5171986364328	104.77663836371948	-96.38663836371973	201.16327672743898	-26.19415959092987	-253.55159590929884	32.128879454573166	-52.38831918185974	8.39	84.51719863643302
176	-14.717540110947107	193.39048133136498	-14.717540110947107	193.39048133136498	-260.6506417751533	260.6506417751533	958.562406656825	319.5208022189415	193.39048133136498	193.39048133136498	-193.39048133136498	-386.78096266272996	193.39048133136498	193.39048133136498	193.39048133136498	260.6506417751534	-260.6506417751533	319.5208022189415	126.13032088757666	126.13032088757666	193.39048133136498	-386.78096266272996	-765.1719253254599	96.69524066568249	-386.78096266272996	386.78096266272996	-319.5208022189415	386.78096266272996	-378.39096266273	765.1719253254599	-96.69524066568249	-958.562406656825	126.13032088757666	-193.39048133136498	8.39	319.52080221894175
177	-13.976741706835478	184.5009004820256	-13.976741706835478	184.5009004820256	-248.79786730936746	248.79786730936746	914.1145024101281	304.7048341367092	184.5009004820256	184.5009004820256	-184.5009004820256	-369.0018009640512	184.5009004820256	184.5009004820256	184.5009004820256	248.79786730936758	-248.79786730936746	304.7048341367092	120.20393365468374	120.20393365468374	184.5009004820256	-369.0018009640512	-729.6136019281024	92.2504502410128	-369.0018009640512	369.0018009640512	-304.7048341367092	369.0018009640512	-360.6118009640512	729.6136019281024	-92.2504502410128	-914.1145024101281	120.20393365468374	-184.5009004820256	8.39	304.70483413670945
178	-13.444690380228817	178.11628456274616	-13.444690380228817	178.11628456274616	-240.28504608366154	240.28504608366154	882.1914228137309	294.0638076045768	178.11628456274616	178.11628456274616	-178.11628456274616	-356.2325691254923	178.11628456274616	178.11628456274616	178.11628456274616	240.28504608366165	-240.28504608366154	294.0638076045768	115.94752304183078	115.94752304183078	178.11628456274616	-356.2325691254923	-704.0751382509847	89.05814228137308	-356.2325691254923	356.2325691254923	-294.0638076045768	356.2325691254923	-347.84256912549256	704.0751382509847	-89.05814228137308	-882.1914228137309	115.94752304183078	-178.11628456274616	8.39	294.06380760457705
179	-12.166739047383397	162.78086856859977	-12.166739047383397	162.78086856859977	-219.83782475813302	219.83782475813302	805.514342842999	268.5047809476662	162.78086856859977	162.78086856859977	-162.78086856859977	-325.56173713719954	162.78086856859977	162.78086856859977	162.78086856859977	219.83782475813314	-219.83782475813302	268.5047809476662	105.72391237906652	105.72391237906652	162.78086856859977	-325.56173713719954	-642.7334742743991	81.39043428429989	-325.56173713719954	325.56173713719954	-268.5047809476662	325.56173713719954	-317.17173713719933	642.7334742743991	-81.39043428429989	-805.514342842999	105.72391237906652	-162.78086856859977	8.39	268.5047809476664
180	-7.932384372369921	111.96861246843923	-7.932384372369921	111.96861246843923	-152.08814995791897	152.08814995791897	551.4530623421963	183.8176874473986	111.96861246843923	111.96861246843923	-111.96861246843923	-223.93722493687847	111.96861246843923	111.96861246843923	111.96861246843923	152.0881499579191	-152.08814995791897	183.8176874473986	71.8490749789595	71.8490749789595	111.96861246843923	-223.93722493687847	-439.48444987375694	55.984306234219616	-223.93722493687847	223.93722493687847	-183.8176874473986	223.93722493687847	-215.54722493687848	439.48444987375694	-55.984306234219616	-551.4530623421963	71.8490749789595	-111.96861246843923	8.39	183.81768744739884
181	-5.391766147383328	81.48119376860018	-5.391766147383328	81.48119376860018	-111.43825835813357	111.43825835813357	399.015968843001	133.00532294766685	81.48119376860018	81.48119376860018	-81.48119376860018	-162.96238753720036	81.48119376860018	81.48119376860018	81.48119376860018	111.43825835813368	-111.43825835813357	133.00532294766685	51.52412917906679	51.52412917906679	81.48119376860018	-162.96238753720036	-317.5347750744007	40.74059688430009	-162.96238753720036	162.96238753720036	-133.00532294766685	162.96238753720036	-154.57238753720037	317.5347750744007	-40.74059688430009	-399.015968843001	51.52412917906679	-81.48119376860018	8.39	133.00532294766708
182	-10.899815727603652	147.57778873124494	-10.899815727603652	147.57778873124494	-199.5670516416599	199.5670516416599	729.4989436562246	243.16631455207482	147.57778873124494	147.57778873124494	-147.57778873124494	-295.1555774624899	147.57778873124494	147.57778873124494	147.57778873124494	199.56705164165987	-199.5670516416599	243.16631455207482	95.58852582082996	95.58852582082996	147.57778873124494	-295.1555774624899	-581.9211549249798	73.78889436562247	-295.1555774624899	295.1555774624899	-243.16631455207482	295.1555774624899	-286.7655774624899	581.9211549249798	-73.78889436562247	-729.4989436562246	95.58852582082996	-147.57778873124494	8.39	243.16631455207488
183	-10.052102328101682	137.40522793722	-10.052102328101682	137.40522793722	-186.00363724962665	186.00363724962665	678.6361396860998	226.2120465620335	137.40522793722	137.40522793722	-137.40522793722	-274.81045587444	137.40522793722	137.40522793722	137.40522793722	186.00363724962654	-186.00363724962665	226.2120465620335	88.80681862481333	88.80681862481333	137.40522793722	-274.81045587444	-541.2309117488801	68.70261396861	-274.81045587444	274.81045587444	-226.2120465620335	274.81045587444	-266.42045587444005	541.2309117488801	-68.70261396861	-678.6361396860998	88.80681862481333	-137.40522793722	8.39	226.21204656203315
184	-10.47638330883359	142.49659970600146	-10.47638330883359	142.49659970600146	-192.79213294133527	192.79213294133527	704.0929985300073	234.69766617666914	142.49659970600146	142.49659970600146	-142.49659970600146	-284.9931994120029	142.49659970600146	142.49659970600146	142.49659970600146	192.79213294133527	-192.79213294133527	234.69766617666914	92.20106647066766	92.20106647066766	142.49659970600146	-284.9931994120029	-561.5963988240059	71.24829985300073	-284.9931994120029	284.9931994120029	-234.69766617666914	284.9931994120029	-276.60319941200237	561.5963988240059	-71.24829985300073	-704.0929985300073	92.20106647066766	-142.49659970600146	8.39	234.69766617666906
185	-15.355237826036973	201.04285391244343	-15.355237826036973	201.04285391244343	-270.85380521659124	270.85380521659124	996.8242695622173	332.27475652073895	201.04285391244343	201.04285391244343	-201.04285391244343	-402.08570782488687	201.04285391244343	201.04285391244343	201.04285391244343	270.85380521659135	-270.85380521659124	332.27475652073895	131.23190260829563	131.23190260829563	201.04285391244343	-402.08570782488687	-795.7814156497737	100.52142695622172	-402.08570782488687	402.08570782488687	-332.27475652073895	402.08570782488687	-393.69570782488677	795.7814156497737	-100.52142695622172	-996.8242695622173	131.23190260829563	-201.04285391244343	8.39	332.2747565207392
186	-11.743303241140168	157.69963889368174	-11.743303241140168	157.69963889368174	-213.0628518582423	213.0628518582423	780.1081944684088	260.0360648228029	157.69963889368174	157.69963889368174	-157.69963889368174	-315.3992777873635	157.69963889368174	157.69963889368174	157.69963889368174	213.06285185824242	-213.0628518582423	260.0360648228029	102.33642592912116	102.33642592912116	157.69963889368174	-315.3992777873635	-622.4085555747268	78.84981944684087	-315.3992777873635	315.3992777873635	-260.0360648228029	315.3992777873635	-307.00927778736354	622.4085555747268	-78.84981944684087	-780.1081944684088	102.33642592912116	-157.69963889368174	8.39	260.03606482280287
187	-10.688099518218596	145.0371942186241	-10.688099518218596	145.0371942186241	-196.1795922914988	196.1795922914988	716.7959710931207	238.9319903643734	145.0371942186241	145.0371942186241	-145.0371942186241	-290.0743884372482	145.0371942186241	145.0371942186241	145.0371942186241	196.17959229149892	-196.1795922914988	238.9319903643734	93.89479614574941	93.89479614574941	145.0371942186241	-290.0743884372482	-571.7587768744964	72.51859710931205	-290.0743884372482	290.0743884372482	-238.9319903643734	290.0743884372482	-281.68438843724846	571.7587768744964	-72.51859710931205	-716.7959710931207	93.89479614574941	-145.0371942186241	8.39	238.93199036437363
188	-9.202685016153815	127.21222019384481	-9.202685016153815	127.21222019384481	-172.41296025845975	172.41296025845975	627.6711009692242	209.22370032307458	127.21222019384481	127.21222019384481	-127.21222019384481	-254.42444038768963	127.21222019384481	127.21222019384481	127.21222019384481	172.41296025845986	-172.41296025845975	209.22370032307458	82.01148012922988	82.01148012922988	127.21222019384481	-254.42444038768963	-500.45888077537927	63.60611009692241	-254.42444038768963	254.42444038768963	-209.22370032307458	254.42444038768963	-246.03444038768941	500.45888077537927	-63.60611009692241	-627.6711009692242	82.01148012922988	-127.21222019384481	8.39	209.2237003230748
189	-8.99096880676866	124.67162568122444	-8.99096880676866	124.67162568122444	-169.02550090829925	169.02550090829925	614.9681284061223	204.98937613537396	124.67162568122444	124.67162568122444	-124.67162568122444	-249.34325136244888	124.67162568122444	124.67162568122444	124.67162568122444	169.02550090829936	-169.02550090829925	204.98937613537396	80.31775045414963	80.31775045414963	124.67162568122444	-249.34325136244888	-490.2965027248978	62.33581284061222	-249.34325136244888	249.34325136244888	-204.98937613537396	249.34325136244888	-240.95325136244912	490.2965027248978	-62.33581284061222	-614.9681284061223	80.31775045414963	-124.67162568122444	8.39	204.9893761353742
190	-9.626120822397024	132.2934498687648	-9.626120822397024	132.2934498687648	-179.18793315835308	179.18793315835308	653.0772493438242	217.69241644794124	132.2934498687648	132.2934498687648	-132.2934498687648	-264.5868997375296	132.2934498687648	132.2934498687648	132.2934498687648	179.1879331583532	-179.18793315835308	217.69241644794124	85.39896657917654	85.39896657917654	132.2934498687648	-264.5868997375296	-520.7837994750593	66.1467249343824	-264.5868997375296	264.5868997375296	-217.69241644794124	264.5868997375296	-256.19689973752986	520.7837994750593	-66.1467249343824	-653.0772493438242	85.39896657917654	-132.2934498687648	8.39	217.69241644794147
191	-12.48601346300168	166.61216155601983	-12.48601346300168	166.61216155601983	-224.94621540802643	224.94621540802643	824.6708077800993	274.89026926003294	166.61216155601983	166.61216155601983	-166.61216155601983	-333.22432311203966	166.61216155601983	166.61216155601983	166.61216155601983	224.94621540802655	-224.94621540802643	274.89026926003294	108.27810770401322	108.27810770401322	166.61216155601983	-333.22432311203966	-658.0586462240793	83.30608077800991	-333.22432311203966	333.22432311203966	-274.89026926003294	333.22432311203966	-324.83432311203967	658.0586462240793	-83.30608077800991	-824.6708077800993	108.27810770401322	-166.61216155601983	8.39	274.89026926003316
192	-8.24995826301529	115.77949915618342	-8.24995826301529	115.77949915618342	-157.16933220824455	157.16933220824455	570.5074957809172	190.1691652603056	115.77949915618342	115.77949915618342	-115.77949915618342	-231.55899831236684	115.77949915618342	115.77949915618342	115.77949915618342	157.16933220824467	-157.16933220824455	190.1691652603056	74.38966610412228	74.38966610412228	115.77949915618342	-231.55899831236684	-454.7279966247337	57.88974957809171	-231.55899831236684	231.55899831236684	-190.1691652603056	231.55899831236684	-223.16899831236685	454.7279966247337	-57.88974957809171	-570.5074957809172	74.38966610412228	-115.77949915618342	8.39	190.16916526030582
193	-14.399961985964076	189.5795438315688	-14.399961985964076	189.5795438315688	-255.56939177542506	255.56939177542506	939.5077191578441	313.1692397192812	189.5795438315688	189.5795438315688	-189.5795438315688	-379.1590876631376	189.5795438315688	189.5795438315688	189.5795438315688	255.56939177542517	-255.56939177542506	313.1692397192812	123.58969588771254	123.58969588771254	189.5795438315688	-379.1590876631376	-749.9281753262752	94.7897719157844	-379.1590876631376	379.1590876631376	-313.1692397192812	379.1590876631376	-370.7690876631376	749.9281753262752	-94.7897719157844	-939.5077191578441	123.58969588771254	-189.5795438315688	8.39	313.16923971928145
194	-2.2280363630953275	43.5164363571431	-2.2280363630953275	43.5164363571431	-60.81858180952413	60.81858180952413	209.19218178571555	69.73072726190526	43.5164363571431	43.5164363571431	-43.5164363571431	-87.0328727142862	43.5164363571431	43.5164363571431	43.5164363571431	60.818581809524176	-60.81858180952413	69.73072726190526	26.214290904762077	26.214290904762077	43.5164363571431	-87.0328727142862	-165.6757454285724	21.75821817857155	-87.0328727142862	87.0328727142862	-69.73072726190526	87.0328727142862	-78.64287271428624	165.6757454285724	-21.75821817857155	-209.19218178571555	26.214290904762077	-43.5164363571431	8.39	69.73072726190522
195	-5.814564684442047	86.55477621330478	-5.814564684442047	86.55477621330478	-118.20303495107304	118.20303495107304	424.3838810665239	141.46129368884124	86.55477621330478	86.55477621330478	-86.55477621330478	-173.10955242660955	86.55477621330478	86.55477621330478	86.55477621330478	118.20303495107304	-118.20303495107304	141.46129368884124	54.90651747553652	54.90651747553652	86.55477621330478	-173.10955242660955	-337.82910485321906	43.27738810665239	-173.10955242660955	173.10955242660955	-141.46129368884124	173.10955242660955	-164.71955242660943	337.82910485321906	-43.27738810665239	-424.3838810665239	54.90651747553652	-86.55477621330478	8.39	141.46129368884135
196	-15.249379297912071	199.77255157494392	-15.249379297912071	199.77255157494392	-269.1600687665919	269.1600687665919	990.4727578747196	330.1575859582399	199.77255157494392	199.77255157494392	-199.77255157494392	-399.54510314988784	199.77255157494392	199.77255157494392	199.77255157494392	269.1600687665919	-269.1600687665919	330.1575859582399	130.38503438329593	130.38503438329593	199.77255157494392	-399.54510314988784	-790.7002062997757	99.88627578747196	-399.54510314988784	399.54510314988784	-330.1575859582399	399.54510314988784	-391.15510314988774	790.7002062997757	-99.88627578747196	-990.4727578747196	130.38503438329593	-199.77255157494392	8.39	330.15758595823985
197	-4.339292370900068	68.85150845080057	-4.339292370900068	68.85150845080057	-94.59867793440075	94.59867793440075	335.86754225400284	111.95584741800099	68.85150845080057	68.85150845080057	-68.85150845080057	-137.70301690160113	68.85150845080057	68.85150845080057	68.85150845080057	94.59867793440083	-94.59867793440075	111.95584741800099	43.104338967200384	43.104338967200384	68.85150845080057	-137.70301690160113	-267.0160338032023	34.42575422540028	-137.70301690160113	137.70301690160113	-111.95584741800099	137.70301690160113	-129.31301690160115	267.0160338032023	-34.42575422540028	-335.86754225400284	43.104338967200384	-68.85150845080057	8.39	111.9558474180009
198	-3.706675892260307	61.26011070712201	-3.706675892260307	61.26011070712201	-84.47681427616267	84.47681427616267	297.91055353561023	99.30351784520349	61.26011070712201	61.26011070712201	-61.26011070712201	-122.52022141424402	61.26011070712201	61.26011070712201	61.26011070712201	84.47681427616271	-84.47681427616267	99.30351784520349	38.04340713808135	38.04340713808135	61.26011070712201	-122.52022141424402	-236.65044282848805	30.630055353561005	-122.52022141424402	122.52022141424402	-99.30351784520349	122.52022141424402	-114.13022141424406	236.65044282848805	-30.630055353561005	-297.91055353561023	38.04340713808135	-61.26011070712201	8.39	99.30351784520333
199	-7.719819601023005	109.41783521227931	-7.719819601023005	109.41783521227931	-148.68711361637241	148.68711361637241	538.6991760613962	179.5663920204654	109.41783521227931	109.41783521227931	-109.41783521227931	-218.83567042455863	109.41783521227931	109.41783521227931	109.41783521227931	148.68711361637224	-148.68711361637241	179.5663920204654	70.14855680818621	70.14855680818621	109.41783521227931	-218.83567042455863	-429.2813408491172	54.70891760613966	-218.83567042455863	218.83567042455863	-179.5663920204654	218.83567042455863	-210.44567042455878	429.2813408491172	-54.70891760613966	-538.6991760613962	70.14855680818621	-109.41783521227931	8.39	179.56639202046549
200	-3.073217613081809	53.658611356981325	-3.073217613081809	53.658611356981325	-74.34148180930843	74.34148180930843	259.90305678490665	86.63435226163551	53.658611356981325	53.658611356981325	-53.658611356981325	-107.31722271396265	53.658611356981325	53.658611356981325	53.658611356981325	74.34148180930843	-74.34148180930843	86.63435226163551	32.97574090465422	32.97574090465422	53.658611356981325	-107.31722271396265	-206.2444454279253	26.829305678490663	-107.31722271396265	107.31722271396265	-86.63435226163551	107.31722271396265	-98.92722271396269	206.2444454279253	-26.829305678490663	-259.90305678490665	32.97574090465422	-53.658611356981325	8.39	86.63435226163561
201	-14.294315597480843	188.3117871697698	-14.294315597480843	188.3117871697698	-253.87904955969304	253.87904955969304	933.1689358488491	311.0563119496162	188.3117871697698	188.3117871697698	-188.3117871697698	-376.6235743395396	188.3117871697698	188.3117871697698	188.3117871697698	253.87904955969316	-253.87904955969304	311.0563119496162	122.74452477984653	122.74452477984653	188.3117871697698	-376.6235743395396	-744.8571486790792	94.1558935848849	-376.6235743395396	376.6235743395396	-311.0563119496162	376.6235743395396	-368.2335743395395	744.8571486790792	-94.1558935848849	-933.1689358488491	122.74452477984653	-188.3117871697698	8.39	311.05631194961643
202	-11.954385568813905	160.23262682576473	-11.954385568813905	160.23262682576473	-216.44016910101962	216.44016910101962	792.773134128824	264.25771137627453	160.23262682576473	160.23262682576473	-160.23262682576473	-320.46525365152945	160.23262682576473	160.23262682576473	160.23262682576473	216.44016910101982	-216.44016910101962	264.25771137627453	104.02508455050982	104.02508455050982	160.23262682576473	-320.46525365152945	-632.5405073030588	80.11631341288236	-320.46525365152945	320.46525365152945	-264.25771137627453	320.46525365152945	-312.0752536515295	632.5405073030588	-80.11631341288236	-792.773134128824	104.02508455050982	-160.23262682576473	8.39	264.2577113762745
203	-8.885110278643708	123.40132334372416	-8.885110278643708	123.40132334372416	-167.33176445829886	167.33176445829886	608.6166167186207	202.87220557287367	123.40132334372416	123.40132334372416	-123.40132334372416	-246.80264668744832	123.40132334372416	123.40132334372416	123.40132334372416	167.33176445829886	-167.33176445829886	202.87220557287367	79.47088222914945	79.47088222914945	123.40132334372416	-246.80264668744832	-485.21529337489665	61.70066167186208	-246.80264668744832	246.80264668744832	-202.87220557287367	246.80264668744832	-238.41264668744827	485.21529337489665	-61.70066167186208	-608.6166167186207	79.47088222914945	-123.40132334372416	8.39	202.87220557287358
204	-7.087414415160339	101.8289729819243	-7.087414415160339	101.8289729819243	-138.56863064256572	138.56863064256572	500.75486490962146	166.9182883032072	101.8289729819243	101.8289729819243	-101.8289729819243	-203.6579459638486	101.8289729819243	101.8289729819243	101.8289729819243	138.5686306425656	-138.56863064256572	166.91828830320716	65.08931532128284	65.08931532128284	101.8289729819243	-203.6579459638486	-398.9258919276972	50.91448649096215	-203.6579459638486	203.6579459638486	-166.9182883032072	203.6579459638486	-195.26794596384866	398.9258919276972	-50.91448649096215	-500.75486490962146	65.08931532128284	-101.8289729819243	8.39	166.91828830320716
205	-11.637233420238204	156.4268010428587	-11.637233420238204	156.4268010428587	-211.36573472381158	211.36573472381158	773.7440052142936	257.91466840476437	156.4268010428587	156.4268010428587	-156.4268010428587	-312.8536020857174	156.4268010428587	156.4268010428587	156.4268010428587	211.36573472381156	-211.36573472381158	257.91466840476437	101.48786736190581	101.48786736190581	156.4268010428587	-312.8536020857174	-617.3172041714349	78.21340052142935	-312.8536020857174	312.8536020857174	-257.91466840476437	312.8536020857174	-304.46360208571747	617.3172041714349	-78.21340052142935	-773.7440052142936	101.48786736190581	-156.4268010428587	8.39	257.9146684047646
206	-9.096826488028853	125.94191785634587	-9.096826488028853	125.94191785634587	-170.71922380846115	170.71922380846115	621.3195892817293	207.1065297605765	125.94191785634587	125.94191785634587	-125.94191785634587	-251.88383571269173	125.94191785634587	125.94191785634587	125.94191785634587	170.71922380846127	-170.71922380846115	207.10652976057645	81.16461190423058	81.16461190423058	125.94191785634587	-251.88383571269173	-495.3776714253835	62.970958928172934	-251.88383571269173	251.88383571269173	-207.1065297605765	251.88383571269173	-243.4938357126917	495.3776714253835	-62.970958928172934	-621.3195892817293	81.16461190423058	-125.94191785634587	8.39	207.10652976057645
207	-6.770473559361761	98.02568271234144	-6.770473559361761	98.02568271234144	-133.49757694978857	133.49757694978857	481.7384135617072	160.57947118723575	98.02568271234144	98.02568271234144	-98.02568271234144	-196.05136542468287	98.02568271234144	98.02568271234144	98.02568271234144	133.49757694978857	-133.49757694978857	160.57947118723575	62.553788474894304	62.553788474894304	98.02568271234144	-196.05136542468287	-383.71273084936576	49.01284135617072	-196.05136542468287	196.05136542468287	-160.57947118723575	196.05136542468287	-187.6613654246829	383.71273084936576	-49.01284135617072	-481.7384135617072	62.553788474894304	-98.02568271234144	8.39	160.57947118723573
208	-4.969383434455551	76.41260121346681	-4.969383434455551	76.41260121346681	-104.68013495128908	104.68013495128908	373.6730060673341	124.55766868911132	76.41260121346681	76.41260121346681	-76.41260121346681	-152.82520242693363	76.41260121346681	76.41260121346681	76.41260121346681	104.680134951289	-104.68013495128908	124.55766868911132	48.14506747564455	48.14506747564455	76.41260121346681	-152.82520242693363	-297.26040485386727	38.20630060673341	-152.82520242693363	152.82520242693363	-124.55766868911132	152.82520242693363	-144.43520242693367	297.26040485386727	-38.20630060673341	-373.6730060673341	48.14506747564455	-76.41260121346681	8.39	124.5576686891114
209	-3.4958048573635665	58.72965828836297	-3.4958048573635665	58.72965828836297	-81.1028777178173	81.1028777178173	285.2582914418148	95.08609714727166	58.72965828836298	58.72965828836297	-58.72965828836298	-117.45931657672594	58.72965828836298	58.72965828836297	58.72965828836298	81.10287771781725	-81.1028777178173	95.08609714727163	36.356438858908646	36.356438858908646	58.72965828836298	-117.45931657672594	-226.52863315345192	29.364829144181485	-117.45931657672594	117.45931657672594	-95.08609714727166	117.45931657672594	-109.0693165767259	226.52863315345192	-29.364829144181485	-285.2582914418148	36.356438858908646	-58.72965828836298	8.39	95.08609714727162
210	-6.0262808938272485	89.09537072592704	-6.0262808938272485	89.09537072592704	-121.59049430123605	121.59049430123605	437.08685362963524	145.69561787654516	89.09537072592704	89.09537072592704	-89.09537072592704	-178.19074145185408	89.09537072592704	89.09537072592704	89.09537072592704	121.59049430123605	-121.59049430123605	145.69561787654516	56.60024715061803	56.60024715061803	89.09537072592704	-178.19074145185408	-347.9914829037082	44.54768536296352	-178.19074145185408	178.19074145185408	-145.69561787654516	178.19074145185408	-169.80074145185426	347.9914829037082	-44.54768536296352	-437.08685362963524	56.60024715061803	-89.09537072592704	8.39	145.69561787654493
211	-8.566899118813847	119.58278942576567	-8.566899118813847	119.58278942576567	-162.2403859010209	162.2403859010209	589.5239471288285	196.507982376276	119.58278942576567	119.58278942576567	-119.58278942576567	-239.16557885153134	119.58278942576567	119.58278942576567	119.58278942576567	162.240385901021	-162.2403859010209	196.507982376276	76.92519295051045	76.92519295051045	119.58278942576567	-239.16557885153134	-469.9411577030627	59.791394712882834	-239.16557885153134	239.16557885153134	-196.507982376276	239.16557885153134	-230.77557885153124	469.9411577030627	-59.791394712882834	-589.5239471288285	76.92519295051045	-119.58278942576567	8.39	196.50798237627623
212	-7.299130624545538	104.3695674945468	-7.299130624545538	104.3695674945468	-141.95608999272906	141.95608999272906	513.4578374727341	171.15261249091122	104.3695674945468	104.3695674945468	-104.3695674945468	-208.7391349890936	104.3695674945468	104.3695674945468	104.3695674945468	141.95608999272918	-141.95608999272906	171.15261249091122	66.78304499636454	66.78304499636454	104.3695674945468	-208.7391349890936	-409.0882699781872	52.1847837472734	-208.7391349890936	208.7391349890936	-171.15261249091122	208.7391349890936	-200.34913498909384	409.0882699781872	-52.1847837472734	-513.4578374727341	66.78304499636454	-104.3695674945468	8.39	171.15261249091145
213	-5.603693649545469	84.02432379454535	-5.603693649545469	84.02432379454535	-114.82909839272713	114.82909839272713	411.7316189727269	137.2438729909088	84.02432379454535	84.02432379454535	-84.02432379454535	-168.0486475890907	84.02432379454535	84.02432379454535	84.02432379454535	114.82909839272725	-114.82909839272713	137.2438729909088	53.21954919636357	53.21954919636357	84.02432379454535	-168.0486475890907	-327.7072951781814	42.01216189727268	-168.0486475890907	168.0486475890907	-137.2438729909088	168.0486475890907	-159.65864758909072	327.7072951781814	-42.01216189727268	-411.7316189727269	53.21954919636357	-84.02432379454535	8.39	137.24387299090904
214	-3.2840886479783964	56.189063775741715	-3.2840886479783964	56.189063775741715	-77.71541836765562	77.71541836765562	272.5553188787087	90.85177295956942	56.189063775741715	56.189063775741715	-56.189063775741715	-112.37812755148343	56.189063775741715	56.189063775741715	56.189063775741715	77.71541836765573	-77.71541836765562	90.85177295956942	34.662709183827815	34.662709183827815	56.189063775741715	-112.37812755148343	-216.36625510296687	28.094531887870858	-112.37812755148343	112.37812755148343	-90.85177295956942	112.37812755148343	-103.98812755148367	216.36625510296687	-28.094531887870858	-272.5553188787087	34.662709183827815	-56.189063775741715	8.39	90.85177295956964
215	-14.082599388095646	185.77119265714805	-14.082599388095646	185.77119265714805	-250.49159020953073	250.49159020953073	920.4659632857404	306.8219877619133	185.77119265714805	185.77119265714805	-185.77119265714805	-371.5423853142961	185.77119265714805	185.77119265714805	185.77119265714805	250.49159020953084	-250.49159020953073	306.8219877619133	121.05079510476537	121.05079510476537	185.77119265714805	-371.5423853142961	-734.6947706285922	92.88559632857402	-371.5423853142961	371.5423853142961	-306.8219877619133	371.5423853142961	-363.1523853142961	734.6947706285922	-92.88559632857402	-920.4659632857404	121.05079510476537	-185.77119265714805	8.39	306.82198776191353
216	-8.144311874532063	114.51174249438441	-8.144311874532063	114.51174249438441	-155.47898999251254	155.47898999251254	564.1687124719222	188.05623749064057	114.51174249438441	114.51174249438441	-114.51174249438441	-229.02348498876881	114.51174249438441	114.51174249438441	114.51174249438441	155.47898999251265	-155.47898999251254	188.05623749064057	73.54449499625628	73.54449499625628	114.51174249438441	-229.02348498876881	-449.65696997753764	57.255871247192204	-229.02348498876881	229.02348498876881	-188.05623749064057	229.02348498876881	-220.63348498876883	449.65696997753764	-57.255871247192204	-564.1687124719222	73.54449499625628	-114.51174249438441	8.39	188.0562374906408
217	-3.918392101645353	63.800705219744714	-3.918392101645353	63.800705219744714	-87.86427362632628	87.86427362632628	310.6135260987237	103.53784203290775	63.800705219744714	63.800705219744714	-63.800705219744714	-127.60141043948943	63.800705219744714	63.800705219744714	63.800705219744714	87.8642736263264	-87.86427362632628	103.53784203290775	39.73713681316315	39.73713681316315	63.800705219744714	-127.60141043948943	-246.81282087897887	31.900352609872357	-127.60141043948943	127.60141043948943	-103.53784203290775	127.60141043948943	-119.21141043948967	246.81282087897887	-31.900352609872357	-310.6135260987237	39.73713681316315	-63.800705219744714	8.39	103.53784203290797
218	-2.648936632349802	48.56723958819984	-2.648936632349802	48.56723958819984	-67.55298611759979	67.55298611759979	234.4461979409989	78.14873264699963	48.56723958819984	48.56723958819984	-48.56723958819984	-97.13447917639968	48.56723958819984	48.56723958819984	48.56723958819984	67.55298611759963	-67.55298611759979	78.14873264699963	29.5814930587999	29.5814930587999	48.56723958819984	-97.13447917639968	-185.87895835279934	24.28361979409992	-97.13447917639968	97.13447917639968	-78.14873264699963	97.13447917639968	-88.74447917639964	185.87895835279934	-24.28361979409992	-234.4461979409989	29.5814930587999	-48.56723958819984	8.39	78.14873264699982
219	-1.91088421451974	39.71061057423674	-1.91088421451974	39.71061057423674	-55.74414743231565	55.74414743231565	190.1630528711837	63.38768429039453	39.71061057423674	39.71061057423674	-39.71061057423674	-79.42122114847348	39.71061057423674	39.71061057423674	39.71061057423674	55.744147432315685	-55.74414743231565	63.38768429039453	23.67707371615783	23.67707371615783	39.71061057423674	-79.42122114847348	-150.45244229694697	19.85530528711837	-79.42122114847348	79.42122114847348	-63.38768429039453	79.42122114847348	-71.03122114847353	150.45244229694697	-19.85530528711837	-190.1630528711837	23.67707371615783	-39.71061057423674	8.39	63.3876842903946
220	-11.11089805527729	150.11077666332775	-11.11089805527729	150.11077666332775	-202.944368884437	202.944368884437	742.1638833166388	247.3879611055462	150.11077666332775	150.11077666332775	-150.11077666332775	-300.2215533266555	150.11077666332775	150.11077666332775	150.11077666332775	202.94436888443698	-202.944368884437	247.3879611055462	97.2771844422185	97.2771844422185	150.11077666332775	-300.2215533266555	-592.053106653311	75.05538833166388	-300.2215533266555	300.2215533266555	-247.3879611055462	300.2215533266555	-291.8315533266556	592.053106653311	-75.05538833166388	-742.1638833166388	97.2771844422185	-150.11077666332775	8.39	247.38796110554628
221	-9.413767343827686	129.74520812592857	-9.413767343827686	129.74520812592857	-175.7902775012381	175.7902775012381	640.336040629643	213.44534687654766	129.74520812592857	129.74520812592857	-129.74520812592857	-259.49041625185714	129.74520812592857	129.74520812592857	129.74520812592857	175.79027750123817	-175.7902775012381	213.44534687654766	83.70013875061906	83.70013875061906	129.74520812592857	-259.49041625185714	-510.5908325037143	64.87260406296429	-259.49041625185714	259.49041625185714	-213.44534687654766	259.49041625185714	-251.10041625185653	510.5908325037143	-64.87260406296429	-640.336040629643	83.70013875061906	-129.74520812592857	8.39	213.44534687654763
222	-11.531587031755013	155.15904438106	-11.531587031755013	155.15904438106	-209.67539250808	209.67539250808	767.4052219053001	255.80174063510003	155.15904438106	155.15904438106	-155.15904438106	-310.31808876212	155.15904438106	155.15904438106	155.15904438106	209.67539250808022	-209.67539250808	255.80174063510003	100.64269625404	100.64269625404	155.15904438106	-310.31808876212	-612.2461775242399	77.57952219053	-310.31808876212	310.31808876212	-255.80174063510003	310.31808876212	-301.9280887621203	612.2461775242399	-77.57952219053	-767.4052219053001	100.64269625404	-155.15904438106	8.39	255.80174063509997
223	-10.793745906701787	146.30495088042176	-10.793745906701787	146.30495088042176	-197.869934507229	197.869934507229	723.1347544021089	241.04491813403615	146.30495088042176	146.30495088042176	-146.30495088042176	-292.6099017608435	146.30495088042176	146.30495088042176	146.30495088042176	197.86993450722912	-197.869934507229	241.04491813403615	94.73996725361451	94.73996725361451	146.30495088042176	-292.6099017608435	-576.829803521687	73.15247544021088	-292.6099017608435	292.6099017608435	-241.04491813403615	292.6099017608435	-284.2199017608435	576.829803521687	-73.15247544021088	-723.1347544021089	94.73996725361451	-146.30495088042176	8.39	241.04491813403638
224	-10.582029697316633	143.76435636779865	-10.582029697316633	143.76435636779865	-194.48247515706487	194.48247515706487	710.4317818389934	236.81059394633098	143.76435636779865	143.76435636779865	-143.76435636779865	-287.5287127355973	143.76435636779865	143.76435636779865	143.76435636779865	194.48247515706498	-194.48247515706487	236.81059394633098	93.04623757853244	93.04623757853244	143.76435636779865	-287.5287127355973	-566.6674254711946	71.88217818389933	-287.5287127355973	287.5287127355973	-236.81059394633098	287.5287127355973	-279.1387127355971	566.6674254711946	-71.88217818389933	-710.4317818389934	93.04623757853244	-143.76435636779865	8.39	236.8105939463312
225	-10.15774871658486	138.6729845990178	-10.15774871658486	138.6729845990178	-187.69397946535707	187.69397946535707	684.9749229950892	228.32497433169624	138.6729845990178	138.6729845990178	-138.6729845990178	-277.3459691980356	138.6729845990178	138.6729845990178	138.6729845990178	187.6939794653572	-187.69397946535707	228.32497433169624	89.65198973267854	89.65198973267854	138.6729845990178	-277.3459691980356	-546.3019383960713	69.3364922995089	-277.3459691980356	277.3459691980356	-228.32497433169624	277.3459691980356	-268.9559691980354	546.3019383960713	-69.3364922995089	-684.9749229950892	89.65198973267854	-138.6729845990178	8.39	228.32497433169647
226	-2.543290243866911	47.2994829264037	-2.543290243866911	47.2994829264037	-65.86264390187159	65.86264390187159	228.10741463201862	76.03580487733939	47.2994829264037	47.2994829264037	-47.2994829264037	-94.5989658528074	47.2994829264037	47.2994829264037	47.2994829264037	65.8626439018717	-65.86264390187159	76.03580487733939	28.736321950935803	28.736321950935803	47.2994829264037	-94.5989658528074	-180.8079317056148	23.64974146320185	-94.5989658528074	94.5989658528074	-76.03580487733939	94.5989658528074	-86.20896585280764	180.8079317056148	-23.64974146320185	-228.10741463201862	28.736321950935803	-47.2994829264037	8.39	76.03580487733961
227	-5.179412668813541	78.93295202576358	-5.179412668813541	78.93295202576358	-108.04060270101812	108.04060270101812	386.2747601288179	128.7582533762726	78.93295202576358	78.93295202576358	-78.93295202576358	-157.86590405152717	78.93295202576358	78.93295202576358	78.93295202576358	108.04060270101809	-108.04060270101812	128.7582533762726	49.82530135050907	49.82530135050907	78.93295202576358	-157.86590405152717	-307.34180810305435	39.46647601288179	-157.86590405152717	157.86590405152717	-128.7582533762726	157.86590405152717	-149.4759040515272	307.34180810305435	-39.46647601288179	-386.2747601288179	49.82530135050907	-78.93295202576358	8.39	128.75825337627262
228	-11.005462116086965	148.8455453930434	-11.005462116086965	148.8455453930434	-201.25739385739126	201.25739385739126	735.8377269652171	245.27924232173916	148.8455453930434	148.8455453930434	-148.8455453930434	-297.6910907860868	148.8455453930434	148.8455453930434	148.8455453930434	201.25739385739143	-201.25739385739126	245.27924232173916	96.43369692869555	96.43369692869555	148.8455453930434	-297.6910907860868	-586.9921815721735	74.4227726965217	-297.6910907860868	297.6910907860868	-245.27924232173916	297.6910907860868	-289.301090786087	586.9921815721735	-74.4227726965217	-735.8377269652171	96.43369692869555	-148.8455453930434	8.39	245.27924232173893
229	-4.863947495265198	75.14736994318196	-4.863947495265198	75.14736994318196	-102.9931599242426	102.9931599242426	367.3468497159099	122.44894990530315	75.14736994318196	75.14736994318196	-75.14736994318196	-150.2947398863639	75.14736994318196	75.14736994318196	75.14736994318196	102.99315992424272	-102.9931599242426	122.44894990530315	47.30157996212131	47.30157996212131	75.14736994318196	-150.2947398863639	-292.19947977272784	37.57368497159098	-150.2947398863639	150.2947398863639	-122.44894990530315	150.2947398863639	-141.9047398863637	292.19947977272784	-37.57368497159098	-367.3468497159099	47.30157996212131	-75.14736994318196	8.39	122.44894990530338
230	-9.308331404637025	128.4799768556452	-9.308331404637025	128.4799768556452	-174.10330247419358	174.10330247419358	634.0098842782261	211.33662809274188	128.4799768556452	128.4799768556452	-128.4799768556452	-256.9599537112904	128.4799768556452	128.4799768556452	128.4799768556452	174.1033024741937	-174.10330247419358	211.33662809274188	82.8566512370968	82.8566512370968	128.4799768556452	-256.9599537112904	-505.5299074225808	64.2399884278226	-256.9599537112904	256.9599537112904	-211.33662809274188	256.9599537112904	-248.56995371129062	505.5299074225808	-64.2399884278226	-634.0098842782261	82.8566512370968	-128.4799768556452	8.39	211.3366280927421
231	-8.355393358721585	117.04472030465803	-8.355393358721585	117.04472030465803	-158.85629373954404	158.85629373954404	576.8336015232903	192.27786717442996	117.04472030465803	117.04472030465803	-117.04472030465803	-234.08944060931606	117.04472030465803	117.04472030465803	117.04472030465803	158.85629373954407	-158.85629373954404	192.27786717442996	75.23314686977203	75.23314686977203	117.04472030465803	-234.08944060931606	-459.78888121863207	58.522360152329014	-234.08944060931606	234.08944060931606	-192.27786717442996	234.08944060931606	-225.69944060931584	459.78888121863207	-58.522360152329014	-576.8336015232903	75.23314686977203	-117.04472030465803	8.39	192.27786717443004
232	-2.4380655974534307	46.03678716944046	-2.4380655974534307	46.03678716944046	-64.17904955925394	64.17904955925394	221.79393584720242	73.93131194906744	46.03678716944046	46.03678716944046	-46.03678716944046	-92.07357433888092	46.03678716944046	46.03678716944046	46.03678716944046	64.17904955925405	-64.17904955925394	73.93131194906744	27.894524779626977	27.894524779626977	46.03678716944046	-92.07357433888092	-175.75714867776185	23.01839358472023	-92.07357433888092	92.07357433888092	-73.93131194906744	92.07357433888092	-83.68357433888093	175.75714867776185	-23.01839358472023	-221.79393584720242	27.894524779626977	-46.03678716944046	8.39	73.93131194906744
233	-14.50539708167014	190.84476498004324	-14.50539708167014	190.84476498004324	-257.2563533067243	257.2563533067243	945.8338249002161	315.27794163340536	190.84476498004324	190.84476498004324	-190.84476498004324	-381.6895299600865	190.84476498004324	190.84476498004324	190.84476498004324	257.2563533067243	-257.2563533067243	315.27794163340536	124.43317665336218	124.43317665336218	190.84476498004324	-381.6895299600865	-754.989059920173	95.42238249002162	-381.6895299600865	381.6895299600865	-315.27794163340536	381.6895299600865	-373.2995299600866	754.989059920173	-95.42238249002162	-945.8338249002161	124.43317665336218	-190.84476498004324	8.39	315.2779416334054
234	-7.509370308196694	106.89244369835767	-7.509370308196694	106.89244369835767	-145.3199249311436	145.3199249311436	526.0722184917885	175.35740616392945	106.89244369835767	106.89244369835767	-106.89244369835767	-213.78488739671533	106.89244369835767	106.89244369835767	106.89244369835767	145.31992493114342	-145.3199249311436	175.35740616392945	68.46496246557176	68.46496246557176	106.89244369835767	-213.78488739671533	-419.1797747934307	53.44622184917883	-213.78488739671533	213.78488739671533	-175.35740616392945	213.78488739671533	-205.39488739671515	419.1797747934307	-53.44622184917883	-526.0722184917885	68.46496246557176	-106.89244369835767	8.39	175.35740616392945
235	-3.1786527087879506	54.92383250545629	-3.1786527087879506	54.92383250545629	-76.02844334060839	76.02844334060839	266.22916252728135	88.74305417576045	54.92383250545629	54.92383250545629	-54.92383250545629	-109.84766501091258	54.92383250545629	54.92383250545629	54.92383250545629	76.02844334060853	-76.02844334060839	88.74305417576049	33.81922167030419	33.81922167030419	54.92383250545629	-109.84766501091258	-211.30533002182517	27.461916252728145	-109.84766501091258	109.84766501091258	-88.74305417576045	109.84766501091258	-101.45766501091259	211.30533002182517	-27.461916252728145	-266.22916252728135	33.81922167030419	-54.92383250545629	8.39	88.74305417576048
236	-2.0163201537101827	40.97584184452121	-2.0163201537101827	40.97584184452121	-57.43112245936161	57.43112245936161	196.48920922260618	65.49640307420202	40.97584184452121	40.97584184452121	-40.97584184452121	-81.95168368904243	40.97584184452121	40.97584184452121	40.97584184452121	57.43112245936163	-57.43112245936161	65.49640307420202	24.520561229680812	24.520561229680812	40.97584184452121	-81.95168368904243	-155.51336737808487	20.487920922260606	-81.95168368904243	81.95168368904243	-65.49640307420202	81.95168368904243	-73.5616836890423	155.51336737808487	-20.487920922260606	-196.48920922260618	24.520561229680812	-40.97584184452121	8.39	65.49640307420205
237	-7.614384505317048	108.15261406380442	-7.614384505317048	108.15261406380442	-147.00015208507256	147.00015208507256	532.3730703190221	177.4576901063407	108.15261406380442	108.15261406380442	-108.15261406380442	-216.30522812760884	108.15261406380442	108.15261406380442	108.15261406380442	147.0001520850725	-147.00015208507256	177.4576901063407	69.30507604253629	69.30507604253629	108.15261406380442	-216.30522812760884	-424.22045625521764	54.07630703190221	-216.30522812760884	216.30522812760884	-177.4576901063407	216.30522812760884	-207.91522812760888	424.22045625521764	-54.07630703190221	-532.3730703190221	69.30507604253629	-108.15261406380442	8.39	177.45769010634072
238	-6.9817680266771625	100.56121632012605	-6.9817680266771625	100.56121632012605	-136.87828842683473	136.87828842683473	494.4160816006304	164.8053605335433	100.56121632012605	100.56121632012605	-100.56121632012605	-201.1224326402521	100.56121632012605	100.56121632012605	100.56121632012605	136.87828842683484	-136.87828842683473	164.8053605335433	64.24414421341737	64.24414421341737	100.56121632012605	-201.1224326402521	-393.8548652805042	50.280608160063025	-201.1224326402521	201.1224326402521	-164.8053605335433	201.1224326402521	-192.7324326402521	393.8548652805042	-50.280608160063025	-494.4160816006304	64.24414421341737	-100.56121632012605	8.39	164.80536053354353
239	-5.708918295958879	85.28701955150723	-5.708918295958879	85.28701955150723	-116.51269273534297	116.51269273534297	418.04509775753627	139.3483659191786	85.28701955150723	85.28701955150723	-85.28701955150723	-170.57403910301446	85.28701955150723	85.28701955150723	85.28701955150723	116.51269273534308	-116.51269273534297	139.3483659191786	54.06134636767149	54.06134636767149	85.28701955150723	-170.57403910301446	-332.7580782060289	42.643509775753614	-170.57403910301446	170.57403910301446	-139.3483659191786	170.57403910301446	-162.1840391030147	332.7580782060289	-42.643509775753614	-418.04509775753627	54.06134636767149	-85.28701955150723	8.39	139.34836591917883
240	-4.653707811614254	72.62449373937102	-4.653707811614254	72.62449373937102	-99.62932498582802	99.62932498582802	354.7324686968552	118.24415623228492	72.62449373937102	72.62449373937102	-72.62449373937102	-145.24898747874204	72.62449373937102	72.62449373937102	72.62449373937102	99.62932498582813	-99.62932498582802	118.24415623228492	45.61966249291402	45.61966249291402	72.62449373937102	-145.24898747874204	-282.1079749574841	36.31224686968551	-145.24898747874204	145.24898747874204	-118.24415623228492	145.24898747874204	-136.85898747874205	282.1079749574841	-36.31224686968551	-354.7324686968552	45.61966249291402	-72.62449373937102	8.39	118.24415623228515
241	-4.023616748058762	65.06340097670522	-4.023616748058762	65.06340097670522	-89.5478679689403	89.5478679689403	316.92700488352625	105.64233496117527	65.06340097670522	65.06340097670522	-65.06340097670522	-130.12680195341045	65.06340097670522	65.06340097670522	65.06340097670522	89.54786796894041	-89.5478679689403	105.64233496117527	40.578933984470154	40.578933984470154	65.06340097670522	-130.12680195341045	-251.8636039068209	32.53170048835261	-130.12680195341045	130.12680195341045	-105.64233496117527	130.12680195341045	-121.73680195341046	251.8636039068209	-32.53170048835261	-316.92700488352625	40.578933984470154	-65.06340097670522	8.39	105.6423349611755
242	-3.6010295037769775	59.992354045323964	-3.6010295037769775	59.992354045323964	-82.78647206043195	82.78647206043195	291.57177022661995	97.19059007553983	59.992354045323964	59.992354045323964	-59.992354045323964	-119.98470809064793	59.992354045323964	59.992354045323964	59.992354045323964	82.78647206043206	-82.78647206043195	97.19059007553983	37.19823603021598	37.19823603021598	59.992354045323964	-119.98470809064793	-231.57941618129587	29.996177022661982	-119.98470809064793	119.98470809064793	-97.19059007553983	119.98470809064793	-111.59470809064794	231.57941618129587	-29.996177022661982	-291.57177022661995	37.19823603021598	-59.992354045323964	8.39	97.19059007554006
243	-4.233645982416862	67.58375178900246	-4.233645982416862	67.58375178900246	-92.90833571866995	92.90833571866995	329.52875894501244	109.84291964833733	67.58375178900246	67.58375178900246	-67.58375178900246	-135.16750357800493	67.58375178900246	67.58375178900246	67.58375178900246	92.90833571867006	-92.90833571866995	109.84291964833733	42.25916785933498	42.25916785933498	67.58375178900246	-135.16750357800493	-261.94500715600986	33.79187589450123	-135.16750357800493	135.16750357800493	-109.84291964833733	135.16750357800493	-126.77750357800494	261.94500715600986	-33.79187589450123	-329.52875894501244	42.25916785933498	-67.58375178900246	8.39	109.84291964833756
244	-11.426151936048768	153.89382323258562	-11.426151936048768	153.89382323258562	-207.98843097678076	207.98843097678076	761.0791161629281	253.693038720976	153.89382323258562	153.89382323258562	-153.89382323258562	-307.78764646517124	153.89382323258562	153.89382323258562	153.89382323258562	207.98843097678082	-207.98843097678076	253.693038720976	99.79921548839047	99.79921548839047	153.89382323258562	-307.78764646517124	-607.1852929303425	76.94691161629281	-307.78764646517124	307.78764646517124	-253.693038720976	307.78764646517124	-299.3976464651713	607.1852929303425	-76.94691161629281	-761.0791161629281	99.79921548839047	-153.89382323258562	8.39	253.693038720976
245	-11.848739180330535	158.96487016396637	-11.848739180330535	158.96487016396637	-214.74982688528843	214.74982688528843	786.4343508198318	262.14478360661053	158.96487016396637	158.96487016396637	-158.96487016396637	-317.92974032793273	158.96487016396637	158.96487016396637	158.96487016396637	214.74982688528848	-214.74982688528843	262.14478360661053	103.1799134426443	103.1799134426443	158.96487016396637	-317.92974032793273	-627.4694806558654	79.48243508198318	-317.92974032793273	317.92974032793273	-262.14478360661053	317.92974032793273	-309.5397403279326	627.4694806558654	-79.48243508198318	-786.4343508198318	103.1799134426443	-158.96487016396637	8.39	262.1447836066106
246	-11.216122701690706	151.37347242028795	-11.216122701690706	151.37347242028795	-204.6279632270506	204.6279632270506	748.4773621014399	249.49245403381315	151.37347242028795	151.37347242028795	-151.37347242028795	-302.7469448405759	151.37347242028795	151.37347242028795	151.37347242028795	204.6279632270507	-204.6279632270506	249.49245403381315	98.1189816135253	98.1189816135253	151.37347242028795	-302.7469448405759	-597.1038896811518	75.68673621014398	-302.7469448405759	302.7469448405759	-249.49245403381315	302.7469448405759	-294.3569448405757	597.1038896811518	-75.68673621014398	-748.4773621014399	98.1189816135253	-151.37347242028795	8.39	249.49245403381337
247	-7.404145661783091	105.62974794139723	-7.404145661783091	105.62974794139723	-143.63633058852963	143.63633058852963	519.7587397069863	173.25291323566194	105.62974794139723	105.62974794139723	-105.62974794139723	-211.25949588279445	105.62974794139723	105.62974794139723	105.62974794139723	143.63633058852975	-143.63633058852963	173.25291323566194	67.62316529426482	67.62316529426482	105.62974794139723	-211.25949588279445	-414.1289917655889	52.81487397069861	-211.25949588279445	211.25949588279445	-173.25291323566194	211.25949588279445	-202.86949588279447	414.1289917655889	-52.81487397069861	-519.7587397069863	67.62316529426482	-105.62974794139723	8.39	173.25291323566216
248	-5.0743984716930095	77.67278166031633	-5.0743984716930095	77.67278166031633	-106.36037554708844	106.36037554708844	379.9739083015818	126.65796943386044	77.67278166031633	77.67278166031633	-77.67278166031633	-155.34556332063266	77.67278166031633	77.67278166031633	77.67278166031633	106.36037554708855	-106.36037554708844	126.65796943386044	48.985187773544226	48.985187773544226	77.67278166031633	-155.34556332063266	-302.30112664126534	38.836390830158166	-155.34556332063266	155.34556332063266	-126.65796943386044	155.34556332063266	-146.95556332063268	302.30112664126534	-38.836390830158166	-379.9739083015818	48.985187773544226	-77.67278166031633	8.39	126.65796943386067
249	-4.128841394472133	66.32609673366589	-4.128841394472133	66.32609673366589	-91.23146231155452	91.23146231155452	323.2404836683295	107.74682788944313	66.32609673366589	66.32609673366589	-66.32609673366589	-132.65219346733178	66.32609673366589	66.32609673366589	66.32609673366589	91.23146231155451	-91.23146231155452	107.74682788944313	41.42073115577726	41.42073115577726	66.32609673366589	-132.65219346733178	-256.9143869346636	33.163048366832946	-132.65219346733178	132.65219346733178	-107.74682788944313	132.65219346733178	-124.26219346733183	256.9143869346636	-33.163048366832946	-323.2404836683295	41.42073115577726	-66.32609673366589	8.39	107.74682788944322
250	-4.758932458027687	73.88718949633183	-4.758932458027687	73.88718949633183	-101.31291932844243	101.31291932844243	361.04594748165914	120.34864916055312	73.88718949633183	73.88718949633183	-73.88718949633183	-147.77437899266366	73.88718949633183	73.88718949633183	73.88718949633183	101.31291932844243	-101.31291932844243	120.34864916055312	46.46145966422122	46.46145966422122	73.88718949633183	-147.77437899266366	-287.15875798532727	36.943594748165914	-147.77437899266366	147.77437899266366	-120.34864916055312	147.77437899266366	-139.38437899266356	287.15875798532727	-36.943594748165914	-361.04594748165914	46.46145966422122	-73.88718949633183	8.39	120.34864916055295
251	-4.44451701731343	70.11420420776174	-4.44451701731343	70.11420420776174	-96.28227227701564	96.28227227701564	342.1810210388087	114.06034034626953	70.11420420776173	70.11420420776174	-70.11420420776173	-140.22840841552346	70.11420420776173	70.11420420776174	70.11420420776173	96.28227227701564	-96.28227227701564	114.06034034626957	43.94613613850781	43.94613613850781	70.11420420776173	-140.22840841552346	-272.06681683104694	35.05710210388087	-140.22840841552346	140.22840841552346	-114.06034034626953	140.22840841552346	-131.8384084155235	272.06681683104694	-35.05710210388087	-342.1810210388087	43.94613613850781	-70.11420420776173	8.39	114.06034034626956
252	-2.333051400332811	44.77661680399346	-2.333051400332811	44.77661680399346	-62.49882240532469	62.49882240532469	215.4930840199673	71.83102800665586	44.77661680399346	44.77661680399346	-44.77661680399346	-89.55323360798693	44.77661680399346	44.77661680399346	44.77661680399346	62.49882240532452	-62.49882240532469	71.83102800665586	27.054411202662237	27.054411202662237	44.77661680399346	-89.55323360798693	-170.71646721597386	22.38830840199673	-89.55323360798693	89.55323360798693	-71.83102800665586	89.55323360798693	-81.16323360798688	170.71646721597386	-22.38830840199673	-215.4930840199673	27.054411202662237	-44.77661680399346	8.39	71.83102800665577
253	-11.3211377389282	152.63365286713866	-11.3211377389282	152.63365286713866	-206.30820382285157	206.30820382285157	754.7782643356932	251.59275477856454	152.63365286713866	152.63365286713866	-152.63365286713866	-305.26730573427733	152.63365286713866	152.63365286713866	152.63365286713866	206.3082038228515	-206.30820382285157	251.59275477856454	98.95910191142579	98.95910191142579	152.63365286713866	-305.26730573427733	-602.1446114685548	76.31682643356933	-305.26730573427733	305.26730573427733	-251.59275477856454	305.26730573427733	-296.87730573427734	602.1446114685548	-76.31682643356933	-754.7782643356932	98.95910191142579	-152.63365286713866	8.39	251.5927547785644
254	-4.548903223669562	71.3668386840348	-4.548903223669562	71.3668386840348	-97.95245157871312	97.95245157871312	348.44419342017403	116.1480644733914	71.3668386840348	71.3668386840348	-71.3668386840348	-142.7336773680696	71.3668386840348	71.3668386840348	71.3668386840348	97.95245157871307	-97.95245157871312	116.1480644733914	44.78122578935648	44.78122578935648	71.3668386840348	-142.7336773680696	-277.0773547361392	35.6834193420174	-142.7336773680696	142.7336773680696	-116.1480644733914	142.7336773680696	-134.34367736806973	277.0773547361392	-35.6834193420174	-348.44419342017403	44.78122578935648	-71.3668386840348	8.39	116.14806447339134
255	-13.204541596058796	175.23449915270544	-13.204541596058796	175.23449915270544	-236.44266553694058	236.44266553694058	867.7824957635273	289.2608319211756	175.23449915270544	175.23449915270544	-175.23449915270544	-350.4689983054109	175.23449915270544	175.23449915270544	175.23449915270544	236.4426655369407	-236.44266553694058	289.2608319211756	114.0263327684703	114.0263327684703	175.23449915270544	-350.4689983054109	-692.5479966108218	87.61724957635272	-350.4689983054109	350.4689983054109	-289.2608319211756	350.4689983054109	-342.0789983054109	692.5479966108218	-87.61724957635272	-867.7824957635273	114.0263327684703	-175.23449915270544	8.39	289.26083192117585
256	-12.884095942159984	171.38915130592	-12.884095942159984	171.38915130592	-231.31553507456	231.31553507456	848.5557565296001	282.8519188431999	171.38915130592	171.38915130592	-171.38915130592	-342.77830261184	171.38915130592	171.38915130592	171.38915130592	231.3155350745601	-231.31553507456	282.8519188431999	111.46276753728	111.46276753728	171.38915130592	-342.77830261184	-677.16660522368	85.69457565296	-342.77830261184	342.77830261184	-282.8519188431999	342.77830261184	-334.38830261184	677.16660522368	-85.69457565296	-848.5557565296001	111.46276753728	-171.38915130592	8.39	282.8519188432001
257	-13.09751267651799	173.95015211821487	-13.09751267651799	173.95015211821487	-234.7302028242865	234.7302028242865	861.3607605910745	287.120253530358	173.95015211821487	173.95015211821487	-173.95015211821487	-347.90030423642975	173.95015211821487	173.95015211821487	173.95015211821487	234.7302028242866	-234.7302028242865	287.120253530358	113.17010141214325	113.17010141214325	173.95015211821487	-347.90030423642975	-687.4106084728595	86.97507605910744	-347.90030423642975	347.90030423642975	-287.120253530358	347.90030423642975	-339.51030423642953	687.4106084728595	-86.97507605910744	-861.3607605910745	113.17010141214325	-173.95015211821487	8.39	287.12025353035824
258	-9.705780002083689	133.24936002500385	-9.705780002083689	133.24936002500385	-180.46248003333847	180.46248003333847	657.8568001250194	219.28560004167298	133.24936002500385	133.24936002500385	-133.24936002500385	-266.4987200500077	133.24936002500385	133.24936002500385	133.24936002500385	180.46248003333858	-180.46248003333847	219.28560004167298	86.03624001666924	86.03624001666924	133.24936002500385	-266.4987200500077	-524.6074401000154	66.62468001250193	-266.4987200500077	266.4987200500077	-219.28560004167298	266.4987200500077	-258.1087200500075	524.6074401000154	-66.62468001250193	-657.8568001250194	86.03624001666924	-133.24936002500385	8.39	219.2856000416732
259	-13.52445669554291	179.07348034651557	-13.52445669554291	179.07348034651557	-241.5613071286874	241.5613071286874	886.9774017325776	295.6591339108593	179.07348034651554	179.07348034651557	-179.07348034651554	-358.14696069303113	179.07348034651554	179.07348034651557	179.07348034651554	241.5613071286873	-241.5613071286874	295.6591339108592	116.58565356434374	116.58565356434374	179.07348034651554	-358.14696069303113	-707.9039213860622	89.53674017325778	-358.14696069303113	358.14696069303113	-295.6591339108593	358.14696069303113	-349.756960693031	707.9039213860622	-89.53674017325778	-886.9774017325776	116.58565356434374	-179.07348034651554	8.39	295.6591339108593
260	-6.371754657883814	93.24105589460541	-6.371754657883814	93.24105589460541	-127.11807452614056	127.11807452614056	457.81527947302703	152.6050931576757	93.24105589460541	93.24105589460541	-93.24105589460541	-186.48211178921082	93.24105589460541	93.24105589460541	93.24105589460541	127.11807452614039	-127.11807452614056	152.6050931576757	59.36403726307026	59.36403726307026	93.24105589460541	-186.48211178921082	-364.57422357842165	46.620527947302705	-186.48211178921082	186.48211178921082	-152.6050931576757	186.48211178921082	-178.09211178921072	364.57422357842165	-46.620527947302705	-457.81527947302703	59.36403726307026	-93.24105589460541	8.39	152.6050931576757
261	-13.258324110455693	175.8798893254691	-13.258324110455693	175.8798893254691	-237.30318576729212	237.30318576729212	871.0094466273456	290.33648220911505	175.8798893254691	175.8798893254691	-175.8798893254691	-351.7597786509382	175.8798893254691	175.8798893254691	175.8798893254691	237.30318576729223	-237.30318576729212	290.33648220911505	114.45659288364607	114.45659288364607	175.8798893254691	-351.7597786509382	-695.1295573018764	87.93994466273455	-351.7597786509382	351.7597786509382	-290.33648220911505	351.7597786509382	-343.36977865093843	695.1295573018764	-87.93994466273455	-871.0094466273456	114.45659288364607	-175.8798893254691	8.39	290.3364822091153
262	-14.797306426261173	194.34767711513476	-14.797306426261173	194.34767711513476	-261.9269028201797	261.9269028201797	963.3483855756738	321.11612852522455	194.34767711513476	194.34767711513476	-194.34767711513476	-388.6953542302695	194.34767711513476	194.34767711513476	194.34767711513476	261.92690282017975	-261.9269028201797	321.11612852522455	126.76845141008982	126.76845141008982	194.34767711513476	-388.6953542302695	-769.0007084605389	97.17383855756738	-388.6953542302695	388.6953542302695	-321.11612852522455	388.6953542302695	-380.3053542302696	769.0007084605389	-97.17383855756738	-963.3483855756738	126.76845141008982	-194.34767711513476	8.39	321.1161285252246
263	-12.29975219724281	164.37702636691398	-12.29975219724281	164.37702636691398	-221.96603515588532	221.96603515588532	813.4951318345697	271.16504394485673	164.37702636691398	164.37702636691398	-164.37702636691398	-328.75405273382796	164.37702636691398	164.37702636691398	164.37702636691398	221.96603515588527	-221.96603515588532	271.16504394485673	106.78801757794267	106.78801757794267	164.37702636691398	-328.75405273382796	-649.118105467656	82.18851318345699	-328.75405273382796	328.75405273382796	-271.16504394485673	328.75405273382796	-320.364052733828	649.118105467656	-82.18851318345699	-813.4951318345697	106.78801757794267	-164.37702636691398	8.39	271.1650439448565
264	-13.684305616160291	180.9916673939237	-13.684305616160291	180.9916673939237	-244.11888985856496	244.11888985856496	896.5683369696185	298.8561123232063	180.9916673939237	180.9916673939237	-180.9916673939237	-361.9833347878474	180.9916673939237	180.9916673939237	180.9916673939237	244.118889858565	-244.11888985856496	298.8561123232063	117.86444492928246	117.86444492928246	180.9916673939237	-361.9833347878474	-715.576669575695	90.49583369696185	-361.9833347878474	361.9833347878474	-298.8561123232063	361.9833347878474	-353.5933347878473	715.576669575695	-90.49583369696185	-896.5683369696185	117.86444492928246	-180.9916673939237	8.39	298.85611232320605
265	-12.246291519129787	163.7354982295567	-12.246291519129787	163.7354982295567	-221.1106643060756	221.1106643060756	810.2874911477836	270.0958303825944	163.7354982295567	163.7354982295567	-163.7354982295567	-327.4709964591134	163.7354982295567	163.7354982295567	163.7354982295567	221.1106643060757	-221.1106643060756	270.0958303825944	106.3603321530378	106.3603321530378	163.7354982295567	-327.4709964591134	-646.5519929182268	81.86774911477835	-327.4709964591134	327.4709964591134	-270.0958303825944	327.4709964591134	-319.0809964591132	646.5519929182268	-81.86774911477835	-810.2874911477836	106.3603321530378	-163.7354982295567	8.39	270.0958303825946
266	-14.957155346878647	196.26586416254327	-14.957155346878647	196.26586416254327	-264.4844855500577	264.4844855500577	972.9393208127165	324.313106937572	196.26586416254327	196.26586416254327	-196.26586416254327	-392.53172832508653	196.26586416254327	196.26586416254327	196.26586416254327	264.4844855500578	-264.4844855500577	324.313106937572	128.04724277502885	128.04724277502885	196.26586416254327	-392.53172832508653	-776.6734566501731	98.13293208127163	-392.53172832508653	392.53172832508653	-324.313106937572	392.53172832508653	-384.1417283250863	776.6734566501731	-98.13293208127163	-972.9393208127165	128.04724277502885	-196.26586416254327	8.39	324.31310693757223
267	-6.531603578501302	95.15924294201545	-6.531603578501302	95.15924294201545	-129.6756572560206	129.6756572560206	467.4062147100774	155.80207157002565	95.15924294201545	95.15924294201545	-95.15924294201545	-190.3184858840309	95.15924294201545	95.15924294201545	95.15924294201545	129.6756572560207	-129.6756572560206	155.80207157002565	60.64282862801031	60.64282862801031	95.15924294201545	-190.3184858840309	-372.2469717680618	47.57962147100773	-190.3184858840309	190.3184858840309	-155.80207157002565	190.3184858840309	-181.92848588403092	372.2469717680618	-47.57962147100773	-467.4062147100774	60.64282862801031	-95.15924294201545	8.39	155.80207157002587
268	-12.724565443144854	169.47478531773805	-12.724565443144854	169.47478531773805	-228.7630470903174	228.7630470903174	838.9839265886903	279.6613088628967	169.47478531773805	169.47478531773805	-169.47478531773805	-338.9495706354761	169.47478531773805	169.47478531773805	169.47478531773805	228.7630470903173	-228.7630470903174	279.6613088628967	110.1865235451587	110.1865235451587	169.47478531773805	-338.9495706354761	-669.5091412709523	84.73739265886903	-338.9495706354761	338.9495706354761	-279.6613088628967	338.9495706354761	-330.5595706354761	669.5091412709523	-84.73739265886903	-838.9839265886903	110.1865235451587	-169.47478531773805	8.39	279.6613088628968
269	-9.865842766268901	135.17011319522646	-9.865842766268901	135.17011319522646	-183.02348426030193	183.02348426030193	667.4605659761323	222.4868553253774	135.17011319522646	135.17011319522646	-135.17011319522646	-270.3402263904529	135.17011319522646	135.17011319522646	135.17011319522646	183.02348426030198	-183.02348426030193	222.4868553253774	87.316742130151	87.316742130151	135.17011319522646	-270.3402263904529	-532.2904527809059	67.58505659761323	-270.3402263904529	270.3402263904529	-222.4868553253774	270.3402263904529	-261.95022639045294	532.2904527809059	-67.58505659761323	-667.4605659761323	87.316742130151	-135.17011319522646	8.39	222.48685532537746
270	-13.577917373656103	179.7150084838729	-13.577917373656103	179.7150084838729	-242.4166779784972	242.4166779784972	890.1850424193647	296.7283474731214	179.7150084838729	179.7150084838729	-179.7150084838729	-359.4300169677458	179.7150084838729	179.7150084838729	179.7150084838729	242.41667797849732	-242.4166779784972	296.7283474731214	117.01333898924861	117.01333898924861	179.7150084838729	-359.4300169677458	-710.4700339354916	89.85750424193645	-359.4300169677458	359.4300169677458	-296.7283474731214	359.4300169677458	-351.0400169677458	710.4700339354916	-89.85750424193645	-890.1850424193647	117.01333898924861	-179.7150084838729	8.39	296.72834747312163
271	-9.919196736441563	135.8103608373005	-9.919196736441563	135.8103608373005	-183.87714778306733	183.87714778306733	670.6618041865024	223.55393472883418	135.8103608373005	135.8103608373005	-135.8103608373005	-271.620721674601	135.8103608373005	135.8103608373005	135.8103608373005	183.8771477830673	-183.87714778306733	223.55393472883418	87.74357389153366	87.74357389153366	135.8103608373005	-271.620721674601	-534.8514433492019	67.90518041865025	-271.620721674601	271.620721674601	-223.55393472883418	271.620721674601	-263.2307216746012	534.8514433492019	-67.90518041865025	-670.6618041865024	87.74357389153366	-135.8103608373005	8.39	223.55393472883415
272	-12.353320010983452	165.01984013180112	-12.353320010983452	165.01984013180112	-222.82312017573483	222.82312017573483	816.7092006590055	272.23640021966867	165.01984013180112	165.01984013180112	-165.01984013180112	-330.03968026360224	165.01984013180112	165.01984013180112	165.01984013180112	222.82312017573486	-222.82312017573483	272.23640021966867	107.21656008786742	107.21656008786742	165.01984013180112	-330.03968026360224	-651.6893605272044	82.50992006590056	-330.03968026360224	330.03968026360224	-272.23640021966867	330.03968026360224	-321.6496802636023	651.6893605272044	-82.50992006590056	-816.7092006590055	107.21656008786742	-165.01984013180112	8.39	272.2364002196684
273	-13.364925768840749	177.15910922608867	-13.364925768840749	177.15910922608867	-239.00881230145157	239.00881230145157	877.4055461304433	292.4685153768146	177.15910922608867	177.15910922608867	-177.15910922608867	-354.31821845217735	177.15910922608867	177.15910922608867	177.15910922608867	239.0088123014516	-239.00881230145157	292.4685153768146	115.30940615072579	115.30940615072579	177.15910922608867	-354.31821845217735	-700.2464369043548	88.57955461304434	-354.31821845217735	354.31821845217735	-292.4685153768146	354.31821845217735	-345.92821845217736	700.2464369043548	-88.57955461304434	-877.4055461304433	115.30940615072579	-177.15910922608867	8.39	292.4685153768143
274	-14.850660396434137	194.9879247572082	-14.850660396434137	194.9879247572082	-262.78056634294427	262.78056634294427	966.5496237860414	322.1832079286803	194.9879247572082	194.9879247572082	-194.9879247572082	-389.9758495144164	194.9879247572082	194.9879247572082	194.9879247572082	262.78056634294444	-262.78056634294427	322.1832079286803	127.19528317147211	127.19528317147211	194.9879247572082	-389.9758495144164	-771.5616990288329	97.4939623786041	-389.9758495144164	389.9758495144164	-322.1832079286803	389.9758495144164	-381.5858495144164	771.5616990288329	-97.4939623786041	-966.5496237860414	127.19528317147211	-194.9879247572082	8.39	322.1832079286803
275	-6.10572878073701	90.0487453688433	-6.10572878073701	90.0487453688433	-122.86166049179107	122.86166049179107	441.8537268442167	147.28457561473886	90.04874536884331	90.0487453688433	-90.04874536884331	-180.0974907376866	90.04874536884331	90.0487453688433	90.04874536884331	122.8616604917911	-122.86166049179107	147.28457561473886	57.23583024589553	57.23583024589553	90.04874536884331	-180.0974907376866	-351.8049814753732	45.02437268442165	-180.0974907376866	180.0974907376866	-147.28457561473886	180.0974907376866	-171.70749073768664	351.8049814753732	-45.02437268442165	-441.8537268442167	57.23583024589553	-90.04874536884331	8.39	147.28457561473886
276	-6.4252153359970805	93.88258403196363	-6.4252153359970805	93.88258403196363	-127.97344537595151	127.97344537595151	461.02292015981834	153.6743067199394	93.88258403196365	93.88258403196363	-93.88258403196365	-187.76516806392726	93.88258403196365	93.88258403196363	93.88258403196365	127.97344537595154	-127.97344537595151	153.6743067199394	59.79172268797575	59.79172268797575	93.88258403196365	-187.76516806392726	-367.14033612785454	46.941292015981816	-187.76516806392726	187.76516806392726	-153.6743067199394	187.76516806392726	-179.37516806392728	367.14033612785454	-46.941292015981816	-461.02292015981834	59.79172268797575	-93.88258403196365	8.39	153.67430671993938
277	-7.79947878070989	110.37374536851927	-7.79947878070989	110.37374536851927	-149.96166049135903	149.96166049135903	543.4787268425963	181.15957561419884	110.37374536851927	110.37374536851927	-110.37374536851927	-220.74749073703853	110.37374536851927	110.37374536851927	110.37374536851927	149.961660491359	-149.96166049135903	181.15957561419884	70.7858302456795	70.7858302456795	110.37374536851927	-220.74749073703853	-433.104981474077	55.18687268425963	-220.74749073703853	220.74749073703853	-181.15957561419884	220.74749073703853	-212.35749073703835	433.104981474077	-55.18687268425963	-543.4787268425963	70.7858302456795	-110.37374536851927	8.39	181.1595756141988
278	-13.15108049025875	174.59296588310272	-13.15108049025875	174.59296588310272	-235.58728784413697	235.58728784413697	864.5748294155139	288.1916098051713	174.59296588310272	174.59296588310272	-174.59296588310272	-349.18593176620544	174.59296588310272	174.59296588310272	174.59296588310272	235.5872878441371	-235.58728784413697	288.1916098051713	113.59864392206849	113.59864392206849	174.59296588310272	-349.18593176620544	-689.9818635324108	87.29648294155136	-349.18593176620544	349.18593176620544	-288.1916098051713	349.18593176620544	-340.7959317662055	689.9818635324108	-87.29648294155136	-864.5748294155139	113.59864392206849	-174.59296588310272	8.39	288.1916098051712
279	-12.086974435995216	161.82369323194382	-12.086974435995216	161.82369323194382	-218.56159097592507	218.56159097592507	800.728466159719	266.90948871990634	161.82369323194382	161.82369323194382	-161.82369323194382	-323.64738646388764	161.82369323194382	161.82369323194382	161.82369323194382	218.56159097592524	-218.56159097592507	266.90948871990634	105.08579548796254	105.08579548796254	161.82369323194382	-323.64738646388764	-638.9047729277753	80.91184661597191	-323.64738646388764	323.64738646388764	-266.90948871990634	323.64738646388764	-315.25738646388777	638.9047729277753	-80.91184661597191	-800.728466159719	105.08579548796254	-161.82369323194382	8.39	266.9094887199064
280	-9.759347815824185	133.89217378989116	-9.759347815824185	133.89217378989116	-181.3195650531882	181.3195650531882	661.0708689494556	220.35695631648537	133.89217378989116	133.89217378989116	-133.89217378989116	-267.7843475797823	133.89217378989116	133.89217378989116	133.89217378989116	181.31956505318817	-181.3195650531882	220.35695631648537	86.4647825265941	86.4647825265941	133.89217378989116	-267.7843475797823	-527.1786951595648	66.94608689494558	-267.7843475797823	267.7843475797823	-220.35695631648537	267.7843475797823	-259.39434757978245	527.1786951595648	-66.94608689494558	-661.0708689494556	86.4647825265941	-133.89217378989116	8.39	220.35695631648525
281	-9.54635621100897	131.3362745321074	-9.54635621100897	131.3362745321074	-177.91169937614322	177.91169937614322	648.291372660537	216.0971242201789	131.3362745321074	131.3362745321074	-131.3362745321074	-262.6725490642148	131.3362745321074	131.3362745321074	131.3362745321074	177.9116993761432	-177.91169937614322	216.0971242201789	84.7608496880716	84.7608496880716	131.3362745321074	-262.6725490642148	-516.9550981284297	65.6681372660537	-262.6725490642148	262.6725490642148	-216.0971242201789	262.6725490642148	-254.2825490642146	516.9550981284297	-65.6681372660537	-648.291372660537	84.7608496880716	-131.3362745321074	8.39	216.0971242201792
282	-14.637775499558956	192.43330599470835	-14.637775499558956	192.43330599470835	-259.37440799294444	259.37440799294444	953.7765299735416	317.92550999118055	192.43330599470835	192.43330599470835	-192.43330599470835	-384.8666119894167	192.43330599470835	192.43330599470835	192.43330599470835	259.3744079929444	-259.37440799294444	317.92550999118055	125.49220399647223	125.49220399647223	192.43330599470835	-384.8666119894167	-761.3432239788334	96.21665299735417	-384.8666119894167	384.8666119894167	-317.92550999118055	384.8666119894167	-376.47661198941665	761.3432239788334	-96.21665299735417	-953.7765299735416	125.49220399647223	-192.43330599470835	8.39	317.92550999118066
283	-6.318293552083617	92.59952262500292	-6.318293552083617	92.59952262500292	-126.26269683333723	126.26269683333723	454.6076131250147	151.5358710416715	92.59952262500292	92.59952262500292	-92.59952262500292	-185.19904525000584	92.59952262500292	92.59952262500292	92.59952262500292	126.26269683333726	-126.26269683333723	151.53587104167153	58.93634841666861	58.93634841666861	92.59952262500292	-185.19904525000584	-362.0080905000117	46.29976131250146	-185.19904525000584	185.19904525000584	-151.5358710416715	185.19904525000584	-176.80904525000585	362.0080905000117	-46.29976131250146	-454.6076131250147	58.93634841666861	-92.59952262500292	8.39	151.53587104167153
284	-12.991017726073494	172.67221271287968	-12.991017726073494	172.67221271287968	-233.0262836171729	233.0262836171729	854.9710635643983	284.9903545214661	172.67221271287968	172.67221271287968	-172.67221271287968	-345.34442542575937	172.67221271287968	172.67221271287968	172.67221271287968	233.02628361717288	-233.0262836171729	284.9903545214661	112.31814180858646	112.31814180858646	172.67221271287968	-345.34442542575937	-682.2988508515189	86.33610635643984	-345.34442542575937	345.34442542575937	-284.9903545214661	345.34442542575937	-336.95442542575904	682.2988508515189	-86.33610635643984	-854.9710635643983	112.31814180858646	-172.67221271287968	8.39	284.9903545214662
285	-12.937663755900815	172.03196507080636	-12.937663755900815	172.03196507080636	-232.17262009440847	232.17262009440847	851.7698253540319	283.92327511801057	172.03196507080636	172.03196507080636	-172.03196507080636	-344.06393014161273	172.03196507080636	172.03196507080636	172.03196507080636	232.17262009440844	-232.17262009440847	283.92327511801057	111.89131004720424	111.89131004720424	172.03196507080636	-344.06393014161273	-679.7378602832254	86.01598253540318	-344.06393014161273	344.06393014161273	-283.92327511801057	344.06393014161273	-335.6739301416124	679.7378602832254	-86.01598253540318	-851.7698253540319	111.89131004720424	-172.03196507080636	8.39	283.9232751180105
286	-13.737659586333166	181.6319150359979	-13.737659586333166	181.6319150359979	-244.97255338133056	244.97255338133056	899.7695751799895	299.9231917266633	181.6319150359979	181.6319150359979	-181.6319150359979	-363.2638300719958	181.6319150359979	181.6319150359979	181.6319150359979	244.9725533813306	-244.97255338133056	299.9231917266633	118.29127669066526	118.29127669066526	181.6319150359979	-363.2638300719958	-718.1376601439918	90.81595751799895	-363.2638300719958	363.2638300719958	-299.9231917266633	363.2638300719958	-354.87383007199594	718.1376601439918	-90.81595751799895	-899.7695751799895	118.29127669066526	-181.6319150359979	8.39	299.92319172666305
287	-5.258753847782992	79.88504617339663	-5.258753847782992	79.88504617339663	-109.31006156452884	109.31006156452884	391.0352308669833	130.34507695566094	79.88504617339663	79.88504617339663	-79.88504617339663	-159.77009234679326	79.88504617339663	79.88504617339663	79.88504617339663	109.31006156452895	-109.31006156452884	130.34507695566094	50.460030782264425	50.460030782264425	79.88504617339663	-159.77009234679326	-311.15018469358654	39.942523086698316	-159.77009234679326	159.77009234679326	-130.34507695566094	159.77009234679326	-151.3800923467935	311.15018469358654	-39.942523086698316	-391.0352308669833	50.460030782264425	-79.88504617339663	8.39	130.34507695566117
288	-8.646240297782924	120.53488357339835	-8.646240297782924	120.53488357339835	-163.50984476453112	163.50984476453112	594.2844178669914	198.0948059556638	120.53488357339835	120.53488357339835	-120.53488357339835	-241.0697671467967	120.53488357339835	120.53488357339835	120.53488357339835	163.50984476453095	-163.50984476453112	198.0948059556638	77.55992238226557	77.55992238226557	120.53488357339835	-241.0697671467967	-473.74953429359334	60.26744178669917	-241.0697671467967	241.0697671467967	-198.0948059556638	241.0697671467967	-232.67976714679685	473.74953429359334	-60.26744178669917	-594.2844178669914	77.55992238226557	-120.53488357339835	8.39	198.0948059556638
289	-15.010509317051454	196.9061118046174	-15.010509317051454	196.9061118046174	-265.3381490728232	265.3381490728232	976.140559023087	325.3801863410291	196.9061118046174	196.9061118046174	-196.9061118046174	-393.8122236092348	196.9061118046174	196.9061118046174	196.9061118046174	265.3381490728233	-265.3381490728232	325.3801863410291	128.4740745364116	128.4740745364116	196.9061118046174	-393.8122236092348	-779.2344472184698	98.4530559023087	-393.8122236092348	393.8122236092348	-325.3801863410291	393.8122236092348	-385.4222236092347	779.2344472184698	-98.4530559023087	-976.140559023087	128.4740745364116	-196.9061118046174	8.39	325.3801863410289
290	-10.343371009233117	140.90045211079746	-10.343371009233117	140.90045211079746	-190.66393614772994	190.66393614772994	696.1122605539874	232.03742018466232	140.90045211079746	140.90045211079746	-140.90045211079746	-281.8009042215949	140.90045211079746	140.90045211079746	140.90045211079746	190.66393614773006	-190.66393614772994	232.03742018466232	91.13696807386498	91.13696807386498	140.90045211079746	-281.8009042215949	-555.2118084431899	70.45022605539873	-281.8009042215949	281.8009042215949	-232.03742018466232	281.8009042215949	-273.41090422159493	555.2118084431899	-70.45022605539873	-696.1122605539874	91.13696807386498	-140.90045211079746	8.39	232.03742018466255
291	-2.728277811319309	49.51933373583074	-2.728277811319309	49.51933373583074	-68.82244498110765	68.82244498110765	239.20666867915384	79.73555622638446	49.51933373583074	49.51933373583074	-49.51933373583074	-99.03866747166148	49.51933373583074	49.51933373583074	49.51933373583074	68.82244498110776	-68.82244498110765	79.73555622638446	30.216222490553832	30.216222490553832	49.51933373583074	-99.03866747166148	-189.68733494332298	24.75966686791537	-99.03866747166148	99.03866747166148	-79.73555622638446	99.03866747166148	-90.64866747166127	189.68733494332298	-24.75966686791537	-239.20666867915384	30.216222490553832	-49.51933373583074	8.39	79.73555622638469
292	-12.671318180912435	168.83581817094887	-12.671318180912435	168.83581817094887	-227.9110908945985	227.9110908945985	835.7890908547445	278.596363618248	168.83581817094887	168.83581817094887	-168.83581817094887	-337.67163634189774	168.83581817094887	168.83581817094887	168.83581817094887	227.9110908945986	-227.9110908945985	278.596363618248	109.76054544729925	109.76054544729925	168.83581817094887	-337.67163634189774	-666.9532726837955	84.41790908547443	-337.67163634189774	337.67163634189774	-278.596363618248	337.67163634189774	-329.28163634189775	666.9532726837955	-84.41790908547443	-835.7890908547445	109.76054544729925	-168.83581817094887	8.39	278.59636361824823
293	-10.449759677717308	142.17711613260803	-10.449759677717308	142.17711613260803	-192.36615484347737	192.36615484347737	702.4955806630403	234.16519355434662	142.17711613260803	142.17711613260803	-142.17711613260803	-284.35423226521607	142.17711613260803	142.17711613260803	142.17711613260803	192.3661548434775	-192.36615484347737	234.16519355434662	91.9880774217387	91.9880774217387	142.17711613260803	-284.35423226521607	-560.3184645304322	71.08855806630402	-284.35423226521607	284.35423226521607	-234.16519355434662	284.35423226521607	-275.9642322652163	560.3184645304322	-71.08855806630402	-702.4955806630403	91.9880774217387	-142.17711613260803	8.39	234.16519355434684
294	-5.471212337169142	82.43454804602993	-5.471212337169142	82.43454804602993	-112.70939739470657	112.70939739470657	403.7827402301498	134.5942467433831	82.43454804602993	82.43454804602993	-82.43454804602993	-164.86909609205986	82.43454804602993	82.43454804602993	82.43454804602993	112.70939739470668	-112.70939739470657	134.5942467433831	52.15969869735329	52.15969869735329	82.43454804602993	-164.86909609205986	-321.34819218411974	41.217274023014966	-164.86909609205986	164.86909609205986	-134.5942467433831	164.86909609205986	-156.47909609205988	321.34819218411974	-41.217274023014966	-403.7827402301498	52.15969869735329	-82.43454804602993	8.39	134.59424674338334
295	-8.011830562155732	112.92196674586899	-8.011830562155732	112.92196674586899	-153.35928899449198	153.35928899449198	556.219833729345	185.40661124311487	112.92196674586899	112.92196674586899	-112.92196674586899	-225.84393349173797	112.92196674586899	112.92196674586899	112.92196674586899	153.3592889944921	-153.35928899449198	185.40661124311487	72.484644497246	72.484644497246	112.92196674586899	-225.84393349173797	-443.29786698347596	56.46098337293449	-225.84393349173797	225.84393349173797	-185.40661124311487	225.84393349173797	-217.45393349173798	443.29786698347596	-56.46098337293449	-556.219833729345	72.484644497246	-112.92196674586899	8.39	185.4066112431151
296	-10.66147588710237	144.71771064522915	-10.66147588710237	144.71771064522915	-195.75361419363884	195.75361419363884	715.1985532261456	238.3995177420486	144.71771064522915	144.71771064522915	-144.71771064522915	-289.4354212904583	144.71771064522915	144.71771064522915	144.71771064522915	195.7536141936389	-195.75361419363884	238.3995177420486	93.6818070968194	93.6818070968194	144.71771064522915	-289.4354212904583	-570.4808425809167	72.35885532261457	-289.4354212904583	289.4354212904583	-238.3995177420486	289.4354212904583	-281.0454212904583	570.4808425809167	-72.35885532261457	-715.1985532261456	93.6818070968194	-144.71771064522915	8.39	238.39951774204866
297	-14.161940567065018	186.72328680478012	-14.161940567065018	186.72328680478012	-251.76104907304017	251.76104907304017	925.2264340239005	308.4088113413003	186.72328680478012	186.72328680478012	-186.72328680478012	-373.44657360956023	186.72328680478012	186.72328680478012	186.72328680478012	251.76104907304023	-251.76104907304017	308.4088113413003	121.68552453652006	121.68552453652006	186.72328680478012	-373.44657360956023	-738.5031472191206	93.36164340239006	-373.44657360956023	373.44657360956023	-308.4088113413003	373.44657360956023	-365.05657360956013	738.5031472191206	-93.36164340239006	-925.2264340239005	121.68552453652006	-186.72328680478012	8.39	308.4088113413002
298	-3.3634298269477085	57.14115792337316	-3.3634298269477085	57.14115792337316	-78.9848772311642	78.9848772311642	277.3157896168658	92.43859653895515	57.14115792337316	57.14115792337316	-57.14115792337316	-114.28231584674631	57.14115792337316	57.14115792337316	57.14115792337316	78.9848772311642	-78.9848772311642	92.43859653895515	35.29743861558211	35.29743861558211	57.14115792337316	-114.28231584674631	-220.17463169349264	28.57057896168658	-114.28231584674631	114.28231584674631	-92.43859653895515	114.28231584674631	-105.89231584674644	220.17463169349264	-28.57057896168658	-277.3157896168658	35.29743861558211	-57.14115792337316	8.39	92.43859653895532
299	-14.903908084646154	195.62689701575385	-14.903908084646154	195.62689701575385	-263.6325293543385	263.6325293543385	969.7444850787692	323.2481616929232	195.62689701575385	195.62689701575385	-195.62689701575385	-391.2537940315077	195.62689701575385	195.62689701575385	195.62689701575385	263.63252935433854	-263.6325293543385	323.2481616929232	127.62126467716922	127.62126467716922	195.62689701575385	-391.2537940315077	-774.1175880630155	97.81344850787693	-391.2537940315077	391.2537940315077	-323.2481616929232	391.2537940315077	-382.8637940315076	774.1175880630155	-97.81344850787693	-969.7444850787692	127.62126467716922	-195.62689701575385	8.39	323.24816169292296
300	-12.033620465822542	161.18344558987042	-12.033620465822542	161.18344558987042	-217.70792745316055	217.70792745316055	797.5272279493522	265.8424093164506	161.18344558987042	161.18344558987042	-161.18344558987042	-322.36689117974083	161.18344558987042	161.18344558987042	161.18344558987042	217.70792745316066	-217.70792745316055	265.8424093164506	104.65896372658028	104.65896372658028	161.18344558987042	-322.36689117974083	-636.3437823594817	80.59172279493521	-322.36689117974083	322.36689117974083	-265.8424093164506	322.36689117974083	-313.97689117974085	636.3437823594817	-80.59172279493521	-797.5272279493522	104.65896372658028	-161.18344558987042	8.39	265.8424093164508
301	-14.584421529386253	191.79305835263426	-14.584421529386253	191.79305835263426	-258.520744470179	258.520744470179	950.5752917631714	316.85843058772366	191.79305835263426	191.79305835263426	-191.79305835263426	-383.5861167052685	191.79305835263426	191.79305835263426	191.79305835263426	258.5207444701791	-258.520744470179	316.85843058772366	125.06537223508951	125.06537223508951	191.79305835263426	-383.5861167052685	-758.7822334105371	95.89652917631713	-383.5861167052685	383.5861167052685	-316.85843058772366	383.5861167052685	-375.1961167052683	758.7822334105371	-95.89652917631713	-950.5752917631714	125.06537223508951	-191.79305835263426	8.39	316.8584305877239
302	-13.311571798667963	176.51886158401544	-13.311571798667963	176.51886158401544	-238.15514877868725	238.15514877868725	874.2043079200773	291.40143597335896	176.51886158401544	176.51886158401544	-176.51886158401544	-353.0377231680309	176.51886158401544	176.51886158401544	176.51886158401544	238.15514877868736	-238.15514877868725	291.40143597335896	114.88257438934363	114.88257438934363	176.51886158401544	-353.0377231680309	-697.6854463360618	88.25943079200772	-353.0377231680309	353.0377231680309	-291.40143597335896	353.0377231680309	-344.6477231680309	697.6854463360618	-88.25943079200772	-874.2043079200773	114.88257438934363	-176.51886158401544	8.39	291.4014359733592
303	-15.169826826165645	198.81792191398858	-15.169826826165645	198.81792191398858	-267.88722921865144	267.88722921865144	985.699609569943	328.5665365233142	198.81792191398858	198.81792191398858	-198.81792191398858	-397.63584382797717	198.81792191398858	198.81792191398858	198.81792191398858	267.88722921865156	-267.88722921865144	328.5665365233142	129.74861460932573	129.74861460932573	198.81792191398858	-397.63584382797717	-786.8816876559544	99.40896095699429	-397.63584382797717	397.63584382797717	-328.5665365233142	397.63584382797717	-389.2458438279774	786.8816876559544	-99.40896095699429	-985.699609569943	129.74861460932573	-198.81792191398858	8.39	328.5665365233144
304	-2.940736300705339	52.068835608465065	-2.940736300705339	52.068835608465065	-72.22178081128675	72.22178081128675	251.9541780423251	83.98472601410845	52.068835608465065	52.068835608465065	-52.068835608465065	-104.13767121693013	52.068835608465065	52.068835608465065	52.068835608465065	72.22178081128664	-72.22178081128675	83.98472601410845	31.91589040564338	31.91589040564338	52.068835608465065	-104.13767121693013	-199.88534243386027	26.034417804232532	-104.13767121693013	104.13767121693013	-83.98472601410845	104.13767121693013	-95.7476712169301	199.88534243386027	-26.034417804232532	-251.9541780423251	31.91589040564338	-52.068835608465065	8.39	83.98472601410845
305	-5.312107817955734	80.52529381546917	-5.312107817955734	80.52529381546917	-110.16372508729222	110.16372508729222	394.2364690773459	131.41215635911522	80.52529381546917	80.52529381546917	-80.52529381546917	-161.05058763093834	80.52529381546917	80.52529381546917	80.52529381546917	110.16372508729222	-110.16372508729222	131.41215635911522	50.88686254364612	50.88686254364612	80.52529381546917	-161.05058763093834	-313.7111752618767	40.262646907734585	-161.05058763093834	161.05058763093834	-131.41215635911522	161.05058763093834	-152.66058763093838	313.7111752618767	-40.262646907734585	-394.2364690773459	50.88686254364612	-80.52529381546917	8.39	131.4121563591154
306	-13.791013556505987	182.27216267807137	-13.791013556505987	182.27216267807137	-245.82621690409513	245.82621690409513	902.9708133903567	300.9902711301189	182.27216267807137	182.27216267807137	-182.27216267807137	-364.54432535614274	182.27216267807137	182.27216267807137	182.27216267807137	245.8262169040953	-245.82621690409513	300.9902711301189	118.71810845204757	118.71810845204757	182.27216267807137	-364.54432535614274	-720.6986507122855	91.13608133903568	-364.54432535614274	364.54432535614274	-300.9902711301189	364.54432535614274	-356.1543253561426	720.6986507122855	-91.13608133903568	-902.9708133903567	118.71810845204757	-182.27216267807137	8.39	300.99027113011886
307	-3.838839629899039	62.8460755587883	-3.838839629899039	62.8460755587883	-86.59143407838445	86.59143407838445	305.8403777939415	101.94679259798056	62.8460755587883	62.8460755587883	-62.8460755587883	-125.6921511175766	62.8460755587883	62.8460755587883	62.8460755587883	86.5914340783844	-86.59143407838445	101.94679259798056	39.10071703919215	39.10071703919215	62.8460755587883	-125.6921511175766	-242.9943022351532	31.42303777939415	-125.6921511175766	125.6921511175766	-101.94679259798056	125.6921511175766	-117.3021511175765	242.9943022351532	-31.42303777939415	-305.8403777939415	39.10071703919215	-62.8460755587883	8.39	101.9467925979805
308	-9.812488796096094	134.52986555315306	-9.812488796096094	134.52986555315306	-182.1698207375374	182.1698207375374	664.2593277657654	221.41977592192166	134.52986555315306	134.52986555315306	-134.52986555315306	-269.0597311063061	134.52986555315306	134.52986555315306	134.52986555315306	182.16982073753752	-182.1698207375374	221.41977592192166	86.88991036876871	86.88991036876871	134.52986555315306	-269.0597311063061	-529.7294622126122	67.26493277657653	-269.0597311063061	269.0597311063061	-221.41977592192166	269.0597311063061	-260.66973110630613	529.7294622126122	-67.26493277657653	-664.2593277657654	86.88991036876871	-134.52986555315306	8.39	221.41977592192188
309	-8.964345175652397	124.3521421078298	-8.964345175652397	124.3521421078298	-168.59952281043974	168.59952281043974	613.3707105391491	204.4569035130496	124.3521421078298	124.3521421078298	-124.3521421078298	-248.7042842156596	124.3521421078298	124.3521421078298	124.3521421078298	168.5995228104398	-168.59952281043974	204.4569035130496	80.10476140521986	80.10476140521986	124.3521421078298	-248.7042842156596	-489.01856843131924	62.1760710539149	-248.7042842156596	248.7042842156596	-204.4569035130496	248.7042842156596	-240.31428421565963	489.01856843131924	-62.1760710539149	-613.3707105391491	80.10476140521986	-124.3521421078298	8.39	204.45690351304978
310	-13.418066749112654	177.79680098935154	-13.418066749112654	177.79680098935154	-239.85906798580206	239.85906798580206	880.5940049467577	293.5313349822527	177.79680098935154	177.79680098935154	-177.79680098935154	-355.5936019787031	177.79680098935154	177.79680098935154	177.79680098935154	239.85906798580208	-239.85906798580206	293.5313349822527	115.73453399290104	115.73453399290104	177.79680098935154	-355.5936019787031	-702.7972039574063	88.89840049467577	-355.5936019787031	355.5936019787031	-293.5313349822527	355.5936019787031	-347.2036019787031	702.7972039574063	-88.89840049467577	-880.5940049467577	115.73453399290104	-177.79680098935154	8.39	293.5313349822524
311	-7.166649312169142	102.7797917460299	-7.166649312169142	102.7797917460299	-139.83638899470654	139.83638899470654	505.5089587301495	168.50298624338313	102.7797917460299	102.7797917460299	-102.7797917460299	-205.5595834920598	102.7797917460299	102.7797917460299	102.7797917460299	139.83638899470657	-139.83638899470654	168.50298624338313	65.72319449735328	65.72319449735328	102.7797917460299	-205.5595834920598	-402.7291669841196	51.38989587301495	-205.5595834920598	205.5595834920598	-168.50298624338313	205.5595834920598	-197.16958349205984	402.7291669841196	-51.38989587301495	-505.5089587301495	65.72319449735328	-102.7797917460299	8.39	168.5029862433832
312	-7.852726042942352	111.0127125153084	-7.852726042942352	111.0127125153084	-150.8136166870779	150.8136166870779	546.6735625765419	182.22452085884743	111.0127125153084	111.0127125153084	-111.0127125153084	-222.0254250306168	111.0127125153084	111.0127125153084	111.0127125153084	150.8136166870778	-150.8136166870779	182.22452085884743	71.21180834353888	71.21180834353888	111.0127125153084	-222.0254250306168	-435.66085006123353	55.5063562576542	-222.0254250306168	222.0254250306168	-182.22452085884743	222.0254250306168	-213.63542503061672	435.66085006123353	-55.5063562576542	-546.6735625765419	71.21180834353888	-111.0127125153084	8.39	182.22452085884728
313	-9.599603473241473	131.97524167889668	-9.599603473241473	131.97524167889668	-178.76365557186224	178.76365557186224	651.4862083944836	217.1620694648277	131.97524167889668	131.97524167889668	-131.97524167889668	-263.95048335779336	131.97524167889668	131.97524167889668	131.97524167889668	178.76365557186227	-178.76365557186224	217.1620694648277	85.18682778593113	85.18682778593113	131.97524167889668	-263.95048335779336	-519.5109667155866	65.98762083944834	-263.95048335779336	263.95048335779336	-217.1620694648277	263.95048335779336	-255.56048335779337	519.5109667155866	-65.98762083944834	-651.4862083944836	85.18682778593113	-131.97524167889668	8.39	217.16206946482785
314	-13.631058353927983	180.3527002471356	-13.631058353927983	180.3527002471356	-243.26693366284746	243.26693366284746	893.3735012356778	297.7911670785595	180.3527002471356	180.3527002471356	-180.3527002471356	-360.7054004942712	180.3527002471356	180.3527002471356	180.3527002471356	243.26693366284735	-243.26693366284746	297.7911670785595	117.43846683142374	117.43846683142374	180.3527002471356	-360.7054004942712	-713.0208009885423	90.1763501235678	-360.7054004942712	360.7054004942712	-297.7911670785595	360.7054004942712	-352.31540049427116	713.0208009885423	-90.1763501235678	-893.3735012356778	117.43846683142374	-180.3527002471356	8.39	297.79116707855917
315	-10.39661869744549	141.5394243693442	-10.39661869744549	141.5394243693442	-191.5158991591256	191.5158991591256	699.3071218467212	233.10237394890714	141.5394243693442	141.5394243693442	-141.5394243693442	-283.0788487386884	141.5394243693442	141.5394243693442	141.5394243693442	191.51589915912564	-191.5158991591256	233.10237394890714	91.56294957956281	91.56294957956281	141.5394243693442	-283.0788487386884	-557.7676974773767	70.7697121846721	-283.0788487386884	283.0788487386884	-233.10237394890714	283.0788487386884	-274.68884873868836	557.7676974773767	-70.7697121846721	-699.3071218467212	91.56294957956281	-141.5394243693442	8.39	233.10237394890686
316	-5.36524879822764	81.16298557873212	-5.36524879822764	81.16298557873212	-111.01398077164282	111.01398077164282	397.42492789366054	132.47497596455355	81.16298557873212	81.16298557873212	-81.16298557873212	-162.32597115746424	81.16298557873212	81.16298557873212	81.16298557873212	111.01398077164282	-111.01398077164282	132.47497596455355	51.31199038582142	51.31199038582142	81.16298557873212	-162.32597115746424	-316.26194231492843	40.58149278936606	-162.32597115746424	162.32597115746424	-132.47497596455355	162.32597115746424	-153.93597115746422	316.26194231492843	-40.58149278936606	-397.42492789366054	51.31199038582142	-81.16298557873212	8.39	132.4749759645535
317	-7.905867023214171	111.65040427857119	-7.905867023214171	111.65040427857119	-151.66387237142825	151.66387237142825	549.8620213928559	183.2873404642852	111.65040427857119	111.65040427857119	-111.65040427857119	-223.30080855714237	111.65040427857119	111.65040427857119	111.65040427857119	151.66387237142823	-151.66387237142825	183.2873404642852	71.63693618571412	71.63693618571412	111.65040427857119	-223.30080855714237	-438.21161711428476	55.825202139285594	-223.30080855714237	223.30080855714237	-183.2873404642852	223.30080855714237	-214.91080855714233	438.21161711428476	-55.825202139285594	-549.8620213928559	71.63693618571412	-111.65040427857119	8.39	183.2873404642855
318	-6.5849575486741685	95.7994905840888	-6.5849575486741685	95.7994905840888	-130.52932077878506	130.52932077878506	470.607452920444	156.8691509734815	95.7994905840888	95.7994905840888	-95.7994905840888	-191.5989811681776	95.7994905840888	95.7994905840888	95.7994905840888	130.52932077878518	-130.52932077878506	156.8691509734815	61.06966038939254	61.06966038939254	95.7994905840888	-191.5989811681776	-374.8079623363552	47.8997452920444	-191.5989811681776	191.5989811681776	-156.8691509734815	191.5989811681776	-183.20898116817767	374.8079623363552	-47.8997452920444	-470.607452920444	61.06966038939254	-95.7994905840888	8.39	156.86915097348128
319	-6.212117023241319	91.32540427889484	-6.212117023241319	91.32540427889484	-124.56387237185979	124.56387237185979	448.23702139447437	149.41234046482472	91.32540427889485	91.32540427889484	-91.32540427889485	-182.65080855778967	91.32540427889485	91.32540427889484	91.32540427889485	124.56387237185982	-124.56387237185979	149.41234046482475	58.086936185929886	58.086936185929886	91.32540427889485	-182.65080855778967	-356.91161711557936	45.66270213944742	-182.65080855778967	182.65080855778967	-149.41234046482472	182.65080855778967	-174.26080855778972	356.91161711557936	-45.66270213944742	-448.23702139447437	58.086936185929886	-91.32540427889485	8.39	149.41234046482475
320	-10.025584978946005	137.0870197473522	-10.025584978946005	137.0870197473522	-185.5793596631363	185.5793596631363	677.045098736761	225.68169957892042	137.0870197473522	137.0870197473522	-137.0870197473522	-274.1740394947044	137.0870197473522	137.0870197473522	137.0870197473522	185.5793596631363	-185.5793596631363	225.68169957892042	88.5946798315681	88.5946798315681	137.0870197473522	-274.1740394947044	-539.9580789894088	68.5435098736761	-274.1740394947044	274.1740394947044	-225.68169957892042	274.1740394947044	-265.7840394947043	539.9580789894088	-68.5435098736761	-677.045098736761	88.5946798315681	-137.0870197473522	8.39	225.6816995789203
321	-6.849814738331102	98.97777685997357	-6.849814738331102	98.97777685997357	-134.7670358132981	134.7670358132981	486.498884299868	162.1662947666225	98.97777685997357	98.97777685997357	-98.97777685997357	-197.95555371994715	98.97777685997357	98.97777685997357	98.97777685997357	134.7670358132982	-134.7670358132981	162.1662947666225	63.188517906649054	63.188517906649054	98.97777685997357	-197.95555371994715	-387.5211074398943	49.48888842998679	-197.95555371994715	197.95555371994715	-162.1662947666225	197.95555371994715	-189.5655537199474	387.5211074398943	-49.48888842998679	-486.498884299868	63.188517906649054	-98.97777685997357	8.39	162.16629476662274
322	-13.897083377407682	183.54500052889517	-13.897083377407682	183.54500052889517	-247.52333403852688	247.52333403852688	909.3350026444755	303.1116675481585	183.54500052889517	183.54500052889517	-183.54500052889517	-367.09000105779035	183.54500052889517	183.54500052889517	183.54500052889517	247.52333403852663	-247.52333403852688	303.1116675481585	119.56666701926345	119.56666701926345	183.54500052889517	-367.09000105779035	-725.7900021155806	91.77250026444759	-367.09000105779035	367.09000105779035	-303.1116675481585	367.09000105779035	-358.7000010577904	725.7900021155806	-91.77250026444759	-909.3350026444755	119.56666701926345	-183.54500052889517	8.39	303.11166754815866
323	-8.752735248227566	121.81282297873378	-8.752735248227566	121.81282297873378	-165.21376397164502	165.21376397164502	600.6741148936685	200.22470496455617	121.81282297873378	121.81282297873378	-121.81282297873378	-243.62564595746755	121.81282297873378	121.81282297873378	121.81282297873378	165.21376397164477	-165.21376397164502	200.22470496455617	78.41188198582253	78.41188198582253	121.81282297873378	-243.62564595746755	-478.8612919149352	60.90641148936689	-243.62564595746755	243.62564595746755	-200.22470496455617	243.62564595746755	-235.23564595746754	478.8612919149352	-60.90641148936689	-600.6741148936685	78.41188198582253	-121.81282297873378	8.39	200.22470496455642
324	-15.06375700526371	197.54508406316424	-15.06375700526371	197.54508406316424	-266.190112084219	266.190112084219	979.3354203158212	326.4451401052738	197.54508406316424	197.54508406316424	-197.54508406316424	-395.0901681263285	197.54508406316424	197.54508406316424	197.54508406316424	266.190112084219	-266.190112084219	326.4451401052738	128.90005604210953	128.90005604210953	197.54508406316424	-395.0901681263285	-781.790336252657	98.77254203158212	-395.0901681263285	395.0901681263285	-326.4451401052738	395.0901681263285	-386.70016812632844	781.790336252657	-98.77254203158212	-979.3354203158212	128.90005604210953	-197.54508406316424	8.39	326.4451401052738
325	-2.1484838913489708	42.56180669618747	-2.1484838913489708	42.56180669618747	-59.545742261583314	59.545742261583314	204.41903348093734	68.1396778269791	42.56180669618747	42.56180669618747	-42.56180669618747	-85.12361339237493	42.56180669618747	42.56180669618747	42.56180669618747	59.5457422615832	-59.545742261583314	68.1396778269791	25.57787113079162	25.57787113079162	42.56180669618747	-85.12361339237493	-161.85722678474986	21.280903348093734	-85.12361339237493	85.12361339237493	-68.1396778269791	85.12361339237493	-76.73361339237488	161.85722678474986	-21.280903348093734	-204.41903348093734	25.57787113079162	-42.56180669618747	8.39	68.13967782697914
326	-2.8346664798035164	50.79599775764104	-2.8346664798035164	50.79599775764104	-70.52466367685471	70.52466367685471	245.58998878820535	81.86332959606841	50.79599775764104	50.79599775764104	-50.79599775764104	-101.59199551528208	50.79599775764104	50.79599775764104	50.79599775764104	70.52466367685474	-70.52466367685471	81.86332959606841	31.067331838427364	31.067331838427364	50.79599775764104	-101.59199551528208	-194.79399103056414	25.39799887882052	-101.59199551528208	101.59199551528208	-81.86332959606841	101.59199551528208	-93.20199551528185	194.79399103056414	-25.39799887882052	-245.58998878820535	31.067331838427364	-50.79599775764104	8.39	81.86332959606835
327	-9.493002240836347	130.69602689003403	-9.493002240836347	130.69602689003403	-177.05803585337873	177.05803585337873	645.0901344501706	215.03004481672338	130.69602689003403	130.69602689003403	-130.69602689003403	-261.39205378006807	130.69602689003403	130.69602689003403	130.69602689003403	177.0580358533789	-177.05803585337873	215.03004481672338	84.33401792668936	84.33401792668936	130.69602689003403	-261.39205378006807	-514.394107560136	65.34801344501702	-261.39205378006807	261.39205378006807	-215.03004481672338	261.39205378006807	-253.00205378006808	514.394107560136	-65.34801344501702	-645.0901344501706	84.33401792668936	-130.69602689003403	8.39	215.03004481672338
328	-10.29023002896136	140.26276034753474	-10.29023002896136	140.26276034753474	-189.81368046337965	189.81368046337965	692.9238017376737	230.97460057922456	140.26276034753474	140.26276034753474	-140.26276034753474	-280.5255206950695	140.26276034753474	140.26276034753474	140.26276034753474	189.81368046337963	-189.81368046337965	230.97460057922456	90.71184023168982	90.71184023168982	140.26276034753474	-280.5255206950695	-552.6610413901388	70.13138017376737	-280.5255206950695	280.5255206950695	-230.97460057922456	280.5255206950695	-272.1355206950693	552.6610413901388	-70.13138017376737	-692.9238017376737	90.71184023168982	-140.26276034753474	8.39	230.97460057922464
329	-12.56535464197134	167.5642557036513	-12.56535464197134	167.5642557036513	-226.21567427153505	226.21567427153505	829.4312785182566	276.4770928394188	167.5642557036513	167.5642557036513	-167.5642557036513	-335.1285114073026	167.5642557036513	167.5642557036513	167.5642557036513	226.21567427153502	-226.21567427153505	276.4770928394188	108.91283713576753	108.91283713576753	167.5642557036513	-335.1285114073026	-661.8670228146051	83.78212785182565	-335.1285114073026	335.1285114073026	-276.4770928394188	335.1285114073026	-326.7385114073017	661.8670228146051	-83.78212785182565	-829.4312785182566	108.91283713576753	-167.5642557036513	8.39	276.47709283941884
330	-8.487346647067739	118.62815976481073	-8.487346647067739	118.62815976481073	-160.96754635308096	160.96754635308096	584.7507988240541	194.9169329413512	118.62815976481073	118.62815976481073	-118.62815976481073	-237.25631952962146	118.62815976481073	118.62815976481073	118.62815976481073	160.96754635308116	-160.96754635308096	194.9169329413512	76.2887731765405	76.2887731765405	118.62815976481073	-237.25631952962146	-466.1226390592429	59.314079882405366	-237.25631952962146	237.25631952962146	-194.9169329413512	237.25631952962146	-228.86631952962148	466.1226390592429	-59.314079882405366	-584.7507988240541	76.2887731765405	-118.62815976481073	8.39	194.91693294135123
331	-5.893905863411419	87.506870360937	-5.893905863411419	87.506870360937	-119.47249381458266	119.47249381458266	429.144351804685	143.0481172682283	87.506870360937	87.506870360937	-87.506870360937	-175.013740721874	87.506870360937	87.506870360937	87.506870360937	119.47249381458266	-119.47249381458266	143.04811726822834	55.54124690729134	55.54124690729134	87.506870360937	-175.013740721874	-341.637481443748	43.7534351804685	-175.013740721874	175.013740721874	-143.0481172682283	175.013740721874	-166.62374072187401	341.637481443748	-43.7534351804685	-429.144351804685	55.54124690729134	-87.506870360937	8.39	143.04811726822834
332	-13.044264988305722	173.31117985966844	-13.044264988305722	173.31117985966844	-233.8782398128912	233.8782398128912	858.1658992983422	286.055299766114	173.31117985966844	173.31117985966844	-173.31117985966844	-346.6223597193369	173.31117985966844	173.31117985966844	173.31117985966844	233.87823981289125	-233.8782398128912	286.055299766114	112.74411990644569	112.74411990644569	173.31117985966844	-346.6223597193369	-684.8547194386737	86.65558992983422	-346.6223597193369	346.6223597193369	-286.055299766114	346.6223597193369	-338.23235971933684	684.8547194386737	-86.65558992983422	-858.1658992983422	112.74411990644569	-173.31117985966844	8.39	286.05529976611405
333	-12.777919413317585	170.11503295981106	-12.777919413317585	170.11503295981106	-229.6167106130814	229.6167106130814	842.1851647990554	280.72838826635166	170.11503295981106	170.11503295981106	-170.11503295981106	-340.2300659196221	170.11503295981106	170.11503295981106	170.11503295981106	229.61671061308152	-229.6167106130814	280.72838826635166	110.61335530654071	110.61335530654071	170.11503295981106	-340.2300659196221	-672.0701318392443	85.05751647990553	-340.2300659196221	340.2300659196221	-280.72838826635166	340.2300659196221	-331.84006591962213	672.0701318392443	-85.05751647990553	-842.1851647990554	110.61335530654071	-170.11503295981106	8.39	280.7283882663519
334	-12.406567273215858	165.65880727859007	-12.406567273215858	165.65880727859007	-223.67507637145343	223.67507637145343	819.9040363929505	273.3013454643167	165.65880727859007	165.65880727859007	-165.65880727859007	-331.31761455718015	165.65880727859007	165.65880727859007	165.65880727859007	223.67507637145354	-223.67507637145343	273.3013454643167	107.64253818572672	107.64253818572672	165.65880727859007	-331.31761455718015	-654.2452291143603	82.82940363929504	-331.31761455718015	331.31761455718015	-273.3013454643167	331.31761455718015	-322.92761455718016	654.2452291143603	-82.82940363929504	-819.9040363929505	107.64253818572672	-165.65880727859007	8.39	273.3013454643169
335	-10.873298378447998	147.25958054137686	-10.873298378447998	147.25958054137686	-199.14277405516913	199.14277405516913	727.9079027068842	242.6359675689614	147.25958054137686	147.25958054137686	-147.25958054137686	-294.5191610827537	147.25958054137686	147.25958054137686	147.25958054137686	199.14277405516918	-199.14277405516913	242.6359675689614	95.37638702758454	95.37638702758454	147.25958054137686	-294.5191610827537	-580.6483221655075	73.62979027068843	-294.5191610827537	294.5191610827537	-242.6359675689614	294.5191610827537	-286.12916108275374	580.6483221655075	-73.62979027068843	-727.9079027068842	95.37638702758454	-147.25958054137686	8.39	242.63596756896158
336	-6.637992246985396	96.43590696382452	-6.637992246985396	96.43590696382452	-131.37787595176604	131.37787595176604	473.7895348191226	157.92984493970755	96.43590696382452	96.43590696382452	-96.43590696382452	-192.87181392764904	96.43590696382452	96.43590696382452	96.43590696382452	131.37787595176587	-131.37787595176604	157.92984493970755	61.493937975883	61.493937975883	96.43590696382452	-192.87181392764904	-377.3536278552981	48.21795348191226	-192.87181392764904	192.87181392764904	-157.92984493970755	192.87181392764904	-184.4818139276489	377.3536278552981	-48.21795348191226	-473.7895348191226	61.493937975883	-96.43590696382452	8.39	157.92984493970755
337	-15.328614194920757	200.7233703390491	-15.328614194920757	200.7233703390491	-270.4278271187321	270.4278271187321	995.2268516952456	331.74228389841505	200.7233703390491	200.7233703390491	-200.7233703390491	-401.4467406780982	200.7233703390491	200.7233703390491	200.7233703390491	270.42782711873224	-270.4278271187321	331.74228389841505	131.01891355936607	131.01891355936607	200.7233703390491	-401.4467406780982	-794.5034813561964	100.36168516952455	-401.4467406780982	401.4467406780982	-331.74228389841505	401.4467406780982	-393.0567406780982	794.5034813561964	-100.36168516952455	-995.2268516952456	131.01891355936607	-200.7233703390491	8.39	331.7422838984153
338	-14.690916479830891	193.07099775797064	-14.690916479830891	193.07099775797064	-260.2246636772942	260.2246636772942	956.9649887898534	318.98832959661763	193.07099775797064	193.07099775797064	-193.07099775797064	-386.1419955159413	193.07099775797064	193.07099775797064	193.07099775797064	260.2246636772943	-260.2246636772942	318.98832959661763	125.9173318386471	125.9173318386471	193.07099775797064	-386.1419955159413	-763.8939910318826	96.53549887898532	-386.1419955159413	386.1419955159413	-318.98832959661763	386.1419955159413	-377.7519955159413	763.8939910318826	-96.53549887898532	-956.9649887898534	125.9173318386471	-193.07099775797064	8.39	318.98832959661786
339	-13.950118075719262	184.18141690863126	-13.950118075719262	184.18141690863126	-248.37188921150835	248.37188921150835	912.5170845431564	304.17236151438533	184.18141690863126	184.18141690863126	-184.18141690863126	-368.3628338172625	184.18141690863126	184.18141690863126	184.18141690863126	248.37188921150846	-248.37188921150835	304.17236151438533	119.99094460575418	119.99094460575418	184.18141690863126	-368.3628338172625	-728.3356676345251	92.09070845431563	-368.3628338172625	368.3628338172625	-304.17236151438533	368.3628338172625	-359.97283381726254	728.3356676345251	-92.09070845431563	-912.5170845431564	119.99094460575418	-184.18141690863126	8.39	304.17236151438556
340	-12.14011541626718	162.4613849952068	-12.14011541626718	162.4613849952068	-219.41184666027573	219.41184666027573	803.9169249760341	267.97230832534456	162.4613849952068	162.4613849952068	-162.4613849952068	-324.9227699904136	162.4613849952068	162.4613849952068	162.4613849952068	219.41184666027584	-219.41184666027573	267.97230832534456	105.51092333013787	105.51092333013787	162.4613849952068	-324.9227699904136	-641.4555399808272	81.2306924976034	-324.9227699904136	324.9227699904136	-267.97230832534456	324.9227699904136	-316.53276999041384	641.4555399808272	-81.2306924976034	-803.9169249760341	105.51092333013787	-162.4613849952068	8.39	267.9723083253448
341	-6.478356316268843	94.52027579522678	-6.478356316268843	94.52027579522678	-128.82370106030237	128.82370106030237	464.21137897613403	154.73712632537786	94.52027579522678	94.52027579522678	-94.52027579522678	-189.04055159045356	94.52027579522678	94.52027579522678	94.52027579522678	128.82370106030248	-128.82370106030237	154.73712632537786	60.21685053015119	60.21685053015119	94.52027579522678	-189.04055159045356	-369.69110318090713	47.26013789761339	-189.04055159045356	189.04055159045356	-154.73712632537786	189.04055159045356	-180.6505515904538	369.69110318090713	-47.26013789761339	-464.21137897613403	60.21685053015119	-94.52027579522678	8.39	154.73712632537809
342	-6.158869761008822	90.68643713210645	-6.158869761008822	90.68643713210645	-123.71191617614193	123.71191617614193	445.04218566053237	148.3473952201773	90.68643713210645	90.68643713210645	-90.68643713210645	-181.3728742642129	90.68643713210645	90.68643713210645	90.68643713210645	123.71191617614204	-123.71191617614193	148.3473952201773	57.66095808807097	57.66095808807097	90.68643713210645	-181.3728742642129	-354.3557485284258	45.343218566053224	-181.3728742642129	181.3728742642129	-148.3473952201773	181.3728742642129	-172.98287426421314	354.3557485284258	-45.343218566053224	-445.04218566053237	57.66095808807097	-90.68643713210645	8.39	148.34739522017753
343	-2.781525499531542	50.15830599437845	-2.781525499531542	50.15830599437845	-69.6744079925046	69.6744079925046	242.4015299718924	80.80050999063064	50.15830599437845	50.15830599437845	-50.15830599437845	-100.3166119887569	50.15830599437845	50.15830599437845	50.15830599437845	69.67440799250471	-69.6744079925046	80.80050999063064	30.642203996252306	30.642203996252306	50.15830599437845	-100.3166119887569	-192.24322397751382	25.079152997189226	-100.3166119887569	100.3166119887569	-80.80050999063064	100.3166119887569	-91.92661198875692	192.24322397751382	-25.079152997189226	-242.4015299718924	30.642203996252306	-50.15830599437845	8.39	80.80050999063087
344	-9.972337716713572	136.44805260056296	-9.972337716713572	136.44805260056296	-184.72740346741728	184.72740346741728	673.8502630028149	224.6167543342715	136.44805260056296	136.44805260056296	-136.44805260056296	-272.8961052011259	136.44805260056296	136.44805260056296	136.44805260056296	184.7274034674174	-184.72740346741728	224.6167543342715	88.16870173370864	88.16870173370864	136.44805260056296	-272.8961052011259	-537.4022104022519	68.22402630028148	-272.8961052011259	272.8961052011259	-224.6167543342715	272.8961052011259	-264.50610520112593	537.4022104022519	-68.22402630028148	-673.8502630028149	88.16870173370864	-136.44805260056296	8.39	224.61675433427172
345	-9.1760613850376	126.89273662045184	-9.1760613850376	126.89273662045184	-171.98698216060245	171.98698216060245	626.0736831022593	208.69122770075296	126.89273662045184	126.89273662045184	-126.89273662045184	-253.78547324090368	126.89273662045184	126.89273662045184	126.89273662045184	171.98698216060257	-171.98698216060245	208.69122770075296	81.79849108030123	81.79849108030123	126.89273662045184	-253.78547324090368	-499.1809464818074	63.44636831022592	-253.78547324090368	253.78547324090368	-208.69122770075296	253.78547324090368	-245.39547324090393	499.1809464818074	-63.44636831022592	-626.0736831022593	81.79849108030123	-126.89273662045184	8.39	208.6912277007532
346	-8.699487985995408	121.17385583194414	-8.699487985995408	121.17385583194414	-164.3618077759255	164.3618077759255	597.4792791597208	199.1597597199068	121.17385583194414	121.17385583194414	-121.17385583194414	-242.34771166388828	121.17385583194414	121.17385583194414	121.17385583194414	164.36180777592563	-164.3618077759255	199.1597597199068	77.98590388796276	77.98590388796276	121.17385583194414	-242.34771166388828	-476.30542332777657	60.58692791597207	-242.34771166388828	242.34771166388828	-199.1597597199068	242.34771166388828	-233.95771166388806	476.30542332777657	-60.58692791597207	-597.4792791597208	77.98590388796276	-121.17385583194414	8.39	199.15975971990702
347	-11.716679610023954	157.3801553202868	-11.716679610023954	157.3801553202868	-212.6368737603824	212.6368737603824	778.5107766014341	259.5035922004779	157.3801553202868	157.3801553202868	-157.3801553202868	-314.7603106405736	157.3801553202868	157.3801553202868	157.3801553202868	212.6368737603825	-212.6368737603824	259.5035922004779	102.1234368801912	102.1234368801912	157.3801553202868	-314.7603106405736	-621.1306212811472	78.6900776601434	-314.7603106405736	314.7603106405736	-259.5035922004779	314.7603106405736	-306.3703106405734	621.1306212811472	-78.6900776601434	-778.5107766014341	102.1234368801912	-157.3801553202868	8.39	259.5035922004781
348	-7.746231092497556	109.73477310997009	-7.746231092497556	109.73477310997009	-149.10969747996012	149.10969747996012	540.2838655498506	180.09462184995004	109.73477310997009	109.73477310997009	-109.73477310997009	-219.46954621994018	109.73477310997009	109.73477310997009	109.73477310997009	149.10969747996023	-149.10969747996012	180.09462184995004	70.35984873998007	70.35984873998007	109.73477310997009	-219.46954621994018	-430.5490924398804	54.867386554985046	-219.46954621994018	219.46954621994018	-180.09462184995004	219.46954621994018	-211.07954621993997	430.5490924398804	-54.867386554985046	-540.2838655498506	70.35984873998007	-109.73477310997009	8.39	180.09462184995027
349	-9.387249994671876	129.42699993606334	-9.387249994671876	129.42699993606334	-175.36599991475111	175.36599991475111	638.7449996803168	212.9149998934388	129.42699993606334	129.42699993606334	-129.42699993606334	-258.8539998721267	129.42699993606334	129.42699993606334	129.42699993606334	175.36599991475123	-175.36599991475111	212.9149998934388	83.48799995737556	83.48799995737556	129.42699993606334	-258.8539998721267	-509.31799974425337	64.71349996803167	-258.8539998721267	258.8539998721267	-212.9149998934388	258.8539998721267	-250.46399987212692	509.31799974425337	-64.71349996803167	-638.7449996803168	83.48799995737556	-129.42699993606334	8.39	212.91499989343902
350	-11.927868219658146	159.9144186358983	-11.927868219658146	159.9144186358983	-216.01589151453106	216.01589151453106	791.1820931794916	263.7273643931637	159.9144186358983	159.9144186358983	-159.9144186358983	-319.8288372717966	159.9144186358983	159.9144186358983	159.9144186358983	216.01589151453118	-216.01589151453106	263.7273643931637	103.81294575726554	103.81294575726554	159.9144186358983	-319.8288372717966	-631.2676745435932	79.95720931794915	-319.8288372717966	319.8288372717966	-263.7273643931637	319.8288372717966	-311.43883727179684	631.2676745435932	-79.95720931794915	-791.1820931794916	103.81294575726554	-159.9144186358983	8.39	263.72736439316395
351	-1.9372957059942177	40.027548471931595	-1.9372957059942177	40.027548471931595	-56.16673129590879	56.16673129590879	191.747742359658	63.91591411988588	40.027548471931595	40.027548471931595	-40.027548471931595	-80.05509694386319	40.027548471931595	40.027548471931595	40.027548471931595	56.16673129590879	-56.16673129590879	63.91591411988588	23.8883656479544	23.8883656479544	40.027548471931595	-80.05509694386319	-151.7201938877264	20.013774235965798	-80.05509694386319	80.05509694386319	-63.91591411988588	80.05509694386319	-71.6650969438632	151.7201938877264	-20.013774235965798	-191.747742359658	23.8883656479544	-40.027548471931595	8.39	63.91591411988611
352	-3.6801585431045707	60.94190251725581	-3.6801585431045707	60.94190251725581	-84.05253668967441	84.05253668967441	296.3195125862792	98.77317086209291	60.94190251725581	60.94190251725581	-60.94190251725581	-121.88380503451162	60.94190251725581	60.94190251725581	60.94190251725581	84.05253668967453	-84.05253668967441	98.77317086209291	37.83126834483721	37.83126834483721	60.94190251725581	-121.88380503451162	-235.37761006902326	30.470951258627906	-121.88380503451162	121.88380503451162	-98.77317086209291	121.88380503451162	-113.49380503451187	235.37761006902326	-30.470951258627906	-296.3195125862792	37.83126834483721	-60.94190251725581	8.39	98.77317086209314
353	-2.8877016023939976	51.432419228726985	-2.8877016023939976	51.432419228726985	-71.37322563830264	71.37322563830264	248.77209614363505	82.9240320478782	51.432419228726985	51.432419228726985	-51.432419228726985	-102.86483845745397	51.432419228726985	51.432419228726985	51.432419228726985	71.37322563830276	-71.37322563830264	82.9240320478782	31.491612819151328	31.491612819151328	51.432419228726985	-102.86483845745397	-197.33967691490795	25.716209614363493	-102.86483845745397	102.86483845745397	-82.9240320478782	102.86483845745397	-94.47483845745376	197.33967691490795	-25.716209614363493	-248.77209614363505	31.491612819151328	-51.432419228726985	8.39	82.92403204787843
354	-10.237089048689409	139.6250685842731	-10.237089048689409	139.6250685842731	-188.9634247790308	188.9634247790308	689.7353429213656	229.91178097378838	139.6250685842731	139.6250685842731	-139.6250685842731	-279.2501371685462	139.6250685842731	139.6250685842731	139.6250685842731	188.9634247790309	-188.9634247790308	229.91178097378838	90.2867123895154	90.2867123895154	139.6250685842731	-279.2501371685462	-550.1102743370924	69.81253429213655	-279.2501371685462	279.2501371685462	-229.91178097378838	279.2501371685462	-270.8601371685462	550.1102743370924	-69.81253429213655	-689.7353429213656	90.2867123895154	-139.6250685842731	8.39	229.9117809737886
355	-15.222861948756348	199.45434338507698	-15.222861948756348	199.45434338507698	-268.73579118010264	268.73579118010264	988.881716925385	329.6272389751282	199.45434338507698	199.45434338507698	-199.45434338507698	-398.90868677015396	199.45434338507698	199.45434338507698	199.45434338507698	268.73579118010275	-268.73579118010264	329.6272389751282	130.17289559005133	130.17289559005133	199.45434338507698	-398.90868677015396	-789.4273735403079	99.72717169253849	-398.90868677015396	398.90868677015396	-329.6272389751282	398.90868677015396	-390.5186867701542	789.4273735403079	-99.72717169253849	-988.881716925385	130.17289559005133	-199.45434338507698	8.39	329.6272389751284
356	-10.926227219078113	147.89472662893718	-10.926227219078113	147.89472662893718	-199.98963550524957	199.98963550524957	731.083633144686	243.69454438156185	147.89472662893718	147.89472662893718	-147.89472662893718	-295.78945325787436	147.89472662893718	147.89472662893718	147.89472662893718	199.98963550524968	-199.98963550524957	243.69454438156185	95.79981775262479	95.79981775262479	147.89472662893718	-295.78945325787436	-583.1889065157487	73.94736331446859	-295.78945325787436	295.78945325787436	-243.69454438156185	295.78945325787436	-287.39945325787437	583.1889065157487	-73.94736331446859	-731.083633144686	95.79981775262479	-147.89472662893718	8.39	243.69454438156208
357	-12.193150538857822	163.09780646629315	-12.193150538857822	163.09780646629315	-220.2604086217242	220.2604086217242	807.0990323314659	269.03301077715525	163.09780646629315	163.09780646629315	-163.09780646629315	-326.1956129325863	163.09780646629315	163.09780646629315	163.09780646629315	220.2604086217243	-220.2604086217242	269.03301077715525	105.9352043108621	105.9352043108621	163.09780646629315	-326.1956129325863	-644.0012258651726	81.54890323314658	-326.1956129325863	326.1956129325863	-269.03301077715525	326.1956129325863	-317.8056129325863	644.0012258651726	-81.54890323314658	-807.0990323314659	105.9352043108621	-163.09780646629315	8.39	269.03301077715525
358	-10.608441188791176	144.08129426549198	-10.608441188791176	144.08129426549198	-194.90505902065595	194.90505902065595	712.0164713274603	237.33882377581995	144.08129426549198	144.08129426549198	-144.08129426549198	-288.16258853098395	144.08129426549198	144.08129426549198	144.08129426549198	194.90505902065615	-194.90505902065595	237.33882377581995	93.257529510328	93.257529510328	144.08129426549198	-288.16258853098395	-567.9351770619678	72.04064713274599	-288.16258853098395	288.16258853098395	-237.33882377581995	288.16258853098395	-279.772588530984	567.9351770619678	-72.04064713274599	-712.0164713274603	93.257529510328	-144.08129426549198	8.39	237.33882377581998
359	-3.2575712988228247	55.870855585873244	-3.2575712988228247	55.870855585873244	-77.29114078116432	77.29114078116432	270.9642779293663	90.32142597645543	55.870855585873244	55.870855585873244	-55.870855585873244	-111.74171117174649	55.870855585873244	55.870855585873244	55.870855585873244	77.29114078116436	-77.29114078116432	90.32142597645543	34.45057039058217	34.45057039058217	55.870855585873244	-111.74171117174649	-215.093422343493	27.935427792936622	-111.74171117174649	111.74171117174649	-90.32142597645543	111.74171117174649	-103.35171117174647	215.093422343493	-27.935427792936622	-270.9642779293663	34.45057039058217	-55.870855585873244	8.39	90.32142597645527
360	-9.229096507628356	127.52915809153814	-9.229096507628356	127.52915809153814	-172.83554412205083	172.83554412205083	629.2557904576911	209.75193015256355	127.52915809153814	127.52915809153814	-127.52915809153814	-255.05831618307627	127.52915809153814	127.52915809153814	127.52915809153814	172.83554412205103	-172.83554412205083	209.75193015256355	82.22277206102544	82.22277206102544	127.52915809153814	-255.05831618307627	-501.7266323661525	63.76457904576907	-255.05831618307627	255.05831618307627	-209.75193015256355	255.05831618307627	-246.6683161830763	501.7266323661525	-63.76457904576907	-629.2557904576911	82.22277206102544	-127.52915809153814	8.39	209.75193015256357
361	-13.844048254817325	182.9085790578078	-13.844048254817325	182.9085790578078	-246.67477207707708	246.67477207707708	906.152895289039	302.05096509634643	182.9085790578078	182.9085790578078	-182.9085790578078	-365.8171581156156	182.9085790578078	182.9085790578078	182.9085790578078	246.67477207707714	-246.67477207707708	302.05096509634643	119.14238603853852	119.14238603853852	182.9085790578078	-365.8171581156156	-723.2443162312313	91.4542895289039	-365.8171581156156	365.8171581156156	-302.05096509634643	365.8171581156156	-357.4271581156155	723.2443162312313	-91.4542895289039	-906.152895289039	119.14238603853852	-182.9085790578078	8.39	302.0509650963463
362	-12.459601971527233	166.29522365832713	-12.459601971527233	166.29522365832713	-224.52363154443617	224.52363154443617	823.0861182916358	274.3620394305451	166.29522365832713	166.29522365832713	-166.29522365832713	-332.59044731665426	166.29522365832713	166.29522365832713	166.29522365832713	224.52363154443628	-224.52363154443617	274.3620394305451	108.06681577221809	108.06681577221809	166.29522365832713	-332.59044731665426	-656.7908946333085	83.14761182916357	-332.59044731665426	332.59044731665426	-274.3620394305451	332.59044731665426	-324.2004473166545	656.7908946333085	-83.14761182916357	-823.0861182916358	108.06681577221809	-166.29522365832713	8.39	274.36203943054534
363	-7.219790292441011	103.41748350929288	-7.219790292441011	103.41748350929288	-140.68664467905717	140.68664467905717	508.6974175464645	169.56580584882136	103.41748350929288	103.41748350929288	-103.41748350929288	-206.83496701858576	103.41748350929288	103.41748350929288	103.41748350929288	140.68664467905728	-140.68664467905717	169.56580584882136	66.14832233952859	66.14832233952859	103.41748350929288	-206.83496701858576	-405.27993403717153	51.70874175464644	-206.83496701858576	206.83496701858576	-169.56580584882136	206.83496701858576	-198.444967018586	405.27993403717153	-51.70874175464644	-508.6974175464645	66.14832233952859	-103.41748350929288	8.39	169.56580584882158
364	-5.946940561722731	88.14328674067269	-5.946940561722731	88.14328674067269	-120.32104898756359	120.32104898756359	432.3264337033636	144.10881123445438	88.14328674067269	88.14328674067269	-88.14328674067269	-176.28657348134539	88.14328674067269	88.14328674067269	88.14328674067269	120.3210489875637	-120.32104898756359	144.10881123445438	55.9655244937818	55.9655244937818	88.14328674067269	-176.28657348134539	-344.1831469626908	44.071643370336346	-176.28657348134539	176.28657348134539	-144.10881123445438	176.28657348134539	-167.8965734813454	344.1831469626908	-44.071643370336346	-432.3264337033636	55.9655244937818	-88.14328674067269	8.39	144.1088112344546
365	-2.201624871620889	43.199498459450524	-2.201624871620889	43.199498459450524	-60.39599794593403	60.39599794593403	207.60749229725275	69.20249743241743	43.199498459450524	43.199498459450524	-43.199498459450524	-86.39899691890105	43.199498459450524	43.199498459450524	43.199498459450524	60.39599794593414	-60.39599794593403	69.20249743241743	26.00299897296702	26.00299897296702	43.199498459450524	-86.39899691890105	-164.4079938378021	21.599749229725262	-86.39899691890105	86.39899691890105	-69.20249743241743	86.39899691890105	-78.00899691890106	164.4079938378021	-21.599749229725262	-207.60749229725275	26.00299897296702	-43.199498459450524	8.39	69.20249743241766
366	-3.416464525259154	57.77757430310953	-3.416464525259154	57.77757430310953	-79.83343240414604	79.83343240414604	280.4978715155478	93.49929050518244	57.77757430310953	57.77757430310953	-57.77757430310953	-115.55514860621906	57.77757430310953	57.77757430310953	57.77757430310953	79.83343240414615	-79.83343240414604	93.49929050518244	35.721716202073026	35.721716202073026	57.77757430310953	-115.55514860621906	-222.72029721243814	28.888787151554766	-115.55514860621906	115.55514860621906	-93.49929050518244	115.55514860621906	-107.16514860621908	222.72029721243814	-28.888787151554766	-280.4978715155478	35.721716202073026	-57.77757430310953	8.39	93.49929050518267
367	-14.373550494489677	189.26260593387568	-14.373550494489677	189.26260593387568	-255.14680791183423	255.14680791183423	937.9230296693784	312.6410098897927	189.26260593387568	189.26260593387568	-189.26260593387568	-378.52521186775135	189.26260593387568	189.26260593387568	189.26260593387568	255.1468079118342	-255.14680791183423	312.6410098897927	123.37840395591712	123.37840395591712	189.26260593387568	-378.52521186775135	-748.6604237355026	94.63130296693784	-378.52521186775135	378.52521186775135	-312.6410098897927	378.52521186775135	-370.13521186775114	748.6604237355026	-94.63130296693784	-937.9230296693784	123.37840395591712	-189.26260593387568	8.39	312.64100988979294
368	-8.858698787169276	123.08438544603109	-8.858698787169276	123.08438544603109	-166.90918059470812	166.90918059470812	607.0319272301556	202.34397574338504	123.08438544603109	123.08438544603109	-123.08438544603109	-246.16877089206218	123.08438544603109	123.08438544603109	123.08438544603109	166.90918059470823	-166.90918059470812	202.34397574338504	79.25959029735407	79.25959029735407	123.08438544603109	-246.16877089206218	-483.9475417841244	61.542192723015546	-246.16877089206218	246.16877089206218	-202.34397574338504	246.16877089206218	-237.77877089206208	483.9475417841244	-61.542192723015546	-607.0319272301556	79.25959029735407	-123.08438544603109	8.39	202.34397574338527
369	-8.434417806437482	117.99301367725025	-8.434417806437482	117.99301367725025	-160.12068490300032	160.12068490300032	581.5750683862514	193.8583561287503	117.99301367725025	117.99301367725025	-117.99301367725025	-235.9860273545005	117.99301367725025	117.99301367725025	117.99301367725025	160.12068490300044	-160.12068490300032	193.8583561287503	75.86534245150017	75.86534245150017	117.99301367725025	-235.9860273545005	-463.582054709001	58.99650683862512	-235.9860273545005	235.9860273545005	-193.8583561287503	235.9860273545005	-227.59602735450073	463.582054709001	-58.99650683862512	-581.5750683862514	75.86534245150017	-117.99301367725025	8.39	193.85835612875053
370	-12.830954111628785	170.75144933954715	-12.830954111628785	170.75144933954715	-230.46526578606296	230.46526578606296	845.3672466977357	281.7890822325786	170.75144933954715	170.75144933954715	-170.75144933954715	-341.5028986790943	170.75144933954715	170.75144933954715	170.75144933954715	230.4652657860629	-230.46526578606296	281.7890822325786	111.03763289303134	111.03763289303134	170.75144933954715	-341.5028986790943	-674.6157973581885	85.37572466977358	-341.5028986790943	341.5028986790943	-281.7890822325786	341.5028986790943	-333.11289867909466	674.6157973581885	-85.37572466977358	-845.3672466977357	111.03763289303134	-170.75144933954715	8.39	281.7890822325786
371	-10.18426606574053	138.991192788886	-10.18426606574053	138.991192788886	-188.118257051848	188.118257051848	686.56596394443	228.85532131481	138.991192788886	138.991192788886	-138.991192788886	-277.982385577772	138.991192788886	138.991192788886	138.991192788886	188.1182570518481	-188.118257051848	228.85532131481	89.864128525924	89.864128525924	138.991192788886	-277.982385577772	-547.574771155544	69.495596394443	-277.982385577772	277.982385577772	-228.85532131481	277.982385577772	-269.592385577772	547.574771155544	-69.495596394443	-686.56596394443	89.864128525924	-138.991192788886	8.39	228.85532131481
372	-3.89198061017089	63.483767322051676	-3.89198061017089	63.483767322051676	-87.44168976273556	87.44168976273556	309.02883661025817	103.00961220341947	63.483767322051676	63.483767322051676	-63.483767322051676	-126.96753464410335	63.483767322051676	63.483767322051676	63.483767322051676	87.44168976273545	-87.44168976273556	103.00961220341947	39.52584488136779	39.52584488136779	63.483767322051676	-126.96753464410335	-245.54506928820672	31.741883661025838	-126.96753464410335	126.96753464410335	-103.00961220341947	126.96753464410335	-118.57753464410334	245.54506928820672	-31.741883661025838	-309.02883661025817	39.52584488136779	-63.483767322051676	8.39	103.00961220341947
373	-11.769714732614318	158.01657679137483	-11.769714732614318	158.01657679137483	-213.48543572183308	213.48543572183308	781.6928839568739	260.5642946522913	158.01657679137483	158.01657679137483	-158.01657679137483	-316.03315358274966	158.01657679137483	158.01657679137483	158.01657679137483	213.48543572183303	-213.48543572183308	260.5642946522913	102.54771786091658	102.54771786091658	158.01657679137483	-316.03315358274966	-623.6763071654993	79.00828839568742	-316.03315358274966	316.03315358274966	-260.5642946522913	316.03315358274966	-307.6431535827495	623.6763071654993	-79.00828839568742	-781.6928839568739	102.54771786091658	-158.01657679137483	8.39	260.56429465229155
374	-9.070309138873165	125.62370966647757	-9.070309138873165	125.62370966647757	-170.29494622197012	170.29494622197012	619.7285483323878	206.5761827774627	125.62370966647757	125.62370966647757	-125.62370966647757	-251.24741933295513	125.62370966647757	125.62370966647757	125.62370966647757	170.29494622197012	-170.29494622197012	206.5761827774627	80.95247311098501	80.95247311098501	125.62370966647757	-251.24741933295513	-494.1048386659103	62.81185483323878	-251.24741933295513	251.24741933295513	-206.5761827774627	251.24741933295513	-242.85741933295532	494.1048386659103	-62.81185483323878	-619.7285483323878	80.95247311098501	-125.62370966647757	8.39	206.57618277746258
375	-6.691133227257268	97.07359872708719	-6.691133227257268	97.07359872708719	-132.22813163611625	132.22813163611625	476.97799363543595	158.99266454514532	97.07359872708719	97.07359872708719	-97.07359872708719	-194.14719745417437	97.07359872708719	97.07359872708719	97.07359872708719	132.22813163611613	-132.22813163611625	158.99266454514532	61.91906581805813	61.91906581805813	97.07359872708719	-194.14719745417437	-379.90439490834876	48.536799363543594	-194.14719745417437	194.14719745417437	-158.99266454514532	194.14719745417437	-185.7571974541744	379.90439490834876	-48.536799363543594	-476.97799363543595	61.91906581805813	-97.07359872708719	8.39	158.99266454514532
376	-14.003259055991151	184.8191086718938	-14.003259055991151	184.8191086718938	-249.22214489585838	249.22214489585838	915.705543359469	305.235181119823	184.8191086718938	184.8191086718938	-184.8191086718938	-369.6382173437876	184.8191086718938	184.8191086718938	184.8191086718938	249.22214489585826	-249.22214489585838	305.235181119823	120.4160724479292	120.4160724479292	184.8191086718938	-369.6382173437876	-730.8864346875752	92.4095543359469	-369.6382173437876	369.6382173437876	-305.235181119823	369.6382173437876	-361.24821734378753	730.8864346875752	-92.4095543359469	-915.705543359469	120.4160724479292	-184.8191086718938	8.39	305.235181119823
377	-14.744057460102766	193.70868952123317	-14.744057460102766	193.70868952123317	-261.0749193616442	261.0749193616442	960.1534476061659	320.0511492020553	193.70868952123317	193.70868952123317	-193.70868952123317	-387.41737904246634	193.70868952123317	193.70868952123317	193.70868952123317	261.0749193616441	-261.0749193616442	320.0511492020553	126.34245968082212	126.34245968082212	193.70868952123317	-387.41737904246634	-766.4447580849327	96.85434476061658	-387.41737904246634	387.41737904246634	-320.0511492020553	387.41737904246634	-379.0273790424663	766.4447580849327	-96.85434476061658	-960.1534476061659	126.34245968082212	-193.70868952123317	8.39	320.0511492020553
378	-8.223546771540866	115.46256125848991	-8.223546771540866	115.46256125848991	-156.7467483446532	156.7467483446532	568.9228062924495	189.6409354308165	115.46256125848991	115.46256125848991	-115.46256125848991	-230.92512251697983	115.46256125848991	115.46256125848991	115.46256125848991	156.74674834465316	-156.7467483446532	189.6409354308165	74.17837417232661	74.17837417232661	115.46256125848991	-230.92512251697983	-453.4602450339596	57.73128062924496	-230.92512251697983	230.92512251697983	-189.6409354308165	230.92512251697983	-222.53512251697964	453.4602450339596	-57.73128062924496	-568.9228062924495	74.17837417232661	-115.46256125848991	8.39	189.64093543081654
379	-14.21497526537641	187.35970318451632	-14.21497526537641	187.35970318451632	-252.6096042460217	252.6096042460217	928.4085159225815	309.46950530752713	187.35970318451626	187.35970318451632	-187.35970318451626	-374.7194063690326	187.35970318451626	187.35970318451632	187.35970318451626	252.60960424602172	-252.6096042460217	309.46950530752713	122.1098021230109	122.1098021230109	187.35970318451626	-374.7194063690326	-741.0488127380652	93.67985159225816	-374.7194063690326	374.7194063690326	-309.46950530752713	374.7194063690326	-366.3294063690323	741.0488127380652	-93.67985159225816	-928.4085159225815	122.1098021230109	-187.35970318451626	8.39	309.46950530752713
380	-7.2726132753899435	104.05135930467867	-7.2726132753899435	104.05135930467867	-141.53181240623823	141.53181240623823	511.86679652339336	170.62226550779792	104.05135930467867	104.05135930467867	-104.05135930467867	-208.10271860935734	104.05135930467867	104.05135930467867	104.05135930467867	141.53181240623803	-141.53181240623823	170.62226550779792	66.57090620311912	66.57090620311912	104.05135930467867	-208.10271860935734	-407.8154372187147	52.025679652339335	-208.10271860935734	208.10271860935734	-170.62226550779792	208.10271860935734	-199.71271860935738	407.8154372187147	-52.025679652339335	-511.86679652339336	66.57090620311912	-104.05135930467867	8.39	170.62226550779775
381	-3.046700263926126	53.340403167113486	-3.046700263926126	53.340403167113486	-73.91720422281804	73.91720422281804	258.3120158355674	86.10400527852255	53.340403167113486	53.340403167113486	-53.340403167113486	-106.68080633422697	53.340403167113486	53.340403167113486	53.340403167113486	73.91720422281787	-73.91720422281804	86.10400527852255	32.76360211140893	32.76360211140893	53.340403167113486	-106.68080633422697	-204.97161266845393	26.670201583556743	-106.68080633422697	106.68080633422697	-86.10400527852255	106.68080633422697	-98.290806334227	204.97161266845393	-26.670201583556743	-258.3120158355674	32.76360211140893	-53.340403167113486	8.39	86.10400527852248
382	-11.557998523229458	155.47598227875307	-11.557998523229458	155.47598227875307	-210.09797637167077	210.09797637167077	768.9899113937652	256.3299704645884	155.47598227875307	155.47598227875307	-155.47598227875307	-310.95196455750613	155.47598227875307	155.47598227875307	155.47598227875307	210.0979763716707	-210.09797637167077	256.3299704645884	100.85398818583536	100.85398818583536	155.47598227875307	-310.95196455750613	-613.5139291150124	77.73799113937653	-310.95196455750613	310.95196455750613	-256.3299704645884	310.95196455750613	-302.56196455750603	613.5139291150124	-77.73799113937653	-768.9899113937652	100.85398818583536	-155.47598227875307	8.39	256.3299704645883
383	-2.095449193037666	41.92539031645174	-2.095449193037666	41.92539031645174	-58.69718708860231	58.69718708860231	201.2369515822587	67.07898386075294	41.92539031645174	41.92539031645174	-41.92539031645174	-83.85078063290348	41.92539031645174	41.92539031645174	41.92539031645174	58.69718708860216	-58.69718708860231	67.07898386075294	25.153593544301167	25.153593544301167	41.92539031645174	-83.85078063290348	-159.31156126580697	20.96269515822587	-83.85078063290348	83.85078063290348	-67.07898386075294	83.85078063290348	-75.4607806329035	159.31156126580697	-20.96269515822587	-201.2369515822587	25.153593544301167	-41.92539031645174	8.39	67.07898386075286
384	-14.056082038939905	185.45298446727995	-14.056082038939905	185.45298446727995	-250.06731262303992	250.06731262303992	918.8749223363998	306.2916407787999	185.45298446727995	185.45298446727995	-185.45298446727995	-370.9059689345599	185.45298446727995	185.45298446727995	185.45298446727995	250.06731262303992	-250.06731262303992	306.2916407787999	120.83865631151997	120.83865631151997	185.45298446727995	-370.9059689345599	-733.4219378691198	92.72649223363997	-370.9059689345599	370.9059689345599	-306.2916407787999	370.9059689345599	-362.5159689345602	733.4219378691198	-92.72649223363997	-918.8749223363998	120.83865631151997	-185.45298446727995	8.39	306.2916407787999
385	-12.618283482601017	168.1994017912124	-12.618283482601017	168.1994017912124	-227.06253572161654	227.06253572161654	832.6070089560621	277.5356696520207	168.1994017912124	168.1994017912124	-168.1994017912124	-336.3988035824248	168.1994017912124	168.1994017912124	168.1994017912124	227.06253572161677	-227.06253572161654	277.5356696520207	109.33626786080828	109.33626786080828	168.1994017912124	-336.3988035824248	-664.4076071648495	84.0997008956062	-336.3988035824248	336.3988035824248	-277.5356696520207	336.3988035824248	-328.0088035824249	664.4076071648495	-84.0997008956062	-832.6070089560621	109.33626786080828	-168.1994017912124	8.39	277.53566965202066
386	-10.502794800307868	142.81353760369421	-10.502794800307868	142.81353760369421	-193.21471680492562	193.21471680492562	705.6776880184711	235.22589600615697	142.81353760369421	142.81353760369421	-142.81353760369421	-285.62707520738843	142.81353760369421	142.81353760369421	142.81353760369421	193.2147168049255	-193.21471680492562	235.22589600615697	92.41235840246281	92.41235840246281	142.81353760369421	-285.62707520738843	-562.864150414777	71.40676880184711	-285.62707520738843	285.62707520738843	-235.22589600615697	285.62707520738843	-277.23707520738844	562.864150414777	-71.40676880184711	-705.6776880184711	92.41235840246281	-142.81353760369421	8.39	235.2258960061571
387	-11.6637507693938	156.74500923272683	-11.6637507693938	156.74500923272683	-211.79001231030242	211.79001231030242	775.3350461636339	258.445015387878	156.7450092327268	156.74500923272683	-156.7450092327268	-313.49001846545366	156.7450092327268	156.74500923272683	156.7450092327268	211.79001231030247	-211.79001231030242	258.445015387878	101.70000615515124	101.70000615515124	156.7450092327268	-313.49001846545366	-618.5900369309072	78.37250461636341	-313.49001846545366	313.49001846545366	-258.445015387878	313.49001846545366	-305.10001846545373	618.5900369309072	-78.37250461636341	-775.3350461636339	101.70000615515124	-156.7450092327268	8.39	258.445015387878
388	-5.788153192967712	86.23783831561174	-5.788153192967712	86.23783831561174	-117.78045108748232	117.78045108748232	422.7991915780587	140.93306385935284	86.23783831561174	86.23783831561174	-86.23783831561174	-172.47567663122348	86.23783831561174	86.23783831561174	86.23783831561174	117.78045108748232	-117.78045108748232	140.93306385935284	54.69522554374116	54.69522554374116	86.23783831561174	-172.47567663122348	-336.5613532624469	43.11891915780587	-172.47567663122348	172.47567663122348	-140.93306385935284	172.47567663122348	-164.08567663122335	336.5613532624469	-43.11891915780587	-422.7991915780587	54.69522554374116	-86.23783831561174	8.39	140.93306385935296
389	-6.265151721552485	91.96182065863113	-6.265151721552485	91.96182065863113	-125.41242754484149	125.41242754484149	451.41910329315544	150.47303443105193	91.96182065863113	91.96182065863113	-91.96182065863113	-183.92364131726225	91.96182065863113	91.96182065863113	91.96182065863113	125.41242754484153	-125.41242754484149	150.47303443105193	58.51121377242076	58.51121377242076	91.96182065863113	-183.92364131726225	-359.4572826345245	45.98091032931556	-183.92364131726225	183.92364131726225	-150.47303443105193	183.92364131726225	-175.5336413172622	359.4572826345245	-45.98091032931556	-451.41910329315544	58.51121377242076	-91.96182065863113	8.39	150.47303443105193
390	-3.7859107892690744	62.210929471227665	-3.7859107892690744	62.210929471227665	-85.74457262830353	85.74457262830353	302.6646473561384	100.88821578537954	62.210929471227665	62.210929471227665	-62.210929471227665	-124.42185894245533	62.210929471227665	62.210929471227665	62.210929471227665	85.74457262830356	-85.74457262830353	100.88821578537954	38.67728631415181	38.67728631415181	62.210929471227665	-124.42185894245533	-240.45371788491067	31.105464735613833	-124.42185894245533	124.42185894245533	-100.88821578537954	124.42185894245533	-116.0318589424553	240.45371788491067	-31.105464735613833	-302.6646473561384	38.67728631415181	-62.210929471227665	8.39	100.88821578537937
391	-4.31288087942562	68.53457055310753	-4.31288087942562	68.53457055310753	-94.17609407081002	94.17609407081002	334.28285276553765	111.42761758851248	68.53457055310753	68.53457055310753	-68.53457055310753	-137.06914110621506	68.53457055310753	68.53457055310753	68.53457055310753	94.17609407081	-94.17609407081002	111.42761758851248	42.893047035405026	42.893047035405026	68.53457055310753	-137.06914110621506	-265.7482822124301	34.267285276553764	-137.06914110621506	137.06914110621506	-111.42761758851248	137.06914110621506	-128.6791411062151	265.7482822124301	-34.267285276553764	-334.28285276553765	42.893047035405026	-68.53457055310753	8.39	111.42761758851262
392	-5.524353317441211	83.07223980929183	-5.524353317441211	83.07223980929183	-113.55965307905578	113.55965307905578	406.97119904645956	135.65706634881977	83.07223980929184	83.07223980929183	-83.07223980929184	-166.14447961858366	83.07223980929184	83.07223980929183	83.07223980929184	113.55965307905603	-113.55965307905578	135.65706634881974	52.58482653952788	52.58482653952788	83.07223980929184	-166.14447961858366	-323.89895923716733	41.536119904645915	-166.14447961858366	166.14447961858366	-135.65706634881977	166.14447961858366	-157.7544796185836	323.89895923716733	-41.536119904645915	-406.97119904645956	52.58482653952788	-83.07223980929184	8.39	135.65706634881974
393	-8.805769946539272	122.44923935846998	-8.805769946539272	122.44923935846998	-166.06231914462666	166.06231914462666	603.85619679235	201.28539893078337	122.44923935847001	122.44923935846998	-122.44923935847001	-244.89847871694	122.44923935847001	122.44923935846998	122.44923935847001	166.06231914462649	-166.06231914462666	201.28539893078334	78.83615957231333	78.83615957231333	122.44923935847001	-244.89847871694	-481.40695743387994	61.22461967923499	-244.89847871694	244.89847871694	-201.28539893078337	244.89847871694	-236.5084787169399	481.40695743387994	-61.22461967923499	-603.85619679235	78.83615957231333	-122.44923935847001	8.39	201.28539893078332
394	-4.942866085299897	76.09439302359874	-4.942866085299897	76.09439302359874	-104.25585736479832	104.25585736479832	372.0819651179937	124.02732170599779	76.09439302359874	76.09439302359874	-76.09439302359874	-152.18878604719748	76.09439302359874	76.09439302359874	76.09439302359874	104.25585736479832	-104.25585736479832	124.02732170599779	47.932928682399165	47.932928682399165	76.09439302359874	-152.18878604719748	-295.987572094395	38.04719651179937	-152.18878604719748	152.18878604719748	-124.02732170599779	152.18878604719748	-143.79878604719715	295.987572094395	-38.04719651179937	-372.0819651179937	47.932928682399165	-76.09439302359874	8.39	124.02732170599785
395	-15.116897985535502	198.18277582642702	-15.116897985535502	198.18277582642702	-267.04036776856935	267.04036776856935	982.5238791321349	327.5079597107117	198.18277582642702	198.18277582642702	-198.18277582642702	-396.36555165285404	198.18277582642702	198.18277582642702	198.18277582642702	267.04036776856924	-267.04036776856935	327.5079597107117	129.32518388428468	129.32518388428468	198.18277582642702	-396.36555165285404	-784.3411033057081	99.09138791321351	-396.36555165285404	396.36555165285404	-327.5079597107117	396.36555165285404	-387.97555165285405	784.3411033057081	-99.09138791321351	-982.5238791321349	129.32518388428468	-198.18277582642702	8.39	327.5079597107117
396	-6.744062067887398	97.70874481464847	-6.744062067887398	97.70874481464847	-133.07499308619796	133.07499308619796	480.1537240732423	160.05124135774759	97.70874481464847	97.70874481464847	-97.70874481464847	-195.41748962929694	97.70874481464847	97.70874481464847	97.70874481464847	133.074993086198	-133.07499308619796	160.05124135774759	62.34249654309899	62.34249654309899	97.70874481464847	-195.41748962929694	-382.4449792585939	48.854372407324234	-195.41748962929694	195.41748962929694	-160.05124135774759	195.41748962929694	-187.0274896292969	382.4449792585939	-48.854372407324234	-480.1537240732423	62.34249654309899	-97.70874481464847	8.39	160.05124135774741
397	-6.902743578961194	99.61292294753397	-6.902743578961194	99.61292294753397	-135.61389726337865	135.61389726337865	489.67461473766986	163.2248715792233	99.61292294753397	99.61292294753397	-99.61292294753397	-199.22584589506795	99.61292294753397	99.61292294753397	99.61292294753397	135.61389726337848	-135.61389726337865	163.2248715792233	63.6119486316893	63.6119486316893	99.61292294753397	-199.22584589506795	-390.0616917901359	49.80646147376699	-199.22584589506795	199.22584589506795	-163.2248715792233	199.22584589506795	-190.8358458950678	390.0616917901359	-49.80646147376699	-489.67461473766986	63.6119486316893	-99.61292294753397	8.39	163.2248715792233
398	-14.267798248325168	187.99357897990126	-14.267798248325168	187.99357897990126	-253.45477197320167	253.45477197320167	931.5778948995064	310.525964966502	187.99357897990126	187.99357897990126	-187.99357897990126	-375.9871579598025	187.99357897990126	187.99357897990126	187.99357897990126	253.4547719732018	-253.45477197320167	310.525964966502	122.53238598660084	122.53238598660084	187.99357897990126	-375.9871579598025	-743.584315919605	93.99678948995063	-375.9871579598025	375.9871579598025	-310.525964966502	375.9871579598025	-367.5971579598023	743.584315919605	-93.99678948995063	-931.5778948995064	122.53238598660084	-187.99357897990126	8.39	310.5259649665022
399	-8.064865684746394	113.55838821695573	-8.064865684746394	113.55838821695573	-154.20785095594098	154.20785095594098	559.4019410847789	186.46731369492613	113.55838821695573	113.55838821695573	-113.55838821695573	-227.11677643391147	113.55838821695573	113.55838821695573	113.55838821695573	154.207850955941	-154.20785095594098	186.46731369492613	72.9089254779705	72.9089254779705	113.55838821695573	-227.11677643391147	-445.8435528678229	56.77919410847787	-227.11677643391147	227.11677643391147	-186.46731369492613	227.11677643391147	-218.72677643391103	445.8435528678229	-56.77919410847787	-559.4019410847789	72.9089254779705	-113.55838821695573	8.39	186.46731369492636
400	-10.07851381957596	137.72216583491286	-10.07851381957596	137.72216583491286	-186.42622111321714	186.42622111321714	680.2208291745643	226.74027639152132	137.72216583491286	137.72216583491286	-137.72216583491286	-275.4443316698257	137.72216583491286	137.72216583491286	137.72216583491286	186.42622111321714	-186.42622111321714	226.74027639152132	89.01811055660858	89.01811055660858	137.72216583491286	-275.4443316698257	-542.4986633396514	68.86108291745643	-275.4443316698257	275.4443316698257	-226.74027639152132	275.4443316698257	-267.05433166982573	542.4986633396514	-68.86108291745643	-680.2208291745643	89.01811055660858	-137.72216583491286	8.39	226.7402763915215
401	-7.061002923686104	101.5120350842313	-7.061002923686104	101.5120350842313	-138.14604677897506	138.14604677897506	499.1701754211565	166.3900584737189	101.5120350842313	101.5120350842313	-101.5120350842313	-203.0240701684626	101.5120350842313	101.5120350842313	101.5120350842313	138.146046778975	-138.14604677897506	166.3900584737189	64.87802338948752	64.87802338948752	101.5120350842313	-203.0240701684626	-397.65814033692516	50.75601754211565	-203.0240701684626	203.0240701684626	-166.3900584737189	203.0240701684626	-194.63407016846236	397.65814033692516	-50.75601754211565	-499.1701754211565	64.87802338948752	-101.5120350842313	8.39	166.3900584737188
402	-3.4693933658891396	58.41272039067002	-3.4693933658891396	58.41272039067002	-80.68029385422668	80.68029385422668	283.67360195335016	94.55786731778338	58.41272039067	58.41272039067002	-58.41272039067	-116.82544078134002	58.41272039067	58.41272039067002	58.41272039067	80.68029385422676	-80.68029385422668	94.55786731778335	36.14514692711336	36.14514692711336	58.41272039067	-116.82544078134002	-225.26088156268003	29.20636019533501	-116.82544078134002	116.82544078134002	-94.55786731778338	116.82544078134002	-108.43544078134016	225.26088156268003	-29.20636019533501	-283.67360195335016	36.14514692711336	-58.41272039067	8.39	94.55786731778335
403	-5.999763544671566	88.77716253605911	-5.999763544671566	88.77716253605911	-121.16621671474547	121.16621671474547	435.49581268029556	145.16527089343174	88.77716253605911	88.77716253605911	-88.77716253605911	-177.55432507211822	88.77716253605911	88.77716253605911	88.77716253605911	121.16621671474547	-121.16621671474547	145.16527089343174	56.388108357372744	56.388108357372744	88.77716253605911	-177.55432507211822	-346.71865014423645	44.388581268029554	-177.55432507211822	177.55432507211822	-145.16527089343174	177.55432507211822	-169.1643250721181	346.71865014423645	-44.388581268029554	-435.49581268029556	56.388108357372744	-88.77716253605911	8.39	145.16527089343197
404	-13.47110187170323	178.43322246043812	-13.47110187170323	178.43322246043812	-240.70762994725084	240.70762994725084	883.7761123021905	294.5920374340636	178.43322246043812	178.43322246043812	-178.43322246043812	-356.86644492087623	178.43322246043812	178.43322246043812	178.43322246043812	240.70762994725078	-240.70762994725084	294.5920374340636	116.1588149736254	116.1588149736254	178.43322246043812	-356.86644492087623	-705.3428898417526	89.21661123021906	-356.86644492087623	356.86644492087623	-294.5920374340636	356.86644492087623	-348.47644492087613	705.3428898417526	-89.21661123021906	-883.7761123021905	116.1588149736254	-178.43322246043812	8.39	294.5920374340635
405	-8.540381769658175	119.26458123589714	-8.540381769658175	119.26458123589714	-161.81610831452952	161.81610831452952	587.9329061794858	195.9776353931618	119.26458123589714	119.26458123589714	-119.26458123589714	-238.52916247179428	119.26458123589714	119.26458123589714	119.26458123589714	161.81610831452963	-161.81610831452952	195.9776353931618	76.71305415726476	76.71305415726476	119.26458123589714	-238.52916247179428	-468.6683249435886	59.63229061794857	-238.52916247179428	238.52916247179428	-195.9776353931618	238.52916247179428	-230.13916247179407	468.6683249435886	-59.63229061794857	-587.9329061794858	76.71305415726476	-119.26458123589714	8.39	195.97763539316202
406	-8.117794525376391	114.19353430451724	-8.117794525376391	114.19353430451724	-155.054712406023	155.054712406023	562.5776715225863	187.52589050752863	114.19353430451724	114.19353430451724	-114.19353430451724	-228.3870686090345	114.19353430451724	114.19353430451724	114.19353430451724	155.0547124060231	-155.054712406023	187.52589050752863	73.3323562030115	73.3323562030115	114.19353430451724	-228.3870686090345	-448.384137218069	57.09676715225862	-228.3870686090345	228.3870686090345	-187.52589050752863	228.3870686090345	-219.9970686090345	448.384137218069	-57.09676715225862	-562.5776715225863	73.3323562030115	-114.19353430451724	8.39	187.52589050752886
407	-7.958795863844333	112.28555036613056	-7.958795863844333	112.28555036613056	-152.51073382150742	152.51073382150742	553.037751830653	184.34591727688417	112.28555036613056	112.28555036613056	-112.28555036613056	-224.57110073226113	112.28555036613056	112.28555036613056	112.28555036613056	152.51073382150753	-152.51073382150742	184.34591727688417	72.06036691075371	72.06036691075371	112.28555036613056	-224.57110073226113	-440.7522014645223	56.14277518306528	-224.57110073226113	224.57110073226113	-184.34591727688417	224.57110073226113	-216.18110073226092	440.7522014645223	-56.14277518306528	-553.037751830653	72.06036691075371	-112.28555036613056	8.39	184.3459172768844
408	-5.41817763885774	81.79813166629287	-5.41817763885774	81.79813166629287	-111.86084222172383	111.86084222172383	400.6006583314645	133.53355277715468	81.79813166629287	81.79813166629287	-81.79813166629287	-163.59626333258575	81.79813166629287	81.79813166629287	81.79813166629287	111.86084222172394	-111.86084222172383	133.53355277715468	51.73542111086192	51.73542111086192	81.79813166629287	-163.59626333258575	-318.8025266651715	40.89906583314644	-163.59626333258575	163.59626333258575	-133.53355277715468	163.59626333258575	-155.20626333258576	318.8025266651715	-40.89906583314644	-400.6006583314645	51.73542111086192	-81.79813166629287	8.39	133.5335527771549
409	-2.9937714232960304	52.70525707955244	-2.9937714232960304	52.70525707955244	-73.07034277273658	73.07034277273658	255.13628539776232	85.04542846592062	52.70525707955244	52.70525707955244	-52.70525707955244	-105.41051415910488	52.70525707955244	52.70525707955244	52.70525707955244	73.0703427727367	-73.07034277273658	85.04542846592062	32.3401713863683	32.3401713863683	52.70525707955244	-105.41051415910488	-202.43102831820977	26.35262853977622	-105.41051415910488	105.41051415910488	-85.04542846592062	105.41051415910488	-97.02051415910489	202.43102831820977	-26.35262853977622	-255.13628539776232	32.3401713863683	-52.70525707955244	8.39	85.04542846592085
410	-5.577176300389797	83.70611560467682	-5.577176300389797	83.70611560467682	-114.40482080623576	114.40482080623576	410.14057802338425	136.7135260077946	83.70611560467682	83.70611560467682	-83.70611560467682	-167.41223120935365	83.70611560467682	83.70611560467682	83.70611560467682	114.40482080623588	-114.40482080623576	136.7135260077946	53.00741040311789	53.00741040311789	83.70611560467682	-167.41223120935365	-326.4344624187073	41.85305780233841	-167.41223120935365	167.41223120935365	-136.7135260077946	167.41223120935365	-159.02223120935344	326.4344624187073	-41.85305780233841	-410.14057802338425	53.00741040311789	-83.70611560467682	8.39	136.71352600779483
411	-11.084486563802898	149.7938387656348	-11.084486563802898	149.7938387656348	-202.5217850208464	202.5217850208464	740.5791938281739	246.85973127605791	149.7938387656348	149.7938387656348	-149.7938387656348	-299.5876775312696	149.7938387656348	149.7938387656348	149.7938387656348	202.52178502084638	-202.5217850208464	246.85973127605791	97.0658925104232	97.0658925104232	149.7938387656348	-299.5876775312696	-590.7853550625393	74.8969193828174	-299.5876775312696	299.5876775312696	-246.85973127605791	299.5876775312696	-291.1976775312694	590.7853550625393	-74.8969193828174	-740.5791938281739	97.0658925104232	-149.7938387656348	8.39	246.8597312760581
412	-15.381755175192644	201.36106210231196	-15.381755175192644	201.36106210231196	-271.2780828030826	271.2780828030826	998.4153105115599	332.80510350385316	201.36106210231196	201.36106210231196	-201.36106210231196	-402.7221242046239	201.36106210231196	201.36106210231196	201.36106210231196	271.2780828030827	-271.2780828030826	332.80510350385316	131.4440414015413	131.4440414015413	201.36106210231196	-402.7221242046239	-797.0542484092479	100.68053105115598	-402.7221242046239	402.7221242046239	-332.80510350385316	402.7221242046239	-394.3321242046238	797.0542484092479	-100.68053105115598	-998.4153105115599	131.4440414015413	-201.36106210231196	8.39	332.8051035038534
413	-2.6225251408755526	48.25030169050701	-2.6225251408755526	48.25030169050701	-67.13040225400934	67.13040225400934	232.86150845253508	77.62050281751169	48.25030169050701	48.25030169050701	-48.25030169050701	-96.50060338101402	48.25030169050701	48.25030169050701	48.25030169050701	67.13040225400937	-67.13040225400934	77.62050281751169	29.370201127004677	29.370201127004677	48.25030169050701	-96.50060338101402	-184.61120676202802	24.125150845253504	-96.50060338101402	96.50060338101402	-77.62050281751169	96.50060338101402	-88.11060338101402	184.61120676202802	-24.125150845253504	-232.86150845253508	29.370201127004677	-48.25030169050701	8.39	77.62050281751158
414	-10.820157398176198	146.62188877811369	-10.820157398176198	146.62188877811369	-198.29251837081824	198.29251837081824	724.7194438905685	241.57314796352284	146.62188877811369	146.62188877811369	-146.62188877811369	-293.24377755622737	146.62188877811369	146.62188877811369	146.62188877811369	198.29251837081824	-198.29251837081824	241.57314796352284	94.95125918540913	94.95125918540913	146.62188877811369	-293.24377755622737	-578.0975551124546	73.31094438905684	-293.24377755622737	293.24377755622737	-241.57314796352284	293.24377755622737	-284.85377755622744	578.0975551124546	-73.31094438905684	-724.7194438905685	94.95125918540913	-146.62188877811369	8.39	241.57314796352279
415	-10.714511009693007	145.35413211631408	-10.714511009693007	145.35413211631408	-196.60217615508543	196.60217615508543	718.3806605815705	239.46022019385669	145.35413211631408	145.35413211631408	-145.35413211631408	-290.70826423262815	145.35413211631408	145.35413211631408	145.35413211631408	196.60217615508554	-196.60217615508543	239.46022019385669	94.10608807754272	94.10608807754272	145.35413211631408	-290.70826423262815	-573.0265284652563	72.67706605815704	-290.70826423262815	290.70826423262815	-239.46022019385669	290.70826423262815	-282.31826423262794	573.0265284652563	-72.67706605815704	-718.3806605815705	94.10608807754272	-145.35413211631408	8.39	239.4602201938569
416	-9.652532313871435	132.6103877664575	-9.652532313871435	132.6103877664575	-179.61051702194334	179.61051702194334	654.6619388322877	218.22064627742907	132.6103877664575	132.6103877664575	-132.6103877664575	-265.220775532915	132.6103877664575	132.6103877664575	132.6103877664575	179.61051702194345	-179.61051702194334	218.22064627742907	85.61025851097168	85.61025851097168	132.6103877664575	-265.220775532915	-522.05155106583	66.30519388322875	-265.220775532915	265.220775532915	-218.22064627742907	265.220775532915	-256.830775532915	522.05155106583	-66.30519388322875	-654.6619388322877	85.61025851097168	-132.6103877664575	8.39	218.2206462774293
417	-9.01738029824307	124.98856357891714	-9.01738029824307	124.98856357891714	-169.4480847718895	169.4480847718895	616.5528178945858	205.5176059648618	124.98856357891714	124.98856357891714	-124.98856357891714	-249.97712715783427	124.98856357891714	124.98856357891714	124.98856357891714	169.44808477188963	-169.4480847718895	205.5176059648618	80.52904238594476	80.52904238594476	124.98856357891714	-249.97712715783427	-491.56425431566856	62.49428178945857	-249.97712715783427	249.97712715783427	-205.5176059648618	249.97712715783427	-241.5871271578343	491.56425431566856	-62.49428178945857	-616.5528178945858	80.52904238594476	-124.98856357891714	8.39	205.517605964862
418	-2.675242688728594	48.882912264742345	-2.675242688728594	48.882912264742345	-67.97388301965645	67.97388301965645	236.02456132371185	78.67485377457047	48.882912264742345	48.882912264742345	-48.882912264742345	-97.76582452948469	48.882912264742345	48.882912264742345	48.882912264742345	67.97388301965657	-67.97388301965645	78.67485377457047	29.791941509828234	29.791941509828234	48.882912264742345	-97.76582452948469	-187.1416490589694	24.441456132371172	-97.76582452948469	97.76582452948469	-78.67485377457047	97.76582452948469	-89.37582452948448	187.1416490589694	-24.441456132371172	-236.02456132371185	29.791941509828234	-48.882912264742345	8.39	78.67485377457069
419	-7.482958816722202	106.5755058006664	-7.482958816722202	106.5755058006664	-144.8973410675552	144.8973410675552	524.4875290033322	174.8291763344439	106.5755058006664	106.5755058006664	-106.5755058006664	-213.1510116013328	106.5755058006664	106.5755058006664	106.5755058006664	144.89734106755532	-144.8973410675552	174.8291763344439	68.25367053377761	68.25367053377761	106.5755058006664	-213.1510116013328	-417.91202320266564	53.2877529003332	-213.1510116013328	213.1510116013328	-174.8291763344439	213.1510116013328	-204.76101160133283	417.91202320266564	-53.2877529003332	-524.4875290033322	68.25367053377761	-106.5755058006664	8.39	174.82917633444413
420	-5.2057187251923045	79.24862470230823	-5.2057187251923045	79.24862470230823	-108.46149960307764	108.46149960307764	387.8531235115413	129.28437450384695	79.24862470230823	79.24862470230823	-79.24862470230823	-158.49724940461647	79.24862470230823	79.24862470230823	79.24862470230823	108.46149960307775	-108.46149960307764	129.28437450384695	50.03574980153883	50.03574980153883	79.24862470230823	-158.49724940461647	-308.60449880923295	39.62431235115412	-158.49724940461647	158.49724940461647	-129.28437450384695	158.49724940461647	-150.10724940461648	308.60449880923295	-39.62431235115412	-387.8531235115413	50.03574980153883	-79.24862470230823	8.39	129.28437450384718
421	-2.5695963002456654	47.615155602947425	-2.5695963002456654	47.615155602947425	-66.2835408039299	66.2835408039299	229.68577801473725	76.56192600491227	47.615155602947425	47.615155602947425	-47.615155602947425	-95.23031120589485	47.615155602947425	47.615155602947425	47.615155602947425	66.28354080393001	-66.2835408039299	76.56192600491227	28.946770401964955	28.946770401964955	47.615155602947425	-95.23031120589485	-182.0706224117897	23.807577801473712	-95.23031120589485	95.23031120589485	-76.56192600491227	95.23031120589485	-86.84031120589486	182.0706224117897	-23.807577801473712	-229.68577801473725	28.946770401964955	-47.615155602947425	8.39	76.5619260049125
422	-9.281919913162767	128.1630389579518	-9.281919913162767	128.1630389579518	-173.6807186106024	173.6807186106024	632.4251947897592	210.80839826325303	128.1630389579518	128.1630389579518	-128.1630389579518	-256.3260779159036	128.1630389579518	128.1630389579518	128.1630389579518	173.68071861060253	-173.6807186106024	210.80839826325303	82.64535930530121	82.64535930530121	128.1630389579518	-256.3260779159036	-504.26215583180726	64.0815194789759	-256.3260779159036	256.3260779159036	-210.80839826325303	256.3260779159036	-247.93607791590355	504.26215583180726	-64.0815194789759	-632.4251947897592	82.64535930530121	-128.1630389579518	8.39	210.80839826325303
423	-12.512319519380418	166.92783423256415	-12.512319519380418	166.92783423256415	-225.36711231008553	225.36711231008553	826.2491711628209	275.41639038760695	166.92783423256415	166.92783423256415	-166.92783423256415	-333.8556684651283	166.92783423256415	166.92783423256415	166.92783423256415	225.36711231008553	-225.36711231008553	275.41639038760695	108.48855615504277	108.48855615504277	166.92783423256415	-333.8556684651283	-659.3213369302565	83.46391711628208	-333.8556684651283	333.8556684651283	-275.41639038760695	333.8556684651283	-325.4656684651284	659.3213369302565	-83.46391711628208	-826.2491711628209	108.48855615504277	-166.92783423256415	8.39	275.4163903876069
424	-8.593205175192509	119.89846210231052	-8.593205175192509	119.89846210231052	-162.6612828030807	162.6612828030807	591.1023105115526	197.03410350385082	119.89846210231052	119.89846210231052	-119.89846210231052	-239.79692420462104	119.89846210231052	119.89846210231052	119.89846210231052	162.66128280308067	-162.6612828030807	197.03410350385082	77.13564140154035	77.13564140154035	119.89846210231052	-239.79692420462104	-471.203848409242	59.94923105115526	-239.79692420462104	239.79692420462104	-197.03410350385082	239.79692420462104	-231.40692420462088	471.203848409242	-59.94923105115526	-591.1023105115526	77.13564140154035	-119.89846210231052	8.39	197.03410350385087
425	-11.242428758069366	151.6891450968327	-11.242428758069366	151.6891450968327	-205.04886012911027	205.04886012911027	750.0557254841634	250.01857516138784	151.6891450968327	151.6891450968327	-151.6891450968327	-303.3782901936654	151.6891450968327	151.6891450968327	151.6891450968327	205.04886012911015	-205.04886012911027	250.01857516138784	98.32943006455514	98.32943006455514	151.6891450968327	-303.3782901936654	-598.3665803873308	75.84457254841635	-303.3782901936654	303.3782901936654	-250.01857516138784	303.3782901936654	-294.98829019366525	598.3665803873308	-75.84457254841635	-750.0557254841634	98.32943006455514	-151.6891450968327	8.39	250.01857516138784
426	-5.84087074082077	86.87044888984776	-5.84087074082077	86.87044888984776	-118.62393185313039	118.62393185313039	425.9622444492388	141.98741481641298	86.87044888984776	86.87044888984776	-86.87044888984776	-173.74089777969553	86.87044888984776	86.87044888984776	86.87044888984776	118.62393185313033	-118.62393185313039	141.98741481641298	55.11696592656514	55.11696592656514	86.87044888984776	-173.74089777969553	-339.091795559391	43.43522444492388	-173.74089777969553	173.74089777969553	-141.98741481641298	173.74089777969553	-165.3508977796954	339.091795559391	-43.43522444492388	-425.9622444492388	55.11696592656514	-86.87044888984776	8.39	141.98741481641295
427	-8.328981867247158	116.7277824069663	-8.328981867247158	116.7277824069663	-158.43370987595506	158.43370987595506	575.2489120348316	191.74963734494372	116.7277824069663	116.7277824069663	-116.7277824069663	-233.4555648139326	116.7277824069663	116.7277824069663	116.7277824069663	158.43370987595517	-158.43370987595506	191.74963734494372	75.02185493797754	75.02185493797754	116.7277824069663	-233.4555648139326	-458.5211296278652	58.36389120348315	-233.4555648139326	233.4555648139326	-191.74963734494372	233.4555648139326	-225.0655648139326	458.5211296278652	-58.36389120348315	-575.2489120348316	75.02185493797754	-116.7277824069663	8.39	191.74963734494395
428	-8.1707233660064	114.82868039207744	-8.1707233660064	114.82868039207744	-155.90157385610325	155.90157385610325	565.7534019603874	188.58446732012914	114.82868039207744	114.82868039207744	-114.82868039207744	-229.6573607841549	114.82868039207744	114.82868039207744	114.82868039207744	155.90157385610337	-155.90157385610325	188.58446732012908	73.75578692805163	73.75578692805163	114.82868039207744	-229.6573607841549	-450.9247215683098	57.41434019603872	-229.6573607841549	229.6573607841549	-188.58446732012914	229.6573607841549	-221.26736078415513	450.9247215683098	-57.41434019603872	-565.7534019603874	73.75578692805163	-114.82868039207744	8.39	188.58446732012908
429	-8.276369754489716	116.0964370538753	-8.276369754489716	116.0964370538753	-157.59191607183374	157.59191607183374	572.0921852693766	190.69739508979217	116.0964370538753	116.0964370538753	-116.0964370538753	-232.1928741077506	116.0964370538753	116.0964370538753	116.0964370538753	157.5919160718338	-157.59191607183374	190.69739508979217	74.60095803591688	74.60095803591688	116.0964370538753	-232.1928741077506	-455.9957482155012	58.04821852693765	-232.1928741077506	232.1928741077506	-190.69739508979217	232.1928741077506	-223.80287410775043	455.9957482155012	-58.04821852693765	-572.0921852693766	74.60095803591688	-116.0964370538753	8.39	190.6973950897922
430	-5.630105141019811	84.34126169223839	-5.630105141019811	84.34126169223839	-115.25168225631785	115.25168225631785	413.3163084611921	137.77210282039738	84.34126169223839	84.34126169223839	-84.34126169223839	-168.68252338447678	84.34126169223839	84.34126169223839	84.34126169223839	115.25168225631796	-115.25168225631785	137.77210282039732	53.43084112815893	53.43084112815893	84.34126169223839	-168.68252338447678	-328.9750467689536	42.170630846119195	-168.68252338447678	168.68252338447678	-137.77210282039738	168.68252338447678	-160.29252338447702	328.9750467689536	-42.170630846119195	-413.3163084611921	53.43084112815893	-84.34126169223839	8.39	137.77210282039732
431	-10.767439850323314	145.9892782038772	-10.767439850323314	145.9892782038772	-197.4490376051696	197.4490376051696	721.5563910193861	240.51879700646202	145.9892782038772	145.9892782038772	-145.9892782038772	-291.9785564077544	145.9892782038772	145.9892782038772	145.9892782038772	197.4490376051696	-197.4490376051696	240.51879700646202	94.52951880258482	94.52951880258482	145.9892782038772	-291.9785564077544	-575.5671128155088	72.9946391019386	-291.9785564077544	291.9785564077544	-240.51879700646202	291.9785564077544	-283.5885564077538	575.5671128155088	-72.9946391019386	-721.5563910193861	94.52951880258482	-145.9892782038772	8.39	240.51879700646194
432	-14.4263734774385	189.89648172926013	-14.4263734774385	189.89648172926013	-255.9919756390135	255.9919756390135	941.0924086463008	313.6974695487668	189.89648172926013	189.89648172926013	-189.89648172926013	-379.79296345852026	189.89648172926013	189.89648172926013	189.89648172926013	255.99197563901362	-255.9919756390135	313.6974695487668	123.80098781950676	123.80098781950676	189.89648172926013	-379.79296345852026	-751.1959269170405	94.94824086463007	-379.79296345852026	379.79296345852026	-313.6974695487668	379.79296345852026	-371.40296345852016	751.1959269170405	-94.94824086463007	-941.0924086463008	123.80098781950676	-189.89648172926013	8.39	313.697469548767
433	-7.113825906634763	102.1459108796164	-7.113825906634763	102.1459108796164	-138.9912145061552	138.9912145061552	502.3395543980821	167.44651813269388	102.1459108796164	102.1459108796164	-102.1459108796164	-204.2918217592328	102.1459108796164	102.1459108796164	102.1459108796164	138.9912145061553	-138.9912145061552	167.44651813269388	65.3006072530776	65.3006072530776	102.1459108796164	-204.2918217592328	-400.1936435184656	51.0729554398082	-204.2918217592328	204.2918217592328	-167.44651813269388	204.2918217592328	-195.90182175923258	400.1936435184656	-51.0729554398082	-502.3395543980821	65.3006072530776	-102.1459108796164	8.39	167.4465181326941
434	-9.440178835301879	130.06214602362138	-9.440178835301879	130.06214602362138	-176.21286136482848	176.21286136482848	641.9207301181069	213.9735767060356	130.06214602362138	130.06214602362138	-130.06214602362138	-260.12429204724276	130.06214602362138	130.06214602362138	130.06214602362138	176.21286136482854	-176.21286136482848	213.9735767060356	83.91143068241422	83.91143068241422	130.06214602362138	-260.12429204724276	-511.85858409448554	65.03107301181069	-260.12429204724276	260.12429204724276	-213.9735767060356	260.12429204724276	-251.7342920472427	511.85858409448554	-65.03107301181069	-641.9207301181069	83.91143068241422	-130.06214602362138	8.39	213.97357670603577
435	-2.254342419474085	43.83210903368769	-2.254342419474085	43.83210903368769	-61.23947871158367	61.23947871158367	210.7705451684384	70.25684838947961	43.83210903368769	43.83210903368769	-43.83210903368769	-87.66421806737539	43.83210903368769	43.83210903368769	43.83210903368769	61.239478711583615	-61.23947871158367	70.25684838947961	26.424739355791715	26.424739355791715	43.83210903368769	-87.66421806737539	-166.93843613475076	21.916054516843847	-87.66421806737539	87.66421806737539	-70.25684838947961	87.66421806737539	-79.27421806737516	166.93843613475076	-21.916054516843847	-210.7705451684384	26.424739355791715	-43.83210903368769	8.39	70.2568483894795
436	-4.365598427278599	69.1671811273452	-4.365598427278599	69.1671811273452	-95.01957483646027	95.01957483646027	337.445905636726	112.48196854557523	69.1671811273452	69.1671811273452	-69.1671811273452	-138.3343622546904	69.1671811273452	69.1671811273452	69.1671811273452	95.01957483646027	-95.01957483646027	112.48196854557523	43.31478741823014	43.31478741823014	69.1671811273452	-138.3343622546904	-268.2787245093808	34.5835905636726	-138.3343622546904	138.3343622546904	-112.48196854557523	138.3343622546904	-129.94436225469053	268.2787245093808	-34.5835905636726	-337.445905636726	43.31478741823014	-69.1671811273452	8.39	112.48196854557521
437	-10.979050624612546	148.52860749535003	-10.979050624612546	148.52860749535003	-200.83480999380004	200.83480999380004	734.2530374767503	244.75101249225008	148.52860749535003	148.52860749535003	-148.52860749535003	-297.05721499070006	148.52860749535003	148.52860749535003	148.52860749535003	200.83480999380004	-200.83480999380004	244.75101249225008	96.22240499690002	96.22240499690002	148.52860749535003	-297.05721499070006	-585.7244299814	74.26430374767502	-297.05721499070006	297.05721499070006	-244.75101249225008	297.05721499070006	-288.66721499070013	585.7244299814	-74.26430374767502	-734.2530374767503	96.22240499690002	-148.52860749535003	8.39	244.75101249225003
438	-4.837536003790778	74.83043204548926	-4.837536003790778	74.83043204548926	-102.57057606065234	102.57057606065234	365.76216022744643	121.92072007581532	74.83043204548926	74.83043204548926	-74.83043204548926	-149.66086409097852	74.83043204548926	74.83043204548926	74.83043204548926	102.57057606065246	-102.57057606065234	121.92072007581532	47.09028803032618	47.09028803032618	74.83043204548926	-149.66086409097852	-290.93172818195706	37.41521602274463	-149.66086409097852	149.66086409097852	-121.92072007581532	149.66086409097852	-141.27086409097853	290.93172818195706	-37.41521602274463	-365.76216022744643	47.09028803032618	-74.83043204548926	8.39	121.92072007581555
439	-11.452457992427483	154.20949590913028	-11.452457992427483	154.20949590913028	-208.40932787884037	208.40932787884037	762.6574795456515	254.21915984855036	154.20949590913028	154.20949590913028	-154.20949590913028	-308.41899181826057	154.20949590913028	154.20949590913028	154.20949590913028	208.4093278788405	-208.40932787884037	254.21915984855036	100.0096639394202	100.0096639394202	154.20949590913028	-308.41899181826057	-608.4479836365211	77.10474795456514	-308.41899181826057	308.41899181826057	-254.21915984855036	308.41899181826057	-300.0289918182606	608.4479836365211	-77.10474795456514	-762.6574795456515	100.0096639394202	-154.20949590913028	8.39	254.2191598485506
440	-14.32072708895518	188.62872506746282	-14.32072708895518	188.62872506746282	-254.30163342328376	254.30163342328376	934.7536253373142	311.58454177910465	188.62872506746282	188.62872506746282	-188.62872506746282	-377.25745013492565	188.62872506746282	188.62872506746282	188.62872506746282	254.30163342328387	-254.30163342328376	311.5845417791047	122.95581671164189	122.95581671164189	188.62872506746282	-377.25745013492565	-746.1249002698513	94.31436253373141	-377.25745013492565	377.25745013492565	-311.58454177910465	377.25745013492565	-368.86745013492583	746.1249002698513	-94.31436253373141	-934.7536253373142	122.95581671164189	-188.62872506746282	8.39	311.5845417791047
441	-11.137309546751707	150.42771456101937	-11.137309546751707	150.42771456101937	-203.36695274802582	203.36695274802582	743.748572805097	247.91619093503232	150.42771456101937	150.42771456101937	-150.42771456101937	-300.85542912203874	150.42771456101937	150.42771456101937	150.42771456101937	203.36695274802582	-203.36695274802582	247.91619093503232	97.48847637401292	97.48847637401292	150.42771456101937	-300.85542912203874	-593.3208582440774	75.21385728050969	-300.85542912203874	300.85542912203874	-247.91619093503232	300.85542912203874	-292.4654291220388	593.3208582440774	-75.21385728050969	-743.748572805097	97.48847637401292	-150.42771456101937	8.39	247.91619093503226
442	-3.733087383734528	61.57704860481499	-3.733087383734528	61.57704860481499	-84.89939813975332	84.89939813975332	299.49524302407497	99.83174767469154	61.57704860481499	61.57704860481499	-61.57704860481499	-123.15409720962998	61.57704860481499	61.57704860481499	61.57704860481499	84.89939813975332	-84.89939813975332	99.83174767469154	38.254699069876665	38.254699069876665	61.57704860481499	-123.15409720962998	-237.91819441925998	30.788524302407495	-123.15409720962998	123.15409720962998	-99.83174767469154	123.15409720962998	-114.76409720963011	237.91819441925998	-30.788524302407495	-299.49524302407497	38.254699069876665	-61.57704860481499	8.39	99.8317476746917
443	-15.275790789386491	200.08948947263693	-15.275790789386491	200.08948947263693	-269.58265263018257	269.58265263018257	992.0574473631847	330.6858157877282	200.08948947263693	200.08948947263693	-200.08948947263693	-400.17897894527385	200.08948947263693	200.08948947263693	200.08948947263693	269.58265263018257	-269.58265263018257	330.6858157877282	130.5963263150913	130.5963263150913	200.08948947263693	-400.17897894527385	-791.9679578905477	100.04474473631846	-400.17897894527385	400.17897894527385	-330.6858157877282	400.17897894527385	-391.7889789452738	791.9679578905477	-100.04474473631846	-992.0574473631847	130.5963263150913	-200.08948947263693	8.39	330.68581578772825
444	-3.152346652409335	54.608159828911866	-3.152346652409335	54.608159828911866	-75.60754643854915	75.60754643854915	264.6507991445593	88.21693304818655	54.608159828911866	54.608159828911866	-54.608159828911866	-109.21631965782373	54.608159828911866	54.608159828911866	54.608159828911866	75.60754643854915	-75.60754643854915	88.21693304818655	33.60877321927458	33.60877321927458	54.608159828911866	-109.21631965782373	-210.04263931564748	27.304079914455933	-109.21631965782373	109.21631965782373	-88.21693304818655	109.21631965782373	-100.82631965782377	210.04263931564748	-27.304079914455933	-264.6507991445593	33.60877321927458	-54.608159828911866	8.39	88.21693304818638
445	-6.052692385301839	89.41230862361999	-6.052692385301839	89.41230862361999	-122.01307816482665	122.01307816482665	438.6715431181	146.2238477060332	89.41230862361999	89.41230862361999	-89.41230862361999	-178.82461724723998	89.41230862361999	89.41230862361999	89.41230862361999	122.01307816482665	-122.01307816482665	146.2238477060332	56.81153908241333	56.81153908241333	89.41230862361999	-178.82461724723998	-349.25923449448	44.706154311809996	-178.82461724723998	178.82461724723998	-146.2238477060332	178.82461724723998	-170.43461724723966	349.25923449448	-44.706154311809996	-438.6715431181	56.81153908241333	-89.41230862361999	8.39	146.2238477060333
446	-11.980797060288381	160.54956472345776	-11.980797060288381	160.54956472345776	-216.86275296461037	216.86275296461037	794.3578236172889	264.78594120576304	160.54956472345776	160.54956472345776	-160.54956472345776	-321.0991294469155	160.54956472345776	160.54956472345776	160.54956472345776	216.8627529646103	-216.86275296461037	264.78594120576304	104.23637648230519	104.23637648230519	160.54956472345776	-321.0991294469155	-633.8082588938312	80.27478236172888	-321.0991294469155	321.0991294469155	-264.78594120576304	321.0991294469155	-312.7091294469152	633.8082588938312	-80.27478236172888	-794.3578236172889	104.23637648230519	-160.54956472345776	8.39	264.78594120576287
447	-3.0996291045563353	53.97554925467426	-3.0996291045563353	53.97554925467426	-74.76406567289902	74.76406567289902	261.4877462733713	87.16258209112385	53.97554925467428	53.97554925467426	-53.97554925467428	-107.95109850934854	53.97554925467428	53.97554925467426	53.97554925467428	74.76406567289894	-74.76406567289902	87.1625820911238	33.18703283644952	33.18703283644952	53.97554925467428	-107.95109850934854	-207.51219701869707	26.98777462733713	-107.95109850934854	107.95109850934854	-87.16258209112385	107.95109850934854	-99.5610985093482	207.51219701869707	-26.98777462733713	-261.4877462733713	33.18703283644952	-53.97554925467428	8.39	87.16258209112378
448	-7.693513544644588	109.10216253573479	-7.693513544644588	109.10216253573479	-148.26621671431303	148.26621671431303	537.1208126786739	179.04027089289139	109.10216253573479	109.10216253573479	-109.10216253573479	-218.20432507146958	109.10216253573479	109.10216253573479	109.10216253573479	148.26621671431303	-148.26621671431303	179.04027089289139	69.93810835715655	69.93810835715655	109.10216253573479	-218.20432507146958	-428.0186501429391	54.551081267867396	-218.20432507146958	218.20432507146958	-179.04027089289139	218.20432507146958	-209.8143250714695	428.0186501429391	-54.551081267867396	-537.1208126786739	69.93810835715655	-109.10216253573479	8.39	179.04027089289127
449	-2.042731645184631	41.29277974221418	-2.042731645184631	41.29277974221418	-57.853706322952235	57.853706322952235	198.0738987110709	66.0246329036903	41.29277974221418	41.29277974221418	-41.29277974221418	-82.58555948442836	41.29277974221418	41.29277974221418	41.29277974221418	57.853706322952235	-57.853706322952235	66.0246329036903	24.731853161476124	24.731853161476124	41.29277974221418	-82.58555948442836	-156.78111896885673	20.64638987110709	-82.58555948442836	82.58555948442836	-66.0246329036903	82.58555948442836	-74.1955594844283	156.78111896885673	-20.64638987110709	-198.0738987110709	24.731853161476124	-41.29277974221418	8.39	66.0246329036903
450	-2.4644770889279357	46.35372506713344	-2.4644770889279357	46.35372506713344	-64.60163342284457	64.60163342284457	223.37862533566715	74.45954177855576	46.353725067133425	46.35372506713344	-46.353725067133425	-92.70745013426686	46.353725067133425	46.35372506713344	46.353725067133425	64.60163342284454	-64.60163342284457	74.45954177855572	28.105816711422307	28.105816711422307	46.353725067133425	-92.70745013426686	-177.0249002685337	23.17686253356672	-92.70745013426686	92.70745013426686	-74.45954177855576	92.70745013426686	-84.31745013426664	177.0249002685337	-23.17686253356672	-223.37862533566715	28.105816711422307	-46.353725067133425	8.39	74.45954177855572
451	-9.12313254440727	126.25759053289033	-9.12313254440727	126.25759053289033	-171.14012071052045	171.14012071052045	622.8979526644517	207.63265088815047	126.25759053289033	126.25759053289033	-126.25759053289033	-252.51518106578067	126.25759053289033	126.25759053289033	126.25759053289033	171.14012071052048	-171.14012071052045	207.63265088815047	81.37506035526023	81.37506035526023	126.25759053289033	-252.51518106578067	-496.6403621315613	63.12879526644517	-252.51518106578067	252.51518106578067	-207.63265088815047	252.51518106578067	-244.1251810657808	496.6403621315613	-63.12879526644517	-622.8979526644517	81.37506035526023	-126.25759053289033	8.39	207.63265088815064
452	-11.61082192876394	156.10986314516575	-11.61082192876394	156.10986314516575	-210.94315086022098	210.94315086022098	772.1593157258287	257.3864385752762	156.10986314516575	156.10986314516575	-156.10986314516575	-312.2197262903315	156.10986314516575	156.10986314516575	156.10986314516575	210.94315086022095	-210.94315086022098	257.3864385752762	101.2765754301105	101.2765754301105	156.10986314516575	-312.2197262903315	-616.0494525806629	78.05493157258287	-312.2197262903315	312.2197262903315	-257.3864385752762	312.2197262903315	-303.8297262903313	616.0494525806629	-78.05493157258287	-772.1593157258287	101.2765754301105	-156.10986314516575	8.39	257.38643857527626
453	-3.5222163488382137	59.046596186055936	-3.5222163488382137	59.046596186055936	-81.52546158140791	81.52546158140791	286.84298093027974	95.61432697675991	59.046596186055936	59.046596186055936	-59.046596186055936	-118.09319237211187	59.046596186055936	59.046596186055936	59.046596186055936	81.52546158140791	-81.52546158140791	95.61432697675991	36.56773079070396	36.56773079070396	59.046596186055936	-118.09319237211187	-227.79638474422376	29.523298093027968	-118.09319237211187	118.09319237211187	-95.61432697675991	118.09319237211187	-109.70319237211152	227.79638474422376	-29.523298093027968	-286.84298093027974	36.56773079070396	-59.046596186055936	8.39	95.61432697675986
454	-8.911521770118156	123.71826124141714	-8.911521770118156	123.71826124141714	-167.75434832188952	167.75434832188952	610.2013062070858	203.40043540236195	123.71826124141714	123.71826124141714	-123.71826124141714	-247.43652248283428	123.71826124141714	123.71826124141714	123.71826124141714	167.7543483218895	-167.75434832188952	203.40043540236195	79.68217416094475	79.68217416094475	123.71826124141714	-247.43652248283428	-486.48304496566857	61.85913062070857	-247.43652248283428	247.43652248283428	-203.40043540236195	247.43652248283428	-239.04652248283446	486.48304496566857	-61.85913062070857	-610.2013062070858	79.68217416094475	-123.71826124141714	8.39	203.4004354023618
455	-14.479091025291524	190.52909230349871	-14.479091025291524	190.52909230349871	-256.83545640466497	256.83545640466497	944.2554615174936	314.7518205058311	190.52909230349871	190.52909230349871	-190.52909230349871	-381.05818460699743	190.52909230349871	190.52909230349871	190.52909230349871	256.8354564046649	-256.83545640466497	314.7518205058311	124.22272820233246	124.22272820233246	190.52909230349871	-381.05818460699743	-753.7263692139949	95.26454615174936	-381.05818460699743	381.05818460699743	-314.7518205058311	381.05818460699743	-372.66818460699756	753.7263692139949	-95.26454615174936	-944.2554615174936	124.22272820233246	-190.52909230349871	8.39	314.7518205058313
456	-6.796885050836175	98.34262061003415	-6.796885050836175	98.34262061003415	-133.92016081337886	133.92016081337886	483.32310305017086	161.10770101672347	98.34262061003415	98.34262061003415	-98.34262061003415	-196.6852412200683	98.34262061003415	98.34262061003415	98.34262061003415	133.92016081337897	-133.92016081337886	161.10770101672347	62.765080406689435	62.765080406689435	98.34262061003415	-196.6852412200683	-384.9804824401366	49.17131030501707	-196.6852412200683	196.6852412200683	-161.10770101672347	196.6852412200683	-188.2952412200682	384.9804824401366	-49.17131030501707	-483.32310305017086	62.765080406689435	-98.34262061003415	8.39	161.1077010167237
457	-4.995794925930227	76.72953911115974	-4.995794925930227	76.72953911115974	-105.10271881487965	105.10271881487965	375.2576955557987	125.0858985185996	76.72953911115974	76.72953911115974	-76.72953911115974	-153.45907822231948	76.72953911115974	76.72953911115974	76.72953911115974	105.10271881487964	-105.10271881487965	125.0858985185996	48.356359407439825	48.356359407439825	76.72953911115974	-153.45907822231948	-298.52815644463897	38.36476955557987	-153.45907822231948	153.45907822231948	-125.0858985185996	153.45907822231948	-145.06907822231915	298.52815644463897	-38.36476955557987	-375.2576955557987	48.356359407439825	-76.72953911115974	8.39	125.08589851859954
458	-11.875150671804846	159.28180806165926	-11.875150671804846	159.28180806165926	-215.17241074887903	215.17241074887903	788.0190403082962	262.6730134360988	159.2818080616593	159.28180806165926	-159.2818080616593	-318.5636161233185	159.2818080616593	159.28180806165926	159.2818080616593	215.17241074887886	-215.17241074887903	262.6730134360988	103.3912053744395	103.3912053744395	159.2818080616593	-318.5636161233185	-628.7372322466371	79.64090403082963	-318.5636161233185	318.5636161233185	-262.6730134360988	318.5636161233185	-310.17361612331837	628.7372322466371	-79.64090403082963	-788.0190403082962	103.3912053744395	-159.2818080616593	8.39	262.6730134360988
459	-7.640690561695749	108.46828674034896	-7.640690561695749	108.46828674034896	-147.42104898713194	147.42104898713194	533.9514337017448	177.98381123391482	108.46828674034896	108.46828674034896	-108.46828674034896	-216.93657348069792	108.46828674034896	108.46828674034896	108.46828674034896	147.42104898713194	-147.42104898713194	177.98381123391482	69.51552449356598	69.51552449356598	108.46828674034896	-216.93657348069792	-425.48314696139585	54.23414337017448	-216.93657348069792	216.93657348069792	-177.98381123391482	216.93657348069792	-208.54657348069784	425.48314696139585	-54.23414337017448	-533.9514337017448	69.51552449356598	-108.46828674034896	8.39	177.98381123391505
460	-7.325436680924244	104.68524017108972	-7.325436680924244	104.68524017108972	-142.37698689478628	142.37698689478628	515.0362008554487	171.67873361848285	104.68524017108972	104.68524017108972	-104.68524017108972	-209.37048034217943	104.68524017108972	104.68524017108972	104.68524017108972	142.37698689478634	-142.37698689478628	171.67873361848285	66.99349344739315	66.99349344739315	104.68524017108972	-209.37048034217943	-410.3509606843588	52.34262008554486	-209.37048034217943	209.37048034217943	-171.67873361848285	209.37048034217943	-200.98048034217925	410.3509606843588	-52.34262008554486	-515.0362008554487	66.99349344739315	-104.68524017108972	8.39	171.67873361848288
461	-4.680013867992959	72.94016641591611	-4.680013867992959	72.94016641591611	-100.05022188788814	100.05022188788814	356.3108320795807	118.77027735986007	72.94016641591611	72.94016641591611	-72.94016641591611	-145.88033283183222	72.94016641591611	72.94016641591611	72.94016641591611	100.05022188788826	-100.05022188788814	118.77027735986007	45.83011094394408	45.83011094394408	72.94016641591611	-145.88033283183222	-283.37066566366445	36.470083207958055	-145.88033283183222	145.88033283183222	-118.77027735986007	145.88033283183222	-137.49033283183223	283.37066566366445	-36.470083207958055	-356.3108320795807	45.83011094394408	-72.94016641591611	8.39	118.7702773598603
462	-3.627335560155683	60.30802672186769	-3.627335560155683	60.30802672186769	-83.20736896249025	83.20736896249025	293.1501336093386	97.71671120311271	60.30802672186769	60.30802672186769	-60.30802672186769	-120.61605344373538	60.30802672186769	60.30802672186769	60.30802672186769	83.20736896249036	-83.20736896249025	97.71671120311271	37.40868448124513	37.40868448124513	60.30802672186769	-120.61605344373538	-232.84210688747078	30.154013360933845	-120.61605344373538	120.61605344373538	-97.71671120311271	120.61605344373538	-112.2260534437354	232.84210688747078	-30.154013360933845	-293.1501336093386	37.40868448124513	-60.30802672186769	8.39	97.71671120311294
463	-3.9446981580240585	64.11637789628844	-3.9446981580240585	64.11637789628844	-88.28517052838458	88.28517052838458	312.19188948144233	104.06396316048063	64.11637789628844	64.11637789628844	-64.11637789628844	-128.23275579257688	64.11637789628844	64.11637789628844	64.11637789628844	88.2851705283847	-88.28517052838458	104.06396316048063	39.9475852641923	39.9475852641923	64.11637789628844	-128.23275579257688	-248.07551158515378	32.05818894814422	-128.23275579257688	128.23275579257688	-104.06396316048063	128.23275579257688	-119.8427557925769	248.07551158515378	-32.05818894814422	-312.19188948144233	39.9475852641923	-64.11637789628844	8.39	104.06396316048085
464	-3.310394704357102	56.50473645228544	-3.310394704357102	56.50473645228544	-78.13631526971392	78.13631526971392	274.13368226142734	91.3778940871423	56.50473645228544	56.50473645228544	-56.50473645228544	-113.00947290457088	56.50473645228544	56.50473645228544	56.50473645228544	78.13631526971403	-78.13631526971392	91.3778940871423	34.873157634856966	34.873157634856966	56.50473645228544	-113.00947290457088	-217.62894580914178	28.25236822614272	-113.00947290457088	113.00947290457088	-91.3778940871423	113.00947290457088	-104.6194729045709	217.62894580914178	-28.25236822614272	-274.13368226142734	34.873157634856966	-56.50473645228544	8.39	91.37789408714252
465	-14.108905444474352	186.0868653336904	-14.108905444474352	186.0868653336904	-250.9124871115872	250.9124871115872	922.0443266684522	307.3481088894839	186.0868653336904	186.0868653336904	-186.0868653336904	-372.1737306673808	186.0868653336904	186.0868653336904	186.0868653336904	250.91248711158732	-250.9124871115872	307.3481088894839	121.26124355579361	121.26124355579361	186.0868653336904	-372.1737306673808	-735.9574613347617	93.0434326668452	-372.1737306673808	372.1737306673808	-307.3481088894839	372.1737306673808	-363.7837306673806	735.9574613347617	-93.0434326668452	-922.0443266684522	121.26124355579361	-186.0868653336904	8.39	307.34810888948414
466	-7.008074083055868	100.87688899666978	-7.008074083055868	100.87688899666978	-137.29918532889303	137.29918532889303	495.994444983349	165.3314816611162	100.87688899666978	100.87688899666978	-100.87688899666978	-201.75377799333955	100.87688899666978	100.87688899666978	100.87688899666978	137.29918532889315	-137.29918532889303	165.3314816611162	64.45459266444652	64.45459266444652	100.87688899666978	-201.75377799333955	-395.1175559866791	50.43844449833489	-201.75377799333955	201.75377799333955	-165.3314816611162	201.75377799333955	-193.36377799333957	395.1175559866791	-50.43844449833489	-495.994444983349	64.45459266444652	-100.87688899666978	8.39	165.3314816611164
467	-5.7352243523375845	85.60269222805096	-5.7352243523375845	85.60269222805096	-116.93358963740127	116.93358963740127	419.6234611402549	139.87448704675148	85.60269222805096	85.60269222805096	-85.60269222805096	-171.2053844561019	85.60269222805096	85.60269222805096	85.60269222805096	116.93358963740138	-116.93358963740127	139.87448704675148	54.27179481870064	54.27179481870064	85.60269222805096	-171.2053844561019	-334.02076891220383	42.80134611402548	-171.2053844561019	171.2053844561019	-139.87448704675148	171.2053844561019	-162.81538445610192	334.02076891220383	-42.80134611402548	-419.6234611402549	54.27179481870064	-85.60269222805096	8.39	139.8744870467517
468	-4.259952038795567	67.89942446554619	-4.259952038795567	67.89942446554619	-93.32923262072825	93.32923262072825	331.1071223277311	110.36904077591021	67.89942446554619	67.89942446554619	-67.89942446554619	-135.79884893109238	67.89942446554619	67.89942446554619	67.89942446554619	93.32923262072836	-93.32923262072825	110.36904077591021	42.46961631036413	42.46961631036413	67.89942446554619	-135.79884893109238	-263.2076978621848	33.949712232773095	-135.79884893109238	135.79884893109238	-110.36904077591021	135.79884893109238	-127.4088489310924	263.2076978621848	-33.949712232773095	-331.1071223277311	42.46961631036413	-67.89942446554619	8.39	110.36904077591043
469	-4.049922804437467	65.37907365324759	-4.049922804437467	65.37907365324759	-89.96876487099678	89.96876487099678	318.50536826623807	106.16845608874587	65.37907365324759	65.37907365324759	-65.37907365324759	-130.75814730649518	65.37907365324759	65.37907365324759	65.37907365324759	89.96876487099689	-89.96876487099678	106.16845608874587	40.789382435498396	40.789382435498396	65.37907365324759	-130.75814730649518	-253.12629461299036	32.689536826623794	-130.75814730649518	130.75814730649518	-106.16845608874587	130.75814730649518	-122.36814730649496	253.12629461299036	-32.689536826623794	-318.50536826623807	40.789382435498396	-65.37907365324759	8.39	106.1684560887461
470	-1.8844727230453486	39.39367267654393	-1.8844727230453486	39.39367267654393	-55.32156356872523	55.32156356872523	188.57836338271954	62.85945446090648	39.39367267654393	39.39367267654393	-39.39367267654393	-78.78734535308786	39.39367267654393	39.39367267654393	39.39367267654393	55.321563568725196	-55.32156356872523	62.85945446090648	23.465781784362623	23.465781784362623	39.39367267654393	-78.78734535308786	-149.18469070617573	19.696836338271964	-78.78734535308786	78.78734535308786	-62.85945446090648	78.78734535308786	-70.39734535308766	149.18469070617573	-19.696836338271964	-188.57836338271954	23.465781784362623	-39.39367267654393	8.39	62.85945446090652
471	-11.505175540280604	154.84210648336594	-11.505175540280604	154.84210648336594	-209.2528086444879	209.2528086444879	765.8205324168298	255.27351080560993	154.84210648336594	154.84210648336594	-154.84210648336594	-309.6842129667319	154.84210648336594	154.84210648336594	154.84210648336594	209.2528086444879	-209.2528086444879	255.27351080560993	100.43140432224396	100.43140432224396	154.84210648336594	-309.6842129667319	-610.9784259334637	77.42105324168297	-309.6842129667319	309.6842129667319	-255.27351080560993	309.6842129667319	-301.29421296673195	610.9784259334637	-77.42105324168297	-765.8205324168298	100.43140432224396	-154.84210648336594	8.39	255.27351080560987
472	-10.555618205842226	143.44741847010596	-10.555618205842226	143.44741847010596	-194.0598912934746	194.0598912934746	708.8470923505299	236.28236411684315	143.44741847010596	143.44741847010596	-143.44741847010596	-286.8948369402119	143.44741847010596	143.44741847010596	143.44741847010596	194.05989129347472	-194.0598912934746	236.28236411684315	92.83494564673731	92.83494564673731	143.44741847010596	-286.8948369402119	-565.3996738804238	71.72370923505298	-286.8948369402119	286.8948369402119	-236.28236411684315	286.8948369402119	-278.5048369402117	565.3996738804238	-71.72370923505298	-708.8470923505299	92.83494564673731	-143.44741847010596	8.39	236.28236411684338
473	-10.131337225110453	138.3560467013251	-10.131337225110453	138.3560467013251	-187.2713956017668	187.2713956017668	683.3902335066257	227.7967445022084	138.3560467013251	138.3560467013251	-138.3560467013251	-276.7120934026502	138.3560467013251	138.3560467013251	138.3560467013251	187.27139560176693	-187.2713956017668	227.7967445022084	89.44069780088341	89.44069780088341	138.3560467013251	-276.7120934026502	-545.0341868053005	69.17802335066256	-276.7120934026502	276.7120934026502	-227.7967445022084	276.7120934026502	-268.32209340265024	545.0341868053005	-69.17802335066256	-683.3902335066257	89.44069780088341	-138.3560467013251	8.39	227.79674450220864
474	-2.5169841874881627	46.983810249858266	-2.5169841874881627	46.983810249858266	-65.44174699981102	65.44174699981102	226.52905124929123	75.50968374976378	46.983810249858266	46.983810249858266	-46.983810249858266	-93.96762049971653	46.983810249858266	46.983810249858266	46.983810249858266	65.4417469998109	-65.44174699981102	75.50968374976378	28.525873499905515	28.525873499905515	46.983810249858266	-93.96762049971653	-179.54524099943308	23.491905124929133	-93.96762049971653	93.96762049971653	-75.50968374976378	93.96762049971653	-85.57762049971633	179.54524099943308	-23.491905124929133	-226.52905124929123	28.525873499905515	-46.983810249858266	8.39	75.50968374976378
475	-14.531598123851785	191.15917748622127	-14.531598123851785	191.15917748622127	-257.67556998162837	257.67556998162837	947.4058874311063	315.80196247703554	191.15917748622127	191.15917748622127	-191.15917748622127	-382.31835497244253	191.15917748622127	191.15917748622127	191.15917748622127	257.6755699816283	-257.67556998162837	315.80196247703554	124.64278499081416	124.64278499081416	191.15917748622127	-382.31835497244253	-756.2467099448852	95.57958874311063	-382.31835497244253	382.31835497244253	-315.80196247703554	382.31835497244253	-373.92835497244243	756.2467099448852	-95.57958874311063	-947.4058874311063	124.64278499081416	-191.15917748622127	8.39	315.80196247703543
476	-3.2048537509695714	55.238245011634035	-3.2048537509695714	55.238245011634035	-76.44766001551204	76.44766001551204	267.8012250581703	89.26707501938995	55.238245011634035	55.238245011634035	-55.238245011634035	-110.47649002326807	55.238245011634035	55.238245011634035	55.238245011634035	76.44766001551216	-76.44766001551204	89.26707501938995	34.02883000775603	34.02883000775603	55.238245011634035	-110.47649002326807	-212.56298004653615	27.619122505817018	-110.47649002326807	110.47649002326807	-89.26707501938995	110.47649002326807	-102.08649002326786	212.56298004653615	-27.619122505817018	-267.8012250581703	34.02883000775603	-55.238245011634035	8.39	89.26707501939018
477	-5.682612239580237	84.97134687496248	-5.682612239580237	84.97134687496248	-116.0917958332833	116.0917958332833	416.4667343748123	138.82224479160413	84.97134687496248	84.97134687496248	-84.97134687496248	-169.94269374992496	84.97134687496248	84.97134687496248	84.97134687496248	116.09179583328319	-116.0917958332833	138.82224479160413	53.85089791664166	53.85089791664166	84.97134687496248	-169.94269374992496	-331.4953874998499	42.48567343748124	-169.94269374992496	169.94269374992496	-138.82224479160413	169.94269374992496	-161.55269374992497	331.4953874998499	-42.48567343748124	-416.4667343748123	53.85089791664166	-84.97134687496248	8.39	138.82224479160413
478	-5.153106612434954	78.61727934921896	-5.153106612434954	78.61727934921896	-107.6197057989586	107.6197057989586	384.69639674609493	128.23213224869824	78.61727934921896	78.61727934921896	-78.61727934921896	-157.23455869843792	78.61727934921896	78.61727934921896	78.61727934921896	107.61970579895865	-107.6197057989586	128.23213224869824	49.61485289947932	49.61485289947932	78.61727934921896	-157.23455869843792	-306.07911739687586	39.30863967460948	-157.23455869843792	157.23455869843792	-128.23213224869824	157.23455869843792	-148.84455869843774	306.07911739687586	-39.30863967460948	-384.69639674609493	49.61485289947932	-78.61727934921896	8.39	128.2321322486983
479	-4.890253551643866	75.46304261972658	-4.890253551643866	75.46304261972658	-103.41405682630207	103.41405682630207	368.92521309863275	122.97507103287765	75.46304261972656	75.46304261972658	-75.46304261972656	-150.92608523945313	75.46304261972656	75.46304261972658	75.46304261972656	103.41405682630204	-103.41405682630207	122.97507103287762	47.51202841315104	47.51202841315104	75.46304261972656	-150.92608523945313	-293.4621704789063	37.73152130986329	-150.92608523945313	150.92608523945313	-122.97507103287765	150.92608523945313	-142.53608523945306	293.4621704789063	-37.73152130986329	-368.92521309863275	47.51202841315104	-75.46304261972656	8.39	122.97507103287762
480	-7.430451718161814	105.94542061794151	-7.430451718161814	105.94542061794151	-144.05722749058873	144.05722749058873	521.3371030897076	173.77903436323595	105.94542061794151	105.94542061794151	-105.94542061794151	-211.89084123588302	105.94542061794151	105.94542061794151	105.94542061794151	144.05722749058873	-144.05722749058873	173.77903436323595	67.83361374529429	67.83361374529429	105.94542061794151	-211.89084123588302	-415.391682471766	52.972710308970754	-211.89084123588302	211.89084123588302	-173.77903436323595	211.89084123588302	-203.50084123588294	415.391682471766	-52.972710308970754	-521.3371030897076	67.83361374529429	-105.94542061794151	8.39	173.7790343632358
481	-2.4118645552718285	45.7223746632601	-2.4118645552718285	45.7223746632601	-63.75983288434679	63.75983288434679	220.22187331630062	73.40729110543339	45.7223746632601	45.7223746632601	-45.7223746632601	-91.4447493265202	45.7223746632601	45.7223746632601	45.7223746632601	63.759832884346906	-63.75983288434679	73.40729110543339	27.684916442173403	27.684916442173403	45.7223746632601	-91.4447493265202	-174.4994986530404	22.86118733163005	-91.4447493265202	91.4447493265202	-73.40729110543339	91.4447493265202	-83.05474932651998	174.4994986530404	-22.86118733163005	-220.22187331630062	27.684916442173403	-45.7223746632601	8.39	73.40729110543361
482	-4.732731415846089	73.57277699015253	-4.732731415846089	73.57277699015253	-100.8937026535367	100.8937026535367	359.4738849507628	119.82462831692078	73.57277699015253	73.57277699015253	-73.57277699015253	-147.14555398030507	73.57277699015253	73.57277699015253	73.57277699015253	100.89370265353682	-100.8937026535367	119.82462831692078	46.25185132676836	46.25185132676836	73.57277699015253	-147.14555398030507	-285.90110796061015	36.78638849507627	-147.14555398030507	147.14555398030507	-119.82462831692078	147.14555398030507	-138.75555398030508	285.90110796061015	-36.78638849507627	-359.4738849507628	46.25185132676836	-73.57277699015253	8.39	119.82462831692101
483	-5.100704528071727	77.98845433686006	-5.100704528071727	77.98845433686006	-106.78127244914674	106.78127244914674	381.5522716843004	127.18409056143332	77.98845433686006	77.98845433686006	-77.98845433686006	-155.97690867372012	77.98845433686006	77.98845433686006	77.98845433686006	106.78127244914685	-106.78127244914674	127.18409056143332	49.19563622457338	49.19563622457338	77.98845433686006	-155.97690867372012	-303.56381734744025	38.99422716843003	-155.97690867372012	155.97690867372012	-127.18409056143332	155.97690867372012	-147.58690867372013	303.56381734744025	-38.99422716843003	-381.5522716843004	49.19563622457338	-77.98845433686006	8.39	127.18409056143355
484	-2.3593574567113578	45.09228948053797	-2.3593574567113578	45.09228948053797	-62.919719307383986	62.919719307383986	217.07144740268973	72.35714913422987	45.09228948053797	45.09228948053797	-45.09228948053797	-90.18457896107594	45.09228948053797	45.09228948053797	45.09228948053797	62.91971930738384	-62.919719307383986	72.35714913422987	27.26485965369196	27.26485965369196	45.09228948053797	-90.18457896107594	-171.9791579221519	22.546144740268986	-90.18457896107594	90.18457896107594	-72.35714913422987	90.18457896107594	-81.79457896107603	171.9791579221519	-22.546144740268986	-217.07144740268973	27.26485965369196	-45.09228948053797	8.39	72.35714913423004
485	-11.03176817246568	149.16121806958782	-11.03176817246568	149.16121806958782	-201.67829075945042	201.67829075945042	737.4160903479392	245.80536344931306	149.16121806958782	149.16121806958782	-149.16121806958782	-298.32243613917564	149.16121806958782	149.16121806958782	149.16121806958782	201.67829075945053	-201.67829075945042	245.80536344931306	96.64414537972522	96.64414537972522	149.16121806958782	-298.32243613917564	-588.2548722783512	74.58060903479391	-298.32243613917564	298.32243613917564	-245.80536344931306	298.32243613917564	-289.9324361391757	588.2548722783512	-74.58060903479391	-737.4160903479392	96.64414537972522	-149.16121806958782	8.39	245.805363449313
486	-4.207444940235348	67.26933928282347	-4.207444940235348	67.26933928282347	-92.48911904376462	92.48911904376462	327.95669641411735	109.31889880470567	67.26933928282347	67.26933928282347	-67.26933928282347	-134.53867856564693	67.26933928282347	67.26933928282347	67.26933928282347	92.48911904376462	-92.48911904376462	109.31889880470567	42.049559521882315	42.049559521882315	67.26933928282347	-134.53867856564693	-260.6873571312939	33.63466964141173	-134.53867856564693	134.53867856564693	-109.31889880470567	134.53867856564693	-126.14867856564672	260.6873571312939	-33.63466964141173	-327.95669641411735	42.049559521882315	-67.26933928282347	8.39	109.31889880470568
487	-9.334532446818615	128.79438936182203	-9.334532446818615	128.79438936182203	-174.52251914909607	174.52251914909607	635.5819468091101	211.86064893637013	128.79438936182203	128.79438936182203	-128.79438936182203	-257.58877872364405	128.79438936182203	128.79438936182203	128.79438936182203	174.52251914909607	-174.52251914909607	211.86064893637013	83.06625957454798	83.06625957454798	128.79438936182203	-257.58877872364405	-506.7875574472881	64.39719468091101	-257.58877872364405	257.58877872364405	-211.86064893637013	257.58877872364405	-249.19877872364395	506.7875574472881	-64.39719468091101	-635.5819468091101	83.06625957454798	-128.79438936182203	8.39	211.86064893637
488	-3.9974157058771027	64.74898847052621	-3.9974157058771027	64.74898847052621	-89.12865129403495	89.12865129403495	315.35494235263116	105.11831411754372	64.74898847052621	64.74898847052621	-64.74898847052621	-129.49797694105243	64.74898847052621	64.74898847052621	64.74898847052621	89.12865129403494	-89.12865129403495	105.11831411754372	40.369325647017476	40.369325647017476	64.74898847052621	-129.49797694105243	-250.60595388210487	32.37449423526311	-129.49797694105243	129.49797694105243	-105.11831411754372	129.49797694105243	-121.10797694105256	250.60595388210487	-32.37449423526311	-315.35494235263116	40.369325647017476	-64.74898847052621	8.39	105.1183141175437
489	-11.347443795306912	152.9493255436821	-11.347443795306912	152.9493255436821	-206.72910072490947	206.72910072490947	756.3566277184107	252.11887590613674	152.9493255436821	152.9493255436821	-152.9493255436821	-305.8986510873642	152.9493255436821	152.9493255436821	152.9493255436821	206.72910072490959	-206.72910072490947	252.11887590613674	99.16955036245474	99.16955036245474	152.9493255436821	-305.8986510873642	-603.4073021747284	76.47466277184105	-305.8986510873642	305.8986510873642	-252.11887590613674	305.8986510873642	-297.5086510873641	603.4073021747284	-76.47466277184105	-756.3566277184107	99.16955036245474	-152.9493255436821	8.39	252.11887590613696
490	-4.10264035229055	66.0116842274868	-4.10264035229055	66.0116842274868	-90.81224563664905	90.81224563664905	321.66842113743394	107.22280704581124	66.0116842274868	66.0116842274868	-66.0116842274868	-132.0233684549736	66.0116842274868	66.0116842274868	66.0116842274868	90.81224563664905	-90.81224563664905	107.22280704581124	41.21112281832454	41.21112281832454	66.0116842274868	-132.0233684549736	-255.6567369099472	33.0058421137434	-132.0233684549736	132.0233684549736	-107.22280704581124	132.0233684549736	-123.63336845497363	255.6567369099472	-33.0058421137434	-321.66842113743394	41.21112281832454	-66.0116842274868	8.39	107.22280704581142
491	-7.53567636457521	107.20811637490213	-7.53567636457521	107.20811637490213	-145.74082183320283	145.74082183320283	527.6505818745107	175.88352729150358	107.20811637490213	107.20811637490213	-107.20811637490213	-214.41623274980427	107.20811637490213	107.20811637490213	107.20811637490213	145.74082183320283	-145.74082183320283	175.88352729150358	68.67541091660144	68.67541091660144	107.20811637490213	-214.41623274980427	-420.4424654996085	53.604058187451066	-214.41623274980427	214.41623274980427	-175.88352729150358	214.41623274980427	-206.0262327498044	420.4424654996085	-53.604058187451066	-527.6505818745107	68.67541091660144	-107.20811637490213	8.39	175.88352729150358
492	-8.381699415100286	117.3603929812025	-8.381699415100286	117.3603929812025	-159.2771906416033	159.2771906416033	578.4119649060125	192.8039883020042	117.3603929812025	117.3603929812025	-117.3603929812025	-234.720785962405	117.3603929812025	117.3603929812025	117.3603929812025	159.27719064160328	-159.2771906416033	192.8039883020042	75.44359532080168	75.44359532080168	117.3603929812025	-234.720785962405	-461.05157192481	58.68019649060125	-234.720785962405	234.720785962405	-192.8039883020042	234.720785962405	-226.33078596240492	461.05157192481	-58.68019649060125	-578.4119649060125	75.44359532080168	-117.3603929812025	8.39	192.80398830200411
493	-4.418315975131975	69.79979170158276	-4.418315975131975	69.79979170158276	-95.86305560211035	95.86305560211035	340.6089585079138	113.53631950263798	69.79979170158276	69.79979170158276	-69.79979170158276	-139.59958340316552	69.79979170158276	69.79979170158276	69.79979170158276	95.86305560211031	-95.86305560211035	113.53631950263798	43.73652780105518	43.73652780105518	69.79979170158276	-139.59958340316552	-270.80916680633106	34.89989585079138	-139.59958340316552	139.59958340316552	-113.53631950263798	139.59958340316552	-131.20958340316534	270.80916680633106	-34.89989585079138	-340.6089585079138	43.73652780105518	-69.79979170158276	8.39	113.5363195026379
494	-3.574828461595473	59.677941539144975	-3.574828461595473	59.677941539144975	-82.36725538552663	82.36725538552663	289.99970769572485	96.66656923190828	59.677941539144975	59.677941539144975	-59.677941539144975	-119.35588307828995	59.677941539144975	59.677941539144975	59.677941539144975	82.36725538552663	-82.36725538552663	96.66656923190828	36.988627692763316	36.988627692763316	59.677941539144975	-119.35588307828995	-230.32176615657988	29.838970769572487	-119.35588307828995	119.35588307828995	-96.66656923190828	119.35588307828995	-110.96588307828983	230.32176615657988	-29.838970769572487	-289.99970769572485	36.988627692763316	-59.677941539144975	8.39	96.66656923190828
495	-11.399950893867242	153.5794107264066	-11.399950893867242	153.5794107264066	-207.56921430187543	207.56921430187543	759.5070536320333	253.16901787734446	153.5794107264066	153.5794107264066	-153.5794107264066	-307.1588214528132	153.5794107264066	153.5794107264066	153.5794107264066	207.56921430187572	-207.56921430187543	253.16901787734446	99.58960715093777	99.58960715093777	153.5794107264066	-307.1588214528132	-605.9276429056263	76.7897053632033	-307.1588214528132	307.1588214528132	-253.16901787734446	307.1588214528132	-298.7688214528134	605.9276429056263	-76.7897053632033	-759.5070536320333	99.58960715093777	-153.5794107264066	8.39	253.16901787734434
496	-6.955566984495874	100.24680381394705	-6.955566984495874	100.24680381394705	-136.4590717519294	136.4590717519294	492.8440190697353	164.28133968991165	100.24680381394705	100.24680381394705	-100.24680381394705	-200.4936076278941	100.24680381394705	100.24680381394705	100.24680381394705	136.4590717519294	-136.4590717519294	164.28133968991165	64.0345358759647	64.0345358759647	100.24680381394705	-200.4936076278941	-392.5972152557882	50.12340190697353	-200.4936076278941	200.4936076278941	-164.28133968991165	200.4936076278941	-192.10360762789333	392.5972152557882	-50.12340190697353	-492.8440190697353	64.0345358759647	-100.24680381394705	8.39	164.2813396899118
497	-4.627506769432728	72.31008123319202	-4.627506769432728	72.31008123319202	-99.21010831092269	99.21010831092269	353.1604061659601	117.72013538865326	72.31008123319202	72.31008123319202	-72.31008123319202	-144.62016246638404	72.31008123319202	72.31008123319202	72.31008123319202	99.21010831092269	-99.21010831092269	117.72013538865326	45.41005415546135	45.41005415546135	72.31008123319202	-144.62016246638404	-280.8503249327681	36.15504061659601	-144.62016246638404	144.62016246638404	-117.72013538865326	144.62016246638404	-136.2301624663836	280.8503249327681	-36.15504061659601	-353.1604061659601	45.41005415546135	-72.31008123319202	8.39	117.7201353886534
498	-1.9901191115284291	40.66142933834222	-1.9901191115284291	40.66142933834222	-57.01190578445628	57.01190578445628	194.91714669171108	64.97238223057036	40.66142933834222	40.66142933834222	-40.66142933834222	-81.32285867668443	40.66142933834222	40.66142933834222	40.66142933834222	57.0119057844563	-57.01190578445628	64.97238223057036	24.310952892228148	24.310952892228148	40.66142933834222	-81.32285867668443	-154.25571735336888	20.33071466917111	-81.32285867668443	81.32285867668443	-64.97238223057036	81.32285867668443	-72.9328586766845	154.25571735336888	-20.33071466917111	-194.91714669171108	24.310952892228148	-40.66142933834222	8.39	64.9723822305703
499	-7.588078448938342	107.83694138725865	-7.588078448938342	107.83694138725865	-146.57925518301158	146.57925518301158	530.7947069362933	176.93156897876452	107.83694138725865	107.83694138725865	-107.83694138725865	-215.6738827745173	107.83694138725865	107.83694138725865	107.83694138725865	146.57925518301158	-146.57925518301158	176.93156897876452	69.09462759150571	69.09462759150571	107.83694138725865	-215.6738827745173	-422.95776554903455	53.918470693629324	-215.6738827745173	215.6738827745173	-176.93156897876452	215.6738827745173	-207.28388277451722	422.95776554903455	-53.918470693629324	-530.7947069362933	69.09462759150571	-107.83694138725865	8.39	176.93156897876437
500	-11.82243312395183	158.64919748742	-11.82243312395183	158.64919748742	-214.32892998322666	214.32892998322666	784.8559874371001	261.6186624790332	158.64919748742	158.64919748742	-158.64919748742	-317.29839497484	158.64919748742	158.64919748742	158.64919748742	214.32892998322677	-214.32892998322666	261.6186624790332	102.96946499161334	102.96946499161334	158.64919748742	-317.29839497484	-626.20678994968	79.32459874371	-317.29839497484	317.29839497484	-261.6186624790332	317.29839497484	-308.9083949748398	626.20678994968	-79.32459874371	-784.8559874371001	102.96946499161334	-158.64919748742	8.39	261.61866247903345
501	-11.189816645312002	151.05779974374423	-11.189816645312002	151.05779974374423	-204.2070663249923	204.2070663249923	746.8989987187213	248.96633290624027	151.05779974374423	151.05779974374423	-151.05779974374423	-302.11559948748845	151.05779974374423	151.05779974374423	151.05779974374423	204.2070663249924	-204.2070663249923	248.96633290624027	97.90853316249616	97.90853316249616	151.05779974374423	-302.11559948748845	-595.8411989749769	75.52889987187211	-302.11559948748845	302.11559948748845	-248.96633290624027	302.11559948748845	-293.72559948748847	595.8411989749769	-75.52889987187211	-746.8989987187213	97.90853316249616	-151.05779974374423	8.39	248.9663329062405
502	-7.378049214580216	105.31659057496321	-7.378049214580216	105.31659057496321	-143.2187874332843	143.2187874332843	518.1929528748162	172.7309842916053	105.31659057496321	105.31659057496321	-105.31659057496321	-210.63318114992643	105.31659057496321	105.31659057496321	105.31659057496321	143.21878743328426	-143.2187874332843	172.7309842916053	67.41439371664214	67.41439371664214	105.31659057496321	-210.63318114992643	-412.8763622998529	52.65829528748161	-210.63318114992643	210.63318114992643	-172.7309842916053	210.63318114992643	-202.2431811499266	412.8763622998529	-52.65829528748161	-518.1929528748162	67.41439371664214	-105.31659057496321	8.39	172.73098429160538
503	-4.470718059495036	70.42861671394098	-4.470718059495036	70.42861671394098	-96.7014889519213	96.7014889519213	343.75308356970504	114.58436118990153	70.42861671394098	70.42861671394098	-70.42861671394098	-140.85723342788197	70.42861671394098	70.42861671394098	70.42861671394098	96.70148895192142	-96.7014889519213	114.58436118990153	44.15574447596066	44.15574447596066	70.42861671394098	-140.85723342788197	-273.32446685576394	35.21430835697049	-140.85723342788197	140.85723342788197	-114.58436118990153	140.85723342788197	-132.46723342788198	273.32446685576394	-35.21430835697049	-343.75308356970504	44.15574447596066	-70.42861671394098	8.39	114.58436118990176
504	-4.155042436653736	66.64050923984473	-4.155042436653736	66.64050923984473	-91.65067898645964	91.65067898645964	324.8125461992238	108.27084873307444	66.64050923984473	66.64050923984473	-66.64050923984473	-133.28101847968946	66.64050923984473	66.64050923984473	66.64050923984473	91.65067898645975	-91.65067898645964	108.27084873307444	41.630339493229826	41.630339493229826	66.64050923984473	-133.28101847968946	-258.17203695937894	33.320254619922366	-133.28101847968946	133.28101847968946	-108.27084873307444	133.28101847968946	-124.89101847968948	258.17203695937894	-33.320254619922366	-324.8125461992238	41.630339493229826	-66.64050923984473	8.39	108.27084873307467
505	-5.048302024490182	77.35962429388132	-5.048302024490182	77.35962429388132	-105.94283239184176	105.94283239184176	378.40812146940675	126.1360404898021	77.35962429388132	77.35962429388132	-77.35962429388132	-154.71924858776265	77.35962429388132	77.35962429388132	77.35962429388132	105.94283239184188	-105.94283239184176	126.1360404898021	48.77641619592089	48.77641619592089	77.35962429388132	-154.71924858776265	-301.0484971755253	38.67981214694066	-154.71924858776265	154.71924858776265	-126.1360404898021	154.71924858776265	-146.32924858776244	301.0484971755253	-38.67981214694066	-378.40812146940675	48.77641619592089	-77.35962429388132	8.39	126.13604048980233
506	-4.78513350020927	74.20160200251092	-4.78513350020927	74.20160200251092	-101.7321360033479	101.7321360033479	362.6180100125547	120.87267000418478	74.20160200251092	74.20160200251092	-74.20160200251092	-148.40320400502185	74.20160200251092	74.20160200251092	74.20160200251092	101.73213600334793	-101.7321360033479	120.87267000418478	46.67106800167396	46.67106800167396	74.20160200251092	-148.40320400502185	-288.4164080100437	37.10080100125546	-148.40320400502185	148.40320400502185	-120.87267000418478	148.40320400502185	-140.01320400502186	288.4164080100437	-37.10080100125546	-362.6180100125547	46.67106800167396	-74.20160200251092	8.39	120.8726700041848
507	-11.295041291725681	152.3204955007048	-11.295041291725681	152.3204955007048	-205.89066066760637	205.89066066760637	753.2124775035238	251.070825834508	152.3204955007048	152.3204955007048	-152.3204955007048	-304.6409910014096	152.3204955007048	152.3204955007048	152.3204955007048	205.8906606676062	-205.89066066760637	251.070825834508	98.75033033380323	98.75033033380323	152.3204955007048	-304.6409910014096	-600.8919820028193	76.1602477503524	-304.6409910014096	304.6409910014096	-251.070825834508	304.6409910014096	-296.2509910014089	600.8919820028193	-76.1602477503524	-753.2124775035238	98.75033033380323	-152.3204955007048	8.39	251.070825834508
508	-2.306954953129993	44.46345943755914	-2.306954953129993	44.46345943755914	-62.08127925007892	62.08127925007892	213.92729718779572	71.30909906259865	44.46345943755914	44.46345943755914	-44.46345943755914	-88.92691887511828	44.46345943755914	44.46345943755914	44.46345943755914	62.08127925007898	-62.08127925007892	71.30909906259865	26.845639625039354	26.845639625039354	44.46345943755914	-88.92691887511828	-169.46383775023656	22.23172971877957	-88.92691887511828	88.92691887511828	-71.30909906259865	88.92691887511828	-80.5369188751182	169.46383775023656	-22.23172971877957	-213.92729718779572	26.845639625039354	-44.46345943755914	8.39	71.3090990625985
509	-4.575104265851147	71.68125119021192	-4.575104265851147	71.68125119021192	-98.3716682536159	98.3716682536159	350.01625595105975	116.67208531701976	71.68125119021192	71.68125119021192	-71.68125119021192	-143.36250238042385	71.68125119021192	71.68125119021192	71.68125119021192	98.37166825361601	-98.3716682536159	116.67208531701976	44.990834126807954	44.990834126807954	71.68125119021192	-143.36250238042385	-278.3350047608477	35.84062559510596	-143.36250238042385	143.36250238042385	-116.67208531701976	143.36250238042385	-134.97250238042363	278.3350047608477	-35.84062559510596	-350.01625595105975	44.990834126807954	-71.68125119021192	8.39	116.67208531701999
510	-4.522910953900691	71.05493144680838	-4.522910953900691	71.05493144680838	-97.53657526241116	97.53657526241116	346.8846572340419	115.6282190780139	71.05493144680838	71.05493144680838	-71.05493144680838	-142.10986289361676	71.05493144680838	71.05493144680838	71.05493144680838	97.53657526241113	-97.53657526241116	115.6282190780139	44.573287631205595	44.573287631205595	71.05493144680838	-142.10986289361676	-275.82972578723354	35.52746572340419	-142.10986289361676	142.10986289361676	-115.6282190780139	142.10986289361676	-133.7198628936167	275.82972578723354	-35.52746572340419	-346.8846572340419	44.573287631205595	-71.05493144680838	8.39	115.62821907801393
511	-13.218041060955073	175.3964927314592	-13.218041060955073	175.3964927314592	-236.65865697527894	236.65865697527894	868.5924636572961	289.5308212190987	175.3964927314592	175.3964927314592	-175.3964927314592	-350.7929854629184	175.3964927314592	175.3964927314592	175.3964927314592	236.65865697527897	-236.65865697527894	289.5308212190987	114.13432848763946	114.13432848763946	175.3964927314592	-350.7929854629184	-693.1959709258367	87.6982463657296	-350.7929854629184	350.7929854629184	-289.5308212190987	350.7929854629184	-342.4029854629182	693.1959709258367	-87.6982463657296	-868.5924636572961	114.13432848763946	-175.3964927314592	8.39	289.5308212190987
512	-12.897541516976727	171.55049820371997	-12.897541516976727	171.55049820371997	-231.53066427162662	231.53066427162662	849.3624910185999	283.1208303395333	171.55049820371997	171.55049820371997	-171.55049820371997	-343.10099640743994	171.55049820371997	171.55049820371997	171.55049820371997	231.53066427162662	-231.53066427162662	283.1208303395333	111.57033213581332	111.57033213581332	171.55049820371997	-343.10099640743994	-677.8119928148798	85.77524910185998	-343.10099640743994	343.10099640743994	-283.1208303395333	343.10099640743994	-334.71099640744	677.8119928148798	-85.77524910185998	-849.3624910185999	111.57033213581332	-171.55049820371997	8.39	283.12083033953326
513	-13.244932210588445	175.71918652706074	-13.244932210588445	175.71918652706074	-237.0889153694143	237.0889153694143	870.2059326353037	290.06864421176783	175.71918652706074	175.71918652706074	-175.71918652706074	-351.4383730541215	175.71918652706074	175.71918652706074	175.71918652706074	237.08891536941428	-237.0889153694143	290.06864421176783	114.34945768470716	114.34945768470716	175.71918652706074	-351.4383730541215	-694.486746108243	87.85959326353037	-351.4383730541215	351.4383730541215	-290.06864421176783	351.4383730541215	-343.0483730541215	694.486746108243	-87.85959326353037	-870.2059326353037	114.34945768470716	-175.71918652706074	8.39	290.0686442117679
514	-13.11095825133475	174.1114990160156	-13.11095825133475	174.1114990160156	-234.94533202135415	234.94533202135415	862.1674950800782	287.3891650266927	174.1114990160156	174.1114990160156	-174.1114990160156	-348.2229980320312	174.1114990160156	174.1114990160156	174.1114990160156	234.94533202135426	-234.94533202135415	287.3891650266927	113.27766601067708	113.27766601067708	174.1114990160156	-348.2229980320312	-688.0559960640625	87.0557495080078	-348.2229980320312	348.2229980320312	-287.3891650266927	348.2229980320312	-339.8329980320312	688.0559960640625	-87.0557495080078	-862.1674950800782	113.27766601067708	-174.1114990160156	8.39	287.3891650266927
515	-9.71917190195104	133.4100628234122	-9.71917190195104	133.4100628234122	-180.6767504312163	180.6767504312163	658.660314117061	219.55343803902042	133.4100628234122	133.4100628234122	-133.4100628234122	-266.8201256468244	133.4100628234122	133.4100628234122	133.4100628234122	180.6767504312163	-180.6767504312163	219.55343803902042	86.1433752156081	86.1433752156081	133.4100628234122	-266.8201256468244	-525.2502512936488	66.7050314117061	-266.8201256468244	266.8201256468244	-219.55343803902042	266.8201256468244	-258.4301256468243	525.2502512936488	-66.7050314117061	-658.660314117061	86.1433752156081	-133.4100628234122	8.39	219.5534380390203
516	-13.511011120726522	178.91213344871505	-13.511011120726522	178.91213344871505	-241.3461779316201	241.3461779316201	886.1706672435754	295.39022241452506	178.91213344871505	178.91213344871505	-178.91213344871505	-357.8242668974301	178.91213344871505	178.91213344871505	178.91213344871505	241.34617793162022	-241.3461779316201	295.39022241452506	116.47808896581002	116.47808896581002	178.91213344871505	-357.8242668974301	-707.2585337948602	89.45606672435753	-357.8242668974301	357.8242668974301	-295.39022241452506	357.8242668974301	-349.4342668974295	707.2585337948602	-89.45606672435753	-886.1706672435754	116.47808896581002	-178.91213344871505	8.39	295.39022241452506
517	-6.3583090830671	93.07970899680399	-6.3583090830671	93.07970899680399	-126.902945329072	126.902945329072	457.00854498401986	152.33618166134	93.07970899680399	93.07970899680399	-93.07970899680399	-186.15941799360797	93.07970899680399	93.07970899680399	93.07970899680399	126.90294532907194	-126.902945329072	152.33618166134	59.25647266453598	59.25647266453598	93.07970899680399	-186.15941799360797	-363.92883598721596	46.53985449840199	-186.15941799360797	186.15941799360797	-152.33618166134	186.15941799360797	-177.76941799360782	363.92883598721596	-46.53985449840199	-457.00854498401986	59.25647266453598	-93.07970899680399	8.39	152.33618166134005
518	-12.313144097110152	164.53772916532148	-12.313144097110152	164.53772916532148	-222.18030555376197	222.18030555376197	814.2986458266075	271.43288194220236	164.53772916532148	164.53772916532148	-164.53772916532148	-329.07545833064296	164.53772916532148	164.53772916532148	164.53772916532148	222.18030555376208	-222.18030555376197	271.43288194220236	106.89515277688099	106.89515277688099	164.53772916532148	-329.07545833064296	-649.7609166612859	82.26886458266074	-329.07545833064296	329.07545833064296	-271.43288194220236	329.07545833064296	-320.685458330643	649.7609166612859	-82.26886458266074	-814.2986458266075	106.89515277688099	-164.53772916532148	8.39	271.4328819422026
519	-13.191096021242087	175.07315225490333	-13.191096021242087	175.07315225490333	-236.2275363398711	236.2275363398711	866.9757612745168	288.9919204248388	175.07315225490333	175.07315225490333	-175.07315225490333	-350.14630450980667	175.07315225490333	175.07315225490333	175.07315225490333	236.22753633987122	-236.2275363398711	288.9919204248388	113.91876816993556	113.91876816993556	175.07315225490333	-350.14630450980667	-691.9026090196134	87.53657612745167	-350.14630450980667	350.14630450980667	-288.9919204248388	350.14630450980667	-341.75630450980645	691.9026090196134	-87.53657612745167	-866.9757612745168	113.91876816993556	-175.07315225490333	8.39	288.991920424839
520	-14.783860851444558	194.18633021733433	-14.783860851444558	194.18633021733433	-261.71177362311244	261.71177362311244	962.5416510866715	320.84721702889055	194.18633021733433	194.18633021733433	-194.18633021733433	-388.37266043466866	194.18633021733433	194.18633021733433	194.18633021733433	261.7117736231123	-261.71177362311244	320.84721702889055	126.66088681155622	126.66088681155622	194.18633021733433	-388.37266043466866	-768.3553208693373	97.09316510866716	-388.37266043466866	388.37266043466866	-320.84721702889055	388.37266043466866	-379.9826604346687	768.3553208693373	-97.09316510866716	-962.5416510866715	126.66088681155622	-194.18633021733433	8.39	320.84721702889055
521	-8.659578736972273	120.69494484366703	-8.659578736972273	120.69494484366703	-163.72325979155607	163.72325979155607	595.0847242183352	198.36157473944513	120.69494484366703	120.69494484366703	-120.69494484366703	-241.38988968733406	120.69494484366703	120.69494484366703	120.69494484366703	163.72325979155607	-163.72325979155607	198.36157473944513	77.66662989577799	77.66662989577799	120.69494484366703	-241.38988968733406	-474.38977937466814	60.347472421833515	-241.38988968733406	241.38988968733406	-198.36157473944513	241.38988968733406	-232.99988968733396	474.38977937466814	-60.347472421833515	-595.0847242183352	77.66662989577799	-120.69494484366703	8.39	198.36157473944502
522	-12.977625826206053	172.5115099144707	-12.977625826206053	172.5115099144707	-232.81201321929427	232.81201321929427	854.1675495723537	284.72251652411774	172.5115099144707	172.5115099144707	-172.5115099144707	-345.0230198289414	172.5115099144707	172.5115099144707	172.5115099144707	232.81201321929439	-232.81201321929427	284.72251652411774	112.21100660964714	112.21100660964714	172.5115099144707	-345.0230198289414	-681.6560396578828	86.25575495723535	-345.0230198289414	345.0230198289414	-284.72251652411774	345.0230198289414	-336.6330198289412	681.6560396578828	-86.25575495723535	-854.1675495723537	112.21100660964714	-172.5115099144707	8.39	284.72251652411796
523	-12.924271856033402	171.87126227239992	-12.924271856033402	171.87126227239992	-231.95834969653322	231.95834969653322	850.9663113619997	283.6554371206664	171.87126227239992	171.87126227239992	-171.87126227239992	-343.74252454479983	171.87126227239992	171.87126227239992	171.87126227239992	231.95834969653333	-231.95834969653322	283.6554371206664	111.78417484826662	111.78417484826662	171.87126227239992	-343.74252454479983	-679.0950490895997	85.93563113619996	-343.74252454479983	343.74252454479983	-283.6554371206664	343.74252454479983	-335.3525245447996	679.0950490895997	-85.93563113619996	-850.9663113619997	111.78417484826662	-171.87126227239992	8.39	283.65543712066665
524	-6.41182343612968	93.72188123355613	-6.41182343612968	93.72188123355613	-127.75917497807484	127.75917497807484	460.2194061677808	153.40646872259344	93.72188123355613	93.72188123355613	-93.72188123355613	-187.44376246711226	93.72188123355613	93.72188123355613	93.72188123355613	127.75917497807495	-127.75917497807484	153.40646872259344	59.684587489037426	59.684587489037426	93.72188123355613	-187.44376246711226	-366.49752493422454	46.860940616778066	-187.44376246711226	187.44376246711226	-153.40646872259344	187.44376246711226	-179.05376246711228	366.49752493422454	-46.860940616778066	-460.2194061677808	59.684587489037426	-93.72188123355613	8.39	153.40646872259367
525	-13.13768859039135	174.4322630846948	-13.13768859039135	174.4322630846948	-235.37301744625972	235.37301744625972	863.7713154234741	287.92377180782455	174.4322630846948	174.4322630846948	-174.4322630846948	-348.8645261693896	174.4322630846948	174.4322630846948	174.4322630846948	235.37301744625984	-235.37301744625972	287.92377180782455	113.49150872312987	113.49150872312987	174.4322630846948	-348.8645261693896	-689.3390523387792	87.2161315423474	-348.8645261693896	348.8645261693896	-287.92377180782455	348.8645261693896	-340.4745261693894	689.3390523387792	-87.2161315423474	-863.7713154234741	113.49150872312987	-174.4322630846948	8.39	287.9237718078248
526	-2.741669711186546	49.680036534239335	-2.741669711186546	49.680036534239335	-69.03671537898578	69.03671537898578	240.01018267119662	80.00339422373224	49.680036534239335	49.680036534239335	-49.680036534239335	-99.36007306847867	49.680036534239335	49.680036534239335	49.680036534239335	69.03671537898572	-69.03671537898578	80.00339422373223	30.32335768949288	30.32335768949288	49.680036534239335	-99.36007306847867	-190.33014613695735	24.840018267119667	-99.36007306847867	99.36007306847867	-80.00339422373224	99.36007306847867	-90.97007306847888	190.33014613695735	-24.840018267119667	-240.01018267119662	30.32335768949288	-49.680036534239335	8.39	80.00339422373223
527	-13.697644055349599	181.1517286641949	-13.697644055349599	181.1517286641949	-244.3323048855932	244.3323048855932	897.3686433209746	299.1228811069915	181.1517286641949	181.1517286641949	-181.1517286641949	-362.3034573283898	181.1517286641949	181.1517286641949	181.1517286641949	244.3323048855932	-244.3323048855932	299.1228811069915	117.97115244279661	117.97115244279661	181.1517286641949	-362.3034573283898	-716.2169146567796	90.57586433209745	-362.3034573283898	362.3034573283898	-299.1228811069915	362.3034573283898	-353.91345732838977	716.2169146567796	-90.57586433209745	-897.3686433209746	117.97115244279661	-181.1517286641949	8.39	299.12288110699154
528	-14.97054724674615	196.4265669609518	-14.97054724674615	196.4265669609518	-264.69875594793575	264.69875594793575	973.742834804759	324.58094493491967	196.4265669609518	196.4265669609518	-196.4265669609518	-392.8531339219036	196.4265669609518	196.4265669609518	196.4265669609518	264.69875594793575	-264.69875594793575	324.58094493491967	128.15437797396783	128.15437797396783	196.4265669609518	-392.8531339219036	-777.316267843807	98.2132834804759	-392.8531339219036	392.8531339219036	-324.58094493491967	392.8531339219036	-384.46313392190336	777.316267843807	-98.2132834804759	-973.742834804759	128.15437797396783	-196.4265669609518	8.39	324.58094493491967
529	-12.25968341899717	163.89620102796508	-12.25968341899717	163.89620102796508	-221.32493470395343	221.32493470395343	811.0910051398255	270.3636683799418	163.89620102796508	163.89620102796508	-163.89620102796508	-327.79240205593015	163.89620102796508	163.89620102796508	163.89620102796508	221.32493470395343	-221.32493470395343	270.3636683799418	106.46746735197672	106.46746735197672	163.89620102796508	-327.79240205593015	-647.1948041118602	81.94810051398254	-327.79240205593015	327.79240205593015	-270.3636683799418	327.79240205593015	-319.4024020559302	647.1948041118602	-81.94810051398254	-811.0910051398255	106.46746735197672	-163.89620102796508	8.39	270.36366837994177
530	-12.870757502970918	171.22909003564888	-12.870757502970918	171.22909003564888	-231.10212004753186	231.10212004753186	847.7554501782445	282.5851500594149	171.22909003564888	171.22909003564888	-171.22909003564888	-342.45818007129776	171.22909003564888	171.22909003564888	171.22909003564888	231.1021200475318	-231.10212004753186	282.5851500594149	111.35606002376593	111.35606002376593	171.22909003564888	-342.45818007129776	-676.5263601425956	85.61454501782444	-342.45818007129776	342.45818007129776	-282.5851500594149	342.45818007129776	-334.0681800712973	676.5263601425956	-85.61454501782444	-847.7554501782445	111.35606002376593	-171.22909003564888	8.39	282.58515005941473
531	-6.0923368808696345	89.88804257043498	-6.0923368808696345	89.88804257043498	-122.64739009391332	122.64739009391332	441.0502128521748	147.01673761739164	89.88804257043498	89.88804257043498	-89.88804257043498	-179.77608514086995	89.88804257043498	89.88804257043498	89.88804257043498	122.64739009391315	-122.64739009391332	147.01673761739164	57.128695046956636	57.128695046956636	89.88804257043498	-179.77608514086995	-351.1621702817399	44.94402128521749	-179.77608514086995	179.77608514086995	-147.01673761739164	179.77608514086995	-171.3860851408698	351.1621702817399	-44.94402128521749	-441.0502128521748	57.128695046956636	-89.88804257043498	8.39	147.01673761739164
532	-6.3851465577511135	93.40175869301376	-6.3851465577511135	93.40175869301376	-127.33234492401834	127.33234492401834	458.61879346506885	152.87293115502302	93.40175869301376	93.40175869301376	-93.40175869301376	-186.80351738602752	93.40175869301376	93.40175869301376	93.40175869301376	127.33234492401834	-127.33234492401834	152.87293115502302	59.47117246200918	59.47117246200918	93.40175869301376	-186.80351738602752	-365.21703477205506	46.70087934650688	-186.80351738602752	186.80351738602752	-152.87293115502302	186.80351738602752	-178.4135173860277	365.21703477205506	-46.70087934650688	-458.61879346506885	59.47117246200918	-93.40175869301376	8.39	152.8729311550228
533	-13.537848595410276	179.23418314492233	-13.537848595410276	179.23418314492233	-241.7755775265631	241.7755775265631	887.7809157246118	295.92697190820377	179.23418314492233	179.23418314492233	-179.23418314492233	-358.46836628984465	179.23418314492233	179.23418314492233	179.23418314492233	241.7755775265632	-241.7755775265631	295.92697190820377	116.69278876328156	116.69278876328156	179.23418314492233	-358.46836628984465	-708.5467325796893	89.61709157246116	-358.46836628984465	358.46836628984465	-295.92697190820377	358.46836628984465	-350.07836628984455	708.5467325796893	-89.61709157246116	-887.7809157246118	116.69278876328156	-179.23418314492233	8.39	295.926971908204
534	-6.304955112894371	92.43946135473129	-6.304955112894371	92.43946135473129	-126.04928180630839	126.04928180630839	453.8073067736566	151.26910225788538	92.43946135473129	92.43946135473129	-92.43946135473129	-184.87892270946259	92.43946135473129	92.43946135473129	92.43946135473129	126.0492818063085	-126.04928180630839	151.26910225788538	58.8296409031542	58.8296409031542	92.43946135473129	-184.87892270946259	-361.3678454189252	46.219730677365646	-184.87892270946259	184.87892270946259	-151.26910225788538	184.87892270946259	-176.48892270946237	361.3678454189252	-46.219730677365646	-453.8073067736566	58.8296409031542	-92.43946135473129	8.39	151.2691022578856
535	-14.810698326128529	194.50837991354115	-14.810698326128529	194.50837991354115	-262.14117321805486	262.14117321805486	964.1518995677059	321.38396652256847	194.50837991354115	194.50837991354115	-194.50837991354115	-389.0167598270823	194.50837991354115	194.50837991354115	194.50837991354115	262.141173218055	-262.14117321805486	321.38396652256847	126.87558660902744	126.87558660902744	194.50837991354115	-389.0167598270823	-769.6435196541646	97.25418995677057	-389.0167598270823	389.0167598270823	-321.38396652256847	389.0167598270823	-380.6267598270821	769.6435196541646	-97.25418995677057	-964.1518995677059	126.87558660902744	-194.50837991354115	8.39	321.3839665225687
536	-9.533017771819727	131.1762132618362	-9.533017771819727	131.1762132618362	-177.69828434911494	177.69828434911494	647.4910663091812	215.83035543639357	131.1762132618362	131.1762132618362	-131.1762132618362	-262.3524265236724	131.1762132618362	131.1762132618362	131.1762132618362	177.69828434911506	-177.69828434911494	215.83035543639357	84.65414217455748	84.65414217455748	131.1762132618362	-262.3524265236724	-516.3148530473449	65.5881066309181	-262.3524265236724	262.3524265236724	-215.83035543639357	262.3524265236724	-253.96242652367243	516.3148530473449	-65.5881066309181	-647.4910663091812	84.65414217455748	-131.1762132618362	8.39	215.8303554363938
537	-13.084174237328748	173.79009084794347	-13.084174237328748	173.79009084794347	-234.51678779725796	234.51678779725796	860.5604542397175	286.85348474657235	173.79009084794347	173.79009084794347	-173.79009084794347	-347.58018169588695	173.79009084794347	173.79009084794347	173.79009084794347	234.51678779725808	-234.51678779725796	286.85348474657235	113.06339389862899	113.06339389862899	173.79009084794347	-347.58018169588695	-686.7703633917739	86.89504542397174	-347.58018169588695	347.58018169588695	-286.85348474657235	347.58018169588695	-339.19018169588674	686.7703633917739	-86.89504542397174	-860.5604542397175	113.06339389862899	-173.79009084794347	8.39	286.8534847465726
538	-12.339981571794214	164.85977886153	-12.339981571794214	164.85977886153	-222.60970514870667	222.60970514870667	815.9088943076501	271.96963143588323	164.85977886153	164.85977886153	-164.85977886153	-329.71955772306	164.85977886153	164.85977886153	164.85977886153	222.60970514870678	-222.60970514870667	271.96963143588323	107.10985257435334	107.10985257435334	164.85977886153	-329.71955772306	-651.04911544612	82.429889430765	-329.71955772306	329.71955772306	-271.96963143588323	329.71955772306	-321.32955772306	651.04911544612	-82.429889430765	-815.9088943076501	107.10985257435334	-164.85977886153	8.39	271.96963143588346
539	-6.5449954783686515	95.31994574042187	-6.5449954783686515	95.31994574042187	-129.88992765389582	129.88992765389582	468.2097287021095	156.06990956736968	95.31994574042187	95.31994574042187	-95.31994574042187	-190.63989148084374	95.31994574042187	95.31994574042187	95.31994574042187	129.88992765389594	-129.88992765389582	156.06990956736968	60.74996382694792	60.74996382694792	95.31994574042187	-190.63989148084374	-372.8897829616875	47.659972870210936	-190.63989148084374	190.63989148084374	-156.06990956736968	190.63989148084374	-182.24989148084353	372.8897829616875	-47.659972870210936	-468.2097287021095	60.74996382694792	-95.31994574042187	8.39	156.0699095673699
540	-9.692441562894453	133.08929875473245	-9.692441562894453	133.08929875473245	-180.24906500630993	180.24906500630993	657.0564937736624	219.0188312578873	133.08929875473245	133.08929875473245	-133.08929875473245	-266.1785975094649	133.08929875473245	133.08929875473245	133.08929875473245	180.24906500631005	-180.24906500630993	219.0188312578873	85.92953250315497	85.92953250315497	133.08929875473245	-266.1785975094649	-523.9671950189298	66.54464937736623	-266.1785975094649	266.1785975094649	-219.0188312578873	266.1785975094649	-257.7885975094647	523.9671950189298	-66.54464937736623	-657.0564937736624	85.92953250315497	-133.08929875473245	8.39	219.01883125788754
541	-12.737957343012312	169.63548811614615	-12.737957343012312	169.63548811614615	-228.97731748819487	228.97731748819487	839.7874405807307	279.9291468602436	169.63548811614615	169.63548811614615	-169.63548811614615	-339.2709762322923	169.63548811614615	169.63548811614615	169.63548811614615	228.97731748819484	-228.97731748819487	279.9291468602436	110.29365874409743	110.29365874409743	169.63548811614615	-339.2709762322923	-670.1519524645845	84.81774405807307	-339.2709762322923	339.2709762322923	-279.9291468602436	339.2709762322923	-330.880976232292	670.1519524645845	-84.81774405807307	-839.7874405807307	110.29365874409743	-169.63548811614615	8.39	279.9291468602437
542	-12.28641375805364	164.2169650966432	-12.28641375805364	164.2169650966432	-221.75262012885761	221.75262012885761	812.694825483216	270.898275161072	164.2169650966432	164.2169650966432	-164.2169650966432	-328.4339301932864	164.2169650966432	164.2169650966432	164.2169650966432	221.75262012885753	-221.75262012885761	270.898275161072	106.68131006442881	106.68131006442881	164.2169650966432	-328.4339301932864	-648.4778603865728	82.1084825483216	-328.4339301932864	328.4339301932864	-270.898275161072	328.4339301932864	-320.04393019328637	648.4778603865728	-82.1084825483216	-812.694825483216	106.68131006442881	-164.2169650966432	8.39	270.89827516107204
543	-9.905858297252564	135.65029956702983	-9.905858297252564	135.65029956702983	-183.66373275603976	183.66373275603976	669.8614978351492	223.28716594504976	135.65029956702983	135.65029956702983	-135.65029956702983	-271.30059913405967	135.65029956702983	135.65029956702983	135.65029956702983	183.66373275603974	-183.66373275603976	223.28716594504976	87.6368663780199	87.6368663780199	135.65029956702983	-271.30059913405967	-534.2111982681193	67.82514978351492	-271.30059913405967	271.30059913405967	-223.28716594504976	271.30059913405967	-262.9105991340596	534.2111982681193	-67.82514978351492	-669.8614978351492	87.6368663780199	-135.65029956702983	8.39	223.28716594504968
544	-9.852450866401556	135.009410396818	-9.852450866401556	135.009410396818	-182.80921386242403	182.80921386242403	666.65705198409	222.21901732803008	135.009410396818	135.009410396818	-135.009410396818	-270.018820793636	135.009410396818	135.009410396818	135.009410396818	182.80921386242403	-182.80921386242403	222.21901732803008	87.20960693121197	87.20960693121197	135.009410396818	-270.018820793636	-531.647641587272	67.504705198409	-270.018820793636	270.018820793636	-222.21901732803008	270.018820793636	-261.6288207936359	531.647641587272	-67.504705198409	-666.65705198409	87.20960693121197	-135.009410396818	8.39	222.21901732802996
545	-12.07363599680599	161.66363196167316	-12.07363599680599	161.66363196167316	-218.34817594889753	218.34817594889753	799.9281598083658	266.64271993612203	161.66363196167316	161.66363196167316	-161.66363196167316	-323.3272639233463	161.66363196167316	161.66363196167316	161.66363196167316	218.34817594889753	-218.34817594889753	266.64271993612203	104.97908797444879	104.97908797444879	161.66363196167316	-323.3272639233463	-638.2645278466925	80.83181598083658	-323.3272639233463	323.3272639233463	-266.64271993612203	323.3272639233463	-314.93726392334645	638.2645278466925	-80.83181598083658	-799.9281598083658	104.97908797444879	-161.66363196167316	8.39	266.6427199361218
546	-7.786140341520877	110.2136840982485	-7.786140341520877	110.2136840982485	-149.74824546433135	149.74824546433135	542.6784204912427	180.89280683041423	110.21368409824852	110.2136840982485	-110.21368409824852	-220.427368196497	110.21368409824852	110.2136840982485	110.21368409824852	149.7482454643315	-149.74824546433135	180.8928068304142	70.67912273216567	70.67912273216567	110.21368409824852	-220.427368196497	-432.4647363929941	55.10684204912425	-220.427368196497	220.427368196497	-180.89280683041423	220.427368196497	-212.0373681964969	432.4647363929941	-55.10684204912425	-542.6784204912427	70.67912273216567	-110.21368409824852	8.39	180.89280683041417
547	-13.564578934466873	179.55494721360213	-13.564578934466873	179.55494721360213	-242.20326295146953	242.20326295146953	889.3847360680106	296.461578689337	179.55494721360213	179.55494721360213	-179.55494721360213	-359.10989442720427	179.55494721360213	179.55494721360213	179.55494721360213	242.20326295146947	-242.20326295146953	296.461578689337	116.90663147573474	116.90663147573474	179.55494721360213	-359.10989442720427	-709.8297888544087	89.77747360680107	-359.10989442720427	359.10989442720427	-296.461578689337	359.10989442720427	-350.71989442720417	709.8297888544087	-89.77747360680107	-889.3847360680106	116.90663147573474	-179.55494721360213	8.39	296.46157868933676
548	-15.023901216918745	197.06681460302542	-15.023901216918745	197.06681460302542	-265.55241947070056	265.55241947070056	976.9440730151272	325.64802433837576	197.06681460302542	197.06681460302542	-197.06681460302542	-394.13362920605084	197.06681460302542	197.06681460302542	197.06681460302542	265.55241947070056	-265.55241947070056	325.64802433837576	128.58120973535028	128.58120973535028	197.06681460302542	-394.13362920605084	-779.8772584121018	98.53340730151271	-394.13362920605084	394.13362920605084	-325.64802433837576	394.13362920605084	-385.7436292060513	779.8772584121018	-98.53340730151271	-976.9440730151272	128.58120973535028	-197.06681460302542	8.39	325.64802433837576
549	-13.35153386897349	176.9984064276806	-13.35153386897349	176.9984064276806	-238.79454190357413	238.79454190357413	876.602032138403	292.2006773794677	176.9984064276806	176.9984064276806	-176.9984064276806	-353.9968128553612	176.9984064276806	176.9984064276806	176.9984064276806	238.7945419035741	-238.79454190357413	292.2006773794677	115.20227095178709	115.20227095178709	176.9984064276806	-353.9968128553612	-699.6036257107224	88.4992032138403	-353.9968128553612	353.9968128553612	-292.2006773794677	353.9968128553612	-345.60681285536117	699.6036257107224	-88.4992032138403	-876.602032138403	115.20227095178709	-176.9984064276806	8.39	292.2006773794676
550	-13.27166254964492	176.0399505957384	-13.27166254964492	176.0399505957384	-237.5166007943178	237.5166007943178	871.8097529786919	290.6032509928973	176.0399505957384	176.0399505957384	-176.0399505957384	-352.0799011914768	176.0399505957384	176.0399505957384	176.0399505957384	237.5166007943178	-237.5166007943178	290.6032509928973	114.56330039715897	114.56330039715897	176.0399505957384	-352.0799011914768	-695.7698023829537	88.0199752978692	-352.0799011914768	352.0799011914768	-290.6032509928973	352.0799011914768	-343.68990119147657	695.7698023829537	-88.0199752978692	-871.8097529786919	114.56330039715897	-176.0399505957384	8.39	290.6032509928973
551	-14.863998835623306	195.1479860274789	-14.863998835623306	195.1479860274789	-262.9939813699719	262.9939813699719	967.3499301373945	322.44997671246483	195.1479860274789	195.1479860274789	-195.1479860274789	-390.2959720549578	195.1479860274789	195.1479860274789	195.1479860274789	262.99398136997183	-262.9939813699719	322.44997671246483	127.30199068498594	127.30199068498594	195.1479860274789	-390.2959720549578	-772.2019441099158	97.57399301373945	-390.2959720549578	390.2959720549578	-322.44997671246483	390.2959720549578	-381.9059720549576	772.2019441099158	-97.57399301373945	-967.3499301373945	127.30199068498594	-195.1479860274789	8.39	322.44997671246483
552	-14.624383599691782	192.27260319630028	-14.624383599691782	192.27260319630028	-259.16013759506694	259.16013759506694	952.9730159815015	317.6576719938338	192.27260319630028	192.27260319630028	-192.27260319630028	-384.54520639260056	192.27260319630028	192.27260319630028	192.27260319630028	259.160137595067	-259.16013759506694	317.6576719938338	125.38506879753362	125.38506879753362	192.27260319630028	-384.54520639260056	-760.7004127852011	96.13630159815014	-384.54520639260056	384.54520639260056	-317.6576719938338	384.54520639260056	-376.1552063926006	760.7004127852011	-96.13630159815014	-952.9730159815015	125.38506879753362	-192.27260319630028	8.39	317.6576719938338
553	-9.746009376635072	133.73211251962044	-9.746009376635072	133.73211251962044	-181.10615002616058	181.10615002616058	660.2705625981022	220.09018753270084	133.73211251962044	133.73211251962044	-133.73211251962044	-267.4642250392409	133.73211251962044	133.73211251962044	133.73211251962044	181.10615002616055	-181.10615002616058	220.09018753270084	86.3580750130803	86.3580750130803	133.73211251962044	-267.4642250392409	-526.5384500784819	66.86605625981022	-267.4642250392409	267.4642250392409	-220.09018753270084	267.4642250392409	-259.0742250392408	526.5384500784819	-66.86605625981022	-660.2705625981022	86.3580750130803	-133.73211251962044	8.39	220.09018753270072
554	-13.75099802552239	181.79197630626726	-13.75099802552239	181.79197630626726	-245.1859684083563	245.1859684083563	900.5698815313363	300.1899605104454	181.79197630626726	181.79197630626726	-181.79197630626726	-363.5839526125345	181.79197630626726	181.79197630626726	181.79197630626726	245.1859684083563	-245.1859684083563	300.1899605104454	118.39798420417821	118.39798420417821	181.79197630626726	-363.5839526125345	-718.7779052250692	90.89598815313363	-363.5839526125345	363.5839526125345	-300.1899605104454	363.5839526125345	-355.1939526125343	718.7779052250692	-90.89598815313363	-900.5698815313363	118.39798420417821	-181.79197630626726	8.39	300.1899605104454
555	-10.356709448422341	141.06051338106613	-10.356709448422341	141.06051338106613	-190.87735117475484	190.87735117475484	696.9125669053308	232.30418896844344	141.06051338106613	141.06051338106613	-141.06051338106613	-282.12102676213226	141.06051338106613	141.06051338106613	141.06051338106613	190.87735117475495	-190.87735117475484	232.30418896844344	91.24367558737742	91.24367558737742	141.06051338106613	-282.12102676213226	-555.8520535242645	70.53025669053307	-282.12102676213226	282.12102676213226	-232.30418896844344	282.12102676213226	-273.73102676213205	555.8520535242645	-70.53025669053307	-696.9125669053308	91.24367558737742	-141.06051338106613	8.39	232.30418896844367
556	-5.2720922869722155	80.0451074436653	-5.2720922869722155	80.0451074436653	-109.52347659155373	109.52347659155373	391.83553721832664	130.61184573944206	80.0451074436653	80.0451074436653	-80.0451074436653	-160.0902148873306	80.0451074436653	80.0451074436653	80.0451074436653	109.52347659155384	-109.52347659155373	130.61184573944206	50.56673829577687	50.56673829577687	80.0451074436653	-160.0902148873306	-311.7904297746612	40.02255372183265	-160.0902148873306	160.0902148873306	-130.61184573944206	160.0902148873306	-151.7002148873304	311.7904297746612	-40.02255372183265	-391.83553721832664	50.56673829577687	-80.0451074436653	8.39	130.6118457394423
557	-12.552016202781983	167.40419443338328	-12.552016202781983	167.40419443338328	-226.00225924451104	226.00225924451104	828.6309721669165	276.2103240556387	167.40419443338328	167.40419443338328	-167.40419443338328	-334.80838886676656	167.40419443338328	167.40419443338328	167.40419443338328	226.00225924451115	-226.00225924451104	276.2103240556387	108.80612962225553	108.80612962225553	167.40419443338328	-334.80838886676656	-661.2267777335331	83.70209721669164	-334.80838886676656	334.80838886676656	-276.2103240556387	334.80838886676656	-326.4183888667666	661.2267777335331	-83.70209721669164	-828.6309721669165	108.80612962225553	-167.40419443338328	8.39	276.2103240556389
558	-14.837321957244837	194.82786348693685	-14.837321957244837	194.82786348693685	-262.5671513159158	262.5671513159158	965.7493174346844	321.91643914489464	194.82786348693685	194.82786348693685	-194.82786348693685	-389.6557269738737	194.82786348693685	194.82786348693685	194.82786348693685	262.5671513159159	-262.5671513159158	321.91643914489464	127.0885756579579	127.0885756579579	194.82786348693685	-389.6557269738737	-770.9214539477474	97.41393174346842	-389.6557269738737	389.6557269738737	-321.91643914489464	389.6557269738737	-381.2657269738735	770.9214539477474	-97.41393174346842	-965.7493174346844	127.0885756579579	-194.82786348693685	8.39	321.91643914489487
559	-9.932481928368615	135.96978314042303	-9.932481928368615	135.96978314042303	-184.08971085389737	184.08971085389737	671.4589157021153	223.8196385673716	135.96978314042303	135.96978314042303	-135.96978314042303	-271.93956628084607	135.96978314042303	135.96978314042303	135.96978314042303	184.0897108538975	-184.08971085389737	223.8196385673716	87.8498554269487	87.8498554269487	135.96978314042303	-271.93956628084607	-535.4891325616921	67.98489157021152	-271.93956628084607	271.93956628084607	-223.8196385673716	271.93956628084607	-263.5495662808461	535.4891325616921	-67.98489157021152	-671.4589157021153	87.8498554269487	-135.96978314042303	8.39	223.81963856737184
560	-9.586265034052191	131.81518040862488	-9.586265034052191	131.81518040862488	-178.55024054483317	178.55024054483317	650.6859020431245	216.89530068104136	131.81518040862488	131.81518040862488	-131.81518040862488	-263.63036081724977	131.81518040862488	131.81518040862488	131.81518040862488	178.5502405448333	-178.55024054483317	216.89530068104136	85.0801202724166	85.0801202724166	131.81518040862488	-263.63036081724977	-518.8707216344995	65.90759020431244	-263.63036081724977	263.63036081724977	-216.89530068104136	263.63036081724977	-255.24036081724955	518.8707216344995	-65.90759020431244	-650.6859020431245	85.0801202724166	-131.81518040862488	8.39	216.8953006810416
561	-13.670967176971018	180.83160612365032	-13.670967176971018	180.83160612365032	-243.90547483153375	243.90547483153375	895.7680306182517	298.5893435394171	180.83160612365032	180.83160612365032	-180.83160612365032	-361.66321224730063	180.83160612365032	180.83160612365032	180.83160612365032	243.90547483153387	-243.90547483153375	298.5893435394171	117.75773741576688	117.75773741576688	180.83160612365032	-361.66321224730063	-714.9364244946013	90.41580306182516	-361.66321224730063	361.66321224730063	-298.5893435394171	361.66321224730063	-353.2732122473004	714.9364244946013	-90.41580306182516	-895.7680306182517	117.75773741576688	-180.83160612365032	8.39	298.5893435394173
562	-12.232953079940517	163.5754369592853	-12.232953079940517	163.5754369592853	-220.89724927904706	220.89724927904706	809.4871847964266	269.8290615988087	163.5754369592853	163.5754369592853	-163.5754369592853	-327.1508739185706	163.5754369592853	163.5754369592853	163.5754369592853	220.89724927904717	-220.89724927904706	269.8290615988087	106.25362463952354	106.25362463952354	163.5754369592853	-327.1508739185706	-645.9117478371412	81.78771847964265	-327.1508739185706	327.1508739185706	-269.8290615988087	327.1508739185706	-318.7608739185704	645.9117478371412	-81.78771847964265	-809.4871847964266	106.25362463952354	-163.5754369592853	8.39	269.82906159880895
563	-12.100259627922247	161.98311553506687	-12.100259627922247	161.98311553506687	-218.77415404675583	218.77415404675583	801.5255776753345	267.1751925584447	161.98311553506687	161.98311553506687	-161.98311553506687	-323.96623107013374	161.98311553506687	161.98311553506687	161.98311553506687	218.77415404675594	-218.77415404675583	267.1751925584447	105.19207702337792	105.19207702337792	161.98311553506687	-323.96623107013374	-639.5424621402675	80.99155776753344	-323.96623107013374	323.96623107013374	-267.1751925584447	323.96623107013374	-315.57623107013376	639.5424621402675	-80.99155776753344	-801.5255776753345	105.19207702337792	-161.98311553506687	8.39	267.1751925584449
564	-14.597759968575275	191.95311962290532	-14.597759968575275	191.95311962290532	-258.7341594972071	258.7341594972071	951.3755981145265	317.12519937150887	191.95311962290532	191.95311962290532	-191.95311962290532	-383.90623924581064	191.95311962290532	191.95311962290532	191.95311962290532	258.734159497207	-258.7341594972071	317.12519937150887	125.17207974860355	125.17207974860355	191.95311962290532	-383.90623924581064	-759.4224784916213	95.97655981145266	-383.90623924581064	383.90623924581064	-317.12519937150887	383.90623924581064	-375.51623924581094	759.4224784916213	-95.97655981145266	-951.3755981145265	125.17207974860355	-191.95311962290532	8.39	317.12519937150887
565	-12.684656620101693	168.9958794412195	-12.684656620101693	168.9958794412195	-228.124505921626	228.124505921626	836.5893972060976	278.86313240203253	168.9958794412195	168.9958794412195	-168.9958794412195	-337.991758882439	168.9958794412195	168.9958794412195	168.9958794412195	228.124505921626	-228.124505921626	278.86313240203253	109.867252960813	109.867252960813	168.9958794412195	-337.991758882439	-667.5935177648779	84.49793972060975	-337.991758882439	337.991758882439	-278.86313240203253	337.991758882439	-329.60175888243907	667.5935177648779	-84.49793972060975	-836.5893972060976	109.867252960813	-168.9958794412195	8.39	278.8631324020325
566	-10.463098116906567	142.33717740287943	-10.463098116906567	142.33717740287943	-192.5795698705059	192.5795698705059	703.2958870143973	234.43196233813228	142.33717740287943	142.33717740287943	-142.33717740287943	-284.67435480575887	142.33717740287943	142.33717740287943	142.33717740287943	192.57956987050602	-192.5795698705059	234.43196233813228	92.09478493525296	92.09478493525296	142.33717740287943	-284.67435480575887	-560.9587096115177	71.16858870143972	-284.67435480575887	284.67435480575887	-234.43196233813228	284.67435480575887	-276.2843548057589	560.9587096115177	-71.16858870143972	-703.2958870143973	92.09478493525296	-142.33717740287943	8.39	234.4319623381325
567	-14.917246523835587	195.7869582860249	-14.917246523835587	195.7869582860249	-263.84594438136656	263.84594438136656	970.5447914301246	323.5149304767083	195.7869582860249	195.7869582860249	-195.7869582860249	-391.5739165720498	195.7869582860249	195.7869582860249	195.7869582860249	263.8459443813665	-263.84594438136656	323.5149304767083	127.72797219068329	127.72797219068329	195.7869582860249	-391.5739165720498	-774.7578331440995	97.89347914301246	-391.5739165720498	391.5739165720498	-323.5149304767083	391.5739165720498	-383.18391657204984	774.7578331440995	-97.89347914301246	-970.5447914301246	127.72797219068329	-195.7869582860249	8.39	323.5149304767082
568	-6.198778584052063	91.16534300862426	-6.198778584052063	91.16534300862426	-124.35045734483242	124.35045734483242	447.43671504312124	149.14557168104056	91.16534300862426	91.16534300862426	-91.16534300862426	-182.33068601724852	91.16534300862426	91.16534300862426	91.16534300862426	124.35045734483242	-124.35045734483242	149.14557168104056	57.980228672416104	57.980228672416104	91.16534300862426	-182.33068601724852	-356.27137203449706	45.58267150431213	-182.33068601724852	182.33068601724852	-149.14557168104056	182.33068601724852	-173.94068601724848	356.27137203449706	-45.58267150431213	-447.43671504312124	57.980228672416104	-91.16534300862426	8.39	149.1455716810404
569	-6.571619109484912	95.63942931381757	-6.571619109484912	95.63942931381757	-130.31590575175676	130.31590575175676	469.807146569088	156.60238218969585	95.63942931381757	95.63942931381757	-95.63942931381757	-191.27885862763515	95.63942931381757	95.63942931381757	95.63942931381757	130.31590575175687	-130.31590575175676	156.60238218969585	60.962952875878386	60.962952875878386	95.63942931381757	-191.27885862763515	-374.1677172552703	47.819714656908786	-191.27885862763515	191.27885862763515	-156.60238218969585	191.27885862763515	-182.88885862763493	374.1677172552703	-47.819714656908786	-469.807146569088	60.962952875878386	-95.63942931381757	8.39	156.60238218969607
570	-2.954021492632363	52.228257911588344	-2.954021492632363	52.228257911588344	-72.43434388211779	72.43434388211779	252.75128955794185	84.25042985264713	52.228257911588344	52.228257911588344	-52.228257911588344	-104.45651582317669	52.228257911588344	52.228257911588344	52.228257911588344	72.4343438821179	-72.43434388211779	84.25042985264713	32.0221719410589	32.0221719410589	52.228257911588344	-104.45651582317669	-200.5230316463534	26.114128955794172	-104.45651582317669	104.45651582317669	-84.25042985264713	104.45651582317669	-96.0665158231767	200.5230316463534	-26.114128955794172	-252.75128955794185	32.0221719410589	-52.228257911588344	8.39	84.25042985264736
571	-3.8521248218260453	63.00549786191245	-3.8521248218260453	63.00549786191245	-86.8039971492166	86.8039971492166	306.63748930956217	102.21249643652072	63.00549786191245	63.00549786191245	-63.00549786191245	-126.0109957238249	63.00549786191245	63.00549786191245	63.00549786191245	86.80399714921646	-86.8039971492166	102.21249643652072	39.20699857460831	39.20699857460831	63.00549786191245	-126.0109957238249	-243.63199144764982	31.502748930956226	-126.0109957238249	126.0109957238249	-102.21249643652072	126.0109957238249	-117.62099572382476	243.63199144764982	-31.502748930956226	-306.63748930956217	39.20699857460831	-63.00549786191245	8.39	102.21249643652078
572	-5.484497529096162	82.5939703491534	-5.484497529096162	82.5939703491534	-112.9219604655379	112.9219604655379	404.579851745767	134.85995058192236	82.5939703491534	82.5939703491534	-82.5939703491534	-165.1879406983068	82.5939703491534	82.5939703491534	82.5939703491534	112.92196046553784	-112.9219604655379	134.85995058192236	52.2659802327689	52.2659802327689	82.5939703491534	-165.1879406983068	-321.98588139661354	41.2969851745767	-165.1879406983068	165.1879406983068	-134.85995058192236	165.1879406983068	-156.79794069830666	321.98588139661354	-41.2969851745767	-404.579851745767	52.2659802327689	-82.5939703491534	8.39	134.8599505819224
573	-8.02511575408275	113.08138904899192	-8.02511575408275	113.08138904899192	-153.57185206532256	153.57185206532256	557.0169452449597	185.6723150816531	113.08138904899192	113.08138904899192	-113.08138904899192	-226.16277809798385	113.08138904899192	113.08138904899192	113.08138904899192	153.57185206532267	-153.57185206532256	185.6723150816531	72.59092603266129	72.59092603266129	113.08138904899192	-226.16277809798385	-443.9355561959677	56.54069452449596	-226.16277809798385	226.16277809798385	-185.6723150816531	226.16277809798385	-217.77277809798363	443.9355561959677	-56.54069452449596	-557.0169452449597	72.59092603266129	-113.08138904899192	8.39	185.67231508165332
574	-9.879181205458309	135.3301744654974	-9.879181205458309	135.3301744654974	-183.2368992873299	183.2368992873299	668.2608723274873	222.75362410916242	135.33017446549744	135.3301744654974	-135.33017446549744	-270.6603489309948	135.33017446549744	135.3301744654974	135.33017446549744	183.23689928733006	-183.2368992873299	222.7536241091624	87.42344964366492	87.42344964366492	135.33017446549744	-270.6603489309948	-532.9306978619896	67.6650872327487	-270.6603489309948	270.6603489309948	-222.75362410916242	270.6603489309948	-262.2703489309949	532.9306978619896	-67.6650872327487	-668.2608723274873	87.42344964366492	-135.33017446549744	8.39	222.75362410916236
575	-5.2454154085938285	79.7249849031258	-5.2454154085938285	79.7249849031258	-109.09664653750106	109.09664653750106	390.234924515629	130.0783081718763	79.7249849031258	79.7249849031258	-79.7249849031258	-159.4499698062516	79.7249849031258	79.7249849031258	79.7249849031258	109.0966465375011	-109.09664653750106	130.0783081718763	50.353323268750536	50.353323268750536	79.7249849031258	-159.4499698062516	-310.5099396125032	39.8624924515629	-159.4499698062516	159.4499698062516	-130.0783081718763	159.4499698062516	-151.05996980625153	310.5099396125032	-39.8624924515629	-390.234924515629	50.353323268750536	-79.7249849031258	8.39	130.07830817187644
576	-14.651060691485972	192.59272829783134	-14.651060691485972	192.59272829783134	-259.58697106377514	259.58697106377514	954.5736414891567	318.191213829719	192.59272829783134	192.59272829783134	-192.59272829783134	-385.1854565956627	192.59272829783134	192.59272829783134	192.59272829783134	259.5869710637751	-259.58697106377514	318.191213829719	125.59848553188755	125.59848553188755	192.59272829783134	-385.1854565956627	-761.9809131913255	96.29636414891567	-385.1854565956627	385.1854565956627	-318.191213829719	385.1854565956627	-376.7954565956626	761.9809131913255	-96.29636414891567	-954.5736414891567	125.59848553188755	-192.59272829783134	8.39	318.1912138297189
577	-8.977630367579412	124.51156441095304	-8.977630367579412	124.51156441095304	-168.81208588127072	168.81208588127072	614.1678220547653	204.7226073515883	124.51156441095304	124.51156441095304	-124.51156441095304	-249.02312882190608	124.51156441095304	124.51156441095304	124.51156441095304	168.81208588127083	-168.81208588127072	204.7226073515883	80.21104294063537	80.21104294063537	124.51156441095304	-249.02312882190608	-489.6562576438122	62.25578220547652	-249.02312882190608	249.02312882190608	-204.7226073515883	249.02312882190608	-240.6331288219061	489.6562576438122	-62.25578220547652	-614.1678220547653	80.21104294063537	-124.51156441095304	8.39	204.72260735158852
578	-8.712826425184645	121.33391710221508	-8.712826425184645	121.33391710221508	-164.57522280295342	164.57522280295342	598.2795855110754	199.42652850369174	121.33391710221505	121.33391710221508	-121.33391710221505	-242.66783420443014	121.33391710221505	121.33391710221508	121.33391710221505	164.57522280295348	-164.57522280295342	199.42652850369177	78.09261140147674	78.09261140147674	121.33391710221505	-242.66783420443014	-476.94566840886023	60.66695855110754	-242.66783420443014	242.66783420443014	-199.42652850369174	242.66783420443014	-234.27783420443006	476.94566840886023	-60.66695855110754	-598.2795855110754	78.09261140147674	-121.33391710221505	8.39	199.42652850369177
579	-9.82582723528543	134.689926823424	-9.82582723528543	134.689926823424	-182.3832357645653	182.3832357645653	665.05963411712	221.6865447057066	134.68992682342397	134.689926823424	-134.68992682342397	-269.379853646848	134.68992682342397	134.689926823424	134.68992682342397	182.38323576456537	-182.3832357645653	221.68654470570664	86.99661788228269	86.99661788228269	134.68992682342397	-269.379853646848	-530.3697072936959	67.344963411712	-269.379853646848	269.379853646848	-221.6865447057066	269.379853646848	-260.9898536468478	530.3697072936959	-67.344963411712	-665.05963411712	86.99661788228269	-134.68992682342397	8.39	221.6865447057067
580	-13.777728364578975	182.11274037494644	-13.777728364578975	182.11274037494644	-245.61365383326194	245.61365383326194	902.1737018747322	300.7245672915775	182.11274037494644	182.11274037494644	-182.11274037494644	-364.2254807498929	182.11274037494644	182.11274037494644	182.11274037494644	245.61365383326188	-245.61365383326194	300.7245672915775	118.61182691663095	118.61182691663095	182.11274037494644	-364.2254807498929	-720.0609614997859	91.05637018747322	-364.2254807498929	364.2254807498929	-300.7245672915775	364.2254807498929	-355.8354807498928	720.0609614997859	-91.05637018747322	-902.1737018747322	118.61182691663095	-182.11274037494644	8.39	300.7245672915773
581	-14.148655375138008	186.5638645016545	-14.148655375138008	186.5638645016545	-251.548486002206	251.548486002206	924.4293225082727	308.1431075027574	186.5638645016545	186.5638645016545	-186.5638645016545	-373.127729003309	186.5638645016545	186.5638645016545	186.5638645016545	251.54848600220612	-251.548486002206	308.1431075027574	121.57924300110301	121.57924300110301	186.5638645016545	-373.127729003309	-737.865458006618	93.28193225082725	-373.127729003309	373.127729003309	-308.1431075027574	373.127729003309	-364.7377290033088	737.865458006618	-93.28193225082725	-924.4293225082727	121.57924300110301	-186.5638645016545	8.39	308.14310750275763
582	-11.730018049213186	157.54021659055763	-11.730018049213186	157.54021659055763	-212.85028878741016	212.85028878741016	779.3110829527882	259.77036098426265	157.54021659055763	157.54021659055763	-157.54021659055763	-315.08043318111527	157.54021659055763	157.54021659055763	157.54021659055763	212.85028878741014	-212.85028878741016	259.77036098426265	102.23014439370509	102.23014439370509	157.54021659055763	-315.08043318111527	-621.7708663622305	78.77010829527882	-315.08043318111527	315.08043318111527	-259.77036098426265	315.08043318111527	-306.6904331811153	621.7708663622305	-78.77010829527882	-779.3110829527882	102.23014439370509	-157.54021659055763	8.39	259.7703609842627
583	-10.67481432629171	144.87777191550015	-10.67481432629171	144.87777191550015	-195.96702922066686	195.96702922066686	715.9988595775006	238.66628652583358	144.87777191550015	144.87777191550015	-144.87777191550015	-289.7555438310003	144.87777191550015	144.87777191550015	144.87777191550015	195.96702922066675	-195.96702922066686	238.66628652583358	93.78851461033344	93.78851461033344	144.87777191550015	-289.7555438310003	-571.1210876620006	72.43888595775007	-289.7555438310003	289.7555438310003	-238.66628652583358	289.7555438310003	-281.3655438310002	571.1210876620006	-72.43888595775007	-715.9988595775006	93.78851461033344	-144.87777191550015	8.39	238.66628652583358
584	-3.3501446350207402	56.9817356202492	-3.3501446350207402	56.9817356202492	-78.77231416033226	78.77231416033226	276.5186781012459	92.17289270041533	56.9817356202492	56.9817356202492	-56.9817356202492	-113.9634712404984	56.9817356202492	56.9817356202492	56.9817356202492	78.77231416033214	-78.77231416033226	92.17289270041533	35.191157080166136	35.191157080166136	56.9817356202492	-113.9634712404984	-219.5369424809968	28.4908678101246	-113.9634712404984	113.9634712404984	-92.17289270041533	113.9634712404984	-105.57347124049818	219.5369424809968	-28.4908678101246	-276.5186781012459	35.191157080166136	-56.9817356202492	8.39	92.17289270041533
585	-12.04690565774955	161.34286789299395	-12.04690565774955	161.34286789299395	-217.92049052399193	217.92049052399193	798.3243394649699	266.10811315498995	161.34286789299395	161.34286789299395	-161.34286789299395	-322.6857357859879	161.34286789299395	161.34286789299395	161.34286789299395	217.92049052399193	-217.92049052399193	266.10811315498995	104.76524526199597	104.76524526199597	161.34286789299395	-322.6857357859879	-636.9814715719757	80.67143394649698	-322.6857357859879	322.6857357859879	-266.10811315498995	322.6857357859879	-314.295735785988	636.9814715719757	-80.67143394649698	-798.3243394649699	104.76524526199597	-161.34286789299395	8.39	266.1081131549899
586	-14.943816907689408	196.10580289227187	-14.943816907689408	196.10580289227187	-264.27107052302915	264.27107052302915	972.1390144613595	324.04633815378634	196.10580289227187	196.10580289227187	-196.10580289227187	-392.21160578454374	196.10580289227187	196.10580289227187	196.10580289227187	264.27107052302927	-264.27107052302915	324.04633815378634	127.94053526151458	127.94053526151458	196.10580289227187	-392.21160578454374	-776.0332115690875	98.05290144613593	-392.21160578454374	392.21160578454374	-324.04633815378634	392.21160578454374	-383.8216057845435	776.0332115690875	-98.05290144613593	-972.1390144613595	127.94053526151458	-196.10580289227187	8.39	324.04633815378656
587	-13.324856990594968	176.67828388713974	-13.324856990594968	176.67828388713974	-238.36771184951965	238.36771184951965	875.0014194356988	291.66713981189946	176.67828388713974	176.67828388713974	-176.67828388713974	-353.3565677742795	176.67828388713974	176.67828388713974	176.67828388713974	238.36771184951976	-238.36771184951965	291.66713981189946	114.98885592475983	114.98885592475983	176.67828388713974	-353.3565677742795	-698.323135548559	88.33914194356987	-353.3565677742795	353.3565677742795	-291.66713981189946	353.3565677742795	-344.9665677742795	698.323135548559	-88.33914194356987	-875.0014194356988	114.98885592475983	-176.67828388713974	8.39	291.6671398118997
588	-6.518265139312064	94.99918167174405	-6.518265139312064	94.99918167174405	-129.46224222899207	129.46224222899207	466.6059083587204	155.53530278623998	94.99918167174405	94.99918167174405	-94.99918167174405	-189.9983633434881	94.99918167174405	94.99918167174405	94.99918167174405	129.46224222899218	-129.46224222899207	155.53530278623998	60.53612111449604	60.53612111449604	94.99918167174405	-189.9983633434881	-371.60672668697623	47.49959083587203	-189.9983633434881	189.9983633434881	-155.53530278623998	189.9983633434881	-181.60836334348812	371.60672668697623	-47.49959083587203	-466.6059083587204	60.53612111449604	-94.99918167174405	8.39	155.5353027862402
589	-13.378210960767845	177.31853152921272	-13.378210960767845	177.31853152921272	-239.22137537228363	239.22137537228363	878.2026576460638	292.73421921535464	177.31853152921272	177.31853152921272	-177.31853152921272	-354.63706305842544	177.31853152921272	177.31853152921272	177.31853152921272	239.22137537228377	-239.22137537228363	292.73421921535464	115.41568768614182	115.41568768614182	177.31853152921272	-354.63706305842544	-700.8841261168508	88.65926576460636	-354.63706305842544	354.63706305842544	-292.73421921535464	354.63706305842544	-346.24706305842574	700.8841261168508	-88.65926576460636	-878.2026576460638	115.41568768614182	-177.31853152921272	8.39	292.73421921535447
590	-10.012246539756916	136.92695847708137	-10.012246539756916	136.92695847708137	-185.3659446361085	185.3659446361085	676.2447923854068	225.41493079513566	136.92695847708137	136.92695847708137	-136.92695847708137	-273.85391695416274	136.92695847708137	136.92695847708137	136.92695847708137	185.36594463610845	-185.3659446361085	225.41493079513566	88.48797231805423	88.48797231805423	136.92695847708137	-273.85391695416274	-539.3178339083255	68.46347923854069	-273.85391695416274	273.85391695416274	-225.41493079513566	273.85391695416274	-265.4639169541624	539.3178339083255	-68.46347923854069	-676.2447923854068	88.48797231805423	-136.92695847708137	8.39	225.4149307951355
591	-6.836476299142021	98.81771558970297	-6.836476299142021	98.81771558970297	-134.5536207862706	134.5536207862706	485.69857794851487	161.89952598283833	98.81771558970297	98.81771558970297	-98.81771558970297	-197.63543117940594	98.81771558970297	98.81771558970297	98.81771558970297	134.55362078627059	-134.5536207862706	161.89952598283833	63.08181039313532	63.08181039313532	98.81771558970297	-197.63543117940594	-386.8808623588119	49.408857794851485	-197.63543117940594	197.63543117940594	-161.89952598283833	197.63543117940594	-189.24543117940573	386.8808623588119	-49.408857794851485	-485.69857794851487	63.08181039313532	-98.81771558970297	8.39	161.89952598283824
592	-15.183112018092647	198.97734421711078	-15.183112018092647	198.97734421711078	-268.09979228948106	268.09979228948106	986.4967210855539	328.8322403618514	198.97734421711078	198.97734421711078	-198.97734421711078	-397.95468843422157	198.97734421711078	198.97734421711078	198.97734421711078	268.099792289481	-268.09979228948106	328.8322403618514	129.8548961447405	129.8548961447405	198.97734421711078	-397.95468843422157	-787.5193768684433	99.48867210855539	-397.95468843422157	397.95468843422157	-328.8322403618514	397.95468843422157	-389.56468843422147	787.5193768684433	-99.48867210855539	-986.4967210855539	129.8548961447405	-198.97734421711078	8.39	328.8322403618513
593	-7.812763972636892	110.53316767164074	-7.812763972636892	110.53316767164074	-150.17422356218765	150.17422356218765	544.2758383582038	181.42527945273446	110.53316767164074	110.53316767164074	-110.53316767164074	-221.06633534328148	110.53316767164074	110.53316767164074	110.53316767164074	150.17422356218776	-150.17422356218765	181.42527945273446	70.89211178109383	70.89211178109383	110.53316767164074	-221.06633534328148	-433.742670686563	55.26658383582037	-221.06633534328148	221.06633534328148	-181.42527945273446	221.06633534328148	-212.67633534328127	433.742670686563	-55.26658383582037	-544.2758383582038	70.89211178109383	-110.53316767164074	8.39	181.42527945273469
594	-12.366605202910492	165.17926243492505	-12.366605202910492	165.17926243492505	-223.03568324656672	223.03568324656672	817.5063121746252	272.5021040582084	165.17926243492505	165.17926243492505	-165.17926243492505	-330.3585248698501	165.17926243492505	165.17926243492505	165.17926243492505	223.0356832465667	-223.03568324656672	272.5021040582084	107.32284162328337	107.32284162328337	165.17926243492505	-330.3585248698501	-652.3270497397001	82.58963121746253	-330.3585248698501	330.3585248698501	-272.5021040582084	330.3585248698501	-321.96852486985006	652.3270497397001	-82.58963121746253	-817.5063121746252	107.32284162328337	-165.17926243492505	8.39	272.50210405820843
595	-5.2988226260289935	80.36587151234517	-5.2988226260289935	80.36587151234517	-109.95116201646022	109.95116201646022	393.43935756172584	131.14645252057528	80.36587151234517	80.36587151234517	-80.36587151234517	-160.73174302469033	80.36587151234517	80.36587151234517	80.36587151234517	109.95116201646022	-109.95116201646022	131.14645252057528	50.780581008230115	50.780581008230115	80.36587151234517	-160.73174302469033	-313.0734860493807	40.18293575617258	-160.73174302469033	160.73174302469033	-131.14645252057528	160.73174302469033	-152.34174302469	313.0734860493807	-40.18293575617258	-393.43935756172584	50.780581008230115	-80.36587151234517	8.39	131.14645252057528
596	-7.8925818312876	111.49098197544737	-7.8925818312876	111.49098197544737	-151.45130930059648	151.45130930059648	549.0649098772368	183.0216366257457	111.49098197544737	111.49098197544737	-111.49098197544737	-222.98196395089474	111.49098197544737	111.49098197544737	111.49098197544737	151.45130930059645	-151.45130930059648	183.0216366257457	71.53065465029825	71.53065465029825	111.49098197544737	-222.98196395089474	-437.57392790178955	55.745490987723684	-222.98196395089474	222.98196395089474	-183.0216366257457	222.98196395089474	-214.5919639508943	437.57392790178955	-55.745490987723684	-549.0649098772368	71.53065465029825	-111.49098197544737	8.39	183.02163662574551
597	-13.004302918000405	172.8316350160036	-13.004302918000405	172.8316350160036	-233.23884668800477	233.23884668800477	855.768175080018	285.256058360006	172.8316350160036	172.8316350160036	-172.8316350160036	-345.6632700320072	172.8316350160036	172.8316350160036	172.8316350160036	233.23884668800474	-233.23884668800477	285.256058360006	112.4244233440024	112.4244233440024	172.8316350160036	-345.6632700320072	-682.9365400640144	86.4158175080018	-345.6632700320072	345.6632700320072	-285.256058360006	345.6632700320072	-337.273270032007	682.9365400640144	-86.4158175080018	-855.768175080018	112.4244233440024	-172.8316350160036	8.39	285.2560583600059
598	-12.711227003955685	169.31472404746728	-12.711227003955685	169.31472404746728	-228.5496320632897	228.5496320632897	838.1836202373364	279.3945400791122	169.31472404746728	169.31472404746728	-169.31472404746728	-338.62944809493456	169.31472404746728	169.31472404746728	169.31472404746728	228.54963206328966	-228.5496320632897	279.3945400791122	110.07981603164487	110.07981603164487	169.31472404746728	-338.62944809493456	-668.8688961898691	84.65736202373364	-338.62944809493456	338.62944809493456	-279.3945400791122	338.62944809493456	-330.2394480949345	668.8688961898691	-84.65736202373364	-838.1836202373364	110.07981603164487	-169.31472404746728	8.39	279.39454007911206
599	-13.431351941039694	177.95622329247547	-13.431351941039694	177.95622329247547	-240.07163105663395	240.07163105663395	881.3911164623773	293.7970388207924	177.95622329247547	177.95622329247547	-177.95622329247547	-355.91244658495094	177.95622329247547	177.95622329247547	177.95622329247547	240.07163105663392	-240.07163105663395	293.7970388207924	115.84081552831698	115.84081552831698	177.95622329247547	-355.91244658495094	-703.4348931699018	88.97811164623774	-355.91244658495094	355.91244658495094	-293.7970388207924	355.91244658495094	-347.5224465849509	703.4348931699018	-88.97811164623774	-881.3911164623773	115.84081552831698	-177.95622329247547	8.39	293.79703882079247
600	-12.95100219508987	172.19202634107705	-12.95100219508987	172.19202634107705	-232.38603512143607	232.38603512143607	852.5701317053854	284.1900439017951	172.19202634107705	172.19202634107705	-172.19202634107705	-344.3840526821541	172.19202634107705	172.19202634107705	172.19202634107705	232.38603512143618	-232.38603512143607	284.1900439017951	111.99801756071804	111.99801756071804	172.19202634107705	-344.3840526821541	-680.3781053643082	86.09601317053853	-344.3840526821541	344.3840526821541	-284.1900439017951	344.3840526821541	-335.99405268215395	680.3781053643082	-86.09601317053853	-852.5701317053854	111.99801756071804	-172.19202634107705	8.39	284.1900439017951
601	-9.559694650198196	131.4963358023781	-9.559694650198196	131.4963358023781	-178.12511440317078	178.12511440317078	649.0916790118905	216.36389300396354	131.4963358023781	131.4963358023781	-131.4963358023781	-262.9926716047562	131.4963358023781	131.4963358023781	131.4963358023781	178.12511440317076	-178.12511440317078	216.36389300396354	84.86755720158541	84.86755720158541	131.4963358023781	-262.9926716047562	-517.5953432095124	65.74816790118905	-262.9926716047562	262.9926716047562	-216.36389300396354	262.9926716047562	-254.60267160475615	517.5953432095124	-65.74816790118905	-649.0916790118905	84.86755720158541	-131.4963358023781	8.39	216.36389300396345
602	-5.351963606300728	81.00356327560816	-5.351963606300728	81.00356327560816	-110.8014177008109	110.8014177008109	396.62781637804085	132.2092721260136	81.00356327560817	81.00356327560816	-81.00356327560817	-162.00712655121634	81.00356327560817	81.00356327560816	81.00356327560817	110.80141770081082	-110.8014177008109	132.20927212601362	51.20570885040546	51.20570885040546	81.00356327560817	-162.00712655121634	-315.6242531024327	40.50178163780408	-162.00712655121634	162.00712655121634	-132.2092721260136	162.00712655121634	-153.61712655121616	315.6242531024327	-40.50178163780408	-396.62781637804085	51.20570885040546	-81.00356327560817	8.39	132.20927212601362
603	-7.179987751358254	102.93985301630067	-7.179987751358254	102.93985301630067	-140.04980402173422	140.04980402173422	506.3092650815032	168.76975502716775	102.93985301630066	102.93985301630067	-102.93985301630066	-205.87970603260135	102.93985301630066	102.93985301630067	102.93985301630066	140.04980402173408	-140.04980402173422	168.76975502716778	65.82990201086713	65.82990201086713	102.93985301630066	-205.87970603260135	-403.36941206520265	51.46992650815034	-205.87970603260135	205.87970603260135	-168.76975502716775	205.87970603260135	-197.48970603260136	403.36941206520265	-51.46992650815034	-506.3092650815032	65.82990201086713	-102.93985301630066	8.39	168.7697550271678
604	-13.591255812845333	179.87506975414357	-13.591255812845333	179.87506975414357	-242.6300930055247	242.6300930055247	890.9853487707178	296.99511625690593	179.87506975414357	179.87506975414357	-179.87506975414357	-359.75013950828713	179.87506975414357	179.87506975414357	179.87506975414357	242.6300930055247	-242.6300930055247	296.99511625690593	117.12004650276242	117.12004650276242	179.87506975414357	-359.75013950828713	-711.1102790165744	89.93753487707178	-359.75013950828713	359.75013950828713	-296.99511625690593	359.75013950828713	-351.3601395082869	711.1102790165744	-89.93753487707178	-890.9853487707178	117.12004650276242	-179.87506975414357	8.39	296.99511625690593
605	-2.8480049189926717	50.95605902791169	-2.8480049189926717	50.95605902791169	-70.73807870388225	70.73807870388225	246.39029513955836	82.13009837985283	50.95605902791169	50.95605902791169	-50.95605902791169	-101.91211805582338	50.95605902791169	50.95605902791169	50.95605902791169	70.73807870388214	-70.73807870388225	82.13009837985283	31.174039351941133	31.174039351941133	50.95605902791169	-101.91211805582338	-195.43423611164678	25.478029513955846	-101.91211805582338	101.91211805582338	-82.13009837985283	101.91211805582338	-93.52211805582337	195.43423611164678	-25.478029513955846	-246.39029513955836	31.174039351941133	-50.95605902791169	8.39	82.13009837985283
606	-10.33003257004384	140.74039084052674	-10.33003257004384	140.74039084052674	-190.45052112070232	190.45052112070232	695.3119542026337	231.7706514008778	140.74039084052674	140.74039084052674	-140.74039084052674	-281.4807816810535	140.74039084052674	140.74039084052674	140.74039084052674	190.45052112070232	-190.45052112070232	231.7706514008778	91.03026056035117	91.03026056035117	140.74039084052674	-281.4807816810535	-554.571563362107	70.37019542026337	-281.4807816810535	281.4807816810535	-231.7706514008778	281.4807816810535	-273.0907816810536	554.571563362107	-70.37019542026337	-695.3119542026337	91.03026056035117	-140.74039084052674	8.39	231.77065140087794
607	-7.839387603753123	110.852651245037	-7.839387603753123	110.852651245037	-150.60020166004938	150.60020166004938	545.8732562251851	181.95775207506176	110.852651245037	110.852651245037	-110.852651245037	-221.705302490074	110.852651245037	110.852651245037	110.852651245037	150.60020166004938	-150.60020166004938	181.95775207506176	71.10510083002461	71.10510083002461	110.852651245037	-221.705302490074	-435.02060498014794	55.4263256225185	-221.705302490074	221.705302490074	-181.95775207506176	221.705302490074	-213.31530249007392	435.02060498014794	-55.4263256225185	-545.8732562251851	71.10510083002461	-110.852651245037	8.39	181.95775207506162
608	-10.409903889372345	141.6988466724681	-10.409903889372345	141.6988466724681	-191.72846222995747	191.72846222995747	700.1042333623406	233.36807778744674	141.6988466724681	141.6988466724681	-141.6988466724681	-283.3976933449362	141.6988466724681	141.6988466724681	141.6988466724681	191.72846222995747	-191.72846222995747	233.36807778744674	91.66923111497874	91.66923111497874	141.6988466724681	-283.3976933449362	-558.4053866898724	70.84942333623405	-283.3976933449362	283.3976933449362	-233.36807778744674	283.3976933449362	-275.0076933449361	558.4053866898724	-70.84942333623405	-700.1042333623406	91.66923111497874	-141.6988466724681	8.39	233.3680777874468
609	-13.64434354585508	180.51212255025953	-13.64434354585508	180.51212255025953	-243.47949673367938	243.47949673367938	894.1706127512979	298.05687091709933	180.51212255025953	180.51212255025953	-180.51212255025953	-361.02424510051907	180.51212255025953	180.51212255025953	180.51212255025953	243.47949673367953	-243.47949673367938	298.05687091709933	117.5447483668397	117.5447483668397	180.51212255025953	-361.02424510051907	-713.658490201038	90.25606127512977	-361.02424510051907	361.02424510051907	-298.05687091709933	361.02424510051907	-352.6342451005192	713.658490201038	-90.25606127512977	-894.1706127512979	117.5447483668397	-180.51212255025953	8.39	298.05687091709916
610	-6.438500527924134	94.04200633508766	-6.438500527924134	94.04200633508766	-128.18600844678355	128.18600844678355	461.8200316754384	153.94001055847957	94.04200633508766	94.04200633508766	-94.04200633508766	-188.08401267017533	94.04200633508766	94.04200633508766	94.04200633508766	128.1860084467836	-128.18600844678355	153.94001055847957	59.89800422339178	59.89800422339178	94.04200633508766	-188.08401267017533	-367.7780253403506	47.02100316754383	-188.08401267017533	188.08401267017533	-153.94001055847957	188.08401267017533	-179.69401267017506	367.7780253403506	-47.02100316754383	-461.8200316754384	59.89800422339178	-94.04200633508766	8.39	153.94001055847932
611	-10.276891589772132	140.10269907726513	-10.276891589772132	140.10269907726513	-189.60026543635354	189.60026543635354	692.1234953863257	230.70783179544196	140.10269907726513	140.10269907726513	-140.10269907726513	-280.20539815453026	140.10269907726513	140.10269907726513	140.10269907726513	189.60026543635354	-189.60026543635354	230.70783179544196	90.60513271817672	90.60513271817672	140.10269907726513	-280.20539815453026	-552.0207963090605	70.05134953863256	-280.20539815453026	280.20539815453026	-230.70783179544196	280.20539815453026	-271.81539815453016	552.0207963090605	-70.05134953863256	-692.1234953863257	90.60513271817672	-140.10269907726513	8.39	230.70783179544185
612	-9.77263300775118	134.0515960930145	-9.77263300775118	134.0515960930145	-181.53212812401932	181.53212812401932	661.8679804650726	220.62266015502405	134.0515960930145	134.0515960930145	-134.0515960930145	-268.103192186029	134.0515960930145	134.0515960930145	134.0515960930145	181.53212812401944	-181.53212812401932	220.62266015502405	86.57106406200967	86.57106406200967	134.0515960930145	-268.103192186029	-527.816384372058	67.02579804650725	-268.103192186029	268.103192186029	-220.62266015502405	268.103192186029	-259.713192186029	527.816384372058	-67.02579804650725	-661.8679804650726	86.57106406200967	-134.0515960930145	8.39	220.62266015502428
613	-8.632901858594153	120.37482230312776	-8.632901858594153	120.37482230312776	-163.29642973750367	163.29642973750367	593.4841115156389	197.8280371718796	120.37482230312776	120.37482230312776	-120.37482230312776	-240.74964460625552	120.37482230312776	120.37482230312776	120.37482230312776	163.2964297375038	-163.29642973750367	197.8280371718796	77.45321486875184	77.45321486875184	120.37482230312776	-240.74964460625552	-473.10928921251104	60.18741115156388	-240.74964460625552	240.74964460625552	-197.8280371718796	240.74964460625552	-232.3596446062554	473.10928921251104	-60.18741115156388	-593.4841115156389	77.45321486875184	-120.37482230312776	8.39	197.8280371718796
614	-13.164365682185618	174.75238818622663	-13.164365682185618	174.75238818622663	-235.79985091496883	235.79985091496883	865.3719409311332	288.457313643711	174.75238818622663	174.75238818622663	-174.75238818622663	-349.50477637245325	174.75238818622663	174.75238818622663	174.75238818622663	235.79985091496883	-235.79985091496883	288.457313643711	113.70492545748442	113.70492545748442	174.75238818622663	-349.50477637245325	-690.6195527449065	87.37619409311331	-349.50477637245325	349.50477637245325	-288.457313643711	349.50477637245325	-341.1147763724531	690.6195527449065	-87.37619409311331	-865.3719409311332	113.70492545748442	-174.75238818622663	8.39	288.45731364371113
615	-6.119067219926265	90.20880663911402	-6.119067219926265	90.20880663911402	-123.0750755188187	123.0750755188187	442.6540331955704	147.5513443985234	90.20880663911403	90.20880663911402	-90.20880663911403	-180.41761327822803	90.20880663911403	90.20880663911402	90.20880663911403	123.07507551881895	-123.0750755188187	147.55134439852338	57.34253775940934	57.34253775940934	90.20880663911403	-180.41761327822803	-352.4452265564561	45.10440331955701	-180.41761327822803	180.41761327822803	-147.5513443985234	180.41761327822803	-172.02761327822824	352.4452265564561	-45.10440331955701	-442.6540331955704	57.34253775940934	-90.20880663911403	8.39	147.55134439852336
616	-15.077095444452937	197.70514533343498	-15.077095444452937	197.70514533343498	-266.4035271112467	266.4035271112467	980.1357266671748	326.71190888905824	197.70514533343498	197.70514533343498	-197.70514533343498	-395.41029066686997	197.70514533343498	197.70514533343498	197.70514533343498	266.4035271112466	-266.40352711124666	326.71190888905824	129.00676355562325	129.00676355562325	197.70514533343498	-395.41029066686997	-782.43058133374	98.85257266671749	-395.41029066686997	395.41029066686997	-326.71190888905824	395.41029066686997	-387.02029066686964	782.43058133374	-98.85257266671749	-980.1357266671748	129.00676355562325	-197.70514533343498	8.39	326.71190888905846
617	-6.651330686174504	96.59596823409515	-6.651330686174504	96.59596823409515	-131.59129097879352	131.59129097879352	474.5898411704758	158.19661372349196	96.59596823409515	96.59596823409515	-96.59596823409515	-193.1919364681903	96.59596823409515	96.59596823409515	96.59596823409515	131.59129097879352	-131.59129097879352	158.19661372349196	61.60064548939678	61.60064548939678	96.59596823409515	-193.1919364681903	-377.9938729363806	48.29798411704758	-193.1919364681903	193.1919364681903	-158.19661372349196	193.1919364681903	-184.80193646819043	377.9938729363806	-48.29798411704758	-474.5898411704758	61.60064548939678	-96.59596823409515	8.39	158.19661372349188
618	-5.880620671484426	87.3474480578127	-5.880620671484426	87.3474480578127	-119.25993074375026	119.25993074375026	428.3472402890636	142.78241342968772	87.3474480578127	87.3474480578127	-87.3474480578127	-174.6948961156254	87.3474480578127	87.3474480578127	87.3474480578127	119.25993074375037	-119.25993074375026	142.78241342968772	55.43496537187514	55.43496537187514	87.3474480578127	-174.6948961156254	-340.9997922312508	43.67372402890635	-174.6948961156254	174.6948961156254	-142.78241342968772	174.6948961156254	-166.3048961156254	340.9997922312508	-43.67372402890635	-428.3472402890636	55.43496537187514	-87.3474480578127	8.39	142.78241342968795
619	-9.506340680025431	130.85608816030475	-9.506340680025431	130.85608816030475	-177.27145088040635	177.27145088040635	645.8904408015237	215.29681360050802	130.85608816030475	130.85608816030475	-130.85608816030475	-261.7121763206095	130.85608816030475	130.85608816030475	130.85608816030475	177.2714508804063	-177.27145088040635	215.29681360050802	84.44072544020315	84.44072544020315	130.85608816030475	-261.7121763206095	-515.034352641219	65.42804408015238	-261.7121763206095	261.7121763206095	-215.29681360050802	261.7121763206095	-253.3221763206094	515.034352641219	-65.42804408015238	-645.8904408015237	84.44072544020315	-130.85608816030475	8.39	215.2968136005078
620	-13.883798185480998	183.38557822577138	-13.883798185480998	183.38557822577138	-247.31077096769516	247.31077096769516	908.5378911288569	302.845963709619	183.38557822577138	183.38557822577138	-183.38557822577138	-366.77115645154277	183.38557822577138	183.38557822577138	183.38557822577138	247.31077096769513	-247.31077096769516	302.845963709619	119.4603854838476	119.4603854838476	183.38557822577138	-366.77115645154277	-725.1523129030855	91.69278911288569	-366.77115645154277	366.77115645154277	-302.845963709619	366.77115645154277	-358.3811564515426	725.1523129030855	-91.69278911288569	-908.5378911288569	119.4603854838476	-183.38557822577138	8.39	302.8459637096189
621	-8.739450056300996	121.65340067560987	-8.739450056300996	121.65340067560987	-165.00120090081316	165.00120090081316	599.8770033780495	199.95900112601646	121.65340067560987	121.65340067560987	-121.65340067560987	-243.30680135121975	121.65340067560987	121.65340067560987	121.65340067560987	165.00120090081327	-165.00120090081316	199.95900112601646	78.30560045040659	78.30560045040659	121.65340067560987	-243.30680135121975	-478.2236027024395	60.82670033780494	-243.30680135121975	243.30680135121975	-199.95900112601646	243.30680135121975	-234.91680135121968	478.2236027024395	-60.82670033780494	-599.8770033780495	78.30560045040659	-121.65340067560987	8.39	199.95900112601646
622	-2.161769083275964	42.72122899931109	-2.161769083275964	42.72122899931109	-59.758305332414864	59.758305332414864	205.2161449965555	68.40538166551858	42.72122899931109	42.72122899931109	-42.72122899931109	-85.44245799862217	42.72122899931109	42.72122899931109	42.72122899931109	59.75830533241492	-59.758305332414864	68.40538166551858	25.68415266620731	25.68415266620731	42.72122899931109	-85.44245799862217	-162.49491599724433	21.360614499655544	-85.44245799862217	85.44245799862217	-68.40538166551858	85.44245799862217	-77.05245799862212	162.49491599724433	-21.360614499655544	-205.2161449965555	25.68415266620731	-42.72122899931109	8.39	68.40538166551848
623	-13.030926549116495	173.15111858939713	-13.030926549116495	173.15111858939713	-233.66482478586283	233.66482478586283	857.3655929469858	285.78853098232844	173.15111858939713	173.15111858939713	-173.15111858939713	-346.30223717879426	173.15111858939713	173.15111858939713	173.15111858939713	233.66482478586295	-233.66482478586283	285.78853098232844	112.63741239293142	112.63741239293142	173.15111858939713	-346.30223717879426	-684.2144743575885	86.57555929469856	-346.30223717879426	346.30223717879426	-285.78853098232844	346.30223717879426	-337.91223717879404	684.2144743575885	-86.57555929469856	-857.3655929469858	112.63741239293142	-173.15111858939713	8.39	285.78853098232867
624	-12.393228834026631	165.49874600831868	-12.393228834026631	165.49874600831868	-223.4616613444249	223.4616613444249	819.1037300415935	273.034576680531	165.49874600831868	165.49874600831868	-165.49874600831868	-330.99749201663735	165.49874600831868	165.49874600831868	165.49874600831868	223.461661344425	-223.4616613444249	273.034576680531	107.53583067221246	107.53583067221246	165.49874600831868	-330.99749201663735	-653.6049840332747	82.74937300415934	-330.99749201663735	330.99749201663735	-273.034576680531	330.99749201663735	-322.60749201663714	653.6049840332747	-82.74937300415934	-819.1037300415935	107.53583067221246	-165.49874600831868	8.39	273.03457668053125
625	-6.331631991272843	92.75958389527364	-6.331631991272843	92.75958389527364	-126.47611186036485	126.47611186036485	455.4079194763682	151.80263982545603	92.75958389527364	92.75958389527364	-92.75958389527364	-185.51916779054727	92.75958389527364	92.75958389527364	92.75958389527364	126.47611186036488	-126.47611186036485	151.80263982545605	59.04305593018242	59.04305593018242	92.75958389527364	-185.51916779054727	-362.64833558109456	46.37979194763682	-185.51916779054727	185.51916779054727	-151.80263982545603	185.51916779054727	-177.12916779054717	362.64833558109456	-46.37979194763682	-455.4079194763682	59.04305593018242	-92.75958389527364	8.39	151.80263982545605
626	-10.859959939258943	147.09951927110626	-10.859959939258943	147.09951927110626	-198.92935902814168	198.92935902814168	727.1075963555313	242.3691987851771	147.09951927110626	147.09951927110626	-147.09951927110626	-294.1990385422125	147.09951927110626	147.09951927110626	147.09951927110626	198.92935902814168	-198.92935902814168	242.3691987851771	95.26967951407084	95.26967951407084	147.09951927110626	-294.1990385422125	-580.008077084425	73.54975963555313	-294.1990385422125	294.1990385422125	-242.3691987851771	294.1990385422125	-285.8090385422123	580.008077084425	-73.54975963555313	-727.1075963555313	95.26967951407084	-147.09951927110626	8.39	242.3691987851771
627	-8.500631838994593	118.78758206793475	-8.500631838994593	118.78758206793475	-161.180109423913	161.180109423913	585.5479103396736	195.18263677989125	118.78758206793475	118.78758206793475	-118.78758206793475	-237.5751641358695	118.78758206793475	118.78758206793475	118.78758206793475	161.18010942391288	-161.180109423913	195.18263677989125	76.3950547119565	76.3950547119565	118.78758206793475	-237.5751641358695	-466.760328271739	59.393791033967375	-237.5751641358695	237.5751641358695	-195.18263677989125	237.5751641358695	-229.18516413586931	466.760328271739	-59.393791033967375	-585.5479103396736	76.3950547119565	-118.78758206793475	8.39	195.18263677989125
628	-15.341899386847748	200.88279264217266	-15.341899386847748	200.88279264217266	-270.64039018956356	270.64039018956356	996.0239632108633	332.00798773695453	200.88279264217266	200.88279264217266	-200.88279264217266	-401.7655852843453	200.88279264217266	200.88279264217266	200.88279264217266	270.6403901895635	-270.64039018956356	332.00798773695453	131.12519509478176	131.12519509478176	200.88279264217266	-401.7655852843453	-795.1411705686908	100.44139632108633	-401.7655852843453	401.7655852843453	-332.00798773695453	401.7655852843453	-393.3755852843452	795.1411705686908	-100.44139632108633	-996.0239632108633	131.12519509478176	-200.88279264217266	8.39	332.0079877369544
629	-14.704201671757883	193.23042006109358	-14.704201671757883	193.23042006109358	-260.4372267481248	260.4372267481248	957.762100305468	319.25403343515586	193.23042006109358	193.23042006109358	-193.23042006109358	-386.46084012218716	193.23042006109358	193.23042006109358	193.23042006109358	260.4372267481249	-260.4372267481248	319.25403343515586	126.02361337406239	126.02361337406239	193.23042006109358	-386.46084012218716	-764.5316802443743	96.61521003054679	-386.46084012218716	386.46084012218716	-319.25403343515586	386.46084012218716	-378.07084012218695	764.5316802443743	-96.61521003054679	-957.762100305468	126.02361337406239	-193.23042006109358	8.39	319.2540334351561
630	-13.963403267646253	184.34083921175556	-13.963403267646253	184.34083921175556	-248.58445228234075	248.58445228234075	913.314196058778	304.43806535292583	184.34083921175556	184.34083921175556	-184.34083921175556	-368.68167842351113	184.34083921175556	184.34083921175556	184.34083921175556	248.58445228234086	-248.58445228234075	304.43806535292583	120.09722614117038	120.09722614117038	184.34083921175556	-368.68167842351113	-728.9733568470223	92.17041960587778	-368.68167842351113	368.68167842351113	-304.43806535292583	368.68167842351113	-360.29167842351114	728.9733568470223	-92.17041960587778	-913.314196058778	120.09722614117038	-184.34083921175556	8.39	304.43806535292606
631	-13.724321147143941	181.47185376572656	-13.724321147143941	181.47185376572656	-244.75913835430208	244.75913835430208	898.969268828633	299.6564229428775	181.47185376572656	181.47185376572656	-181.47185376572656	-362.94370753145313	181.47185376572656	181.47185376572656	181.47185376572656	244.7591383543022	-244.75913835430208	299.6564229428775	118.18456917715105	118.18456917715105	181.47185376572656	-362.94370753145313	-717.4974150629063	90.73592688286328	-362.94370753145313	362.94370753145313	-299.6564229428775	362.94370753145313	-354.5537075314529	717.4974150629063	-90.73592688286328	-898.969268828633	118.18456917715105	-181.47185376572656	8.39	299.6564229428777
632	-12.76458097412836	169.9549716895383	-12.76458097412836	169.9549716895383	-229.40329558605106	229.40329558605106	841.3848584476916	280.4616194825637	169.9549716895383	169.9549716895383	-169.9549716895383	-339.9099433790766	169.9549716895383	169.9549716895383	169.9549716895383	229.40329558605117	-229.40329558605106	280.4616194825637	110.50664779302554	110.50664779302554	169.9549716895383	-339.9099433790766	-671.4298867581532	84.97748584476915	-339.9099433790766	339.9099433790766	-280.4616194825637	339.9099433790766	-331.5199433790764	671.4298867581532	-84.97748584476915	-841.3848584476916	110.50664779302554	-169.9549716895383	8.39	280.46161948256395
633	-12.153400608194172	162.62080729832837	-12.153400608194172	162.62080729832837	-219.6244097311045	219.6244097311045	804.714036491642	268.2380121638805	162.62080729832837	162.62080729832837	-162.62080729832837	-325.24161459665675	162.62080729832837	162.62080729832837	162.62080729832837	219.6244097311046	-219.6244097311045	268.2380121638805	105.61720486555225	105.61720486555225	162.62080729832837	-325.24161459665675	-642.0932291933135	81.31040364916419	-325.24161459665675	325.24161459665675	-268.2380121638805	325.24161459665675	-316.85161459665653	642.0932291933135	-81.31040364916419	-804.714036491642	105.61720486555225	-162.62080729832837	8.39	268.23801216388074
634	-6.491641508195834	94.67969809834835	-6.491641508195834	94.67969809834835	-129.03626413113113	129.03626413113113	465.0084904917419	155.0028301639138	94.67969809834835	94.67969809834835	-94.67969809834835	-189.3593961966967	94.67969809834835	94.67969809834835	94.67969809834835	129.03626413113125	-129.03626413113113	155.0028301639138	60.323132065565574	60.323132065565574	94.67969809834835	-189.3593961966967	-370.3287923933934	47.33984904917418	-189.3593961966967	189.3593961966967	-155.0028301639138	189.3593961966967	-180.9693961966965	370.3287923933934	-47.33984904917418	-465.0084904917419	60.323132065565574	-94.67969809834835	8.39	155.00283016391404
635	-6.172154952935814	90.84585943522802	-6.172154952935814	90.84585943522802	-123.92447924697069	123.92447924697069	445.83929717614024	148.61309905871326	90.84585943522802	90.84585943522802	-90.84585943522802	-181.69171887045604	90.84585943522802	90.84585943522802	90.84585943522802	123.9244792469708	-123.92447924697069	148.61309905871326	57.76723962348535	57.76723962348535	90.84585943522802	-181.69171887045604	-354.9934377409121	45.42292971761401	-181.69171887045604	181.69171887045604	-148.61309905871326	181.69171887045604	-173.30171887045583	354.9934377409121	-45.42292971761401	-445.83929717614024	57.76723962348535	-90.84585943522802	8.39	148.6130990587135
636	-2.7149393721300847	49.35927246555934	-2.7149393721300847	49.35927246555934	-68.60902995407912	68.60902995407912	238.40636232779684	79.4687874425988	49.35927246555934	49.35927246555934	-49.35927246555934	-98.71854493111869	49.35927246555934	49.35927246555934	49.35927246555934	68.60902995407923	-68.60902995407912	79.4687874425988	30.109514977039566	30.109514977039566	49.35927246555934	-98.71854493111869	-189.04708986223739	24.67963623277967	-98.71854493111869	98.71854493111869	-79.4687874425988	98.71854493111869	-90.32854493111847	189.04708986223739	-24.67963623277967	-238.40636232779684	30.109514977039566	-49.35927246555934	8.39	79.46878744259902
637	-2.7948106914585336	50.31772829750139	-2.7948106914585336	50.31772829750139	-69.88697106333518	69.88697106333518	243.19864148750707	81.06621382916887	50.31772829750139	50.31772829750139	-50.31772829750139	-100.63545659500278	50.31772829750139	50.31772829750139	50.31772829750139	69.8869710633353	-69.88697106333518	81.06621382916887	30.748485531667598	30.748485531667598	50.31772829750139	-100.63545659500278	-192.88091319000557	25.158864148750695	-100.63545659500278	100.63545659500278	-81.06621382916887	100.63545659500278	-92.24545659500257	192.88091319000557	-25.158864148750695	-243.19864148750707	30.748485531667598	-50.31772829750139	8.39	81.0662138291691
638	-14.99717087786223	196.7460505343454	-14.99717087786223	196.7460505343454	-265.12473404579384	265.12473404579384	975.3402526717271	325.1134175572422	196.7460505343454	196.7460505343454	-196.7460505343454	-393.4921010686908	196.7460505343454	196.7460505343454	196.7460505343454	265.12473404579396	-265.12473404579384	325.1134175572422	128.36736702289693	128.36736702289693	196.7460505343454	-393.4921010686908	-778.5942021373816	98.3730252671727	-393.4921010686908	393.4921010686908	-325.1134175572422	393.4921010686908	-385.10210106869056	778.5942021373816	-98.3730252671727	-975.3402526717271	128.36736702289693	-196.7460505343454	8.39	325.1134175572424
639	-9.985622908640563	136.60747490368726	-9.985622908640563	136.60747490368726	-184.93996653824968	184.93996653824968	674.6473745184364	224.882458172812	136.60747490368726	136.60747490368726	-136.60747490368726	-273.2149498073745	136.60747490368726	136.60747490368726	136.60747490368726	184.9399665382498	-184.93996653824968	224.882458172812	88.27498326912485	88.27498326912485	136.60747490368726	-273.2149498073745	-538.0398996147491	68.30373745184363	-273.2149498073745	273.2149498073745	-224.882458172812	273.2149498073745	-264.82494980737454	538.0398996147491	-68.30373745184363	-674.6473745184364	88.27498326912485	-136.60747490368726	8.39	224.88245817281222
640	-9.18934657696459	127.05215892357342	-9.18934657696459	127.05215892357342	-172.19954523143122	172.19954523143122	626.8707946178672	208.95693153928892	127.05215892357342	127.05215892357342	-127.05215892357342	-254.10431784714683	127.05215892357342	127.05215892357342	127.05215892357342	172.19954523143133	-172.19954523143122	208.95693153928892	81.90477261571561	81.90477261571561	127.05215892357342	-254.10431784714683	-499.8186356942937	63.52607946178671	-254.10431784714683	254.10431784714683	-208.95693153928892	254.10431784714683	-245.71431784714662	499.8186356942937	-63.52607946178671	-626.8707946178672	81.90477261571561	-127.05215892357342	8.39	208.95693153928914
641	-8.76596740545638	121.97160886547704	-8.76596740545638	121.97160886547704	-165.4254784873027	165.4254784873027	601.4680443273853	200.4893481091283	121.97160886547704	121.97160886547704	-121.97160886547704	-243.94321773095407	121.97160886547704	121.97160886547704	121.97160886547704	165.42547848730283	-165.4254784873027	200.4893481091283	78.51773924365136	78.51773924365136	121.97160886547704	-243.94321773095407	-479.49643546190816	60.98580443273852	-243.94321773095407	243.94321773095407	-200.4893481091283	243.94321773095407	-235.5532177309541	479.49643546190816	-60.98580443273852	-601.4680443273853	78.51773924365136	-121.97160886547704	8.39	200.4893481091285
642	-11.782946889843128	158.1753626781167	-11.782946889843128	158.1753626781167	-213.69715023748893	213.69715023748893	782.4868133905836	260.82893779686106	158.1753626781167	158.1753626781167	-158.1753626781167	-316.3507253562334	158.1753626781167	158.1753626781167	158.1753626781167	213.69715023748904	-213.69715023748893	260.82893779686106	102.65357511874447	102.65357511874447	158.1753626781167	-316.3507253562334	-624.3114507124668	79.08768133905835	-316.3507253562334	316.3507253562334	-260.82893779686106	316.3507253562334	-307.9607253562332	624.3114507124668	-79.08768133905835	-782.4868133905836	102.65357511874447	-158.1753626781167	8.39	260.8289377968613
643	-13.910315534636482	183.7037864156357	-13.910315534636482	183.7037864156357	-247.73504855418093	247.73504855418093	910.1289320781787	303.37631069272607	183.7037864156357	183.7037864156357	-183.7037864156357	-367.4075728312714	183.7037864156357	183.7037864156357	183.7037864156357	247.73504855418105	-247.73504855418093	303.37631069272607	119.67252427709047	119.67252427709047	183.7037864156357	-367.4075728312714	-726.4251456625428	91.85189320781785	-367.4075728312714	367.4075728312714	-303.37631069272607	367.4075728312714	-359.01757283127097	726.4251456625428	-91.85189320781785	-910.1289320781787	119.67252427709047	-183.7037864156357	8.39	303.3763106927263
644	-7.759463249726252	109.89355899671534	-7.759463249726252	109.89355899671534	-149.32141199562045	149.32141199562045	541.0777949835766	180.35926499452557	109.89355899671534	109.89355899671534	-109.89355899671534	-219.78711799343068	109.89355899671534	109.89355899671534	109.89355899671534	149.32141199562034	-149.32141199562045	180.35926499452557	70.46570599781023	70.46570599781023	109.89355899671534	-219.78711799343068	-431.1842359868614	54.94677949835767	-219.78711799343068	219.78711799343068	-180.35926499452557	219.78711799343068	-211.39711799343064	431.1842359868614	-54.94677949835767	-541.0777949835766	70.46570599781023	-109.89355899671534	8.39	180.35926499452557
645	-9.47971704890926	130.53660458691036	-9.47971704890926	130.53660458691036	-176.84547278254718	176.84547278254718	644.2930229345518	214.764340978184	130.53660458691036	130.53660458691036	-130.53660458691036	-261.0732091738207	130.53660458691036	130.53660458691036	130.53660458691036	176.84547278254718	-176.84547278254718	214.764340978184	84.22773639127354	84.22773639127354	130.53660458691036	-261.0732091738207	-513.7564183476414	65.26830229345518	-261.0732091738207	261.0732091738207	-214.764340978184	261.0732091738207	-252.68320917382061	513.7564183476414	-65.26830229345518	-644.2930229345518	84.22773639127354	-130.53660458691036	8.39	214.7643409781839
646	-10.727796201619839	145.51355441943895	-10.727796201619839	145.51355441943895	-196.81473922591857	196.81473922591857	719.1777720971945	239.72592403239818	145.51355441943892	145.51355441943895	-145.51355441943892	-291.0271088388779	145.51355441943892	145.51355441943895	145.51355441943892	196.8147392259184	-196.81473922591857	239.7259240323982	94.21236961295932	94.21236961295932	145.51355441943892	-291.0271088388779	-573.6642176777557	72.75677720971947	-291.0271088388779	291.0271088388779	-239.72592403239818	291.0271088388779	-282.6371088388776	573.6642176777557	-72.75677720971947	-719.1777720971945	94.21236961295932	-145.51355441943892	8.39	239.72592403239824
647	-8.474114489838982	118.46937387806643	-8.474114489838982	118.46937387806643	-160.7558318374219	160.7558318374219	583.9568693903323	194.65228979677738	118.46937387806643	118.46937387806643	-118.46937387806643	-236.93874775613287	118.46937387806643	118.46937387806643	118.46937387806643	160.75583183742197	-160.7558318374219	194.65228979677738	76.18291591871096	76.18291591871096	118.46937387806643	-236.93874775613287	-465.4874955122657	59.23468693903322	-236.93874775613287	236.93874775613287	-194.65228979677738	236.93874775613287	-228.54874775613268	465.4874955122657	-59.23468693903322	-583.9568693903323	76.18291591871096	-118.46937387806643	8.39	194.6522897967774
648	-7.047770766457347	101.35324919748678	-7.047770766457347	101.35324919748678	-137.9343322633157	137.9343322633157	498.376245987434	166.12541532914452	101.35324919748678	101.35324919748678	-101.35324919748678	-202.70649839497355	101.35324919748678	101.35324919748678	101.35324919748678	137.9343322633158	-137.9343322633157	166.12541532914452	64.77216613165785	64.77216613165785	101.35324919748678	-202.70649839497355	-397.0229967899471	50.67662459874339	-202.70649839497355	202.70649839497355	-166.12541532914452	202.70649839497355	-194.31649839497334	397.0229967899471	-50.67662459874339	-498.376245987434	64.77216613165785	-101.35324919748678	8.39	166.12541532914474
649	-2.9009867943209997	51.591841531851735	-2.9009867943209997	51.591841531851735	-71.58578870913564	71.58578870913564	249.5692076592586	83.1897358864195	51.591841531851735	51.591841531851735	-51.591841531851735	-103.18368306370347	51.591841531851735	51.591841531851735	51.591841531851735	71.58578870913561	-71.58578870913564	83.1897358864195	31.597894354567824	31.597894354567824	51.591841531851735	-103.18368306370347	-197.97736612740695	25.795920765925867	-103.18368306370347	103.18368306370347	-83.1897358864195	103.18368306370347	-94.79368306370338	197.97736612740695	-25.795920765925867	-249.5692076592586	31.597894354567824	-51.591841531851735	8.39	83.18973588641954
650	-10.38333350551843	141.38000206622007	-10.38333350551843	141.38000206622007	-191.30333608829346	191.30333608829346	698.5100103311004	232.83667011036687	141.38000206622007	141.38000206622007	-141.38000206622007	-282.76000413244014	141.38000206622007	141.38000206622007	141.38000206622007	191.30333608829346	-191.30333608829346	232.83667011036687	91.45666804414668	91.45666804414668	141.38000206622007	-282.76000413244014	-557.1300082648803	70.69000103311004	-282.76000413244014	282.76000413244014	-232.83667011036687	282.76000413244014	-274.37000413244004	557.1300082648803	-70.69000103311004	-698.5100103311004	91.45666804414668	-141.38000206622007	8.39	232.83667011036675
651	-9.400482151900626	129.58578582280757	-9.400482151900626	129.58578582280757	-175.57771443041008	175.57771443041008	639.538929114038	213.1796430380125	129.58578582280757	129.58578582280757	-129.58578582280757	-259.17157164561513	129.58578582280757	129.58578582280757	129.58578582280757	175.5777144304102	-175.57771443041008	213.1796430380125	83.59385721520505	83.59385721520505	129.58578582280757	-259.17157164561513	-509.9531432912303	64.79289291140378	-259.17157164561513	259.17157164561513	-213.1796430380125	259.17157164561513	-250.78157164561514	509.9531432912303	-64.79289291140378	-639.538929114038	83.59385721520505	-129.58578582280757	8.39	213.17964303801273
652	-7.972028021073072	112.44433625287547	-7.972028021073072	112.44433625287547	-152.7224483371673	152.7224483371673	553.8316812643775	184.61056042145913	112.44433625287547	112.44433625287547	-112.44433625287547	-224.88867250575095	112.44433625287547	112.44433625287547	112.44433625287547	152.7224483371674	-152.7224483371673	184.61056042145913	72.16622416858365	72.16622416858365	112.44433625287547	-224.88867250575095	-441.3873450115019	56.22216812643774	-224.88867250575095	224.88867250575095	-184.61056042145913	224.88867250575095	-216.49867250575085	441.3873450115019	-56.22216812643774	-553.8316812643775	72.16622416858365	-112.44433625287547	8.39	184.61056042145913
653	-5.511068125514157	82.91281750616902	-5.511068125514157	82.91281750616902	-113.3470900082254	113.3470900082254	406.1740875308451	135.39136251028174	82.91281750616902	82.91281750616902	-82.91281750616902	-165.82563501233804	82.91281750616902	82.91281750616902	82.91281750616902	113.34709000822545	-113.3470900082254	135.39136251028174	52.47854500411265	52.47854500411265	82.91281750616902	-165.82563501233804	-323.26127002467604	41.45640875308451	-165.82563501233804	165.82563501233804	-135.39136251028174	165.82563501233804	-157.4356350123379	323.26127002467604	-41.45640875308451	-406.1740875308451	52.47854500411265	-82.91281750616902	8.39	135.3913625102817
654	-10.091745976804699	137.88095172165436	-10.091745976804699	137.88095172165436	-186.63793562887247	186.63793562887247	681.0147586082719	227.00491953609048	137.88095172165436	137.88095172165436	-137.88095172165436	-275.7619034433087	137.88095172165436	137.88095172165436	137.88095172165436	186.63793562887258	-186.63793562887247	227.00491953609048	89.12396781443624	89.12396781443624	137.88095172165436	-275.7619034433087	-543.1338068866174	68.94047586082718	-275.7619034433087	275.7619034433087	-227.00491953609048	275.7619034433087	-267.3719034433085	543.1338068866174	-68.94047586082718	-681.0147586082719	89.12396781443624	-137.88095172165436	8.39	227.0049195360907
655	-3.77262559734203	62.05150716810499	-3.77262559734203	62.05150716810499	-85.53200955747332	85.53200955747332	301.8675358405251	100.62251194684154	62.05150716810499	62.05150716810499	-62.05150716810499	-124.10301433620998	62.05150716810499	62.05150716810499	62.05150716810499	85.53200955747343	-85.53200955747332	100.62251194684154	38.571004778736665	38.571004778736665	62.05150716810499	-124.10301433620998	-239.81602867241998	31.025753584052495	-124.10301433620998	124.10301433620998	-100.62251194684154	124.10301433620998	-115.71301433621	239.81602867241998	-31.025753584052495	-301.8675358405251	38.571004778736665	-62.05150716810499	8.39	100.62251194684177
656	-10.436527520488369	142.01833024586335	-10.436527520488369	142.01833024586335	-192.1544403278178	192.1544403278178	701.7016512293167	233.90055040977222	142.01833024586335	142.01833024586335	-142.01833024586335	-284.0366604917267	142.01833024586335	142.01833024586335	142.01833024586335	192.15444032781778	-192.1544403278178	233.90055040977222	91.8822201639089	91.8822201639089	142.01833024586335	-284.0366604917267	-559.6833209834534	71.00916512293168	-284.0366604917267	284.0366604917267	-233.90055040977222	284.0366604917267	-275.64666049172706	559.6833209834534	-71.00916512293168	-701.7016512293167	91.8822201639089	-142.01833024586335	8.39	233.9005504097723
657	-8.792537789310543	122.29045347172564	-8.792537789310543	122.29045347172564	-165.85060462896752	165.85060462896752	603.0622673586283	201.0207557862093	122.29045347172564	122.29045347172564	-122.29045347172564	-244.58090694345128	122.29045347172564	122.29045347172564	122.29045347172564	165.85060462896763	-165.85060462896752	201.0207557862093	78.73030231448377	78.73030231448377	122.29045347172564	-244.58090694345128	-480.7718138869026	61.14522673586282	-244.58090694345128	244.58090694345128	-201.0207557862093	244.58090694345128	-236.19090694345118	480.7718138869026	-61.14522673586282	-603.0622673586283	78.73030231448377	-122.29045347172564	8.39	201.02075578620952
658	-11.94115341158518	160.0738409390226	-11.94115341158518	160.0738409390226	-216.22845458536347	216.22845458536347	791.9792046951131	263.9930682317042	160.0738409390226	160.0738409390226	-160.0738409390226	-320.1476818780452	160.0738409390226	160.0738409390226	160.0738409390226	216.22845458536358	-216.22845458536347	263.9930682317042	103.91922729268174	103.91922729268174	160.0738409390226	-320.1476818780452	-631.9053637560904	80.0369204695113	-320.1476818780452	320.1476818780452	-263.9930682317042	320.1476818780452	-311.7576818780452	631.9053637560904	-80.0369204695113	-791.9792046951131	103.91922729268174	-160.0738409390226	8.39	263.99306823170446
659	-2.8214343225747927	50.63721187089709	-2.8214343225747927	50.63721187089709	-70.31294916119612	70.31294916119612	244.79605935448558	81.59868645149504	50.63721187089709	50.63721187089709	-50.63721187089709	-101.27442374179418	50.63721187089709	50.63721187089709	50.63721187089709	70.31294916119623	-70.31294916119612	81.59868645149504	30.961474580598065	30.961474580598065	50.63721187089709	-101.27442374179418	-194.15884748358837	25.318605935448545	-101.27442374179418	101.27442374179418	-81.59868645149504	101.27442374179418	-92.8844237417942	194.15884748358837	-25.318605935448545	-244.79605935448558	30.961474580598065	-50.63721187089709	8.39	81.59868645149527
660	-5.4579801799405345	82.2757621592853	-5.4579801799405345	82.2757621592853	-112.49768287904706	112.49768287904706	402.9888107964265	134.32960359880894	82.2757621592853	82.2757621592853	-82.2757621592853	-164.5515243185706	82.2757621592853	82.2757621592853	82.2757621592853	112.49768287904703	-112.49768287904706	134.32960359880894	52.05384143952354	52.05384143952354	82.2757621592853	-164.5515243185706	-320.71304863714124	41.13788107964265	-164.5515243185706	164.5515243185706	-134.32960359880894	164.5515243185706	-156.16152431857086	320.71304863714124	-41.13788107964265	-402.9888107964265	52.05384143952354	-82.2757621592853	8.39	134.3296035988089
661	-7.91909918044289	111.80919016531412	-7.91909918044289	111.80919016531412	-151.87558688708555	151.87558688708555	550.6559508265707	183.55198360885697	111.80919016531412	111.80919016531412	-111.80919016531412	-223.61838033062824	111.80919016531412	111.80919016531412	111.80919016531412	151.87558688708555	-151.87558688708555	183.55198360885697	71.7427934435427	71.7427934435427	111.80919016531412	-223.61838033062824	-438.84676066125644	55.90459508265706	-223.61838033062824	223.61838033062824	-183.55198360885697	223.61838033062824	-215.22838033062817	438.84676066125644	-55.90459508265706	-550.6559508265707	71.7427934435427	-111.80919016531412	8.39	183.55198360885683
662	-12.446316779600238	166.13580135520294	-12.446316779600238	166.13580135520294	-224.3110684736039	224.3110684736039	822.2890067760147	274.09633559200483	166.13580135520294	166.13580135520294	-166.13580135520294	-332.2716027104059	166.13580135520294	166.13580135520294	166.13580135520294	224.31106847360388	-224.3110684736039	274.09633559200483	107.96053423680196	107.96053423680196	166.13580135520294	-332.2716027104059	-656.1532054208118	83.06790067760147	-332.2716027104059	332.2716027104059	-274.09633559200483	332.2716027104059	-323.8816027104058	656.1532054208118	-83.06790067760147	-822.2890067760147	107.96053423680196	-166.13580135520294	8.39	274.0963355920049
663	-7.998598404927009	112.76318085912445	-7.998598404927009	112.76318085912445	-153.14757447883258	153.14757447883258	555.4259042956221	185.14196809854081	112.76318085912445	112.76318085912445	-112.76318085912445	-225.5263617182489	112.76318085912445	112.76318085912445	112.76318085912445	153.14757447883258	-153.14757447883258	185.14196809854081	72.37878723941631	72.37878723941631	112.76318085912445	-225.5263617182489	-442.6627234364978	56.38159042956222	-225.5263617182489	225.5263617182489	-185.14196809854081	225.5263617182489	-217.13636171824885	442.6627234364978	-56.38159042956222	-555.4259042956221	72.37878723941631	-112.76318085912445	8.39	185.14196809854073
664	-3.3767150188747372	57.30058022649541	-3.3767150188747372	57.30058022649541	-79.19744030199388	79.19744030199388	278.1129011324772	92.70430037749225	57.30058022649541	57.30058022649541	-57.30058022649541	-114.60116045299083	57.30058022649541	57.30058022649541	57.30058022649541	79.19744030199399	-79.19744030199388	92.70430037749225	35.403720150996946	35.403720150996946	57.30058022649541	-114.60116045299083	-220.81232090598166	28.650290113247706	-114.60116045299083	114.60116045299083	-92.70430037749225	114.60116045299083	-106.21116045299061	220.81232090598166	-28.650290113247706	-278.1129011324772	35.403720150996946	-57.30058022649541	8.39	92.70430037749247
665	-14.06936723086693	185.61240677040246	-14.06936723086693	185.61240677040246	-250.27987569386994	250.27987569386994	919.6720338520124	306.5573446173373	185.61240677040246	185.61240677040246	-185.61240677040246	-371.2248135408049	185.61240677040246	185.61240677040246	185.61240677040246	250.27987569387005	-250.27987569386994	306.5573446173373	120.94493784693498	120.94493784693498	185.61240677040246	-371.2248135408049	-734.0596270816098	92.80620338520123	-371.2248135408049	371.2248135408049	-306.5573446173373	371.2248135408049	-362.83481354080493	734.0596270816098	-92.80620338520123	-919.6720338520124	120.94493784693498	-185.61240677040246	8.39	306.55734461733755
666	-1.9505808979212425	40.18697077505317	-1.9505808979212425	40.18697077505317	-56.379294366737554	56.379294366737554	192.54485387526586	64.18161795842184	40.18697077505317	40.18697077505317	-40.18697077505317	-80.37394155010634	40.18697077505317	40.18697077505317	40.18697077505317	56.379294366737554	-56.379294366737554	64.18161795842184	23.994647183368784	23.994647183368784	40.18697077505317	-80.37394155010634	-152.3578831002127	20.093485387526584	-80.37394155010634	80.37394155010634	-64.18161795842184	80.37394155010634	-71.98394155010612	152.3578831002127	-20.093485387526584	-192.54485387526586	23.994647183368784	-40.18697077505317	8.39	64.18161795842207
667	-10.939512411005012	148.0541489320614	-10.939512411005012	148.0541489320614	-200.2021985760819	200.2021985760819	731.8807446603071	243.96024822010236	148.05414893206142	148.0541489320614	-148.05414893206142	-296.10829786412285	148.05414893206142	148.0541489320614	148.05414893206142	200.20219857608186	-200.2021985760819	243.96024822010236	95.90609928804096	95.90609928804096	148.05414893206142	-296.10829786412285	-583.8265957282456	74.0270744660307	-296.10829786412285	296.10829786412285	-243.96024822010236	296.10829786412285	-287.7182978641231	583.8265957282456	-74.0270744660307	-731.8807446603071	95.90609928804096	-148.05414893206142	8.39	243.96024822010236
668	-12.658086023683722	168.67703228420388	-12.658086023683722	168.67703228420388	-227.6993763789385	227.6993763789385	834.9951614210195	278.33172047367316	168.67703228420388	168.67703228420388	-168.67703228420388	-337.35406456840775	168.67703228420388	168.67703228420388	168.67703228420388	227.6993763789385	-227.6993763789385	278.33172047367316	109.65468818946925	109.65468818946925	168.67703228420388	-337.35406456840775	-666.3181291368154	84.33851614210194	-337.35406456840775	337.35406456840775	-278.33172047367316	337.35406456840775	-328.9640645684078	666.3181291368154	-84.33851614210194	-834.9951614210195	109.65468818946925	-168.67703228420388	8.39	278.3317204736731
669	-3.6934437350315945	61.101324820377386	-3.6934437350315945	61.101324820377386	-84.26509976050318	84.26509976050318	297.11662410188706	99.03887470062887	61.101324820377386	61.101324820377386	-61.101324820377386	-122.20264964075477	61.101324820377386	61.101324820377386	61.101324820377386	84.26509976050329	-84.26509976050318	99.03887470062887	37.937549880251595	37.937549880251595	61.101324820377386	-122.20264964075477	-236.01529928150956	30.550662410188693	-122.20264964075477	122.20264964075477	-99.03887470062887	122.20264964075477	-113.81264964075456	236.01529928150956	-30.550662410188693	-297.11662410188706	37.937549880251595	-61.101324820377386	8.39	99.0388747006291
670	-13.484387063630209	178.59264476356236	-13.484387063630209	178.59264476356236	-240.92019301808313	240.92019301808313	884.5732238178118	294.8577412726039	178.59264476356236	178.59264476356236	-178.59264476356236	-357.1852895271247	178.59264476356236	178.59264476356236	178.59264476356236	240.92019301808318	-240.92019301808313	294.8577412726039	116.26509650904154	116.26509650904154	178.59264476356236	-357.1852895271247	-705.9805790542495	89.29632238178118	-357.1852895271247	357.1852895271247	-294.8577412726039	357.1852895271247	-348.7952895271247	705.9805790542495	-89.29632238178118	-884.5732238178118	116.26509650904154	-178.59264476356236	8.39	294.8577412726041
671	-8.421185649208923	117.8342277905059	-8.421185649208923	117.8342277905059	-159.9089703873412	159.9089703873412	580.7811389525295	193.59371298417648	117.8342277905059	117.8342277905059	-117.8342277905059	-235.6684555810118	117.8342277905059	117.8342277905059	117.8342277905059	159.90897038734124	-159.9089703873412	193.59371298417648	75.75948519367061	75.75948519367061	117.8342277905059	-235.6684555810118	-462.94691116202364	58.91711389525295	-235.6684555810118	235.6684555810118	-193.59371298417648	235.6684555810118	-227.27845558101166	462.94691116202364	-58.91711389525295	-580.7811389525295	75.75948519367061	-117.8342277905059	8.39	193.59371298417653
672	-10.250321205918118	139.78385447101653	-10.250321205918118	139.78385447101653	-189.17513929468873	189.17513929468873	690.5292723550826	230.17642411836096	139.78385447101653	139.78385447101653	-139.78385447101653	-279.56770894203305	139.78385447101653	139.78385447101653	139.78385447101653	189.17513929468873	-189.17513929468873	230.17642411836096	90.39256964734432	90.39256964734432	139.78385447101653	-279.56770894203305	-550.7454178840661	69.89192723550826	-279.56770894203305	279.56770894203305	-230.17642411836096	279.56770894203305	-271.17770894203295	550.7454178840661	-69.89192723550826	-690.5292723550826	90.39256964734432	-139.78385447101653	8.39	230.17642411836084
673	-6.916028770888232	99.7723452506581	-6.916028770888232	99.7723452506581	-135.8264603342108	135.8264603342108	490.4717262532904	163.49057541776358	99.7723452506581	99.7723452506581	-99.7723452506581	-199.5446905013162	99.7723452506581	99.7723452506581	99.7723452506581	135.8264603342108	-135.8264603342108	163.49057541776358	63.71823016710542	63.71823016710542	99.7723452506581	-199.5446905013162	-390.69938100263244	49.88617262532905	-199.5446905013162	199.5446905013162	-163.49057541776358	199.5446905013162	-191.15469050131605	390.69938100263244	-49.88617262532905	-490.4717262532904	63.71823016710542	-99.7723452506581	8.39	163.4905754177635
674	-10.833442590103374	146.78131108123787	-10.833442590103374	146.78131108123787	-198.5050814416506	198.5050814416506	725.5165554061895	241.83885180206323	146.78131108123787	146.78131108123787	-146.78131108123787	-293.56262216247575	146.78131108123787	146.78131108123787	146.78131108123787	198.50508144165065	-198.5050814416506	241.83885180206323	95.05754072082516	95.05754072082516	146.78131108123787	-293.56262216247575	-578.7352443249515	73.39065554061894	-293.56262216247575	293.56262216247575	-241.83885180206323	293.56262216247575	-285.17262216247536	578.7352443249515	-73.39065554061894	-725.5165554061895	95.05754072082516	-146.78131108123787	8.39	241.83885180206315
675	-13.404781557185636	177.63737868622678	-13.404781557185636	177.63737868622678	-239.646504914969	239.646504914969	879.7968934311339	293.2656311437113	177.63737868622678	177.63737868622678	-177.63737868622678	-355.27475737245356	177.63737868622678	177.63737868622678	177.63737868622678	239.646504914969	-239.646504914969	293.2656311437113	115.62825245748456	115.62825245748456	177.63737868622678	-355.27475737245356	-702.1595147449073	88.81868934311339	-355.27475737245356	355.27475737245356	-293.2656311437113	355.27475737245356	-346.88475737245346	702.1595147449073	-88.81868934311339	-879.7968934311339	115.62825245748456	-177.63737868622678	8.39	293.2656311437113
676	-10.621673346019662	144.24008015223643	-10.621673346019662	144.24008015223643	-195.11677353631535	195.11677353631535	712.8104007611821	237.6034669203941	144.24008015223643	144.24008015223643	-144.24008015223643	-288.48016030447286	144.24008015223643	144.24008015223643	144.24008015223643	195.11677353631535	-195.11677353631535	237.6034669203941	93.36338676815751	93.36338676815751	144.24008015223643	-288.48016030447286	-568.5703206089457	72.12004007611822	-288.48016030447286	288.48016030447286	-237.6034669203941	288.48016030447286	-280.0901603044731	568.5703206089457	-72.12004007611822	-712.8104007611821	93.36338676815751	-144.24008015223643	8.39	237.60346692039406
677	-15.156541634238806	198.6584996108645	-15.156541634238806	198.6584996108645	-267.6746661478194	267.6746661478194	984.9024980543227	328.30083268477415	198.6584996108645	198.6584996108645	-198.6584996108645	-397.316999221729	198.6584996108645	198.6584996108645	198.6584996108645	267.6746661478194	-267.6746661478194	328.30083268477415	129.6423330739097	129.6423330739097	198.6584996108645	-397.316999221729	-786.243998443458	99.32924980543226	-397.316999221729	397.316999221729	-328.30083268477415	397.316999221729	-388.926999221729	786.243998443458	-99.32924980543226	-984.9024980543227	129.6423330739097	-198.6584996108645	8.39	328.3008326847742
678	-6.1455845690819615	90.52701482898237	-6.1455845690819615	90.52701482898237	-123.49935310530982	123.49935310530982	444.245074144912	148.08169138163726	90.52701482898237	90.52701482898237	-90.52701482898237	-181.05402965796475	90.52701482898237	90.52701482898237	90.52701482898237	123.49935310530986	-123.49935310530982	148.08169138163726	57.554676552654925	57.554676552654925	90.52701482898237	-181.05402965796475	-353.7180593159295	45.26350741449119	-181.05402965796475	181.05402965796475	-148.08169138163726	181.05402965796475	-172.6640296579647	353.7180593159295	-45.26350741449119	-444.245074144912	57.554676552654925	-90.52701482898237	8.39	148.0816913816373
679	-2.188392714392421	43.040712572706134	-2.188392714392421	43.040712572706134	-60.18428343027484	60.18428343027484	206.81356286353082	68.9378542878436	43.040712572706134	43.040712572706134	-43.040712572706134	-86.08142514541227	43.040712572706134	43.040712572706134	43.040712572706134	60.18428343027483	-60.18428343027484	68.9378542878436	25.89714171513743	25.89714171513743	43.040712572706134	-86.08142514541227	-163.77285029082452	21.520356286353067	-86.08142514541227	86.08142514541227	-68.9378542878436	86.08142514541227	-77.69142514541204	163.77285029082452	-21.520356286353067	-206.81356286353082	25.89714171513743	-43.040712572706134	8.39	68.93785428784349
680	-15.236147140683364	199.61376568819855	-15.236147140683364	199.61376568819855	-268.9483542509314	268.9483542509314	989.6788284409929	329.89294281366415	199.61376568819855	199.61376568819855	-199.61376568819855	-399.2275313763971	199.61376568819855	199.61376568819855	199.61376568819855	268.9483542509315	-268.9483542509314	329.89294281366415	130.2791771254657	130.2791771254657	199.61376568819855	-399.2275313763971	-790.0650627527942	99.80688284409928	-399.2275313763971	399.2275313763971	-329.89294281366415	399.2275313763971	-390.837531376397	790.0650627527942	-99.80688284409928	-989.6788284409929	130.2791771254657	-199.61376568819855	8.39	329.8929428136644
681	-5.5904614923168765	83.86553790780101	-5.5904614923168765	83.86553790780101	-114.61738387706801	114.61738387706801	410.9376895390051	136.9792298463351	83.86553790780101	83.86553790780101	-83.86553790780101	-167.73107581560203	83.86553790780101	83.86553790780101	83.86553790780101	114.61738387706805	-114.61738387706801	136.9792298463351	53.11369193853401	53.11369193853401	83.86553790780101	-167.73107581560203	-327.07215163120406	41.932768953900506	-167.73107581560203	167.73107581560203	-136.9792298463351	167.73107581560203	-159.3410758156018	327.07215163120406	-41.932768953900506	-410.9376895390051	53.11369193853401	-83.86553790780101	8.39	136.97922984633507
682	-12.206382696086706	163.25659235303766	-12.206382696086706	163.25659235303766	-220.47212313738356	220.47212313738356	807.8929617651884	269.29765392172953	163.25659235303766	163.25659235303766	-163.25659235303766	-326.5131847060753	163.25659235303766	163.25659235303766	163.25659235303766	220.4721231373835	-220.47212313738356	269.29765392172953	106.04106156869179	106.04106156869179	163.25659235303766	-326.5131847060753	-644.6363694121508	81.62829617651883	-326.5131847060753	326.5131847060753	-269.29765392172953	326.5131847060753	-318.1231847060749	644.6363694121508	-81.62829617651883	-807.8929617651884	106.04106156869179	-163.25659235303766	8.39	269.29765392172936
683	-9.162829227809056	126.7339507337075	-9.162829227809056	126.7339507337075	-171.77526764494334	171.77526764494334	625.2797536685375	208.42658455617914	126.7339507337075	126.7339507337075	-126.7339507337075	-253.467901467415	126.7339507337075	126.7339507337075	126.7339507337075	171.77526764494337	-171.77526764494334	208.42658455617914	81.69263382247168	81.69263382247168	126.7339507337075	-253.467901467415	-498.54580293483	63.36697536685375	-253.467901467415	253.467901467415	-208.42658455617914	253.467901467415	-245.07790146741502	498.54580293483	-63.36697536685375	-625.2797536685375	81.69263382247168	-126.7339507337075	8.39	208.4265845561792
684	-6.465124159040272	94.36148990848244	-6.465124159040272	94.36148990848244	-128.61198654464326	128.61198654464326	463.4174495424122	154.47248318080403	94.36148990848244	94.36148990848244	-94.36148990848244	-188.72297981696488	94.36148990848244	94.36148990848244	94.36148990848244	128.6119865446433	-128.61198654464326	154.47248318080403	60.110993272321636	60.110993272321636	94.36148990848244	-188.72297981696488	-369.0559596339298	47.18074495424122	-188.72297981696488	188.72297981696488	-154.47248318080403	188.72297981696488	-180.3329798169649	369.0559596339298	-47.18074495424122	-463.4174495424122	60.110993272321636	-94.36148990848244	8.39	154.4724831808041
685	-3.270803456051624	56.029641472617556	-3.270803456051624	56.029641472617556	-77.5028552968234	77.5028552968234	271.7582073630879	90.58606912102937	56.029641472617556	56.029641472617556	-56.029641472617556	-112.05928294523511	56.029641472617556	56.029641472617556	56.029641472617556	77.50285529682355	-77.5028552968234	90.58606912102937	34.556427648411706	34.556427648411706	56.029641472617556	-112.05928294523511	-215.7285658904702	28.014820736308778	-112.05928294523511	112.05928294523511	-90.58606912102937	112.05928294523511	-103.66928294523495	215.7285658904702	-28.014820736308778	-271.7582073630879	34.556427648411706	-56.029641472617556	8.39	90.58606912102934
686	-5.774868001040699	86.07841601248704	-5.774868001040699	86.07841601248704	-117.56788801664942	117.56788801664942	422.0020800624352	140.66736002081177	86.07841601248704	86.07841601248704	-86.07841601248704	-172.15683202497408	86.07841601248704	86.07841601248704	86.07841601248704	117.56788801664936	-117.56788801664942	140.66736002081177	54.58894400832466	54.58894400832466	86.07841601248704	-172.15683202497408	-335.9236640499481	43.03920800624352	-172.15683202497408	172.15683202497408	-140.66736002081177	172.15683202497408	-163.76683202497395	335.9236640499481	-43.03920800624352	-422.0020800624352	54.58894400832466	-86.07841601248704	8.39	140.66736002081174
687	-9.242328664857126	127.68794397828256	-9.242328664857126	127.68794397828256	-173.04725863771012	173.04725863771012	630.0497198914129	210.0165732971377	127.68794397828256	127.68794397828256	-127.68794397828256	-255.37588795656512	127.68794397828256	127.68794397828256	127.68794397828256	173.04725863771023	-173.04725863771012	210.0165732971377	82.32862931885501	82.32862931885501	127.68794397828256	-255.37588795656512	-502.36177591313026	63.84397198914128	-255.37588795656512	255.37588795656512	-210.0165732971377	255.37588795656512	-246.98588795656474	502.36177591313026	-63.84397198914128	-630.0497198914129	82.32862931885501	-127.68794397828256	8.39	210.01657329713743
688	-10.648243729873514	144.55892475848475	-10.648243729873514	144.55892475848475	-195.54189967797964	195.54189967797964	714.4046237924236	238.13487459747455	144.55892475848475	144.55892475848475	-144.55892475848475	-289.1178495169695	144.55892475848475	144.55892475848475	144.55892475848475	195.5418996779796	-195.54189967797964	238.13487459747455	93.57594983898983	93.57594983898983	144.55892475848475	-289.1178495169695	-569.845699033939	72.27946237924237	-289.1178495169695	289.1178495169695	-238.13487459747455	289.1178495169695	-280.7278495169697	569.845699033939	-72.27946237924237	-714.4046237924236	93.57594983898983	-144.55892475848475	8.39	238.1348745974746
689	-14.28103040555385	188.1523648666456	-14.28103040555385	188.1523648666456	-253.66648648886078	253.66648648886078	932.371824333228	310.79060811107604	188.1523648666456	188.1523648666456	-188.1523648666456	-376.3047297332912	188.1523648666456	188.1523648666456	188.1523648666456	253.66648648886076	-253.66648648886078	310.79060811107604	122.63824324443041	122.63824324443041	188.1523648666456	-376.3047297332912	-744.2194594665824	94.0761824333228	-376.3047297332912	376.3047297332912	-310.79060811107604	376.3047297332912	-367.91472973329115	744.2194594665824	-94.0761824333228	-932.371824333228	122.63824324443041	-188.1523648666456	8.39	310.7906081110759
690	-12.126830224340267	162.30196269208284	-12.126830224340267	162.30196269208284	-219.19928358944378	219.19928358944378	803.1198134604141	267.70660448680474	162.30196269208284	162.30196269208284	-162.30196269208284	-324.6039253841657	162.30196269208284	162.30196269208284	162.30196269208284	219.19928358944367	-219.19928358944378	267.70660448680474	105.4046417947219	105.4046417947219	162.30196269208284	-324.6039253841657	-640.8178507683314	81.15098134604142	-324.6039253841657	324.6039253841657	-267.70660448680474	324.6039253841657	-316.2139253841655	640.8178507683314	-81.15098134604142	-803.1198134604141	105.4046417947219	-162.30196269208284	8.39	267.70660448680474
691	-8.55361392688684	119.42336712264148	-8.55361392688684	119.42336712264148	-162.02782283018863	162.02782283018863	588.7268356132074	196.24227853773584	119.42336712264148	119.42336712264148	-119.42336712264148	-238.84673424528296	119.42336712264148	119.42336712264148	119.42336712264148	162.0278228301886	-162.02782283018863	196.24227853773584	76.81891141509433	76.81891141509433	119.42336712264148	-238.84673424528296	-469.30346849056593	59.71168356132074	-238.84673424528296	238.84673424528296	-196.24227853773584	238.84673424528296	-230.45673424528292	469.30346849056593	-59.71168356132074	-588.7268356132074	76.81891141509433	-119.42336712264148	8.39	196.24227853773576
692	-12.578586799199627	167.72304159039538	-12.578586799199627	167.72304159039538	-226.42738878719385	226.42738878719385	830.2252079519769	276.74173598399227	167.72304159039538	167.72304159039538	-167.72304159039538	-335.44608318079077	167.72304159039538	167.72304159039538	167.72304159039538	226.42738878719388	-226.42738878719385	276.74173598399227	109.01869439359693	109.01869439359693	167.72304159039538	-335.44608318079077	-662.5021663615815	83.86152079519769	-335.44608318079077	335.44608318079077	-276.74173598399227	335.44608318079077	-327.05608318079055	662.5021663615815	-83.86152079519769	-830.2252079519769	109.01869439359693	-167.72304159039538	8.39	276.7417359839923
693	-14.360265302562667	189.10318363075106	-14.360265302562667	189.10318363075106	-254.93424484100137	254.93424484100137	937.1259181537553	312.37530605125175	189.10318363075106	189.10318363075106	-189.10318363075106	-378.2063672615021	189.10318363075106	189.10318363075106	189.10318363075106	254.93424484100137	-254.93424484100137	312.37530605125175	123.27212242050075	123.27212242050075	189.10318363075106	-378.2063672615021	-748.0227345230044	94.55159181537553	-378.2063672615021	378.2063672615021	-312.37530605125175	378.2063672615021	-369.8163672615019	748.0227345230044	-94.55159181537553	-937.1259181537553	123.27212242050075	-189.10318363075106	8.39	312.37530605125175
694	-15.36846998326584	201.20163979918794	-15.36846998326584	201.20163979918794	-271.0655197322506	271.0655197322506	997.6181989959398	332.53939966531334	201.20163979918794	201.20163979918794	-201.20163979918794	-402.4032795983759	201.20163979918794	201.20163979918794	201.20163979918794	271.06551973225055	-271.0655197322506	332.53939966531334	131.3377598661253	131.3377598661253	201.20163979918794	-402.4032795983759	-796.4165591967517	100.60081989959397	-402.4032795983759	402.4032795983759	-332.53939966531334	402.4032795983759	-394.01327959837545	796.4165591967517	-100.60081989959397	-997.6181989959398	131.3377598661253	-201.20163979918794	8.39	332.53939966531317
695	-14.175172724293716	186.88207269152366	-14.175172724293716	186.88207269152366	-251.97276358869817	251.97276358869817	926.0203634576183	308.67345448587275	186.88207269152366	186.88207269152366	-186.88207269152366	-373.7641453830473	186.88207269152366	186.88207269152366	186.88207269152366	251.97276358869817	-251.97276358869817	308.67345448587275	121.79138179434915	121.79138179434915	186.88207269152366	-373.7641453830473	-739.1382907660948	93.44103634576183	-373.7641453830473	373.7641453830473	-308.67345448587275	373.7641453830473	-365.3741453830471	739.1382907660948	-93.44103634576183	-926.0203634576183	121.79138179434915	-186.88207269152366	8.39	308.67345448587275
696	-7.2065051005141925	103.25806120616886	-7.2065051005141925	103.25806120616886	-140.47408160822513	140.47408160822513	507.90030603084426	169.30010201028153	103.25806120616886	103.25806120616886	-103.25806120616886	-206.51612241233772	103.25806120616886	103.25806120616886	103.25806120616886	140.4740816082251	-140.47408160822513	169.30010201028153	66.04204080411257	66.04204080411257	103.25806120616886	-206.51612241233772	-404.64224482467546	51.62903060308443	-206.51612241233772	206.51612241233772	-169.30010201028153	206.51612241233772	-198.12612241233728	404.64224482467546	-51.62903060308443	-507.90030603084426	66.04204080411257	-103.25806120616886	8.39	169.30010201028136
697	-13.830763062890316	182.7491567546835	-13.830763062890316	182.7491567546835	-246.46220900624468	246.46220900624468	905.3557837734174	301.7852612578059	182.7491567546835	182.7491567546835	-182.7491567546835	-365.498313509367	182.7491567546835	182.7491567546835	182.7491567546835	246.46220900624462	-246.46220900624468	301.7852612578059	119.03610450312232	119.03610450312232	182.7491567546835	-365.498313509367	-722.6066270187341	91.37457837734175	-365.498313509367	365.498313509367	-301.7852612578059	365.498313509367	-357.1083135093669	722.6066270187341	-91.37457837734175	-905.3557837734174	119.03610450312232	-182.7491567546835	8.39	301.7852612578057
698	-5.325339975184432	80.68407970221165	-5.325339975184432	80.68407970221165	-110.37543960294886	110.37543960294886	395.03039851105837	131.67679950368597	80.68407970221165	80.68407970221165	-80.68407970221165	-161.3681594044233	80.68407970221165	80.68407970221165	80.68407970221165	110.37543960294897	-110.37543960294886	131.67679950368597	50.992719801474436	50.992719801474436	80.68407970221165	-161.3681594044233	-314.3463188088466	40.342039851105824	-161.3681594044233	161.3681594044233	-131.67679950368597	161.3681594044233	-152.97815940442308	314.3463188088466	-40.342039851105824	-395.03039851105837	50.992719801474436	-80.68407970221165	8.39	131.6767995036862
699	-14.890622892719147	195.4674747126303	-14.890622892719147	195.4674747126303	-263.41996628350705	263.41996628350705	968.9473735631516	322.9824578543837	195.4674747126303	195.4674747126303	-195.4674747126303	-390.9349494252606	195.4674747126303	195.4674747126303	195.4674747126303	263.41996628350716	-263.41996628350705	322.9824578543837	127.51498314175353	127.51498314175353	195.4674747126303	-390.9349494252606	-773.4798988505212	97.73373735631515	-390.9349494252606	390.9349494252606	-322.9824578543837	390.9349494252606	-382.5449494252606	773.4798988505212	-97.73373735631515	-968.9473735631516	127.51498314175353	-195.4674747126303	8.39	322.98245785438394
700	-12.020335273895537	161.02402328674475	-12.020335273895537	161.02402328674475	-217.49536438232633	217.49536438232633	796.7301164337239	265.5767054779078	161.02402328674475	161.02402328674475	-161.02402328674475	-322.0480465734895	161.02402328674475	161.02402328674475	161.02402328674475	217.49536438232644	-217.49536438232633	265.5767054779078	104.55268219116317	104.55268219116317	161.02402328674475	-322.0480465734895	-635.706093146979	80.51201164337238	-322.0480465734895	322.0480465734895	-265.5767054779078	322.0480465734895	-313.6580465734893	635.706093146979	-80.51201164337238	-796.7301164337239	104.55268219116317	-161.02402328674475	8.39	265.57670547790804
701	-6.730776875960392	97.54932251152445	-6.730776875960392	97.54932251152445	-132.86243001536593	132.86243001536593	479.3566125576224	159.7855375192073	97.54932251152445	97.54932251152445	-97.54932251152445	-195.0986450230489	97.54932251152445	97.54932251152445	97.54932251152445	132.86243001536604	-132.86243001536593	159.7855375192073	62.23621500768297	62.23621500768297	97.54932251152445	-195.0986450230489	-381.8072900460978	48.774661255762226	-195.0986450230489	195.0986450230489	-159.7855375192073	195.0986450230489	-186.70864502304892	381.8072900460978	-48.774661255762226	-479.3566125576224	62.23621500768297	-97.54932251152445	8.39	159.78553751920754
702	-5.933655369795725	87.98386443754703	-5.933655369795725	87.98386443754703	-120.10848591672936	120.10848591672936	431.52932218773526	143.8431073959116	87.98386443754703	87.98386443754703	-87.98386443754703	-175.96772887509405	87.98386443754703	87.98386443754703	87.98386443754703	120.10848591672948	-120.10848591672936	143.8431073959116	55.85924295836469	55.85924295836469	87.98386443754703	-175.96772887509405	-343.5454577501881	43.99193221877351	-175.96772887509405	175.96772887509405	-143.8431073959116	175.96772887509405	-167.57772887509384	343.5454577501881	-43.99193221877351	-431.52932218773526	55.85924295836469	-87.98386443754703	8.39	143.84310739591183
703	-14.571136337459247	191.63363604950996	-14.571136337459247	191.63363604950996	-258.3081813993466	258.3081813993466	949.7781802475499	316.59272674918316	191.63363604950996	191.63363604950996	-191.63363604950996	-383.2672720990199	191.63363604950996	191.63363604950996	191.63363604950996	258.3081813993467	-258.3081813993466	316.59272674918316	124.95909069967331	124.95909069967331	191.63363604950996	-383.2672720990199	-758.1445441980399	95.81681802475498	-383.2672720990199	383.2672720990199	-316.59272674918316	383.2672720990199	-374.8772720990197	758.1445441980399	-95.81681802475498	-949.7781802475499	124.95909069967331	-191.63363604950996	8.39	316.5927267491834
704	-13.298286606740957	176.35943928089114	-13.298286606740957	176.35943928089114	-237.94258570785485	237.94258570785485	873.4071964044558	291.13573213481845	176.35943928089114	176.35943928089114	-176.35943928089114	-352.7188785617823	176.35943928089114	176.35943928089114	176.35943928089114	237.94258570785496	-237.94258570785485	291.13573213481845	114.77629285392743	114.77629285392743	176.35943928089114	-352.7188785617823	-697.0477571235646	88.17971964044557	-352.7188785617823	352.7188785617823	-291.13573213481845	352.7188785617823	-344.3288785617823	697.0477571235646	-88.17971964044557	-873.4071964044558	114.77629285392743	-176.35943928089114	8.39	291.1357321348187
705	-12.817668919701816	170.59202703642316	-12.817668919701816	170.59202703642316	-230.25270271523087	230.25270271523087	844.5701351821157	281.52337839403845	170.59202703642316	170.59202703642316	-170.59202703642316	-341.1840540728463	170.59202703642316	170.59202703642316	170.59202703642316	230.25270271523073	-230.25270271523087	281.52337839403845	110.93135135761545	110.93135135761545	170.59202703642316	-341.1840540728463	-673.9781081456925	85.29601351821158	-341.1840540728463	341.1840540728463	-281.52337839403845	341.1840540728463	-332.79405407284645	673.9781081456925	-85.29601351821158	-844.5701351821157	110.93135135761545	-170.59202703642316	8.39	281.5233783940388
706	-3.403179333332149	57.61815199998437	-3.403179333332149	57.61815199998437	-79.62086933331256	79.62086933331256	279.70075999992184	93.23358666664069	57.61815199998437	57.61815199998437	-57.61815199998437	-115.23630399996874	57.61815199998437	57.61815199998437	57.61815199998437	79.6208693333125	-79.62086933331256	93.23358666664069	35.615434666656185	35.615434666656185	57.61815199998437	-115.23630399996874	-222.08260799993747	28.809075999992185	-115.23630399996874	115.23630399996874	-93.23358666664069	115.23630399996874	-106.84630399996865	222.08260799993747	-28.809075999992185	-279.70075999992184	35.615434666656185	-57.61815199998437	8.39	93.23358666664062
707	-9.083541296101885	125.78249555322185	-9.083541296101885	125.78249555322185	-170.50666073762915	170.50666073762915	620.5224777661092	206.8408259220364	125.78249555322185	125.78249555322185	-125.78249555322185	-251.5649911064437	125.78249555322185	125.78249555322185	125.78249555322185	170.5066607376291	-170.50666073762915	206.8408259220364	81.05833036881455	81.05833036881455	125.78249555322185	-251.5649911064437	-494.73998221288736	62.891247776610925	-251.5649911064437	251.5649911064437	-206.8408259220364	251.5649911064437	-243.17499110644349	494.73998221288736	-62.891247776610925	-620.5224777661092	81.05833036881455	-125.78249555322185	8.39	206.8408259220364
708	-7.285898467316727	104.21078160780259	-7.285898467316727	104.21078160780259	-141.74437547707012	141.74437547707012	512.6639080390129	170.88796934633763	104.21078160780259	104.21078160780259	-104.21078160780259	-208.42156321560518	104.21078160780259	104.21078160780259	104.21078160780259	141.7443754770701	-141.74437547707012	170.88796934633763	66.67718773853505	66.67718773853505	104.21078160780259	-208.42156321560518	-408.4531264312103	52.105390803901294	-208.42156321560518	208.42156321560518	-170.88796934633763	208.42156321560518	-200.03156321560527	408.4531264312103	-52.105390803901294	-512.6639080390129	66.67718773853505	-104.21078160780259	8.39	170.88796934633763
709	-10.516079992234893	142.9729599068182	-10.516079992234893	142.9729599068182	-193.4272798757576	193.4272798757576	706.4747995340911	235.49159984469713	142.9729599068182	142.9729599068182	-142.9729599068182	-285.9459198136364	142.9729599068182	142.9729599068182	142.9729599068182	193.42727987575756	-193.4272798757576	235.49159984469713	92.51863993787882	92.51863993787882	142.9729599068182	-285.9459198136364	-563.5018396272728	71.4864799534091	-285.9459198136364	285.9459198136364	-235.49159984469713	285.9459198136364	-277.5559198136364	563.5018396272728	-71.4864799534091	-706.4747995340911	92.51863993787882	-142.9729599068182	8.39	235.49159984469682
710	-15.05052484803502	197.3862981764189	-15.05052484803502	197.3862981764189	-265.97839756855853	265.97839756855853	978.5414908820946	326.18049696069806	197.3862981764189	197.3862981764189	-197.3862981764189	-394.7725963528378	197.3862981764189	197.3862981764189	197.3862981764189	265.97839756855865	-265.97839756855853	326.18049696069806	128.79419878427927	128.79419878427927	197.3862981764189	-394.7725963528378	-781.1551927056756	98.69314908820945	-394.7725963528378	394.7725963528378	-326.18049696069806	394.7725963528378	-386.3825963528377	781.1551927056756	-98.69314908820945	-978.5414908820946	128.79419878427927	-197.3862981764189	8.39	326.1804969606983
711	-12.419852465142668	165.81822958171404	-12.419852465142668	165.81822958171404	-223.88763944228538	223.88763944228538	820.7011479085701	273.56704930285673	165.81822958171404	165.81822958171404	-165.81822958171404	-331.63645916342807	165.81822958171404	165.81822958171404	165.81822958171404	223.88763944228526	-223.88763944228538	273.56704930285673	107.7488197211427	107.7488197211427	165.81822958171404	-331.63645916342807	-654.8829183268562	82.90911479085702	-331.63645916342807	331.63645916342807	-273.56704930285673	331.63645916342807	-323.24645916342837	654.8829183268562	-82.90911479085702	-820.7011479085701	107.7488197211427	-165.81822958171404	8.39	273.56704930285673
712	-13.057550180232766	173.47060216279237	-13.057550180232766	173.47060216279237	-234.09080288372323	234.09080288372323	858.963010813962	286.32100360465404	173.47060216279243	173.47060216279237	-173.47060216279243	-346.9412043255848	173.47060216279243	173.47060216279237	173.47060216279243	234.0908028837232	-234.09080288372323	286.32100360465404	112.85040144186158	112.85040144186158	173.47060216279243	-346.9412043255848	-685.4924086511696	86.73530108139619	-346.9412043255848	346.9412043255848	-286.32100360465404	346.9412043255848	-338.5512043255847	685.4924086511696	-86.73530108139619	-858.963010813962	112.85040144186158	-173.47060216279243	8.39	286.32100360465404
713	-8.078097841974966	113.7171741036999	-8.078097841974966	113.7171741036999	-154.41956547159987	154.41956547159987	560.1958705184995	186.73195683949973	113.7171741036999	113.7171741036999	-113.7171741036999	-227.4343482073998	113.7171741036999	113.7171741036999	113.7171741036999	154.41956547159987	-154.41956547159987	186.73195683949973	73.01478273579994	73.01478273579994	113.7171741036999	-227.4343482073998	-446.47869641479963	56.85858705184995	-227.4343482073998	227.4343482073998	-186.73195683949973	227.4343482073998	-219.0443482073996	446.47869641479963	-56.85858705184995	-560.1958705184995	73.01478273579994	-113.7171741036999	8.39	186.73195683949996
714	-14.201690073449555	187.2002808813923	-14.201690073449555	187.2002808813923	-252.3970411751897	252.3970411751897	927.6114044069616	309.2038014689872	187.2002808813923	187.2002808813923	-187.2002808813923	-374.4005617627846	187.2002808813923	187.2002808813923	187.2002808813923	252.39704117518977	-252.3970411751897	309.2038014689872	122.00352058759488	122.00352058759488	187.2002808813923	-374.4005617627846	-740.4111235255691	93.60014044069615	-374.4005617627846	374.4005617627846	-309.2038014689872	374.4005617627846	-366.0105617627844	740.4111235255691	-93.60014044069615	-927.6114044069616	122.00352058759488	-187.2002808813923	8.39	309.2038014689872
715	-2.9274511087785413	51.90941330534106	-2.9274511087785413	51.90941330534106	-72.00921774045476	72.00921774045476	251.15706652670542	83.71902217556851	51.90941330534106	51.90941330534106	-51.90941330534106	-103.81882661068212	51.90941330534106	51.90941330534106	51.90941330534106	72.0092177404548	-72.00921774045476	83.71902217556851	31.809608870227365	31.809608870227365	51.90941330534106	-103.81882661068212	-199.24765322136426	25.95470665267053	-103.81882661068212	103.81882661068212	-83.71902217556851	103.81882661068212	-95.42882661068208	199.24765322136426	-25.95470665267053	-251.15706652670542	31.809608870227365	-51.90941330534106	8.39	83.71902217556831
716	-8.845413595242274	122.924963142906	-8.845413595242274	122.924963142906	-166.6966175238747	166.6966175238747	606.23481571453	202.0782719048434	122.924963142906	122.924963142906	-122.924963142906	-245.849926285812	122.924963142906	122.924963142906	122.924963142906	166.6966175238747	-166.6966175238747	202.0782719048434	79.1533087619373	79.1533087619373	122.924963142906	-245.849926285812	-483.309852571624	61.462481571453	-245.849926285812	245.849926285812	-202.0782719048434	245.849926285812	-237.4599262858119	483.309852571624	-61.462481571453	-606.23481571453	79.1533087619373	-122.924963142906	8.39	202.0782719048433
717	-10.170980873813562	138.83177048576204	-10.170980873813562	138.83177048576204	-187.90569398101604	187.90569398101604	685.7688524288103	228.58961747627006	138.83177048576204	138.83177048576204	-138.83177048576204	-277.66354097152407	138.83177048576204	138.83177048576204	138.83177048576204	187.90569398101616	-187.90569398101604	228.58961747627006	89.75784699050803	89.75784699050803	138.83177048576204	-277.66354097152407	-546.9370819430482	69.41588524288102	-277.66354097152407	277.66354097152407	-228.58961747627006	277.66354097152407	-269.27354097152397	546.9370819430482	-69.41588524288102	-685.7688524288103	89.75784699050803	-138.83177048576204	8.39	228.58961747627006
718	-3.8786954182440354	63.324345018927716	-3.8786954182440354	63.324345018927716	-87.22912669190362	87.22912669190362	308.2317250946387	102.74390836487953	63.324345018927716	63.324345018927716	-63.324345018927716	-126.64869003785543	63.324345018927716	63.324345018927716	63.324345018927716	87.22912669190373	-87.22912669190362	102.74390836487953	39.419563345951815	39.419563345951815	63.324345018927716	-126.64869003785543	-244.90738007571088	31.662172509463858	-126.64869003785543	126.64869003785543	-102.74390836487953	126.64869003785543	-118.25869003785532	244.90738007571088	-31.662172509463858	-308.2317250946387	39.419563345951815	-63.324345018927716	8.39	102.74390836487953
719	-5.378480955456329	81.32177146547504	-5.378480955456329	81.32177146547504	-111.22569528730008	111.22569528730008	398.2188573273752	132.7396191091251	81.32177146547504	81.32177146547504	-81.32177146547504	-162.64354293095008	81.32177146547504	81.32177146547504	81.32177146547504	111.22569528730014	-111.22569528730008	132.7396191091251	51.41784764364999	51.41784764364999	81.32177146547504	-162.64354293095008	-316.8970858619001	40.66088573273752	-162.64354293095008	162.64354293095008	-132.7396191091251	162.64354293095008	-154.25354293094995	316.8970858619001	-40.66088573273752	-398.2188573273752	51.41784764364999	-81.32177146547504	8.39	132.73961910912507
720	-4.956098242528697	76.25317891034285	-4.956098242528697	76.25317891034285	-104.46757188045713	104.46757188045713	372.8758945517143	124.2919648505715	76.25317891034285	76.25317891034285	-76.25317891034285	-152.5063578206857	76.25317891034285	76.25317891034285	76.25317891034285	104.46757188045717	-104.46757188045713	124.2919648505715	48.03878594022857	48.03878594022857	76.25317891034285	-152.5063578206857	-296.6227156413714	38.12658945517143	-152.5063578206857	152.5063578206857	-124.2919648505715	152.5063578206857	-144.11635782068566	296.6227156413714	-38.12658945517143	-372.8758945517143	48.03878594022857	-76.25317891034285	8.39	124.29196485057147
721	-11.571230680458342	155.6347681654973	-11.571230680458342	155.6347681654973	-210.30969088732974	210.30969088732974	769.7838408274865	256.59461360916225	155.6347681654973	155.6347681654973	-155.6347681654973	-311.2695363309946	155.6347681654973	155.6347681654973	155.6347681654973	210.30969088732968	-210.30969088732974	256.59461360916225	100.95984544366488	100.95984544366488	155.6347681654973	-311.2695363309946	-614.1490726619893	77.81738408274865	-311.2695363309946	311.2695363309946	-256.59461360916225	311.2695363309946	-302.87953633099414	614.1490726619893	-77.81738408274865	-769.7838408274865	100.95984544366488	-155.6347681654973	8.39	256.5946136091621
722	-6.6779010700285255	96.91481284034296	-6.6779010700285255	96.91481284034296	-132.01641712045728	132.01641712045728	476.1840642017147	158.72802140057155	96.91481284034296	96.91481284034296	-96.91481284034296	-193.82962568068592	96.91481284034296	96.91481284034296	96.91481284034296	132.01641712045716	-132.01641712045728	158.7280214005716	61.813208560228645	61.813208560228645	96.91481284034296	-193.82962568068592	-379.26925136137186	48.45740642017148	-193.82962568068592	193.82962568068592	-158.72802140057155	193.82962568068592	-185.43962568068594	379.26925136137186	-48.45740642017148	-476.1840642017147	61.813208560228645	-96.91481284034296	8.39	158.7280214005716
723	-13.990026898762551	184.66032278514956	-13.990026898762551	184.66032278514956	-249.0104303801994	249.0104303801994	914.9116139257477	304.9705379752492	184.66032278514956	184.66032278514956	-184.66032278514956	-369.3206455702991	184.66032278514956	184.66032278514956	184.66032278514956	249.0104303801993	-249.0104303801994	304.9705379752493	120.31021519009971	120.31021519009971	184.66032278514956	-369.3206455702991	-730.2512911405983	92.33016139257478	-369.3206455702991	369.3206455702991	-304.9705379752492	369.3206455702991	-360.9306455702988	730.2512911405983	-92.33016139257478	-914.9116139257477	120.31021519009971	-184.66032278514956	8.39	304.9705379752493
724	-14.730825302874166	193.54990363448894	-14.730825302874166	193.54990363448894	-260.86320484598525	260.86320484598525	959.3595181724446	319.7865060574815	193.54990363448894	193.54990363448894	-193.54990363448894	-387.0998072689779	193.54990363448894	193.54990363448894	193.54990363448894	260.86320484598514	-260.86320484598525	319.7865060574816	126.23660242299263	126.23660242299263	193.54990363448894	-387.0998072689779	-765.8096145379558	96.77495181724447	-387.0998072689779	387.0998072689779	-319.7865060574815	387.0998072689779	-378.7098072689778	765.8096145379558	-96.77495181724447	-959.3595181724446	126.23660242299263	-193.54990363448894	8.39	319.7865060574816
725	-3.82555443797204	62.686653255664	-3.82555443797204	62.686653255664	-86.37887100755205	86.37887100755205	305.04326627832006	101.68108875944006	62.686653255664	62.686653255664	-62.686653255664	-125.373306511328	62.686653255664	62.686653255664	62.686653255664	86.3788710075521	-86.37887100755205	101.68108875944006	38.99443550377595	38.99443550377595	62.686653255664	-125.373306511328	-242.356613022656	31.343326627832	-125.373306511328	125.373306511328	-101.68108875944006	125.373306511328	-116.9833065113279	242.356613022656	-31.343326627832	-305.04326627832006	38.99443550377595	-62.686653255664	8.39	101.68108875944
726	-9.799203604169096	134.3704432500274	-9.799203604169096	134.3704432500274	-181.95725766670319	181.95725766670319	663.4622162501371	221.15407208337888	134.3704432500274	134.3704432500274	-134.3704432500274	-268.7408865000548	134.3704432500274	134.3704432500274	134.3704432500274	181.9572576667033	-181.95725766670319	221.15407208337888	86.7836288333516	86.7836288333516	134.3704432500274	-268.7408865000548	-529.0917730001096	67.1852216250137	-268.7408865000548	268.7408865000548	-221.15407208337888	268.7408865000548	-260.35088650005457	529.0917730001096	-67.1852216250137	-663.4622162501371	86.7836288333516	-134.3704432500274	8.39	221.1540720833791
727	-8.210261579613867	115.30313895536642	-8.210261579613867	115.30313895536642	-156.5341852738219	156.5341852738219	568.1256947768322	189.37523159227726	115.30313895536642	115.30313895536642	-115.30313895536642	-230.60627791073284	115.30313895536642	115.30313895536642	115.30313895536642	156.534185273822	-156.5341852738219	189.37523159227726	74.07209263691095	74.07209263691095	115.30313895536642	-230.60627791073284	-452.8225558214657	57.65156947768321	-230.60627791073284	230.60627791073284	-189.37523159227726	230.60627791073284	-222.21627791073286	452.8225558214657	-57.65156947768321	-568.1256947768322	74.07209263691095	-115.30313895536642	8.39	189.3752315922775
728	-9.61283563047013	132.13402756564096	-9.61283563047013	132.13402756564096	-178.97537008752127	178.97537008752127	652.2801378282047	217.42671260940153	132.13402756564096	132.13402756564096	-132.13402756564096	-264.2680551312819	132.13402756564096	132.13402756564096	132.13402756564096	178.97537008752124	-178.97537008752127	217.42671260940153	85.29268504376064	85.29268504376064	132.13402756564096	-264.2680551312819	-520.1461102625639	66.06701378282048	-264.2680551312819	264.2680551312819	-217.42671260940153	264.2680551312819	-255.87805513128188	520.1461102625639	-66.06701378282048	-652.2801378282047	85.29268504376064	-132.13402756564096	8.39	217.4267126094016
729	-8.951059983725713	124.19271980470593	-8.951059983725713	124.19271980470593	-168.3869597396079	168.3869597396079	612.5735990235298	204.19119967451002	124.19271980470593	124.19271980470593	-124.19271980470593	-248.38543960941186	124.19271980470593	124.19271980470593	124.19271980470593	168.38695973960807	-168.3869597396079	204.19119967451002	79.99847986980396	79.99847986980396	124.19271980470593	-248.38543960941186	-488.3808792188237	62.096359902352965	-248.38543960941186	248.38543960941186	-204.19119967451002	248.38543960941186	-239.99543960941173	488.3808792188237	-62.096359902352965	-612.5735990235298	79.99847986980396	-124.19271980470593	8.39	204.19119967450982
730	-13.804245713734872	182.4309485648156	-13.804245713734872	182.4309485648156	-246.0379314197541	246.0379314197541	903.7647428240781	301.2549142746926	182.4309485648156	182.4309485648156	-182.4309485648156	-364.8618971296312	182.4309485648156	182.4309485648156	182.4309485648156	246.03793141975427	-246.0379314197541	301.2549142746926	118.82396570987706	118.82396570987706	182.4309485648156	-364.8618971296312	-721.3337942592624	91.2154742824078	-364.8618971296312	364.8618971296312	-301.2549142746926	364.8618971296312	-356.47189712963063	721.3337942592624	-91.2154742824078	-903.7647428240781	118.82396570987706	-182.4309485648156	8.39	301.25491427469257
731	-13.61782619669924	180.1939143603915	-13.61782619669924	180.1939143603915	-243.05521914718864	243.05521914718864	892.5795718019576	297.52652393398574	180.1939143603915	180.1939143603915	-180.1939143603915	-360.387828720783	180.1939143603915	180.1939143603915	180.1939143603915	243.05521914718884	-243.05521914718864	297.5265239339858	117.33260957359434	117.33260957359434	180.1939143603915	-360.387828720783	-712.3856574415661	90.09695718019574	-360.387828720783	360.387828720783	-297.52652393398574	360.387828720783	-351.9978287207832	712.3856574415661	-90.09695718019574	-892.5795718019576	117.33260957359434	-180.1939143603915	8.39	297.5265239339858
732	-3.059932421154812	53.49918905385703	-3.059932421154812	53.49918905385703	-74.1289187384761	74.1289187384761	259.10594526928514	86.36864842309512	53.49918905385703	53.49918905385703	-53.49918905385703	-106.99837810771406	53.49918905385703	53.49918905385703	53.49918905385703	74.12891873847605	-74.1289187384761	86.36864842309512	32.86945936923796	32.86945936923796	53.49918905385703	-106.99837810771406	-205.6067562154281	26.749594526928515	-106.99837810771406	106.99837810771406	-86.36864842309512	106.99837810771406	-98.6083781077142	205.6067562154281	-26.749594526928515	-259.10594526928514	32.86945936923796	-53.49918905385703	8.39	86.36864842309505
733	-6.012995701900252	88.93594842280095	-6.012995701900252	88.93594842280095	-121.37793123040126	121.37793123040126	436.28974211400487	145.42991403800147	88.93594842280095	88.93594842280095	-88.93594842280095	-177.8718968456019	88.93594842280095	88.93594842280095	88.93594842280095	121.37793123040137	-121.37793123040126	145.42991403800147	56.493965615200636	56.493965615200636	88.93594842280095	-177.8718968456019	-347.3537936912038	44.467974211400474	-177.8718968456019	177.8718968456019	-145.42991403800147	177.8718968456019	-169.48189684560145	347.3537936912038	-44.467974211400474	-436.28974211400487	56.493965615200636	-88.93594842280095	8.39	145.4299140380017
734	-7.865958200171038	111.17149840205207	-7.865958200171038	111.17149840205207	-151.02533120273608	151.02533120273608	547.4674920102605	182.48916400342	111.17149840205207	111.17149840205207	-111.17149840205207	-222.34299680410413	111.17149840205207	111.17149840205207	111.17149840205207	151.0253312027362	-151.02533120273608	182.48916400342	71.31766560136805	71.31766560136805	111.17149840205207	-222.34299680410413	-436.2959936082083	55.58574920102603	-222.34299680410413	222.34299680410413	-182.48916400342	222.34299680410413	-213.95299680410415	436.2959936082083	-55.58574920102603	-547.4674920102605	71.31766560136805	-111.17149840205207	8.39	182.48916400342023
735	-6.251866529625545	91.8023983555072	-6.251866529625545	91.8023983555072	-125.19986447400959	125.19986447400959	450.621991777536	150.20733059251188	91.8023983555072	91.8023983555072	-91.8023983555072	-183.6047967110144	91.8023983555072	91.8023983555072	91.8023983555072	125.19986447400959	-125.19986447400959	150.20733059251188	58.4049322370048	58.4049322370048	91.8023983555072	-183.6047967110144	-358.8195934220288	45.9011991777536	-183.6047967110144	183.6047967110144	-150.20733059251188	183.6047967110144	-175.21479671101451	358.8195934220288	-45.9011991777536	-450.621991777536	58.4049322370048	-91.8023983555072	8.39	150.207330592512
736	-11.650518612165314	156.5862233459826	-11.650518612165314	156.5862233459826	-211.57829779464345	211.57829779464345	774.5411167299131	258.1803722433043	156.58622334598257	156.5862233459826	-156.58622334598257	-313.1724466919652	156.58622334598257	156.5862233459826	156.58622334598257	211.57829779464362	-211.57829779464345	258.1803722433043	101.59414889732176	101.59414889732176	156.58622334598257	-313.1724466919652	-617.9548933839303	78.2931116729913	-313.1724466919652	313.1724466919652	-258.1803722433043	313.1724466919652	-304.78244669196494	617.9548933839303	-78.2931116729913	-774.5411167299131	101.59414889732176	-156.58622334598257	8.39	258.18037224330436
737	-7.153364120242202	102.62036944290605	-7.153364120242202	102.62036944290605	-139.62382592387473	139.62382592387473	504.7118472145303	168.2372824048433	102.62036944290605	102.62036944290605	-102.62036944290605	-205.2407388858121	102.62036944290605	102.62036944290605	102.62036944290605	139.62382592387473	-139.62382592387473	168.2372824048433	65.61691296193737	65.61691296193737	102.62036944290605	-205.2407388858121	-402.0914777716242	51.31018472145303	-205.2407388858121	205.2407388858121	-168.2372824048433	205.2407388858121	-196.85073888581192	402.0914777716242	-51.31018472145303	-504.7118472145303	65.61691296193737	-102.62036944290605	8.39	168.23728240484354
738	-2.1086813502664086	42.08417620319608	-2.1086813502664086	42.08417620319608	-58.90890160426144	58.90890160426144	202.0308810159804	67.34362700532677	42.08417620319608	42.08417620319608	-42.08417620319608	-84.16835240639216	42.08417620319608	42.08417620319608	42.08417620319608	58.90890160426147	-58.90890160426144	67.34362700532677	25.259450802130726	25.259450802130726	42.08417620319608	-84.16835240639216	-159.94670481278433	21.04208810159804	-84.16835240639216	84.16835240639216	-67.34362700532677	84.16835240639216	-75.77835240639195	159.94670481278433	-21.04208810159804	-202.0308810159804	25.259450802130726	-42.08417620319608	8.39	67.34362700532684
739	-12.6315156398297	168.35818767795527	-12.6315156398297	168.35818767795527	-227.2742502372737	227.2742502372737	833.4009383897765	277.80031279659215	168.35818767795527	168.35818767795527	-168.35818767795527	-336.71637535591054	168.35818767795527	168.35818767795527	168.35818767795527	227.2742502372737	-227.2742502372737	277.80031279659215	109.44212511863685	109.44212511863685	168.35818767795527	-336.71637535591054	-665.042750711821	84.17909383897764	-336.71637535591054	336.71637535591054	-277.80031279659215	336.71637535591054	-328.3263753559106	665.042750711821	-84.17909383897764	-833.4009383897765	109.44212511863685	-168.35818767795527	8.39	277.8003127965921
740	-15.10361279360859	198.02335352330314	-15.10361279360859	198.02335352330314	-266.8278046977375	266.8278046977375	981.7267676165156	327.242255872172	198.02335352330314	198.02335352330314	-198.02335352330314	-396.0467070466063	198.02335352330314	198.02335352330314	198.02335352330314	266.8278046977375	-266.8278046977375	327.242255872172	129.21890234886874	129.21890234886874	198.02335352330314	-396.0467070466063	-783.7034140932126	99.01167676165157	-396.0467070466063	396.0467070466063	-327.242255872172	396.0467070466063	-387.65670704660613	783.7034140932126	-99.01167676165157	-981.7267676165156	129.21890234886874	-198.02335352330314	8.39	327.2422558721721
741	-10.303462186189961	140.42154623427894	-10.303462186189961	140.42154623427894	-190.02539497903857	190.02539497903857	693.7177311713947	231.23924372379827	140.42154623427894	140.42154623427894	-140.42154623427894	-280.84309246855787	140.42154623427894	140.42154623427894	140.42154623427894	190.02539497903854	-190.02539497903857	231.23924372379827	90.8176974895193	90.8176974895193	140.42154623427894	-280.84309246855787	-553.2961849371158	70.21077311713947	-280.84309246855787	280.84309246855787	-231.23924372379827	280.84309246855787	-272.45309246855777	553.2961849371158	-70.21077311713947	-693.7177311713947	90.8176974895193	-140.42154623427894	8.39	231.23924372379818
742	-6.598189705902712	95.95827647083291	-6.598189705902712	95.95827647083291	-130.7410352944439	130.7410352944439	471.40138235416464	157.13379411805477	95.95827647083291	95.95827647083291	-95.95827647083291	-191.91655294166583	95.95827647083291	95.95827647083291	95.95827647083291	130.74103529444392	-130.7410352944439	157.13379411805477	61.17551764722195	61.17551764722195	95.95827647083291	-191.91655294166583	-375.44310588333167	47.97913823541646	-191.91655294166583	191.91655294166583	-157.13379411805477	191.91655294166583	-183.5265529416656	375.44310588333167	-47.97913823541646	-471.40138235416464	61.17551764722195	-95.95827647083291	8.39	157.13379411805496
743	-4.299648722197048	68.37578466636342	-4.299648722197048	68.37578466636342	-93.96437955515121	93.96437955515121	333.4889233318172	111.16297444393899	68.37578466636342	68.37578466636342	-68.37578466636342	-136.75156933272683	68.37578466636342	68.37578466636342	68.37578466636342	93.96437955515125	-93.96437955515121	111.16297444393899	42.78718977757562	42.78718977757562	68.37578466636342	-136.75156933272683	-265.1131386654537	34.18789233318171	-136.75156933272683	136.75156933272683	-111.16297444393899	136.75156933272683	-128.36156933272667	265.1131386654537	-34.18789233318171	-333.4889233318172	42.78718977757562	-68.37578466636342	8.39	111.16297444393906
744	-6.225349180469891	91.48419016563902	-6.225349180469891	91.48419016563902	-124.77558688751868	124.77558688751868	449.03095082819505	149.67698360939835	91.48419016563902	91.48419016563902	-91.48419016563902	-182.96838033127804	91.48419016563902	91.48419016563902	91.48419016563902	124.77558688751856	-124.77558688751868	149.67698360939835	58.192793443759356	58.192793443759356	91.48419016563902	-182.96838033127804	-357.54676066255604	45.74209508281951	-182.96838033127804	182.96838033127804	-149.67698360939835	182.96838033127804	-174.57838033127814	357.54676066255604	-45.74209508281951	-449.03095082819505	58.192793443759356	-91.48419016563902	8.39	149.67698360939838
745	-10.03881713617469	137.24580563409506	-10.03881713617469	137.24580563409506	-185.79107417879345	185.79107417879345	677.8390281704753	225.94634272349185	137.24580563409506	137.24580563409506	-137.24580563409506	-274.4916112681901	137.24580563409506	137.24580563409506	137.24580563409506	185.79107417879345	-185.79107417879345	225.94634272349185	88.70053708939668	88.70053708939668	137.24580563409506	-274.4916112681901	-540.5932225363803	68.62290281704753	-274.4916112681901	274.4916112681901	-225.94634272349185	274.4916112681901	-266.10161126819	540.5932225363803	-68.62290281704753	-677.8390281704753	88.70053708939668	-137.24580563409506	8.39	225.94634272349174
746	-5.431462830784696	81.95755396941671	-5.431462830784696	81.95755396941671	-112.07340529255558	112.07340529255558	401.3977698470834	133.79925661569456	81.9575539694167	81.95755396941671	-81.9575539694167	-163.9151079388334	81.9575539694167	81.95755396941671	81.9575539694167	112.07340529255555	-112.07340529255558	133.7992566156945	51.841702646277795	51.841702646277795	81.9575539694167	-163.9151079388334	-319.4402158776668	40.978776984708354	-163.9151079388334	163.9151079388334	-133.79925661569456	163.9151079388334	-155.52510793883332	319.4402158776668	-40.978776984708354	-401.3977698470834	51.841702646277795	-81.9575539694167	8.39	133.7992566156945
747	-2.6092929836468812	48.091515803762775	-2.6092929836468812	48.091515803762775	-66.91868773835034	66.91868773835034	232.06757901881394	77.3558596729381	48.091515803762775	48.091515803762775	-48.091515803762775	-96.18303160752555	48.091515803762775	48.091515803762775	48.091515803762775	66.9186877383504	-66.91868773835034	77.3558596729381	29.26434386917521	29.26434386917521	48.091515803762775	-96.18303160752555	-183.9760632150511	24.045757901881387	-96.18303160752555	96.18303160752555	-77.3558596729381	96.18303160752555	-87.79303160752579	183.9760632150511	-24.045757901881387	-232.06757901881394	29.26434386917521	-48.091515803762775	8.39	77.35585967293798
748	-3.4561612086605464	58.253934503925954	-3.4561612086605464	58.253934503925954	-80.46857933856793	80.46857933856793	282.8796725196298	94.29322417320986	58.253934503925954	58.253934503925954	-58.253934503925954	-116.50786900785191	58.253934503925954	58.253934503925954	58.253934503925954	80.4685793385679	-80.46857933856793	94.29322417320986	36.03928966928397	36.03928966928397	58.253934503925954	-116.50786900785191	-224.6257380157038	29.126967251962977	-116.50786900785191	116.50786900785191	-94.29322417320986	116.50786900785191	-108.11786900785177	224.6257380157038	-29.126967251962977	-282.8796725196298	36.03928966928397	-58.253934503925954	8.39	94.29322417321004
749	-6.863046895559785	99.13656274671698	-6.863046895559785	99.13656274671698	-134.97875032895598	134.97875032895598	487.2928137335848	162.43093791119497	99.13656274671698	99.13656274671698	-99.13656274671698	-198.27312549343395	99.13656274671698	99.13656274671698	99.13656274671698	134.9787503289558	-134.97875032895598	162.43093791119497	63.29437516447797	63.29437516447797	99.13656274671698	-198.27312549343395	-388.1562509868679	49.56828137335849	-198.27312549343395	198.27312549343395	-162.43093791119497	198.27312549343395	-189.8831254934338	388.1562509868679	-49.56828137335849	-487.2928137335848	63.29437516447797	-99.13656274671698	8.39	162.43093791119497
750	-2.135198699421977	42.40238439306199	-2.135198699421977	42.40238439306199	-59.33317919074932	59.33317919074932	203.6219219653101	67.87397398843655	42.40238439306199	42.40238439306199	-42.40238439306199	-84.80476878612399	42.40238439306199	42.40238439306199	42.40238439306199	59.33317919074943	-59.33317919074932	67.87397398843655	25.471589595374667	25.471589595374667	42.40238439306199	-84.80476878612399	-161.219537572248	21.201192196530997	-84.80476878612399	84.80476878612399	-67.87397398843655	84.80476878612399	-76.41476878612377	161.219537572248	-21.201192196530997	-203.6219219653101	25.471589595374667	-42.40238439306199	8.39	67.87397398843677
751	-10.886530535676997	147.41836642812095	-10.886530535676997	147.41836642812095	-199.3544885708279	199.3544885708279	728.7018321406049	242.900610713535	147.41836642812095	147.41836642812095	-147.41836642812095	-294.8367328562419	147.41836642812095	147.41836642812095	147.41836642812095	199.35448857082804	-199.3544885708279	242.900610713535	95.482244285414	95.482244285414	147.41836642812095	-294.8367328562419	-581.2834657124838	73.70918321406047	-294.8367328562419	294.8367328562419	-242.900610713535	294.8367328562419	-286.4467328562416	581.2834657124838	-73.70918321406047	-728.7018321406049	95.482244285414	-147.41836642812095	8.39	242.90061071353483
752	-5.907191055338316	87.6662926640609	-5.907191055338316	87.6662926640609	-119.68505688541453	119.68505688541453	429.94146332030425	143.31382110676816	87.66629266406089	87.6662926640609	-87.66629266406089	-175.3325853281218	87.66629266406089	87.6662926640609	87.66629266406089	119.68505688541427	-119.68505688541453	143.31382110676816	55.647528442707284	55.647528442707284	87.66629266406089	-175.3325853281218	-342.2751706562436	43.83314633203045	-175.3325853281218	175.3325853281218	-143.31382110676816	175.3325853281218	-166.94258532812162	342.2751706562436	-43.83314633203045	-429.94146332030425	55.647528442707284	-87.66629266406089	8.39	143.31382110676816
753	-13.936885918490503	184.02263102188718	-13.936885918490503	184.02263102188718	-248.16017469584958	248.16017469584958	911.7231551094359	303.90771836981196	184.02263102188718	184.02263102188718	-184.02263102188718	-368.04526204377436	184.02263102188718	184.02263102188718	184.02263102188718	248.16017469584955	-248.16017469584958	303.90771836981196	119.88508734792478	119.88508734792478	184.02263102188718	-368.04526204377436	-727.7005240875486	92.01131551094359	-368.04526204377436	368.04526204377436	-303.90771836981196	368.04526204377436	-359.65526204377477	727.7005240875486	-92.01131551094359	-911.7231551094359	119.88508734792478	-184.02263102188718	8.39	303.9077183698121
754	-12.791204605244577	170.274455262934	-12.791204605244577	170.274455262934	-229.829273683912	229.829273683912	842.9822763146701	280.9940921048899	170.274455262934	170.274455262934	-170.274455262934	-340.548910525868	170.274455262934	170.274455262934	170.274455262934	229.8292736839121	-229.829273683912	280.9940921048899	110.719636841956	110.719636841956	170.274455262934	-340.548910525868	-672.707821051736	85.137227631467	-340.548910525868	340.548910525868	-280.9940921048899	340.548910525868	-332.1589105258679	672.707821051736	-85.137227631467	-842.9822763146701	110.719636841956	-170.274455262934	8.39	280.9940921048901
755	-6.624760089756716	96.27712107707907	-6.624760089756716	96.27712107707907	-131.16616143610543	131.16616143610543	472.9956053853955	157.66520179513168	96.27712107707907	96.27712107707907	-96.27712107707907	-192.55424215415815	96.27712107707907	96.27712107707907	96.27712107707907	131.16616143610554	-131.16616143610543	157.66520179513168	61.38808071805272	61.38808071805272	96.27712107707907	-192.55424215415815	-376.7184843083163	48.13856053853954	-192.55424215415815	192.55424215415815	-157.66520179513168	192.55424215415815	-184.16424215415793	376.7184843083163	-48.13856053853954	-472.9956053853955	61.38808071805272	-96.27712107707907	8.39	157.6652017951319
756	-3.0070566152230223	52.86467938267674	-3.0070566152230223	52.86467938267674	-73.28290584356898	73.28290584356898	255.93339691338383	85.31113230446113	52.86467938267674	52.86467938267674	-52.86467938267674	-105.72935876535348	52.86467938267674	52.86467938267674	52.86467938267674	73.2829058435691	-73.28290584356898	85.31113230446113	32.4464529217845	32.4464529217845	52.86467938267674	-105.72935876535348	-203.06871753070698	26.43233969133837	-105.72935876535348	105.72935876535348	-85.31113230446113	105.72935876535348	-97.3393587653535	203.06871753070698	-26.43233969133837	-255.93339691338383	32.4464529217845	-52.86467938267674	8.39	85.31113230446135
757	-2.7682933423028615	49.99952010763286	-2.7682933423028615	49.99952010763286	-69.46269347684381	69.46269347684381	241.60760053816443	80.53586684605466	49.99952010763286	49.99952010763286	-49.99952010763286	-99.99904021526572	49.99952010763286	49.99952010763286	49.99952010763286	69.46269347684392	-69.46269347684381	80.53586684605466	30.536346738421912	30.536346738421912	49.99952010763286	-99.99904021526572	-191.60808043053146	24.99976005381643	-99.99904021526572	99.99904021526572	-80.53586684605466	99.99904021526572	-91.60904021526551	191.60808043053146	-24.99976005381643	-241.60760053816443	30.536346738421912	-49.99952010763286	8.39	80.53586684605489
758	-15.315382037692077	200.5645844523035	-15.315382037692077	200.5645844523035	-270.21611260307134	270.21611260307134	994.4329222615177	331.47764075383907	200.5645844523035	200.5645844523035	-200.5645844523035	-401.129168904607	200.5645844523035	200.5645844523035	200.5645844523035	270.21611260307145	-270.21611260307134	331.47764075383907	130.91305630153568	130.91305630153568	200.5645844523035	-401.129168904607	-793.868337809214	100.28229222615175	-401.129168904607	401.129168904607	-331.47764075383907	401.129168904607	-392.7391689046068	793.868337809214	-100.28229222615175	-994.4329222615177	130.91305630153568	-200.5645844523035	8.39	331.4776407538393
759	-14.677684322602211	192.91221187122505	-14.677684322602211	192.91221187122505	-260.0129491616334	260.0129491616334	956.1710593561254	318.72368645204165	192.91221187122505	192.91221187122505	-192.91221187122505	-385.8244237424501	192.91221187122505	192.91221187122505	192.91221187122505	260.0129491616335	-260.0129491616334	318.72368645204165	125.81147458081671	125.81147458081671	192.91221187122505	-385.8244237424501	-763.2588474849002	96.45610593561253	-385.8244237424501	385.8244237424501	-318.72368645204165	385.8244237424501	-377.4344237424499	763.2588474849002	-96.45610593561253	-956.1710593561254	125.81147458081671	-192.91221187122505	8.39	318.7236864520419
760	-8.131079717303383	114.35295660763882	-8.131079717303383	114.35295660763882	-155.26727547685175	155.26727547685175	563.3747830381942	187.79159434606458	114.35295660763882	114.35295660763882	-114.35295660763882	-228.70591321527763	114.35295660763882	114.35295660763882	114.35295660763882	155.26727547685186	-155.26727547685175	187.79159434606458	73.43863773842588	73.43863773842588	114.35295660763882	-228.70591321527763	-449.0218264305553	57.17647830381941	-228.70591321527763	228.70591321527763	-187.79159434606458	228.70591321527763	-220.31591321527742	449.0218264305553	-57.17647830381941	-563.3747830381942	73.43863773842588	-114.35295660763882	8.39	187.7915943460648
761	-11.07125440657407	149.63505287889063	-11.07125440657407	149.63505287889063	-202.3100705051875	202.3100705051875	739.7852643944532	246.59508813148443	149.63505287889063	149.63505287889063	-149.63505287889063	-299.27010575778127	149.63505287889063	149.63505287889063	149.63505287889063	202.3100705051875	-202.3100705051875	246.59508813148443	96.96003525259377	96.96003525259377	149.63505287889063	-299.27010575778127	-590.1502115155625	74.81752643944532	-299.27010575778127	299.27010575778127	-246.59508813148443	299.27010575778127	-290.8801057577817	590.1502115155625	-74.81752643944532	-739.7852643944532	96.96003525259377	-149.63505287889063	8.39	246.59508813148435
762	-9.959105559484893	136.28926671381873	-9.959105559484893	136.28926671381873	-184.5156889517583	184.5156889517583	673.0563335690938	224.35211118969778	136.28926671381873	136.28926671381873	-136.28926671381873	-272.57853342763747	136.28926671381873	136.28926671381873	136.28926671381873	184.51568895175842	-184.5156889517583	224.35211118969778	88.06284447587916	88.06284447587916	136.28926671381873	-272.57853342763747	-536.767066855275	68.14463335690937	-272.57853342763747	272.57853342763747	-224.35211118969778	272.57853342763747	-264.18853342763737	536.767066855275	-68.14463335690937	-673.0563335690938	88.06284447587916	-136.28926671381873	8.39	224.352111189698
763	-8.686255828766729	121.01506994519991	-8.686255828766729	121.01506994519991	-164.15009326026654	164.15009326026654	596.6853497259997	198.89511657533308	121.01506994519991	121.01506994519991	-121.01506994519991	-242.03013989039982	121.01506994519991	121.01506994519991	121.01506994519991	164.15009326026666	-164.15009326026654	198.89511657533308	77.88004663013328	77.88004663013328	121.01506994519991	-242.03013989039982	-475.67027978079966	60.507534972599956	-242.03013989039982	242.03013989039982	-198.89511657533308	242.03013989039982	-233.6401398903996	475.67027978079966	-60.507534972599956	-596.6853497259997	77.88004663013328	-121.01506994519991	8.39	198.8951165753333
764	-11.703447452795276	157.22136943354258	-11.703447452795276	157.22136943354258	-212.42515924472343	212.42515924472343	777.716847167713	259.2389490559042	157.22136943354258	157.22136943354258	-157.22136943354258	-314.44273886708515	157.22136943354258	157.22136943354258	157.22136943354258	212.42515924472355	-212.42515924472343	259.2389490559042	102.01757962236172	102.01757962236172	157.22136943354258	-314.44273886708515	-620.4954777341703	78.61068471677129	-314.44273886708515	314.44273886708515	-259.2389490559042	314.44273886708515	-306.05273886708494	620.4954777341703	-78.61068471677129	-777.716847167713	102.01757962236172	-157.22136943354258	8.39	259.2389490559044
765	-9.665817505798424	132.76981006957908	-9.665817505798424	132.76981006957908	-179.8230800927721	179.8230800927721	655.4590503478955	218.48635011596502	132.76981006957908	132.76981006957908	-132.76981006957908	-265.53962013915816	132.76981006957908	132.76981006957908	132.76981006957908	179.82308009277222	-179.8230800927721	218.48635011596502	85.71654004638606	85.71654004638606	132.76981006957908	-265.53962013915816	-522.6892402783163	66.38490503478954	-265.53962013915816	265.53962013915816	-218.48635011596502	265.53962013915816	-257.14962013915795	522.6892402783163	-66.38490503478954	-655.4590503478955	85.71654004638606	-132.76981006957908	8.39	218.48635011596525
766	-9.03066549017006	125.14798588203871	-9.03066549017006	125.14798588203871	-169.66064784271828	169.66064784271828	617.3499294101937	205.78330980339774	125.14798588203871	125.14798588203871	-125.14798588203871	-250.29597176407742	125.14798588203871	125.14798588203871	125.14798588203871	169.6606478427184	-169.66064784271828	205.78330980339774	80.63532392135915	80.63532392135915	125.14798588203871	-250.29597176407742	-492.20194352815486	62.573992941019355	-250.29597176407742	250.29597176407742	-205.78330980339774	250.29597176407742	-241.9059717640772	492.20194352815486	-62.573992941019355	-617.3499294101937	80.63532392135915	-125.14798588203871	8.39	205.78330980339797
767	-4.982615591684364	76.57138710021286	-4.982615591684364	76.57138710021286	-104.89184946695048	104.89184946695048	374.4669355010644	124.82231183368799	76.57138710021286	76.57138710021286	-76.57138710021286	-153.14277420042572	76.57138710021286	76.57138710021286	76.57138710021286	104.89184946695059	-104.89184946695048	124.82231183368799	48.250924733475244	48.250924733475244	76.57138710021286	-153.14277420042572	-297.89554840085145	38.28569355010643	-153.14277420042572	153.14277420042572	-124.82231183368799	153.14277420042572	-144.75277420042573	297.89554840085145	-38.28569355010643	-374.4669355010644	48.250924733475244	-76.57138710021286	8.39	124.82231183368822
768	-9.136364701636074	126.41637641963212	-9.136364701636074	126.41637641963212	-171.35183522617615	171.35183522617615	623.6918820981607	207.89729403272008	126.41637641963212	126.41637641963212	-126.41637641963212	-252.83275283926423	126.41637641963212	126.41637641963212	126.41637641963212	171.35183522617626	-171.35183522617615	207.89729403272008	81.48091761308808	81.48091761308808	126.41637641963212	-252.83275283926423	-497.2755056785285	63.20818820981606	-252.83275283926423	252.83275283926423	-207.89729403272008	252.83275283926423	-244.44275283926402	497.2755056785285	-63.20818820981606	-623.6918820981607	81.48091761308808	-126.41637641963212	8.39	207.8972940327203
769	-9.3740706604261	129.26884792511322	-9.3740706604261	129.26884792511322	-175.15513056681763	175.15513056681763	637.9542396255662	212.65141320852194	129.26884792511322	129.26884792511322	-129.26884792511322	-258.53769585022644	129.26884792511322	129.26884792511322	129.26884792511322	175.15513056681766	-175.15513056681763	212.65141320852194	83.38256528340882	83.38256528340882	129.26884792511322	-258.53769585022644	-508.68539170045284	64.63442396255661	-258.53769585022644	258.53769585022644	-212.65141320852194	258.53769585022644	-250.14769585022646	508.68539170045284	-64.63442396255661	-637.9542396255662	83.38256528340882	-129.26884792511322	8.39	212.65141320852197
770	-3.5089841916094153	58.88781029931243	-3.5089841916094153	58.88781029931243	-81.31374706574996	81.31374706574996	286.04905149656213	95.34968383218745	58.88781029931243	58.88781029931243	-58.88781029931243	-117.77562059862485	58.88781029931243	58.88781029931243	58.88781029931243	81.31374706574991	-81.31374706574996	95.34968383218745	36.46187353287489	36.46187353287489	58.88781029931243	-117.77562059862485	-227.1612411972497	29.443905149656214	-117.77562059862485	117.77562059862485	-95.34968383218745	117.77562059862485	-109.385620598625	227.1612411972497	-29.443905149656214	-286.04905149656213	36.46187353287489	-58.88781029931243	8.39	95.34968383218738
771	-10.75420769309452	145.8304923171338	-10.75420769309452	145.8304923171338	-197.23732308951173	197.23732308951173	720.7624615856691	240.25415386188956	145.8304923171338	145.8304923171338	-145.8304923171338	-291.6609846342676	145.8304923171338	145.8304923171338	145.8304923171338	197.23732308951185	-197.23732308951173	240.25415386188956	94.42366154475587	94.42366154475587	145.8304923171338	-291.6609846342676	-574.9319692685352	72.9152461585669	-291.6609846342676	291.6609846342676	-240.25415386188956	291.6609846342676	-283.2709846342676	574.9319692685352	-72.9152461585669	-720.7624615856691	94.42366154475587	-145.8304923171338	8.39	240.2541538618898
772	-6.039460228073069	89.25352273687645	-6.039460228073069	89.25352273687645	-121.8013636491686	121.8013636491686	437.87761368438237	145.95920456146064	89.25352273687645	89.25352273687645	-89.25352273687645	-178.5070454737529	89.25352273687645	89.25352273687645	89.25352273687645	121.8013636491687	-121.8013636491686	145.95920456146064	56.7056818245843	56.7056818245843	89.25352273687645	-178.5070454737529	-348.6240909475058	44.626761368438224	-178.5070454737529	178.5070454737529	-145.95920456146064	178.5070454737529	-170.1170454737529	348.6240909475058	-44.626761368438224	-437.87761368438237	56.7056818245843	-89.25352273687645	8.39	145.95920456146087
773	-2.688422022974464	49.04106427569206	-2.688422022974464	49.04106427569206	-68.18475236758941	68.18475236758941	236.81532137846034	78.93844045948686	49.04106427569206	49.04106427569206	-49.04106427569206	-98.08212855138412	49.04106427569206	49.04106427569206	49.04106427569206	68.18475236758945	-68.18475236758941	78.93844045948686	29.897376183794716	29.897376183794716	49.04106427569206	-98.08212855138412	-187.77425710276825	24.52053213784603	-98.08212855138412	98.08212855138412	-78.93844045948686	98.08212855138412	-89.69212855138414	187.77425710276825	-24.52053213784603	-236.81532137846034	29.897376183794716	-49.04106427569206	8.39	78.93844045948681
774	-3.666926385875911	60.78311663051079	-3.666926385875911	60.78311663051079	-83.84082217401438	83.84082217401438	295.52558315255396	98.50852771751795	60.78311663051079	60.78311663051079	-60.78311663051079	-121.56623326102158	60.78311663051079	60.78311663051079	60.78311663051079	83.84082217401442	-83.84082217401438	98.50852771751795	37.7254110870072	37.7254110870072	60.78311663051079	-121.56623326102158	-234.74246652204317	30.391558315255395	-121.56623326102158	121.56623326102158	-98.50852771751795	121.56623326102158	-113.17623326102145	234.74246652204317	-30.391558315255395	-295.52558315255396	37.7254110870072	-60.78311663051079	8.39	98.50852771751802
775	-4.3787777615244154	69.32533313829146	-4.3787777615244154	69.32533313829146	-95.23044418438866	95.23044418438866	338.23666569145735	112.74555523048582	69.32533313829146	69.32533313829146	-69.32533313829146	-138.6506662765829	69.32533313829146	69.32533313829146	69.32533313829146	95.23044418438872	-95.23044418438866	112.74555523048582	43.42022209219425	43.42022209219425	69.32533313829146	-138.6506662765829	-268.91133255316583	34.66266656914573	-138.6506662765829	138.6506662765829	-112.74555523048582	138.6506662765829	-130.26066627658304	268.91133255316583	-34.66266656914573	-338.23666569145735	43.42022209219425	-69.32533313829146	8.39	112.74555523048576
776	-1.9240635487655595	39.868762585186545	-1.9240635487655595	39.868762585186545	-55.95501678024873	55.95501678024873	190.95381292593265	63.65127097531081	39.868762585186545	39.868762585186545	-39.868762585186545	-79.73752517037309	39.868762585186545	39.868762585186545	39.868762585186545	55.95501678024857	-55.95501678024873	63.65127097531081	23.78250839012437	23.78250839012437	39.868762585186545	-79.73752517037309	-151.0850503407462	19.934381292593272	-79.73752517037309	79.73752517037309	-63.65127097531081	79.73752517037309	-71.3475251703727	151.0850503407462	-19.934381292593272	-190.95381292593265	23.78250839012437	-39.868762585186545	8.39	63.651270975310865
777	-4.063154961665973	65.53785953999262	-4.063154961665973	65.53785953999262	-90.18047938665686	90.18047938665686	319.29929769996306	106.43309923332106	65.53785953999264	65.53785953999262	-65.53785953999264	-131.07571907998528	65.53785953999264	65.53785953999262	65.53785953999264	90.18047938665677	-90.18047938665686	106.43309923332106	40.89523969332842	40.89523969332842	65.53785953999264	-131.07571907998528	-253.76143815997054	32.76892976999631	-131.07571907998528	131.07571907998528	-106.43309923332106	131.07571907998528	-122.68571907998543	253.76143815997054	-32.76892976999631	-319.29929769996306	40.89523969332842	-65.53785953999264	8.39	106.43309923332106
778	-14.122137601703088	186.24565122043543	-14.122137601703088	186.24565122043543	-251.12420162724726	251.12420162724726	922.8382561021773	307.6127520340591	186.24565122043546	186.24565122043543	-186.24565122043546	-372.49130244087087	186.24565122043546	186.24565122043543	186.24565122043546	251.12420162724732	-251.12420162724726	307.6127520340591	121.36710081362361	121.36710081362361	186.24565122043546	-372.49130244087087	-736.5926048817417	93.12282561021772	-372.49130244087087	372.49130244087087	-307.6127520340591	372.49130244087087	-364.1013024408708	736.5926048817417	-93.12282561021772	-922.8382561021773	121.36710081362361	-186.24565122043546	8.39	307.6127520340591
779	-11.914636062429452	159.7556327491534	-11.914636062429452	159.7556327491534	-215.80417699887118	215.80417699887118	790.388163745767	263.4627212485889	159.7556327491534	159.7556327491534	-159.7556327491534	-319.5112654983068	159.7556327491534	159.7556327491534	159.7556327491534	215.80417699887118	-215.80417699887118	263.4627212485889	103.7070884994356	103.7070884994356	159.7556327491534	-319.5112654983068	-630.6325309966136	79.8778163745767	-319.5112654983068	319.5112654983068	-263.4627212485889	319.5112654983068	-311.1212654983066	630.6325309966136	-79.8778163745767	-790.388163745767	103.7070884994356	-159.7556327491534	8.39	263.4627212485891
780	-12.844133445874592	170.90960135049446	-12.844133445874592	170.90960135049446	-230.6761351339926	230.6761351339926	846.1580067524724	282.0526689174908	170.90960135049446	170.90960135049446	-170.90960135049446	-341.8192027009889	170.90960135049446	170.90960135049446	170.90960135049446	230.6761351339926	-230.6761351339926	282.0526689174908	111.14306756699631	111.14306756699631	170.90960135049446	-341.8192027009889	-675.2484054019777	85.45480067524723	-341.8192027009889	341.8192027009889	-282.0526689174908	341.8192027009889	-333.429202700989	675.2484054019777	-85.45480067524723	-846.1580067524724	111.14306756699631	-170.90960135049446	8.39	282.05266891749073
781	-5.854050075066482	87.02860090079741	-5.854050075066482	87.02860090079741	-118.83480120106321	118.83480120106321	426.753004503987	142.25100150132903	87.02860090079741	87.02860090079741	-87.02860090079741	-174.05720180159483	87.02860090079741	87.02860090079741	87.02860090079741	118.8348012010631	-118.83480120106321	142.25100150132903	55.222400600531614	55.222400600531614	87.02860090079741	-174.05720180159483	-339.72440360318967	43.51430045039871	-174.05720180159483	174.05720180159483	-142.25100150132903	174.05720180159483	-165.6672018015947	339.72440360318967	-43.51430045039871	-426.753004503987	55.222400600531614	-87.02860090079741	8.39	142.25100150132903
782	-7.732998935268806	109.57598722322506	-7.732998935268806	109.57598722322506	-148.89798296430007	148.89798296430007	539.4899361161254	179.82997870537508	109.57598722322506	109.57598722322506	-109.57598722322506	-219.1519744464501	109.57598722322506	109.57598722322506	109.57598722322506	148.89798296430013	-148.89798296430007	179.82997870537508	70.25399148215004	70.25399148215004	109.57598722322506	-219.1519744464501	-429.9139488929002	54.78799361161253	-219.1519744464501	219.1519744464501	-179.82997870537508	219.1519744464501	-210.76197444644993	429.9139488929002	-54.78799361161253	-539.4899361161254	70.25399148215004	-109.57598722322506	8.39	179.8299787053751
783	-10.595209031562431	143.92250837874712	-10.595209031562431	143.92250837874712	-194.69334450499616	194.69334450499616	711.2225418937358	237.0741806312451	143.92250837874712	143.92250837874712	-143.92250837874712	-287.84501675749425	143.92250837874712	143.92250837874712	143.92250837874712	194.69334450499628	-194.69334450499616	237.0741806312451	93.15167225249809	93.15167225249809	143.92250837874712	-287.84501675749425	-567.3000335149885	71.96125418937356	-287.84501675749425	287.84501675749425	-237.0741806312451	287.84501675749425	-279.45501675749404	567.3000335149885	-71.96125418937356	-711.2225418937358	93.15167225249809	-143.92250837874712	8.39	237.07418063124533
784	-9.215864350399611	127.37037220479328	-9.215864350399611	127.37037220479328	-172.62382960639104	172.62382960639104	628.4618610239665	209.4872870079887	127.37037220479328	127.37037220479328	-127.37037220479328	-254.74074440958657	127.37037220479328	127.37037220479328	127.37037220479328	172.62382960639115	-172.62382960639104	209.4872870079887	82.11691480319553	82.11691480319553	127.37037220479328	-254.74074440958657	-501.09148881917315	63.68518610239664	-254.74074440958657	254.74074440958657	-209.4872870079887	254.74074440958657	-246.35074440958635	501.09148881917315	-63.68518610239664	-628.4618610239665	82.11691480319553	-127.37037220479328	8.39	209.48728700798893
785	-6.278331055798273	92.11997266957792	-6.278331055798273	92.11997266957792	-125.62329689277055	125.62329689277055	452.2098633478897	150.7366211159631	92.11997266957792	92.11997266957792	-92.11997266957792	-184.23994533915584	92.11997266957792	92.11997266957792	92.11997266957792	125.62329689277067	-125.62329689277055	150.7366211159631	58.616648446385284	58.616648446385284	92.11997266957792	-184.23994533915584	-360.0898906783117	46.05998633478896	-184.23994533915584	184.23994533915584	-150.7366211159631	184.23994533915584	-175.84994533915562	360.0898906783117	-46.05998633478896	-452.2098633478897	58.616648446385284	-92.11997266957792	8.39	150.73662111596332
786	-3.086396947327598	53.81676336793066	-3.086396947327598	53.81676336793066	-74.55235115724088	74.55235115724088	260.69381683965344	86.897938946551	53.81676336793066	53.81676336793066	-53.81676336793066	-107.63352673586132	53.81676336793066	53.81676336793066	53.81676336793066	74.55235115724099	-74.55235115724088	86.897938946551	33.081175578620446	33.081175578620446	53.81676336793066	-107.63352673586132	-206.87705347172266	26.90838168396533	-107.63352673586132	107.63352673586132	-86.897938946551	107.63352673586132	-99.24352673586134	206.87705347172266	-26.90838168396533	-260.69381683965344	33.081175578620446	-53.81676336793066	8.39	86.89793894655122
787	-15.209682614510882	199.2961913741276	-15.209682614510882	199.2961913741276	-268.52492183217015	268.52492183217015	988.0909568706381	329.3636522902127	199.2961913741276	199.2961913741276	-199.2961913741276	-398.5923827482552	199.2961913741276	199.2961913741276	199.2961913741276	268.52492183217015	-268.52492183217015	329.3636522902127	130.06746091608505	130.06746091608505	199.2961913741276	-398.5923827482552	-788.7947654965104	99.6480956870638	-398.5923827482552	398.5923827482552	-329.3636522902127	398.5923827482552	-390.2023827482549	788.7947654965104	-99.6480956870638	-988.0909568706381	130.06746091608505	-199.2961913741276	8.39	329.36365229021266
788	-11.518407697509332	155.00089237011076	-11.518407697509332	155.00089237011076	-209.46452316014768	209.46452316014768	766.6144618505538	255.53815395018455	155.00089237011076	155.00089237011076	-155.00089237011076	-310.0017847402215	155.00089237011076	155.00089237011076	155.00089237011076	209.46452316014765	-209.46452316014768	255.53815395018455	100.53726158007385	100.53726158007385	155.00089237011076	-310.0017847402215	-611.6135694804432	77.50044618505538	-310.0017847402215	310.0017847402215	-255.53815395018455	310.0017847402215	-301.6117847402211	611.6135694804432	-77.50044618505538	-766.6144618505538	100.53726158007385	-155.00089237011076	8.39	255.53815395018466
789	-7.338668838152898	104.84402605783441	-7.338668838152898	104.84402605783441	-142.58870141044588	142.58870141044588	515.8301302891721	171.94337676305736	104.84402605783441	104.84402605783441	-104.84402605783441	-209.68805211566882	104.84402605783441	104.84402605783441	104.84402605783441	142.58870141044588	-142.58870141044588	171.94337676305736	67.09935070522295	67.09935070522295	104.84402605783441	-209.68805211566882	-410.98610423133766	52.422013028917206	-209.68805211566882	209.68805211566882	-171.94337676305736	209.68805211566882	-201.2980521156688	410.98610423133766	-52.422013028917206	-515.8301302891721	67.09935070522295	-104.84402605783441	8.39	171.94337676305736
790	-3.2443391415940943	55.7120696991281	-3.2443391415940943	55.7120696991281	-77.0794262655042	77.0794262655042	270.1703484956405	90.05678283188024	55.7120696991281	55.7120696991281	-55.7120696991281	-111.4241393982562	55.7120696991281	55.7120696991281	55.7120696991281	77.07942626550414	-77.0794262655042	90.05678283188024	34.344713132752005	34.344713132752005	55.7120696991281	-111.4241393982562	-214.4582787965124	27.85603484956405	-111.4241393982562	111.4241393982562	-90.05678283188024	111.4241393982562	-103.03413939825634	214.4582787965124	-27.85603484956405	-270.1703484956405	34.344713132752005	-55.7120696991281	8.39	90.05678283188017
791	-2.451244931699209	46.19493918039029	-2.451244931699209	46.19493918039029	-64.38991890718705	64.38991890718705	222.5846959019516	74.19489863398371	46.19493918039029	46.19493918039029	-46.19493918039029	-92.38987836078059	46.19493918039029	46.19493918039029	46.19493918039029	64.38991890718717	-64.38991890718705	74.19489863398371	27.999959453593533	27.999959453593533	46.19493918039029	-92.38987836078059	-176.38975672156118	23.097469590195146	-92.38987836078059	92.38987836078059	-74.19489863398371	92.38987836078059	-83.9998783607806	176.38975672156118	-23.097469590195146	-222.5846959019516	27.999959453593533	-46.19493918039029	8.39	74.19489863398394
792	-10.223856891460883	139.46628269752847	-10.223856891460883	139.46628269752847	-188.75171026337128	188.75171026337128	688.9414134876423	229.64713782921422	139.46628269752847	139.46628269752847	-139.46628269752847	-278.93256539505694	139.46628269752847	139.46628269752847	139.46628269752847	188.75171026337125	-188.75171026337128	229.64713782921422	90.18085513168565	90.18085513168565	139.46628269752847	-278.93256539505694	-549.475130790114	69.73314134876424	-278.93256539505694	278.93256539505694	-229.64713782921422	278.93256539505694	-270.54256539505695	549.475130790114	-69.73314134876424	-688.9414134876423	90.18085513168565	-139.46628269752847	8.39	229.64713782921407
793	-7.496138150967973	106.73365781161543	-7.496138150967973	106.73365781161543	-145.1082104154873	145.1082104154873	525.2782890580772	175.09276301935915	106.73365781161543	106.73365781161543	-106.73365781161543	-213.46731562323086	106.73365781161543	106.73365781161543	106.73365781161543	145.1082104154873	-145.1082104154873	175.09276301935915	68.35910520774357	68.35910520774357	106.73365781161543	-213.46731562323086	-418.5446312464617	53.366828905807715	-213.46731562323086	213.46731562323086	-175.09276301935915	213.46731562323086	-205.0773156232308	418.5446312464617	-53.366828905807715	-525.2782890580772	68.35910520774357	-106.73365781161543	8.39	175.092763019359
794	-7.259381118161223	103.89257341793405	-7.259381118161223	103.89257341793405	-141.32009789057872	141.32009789057872	511.07286708967035	170.3576223632233	103.89257341793405	103.89257341793405	-103.89257341793405	-207.7851468358681	103.89257341793405	103.89257341793405	103.89257341793405	141.32009789057884	-141.32009789057872	170.3576223632233	66.46504894528937	66.46504894528937	103.89257341793405	-207.7851468358681	-407.1802936717362	51.94628670896702	-207.7851468358681	207.7851468358681	-170.3576223632233	207.7851468358681	-199.3951468358681	407.1802936717362	-51.94628670896702	-511.07286708967035	66.46504894528937	-103.89257341793405	8.39	170.35762236322353
795	-11.676930103639569	156.90316124367405	-11.676930103639569	156.90316124367405	-212.00088165823206	212.00088165823206	776.1258062183704	258.70860207279	156.90316124367405	156.90316124367405	-156.90316124367405	-313.8063224873481	156.90316124367405	156.90316124367405	156.90316124367405	212.00088165823217	-212.00088165823206	258.70860207279	101.80544082911604	101.80544082911604	156.90316124367405	-313.8063224873481	-619.2226449746962	78.45158062183702	-313.8063224873481	313.8063224873481	-258.70860207279	313.8063224873481	-305.4163224873479	619.2226449746962	-78.45158062183702	-776.1258062183704	101.80544082911604	-156.90316124367405	8.39	258.7086020727902
796	-11.96756490305967	160.3907788367153	-11.96756490305967	160.3907788367153	-216.65103844895373	216.65103844895373	793.5638941835766	264.52129806119206	160.3907788367153	160.3907788367153	-160.3907788367153	-320.7815576734306	160.3907788367153	160.3907788367153	160.3907788367153	216.65103844895384	-216.65103844895373	264.52129806119206	104.13051922447687	104.13051922447687	160.3907788367153	-320.7815576734306	-633.1731153468612	80.19538941835765	-320.7815576734306	320.7815576734306	-264.52129806119206	320.7815576734306	-312.3915576734304	633.1731153468612	-80.19538941835765	-793.5638941835766	104.13051922447687	-160.3907788367153	8.39	264.5212980611923
797	-2.8744694451652877	51.27363334198276	-2.8744694451652877	51.27363334198276	-71.16151112264367	71.16151112264367	247.97816670991392	82.65938890330449	51.27363334198276	51.27363334198276	-51.27363334198276	-102.54726668396552	51.27363334198276	51.27363334198276	51.27363334198276	71.16151112264379	-71.16151112264367	82.65938890330449	31.385755561321844	31.385755561321844	51.27363334198276	-102.54726668396552	-196.70453336793105	25.63681667099138	-102.54726668396552	102.54726668396552	-82.65938890330449	102.54726668396552	-94.15726668396553	196.70453336793105	-25.63681667099138	-247.97816670991392	31.385755561321844	-51.27363334198276	8.39	82.65938890330472
798	-5.218898059438065	79.4067767132567	-5.218898059438065	79.4067767132567	-108.67236895100893	108.67236895100893	388.64388356628365	129.54796118876106	79.4067767132567	79.4067767132567	-79.4067767132567	-158.8135534265134	79.4067767132567	79.4067767132567	79.4067767132567	108.67236895100905	-108.67236895100893	129.54796118876106	50.141184475504474	50.141184475504474	79.4067767132567	-158.8135534265134	-309.23710685302683	39.70338835662835	-158.8135534265134	158.8135534265134	-129.54796118876106	158.8135534265134	-150.42355342651342	309.23710685302683	-39.70338835662835	-388.64388356628365	50.141184475504474	-79.4067767132567	8.39	129.5479611887613
799	-8.236778928769837	115.62134714523438	-8.236778928769837	115.62134714523438	-156.9584628603125	156.9584628603125	569.7167357261719	189.90557857539068	115.62134714523438	115.62134714523438	-115.62134714523438	-231.24269429046876	115.62134714523438	115.62134714523438	115.62134714523438	156.9584628603125	-156.9584628603125	189.90557857539068	74.28423143015627	74.28423143015627	115.62134714523438	-231.24269429046876	-454.09538858093754	57.81067357261719	-231.24269429046876	231.24269429046876	-189.90557857539068	231.24269429046876	-222.8526942904682	454.09538858093754	-57.81067357261719	-569.7167357261719	74.28423143015627	-115.62134714523438	8.39	189.9055785753906
800	-3.9052127673995956	63.642553208793515	-3.9052127673995956	63.642553208793515	-87.65340427839135	87.65340427839135	309.8227660439677	103.27425534798908	63.642553208793515	63.642553208793515	-63.642553208793515	-127.28510641758703	63.642553208793515	63.642553208793515	63.642553208793515	87.65340427839146	-87.65340427839135	103.27425534798908	39.63170213919568	39.63170213919568	63.642553208793515	-127.28510641758703	-246.18021283517407	31.821276604396758	-127.28510641758703	127.28510641758703	-103.27425534798908	127.28510641758703	-118.89510641758682	246.18021283517407	-31.821276604396758	-309.8227660439677	39.63170213919568	-63.642553208793515	8.39	103.27425534798931
801	-2.0822698587919093	41.7672383055035	-2.0822698587919093	41.7672383055035	-58.486317740671325	58.486317740671325	200.4461915275176	66.81539717583905	41.7672383055035	41.7672383055035	-41.7672383055035	-83.534476611007	41.7672383055035	41.7672383055035	41.7672383055035	58.48631774067144	-58.486317740671325	66.81539717583905	25.04815887033567	25.04815887033567	41.7672383055035	-83.534476611007	-158.678953222014	20.88361915275175	-83.534476611007	83.534476611007	-66.81539717583905	83.534476611007	-75.14447661100701	158.678953222014	-20.88361915275175	-200.4461915275176	25.04815887033567	-41.7672383055035	8.39	66.81539717583928
802	-10.992282781841197	148.6873933820945	-10.992282781841197	148.6873933820945	-201.04652450945935	201.04652450945935	735.0469669104726	245.01565563682425	148.6873933820945	148.6873933820945	-148.6873933820945	-297.374786764189	148.6873933820945	148.6873933820945	148.6873933820945	201.04652450945932	-201.04652450945935	245.01565563682425	96.32826225472968	96.32826225472968	148.6873933820945	-297.374786764189	-586.359573528378	74.34369669104726	-297.374786764189	297.374786764189	-245.01565563682425	297.374786764189	-288.98478676418927	586.359573528378	-74.34369669104726	-735.0469669104726	96.32826225472968	-148.6873933820945	8.39	245.01565563682414
803	-10.913047884832357	147.7365746179887	-10.913047884832357	147.7365746179887	-199.77876615731827	199.77876615731827	730.2928730899437	243.43095769664774	147.7365746179887	147.7365746179887	-147.7365746179887	-295.4731492359774	147.7365746179887	147.7365746179887	147.7365746179887	199.7787661573184	-199.77876615731827	243.43095769664774	95.69438307865914	95.69438307865914	147.7365746179887	-295.4731492359774	-582.5562984719548	73.86828730899435	-295.4731492359774	295.4731492359774	-243.43095769664774	295.4731492359774	-287.0831492359773	582.5562984719548	-73.86828730899435	-730.2928730899437	95.69438307865914	-147.7365746179887	8.39	243.43095769664797
804	-2.58282845747437	47.77394148969165	-2.58282845747437	47.77394148969165	-66.49525531958886	66.49525531958886	230.47970744845838	76.82656914948598	47.77394148969165	47.77394148969165	-47.77394148969165	-95.5478829793833	47.77394148969165	47.77394148969165	47.77394148969165	66.49525531958898	-66.49525531958886	76.82656914948598	29.05262765979444	29.05262765979444	47.77394148969165	-95.5478829793833	-182.70576595876662	23.886970744845826	-95.5478829793833	95.5478829793833	-76.82656914948598	95.5478829793833	-87.15788297938309	182.70576595876662	-23.886970744845826	-230.47970744845838	29.05262765979444	-47.77394148969165	8.39	76.8265691494862
805	-9.295152070391453	128.32182484469627	-9.295152070391453	128.32182484469627	-173.89243312626166	173.89243312626166	633.2191242234813	211.07304140782708	128.32182484469627	128.32182484469627	-128.32182484469627	-256.64364968939253	128.32182484469627	128.32182484469627	128.32182484469627	173.89243312626172	-173.89243312626166	211.07304140782708	82.75121656313081	82.75121656313081	128.32182484469627	-256.64364968939253	-504.8972993787851	64.16091242234813	-256.64364968939253	256.64364968939253	-211.07304140782708	256.64364968939253	-248.25364968939246	504.8972993787851	-64.16091242234813	-633.2191242234813	82.75121656313081	-128.32182484469627	8.39	211.07304140782725
806	-5.960172718951469	88.30207262741703	-5.960172718951469	88.30207262741703	-120.53276350322274	120.53276350322274	433.1203631370852	144.37345437902846	88.30207262741706	88.30207262741703	-88.30207262741706	-176.6041452548341	88.30207262741706	88.30207262741703	88.30207262741706	120.53276350322267	-120.53276350322274	144.37345437902843	56.071381751611355	56.071381751611355	88.30207262741706	-176.6041452548341	-344.81829050966815	44.151036313708516	-176.6041452548341	176.6041452548341	-144.37345437902846	176.6041452548341	-168.21414525483414	344.81829050966815	-44.151036313708516	-433.1203631370852	56.071381751611355	-88.30207262741706	8.39	144.37345437902843
807	-7.021306240284503	101.03567488341412	-7.021306240284503	101.03567488341412	-137.51089984455217	137.51089984455217	496.7883744170705	165.59612480569027	101.03567488341415	101.03567488341412	-101.03567488341415	-202.07134976682826	101.03567488341415	101.03567488341412	101.03567488341415	137.510899844552	-137.51089984455217	165.59612480569024	64.56044992227609	64.56044992227609	101.03567488341415	-202.07134976682826	-395.7526995336565	50.51783744170706	-202.07134976682826	202.07134976682826	-165.59612480569027	202.07134976682826	-193.68134976682828	395.7526995336565	-50.51783744170706	-496.7883744170705	64.56044992227609	-101.03567488341415	8.39	165.5961248056902
808	-8.60643733242121	120.05724798905419	-8.60643733242121	120.05724798905419	-162.87299731873895	162.87299731873895	591.896239945271	197.29874664842373	120.05724798905419	120.05724798905419	-120.05724798905419	-240.11449597810838	120.05724798905419	120.05724798905419	120.05724798905419	162.87299731873895	-162.87299731873895	197.29874664842373	77.24149865936943	77.24149865936943	120.05724798905419	-240.11449597810838	-471.8389919562168	60.028623994527095	-240.11449597810838	240.11449597810838	-197.29874664842373	240.11449597810838	-231.72449597810828	471.8389919562168	-60.028623994527095	-591.896239945271	77.24149865936943	-120.05724798905419	8.39	197.29874664842362
809	-12.179971204612002	162.9396544553441	-12.179971204612002	162.9396544553441	-220.04953927379213	220.04953927379213	806.3082722767206	268.7694240922401	162.9396544553441	162.9396544553441	-162.9396544553441	-325.8793089106882	162.9396544553441	162.9396544553441	162.9396544553441	220.0495392737921	-220.04953927379213	268.7694240922401	105.82976963689607	105.82976963689607	162.9396544553441	-325.8793089106882	-643.3686178213765	81.46982722767206	-325.8793089106882	325.8793089106882	-268.7694240922401	325.8793089106882	-317.48930891068824	643.3686178213765	-81.46982722767206	-806.3082722767206	105.82976963689607	-162.9396544553441	8.39	268.7694240922402
810	-3.6405677173844424	60.46681260861206	-3.6405677173844424	60.46681260861206	-83.41908347814942	83.41908347814942	293.9440630430603	97.98135434768676	60.46681260861205	60.46681260861206	-60.46681260861205	-120.93362521722412	60.46681260861205	60.46681260861206	60.46681260861205	83.41908347814933	-83.41908347814942	97.98135434768676	37.514541739074716	37.514541739074716	60.46681260861205	-120.93362521722412	-233.47725043444822	30.23340630430603	-120.93362521722412	120.93362521722412	-97.98135434768676	120.93362521722412	-112.54362521722379	233.47725043444822	-30.23340630430603	-293.9440630430603	37.514541739074716	-60.46681260861205	8.39	97.98135434768675
811	-4.2731841960242605	68.05821035229054	-4.2731841960242605	68.05821035229054	-93.54094713638742	93.54094713638742	331.90105176145266	110.63368392048426	68.05821035229056	68.05821035229054	-68.05821035229056	-136.11642070458112	68.05821035229056	68.05821035229054	68.05821035229056	93.54094713638733	-93.54094713638742	110.63368392048426	42.5754735681937	42.5754735681937	68.05821035229056	-136.11642070458112	-263.84284140916225	34.02910517614527	-136.11642070458112	136.11642070458112	-110.63368392048426	136.11642070458112	-127.72642070458079	263.84284140916225	-34.02910517614527	-331.90105176145266	42.5754735681937	-68.05821035229056	8.39	110.63368392048426
812	-11.255660915298067	151.8479309835765	-11.255660915298067	151.8479309835765	-205.26057464476867	205.26057464476867	750.8496549178826	250.28321830596087	151.8479309835765	151.8479309835765	-151.8479309835765	-303.695861967153	151.8479309835765	151.8479309835765	151.8479309835765	205.26057464476867	-205.26057464476867	250.28321830596087	98.43528732238434	98.43528732238434	151.8479309835765	-303.695861967153	-599.0017239343059	75.92396549178825	-303.695861967153	303.695861967153	-250.28321830596087	303.695861967153	-295.3058619671531	599.0017239343059	-75.92396549178825	-750.8496549178826	98.43528732238434	-151.8479309835765	8.39	250.28321830596082
813	-8.10461519113079	114.0353822935683	-8.10461519113079	114.0353822935683	-154.84384305809107	154.84384305809107	561.7869114678416	187.26230382261383	114.0353822935683	114.0353822935683	-114.0353822935683	-228.0707645871366	114.0353822935683	114.0353822935683	114.0353822935683	154.84384305809112	-154.84384305809107	187.26230382261383	73.22692152904553	73.22692152904553	114.0353822935683	-228.0707645871366	-447.7515291742732	57.01769114678415	-228.0707645871366	228.0707645871366	-187.26230382261383	228.0707645871366	-219.68076458713645	447.7515291742732	-57.01769114678415	-561.7869114678416	73.22692152904553	-114.0353822935683	8.39	187.26230382261406
814	-15.130077319781252	198.34092783737373	-15.130077319781252	198.34092783737373	-267.2512371164983	267.2512371164983	983.3146391868686	327.771546395623	198.34092783737373	198.34092783737373	-198.34092783737373	-396.68185567474745	198.34092783737373	198.34092783737373	198.34092783737373	267.25123711649826	-267.2512371164983	327.771546395623	129.43061855824914	129.43061855824914	198.34092783737373	-396.68185567474745	-784.973711349495	99.17046391868686	-396.68185567474745	396.68185567474745	-327.771546395623	396.68185567474745	-388.29185567474735	784.973711349495	-99.17046391868686	-983.3146391868686	129.43061855824914	-198.34092783737373	8.39	327.77154639562286
815	-8.898289612889458	123.55947535467226	-8.898289612889458	123.55947535467226	-167.54263380622967	167.54263380622967	609.4073767733614	203.135792257787	123.55947535467226	123.55947535467226	-123.55947535467226	-247.11895070934452	123.55947535467226	123.55947535467226	123.55947535467226	167.5426338062298	-167.54263380622967	203.135792257787	79.57631690311484	79.57631690311484	123.55947535467226	-247.11895070934452	-485.84790141868905	61.77973767733613	-247.11895070934452	247.11895070934452	-203.135792257787	247.11895070934452	-238.7289507093443	485.84790141868905	-61.77973767733613	-609.4073767733614	79.57631690311484	-123.55947535467226	8.39	203.13579225778722
816	-4.3260602136713695	68.69272256405588	-4.3260602136713695	68.69272256405588	-94.38696341874117	94.38696341874117	335.07361282027955	111.69120427342637	68.69272256405588	68.69272256405588	-68.69272256405588	-137.38544512811177	68.69272256405588	68.69272256405588	68.69272256405588	94.38696341874129	-94.38696341874117	111.69120427342637	42.998481709370594	42.998481709370594	68.69272256405588	-137.38544512811177	-266.38089025622355	34.34636128202794	-137.38544512811177	137.38544512811177	-111.69120427342637	137.38544512811177	-128.99544512811178	266.38089025622355	-34.34636128202794	-335.07361282027955	42.998481709370594	-68.69272256405588	8.39	111.69120427342659
817	-2.0294994879559325	41.13399385547132	-2.0294994879559325	41.13399385547132	-57.641991807295085	57.641991807295085	197.2799692773567	65.75998975911875	41.13399385547132	41.13399385547132	-41.13399385547132	-82.26798771094263	41.13399385547132	41.13399385547132	41.13399385547132	57.6419918072952	-57.641991807295085	65.75998975911875	24.62599590364755	24.62599590364755	41.13399385547132	-82.26798771094263	-156.14597542188528	20.56699692773566	-82.26798771094263	82.26798771094263	-65.75998975911875	82.26798771094263	-73.87798771094265	156.14597542188528	-20.56699692773566	-197.2799692773567	24.62599590364755	-41.13399385547132	8.39	65.75998975911898
818	-13.857227589063074	183.066731068757	-13.857227589063074	183.066731068757	-246.88564142500934	246.88564142500934	906.9436553437852	302.31455178126157	183.066731068757	183.066731068757	-183.066731068757	-366.133462137514	183.066731068757	183.066731068757	183.066731068757	246.88564142500945	-246.88564142500934	302.31455178126157	119.24782071250468	119.24782071250468	183.066731068757	-366.133462137514	-723.876924275028	91.5333655343785	-366.133462137514	366.133462137514	-302.31455178126157	366.133462137514	-357.74346213751403	723.876924275028	-91.5333655343785	-906.9436553437852	119.24782071250468	-183.066731068757	8.39	302.3145517812618
819	-12.472781305772981	166.4533756692756	-12.472781305772981	166.4533756692756	-224.73450089236746	224.73450089236746	823.8768783463781	274.6256261154592	166.4533756692756	166.4533756692756	-166.4533756692756	-332.9067513385512	166.4533756692756	166.4533756692756	166.4533756692756	224.73450089236758	-224.73450089236746	274.6256261154592	108.17225044618374	108.17225044618374	166.4533756692756	-332.9067513385512	-657.4235026771024	83.2266878346378	-332.9067513385512	332.9067513385512	-274.6256261154592	332.9067513385512	-324.5167513385512	657.4235026771024	-83.2266878346378	-823.8768783463781	108.17225044618374	-166.4533756692756	8.39	274.62562611545945
820	-11.544766366000761	155.31719639200787	-11.544766366000761	155.31719639200787	-209.8862618560105	209.8862618560105	768.1959819600395	256.065327320013	155.31719639200787	155.31719639200787	-155.31719639200787	-310.63439278401574	155.31719639200787	155.31719639200787	155.31719639200787	209.8862618560106	-209.8862618560105	256.065327320013	100.74813092800525	100.74813092800525	155.31719639200787	-310.63439278401574	-612.8787855680315	77.65859819600394	-310.63439278401574	310.63439278401574	-256.065327320013	310.63439278401574	-302.24439278401553	612.8787855680315	-77.65859819600394	-768.1959819600395	100.74813092800525	-155.31719639200787	8.39	256.06532732001324
821	-12.525498853626166	167.08598624351202	-12.525498853626166	167.08598624351202	-225.57798165801603	225.57798165801603	827.0399312175603	275.67997707251993	167.08598624351202	167.08598624351202	-167.08598624351202	-334.17197248702405	167.08598624351202	167.08598624351202	167.08598624351202	225.57798165801614	-225.57798165801603	275.67997707251993	108.59399082900802	108.59399082900802	167.08598624351202	-334.17197248702405	-659.9539449740481	83.54299312175601	-334.17197248702405	334.17197248702405	-275.67997707251993	334.17197248702405	-325.78197248702384	659.9539449740481	-83.54299312175601	-827.0399312175603	108.59399082900802	-167.08598624351202	8.39	275.67997707252016
822	-7.232969626686757	103.57563552024135	-7.232969626686757	103.57563552024135	-140.89751402698846	140.89751402698846	509.48817760120687	169.82939253373547	103.57563552024135	103.57563552024135	-103.57563552024135	-207.1512710404827	103.57563552024135	103.57563552024135	103.57563552024135	140.89751402698857	-140.89751402698846	169.82939253373547	66.25375701349424	66.25375701349424	103.57563552024135	-207.1512710404827	-405.9125420809654	51.787817760120674	-207.1512710404827	207.1512710404827	-169.82939253373547	207.1512710404827	-198.7612710404827	405.9125420809654	-51.787817760120674	-509.48817760120687	66.25375701349424	-103.57563552024135	8.39	169.8293925337357
823	-3.957930315252767	64.27516378303272	-3.957930315252767	64.27516378303272	-88.49688504404364	88.49688504404364	312.9858189151636	104.3286063050545	64.27516378303274	64.27516378303272	-64.27516378303274	-128.55032756606545	64.27516378303274	64.27516378303272	64.27516378303274	88.49688504404355	-88.49688504404364	104.32860630505456	40.05344252202181	40.05344252202181	64.27516378303274	-128.55032756606545	-248.7106551321309	32.13758189151636	-128.55032756606545	128.55032756606545	-104.3286063050545	128.55032756606545	-120.16032756606538	248.7106551321309	-32.13758189151636	-312.9858189151636	40.05344252202181	-64.27516378303274	8.39	104.32860630505455
824	-3.429643859504899	57.935726314058506	-3.429643859504899	57.935726314058506	-80.04430175207807	80.04430175207807	281.2886315702925	93.76287719009758	57.935726314058506	57.935726314058506	-57.935726314058506	-115.87145262811701	57.935726314058506	57.935726314058506	57.935726314058506	80.04430175207801	-80.04430175207807	93.76287719009758	35.82715087603894	35.82715087603894	57.935726314058506	-115.87145262811701	-223.352905256234	28.967863157029253	-115.87145262811701	115.87145262811701	-93.76287719009758	115.87145262811701	-107.48145262811715	223.352905256234	-28.967863157029253	-281.2886315702925	35.82715087603894	-57.935726314058506	8.39	93.76287719009751
825	-2.214804205866634	43.357650470398994	-2.214804205866634	43.357650470398994	-60.60686729386532	60.60686729386532	208.3982523519951	69.46608411733155	43.357650470398994	43.357650470398994	-43.357650470398994	-86.71530094079799	43.357650470398994	43.357650470398994	43.357650470398994	60.606867293865434	-60.60686729386532	69.46608411733155	26.108433646932667	26.108433646932667	43.357650470398994	-86.71530094079799	-165.040601881596	21.678825235199497	-86.71530094079799	86.71530094079799	-69.46608411733155	86.71530094079799	-78.325300940798	165.040601881596	-21.678825235199497	-208.3982523519951	26.108433646932667	-43.357650470398994	8.39	69.46608411733177
826	-3.0334681066973985	53.1816172803692	-3.0334681066973985	53.1816172803692	-73.70548970715893	73.70548970715893	257.51808640184595	85.83936213394861	53.1816172803692	53.1816172803692	-53.1816172803692	-106.3632345607384	53.1816172803692	53.1816172803692	53.1816172803692	73.7054897071589	-73.70548970715893	85.83936213394861	32.657744853579466	32.657744853579466	53.1816172803692	-106.3632345607384	-204.3364691214768	26.5908086401846	-106.3632345607384	106.3632345607384	-85.83936213394861	106.3632345607384	-97.97323456073835	204.3364691214768	-26.5908086401846	-257.51808640184595	32.657744853579466	-53.1816172803692	8.39	85.83936213394867
827	-6.704365384485982	97.23238461383143	-6.704365384485982	97.23238461383143	-132.43984615177524	132.43984615177524	477.7719230691571	159.25730768971903	97.23238461383143	97.23238461383143	-97.23238461383143	-194.46476922766286	97.23238461383143	97.23238461383143	97.23238461383143	132.4398461517752	-132.43984615177524	159.25730768971903	62.024923075887614	62.024923075887614	97.23238461383143	-194.46476922766286	-380.53953845532567	48.616192306915714	-194.46476922766286	194.46476922766286	-159.25730768971903	194.46476922766286	-186.07476922766273	380.53953845532567	-48.616192306915714	-477.7719230691571	62.024923075887614	-97.23238461383143	8.39	159.25730768971906
828	-14.386782651718363	189.42139182061987	-14.386782651718363	189.42139182061987	-255.35852242749317	255.35852242749317	938.7169591030994	312.9056530343664	189.42139182061987	189.42139182061987	-189.42139182061987	-378.84278364123975	189.42139182061987	189.42139182061987	189.42139182061987	255.35852242749309	-255.35852242749317	312.9056530343664	123.48426121374659	123.48426121374659	189.42139182061987	-378.84278364123975	-749.2955672824795	94.71069591030994	-378.84278364123975	378.84278364123975	-312.9056530343664	378.84278364123975	-370.4527836412397	749.2955672824795	-94.71069591030994	-938.7169591030994	123.48426121374659	-189.42139182061987	8.39	312.9056530343665
829	-11.756482575386116	157.85779090463058	-11.756482575386116	157.85779090463058	-213.27372120617412	213.27372120617412	780.898954523153	260.2996515077177	157.85779090463058	157.85779090463058	-157.85779090463058	-315.71558180926115	157.85779090463058	157.85779090463058	157.85779090463058	213.27372120617406	-213.27372120617412	260.2996515077177	102.44186060308706	102.44186060308706	157.85779090463058	-315.71558180926115	-623.0411636185224	78.92889545231529	-315.71558180926115	315.71558180926115	-260.2996515077177	315.71558180926115	-307.32558180926094	623.0411636185224	-78.92889545231529	-780.898954523153	102.44186060308706	-157.85779090463058	8.39	260.29965150771767
830	-12.605104148355707	168.04124978026368	-12.605104148355707	168.04124978026368	-226.8516663736849	226.8516663736849	831.8162489013184	277.27208296710614	168.04124978026368	168.04124978026368	-168.04124978026368	-336.08249956052737	168.04124978026368	168.04124978026368	168.04124978026368	226.85166637368488	-226.8516663736849	277.27208296710614	109.23083318684246	109.23083318684246	168.04124978026368	-336.08249956052737	-663.7749991210547	84.02062489013184	-336.08249956052737	336.08249956052737	-277.27208296710614	336.08249956052737	-327.69249956052664	663.7749991210547	-84.02062489013184	-831.8162489013184	109.23083318684246	-168.04124978026368	8.39	277.27208296710614
831	-14.016491213219922	184.977894558638	-14.016491213219922	184.977894558638	-249.43385941151735	249.43385941151735	916.4994727931901	305.4998242643967	184.977894558638	184.977894558638	-184.977894558638	-369.955789117276	184.977894558638	184.977894558638	184.977894558638	249.43385941151732	-249.43385941151735	305.4998242643967	120.52192970575868	120.52192970575868	184.977894558638	-369.955789117276	-731.5215782345521	92.488947279319	-369.955789117276	369.955789117276	-305.4998242643967	369.955789117276	-361.5657891172759	731.5215782345521	-92.488947279319	-916.4994727931901	120.52192970575868	-184.977894558638	8.39	305.4998242643967
832	-14.757289617331537	193.8674754079774	-14.757289617331537	193.8674754079774	-261.2866338773032	261.2866338773032	960.947377039887	320.315792346629	193.8674754079774	193.8674754079774	-193.8674754079774	-387.7349508159548	193.8674754079774	193.8674754079774	193.8674754079774	261.2866338773032	-261.2866338773032	320.315792346629	126.4483169386516	126.4483169386516	193.8674754079774	-387.7349508159548	-767.0799016319096	96.9337377039887	-387.7349508159548	387.7349508159548	-320.315792346629	387.7349508159548	-379.34495081595446	767.0799016319096	-96.9337377039887	-960.947377039887	126.4483169386516	-193.8674754079774	8.39	320.315792346629
833	-8.871930944397965	123.24317133277532	-8.871930944397965	123.24317133277532	-167.1208951103671	167.1208951103671	607.8258566638767	202.60861888795876	123.24317133277532	123.24317133277532	-123.24317133277532	-246.48634266555064	123.24317133277532	123.24317133277532	123.24317133277532	167.1208951103672	-167.1208951103671	202.60861888795876	79.36544755518355	79.36544755518355	123.24317133277532	-246.48634266555064	-484.5826853311013	61.62158566638766	-246.48634266555064	246.48634266555064	-202.60861888795876	246.48634266555064	-238.09634266555054	484.5826853311013	-61.62158566638766	-607.8258566638767	79.36544755518355	-123.24317133277532	8.39	202.60861888795898
834	-8.447649963666171	118.15179956399447	-8.447649963666171	118.15179956399447	-160.3323994186593	160.3323994186593	582.3689978199725	194.122999273324	118.15179956399447	118.15179956399447	-118.15179956399447	-236.30359912798895	118.15179956399447	118.15179956399447	118.15179956399447	160.3323994186594	-160.3323994186593	194.122999273324	75.97119970932965	75.97119970932965	118.15179956399447	-236.30359912798895	-464.2171982559779	59.07589978199724	-236.30359912798895	236.30359912798895	-194.122999273324	236.30359912798895	-227.91359912798896	464.2171982559779	-59.07589978199724	-582.3689978199725	75.97119970932965	-118.15179956399447	8.39	194.12299927332424
835	-2.2675745767028843	43.990894920431856	-2.2675745767028843	43.990894920431856	-61.45119322724247	61.45119322724247	211.5644746021593	70.5214915340531	43.990894920431856	43.990894920431856	-43.990894920431856	-87.98178984086371	43.990894920431856	43.990894920431856	43.990894920431856	61.45119322724247	-61.45119322724247	70.5214915340531	26.53059661362124	26.53059661362124	43.990894920431856	-87.98178984086371	-167.57357968172744	21.995447460215928	-87.98178984086371	87.98178984086371	-70.5214915340531	87.98178984086371	-79.59178984086338	167.57357968172744	-21.995447460215928	-211.5644746021593	26.53059661362124	-43.990894920431856	8.39	70.5214915340531
836	-3.1391673181635937	54.45000781796198	-3.1391673181635937	54.45000781796198	-75.39667709061604	75.39667709061604	263.8600390898099	87.95334636327004	54.45000781796198	54.45000781796198	-54.45000781796198	-108.90001563592396	54.45000781796198	54.45000781796198	54.45000781796198	75.3966770906161	-75.39667709061604	87.95334636327004	33.503338545307926	33.503338545307926	54.45000781796198	-108.90001563592396	-209.4100312718479	27.22500390898099	-108.90001563592396	108.90001563592396	-87.95334636327004	108.90001563592396	-100.5100156359241	209.4100312718479	-27.22500390898099	-263.8600390898099	33.503338545307926	-54.45000781796198	8.39	87.95334636326994
837	-14.307547754709617	188.470573056514	-14.307547754709617	188.470573056514	-254.090764075352	254.090764075352	933.9628652825702	311.32095509419	188.470573056514	188.470573056514	-188.470573056514	-376.941146113028	188.470573056514	188.470573056514	188.470573056514	254.09076407535213	-254.090764075352	311.32095509419	122.85038203767601	122.85038203767601	188.470573056514	-376.941146113028	-745.4922922260561	94.235286528257	-376.941146113028	376.941146113028	-311.32095509419	376.941146113028	-368.551146113028	745.4922922260561	-94.235286528257	-933.9628652825702	122.85038203767601	-188.470573056514	8.39	311.32095509419
838	-8.819002103767787	122.60802524521415	-8.819002103767787	122.60802524521415	-166.27403366028554	166.27403366028554	604.6501262260706	201.55004207535683	122.60802524521415	122.60802524521415	-122.60802524521415	-245.2160504904283	122.60802524521415	122.60802524521415	122.60802524521415	166.2740336602855	-166.27403366028554	201.55004207535683	78.94201683014276	78.94201683014276	122.60802524521415	-245.2160504904283	-482.0421009808567	61.304012622607075	-245.2160504904283	245.2160504904283	-201.55004207535683	245.2160504904283	-236.82605049042843	482.0421009808567	-61.304012622607075	-604.6501262260706	78.94201683014276	-122.60802524521415	8.39	201.55004207535703
839	-14.228207422605124	187.51848907126043	-14.228207422605124	187.51848907126043	-252.82131876168057	252.82131876168057	929.2024453563022	309.7341484521007	187.51848907126043	187.51848907126043	-187.51848907126043	-375.03697814252087	187.51848907126043	187.51848907126043	187.51848907126043	252.82131876168057	-252.82131876168057	309.7341484521007	122.2156593808403	122.2156593808403	187.51848907126043	-375.03697814252087	-741.6839562850417	93.75924453563022	-375.03697814252087	375.03697814252087	-309.7341484521007	375.03697814252087	-366.6469781425208	741.6839562850417	-93.75924453563022	-929.2024453563022	122.2156593808403	-187.51848907126043	8.39	309.7341484521007
840	-14.04290270469437	185.29483245633128	-14.04290270469437	185.29483245633128	-249.85644327510838	249.85644327510838	918.0841622816565	306.02805409388543	185.29483245633128	185.29483245633128	-185.29483245633128	-370.58966491266256	185.29483245633128	185.29483245633128	185.29483245633128	249.8564432751084	-249.85644327510838	306.02805409388543	120.7332216375542	120.7332216375542	185.29483245633128	-370.58966491266256	-732.7893298253251	92.64741622816564	-370.58966491266256	370.58966491266256	-306.02805409388543	370.58966491266256	-362.1996649126624	732.7893298253251	-92.64741622816564	-918.0841622816565	120.7332216375542	-185.29483245633128	8.39	306.0280540938855
841	-10.197498222969273	139.14997867563034	-10.197498222969273	139.14997867563034	-188.3299715675071	188.3299715675071	687.3598933781517	229.11996445938394	139.14997867563034	139.14997867563034	-139.14997867563034	-278.2999573512607	139.14997867563034	139.14997867563034	139.14997867563034	188.32997156750707	-188.3299715675071	229.11996445938394	89.96998578375357	89.96998578375357	139.14997867563034	-278.2999573512607	-548.2099147025214	69.57498933781517	-278.2999573512607	278.2999573512607	-229.11996445938394	278.2999573512607	-269.9099573512605	548.2099147025214	-69.57498933781517	-687.3598933781517	89.96998578375357	-139.14997867563034	8.39	229.11996445938385
842	-8.157544031760779	114.67052838112875	-8.157544031760779	114.67052838112875	-155.69070450817165	155.69070450817165	564.9626419056437	188.32088063521462	114.67052838112875	114.67052838112875	-114.67052838112875	-229.3410567622575	114.67052838112875	114.67052838112875	114.67052838112875	155.69070450817162	-155.69070450817165	188.32088063521462	73.65035225408585	73.65035225408585	114.67052838112875	-229.3410567622575	-450.292113524515	57.335264190564374	-229.3410567622575	229.3410567622575	-188.32088063521462	229.3410567622575	-220.95105676225737	450.292113524515	-57.335264190564374	-564.9626419056437	73.65035225408585	-114.67052838112875	8.39	188.32088063521454
843	-7.07423508091469	101.67082097097546	-7.07423508091469	101.67082097097546	-138.35776129463395	138.35776129463395	499.96410485487735	166.6547016182924	101.67082097097546	101.67082097097546	-101.67082097097546	-203.3416419419509	101.67082097097546	101.67082097097546	101.67082097097546	138.35776129463397	-138.35776129463395	166.6547016182924	64.98388064731698	64.98388064731698	101.67082097097546	-203.3416419419509	-398.29328388390184	50.83541048548773	-203.3416419419509	203.3416419419509	-166.6547016182924	203.3416419419509	-194.9516419419509	398.29328388390184	-50.83541048548773	-499.96410485487735	64.98388064731698	-101.67082097097546	8.39	166.65470161829245
844	-5.616925806774191	84.1831096812897	-5.616925806774191	84.1831096812897	-115.04081290838626	115.04081290838626	412.5255484064485	137.50851613548286	84.1831096812897	84.1831096812897	-84.1831096812897	-168.3662193625794	84.1831096812897	84.1831096812897	84.1831096812897	115.04081290838621	-115.04081290838626	137.50851613548286	53.325406454193136	53.325406454193136	84.1831096812897	-168.3662193625794	-328.3424387251588	42.09155484064485	-168.3662193625794	168.3662193625794	-137.50851613548286	168.3662193625794	-159.97621936257926	328.3424387251588	-42.09155484064485	-412.5255484064485	53.325406454193136	-84.1831096812897	8.39	137.50851613548278
845	-9.057076981644478	125.46492377973334	-9.057076981644478	125.46492377973334	-170.08323170631115	170.08323170631115	618.9346188986667	206.31153963288898	125.46492377973334	125.46492377973334	-125.46492377973334	-250.92984755946668	125.46492377973334	125.46492377973334	125.46492377973334	170.08323170631115	-170.08323170631115	206.31153963288898	80.84661585315553	80.84661585315553	125.46492377973334	-250.92984755946668	-493.4696951189334	62.73246188986667	-250.92984755946668	250.92984755946668	-206.31153963288898	250.92984755946668	-242.53984755946658	493.4696951189334	-62.73246188986667	-618.9346188986667	80.84661585315553	-125.46492377973334	8.39	206.31153963288887
846	-8.342161201492898	116.88593441791477	-8.342161201492898	116.88593441791477	-158.64457922388635	158.64457922388635	576.039672089574	192.01322402985784	116.88593441791477	116.88593441791477	-116.88593441791477	-233.77186883582954	116.88593441791477	116.88593441791477	116.88593441791477	158.64457922388647	-158.64457922388635	192.01322402985784	75.12728961194318	75.12728961194318	116.88593441791477	-233.77186883582954	-459.1537376716591	58.442967208957384	-233.77186883582954	233.77186883582954	-192.01322402985784	233.77186883582954	-225.38186883582955	459.1537376716591	-58.442967208957384	-576.039672089574	75.12728961194318	-116.88593441791477	8.39	192.01322402985807
847	-3.4825727001348787	58.57087240161786	-3.4825727001348787	58.57087240161786	-80.89116320215714	80.89116320215714	284.46436200808944	94.82145400269633	58.57087240161786	58.57087240161786	-58.57087240161786	-117.14174480323572	58.57087240161786	58.57087240161786	58.57087240161786	80.89116320215726	-80.89116320215714	94.82145400269633	36.25058160107858	36.25058160107858	58.57087240161786	-117.14174480323572	-225.89348960647146	29.28543620080893	-117.14174480323572	117.14174480323572	-94.82145400269633	117.14174480323572	-108.75174480323574	225.89348960647146	-29.28543620080893	-284.46436200808944	36.25058160107858	-58.57087240161786	8.39	94.82145400269656
848	-5.986584210425761	88.61901052511024	-5.986584210425761	88.61901052511024	-120.95534736681365	120.95534736681365	434.7050526255513	144.90168420851717	88.61901052511024	88.61901052511024	-88.61901052511024	-177.23802105022048	88.61901052511024	88.61901052511024	88.61901052511024	120.95534736681365	-120.95534736681365	144.90168420851717	56.28267368340683	56.28267368340683	88.61901052511024	-177.23802105022048	-346.086042100441	44.30950526255512	-177.23802105022048	177.23802105022048	-144.90168420851717	177.23802105022048	-168.8480210502207	346.086042100441	-44.30950526255512	-434.7050526255513	56.28267368340683	-88.61901052511024	8.39	144.901684208517
849	-8.263190420243978	115.93828504292765	-8.263190420243978	115.93828504292765	-157.38104672390352	157.38104672390352	571.3014252146384	190.4338084048793	115.93828504292765	115.93828504292765	-115.93828504292765	-231.8765700858553	115.93828504292765	115.93828504292765	115.93828504292765	157.38104672390364	-157.38104672390352	190.4338084048793	74.49552336195177	74.49552336195177	115.93828504292765	-231.8765700858553	-455.3631401717106	57.96914252146382	-231.8765700858553	231.8765700858553	-190.4338084048793	231.8765700858553	-223.4865700858552	455.3631401717106	-57.96914252146382	-571.3014252146384	74.49552336195177	-115.93828504292765	8.39	190.43380840487953
850	-3.799142946497625	62.36971535797188	-3.799142946497625	62.36971535797188	-85.9562871439625	85.9562871439625	303.4585767898594	101.15285892995314	62.36971535797188	62.36971535797188	-62.36971535797188	-124.73943071594375	62.36971535797188	62.36971535797188	62.36971535797188	85.95628714396253	-85.9562871439625	101.15285892995314	38.783143571981256	38.783143571981256	62.36971535797188	-124.73943071594375	-241.0888614318875	31.18485767898594	-124.73943071594375	124.73943071594375	-101.15285892995314	124.73943071594375	-116.34943071594375	241.0888614318875	-31.18485767898594	-303.4585767898594	38.783143571981256	-62.36971535797188	8.39	101.15285892995311
851	-7.100593749406076	101.98712499287271	-7.100593749406076	101.98712499287271	-138.77949999049702	138.77949999049702	501.5456249643635	167.1818749881213	101.98712499287271	101.98712499287271	-101.98712499287271	-203.97424998574542	101.98712499287271	101.98712499287271	101.98712499287271	138.77949999049702	-138.77949999049702	167.1818749881213	65.1947499952484	65.1947499952484	101.98712499287271	-203.97424998574542	-399.55849997149085	50.993562496436354	-203.97424998574542	203.97424998574542	-167.1818749881213	203.97424998574542	-195.58424998574537	399.55849997149085	-50.993562496436354	-501.5456249643635	65.1947499952484	-101.98712499287271	8.39	167.18187498812114
852	-14.413141320209814	189.7376958425159	-14.413141320209814	189.7376958425159	-255.78026112335453	255.78026112335453	940.2984792125797	313.43282640419307	189.7376958425159	189.7376958425159	-189.7376958425159	-379.4753916850318	189.7376958425159	189.7376958425159	189.7376958425159	255.78026112335465	-255.78026112335453	313.43282640419307	123.69513056167727	123.69513056167727	189.7376958425159	-379.4753916850318	-750.5607833700636	94.86884792125795	-379.4753916850318	379.4753916850318	-313.43282640419307	379.4753916850318	-371.0853916850316	750.5607833700636	-94.86884792125795	-940.2984792125797	123.69513056167727	-189.7376958425159	8.39	313.4328264041933
853	-11.624001263009575	156.26801515611453	-11.624001263009575	156.26801515611453	-211.1540202081527	211.1540202081527	772.9500757805725	257.6500252601909	156.26801515611453	156.26801515611453	-156.26801515611453	-312.53603031222906	156.26801515611453	156.26801515611453	156.26801515611453	211.1540202081526	-211.1540202081527	257.6500252601909	101.38201010407636	101.38201010407636	156.26801515611453	-312.53603031222906	-616.6820606244581	78.13400757805726	-312.53603031222906	312.53603031222906	-257.6500252601909	312.53603031222906	-304.146030312229	616.6820606244581	-78.13400757805726	-772.9500757805725	101.38201010407636	-156.26801515611453	8.39	257.6500252601909
854	-11.09766589804866	149.95199077658356	-11.09766589804866	149.95199077658356	-202.73265436877807	202.73265436877807	741.3699538829177	247.1233179609726	149.95199077658356	149.95199077658356	-149.95199077658356	-299.9039815531671	149.95199077658356	149.95199077658356	149.95199077658356	202.73265436877796	-202.73265436877807	247.1233179609726	97.17132718438904	97.17132718438904	149.95199077658356	-299.9039815531671	-591.4179631063342	74.97599538829178	-299.9039815531671	299.9039815531671	-247.1233179609726	299.9039815531671	-291.5139815531671	591.4179631063342	-74.97599538829178	-741.3699538829177	97.17132718438904	-149.95199077658356	8.39	247.1233179609726
855	-7.680281387415902	108.94337664899	-7.680281387415902	108.94337664899	-148.05450219865338	148.05450219865338	536.3268832449501	178.77562774831677	108.94337664899	108.94337664899	-108.94337664899	-217.88675329798	108.94337664899	108.94337664899	108.94337664899	148.05450219865338	-148.05450219865338	178.77562774831677	69.83225109932661	69.83225109932661	108.94337664899	-217.88675329798	-427.38350659595994	54.471688324495	-217.88675329798	217.88675329798	-178.77562774831677	217.88675329798	-209.49675329797992	427.38350659595994	-54.471688324495	-536.3268832449501	69.83225109932661	-108.94337664899	8.39	178.77562774831662
856	-9.426946678073193	129.90336013687715	-9.426946678073193	129.90336013687715	-176.00114684916952	176.00114684916952	641.1268006843858	213.7089335614619	129.90336013687715	129.90336013687715	-129.90336013687715	-259.8067202737543	129.90336013687715	129.90336013687715	129.90336013687715	176.00114684916957	-176.00114684916952	213.7089335614619	83.80557342458474	83.80557342458474	129.90336013687715	-259.8067202737543	-511.22344054750863	64.95168006843858	-259.8067202737543	259.8067202737543	-213.7089335614619	259.8067202737543	-251.41672027375424	511.22344054750863	-64.95168006843858	-641.1268006843858	83.80557342458474	-129.90336013687715	8.39	213.70893356146206
857	-15.262558632157807	199.93070358589324	-15.262558632157807	199.93070358589324	-269.37093811452434	269.37093811452434	991.2635179294662	330.4211726431555	199.93070358589324	199.93070358589324	-199.93070358589324	-399.8614071717865	199.93070358589324	199.93070358589324	199.93070358589324	269.3709381145243	-269.37093811452434	330.4211726431555	130.49046905726215	130.49046905726215	199.93070358589324	-399.8614071717865	-791.3328143435731	99.96535179294662	-399.8614071717865	399.8614071717865	-330.4211726431555	399.8614071717865	-391.4714071717864	791.3328143435731	-99.96535179294662	-991.2635179294662	130.49046905726215	-199.93070358589324	8.39	330.4211726431554
858	-4.850715338036514	74.98858405643773	-4.850715338036514	74.98858405643773	-102.78144540858364	102.78144540858364	366.5529202821888	122.18430676072944	74.98858405643773	74.98858405643773	-74.98858405643773	-149.97716811287546	74.98858405643773	74.98858405643773	74.98858405643773	102.78144540858375	-102.78144540858364	122.18430676072944	47.195722704291825	47.195722704291825	74.98858405643773	-149.97716811287546	-291.56433622575094	37.494292028218865	-149.97716811287546	149.97716811287546	-122.18430676072944	149.97716811287546	-141.58716811287547	291.56433622575094	-37.494292028218865	-366.5529202821888	47.195722704291825	-74.98858405643773	8.39	122.18430676072967
859	-5.801332527213447	86.39599032656065	-5.801332527213447	86.39599032656065	-117.9913204354142	117.9913204354142	423.58995163280326	141.19665054426764	86.39599032656065	86.39599032656065	-86.39599032656065	-172.7919806531213	86.39599032656065	86.39599032656065	86.39599032656065	117.9913204354142	-117.9913204354142	141.19665054426764	54.800660217707104	54.800660217707104	86.39599032656065	-172.7919806531213	-337.1939613062426	43.197995163280325	-172.7919806531213	172.7919806531213	-141.19665054426764	172.7919806531213	-164.4019806531211	337.1939613062426	-43.197995163280325	-423.58995163280326	54.800660217707104	-86.39599032656065	8.39	141.19665054426767
860	-10.48961546606219	142.65538559274546	-10.48961546606219	142.65538559274546	-193.00384745699395	193.00384745699395	704.8869279637274	234.9623093212424	142.65538559274546	142.65538559274546	-142.65538559274546	-285.3107711854909	142.65538559274546	142.65538559274546	142.65538559274546	193.00384745699398	-193.00384745699395	234.9623093212424	92.30692372849698	92.30692372849698	142.65538559274546	-285.3107711854909	-562.2315423709819	71.32769279637273	-285.3107711854909	285.3107711854909	-234.9623093212424	285.3107711854909	-276.92077118549076	562.2315423709819	-71.32769279637273	-704.8869279637274	92.30692372849698	-142.65538559274546	8.39	234.96230932124246
861	-11.46563732667322	154.36764792007799	-11.46563732667322	154.36764792007799	-208.62019722677064	208.62019722677064	763.44823960039	254.48274653346334	154.36764792007799	154.36764792007799	-154.36764792007799	-308.73529584015597	154.36764792007799	154.36764792007799	154.36764792007799	208.62019722677064	-208.62019722677064	254.48274653346334	100.11509861338533	100.11509861338533	154.36764792007799	-308.73529584015597	-609.0805916803118	77.18382396003899	-308.73529584015597	308.73529584015597	-254.48274653346334	308.73529584015597	-300.34529584015604	609.0805916803118	-77.18382396003899	-763.44823960039	100.11509861338533	-154.36764792007799	8.39	254.48274653346328
862	-11.124077389523025	150.26892867427455	-11.124077389523025	150.26892867427455	-203.15523823236606	203.15523823236606	742.9546433713729	247.65154779045747	150.26892867427455	150.26892867427455	-150.26892867427455	-300.5378573485491	150.26892867427455	150.26892867427455	150.26892867427455	203.15523823236617	-203.15523823236606	247.65154779045747	97.38261911618304	97.38261911618304	150.26892867427455	-300.5378573485491	-592.6857146970982	75.13446433713727	-300.5378573485491	300.5378573485491	-247.65154779045747	300.5378573485491	-292.1478573485489	592.6857146970982	-75.13446433713727	-742.9546433713729	97.38261911618304	-150.26892867427455	8.39	247.6515477904577
863	-3.719855226505956	61.41826271807087	-3.719855226505956	61.41826271807087	-84.68768362409449	84.68768362409449	298.7013135903544	99.56710453011806	61.41826271807087	61.41826271807087	-61.41826271807087	-122.83652543614174	61.41826271807087	61.41826271807087	61.41826271807087	84.68768362409446	-84.68768362409449	99.56710453011806	38.148841812047245	38.148841812047245	61.41826271807087	-122.83652543614174	-237.28305087228347	30.709131359035435	-122.83652543614174	122.83652543614174	-99.56710453011806	122.83652543614174	-114.4465254361417	237.28305087228347	-30.709131359035435	-298.7013135903544	38.148841812047245	-61.41826271807087	8.39	99.56710453011812
864	-4.929633928071269	75.93560713685451	-4.929633928071269	75.93560713685451	-104.04414284913935	104.04414284913935	371.2880356842726	123.76267856142408	75.93560713685451	75.93560713685451	-75.93560713685451	-151.87121427370903	75.93560713685451	75.93560713685451	75.93560713685451	104.04414284913935	-104.04414284913935	123.76267856142408	47.82707142456968	47.82707142456968	75.93560713685451	-151.87121427370903	-295.35242854741807	37.96780356842726	-151.87121427370903	151.87121427370903	-123.76267856142408	151.87121427370903	-143.4812142737086	295.35242854741807	-37.96780356842726	-371.2880356842726	47.82707142456968	-75.93560713685451	8.39	123.76267856142418
865	-5.537585474669768	83.23102569603606	-5.537585474669768	83.23102569603606	-113.77136759471475	113.77136759471475	407.7651284801806	135.92170949339342	83.23102569603607	83.23102569603606	-83.23102569603607	-166.4620513920721	83.23102569603607	83.23102569603606	83.23102569603607	113.771367594715	-113.77136759471475	135.92170949339345	52.690683797357366	52.690683797357366	83.23102569603607	-166.4620513920721	-324.53410278414424	41.61551284801803	-166.4620513920721	166.4620513920721	-135.92170949339342	166.4620513920721	-158.0720513920721	324.53410278414424	-41.61551284801803	-407.7651284801806	52.690683797357366	-83.23102569603607	8.39	135.92170949339342
866	-7.653922718924432	108.62707262709169	-7.653922718924432	108.62707262709169	-147.63276350278892	147.63276350278892	534.7453631354585	178.24845437848614	108.62707262709169	108.62707262709169	-108.62707262709169	-217.25414525418338	108.62707262709169	108.62707262709169	108.62707262709169	147.63276350278898	-147.63276350278892	178.24845437848614	69.62138175139447	69.62138175139447	108.62707262709169	-217.25414525418338	-426.1182905083667	54.313536313545846	-217.25414525418338	217.25414525418338	-178.24845437848614	217.25414525418338	-208.8641452541832	426.1182905083667	-54.313536313545846	-534.7453631354585	69.62138175139447	-108.62707262709169	8.39	178.24845437848617
867	-14.254618914079433	187.8354269689528	-14.254618914079433	187.8354269689528	-253.24390262527038	253.24390262527038	930.7871348447641	310.26237828158787	187.8354269689528	187.8354269689528	-187.8354269689528	-375.6708539379056	187.8354269689528	187.8354269689528	187.8354269689528	253.2439026252705	-253.24390262527038	310.26237828158787	122.4269513126352	122.4269513126352	187.8354269689528	-375.6708539379056	-742.9517078758112	93.9177134844764	-375.6708539379056	375.6708539379056	-310.26237828158787	375.6708539379056	-367.2808539379056	742.9517078758112	-93.9177134844764	-930.7871348447641	122.4269513126352	-187.8354269689528	8.39	310.2623782815881
868	-6.757294225116027	97.86753070139264	-6.757294225116027	97.86753070139264	-133.28670760185685	133.28670760185685	480.9476535069631	160.31588450232107	97.86753070139264	97.86753070139264	-97.86753070139264	-195.73506140278528	97.86753070139264	97.86753070139264	97.86753070139264	133.28670760185673	-133.28670760185685	160.31588450232107	62.44835380092843	62.44835380092843	97.86753070139264	-195.73506140278528	-383.08012280557057	48.93376535069632	-195.73506140278528	195.73506140278528	-160.31588450232107	195.73506140278528	-187.3450614027853	383.08012280557057	-48.93376535069632	-480.9476535069631	62.44835380092843	-97.86753070139264	8.39	160.31588450232107
869	-8.051633527517538	113.39960233021166	-8.051633527517538	113.39960233021166	-153.9961364402822	153.9961364402822	558.6080116510582	186.20267055035265	113.39960233021166	113.39960233021166	-113.39960233021166	-226.79920466042333	113.39960233021166	113.39960233021166	113.39960233021166	153.99613644028204	-153.9961364402822	186.20267055035265	72.80306822014111	72.80306822014111	113.39960233021166	-226.79920466042333	-445.2084093208466	56.69980116510583	-226.79920466042333	226.79920466042333	-186.20267055035265	226.79920466042333	-218.40920466042326	445.2084093208466	-56.69980116510583	-558.6080116510582	72.80306822014111	-113.39960233021166	8.39	186.2026705503527
870	-10.065281662347388	137.56337994816863	-10.065281662347388	137.56337994816863	-186.21450659755817	186.21450659755817	679.4268997408432	226.4756332469476	137.56337994816863	137.56337994816863	-137.56337994816863	-275.12675989633726	137.56337994816863	137.56337994816863	137.56337994816863	186.21450659755817	-186.21450659755817	226.4756332469476	88.91225329877909	88.91225329877909	137.56337994816863	-275.12675989633726	-541.8635197926745	68.78168997408432	-275.12675989633726	275.12675989633726	-226.4756332469476	275.12675989633726	-266.73675989633705	541.8635197926745	-68.78168997408432	-679.4268997408432	88.91225329877909	-137.56337994816863	8.39	226.47563324694784
871	-6.889511421732512	99.45413706078975	-6.889511421732512	99.45413706078975	-135.40218274771968	135.40218274771968	488.88068530394867	162.9602284346496	99.45413706078975	99.45413706078975	-99.45413706078975	-198.9082741215795	99.45413706078975	99.45413706078975	99.45413706078975	135.4021827477195	-135.40218274771968	162.9602284346496	63.50609137385982	63.50609137385982	99.45413706078975	-198.9082741215795	-389.426548243159	49.727068530394874	-198.9082741215795	198.9082741215795	-162.9602284346496	198.9082741215795	-190.51827412157934	389.426548243159	-49.727068530394874	-488.88068530394867	63.50609137385982	-99.45413706078975	8.39	162.96022843464965
872	-6.783652893607493	98.18383472328992	-6.783652893607493	98.18383472328992	-133.7084462977199	133.7084462977199	482.5291736164497	160.84305787214976	98.18383472328992	98.18383472328992	-98.18383472328992	-196.36766944657984	98.18383472328992	98.18383472328992	98.18383472328992	133.70844629772	-133.7084462977199	160.84305787214976	62.65922314885995	62.65922314885995	98.18383472328992	-196.36766944657984	-384.3453388931597	49.09191736164496	-196.36766944657984	196.36766944657984	-160.84305787214976	196.36766944657984	-187.97766944657985	384.3453388931597	-49.09191736164496	-482.5291736164497	62.65922314885995	-98.18383472328992	8.39	160.84305787214998
873	-14.465858868062838	190.37030641675454	-14.465858868062838	190.37030641675454	-256.62374188900606	256.62374188900606	943.4615320837728	314.48717736125764	190.37030641675454	190.37030641675454	-190.37030641675454	-380.7406128335091	190.37030641675454	190.37030641675454	190.37030641675454	256.62374188900606	-256.62374188900606	314.48717736125764	124.11687094450303	124.11687094450303	190.37030641675454	-380.7406128335091	-753.0912256670183	95.18515320837727	-380.7406128335091	380.7406128335091	-314.48717736125764	380.7406128335091	-372.35061283350956	753.0912256670183	-95.18515320837727	-943.4615320837728	124.11687094450303	-190.37030641675454	8.39	314.48717736125764
874	-11.861971337559282	159.12365605071045	-11.861971337559282	159.12365605071045	-214.96154140094728	214.96154140094728	787.2282802535523	262.4094267511842	159.12365605071048	159.12365605071045	-159.12365605071048	-318.2473121014209	159.12365605071048	159.12365605071045	159.12365605071048	214.96154140094723	-214.96154140094728	262.4094267511841	103.28577070047362	103.28577070047362	159.12365605071048	-318.2473121014209	-628.1046242028418	79.56182802535523	-318.2473121014209	318.2473121014209	-262.4094267511842	318.2473121014209	-309.8573121014209	628.1046242028418	-79.56182802535523	-787.2282802535523	103.28577070047362	-159.12365605071048	8.39	262.40942675118407
875	-13.457922537457497	178.27507044948965	-13.457922537457497	178.27507044948965	-240.49676059931954	240.49676059931954	882.9853522474482	294.3284507491495	178.27507044948965	178.27507044948965	-178.27507044948965	-356.5501408989793	178.27507044948965	178.27507044948965	178.27507044948965	240.4967605993195	-240.49676059931954	294.3284507491495	116.05338029965975	116.05338029965975	178.27507044948965	-356.5501408989793	-704.7102817979587	89.13753522474482	-356.5501408989793	356.5501408989793	-294.3284507491495	356.5501408989793	-348.1601408989792	704.7102817979587	-89.13753522474482	-882.9853522474482	116.05338029965975	-178.27507044948965	8.39	294.3284507491493
876	-8.527202435412443	119.10642922494867	-8.527202435412443	119.10642922494867	-161.60523896659822	161.60523896659822	587.1421461247435	195.71404870824767	119.10642922494867	119.10642922494867	-119.10642922494867	-238.21285844989734	119.10642922494867	119.10642922494867	119.10642922494867	161.60523896659834	-161.60523896659822	195.71404870824767	76.60761948329912	76.60761948329912	119.10642922494867	-238.21285844989734	-468.0357168997947	59.553214612474335	-238.21285844989734	238.21285844989734	-195.71404870824767	238.21285844989734	-229.82285844989735	468.0357168997947	-59.553214612474335	-587.1421461247435	76.60761948329912	-119.10642922494867	8.39	195.7140487082479
877	-4.69324602522164	73.09895230265761	-4.69324602522164	73.09895230265761	-100.26193640354347	100.26193640354347	357.10476151328817	119.03492050442924	73.09895230265761	73.09895230265761	-73.09895230265761	-146.19790460531522	73.09895230265761	73.09895230265761	73.09895230265761	100.26193640354359	-100.26193640354347	119.03492050442924	45.93596820177174	45.93596820177174	73.09895230265761	-146.19790460531522	-284.00580921063045	36.549476151328804	-146.19790460531522	146.19790460531522	-119.03492050442924	146.19790460531522	-137.80790460531477	284.00580921063045	-36.549476151328804	-357.10476151328817	45.93596820177174	-73.09895230265761	8.39	119.03492050442946
878	-7.945616529598602	112.1273983551821	-7.945616529598602	112.1273983551821	-152.29986447357612	152.29986447357612	552.2469917759106	184.08233059197005	112.1273983551821	112.1273983551821	-112.1273983551821	-224.2547967103642	112.1273983551821	112.1273983551821	112.1273983551821	152.29986447357624	-152.29986447357612	184.08233059197005	71.95493223678807	71.95493223678807	112.1273983551821	-224.2547967103642	-440.1195934207284	56.06369917759105	-224.2547967103642	224.2547967103642	-184.08233059197005	224.2547967103642	-215.86479671036398	440.1195934207284	-56.06369917759105	-552.2469917759106	71.95493223678807	-112.1273983551821	8.39	184.08233059197028
879	-5.748456509566265	85.76147811479518	-5.748456509566265	85.76147811479518	-117.14530415306024	117.14530415306024	420.41739057397604	140.1391301913252	85.76147811479518	85.76147811479518	-85.76147811479518	-171.52295622959036	85.76147811479518	85.76147811479518	85.76147811479518	117.14530415306035	-117.14530415306024	140.1391301913252	54.377652076530126	54.377652076530126	85.76147811479518	-171.52295622959036	-334.65591245918074	42.88073905739759	-171.52295622959036	171.52295622959036	-140.1391301913252	171.52295622959036	-163.13295622959038	334.65591245918074	-42.88073905739759	-420.41739057397604	54.377652076530126	-85.76147811479518	8.39	140.13913019132542
880	-5.5639969661440665	83.54796359372835	-5.5639969661440665	83.54796359372835	-114.19395145830447	114.19395145830447	409.3498179686419	136.44993932288048	83.54796359372835	83.54796359372835	-83.54796359372835	-167.0959271874567	83.54796359372835	83.54796359372835	83.54796359372835	114.19395145830458	-114.19395145830447	136.44993932288048	52.90197572915224	52.90197572915224	83.54796359372835	-167.0959271874567	-325.80185437491343	41.77398179686418	-167.0959271874567	167.0959271874567	-136.44993932288048	167.0959271874567	-158.70592718745672	325.80185437491343	-41.77398179686418	-409.3498179686419	52.90197572915224	-83.54796359372835	8.39	136.4499393228807
881	-5.4049983046120085	81.6399796553444	-5.4049983046120085	81.6399796553444	-111.64997287379254	111.64997287379254	399.80989827672215	133.26996609224057	81.6399796553444	81.6399796553444	-81.6399796553444	-163.2799593106888	81.6399796553444	81.6399796553444	81.6399796553444	111.64997287379265	-111.64997287379254	133.26996609224057	51.629986436896274	51.629986436896274	81.6399796553444	-163.2799593106888	-318.16991862137763	40.8199898276722	-163.2799593106888	163.2799593106888	-133.26996609224057	163.2799593106888	-154.88995931068882	318.16991862137763	-40.8199898276722	-399.80989827672215	51.629986436896274	-81.6399796553444	8.39	133.2699660922408
882	-3.3236268615857822	56.66352233902967	-3.3236268615857822	56.66352233902967	-78.34802978537289	78.34802978537289	274.92761169514847	91.642537231716	56.66352233902967	56.66352233902967	-56.66352233902967	-113.32704467805934	56.66352233902967	56.66352233902967	56.66352233902967	78.348029785373	-78.34802978537289	91.642537231716	34.97901489268645	34.97901489268645	56.66352233902967	-113.32704467805934	-218.2640893561187	28.331761169514834	-113.32704467805934	113.32704467805934	-91.642537231716	113.32704467805934	-104.93704467805935	218.2640893561187	-28.331761169514834	-274.92761169514847	34.97901489268645	-56.66352233902967	8.39	91.64253723171623
883	-2.980592089050299	52.54710506860397	-2.980592089050299	52.54710506860397	-72.85947342480529	72.85947342480529	254.34552534301997	84.7818417810065	52.54710506860397	52.54710506860397	-52.54710506860397	-105.09421013720794	52.54710506860397	52.54710506860397	52.54710506860397	72.8594734248054	-72.85947342480529	84.7818417810065	32.23473671240265	32.23473671240265	52.54710506860397	-105.09421013720794	-201.7984202744159	26.273552534301984	-105.09421013720794	105.09421013720794	-84.7818417810065	105.09421013720794	-96.70421013720795	201.7984202744159	-26.273552534301984	-254.34552534301997	32.23473671240265	-52.54710506860397	8.39	84.78184178100673
884	-15.394987332421325	201.51984798905545	-15.394987332421325	201.51984798905545	-271.4897973187406	271.4897973187406	999.2092399452772	333.06974664842585	201.51984798905545	201.51984798905545	-201.51984798905545	-403.0396959781109	201.51984798905545	201.51984798905545	201.51984798905545	271.48979731874056	-271.4897973187406	333.06974664842585	131.54989865937029	131.54989865937029	201.51984798905545	-403.0396959781109	-797.6893919562219	100.75992399452772	-403.0396959781109	403.0396959781109	-333.06974664842585	403.0396959781109	-394.6496959781108	797.6893919562219	-100.75992399452772	-999.2092399452772	131.54989865937029	-201.51984798905545	8.39	333.0697466484256
885	-10.806978063930467	146.46373676716522	-10.806978063930467	146.46373676716522	-198.08164902288695	198.08164902288695	723.9286838358262	241.30956127860873	146.46373676716522	146.46373676716522	-146.46373676716522	-292.92747353433043	146.46373676716522	146.46373676716522	146.46373676716522	198.08164902288706	-198.08164902288695	241.30956127860873	94.84582451144348	94.84582451144348	146.46373676716522	-292.92747353433043	-577.4649470686608	73.23186838358261	-292.92747353433043	292.92747353433043	-241.30956127860873	292.92747353433043	-284.5374735343305	577.4649470686608	-73.23186838358261	-723.9286838358262	94.84582451144348	-146.46373676716522	8.39	241.30956127860867
886	-10.701331675447276	145.1959801053656	-10.701331675447276	145.1959801053656	-196.39130680715414	196.39130680715414	717.5899005268282	239.19663350894257	145.1959801053656	145.1959801053656	-145.1959801053656	-290.3919602107312	145.1959801053656	145.1959801053656	145.1959801053656	196.39130680715425	-196.39130680715414	239.19663350894257	94.00065340357708	94.00065340357708	145.1959801053656	-290.3919602107312	-572.3939204214624	72.5979900526828	-290.3919602107312	290.3919602107312	-239.19663350894257	290.3919602107312	-282.001960210731	572.3939204214624	-72.5979900526828	-717.5899005268282	94.00065340357708	-145.1959801053656	8.39	239.1966335089428
887	-9.639352979625704	132.45223575550904	-9.639352979625704	132.45223575550904	-179.39964767401204	179.39964767401204	653.8711787775453	217.95705959251495	132.45223575550904	132.45223575550904	-132.45223575550904	-264.9044715110181	132.45223575550904	132.45223575550904	132.45223575550904	179.39964767401216	-179.39964767401204	217.95705959251495	85.50482383700603	85.50482383700603	132.45223575550904	-264.9044715110181	-521.4189430220362	66.22611787775452	-264.9044715110181	264.9044715110181	-217.95705959251495	264.9044715110181	-256.5144715110181	521.4189430220362	-66.22611787775452	-653.8711787775453	85.50482383700603	-132.45223575550904	8.39	217.95705959251518
888	-9.00420096399734	124.83041156796867	-9.00420096399734	124.83041156796867	-169.23721542395822	169.23721542395822	615.7620578398435	205.25401927994767	124.83041156796867	124.83041156796867	-124.83041156796867	-249.66082313593733	124.83041156796867	124.83041156796867	124.83041156796867	169.23721542395833	-169.23721542395822	205.25401927994767	80.42360771197912	80.42360771197912	124.83041156796867	-249.66082313593733	-490.9316462718747	62.415205783984334	-249.66082313593733	249.66082313593733	-205.25401927994767	249.66082313593733	-241.27082313593735	490.9316462718747	-62.415205783984334	-615.7620578398435	80.42360771197912	-124.83041156796867	8.39	205.2540192799479
889	-2.6357572981044655	48.40908757725111	-2.6357572981044655	48.40908757725111	-67.34211676966814	67.34211676966814	233.65543788625553	77.88514596208518	48.40908757725111	48.40908757725111	-48.40908757725111	-96.81817515450221	48.40908757725111	48.40908757725111	48.40908757725111	67.34211676966811	-67.34211676966814	77.88514596208518	29.476058384834076	29.476058384834076	48.40908757725111	-96.81817515450221	-185.24635030900444	24.204543788625553	-96.81817515450221	96.81817515450221	-77.88514596208518	96.81817515450221	-88.42817515450213	185.24635030900444	-24.204543788625553	-233.65543788625553	29.476058384834076	-48.40908757725111	8.39	77.88514596208518
890	-1.8976520572911113	39.551824687492626	-1.8976520572911113	39.551824687492626	-55.53243291665683	55.53243291665683	189.36912343746314	63.12304114582105	39.551824687492626	39.551824687492626	-39.551824687492626	-79.10364937498525	39.551824687492626	39.551824687492626	39.551824687492626	55.53243291665683	-55.53243291665683	63.12304114582105	23.571216458328422	23.571216458328422	39.551824687492626	-79.10364937498525	-149.81729874997052	19.775912343746313	-79.10364937498525	79.10364937498525	-63.12304114582105	79.10364937498525	-70.71364937498521	149.81729874997052	-19.775912343746313	-189.36912343746314	23.571216458328422	-39.551824687492626	8.39	63.12304114582105
891	-10.568797540087955	143.605570481055	-10.568797540087955	143.605570481055	-194.2707606414067	194.2707606414067	709.637852405275	236.5459508017584	143.605570481055	143.605570481055	-143.605570481055	-287.21114096211	143.605570481055	143.605570481055	143.605570481055	194.2707606414067	-194.2707606414067	236.5459508017584	92.9403803207033	92.9403803207033	143.605570481055	-287.21114096211	-566.03228192422	71.8027852405275	-287.21114096211	287.21114096211	-236.5459508017584	287.21114096211	-278.8211409621099	566.03228192422	-71.8027852405275	-709.637852405275	92.9403803207033	-143.605570481055	8.39	236.5459508017583
892	-10.144516559356182	138.51419871227358	-10.144516559356182	138.51419871227358	-187.4822649496981	187.4822649496981	684.180993561368	228.06033118712253	138.51419871227358	138.51419871227358	-138.51419871227358	-277.02839742454717	138.51419871227358	138.51419871227358	138.51419871227358	187.48226494969822	-187.4822649496981	228.06033118712253	89.54613247484906	89.54613247484906	138.51419871227358	-277.02839742454717	-545.6667948490943	69.25709935613679	-277.02839742454717	277.02839742454717	-228.06033118712253	277.02839742454717	-268.6383974245472	545.6667948490943	-69.25709935613679	-684.180993561368	89.54613247484906	-138.51419871227358	8.39	228.06033118712276
893	-6.9423876502499935	100.08865180299858	-6.9423876502499935	100.08865180299858	-136.2482024039981	136.2482024039981	492.05325901499305	164.01775300499753	100.08865180299858	100.08865180299858	-100.08865180299858	-200.17730360599717	100.08865180299858	100.08865180299858	100.08865180299858	136.24820240399822	-136.2482024039981	164.01775300499753	63.92910120199906	63.92910120199906	100.08865180299858	-200.17730360599717	-391.96460721199435	50.04432590149929	-200.17730360599717	200.17730360599717	-164.01775300499753	200.17730360599717	-191.78730360599695	391.96460721199435	-50.04432590149929	-492.05325901499305	63.92910120199906	-100.08865180299858	8.39	164.01775300499776
894	-9.268740578916953	128.00488694700402	-9.268740578916953	128.00488694700402	-173.46984926267203	173.46984926267203	631.6344347350202	210.54481157833993	128.00488694700402	128.00488694700402	-128.00488694700402	-256.00977389400805	128.00488694700402	128.00488694700402	128.00488694700402	173.46984926267214	-173.46984926267203	210.54481157833993	82.53992463133602	82.53992463133602	128.00488694700402	-256.00977389400805	-503.6295477880161	64.00244347350201	-256.00977389400805	256.00977389400805	-210.54481157833993	256.00977389400805	-247.61977389400806	503.6295477880161	-64.00244347350201	-631.6344347350202	82.53992463133602	-128.00488694700402	8.39	210.54481157834016
895	-11.835559846085005	158.80671815301667	-11.835559846085005	158.80671815301667	-214.53895753735554	214.53895753735554	785.6435907650832	261.8811969216945	158.80671815301667	158.80671815301667	-158.80671815301667	-317.61343630603335	158.80671815301667	158.80671815301667	158.80671815301667	214.53895753735537	-214.53895753735554	261.8811969216945	103.07447876867779	103.07447876867779	158.80671815301667	-317.61343630603335	-626.8368726120668	79.40335907650834	-317.61343630603335	317.61343630603335	-261.8811969216945	317.61343630603335	-309.2234363060327	626.8368726120668	-79.40335907650834	-785.6435907650832	103.07447876867779	-158.80671815301667	8.39	261.8811969216945
896	-7.469779482476611	106.41735378971686	-7.469779482476611	106.41735378971686	-144.68647171962246	144.68647171962246	523.6967689485842	174.5655896495282	106.41735378971686	106.41735378971686	-106.41735378971686	-212.8347075794337	106.41735378971686	106.41735378971686	106.41735378971686	144.68647171962243	-144.68647171962246	174.5655896495282	68.14823585981124	68.14823585981124	106.41735378971686	-212.8347075794337	-417.2794151588675	53.20867689485843	-212.8347075794337	212.8347075794337	-174.5655896495282	212.8347075794337	-204.44470757943327	417.2794151588675	-53.20867689485843	-523.6967689485842	68.14823585981124	-106.41735378971686	8.39	174.565589649528
897	-11.597642594518138	155.95171113421648	-11.597642594518138	155.95171113421648	-210.73228151228864	210.73228151228864	771.3685556710825	257.12285189036083	155.95171113421648	155.95171113421648	-155.95171113421648	-311.90342226843296	155.95171113421648	155.95171113421648	155.95171113421648	210.73228151228864	-210.73228151228864	257.12285189036083	101.17114075614433	101.17114075614433	155.95171113421648	-311.90342226843296	-615.4168445368658	77.97585556710824	-311.90342226843296	311.90342226843296	-257.12285189036083	311.90342226843296	-303.51342226843303	615.4168445368658	-77.97585556710824	-771.3685556710825	101.17114075614433	-155.95171113421648	8.39	257.1228518903608
898	-8.315802533001403	116.56963039601686	-8.315802533001403	116.56963039601686	-158.2228405280225	158.2228405280225	574.4581519800844	191.486050660028	116.56963039601686	116.56963039601686	-116.56963039601686	-233.13926079203372	116.56963039601686	116.56963039601686	116.56963039601686	158.22284052802252	-158.2228405280225	191.486050660028	74.91642026401125	74.91642026401125	116.56963039601686	-233.13926079203372	-457.8885215840674	58.28481519800843	-233.13926079203372	233.13926079203372	-191.486050660028	233.13926079203372	-224.74926079203397	457.8885215840674	-58.28481519800843	-574.4581519800844	74.91642026401125	-116.56963039601686	8.39	191.48605066002816
899	-3.2180330852154313	55.39639702258347	-3.2180330852154313	55.39639702258347	-76.65852936344461	76.65852936344461	268.5919851129173	89.53066170430577	55.39639702258346	55.39639702258347	-55.39639702258346	-110.79279404516693	55.39639702258346	55.39639702258347	55.39639702258346	76.65852936344459	-76.65852936344461	89.53066170430576	34.134264681722314	34.134264681722314	55.39639702258346	-110.79279404516693	-213.19558809033384	27.698198511291736	-110.79279404516693	110.79279404516693	-89.53066170430577	110.79279404516693	-102.4027940451665	213.19558809033384	-27.698198511291736	-268.5919851129173	34.134264681722314	-55.39639702258346	8.39	89.53066170430579
900	-7.601257783184394	107.995093398208	-7.601257783184394	107.995093398208	-146.79012453094396	146.79012453094396	531.5854669910402	177.19515566368	107.995093398208	107.995093398208	-107.995093398208	-215.990186796416	107.995093398208	107.995093398208	107.995093398208	146.79012453094413	-146.79012453094396	177.19515566368	69.20006226547203	69.20006226547203	107.995093398208	-215.990186796416	-423.590373592832	53.997546699104	-215.990186796416	215.990186796416	-177.19515566368	215.990186796416	-207.60018679641541	423.590373592832	-53.997546699104	-531.5854669910402	69.20006226547203	-107.995093398208	8.39	177.19515566368
901	-11.150488880997614	150.58586657196884	-11.150488880997614	150.58586657196884	-203.57782209595842	203.57782209595842	744.5393328598443	248.17977761994803	150.58586657196884	150.58586657196884	-150.58586657196884	-301.1717331439377	150.58586657196884	150.58586657196884	150.58586657196884	203.57782209595848	-203.57782209595842	248.17977761994803	97.59391104797925	97.59391104797925	150.58586657196884	-301.1717331439377	-593.9534662878754	75.29293328598442	-301.1717331439377	301.1717331439377	-248.17977761994803	301.1717331439377	-292.78173314393734	593.9534662878754	-75.29293328598442	-744.5393328598443	97.59391104797925	-150.58586657196884	8.39	248.1797776199482
902	-14.439552811684166	190.0546337402095	-14.439552811684166	190.0546337402095	-256.202844986946	256.202844986946	941.8831687010476	313.9610562336825	190.05463374020948	190.0546337402095	-190.05463374020948	-380.109267480419	190.05463374020948	190.0546337402095	190.05463374020948	256.20284498694605	-256.202844986946	313.9610562336825	123.90642249347303	123.90642249347303	190.05463374020948	-380.109267480419	-751.8285349608379	95.02731687010476	-380.109267480419	380.109267480419	-313.9610562336825	380.109267480419	-371.7192674804188	751.8285349608379	-95.02731687010476	-941.8831687010476	123.90642249347303	-190.05463374020948	8.39	313.9610562336825
903	-9.347659168951566	128.9519100274183	-9.347659168951566	128.9519100274183	-174.73254670322441	174.73254670322441	636.3695501370916	212.12318337903048	128.9519100274183	128.9519100274183	-128.9519100274183	-257.9038200548366	128.9519100274183	128.9519100274183	128.9519100274183	174.73254670322444	-174.73254670322441	212.12318337903048	83.1712733516122	83.1712733516122	128.9519100274183	-257.9038200548366	-507.41764010967324	64.47595501370915	-257.9038200548366	257.9038200548366	-212.12318337903048	257.9038200548366	-249.51382005483657	507.41764010967324	-64.47595501370915	-636.3695501370916	83.1712733516122	-128.9519100274183	8.39	212.12318337903056
904	-2.530110909621328	47.141330915454546	-2.530110909621328	47.141330915454546	-65.65177455393939	65.65177455393939	227.31665457727286	75.77221819242425	47.141330915454546	47.141330915454546	-47.141330915454546	-94.28266183090909	47.141330915454546	47.141330915454546	47.141330915454546	65.6517745539395	-65.65177455393939	75.77221819242425	28.630887276969702	28.630887276969702	47.141330915454546	-94.28266183090909	-180.1753236618182	23.570665457727273	-94.28266183090909	94.28266183090909	-75.77221819242425	94.28266183090909	-85.89266183090889	180.1753236618182	-23.570665457727273	-227.31665457727286	28.630887276969702	-47.141330915454546	8.39	75.77221819242425
905	-11.888277393937868	159.43932872725364	-11.888277393937868	159.43932872725364	-215.38243830300485	215.38243830300485	788.8066436362683	262.9355478787561	159.43932872725364	159.43932872725364	-159.43932872725364	-318.8786574545073	159.43932872725364	159.43932872725364	159.43932872725364	215.38243830300485	-215.38243830300485	262.9355478787561	103.49621915150243	103.49621915150243	159.43932872725364	-318.8786574545073	-629.3673149090145	79.71966436362682	-318.8786574545073	318.8786574545073	-262.9355478787561	318.8786574545073	-310.48865745450735	629.3673149090145	-79.71966436362682	-788.8066436362683	103.49621915150243	-159.43932872725364	8.39	262.93554787875604
906	-14.544724845984831	191.3166981518175	-14.544724845984831	191.3166981518175	-257.88559753575663	257.88559753575663	948.1934907590875	316.0644969196958	191.3166981518175	191.3166981518175	-191.3166981518175	-382.633396303635	191.3166981518175	191.3166981518175	191.3166981518175	257.8855975357567	-257.88559753575663	316.0644969196958	124.7477987678783	124.7477987678783	191.3166981518175	-382.633396303635	-756.87679260727	95.65834907590875	-382.633396303635	382.633396303635	-316.0644969196958	382.633396303635	-374.24339630363494	756.87679260727	-95.65834907590875	-948.1934907590875	124.7477987678783	-191.3166981518175	8.39	316.06449691969596
907	-4.4051366408862	69.64163969063367	-4.4051366408862	69.64163969063367	-95.65218625417828	95.65218625417828	339.8181984531684	113.27273281772284	69.64163969063367	69.64163969063367	-69.64163969063367	-139.28327938126733	69.64163969063367	69.64163969063367	69.64163969063367	95.65218625417833	-95.65218625417828	113.27273281772284	43.63109312708906	43.63109312708906	69.64163969063367	-139.28327938126733	-270.1765587625347	34.820819845316834	-139.28327938126733	139.28327938126733	-113.27273281772284	139.28327938126733	-130.89327938126746	270.1765587625347	-34.820819845316834	-339.8181984531684	43.63109312708906	-69.64163969063367	8.39	113.27273281772278
908	-2.662063354482819	48.724760253793875	-2.662063354482819	48.724760253793875	-67.76301367172516	67.76301367172516	235.2338012689695	78.41126708965635	48.724760253793875	48.724760253793875	-48.724760253793875	-97.44952050758775	48.724760253793875	48.724760253793875	48.724760253793875	67.76301367172528	-67.76301367172516	78.41126708965635	29.686506835862588	29.686506835862588	48.724760253793875	-97.44952050758775	-186.5090410151755	24.362380126896937	-97.44952050758775	97.44952050758775	-78.41126708965635	97.44952050758775	-89.05952050758776	186.5090410151755	-24.362380126896937	-235.2338012689695	29.686506835862588	-48.724760253793875	8.39	78.41126708965658
909	-7.127005240880592	102.3040628905656	-7.127005240880592	102.3040628905656	-139.20208385408748	139.20208385408748	503.13031445282815	167.71010481760933	102.30406289056562	102.3040628905656	-102.30406289056562	-204.6081257811312	102.30406289056562	102.3040628905656	102.30406289056562	139.20208385408762	-139.20208385408748	167.71010481760936	65.40604192704373	65.40604192704373	102.30406289056562	-204.6081257811312	-400.8262515622624	51.1520314452828	-204.6081257811312	204.6081257811312	-167.71010481760933	204.6081257811312	-196.21812578113108	400.8262515622624	-51.1520314452828	-503.13031445282815	65.40604192704373	-102.30406289056562	8.39	167.71010481760933
910	-14.333906423200952	188.7868770784102	-14.333906423200952	188.7868770784102	-254.51250277121363	254.51250277121363	935.544385392051	311.8481284640171	188.7868770784102	188.7868770784102	-188.7868770784102	-377.5737541568204	188.7868770784102	188.7868770784102	188.7868770784102	254.51250277121358	-254.51250277121363	311.8481284640171	123.0612513856068	123.0612513856068	188.7868770784102	-377.5737541568204	-746.757508313641	94.3934385392051	-377.5737541568204	377.5737541568204	-311.8481284640171	377.5737541568204	-369.1837541568203	746.757508313641	-94.3934385392051	-935.544385392051	123.0612513856068	-188.7868770784102	8.39	311.8481284640169
911	-3.561701739462459	59.52042087354971	-3.561701739462459	59.52042087354971	-82.15722783139961	82.15722783139961	289.2121043677487	96.40403478924941	59.52042087354971	59.52042087354971	-59.52042087354971	-119.04084174709942	59.52042087354971	59.52042087354971	59.52042087354971	82.15722783139972	-82.15722783139961	96.40403478924941	36.88361391569981	36.88361391569981	59.52042087354971	-119.04084174709942	-229.69168349419886	29.760210436774855	-119.04084174709942	119.04084174709942	-96.40403478924941	119.04084174709942	-110.65084174709943	229.69168349419886	-29.760210436774855	-289.2121043677487	36.88361391569981	-59.52042087354971	8.39	96.40403478924964
912	-8.289549088735441	116.25458906482461	-8.289549088735441	116.25458906482461	-157.80278541976614	157.80278541976614	572.8829453241229	190.96098177470765	116.25458906482461	116.25458906482461	-116.25458906482461	-232.50917812964923	116.25458906482461	116.25458906482461	116.25458906482461	157.80278541976614	-157.80278541976614	190.96098177470765	74.70639270988309	74.70639270988309	116.25458906482461	-232.50917812964923	-456.62835625929847	58.12729453241231	-232.50917812964923	232.50917812964923	-190.96098177470765	232.50917812964923	-224.11917812964884	456.62835625929847	-58.12729453241231	-572.8829453241229	74.70639270988309	-116.25458906482461	8.39	190.9609817747078
913	-8.183902700252167	114.98683240302421	-8.183902700252167	114.98683240302421	-156.11244320403227	156.11244320403227	566.5441620151212	188.84805400504024	114.98683240302421	114.98683240302421	-114.98683240302421	-229.97366480604842	114.98683240302421	114.98683240302421	114.98683240302421	156.1124432040324	-156.11244320403227	188.84805400504024	73.86122160201614	73.86122160201614	114.98683240302421	-229.97366480604842	-451.55732961209685	57.493416201512105	-229.97366480604842	229.97366480604842	-188.84805400504024	229.97366480604842	-221.58366480604832	451.55732961209685	-57.493416201512105	-566.5441620151212	73.86122160201614	-114.98683240302421	8.39	188.84805400504047
914	-4.194318218102338	67.11181861722821	-4.194318218102338	67.11181861722821	-92.27909148963761	92.27909148963761	327.1690930861412	109.0563643620469	67.11181861722821	67.11181861722821	-67.11181861722821	-134.22363723445642	67.11181861722821	67.11181861722821	67.11181861722821	92.27909148963772	-92.27909148963761	109.0563643620469	41.94454574481881	41.94454574481881	67.11181861722821	-134.22363723445642	-260.05727446891285	33.555909308614105	-134.22363723445642	134.22363723445642	-109.0563643620469	134.22363723445642	-125.83363723445643	260.05727446891285	-33.555909308614105	-327.1690930861412	41.94454574481881	-67.11181861722821	8.39	109.05636436204713
915	-5.6432844752655775	84.49941370318652	-5.6432844752655775	84.49941370318652	-115.46255160424869	115.46255160424869	414.1070685159327	138.03568950531076	84.49941370318652	84.49941370318652	-84.49941370318652	-168.99882740637304	84.49941370318652	84.49941370318652	84.49941370318652	115.4625516042488	-115.46255160424869	138.03568950531076	53.53627580212435	53.53627580212435	84.49941370318652	-168.99882740637304	-329.6076548127461	42.24970685159326	-168.99882740637304	168.99882740637304	-138.03568950531076	168.99882740637304	-160.60882740637305	329.6076548127461	-42.24970685159326	-414.1070685159327	53.53627580212435	-84.49941370318652	8.39	138.03568950531098
916	-3.7462667179802915	61.73520061576278	-3.7462667179802915	61.73520061576278	-85.1102674876837	85.1102674876837	300.286003078814	100.09533435960452	61.73520061576278	61.73520061576278	-61.73520061576278	-123.47040123152556	61.73520061576278	61.73520061576278	61.73520061576278	85.11026748768381	-85.1102674876837	100.09533435960452	38.36013374384186	38.36013374384186	61.73520061576278	-123.47040123152556	-238.55080246305113	30.86760030788139	-123.47040123152556	123.47040123152556	-100.09533435960452	123.47040123152556	-115.08040123152534	238.55080246305113	-30.86760030788139	-300.286003078814	38.36013374384186	-61.73520061576278	8.39	100.09533435960475
917	-4.614380047299724	72.1525605675954	-4.614380047299724	72.1525605675954	-99.00008075679386	99.00008075679386	352.37280283797713	117.45760094599223	72.1525605675954	72.1525605675954	-72.1525605675954	-144.3051211351908	72.1525605675954	72.1525605675954	72.1525605675954	99.00008075679398	-99.00008075679386	117.45760094599223	45.30504037839694	45.30504037839694	72.1525605675954	-144.3051211351908	-280.2202422703816	36.0762802837977	-144.3051211351908	144.3051211351908	-117.45760094599223	144.3051211351908	-135.9151211351906	280.2202422703816	-36.0762802837977	-352.37280283797713	45.30504037839694	-72.1525605675954	8.39	117.45760094599245
918	-5.192592003059302	79.09110403671025	-5.192592003059302	79.09110403671025	-108.251472048947	108.251472048947	387.06552018355137	129.02184006118364	79.09110403671025	79.09110403671025	-79.09110403671025	-158.1822080734205	79.09110403671025	79.09110403671025	79.09110403671025	108.25147204894711	-108.251472048947	129.02184006118364	49.930736024473504	49.930736024473504	79.09110403671025	-158.1822080734205	-307.974416146841	39.545552018355124	-158.1822080734205	158.1822080734205	-129.02184006118364	158.1822080734205	-149.79220807342028	307.974416146841	-39.545552018355124	-387.06552018355137	49.930736024473504	-79.09110403671025	8.39	129.02184006118387
919	-2.241215697341085	43.67458836809169	-2.241215697341085	43.67458836809169	-61.02945115745558	61.02945115745558	209.98294184045858	69.99431394681937	43.67458836809169	43.67458836809169	-43.67458836809169	-87.34917673618338	43.67458836809169	43.67458836809169	43.67458836809169	61.029451157455696	-61.02945115745558	69.99431394681937	26.319725578727798	26.319725578727798	43.67458836809169	-87.34917673618338	-166.30835347236678	21.837294184045845	-87.34917673618338	87.34917673618338	-69.99431394681937	87.34917673618338	-78.95917673618317	166.30835347236678	-21.837294184045845	-209.98294184045858	26.319725578727798	-43.67458836809169	8.39	69.9943139468196
920	-4.66688714585996	72.78264575032017	-4.66688714585996	72.78264575032017	-99.84019433376022	99.84019433376022	355.52322875160087	118.50774291720018	72.78264575032017	72.78264575032017	-72.78264575032017	-145.56529150064034	72.78264575032017	72.78264575032017	72.78264575032017	99.84019433376022	-99.84019433376022	118.50774291720018	45.72509716688012	45.72509716688012	72.78264575032017	-145.56529150064034	-282.7405830012807	36.391322875160085	-145.56529150064034	145.56529150064034	-118.50774291720018	145.56529150064034	-137.17529150064047	282.7405830012807	-36.391322875160085	-355.52322875160087	45.72509716688012	-72.78264575032017	8.39	118.5077429172003
921	-2.55641696599991	47.45700359199809	-2.55641696599991	47.45700359199809	-66.07267145599752	66.07267145599752	228.89501795999047	76.2983393199969	47.45700359199809	47.45700359199809	-47.45700359199809	-94.91400718399618	47.45700359199809	47.45700359199809	47.45700359199809	66.07267145599747	-66.07267145599752	76.2983393199969	28.841335727998654	28.841335727998654	47.45700359199809	-94.91400718399618	-181.43801436799237	23.728501795999044	-94.91400718399618	94.91400718399618	-76.2983393199969	94.91400718399618	-86.52400718399633	181.43801436799237	-23.728501795999044	-228.89501795999047	28.841335727998654	-47.45700359199809	8.39	76.29833931999681
922	-5.695791573826256	85.1294988859114	-5.695791573826256	85.1294988859114	-116.3026651812152	116.3026651812152	417.257494429557	139.08583147651905	85.1294988859114	85.1294988859114	-85.1294988859114	-170.2589977718228	85.1294988859114	85.1294988859114	85.1294988859114	116.30266518121519	-116.3026651812152	139.08583147651905	53.9563325906076	53.9563325906076	85.1294988859114	-170.2589977718228	-332.1279955436456	42.5647494429557	-170.2589977718228	170.2589977718228	-139.08583147651905	170.2589977718228	-161.86899777182225	332.1279955436456	-42.5647494429557	-417.257494429557	53.9563325906076	-85.1294988859114	8.39	139.085831476519
923	-11.38682417173425	153.42189006080957	-11.38682417173425	153.42189006080957	-207.3591867477461	207.3591867477461	758.719450304048	252.9064834346825	153.42189006080957	153.42189006080957	-153.42189006080957	-306.84378012161915	153.42189006080957	153.42189006080957	153.42189006080957	207.3591867477462	-207.3591867477461	252.9064834346825	99.48459337387305	99.48459337387305	153.42189006080957	-306.84378012161915	-605.2975602432383	76.71094503040479	-306.84378012161915	306.84378012161915	-252.9064834346825	306.84378012161915	-298.45378012161905	605.2975602432383	-76.71094503040479	-758.719450304048	99.48459337387305	-153.42189006080957	8.39	252.90648343468274
924	-8.580078453059613	119.74094143671459	-8.580078453059613	119.74094143671459	-162.4512552489528	162.4512552489528	590.314707183573	196.77156906119097	119.74094143671462	119.74094143671459	-119.74094143671462	-239.4818828734292	119.74094143671462	119.74094143671459	119.74094143671462	162.45125524895275	-162.4512552489528	196.77156906119103	77.03062762447638	77.03062762447638	119.74094143671462	-239.4818828734292	-470.5737657468584	59.870470718357296	-239.4818828734292	239.4818828734292	-196.77156906119097	239.4818828734292	-231.09188287342909	470.5737657468584	-59.870470718357296	-590.314707183573	77.03062762447638	-119.74094143671462	8.39	196.77156906119103
925	-12.499192797247426	166.7703135669689	-12.499192797247426	166.7703135669689	-225.15708475595852	225.15708475595852	825.4615678348446	275.1538559449482	166.7703135669689	166.7703135669689	-166.7703135669689	-333.5406271339378	166.7703135669689	166.7703135669689	166.7703135669689	225.15708475595852	-225.15708475595852	275.1538559449482	108.38354237797927	108.38354237797927	166.7703135669689	-333.5406271339378	-658.6912542678755	83.38515678348445	-333.5406271339378	333.5406271339378	-275.1538559449482	333.5406271339378	-325.15062713393786	658.6912542678755	-83.38515678348445	-825.4615678348446	108.38354237797927	-166.7703135669689	8.39	275.15385594494813
926	-10.780619184568877	146.14743021482593	-10.780619184568877	146.14743021482593	-197.65990695310123	197.65990695310123	722.3471510741297	240.78238369137648	146.14743021482593	146.14743021482593	-146.14743021482593	-292.29486042965186	146.14743021482593	146.14743021482593	146.14743021482593	197.6599069531012	-197.65990695310123	240.78238369137648	94.63495347655062	94.63495347655062	146.14743021482593	-292.29486042965186	-576.1997208593037	73.07371510741297	-292.29486042965186	292.29486042965186	-240.78238369137648	292.29486042965186	-283.90486042965176	576.1997208593037	-73.07371510741297	-722.3471510741297	94.63495347655062	-146.14743021482593	8.39	240.78238369137654
927	-11.229302035936342	151.53162443123685	-11.229302035936342	151.53162443123685	-204.8388325749824	204.8388325749824	749.2681221561843	249.75604071872806	151.53162443123682	151.53162443123685	-151.53162443123682	-303.06324886247364	151.53162443123682	151.53162443123685	151.53162443123682	204.8388325749827	-204.8388325749824	249.75604071872806	98.22441628749121	98.22441628749121	151.53162443123682	-303.06324886247364	-597.7364977249474	75.76581221561842	-303.06324886247364	303.06324886247364	-249.75604071872806	303.06324886247364	-294.6732488624737	597.7364977249474	-75.76581221561842	-749.2681221561843	98.22441628749121	-151.53162443123682	8.39	249.75604071872806
928	-11.439278658182218	154.05134389818141	-11.439278658182218	154.05134389818141	-208.19845853090857	208.19845853090857	761.8667194909071	253.9555731636358	154.05134389818141	154.05134389818141	-154.05134389818141	-308.10268779636283	154.05134389818141	154.05134389818141	154.05134389818141	208.1984585309085	-208.19845853090857	253.9555731636358	99.90422926545429	99.90422926545429	154.05134389818141	-308.10268779636283	-607.8153755927258	77.02567194909071	-308.10268779636283	308.10268779636283	-253.9555731636358	308.10268779636283	-299.7126877963623	607.8153755927258	-77.02567194909071	-761.8667194909071	99.90422926545429	-154.05134389818141	8.39	253.95557316363573
929	-6.810064385081972	98.50077262098296	-6.810064385081972	98.50077262098296	-134.1310301613106	134.1310301613106	484.1138631049149	161.37128770163832	98.50077262098296	98.50077262098296	-98.50077262098296	-197.0015452419659	98.50077262098296	98.50077262098296	98.50077262098296	134.13103016131072	-134.1310301613106	161.37128770163827	62.87051508065531	62.87051508065531	98.50077262098296	-197.0015452419659	-385.61309048393184	49.25038631049148	-197.0015452419659	197.0015452419659	-161.37128770163832	197.0015452419659	-188.61154524196593	385.61309048393184	-49.25038631049148	-484.1138631049149	62.87051508065531	-98.50077262098296	8.39	161.37128770163827
930	-3.112755826689238	54.13306992027003	-3.112755826689238	54.13306992027003	-74.9740932270267	74.9740932270267	262.2753496013502	87.42511653378335	54.13306992027003	54.13306992027003	-54.13306992027003	-108.26613984054006	54.13306992027003	54.13306992027003	54.13306992027003	74.97409322702674	-74.9740932270267	87.42511653378335	33.29204661351336	33.29204661351336	54.13306992027003	-108.26613984054006	-208.14227968108014	27.066534960135016	-108.26613984054006	108.26613984054006	-87.42511653378335	108.26613984054006	-99.87613984053986	208.14227968108014	-27.066534960135016	-262.2753496013502	33.29204661351336	-54.13306992027003	8.39	87.42511653378347
931	-5.1662333345679485	78.77480001481479	-5.1662333345679485	78.77480001481479	-107.82973335308638	107.82973335308638	385.48400007407395	128.49466669135802	78.77480001481479	78.77480001481479	-78.77480001481479	-157.54960002962957	78.77480001481479	78.77480001481479	78.77480001481479	107.82973335308634	-107.82973335308638	128.49466669135802	49.7198666765432	49.7198666765432	78.77480001481479	-157.54960002962957	-306.70920005925916	39.38740000740739	-157.54960002962957	157.54960002962957	-128.49466669135802	157.54960002962957	-149.15960002962936	306.70920005925916	-39.38740000740739	-385.48400007407395	49.7198666765432	-78.77480001481479	8.39	128.49466669135793
932	-5.008921648063051	76.88705977675545	-5.008921648063051	76.88705977675545	-105.31274636900726	105.31274636900726	376.0452988837774	125.34843296125905	76.88705977675545	76.88705977675545	-76.88705977675545	-153.7741195535109	76.88705977675545	76.88705977675545	76.88705977675545	105.3127463690073	-105.31274636900726	125.34843296125905	48.46137318450364	48.46137318450364	76.88705977675545	-153.7741195535109	-299.1582391070218	38.443529888377725	-153.7741195535109	153.7741195535109	-125.34843296125905	153.7741195535109	-145.38411955351077	299.1582391070218	-38.443529888377725	-376.0452988837774	48.46137318450364	-76.88705977675545	8.39	125.34843296125912
933	-4.877126829510985	75.30552195413077	-4.877126829510985	75.30552195413077	-103.20402927217435	103.20402927217435	368.13760977065397	122.71253659021798	75.30552195413077	75.30552195413077	-75.30552195413077	-150.61104390826154	75.30552195413077	75.30552195413077	75.30552195413077	103.20402927217447	-103.20402927217435	122.71253659021795	47.40701463608718	47.40701463608718	75.30552195413077	-150.61104390826154	-292.8320878165231	37.652760977065384	-150.61104390826154	150.61104390826154	-122.71253659021798	150.61104390826154	-142.2210439082615	292.8320878165231	-37.652760977065384	-368.13760977065397	47.40701463608718	-75.30552195413077	8.39	122.71253659021795
934	-4.3524190930330064	69.00902911639639	-4.3524190930330064	69.00902911639639	-94.80870548852852	94.80870548852852	336.65514558198197	112.21838186066054	69.00902911639639	69.00902911639639	-69.00902911639639	-138.01805823279278	69.00902911639639	69.00902911639639	69.00902911639639	94.80870548852852	-94.80870548852852	112.21838186066054	43.209352744264265	43.209352744264265	69.00902911639639	-138.01805823279278	-267.6461164655856	34.504514558198196	-138.01805823279278	138.01805823279278	-112.21838186066054	138.01805823279278	-129.62805823279274	267.6461164655856	-34.504514558198196	-336.65514558198197	43.209352744264265	-69.00902911639639	8.39	112.21838186066077
935	-3.5353430709710665	59.204116851651634	-3.5353430709710665	59.204116851651634	-81.7354891355355	81.7354891355355	287.6305842582583	95.87686141941936	59.204116851651634	59.204116851651634	-59.204116851651634	-118.40823370330327	59.204116851651634	59.204116851651634	59.204116851651634	81.73548913553554	-81.7354891355355	95.87686141941936	36.672744567767765	36.672744567767765	59.204116851651634	-118.40823370330327	-228.42646740660655	29.602058425825817	-118.40823370330327	118.40823370330327	-95.87686141941936	118.40823370330327	-110.01823370330312	228.42646740660655	-29.602058425825817	-287.6305842582583	36.672744567767765	-59.204116851651634	8.39	95.87686141941943
936	-7.417272383916075	105.78726860699167	-7.417272383916075	105.78726860699167	-143.84635814265556	143.84635814265556	520.5463430349585	173.51544767831945	105.78726860699167	105.78726860699167	-105.78726860699167	-211.57453721398335	105.78726860699167	105.78726860699167	105.78726860699167	143.84635814265562	-143.84635814265556	173.51544767831945	67.72817907132779	67.72817907132779	105.78726860699167	-211.57453721398335	-414.75907442796665	52.89363430349584	-211.57453721398335	211.57453721398335	-173.51544767831945	211.57453721398335	-203.18453721398316	414.75907442796665	-52.89363430349584	-520.5463430349585	67.72817907132779	-105.78726860699167	8.39	173.51544767831948
937	-5.827691406575029	86.71229687890013	-5.827691406575029	86.71229687890013	-118.41306250520017	118.41306250520017	425.1714843945008	141.7238281315001	86.71229687890013	86.71229687890013	-86.71229687890013	-173.42459375780027	86.71229687890013	86.71229687890013	86.71229687890013	118.41306250520029	-118.41306250520017	141.7238281315001	55.01153125260009	55.01153125260009	86.71229687890013	-173.42459375780027	-338.45918751560055	43.35614843945007	-173.42459375780027	173.42459375780027	-141.7238281315001	173.42459375780027	-165.03459375780028	338.45918751560055	-43.35614843945007	-425.1714843945008	55.01153125260009	-86.71229687890013	8.39	141.72382813150034
938	-2.3986852210260885	45.56422265231163	-2.3986852210260885	45.56422265231163	-63.5489635364155	63.5489635364155	219.43111326155827	73.14370442051927	45.56422265231163	45.56422265231163	-45.56422265231163	-91.12844530462326	45.56422265231163	45.56422265231163	45.56422265231163	63.54896353641561	-63.5489635364155	73.14370442051927	27.579481768207756	27.579481768207756	45.56422265231163	-91.12844530462326	-173.86689060924652	22.782111326155814	-91.12844530462326	91.12844530462326	-73.14370442051927	91.12844530462326	-82.73844530462304	173.86689060924652	-22.782111326155814	-219.43111326155827	27.579481768207756	-45.56422265231163	8.39	73.1437044205195
939	-11.993923782421234	160.70708538905342	-11.993923782421234	160.70708538905342	-217.0727805187379	217.0727805187379	795.1454269452672	265.04847564842237	160.70708538905342	160.70708538905342	-160.70708538905342	-321.41417077810684	160.70708538905342	160.70708538905342	160.70708538905342	217.072780518738	-217.0727805187379	265.04847564842237	104.34139025936895	104.34139025936895	160.70708538905342	-321.41417077810684	-634.4383415562137	80.35354269452671	-321.41417077810684	321.41417077810684	-265.04847564842237	321.41417077810684	-313.02417077810674	634.4383415562137	-80.35354269452671	-795.1454269452672	104.34139025936895	-160.70708538905342	8.39	265.04847564842237
940	-2.477603811060874	46.511245732729094	-2.477603811060874	46.511245732729094	-64.81166097697212	64.81166097697212	224.1662286636456	74.72207622121516	46.511245732729094	46.511245732729094	-46.511245732729094	-93.02249146545819	46.511245732729094	46.511245732729094	46.511245732729094	64.81166097697223	-64.81166097697212	74.72207622121516	28.210830488486067	28.210830488486067	46.511245732729094	-93.02249146545819	-177.6549829309164	23.255622866364547	-93.02249146545819	93.02249146545819	-74.72207622121516	93.02249146545819	-84.63249146545819	177.6549829309164	-23.255622866364547	-224.1662286636456	28.210830488486067	-46.511245732729094	8.39	74.72207622121516
941	-7.706640266777583	109.25968320133063	-7.706640266777583	109.25968320133063	-148.47624426844084	148.47624426844084	537.908416006653	179.30280533555106	109.25968320133063	109.25968320133063	-109.25968320133063	-218.51936640266126	109.25968320133063	109.25968320133063	109.25968320133063	148.47624426844072	-148.47624426844084	179.30280533555106	70.04312213422043	70.04312213422043	109.25968320133063	-218.51936640266126	-428.64873280532254	54.629841600665316	-218.51936640266126	218.51936640266126	-179.30280533555106	218.51936640266126	-210.12936640266105	428.64873280532254	-54.629841600665316	-537.908416006653	70.04312213422043	-109.25968320133063	8.39	179.30280533555106
942	-3.9842363716314253	64.59083645957742	-3.9842363716314253	64.59083645957742	-88.91778194610322	88.91778194610322	314.564182297887	104.85472743262903	64.59083645957742	64.59083645957742	-64.59083645957742	-129.18167291915483	64.59083645957742	64.59083645957742	64.59083645957742	88.9177819461031	-88.91778194610322	104.85472743262903	40.263890973051616	40.263890973051616	64.59083645957742	-129.18167291915483	-249.97334583830968	32.29541822978871	-129.18167291915483	129.18167291915483	-104.85472743262903	129.18167291915483	-120.79167291915483	249.97334583830968	-32.29541822978871	-314.564182297887	40.263890973051616	-64.59083645957742	8.39	104.85472743262903
943	-5.087525193825989	77.83030232591075	-5.087525193825989	77.83030232591075	-106.57040310121437	106.57040310121437	380.76151162955375	126.92050387651796	77.83030232591075	77.83030232591075	-77.83030232591075	-155.6606046518215	77.83030232591075	77.83030232591075	77.83030232591075	106.57040310121442	-106.57040310121437	126.92050387651796	49.090201550607134	49.090201550607134	77.83030232591075	-155.6606046518215	-302.93120930364296	38.915151162955375	-155.6606046518215	155.6606046518215	-126.92050387651796	155.6606046518215	-147.27060465182137	302.93120930364296	-38.915151162955375	-380.76151162955375	49.090201550607134	-77.83030232591075	8.39	126.92050387651793
944	-4.719552081600352	73.41462497920406	-4.719552081600352	73.41462497920406	-100.68283330560541	100.68283330560541	358.68312489602044	119.56104163200666	73.41462497920406	73.41462497920406	-73.41462497920406	-146.82924995840813	73.41462497920406	73.41462497920406	73.41462497920406	100.68283330560553	-100.68283330560541	119.56104163200666	46.14641665280271	46.14641665280271	73.41462497920406	-146.82924995840813	-285.26849991681627	36.70731248960203	-146.82924995840813	146.82924995840813	-119.56104163200666	146.82924995840813	-138.43924995840814	285.26849991681627	-36.70731248960203	-358.68312489602044	46.14641665280271	-73.41462497920406	8.39	119.56104163200689
945	-7.522497030329475	107.04996436395334	-7.522497030329475	107.04996436395334	-145.5299524852711	145.5299524852711	526.8598218197666	175.6199406065889	107.04996436395334	107.04996436395334	-107.04996436395334	-214.09992872790667	107.04996436395334	107.04996436395334	107.04996436395334	145.529952485271	-145.5299524852711	175.6199406065889	68.56997624263556	68.56997624263556	107.04996436395334	-214.09992872790667	-419.80985745581336	53.52498218197667	-214.09992872790667	214.09992872790667	-175.6199406065889	214.09992872790667	-205.70992872790669	419.80985745581336	-53.52498218197667	-526.8598218197666	68.56997624263556	-107.04996436395334	8.39	175.6199406065889
946	-9.453305557434817	130.2196666892172	-9.453305557434817	130.2196666892172	-176.42288891895626	176.42288891895626	642.708333446086	214.2361111486954	130.2196666892172	130.2196666892172	-130.2196666892172	-260.4393333784344	130.2196666892172	130.2196666892172	130.2196666892172	176.42288891895623	-176.42288891895626	214.2361111486954	84.01644445947815	84.01644445947815	130.2196666892172	-260.4393333784344	-512.4886667568688	65.1098333446086	-260.4393333784344	260.4393333784344	-214.2361111486954	260.4393333784344	-252.0493333784342	512.4886667568688	-65.1098333446086	-642.708333446086	84.01644445947815	-130.2196666892172	8.39	214.2361111486953
947	-6.065819107434606	89.56982928921559	-6.065819107434606	89.56982928921559	-122.22310571895412	122.22310571895412	439.45914644607785	146.48638214869266	89.56982928921559	89.56982928921559	-89.56982928921559	-179.13965857843118	89.56982928921559	89.56982928921559	89.56982928921559	122.223105718954	-122.22310571895412	146.48638214869266	56.916552859477065	56.916552859477065	89.56982928921559	-179.13965857843118	-349.8893171568624	44.784914644607795	-179.13965857843118	179.13965857843118	-146.48638214869266	179.13965857843118	-170.74965857843117	349.8893171568624	-44.784914644607795	-439.45914644607785	56.916552859477065	-89.56982928921559	8.39	146.48638214869266
948	-7.6275112274500145	108.3101347294002	-7.6275112274500145	108.3101347294002	-147.21017963920028	147.21017963920028	533.1606736470011	177.72022454900025	108.3101347294002	108.3101347294002	-108.3101347294002	-216.6202694588004	108.3101347294002	108.3101347294002	108.3101347294002	147.2101796392003	-147.21017963920028	177.72022454900025	69.41008981960015	69.41008981960015	108.3101347294002	-216.6202694588004	-424.8505389176008	54.1550673647001	-216.6202694588004	216.6202694588004	-177.72022454900025	216.6202694588004	-208.23026945880042	424.8505389176008	-54.1550673647001	-533.1606736470011	69.41008981960015	-108.3101347294002	8.39	177.7202245490003
949	-11.018588838219944	149.00306605863798	-11.018588838219944	149.00306605863798	-201.4674214115173	201.4674214115173	736.62533029319	245.54177676439667	149.00306605863798	149.00306605863798	-149.00306605863798	-298.00613211727597	149.00306605863798	149.00306605863798	149.00306605863798	201.4674214115173	-201.4674214115173	245.54177676439667	96.53871070575866	96.53871070575866	149.00306605863798	-298.00613211727597	-587.6222642345518	74.50153302931899	-298.00613211727597	298.00613211727597	-245.54177676439667	298.00613211727597	-289.61613211727604	587.6222642345518	-74.50153302931899	-736.62533029319	96.53871070575866	-149.00306605863798	8.39	245.54177676439662
950	-10.96587129036681	148.37045548440096	-10.96587129036681	148.37045548440096	-200.62394064586795	200.62394064586795	733.462277422005	244.48742580733483	148.37045548440096	148.37045548440096	-148.37045548440096	-296.7409109688019	148.37045548440096	148.37045548440096	148.37045548440096	200.62394064586806	-200.62394064586795	244.48742580733483	96.11697032293398	96.11697032293398	148.37045548440096	-296.7409109688019	-585.0918219376039	74.18522774220048	-296.7409109688019	296.7409109688019	-244.48742580733483	296.7409109688019	-288.3509109688017	585.0918219376039	-74.18522774220048	-733.462277422005	96.11697032293398	-148.37045548440096	8.39	244.48742580733506
951	-2.3461781224659433	44.934137469589146	-2.3461781224659433	44.934137469589146	-62.70884995945222	62.70884995945222	216.2806873479458	72.09356244931519	44.934137469589146	44.934137469589146	-44.934137469589146	-89.86827493917829	44.934137469589146	44.934137469589146	44.934137469589146	62.70884995945221	-62.70884995945222	72.09356244931519	27.15942497972607	27.15942497972607	44.934137469589146	-89.86827493917829	-171.3465498783566	22.467068734794573	-89.86827493917829	89.86827493917829	-72.09356244931519	89.86827493917829	-81.47827493917794	171.3465498783566	-22.467068734794573	-216.2806873479458	27.15942497972607	-44.934137469589146	8.39	72.09356244931521
952	-4.824356669545043	74.67228003453995	-4.824356669545043	74.67228003453995	-102.35970671271997	102.35970671271997	364.97140017269976	121.65713339089996	74.67228003453995	74.67228003453995	-74.67228003453995	-149.3445600690799	74.67228003453995	74.67228003453995	74.67228003453995	102.35970671271991	-102.35970671271997	121.65713339089996	46.984853356359935	46.984853356359935	74.67228003453995	-149.3445600690799	-290.29912013815976	37.336140017269976	-149.3445600690799	149.3445600690799	-121.65713339089996	149.3445600690799	-140.95456006907978	290.29912013815976	-37.336140017269976	-364.97140017269976	46.984853356359935	-74.67228003453995	8.39	121.65713339089999
953	-14.492217747424604	190.68661296909448	-14.492217747424604	190.68661296909448	-257.04548395879266	257.04548395879266	945.0430648454726	315.0143549484908	190.68661296909448	190.68661296909448	-190.68661296909448	-381.37322593818897	190.68661296909448	190.68661296909448	190.68661296909448	257.04548395879283	-257.04548395879266	315.0143549484908	124.3277419793963	124.3277419793963	190.68661296909448	-381.37322593818897	-754.3564518763781	95.34330648454724	-381.37322593818897	381.37322593818897	-315.0143549484908	381.37322593818897	-372.983225938189	754.3564518763781	-95.34330648454724	-945.0430648454726	124.3277419793963	-190.68661296909448	8.39	315.0143549484908
954	-15.288970123632396	200.24764148358577	-15.288970123632396	200.24764148358577	-269.79352197811437	269.79352197811437	992.848207417929	330.949402472643	200.24764148358577	200.24764148358577	-200.24764148358577	-400.49528296717153	200.24764148358577	200.24764148358577	200.24764148358577	269.79352197811437	-269.79352197811437	330.949402472643	130.70176098905716	130.70176098905716	200.24764148358577	-400.49528296717153	-792.6005659343431	100.12382074179288	-400.49528296717153	400.49528296717153	-330.949402472643	400.49528296717153	-392.1052829671712	792.6005659343431	-100.12382074179288	-992.848207417929	130.70176098905716	-200.24764148358577	8.39	330.94940247264293
955	-8.924701104364146	123.87641325236592	-8.924701104364146	123.87641325236592	-167.96521766982121	167.96521766982121	610.9920662618296	203.66402208727663	123.87641325236592	123.87641325236592	-123.87641325236592	-247.75282650473184	123.87641325236592	123.87641325236592	123.87641325236592	167.9652176698212	-167.96521766982121	203.66402208727663	79.78760883491061	79.78760883491061	123.87641325236592	-247.75282650473184	-487.11565300946376	61.93820662618296	-247.75282650473184	247.75282650473184	-203.66402208727663	247.75282650473184	-239.3628265047314	487.11565300946376	-61.93820662618296	-610.9920662618296	79.78760883491061	-123.87641325236592	8.39	203.66402208727652
956	-11.334264461061178	152.79117353273287	-11.334264461061178	152.79117353273287	-206.51823137697716	206.51823137697716	755.5658676636644	251.85528922122148	152.79117353273287	152.79117353273287	-152.79117353273287	-305.58234706546574	152.79117353273287	152.79117353273287	152.79117353273287	206.51823137697716	-206.51823137697716	251.85528922122148	99.06411568848858	99.06411568848858	152.79117353273287	-305.58234706546574	-602.7746941309314	76.39558676636643	-305.58234706546574	305.58234706546574	-251.85528922122148	305.58234706546574	-297.1923470654658	602.7746941309314	-76.39558676636643	-755.5658676636644	99.06411568848858	-152.79117353273287	8.39	251.85528922122143
957	-9.109953210161791	126.09943852194156	-9.109953210161791	126.09943852194156	-170.92925136258876	170.92925136258876	622.1071926097078	207.3690642032359	126.09943852194156	126.09943852194156	-126.09943852194156	-252.19887704388313	126.09943852194156	126.09943852194156	126.09943852194156	170.92925136258873	-170.92925136258876	207.3690642032359	81.26962568129439	81.26962568129439	126.09943852194156	-252.19887704388313	-496.0077540877662	63.04971926097078	-252.19887704388313	252.19887704388313	-207.3690642032359	252.19887704388313	-243.80887704388314	496.0077540877662	-63.04971926097078	-622.1071926097078	81.26962568129439	-126.09943852194156	8.39	207.36906420323595
958	-4.089513630157626	65.85416356189106	-4.089513630157626	65.85416356189106	-90.6022180825214	90.6022180825214	320.88081780945527	106.96027260315168	65.85416356189106	65.85416356189106	-65.85416356189106	-131.7083271237821	65.85416356189106	65.85416356189106	65.85416356189106	90.6022180825214	-90.6022180825214	106.96027260315168	41.10610904126071	41.10610904126071	65.85416356189106	-131.7083271237821	-255.0266542475642	32.92708178094553	-131.7083271237821	131.7083271237821	-106.96027260315168	131.7083271237821	-123.31832712378196	255.0266542475642	-32.92708178094553	-320.88081780945527	41.10610904126071	-65.85416356189106	8.39	106.9602726031519
959	-8.36857269296712	117.20287231560678	-8.36857269296712	117.20287231560678	-159.0671630874757	159.0671630874757	577.6243615780339	192.54145385934464	117.20287231560678	117.20287231560678	-117.20287231560678	-234.40574463121357	117.20287231560678	117.20287231560678	117.20287231560678	159.0671630874757	-159.0671630874757	192.54145385934464	75.33858154373786	75.33858154373786	117.20287231560678	-234.40574463121357	-460.42148926242714	58.60143615780339	-234.40574463121357	234.40574463121357	-192.54145385934464	234.40574463121357	-226.0157446312137	460.42148926242714	-58.60143615780339	-577.6243615780339	75.33858154373786	-117.20287231560678	8.39	192.54145385934464
960	-3.1655259866549557	54.76631183986068	-3.1655259866549557	54.76631183986068	-75.8184157864809	75.8184157864809	265.44155919930336	88.48051973310112	54.76631183986068	54.76631183986068	-54.76631183986068	-109.53262367972135	54.76631183986068	54.76631183986068	54.76631183986068	75.8184157864809	-75.8184157864809	88.48051973310112	33.714207893240456	33.714207893240456	54.76631183986068	-109.53262367972135	-210.67524735944272	27.38315591993034	-109.53262367972135	109.53262367972135	-88.48051973310112	109.53262367972135	-101.14262367972151	210.67524735944272	-27.38315591993034	-265.44155919930336	33.714207893240456	-54.76631183986068	8.39	88.48051973310118
961	-2.0559109794303367	41.45093175316299	-2.0559109794303367	41.45093175316299	-58.06457567088398	58.06457567088398	198.86465876581497	66.28821958860499	41.45093175316299	41.45093175316299	-41.45093175316299	-82.90186350632598	41.45093175316299	41.45093175316299	41.45093175316299	58.06457567088398	-58.06457567088398	66.28821958860499	24.837287835441998	24.837287835441998	41.45093175316299	-82.90186350632598	-157.41372701265198	20.725465876581495	-82.90186350632598	82.90186350632598	-66.28821958860499	82.90186350632598	-74.51186350632591	157.41372701265198	-20.725465876581495	-198.86465876581497	24.837287835441998	-41.45093175316299	8.39	66.28821958860499
962	-14.09572611022862	185.92871332274257	-14.09572611022862	185.92871332274257	-250.7016177636567	250.7016177636567	921.2535666137128	307.08452220457093	185.92871332274257	185.92871332274257	-185.92871332274257	-371.85742664548513	185.92871332274257	185.92871332274257	185.92871332274257	250.7016177636567	-250.7016177636567	307.08452220457093	121.15580888182842	121.15580888182842	185.92871332274257	-371.85742664548513	-735.3248532909704	92.96435666137128	-371.85742664548513	371.85742664548513	-307.08452220457093	371.85742664548513	-363.4674266454849	735.3248532909704	-92.96435666137128	-921.2535666137128	121.15580888182842	-185.92871332274257	8.39	307.08452220457093
963	-7.312257346678512	104.52708816014206	-7.312257346678512	104.52708816014206	-142.16611754685607	142.16611754685607	514.2454408007104	171.41514693356999	104.52708816014206	104.52708816014206	-104.52708816014206	-209.0541763202841	104.52708816014206	104.52708816014206	104.52708816014206	142.16611754685619	-142.16611754685607	171.41514693356999	66.88805877342804	66.88805877342804	104.52708816014206	-209.0541763202841	-409.71835264056824	52.26354408007103	-209.0541763202841	209.0541763202841	-171.41514693356999	209.0541763202841	-200.66417632028413	409.71835264056824	-52.26354408007103	-514.2454408007104	66.88805877342804	-104.52708816014206	8.39	171.4151469335702
964	-1.9769397772828938	40.50327732739348	-1.9769397772828938	40.50327732739348	-56.801036436524626	56.801036436524626	194.12638663696748	64.7087955456559	40.50327732739348	40.50327732739348	-40.50327732739348	-81.00655465478695	40.50327732739348	40.50327732739348	40.50327732739348	56.80103643652478	-56.801036436524626	64.7087955456559	24.20551821826232	24.20551821826232	40.50327732739348	-81.00655465478695	-153.62310930957392	20.25163866369674	-81.00655465478695	81.00655465478695	-64.7087955456559	81.00655465478695	-72.61655465478714	153.62310930957392	-20.25163866369674	-194.12638663696748	24.20551821826232	-40.50327732739348	8.39	64.70879554565566
965	-3.931518823778327	63.95822588533912	-3.931518823778327	63.95822588533912	-88.07430118045221	88.07430118045221	311.40112942669566	103.80037647556526	63.95822588533912	63.95822588533912	-63.95822588533912	-127.91645177067824	63.95822588533912	63.95822588533912	63.95822588533912	88.07430118045227	-88.07430118045221	103.80037647556526	39.84215059022603	39.84215059022603	63.95822588533912	-127.91645177067824	-247.4429035413565	31.97911294266956	-127.91645177067824	127.91645177067824	-103.80037647556526	127.91645177067824	-119.52645177067836	247.4429035413565	-31.97911294266956	-311.40112942669566	39.84215059022603	-63.95822588533912	8.39	103.8003764755652
966	-3.6141562259099516	60.14987471091922	-3.6141562259099516	60.14987471091922	-82.99649961455896	82.99649961455896	292.35937355459623	97.45312451819859	60.14987471091922	60.14987471091922	-60.14987471091922	-120.29974942183844	60.14987471091922	60.14987471091922	60.14987471091922	82.99649961455907	-82.99649961455896	97.45312451819859	37.303249807279485	37.303249807279485	60.14987471091922	-120.29974942183844	-232.2094988436769	30.07493735545961	-120.29974942183844	120.29974942183844	-97.45312451819859	120.29974942183844	-111.90974942183846	232.2094988436769	-30.07493735545961	-292.35937355459623	37.303249807279485	-60.14987471091922	8.39	97.45312451819882
967	-3.2972153701113704	56.34658444133697	-3.2972153701113704	56.34658444133697	-77.92544592178263	77.92544592178263	273.342922206685	91.11430740222818	56.34658444133697	56.34658444133697	-56.34658444133697	-112.69316888267394	56.34658444133697	56.34658444133697	56.34658444133697	77.92544592178274	-77.92544592178263	91.11430740222818	34.76772296089132	34.76772296089132	56.34658444133697	-112.69316888267394	-216.9963377653479	28.173292220668486	-112.69316888267394	112.69316888267394	-91.11430740222818	112.69316888267394	-104.30316888267396	216.9963377653479	-28.173292220668486	-273.342922206685	34.76772296089132	-56.34658444133697	8.39	91.1143074022284
968	-6.994894748810136	100.7187369857213	-6.994894748810136	100.7187369857213	-137.08831598096174	137.08831598096174	495.20368492860666	165.06789497620207	100.7187369857213	100.7187369857213	-100.7187369857213	-201.4374739714426	100.7187369857213	100.7187369857213	100.7187369857213	137.08831598096185	-137.08831598096174	165.06789497620207	64.34915799048088	64.34915799048088	100.7187369857213	-201.4374739714426	-394.48494794288524	50.35936849286065	-201.4374739714426	201.4374739714426	-165.06789497620207	201.4374739714426	-193.04747397144263	394.48494794288524	-50.35936849286065	-495.20368492860666	64.34915799048088	-100.7187369857213	8.39	165.0678949762023
969	-5.722045018091853	85.44454021710249	-5.722045018091853	85.44454021710249	-116.72272028946998	116.72272028946998	418.83270108551255	139.61090036183737	85.44454021710249	85.44454021710249	-85.44454021710249	-170.88908043420497	85.44454021710249	85.44454021710249	85.44454021710249	116.72272028947009	-116.72272028946998	139.61090036183737	54.166360144734995	54.166360144734995	85.44454021710249	-170.88908043420497	-333.38816086840995	42.72227010855124	-170.88908043420497	170.88908043420497	-139.61090036183737	170.88908043420497	-162.49908043420498	333.38816086840995	-42.72227010855124	-418.83270108551255	54.166360144734995	-85.44454021710249	8.39	139.6109003618376
970	-4.246772704549835	67.74127245459772	-4.246772704549835	67.74127245459772	-93.11836327279696	93.11836327279696	330.3163622729887	110.10545409099609	67.74127245459772	67.74127245459772	-67.74127245459772	-135.48254490919544	67.74127245459772	67.74127245459772	67.74127245459772	93.11836327279707	-93.11836327279696	110.10545409099609	42.364181636398484	42.364181636398484	67.74127245459772	-135.48254490919544	-262.5750898183909	33.87063622729886	-135.48254490919544	135.48254490919544	-110.10545409099609	135.48254490919544	-127.09254490919545	262.5750898183909	-33.87063622729886	-330.3163622729887	42.364181636398484	-67.74127245459772	8.39	110.10545409099632
971	-4.036743470191736	65.22092164229912	-4.036743470191736	65.22092164229912	-89.75789552306549	89.75789552306549	317.7146082114957	105.90486940383175	65.22092164229912	65.22092164229912	-65.22092164229912	-130.44184328459824	65.22092164229912	65.22092164229912	65.22092164229912	89.7578955230656	-89.75789552306549	105.90486940383175	40.68394776153275	40.68394776153275	65.22092164229912	-130.44184328459824	-252.49368656919648	32.61046082114956	-130.44184328459824	130.44184328459824	-105.90486940383175	130.44184328459824	-122.05184328459802	252.49368656919648	-32.61046082114956	-317.7146082114957	40.68394776153275	-65.22092164229912	8.39	105.90486940383198
972	-1.871293388799586	39.23552066559512	-1.871293388799586	39.23552066559512	-55.110694220793484	55.110694220793484	187.7876033279756	62.59586777599179	39.23552066559512	39.23552066559512	-39.23552066559512	-78.47104133119024	39.23552066559512	39.23552066559512	39.23552066559512	55.11069422079345	-55.110694220793484	62.59586777599179	23.36034711039675	23.36034711039675	39.23552066559512	-78.47104133119024	-148.55208266238049	19.61776033279756	-78.47104133119024	78.47104133119024	-62.59586777599179	78.47104133119024	-70.0810413311901	148.55208266238049	-19.61776033279756	-187.7876033279756	23.36034711039675	-39.23552066559512	8.39	62.595867775991834
973	-11.202943367444975	151.21532040933872	-11.202943367444975	151.21532040933872	-204.41709387911828	204.41709387911828	747.6866020466937	249.2288673488979	151.21532040933872	151.21532040933872	-151.21532040933872	-302.43064081867743	151.21532040933872	151.21532040933872	151.21532040933872	204.41709387911828	-204.41709387911828	249.2288673488979	98.01354693955915	98.01354693955915	151.21532040933872	-302.43064081867743	-596.4712816373548	75.60766020466936	-302.43064081867743	302.43064081867743	-249.2288673488979	302.43064081867743	-294.0406408186775	596.4712816373548	-75.60766020466936	-747.6866020466937	98.01354693955915	-151.21532040933872	8.39	249.22886734889784
974	-10.542438871596495	143.2892664591575	-10.542438871596495	143.2892664591575	-193.8490219455433	193.8490219455433	708.0563322957876	236.01877743192904	143.2892664591575	143.2892664591575	-143.2892664591575	-286.578532918315	143.2892664591575	143.2892664591575	143.2892664591575	193.84902194554343	-193.8490219455433	236.01877743192904	92.72951097277166	92.72951097277166	143.2892664591575	-286.578532918315	-564.76706583663	71.64463322957874	-286.578532918315	286.578532918315	-236.01877743192904	286.578532918315	-278.188532918315	564.76706583663	-71.64463322957874	-708.0563322957876	92.72951097277166	-143.2892664591575	8.39	236.01877743192927
975	-10.118157890864723	138.19789469037664	-10.118157890864723	138.19789469037664	-187.06052625383552	187.06052625383552	682.5994734518833	227.5331578172943	138.19789469037664	138.19789469037664	-138.19789469037664	-276.3957893807533	138.19789469037664	138.19789469037664	138.19789469037664	187.06052625383563	-187.06052625383552	227.5331578172943	89.33526312691777	89.33526312691777	138.19789469037664	-276.3957893807533	-544.4015787615066	69.09894734518832	-276.3957893807533	276.3957893807533	-227.5331578172943	276.3957893807533	-268.0057893807533	544.4015787615066	-69.09894734518832	-682.5994734518833	89.33526312691777	-138.19789469037664	8.39	227.53315781729452
976	-11.491996206034875	154.68395447241824	-11.491996206034875	154.68395447241824	-209.04193929655764	209.04193929655764	765.0297723620913	255.00992412069695	154.68395447241824	154.68395447241824	-154.68395447241824	-309.3679089448365	154.68395447241824	154.68395447241824	154.68395447241824	209.04193929655776	-209.04193929655764	255.00992412069695	100.32596964827883	100.32596964827883	154.68395447241824	-309.3679089448365	-610.345817889673	77.34197723620912	-309.3679089448365	309.3679089448365	-255.00992412069695	309.3679089448365	-300.9779089448365	610.345817889673	-77.34197723620912	-765.0297723620913	100.32596964827883	-154.68395447241824	8.39	255.00992412069718
977	-11.281914569592569	152.16297483511084	-11.281914569592569	152.16297483511084	-205.68063311348112	205.68063311348112	752.4248741755544	250.8082913918513	152.16297483511084	152.16297483511084	-152.16297483511084	-304.3259496702217	152.16297483511084	152.16297483511084	152.16297483511084	205.68063311348124	-205.68063311348112	250.8082913918513	98.64531655674057	98.64531655674057	152.16297483511084	-304.3259496702217	-600.2618993404434	76.08148741755542	-304.3259496702217	304.3259496702217	-250.8082913918513	304.3259496702217	-295.9359496702217	600.2618993404434	-76.08148741755542	-752.4248741755544	98.64531655674057	-152.16297483511084	8.39	250.80829139185153
978	-2.0031934315771243	40.81832117892486	-2.0031934315771243	40.81832117892486	-57.221094905233144	57.221094905233144	195.70160589462444	65.23386863154133	40.81832117892486	40.81832117892486	-40.81832117892486	-81.63664235784972	40.81832117892486	40.81832117892486	40.81832117892486	57.22109490523326	-57.221094905233144	65.23386863154133	24.41554745261658	24.41554745261658	40.81832117892486	-81.63664235784972	-154.88328471569946	20.40916058946243	-81.63664235784972	81.63664235784972	-65.23386863154133	81.63664235784972	-73.24664235784974	154.88328471569946	-20.40916058946243	-195.70160589462444	24.41554745261658	-40.81832117892486	8.39	65.23386863154155
979	-2.3724317767600502	45.249181321121114	-2.3724317767600502	45.249181321121114	-63.12890842816148	63.12890842816148	217.8559066056057	72.61863553520175	45.249181321121114	45.249181321121114	-45.249181321121114	-90.49836264224223	45.249181321121114	45.249181321121114	45.249181321121114	63.128908428161594	-63.12890842816148	72.61863553520175	27.369454214080747	27.369454214080747	45.249181321121114	-90.49836264224223	-172.60672528448447	22.624590660560557	-90.49836264224223	90.49836264224223	-72.61863553520175	90.49836264224223	-82.10836264224224	172.60672528448447	-22.624590660560557	-217.8559066056057	27.369454214080747	-45.249181321121114	8.39	72.61863553520197
980	-2.4249388753204357	45.87926650384406	-2.4249388753204357	45.87926650384406	-63.96902200512541	63.96902200512541	221.00633251922034	73.66877750640685	45.87926650384406	45.87926650384406	-45.87926650384406	-91.75853300768811	45.87926650384406	45.87926650384406	45.87926650384406	63.96902200512545	-63.96902200512541	73.66877750640685	27.789511002562715	27.789511002562715	45.87926650384406	-91.75853300768811	-175.12706601537624	22.93963325192203	-91.75853300768811	91.75853300768811	-73.66877750640685	91.75853300768811	-83.3685330076881	175.12706601537624	-22.93963325192203	-221.00633251922034	27.789511002562715	-45.87926650384406	8.39	73.66877750640681
981	-2.5038574653551677	46.82628958426196	-2.5038574653551677	46.82628958426196	-65.23171944568261	65.23171944568261	225.74144792130983	75.24714930710331	46.82628958426196	46.82628958426196	-46.82628958426196	-93.65257916852391	46.82628958426196	46.82628958426196	46.82628958426196	65.23171944568264	-65.23171944568261	75.24714930710331	28.420859722841296	28.420859722841296	46.82628958426196	-93.65257916852391	-178.9151583370478	23.41314479213098	-93.65257916852391	93.65257916852391	-75.24714930710331	93.65257916852391	-85.26257916852398	178.9151583370478	-23.41314479213098	-225.74144792130983	28.420859722841296	-46.82628958426196	8.39	75.24714930710326
982	-11.36051811535549	153.10621738426596	-11.36051811535549	153.10621738426596	-206.93828984568793	206.93828984568793	757.1410869213298	252.38036230710986	153.10621738426596	153.10621738426596	-153.10621738426596	-306.2124347685319	153.10621738426596	153.10621738426596	153.10621738426596	206.9382898456879	-206.93828984568793	252.38036230710986	99.27414492284397	99.27414492284397	153.10621738426596	-306.2124347685319	-604.0348695370639	76.55310869213298	-306.2124347685319	306.2124347685319	-252.38036230710986	306.2124347685319	-297.8224347685319	604.0348695370639	-76.55310869213298	-757.1410869213298	99.27414492284397	-153.10621738426596	8.39	252.38036230711003
983	-4.01049002592575	64.90588031110775	-4.01049002592575	64.90588031110775	-89.33784041481039	89.33784041481039	316.1394015555388	105.37980051851298	64.90588031110775	64.90588031110775	-64.90588031110775	-129.8117606222155	64.90588031110775	64.90588031110775	64.90588031110775	89.33784041481044	-89.33784041481039	105.37980051851298	40.473920207405115	40.473920207405115	64.90588031110775	-129.8117606222155	-251.23352124443102	32.452940155553875	-129.8117606222155	129.8117606222155	-105.37980051851298	129.8117606222155	-121.42176062221563	251.23352124443102	-32.452940155553875	-316.1394015555388	40.473920207405115	-64.90588031110775	8.39	105.37980051851292
984	-5.669485517447231	84.81382620936552	-5.669485517447231	84.81382620936552	-115.88176827915402	115.88176827915402	415.6791310468277	138.55971034894242	84.81382620936552	84.81382620936552	-84.81382620936552	-169.62765241873103	84.81382620936552	84.81382620936552	84.81382620936552	115.88176827915413	-115.88176827915402	138.55971034894242	53.745884139577015	53.745884139577015	84.81382620936552	-169.62765241873103	-330.8653048374621	42.40691310468276	-169.62765241873103	169.62765241873103	-138.55971034894242	169.62765241873103	-161.23765241873082	330.8653048374621	-42.40691310468276	-415.6791310468277	53.745884139577015	-84.81382620936552	8.39	138.55971034894264
985	-5.113831250204825	78.14597500245605	-5.113831250204825	78.14597500245605	-106.99130000327474	106.99130000327474	382.33987501228046	127.44662500409345	78.14597500245607	78.14597500245605	-78.14597500245607	-156.2919500049121	78.14597500245607	78.14597500245605	78.14597500245607	106.99130000327489	-106.99130000327474	127.44662500409343	49.300650001637365	49.300650001637365	78.14597500245607	-156.2919500049121	-304.19390000982423	39.07298750122803	-156.2919500049121	156.2919500049121	-127.44662500409345	156.2919500049121	-147.90195000491204	304.19390000982423	-39.07298750122803	-382.33987501228046	49.300650001637365	-78.14597500245607	8.39	127.44662500409343
986	-14.518523803803145	191.00228564563753	-14.518523803803145	191.00228564563753	-257.46638086085005	257.46638086085005	946.6214282281876	315.54047607606265	191.00228564563753	191.00228564563753	-191.00228564563753	-382.00457129127506	191.00228564563753	191.00228564563753	191.00228564563753	257.46638086085	-257.46638086085005	315.54047607606265	124.538190430425	124.538190430425	191.00228564563753	-382.00457129127506	-755.6191425825502	95.50114282281876	-382.00457129127506	382.00457129127506	-315.54047607606265	382.00457129127506	-373.61457129127484	755.6191425825502	-95.50114282281876	-946.6214282281876	124.538190430425	-191.00228564563753	8.39	315.5404760760624
987	-4.903380273776867	75.62056328532094	-4.903380273776867	75.62056328532094	-103.62408438042792	103.62408438042792	369.71281642660483	123.23760547553479	75.62056328532094	75.62056328532094	-75.62056328532094	-151.24112657064188	75.62056328532094	75.62056328532094	75.62056328532094	103.62408438042803	-103.62408438042792	123.23760547553479	47.617042190213965	47.617042190213965	75.62056328532094	-151.24112657064188	-294.0922531412838	37.81028164266047	-151.24112657064188	151.24112657064188	-123.23760547553479	151.24112657064188	-142.85112657064167	294.0922531412838	-37.81028164266047	-369.71281642660483	47.617042190213965	-75.62056328532094	8.39	123.23760547553502
988	-5.140032292386319	78.46038750863431	-5.140032292386319	78.46038750863431	-107.41051667817908	107.41051667817908	383.9119375431717	127.97064584772374	78.46038750863431	78.46038750863431	-78.46038750863431	-156.92077501726862	78.46038750863431	78.46038750863431	78.46038750863431	107.41051667817919	-107.41051667817908	127.97064584772374	49.510258339089546	49.510258339089546	78.46038750863431	-156.92077501726862	-305.45155003453726	39.230193754317156	-156.92077501726862	156.92077501726862	-127.97064584772374	156.92077501726862	-148.5307750172684	305.45155003453726	-39.230193754317156	-383.9119375431717	49.510258339089546	-78.46038750863431	8.39	127.97064584772397
989	-7.364974894531713	105.15969873437972	-7.364974894531713	105.15969873437972	-143.00959831250628	143.00959831250628	517.4084936718987	172.46949789063285	105.15969873437972	105.15969873437972	-105.15969873437972	-210.31939746875943	105.15969873437972	105.15969873437972	105.15969873437972	143.00959831250634	-143.00959831250628	172.46949789063285	67.30979915625313	67.30979915625313	105.15969873437972	-210.31939746875943	-412.2487949375188	52.57984936718986	-210.31939746875943	210.31939746875943	-172.46949789063285	210.31939746875943	-201.92939746875948	412.2487949375188	-52.57984936718986	-517.4084936718987	67.30979915625313	-105.15969873437972	8.39	172.46949789063308
990	-3.191727028836579	55.08072434603792	-3.191727028836579	55.08072434603792	-76.23763246138395	76.23763246138395	267.0136217301896	89.00454057672994	55.08072434603792	55.08072434603792	-55.08072434603792	-110.16144869207584	55.08072434603792	55.08072434603792	55.08072434603792	76.2376324613839	-76.23763246138395	89.00454057672994	33.923816230691884	33.923816230691884	55.08072434603792	-110.16144869207584	-211.93289738415166	27.54036217301896	-110.16144869207584	110.16144869207584	-89.00454057672994	110.16144869207584	-101.77144869207598	211.93289738415166	-27.54036217301896	-267.0136217301896	33.923816230691884	-55.08072434603792	8.39	89.00454057672987
991	-4.7458581379791696	73.73029765574834	-4.7458581379791696	73.73029765574834	-101.10373020766443	101.10373020766443	360.2614882787417	120.08716275958058	73.73029765574833	73.73029765574834	-73.73029765574833	-147.46059531149666	73.73029765574833	73.73029765574834	73.73029765574833	101.10373020766451	-101.10373020766443	120.08716275958056	46.35686510383222	46.35686510383222	73.73029765574833	-147.46059531149666	-286.53119062299334	36.86514882787417	-147.46059531149666	147.46059531149666	-120.08716275958058	147.46059531149666	-139.07059531149653	286.53119062299334	-36.86514882787417	-360.2614882787417	46.35686510383222	-73.73029765574833	8.39	120.08716275958056
992	-6.968641304544292	100.40369565453022	-6.968641304544292	100.40369565453022	-136.66826087270695	136.66826087270695	493.62847827265114	164.54282609088375	100.40369565453022	100.40369565453022	-100.40369565453022	-200.80739130906045	100.40369565453022	100.40369565453022	100.40369565453022	136.66826087270692	-136.66826087270695	164.54282609088375	64.13913043635348	64.13913043635348	100.40369565453022	-200.80739130906045	-393.2247826181209	50.20184782726511	-200.80739130906045	200.80739130906045	-164.54282609088375	200.80739130906045	-192.41739130906035	393.2247826181209	-50.20184782726511	-493.62847827265114	64.13913043635348	-100.40369565453022	8.39	164.54282609088364
993	-4.45764373944661	70.27172487335757	-4.45764373944661	70.27172487335757	-96.49229983114343	96.49229983114343	342.96862436678794	114.32287478892931	70.27172487335757	70.27172487335757	-70.27172487335757	-140.54344974671514	70.27172487335757	70.27172487335757	70.27172487335757	96.49229983114343	-96.49229983114343	114.32287478892931	44.05114991557171	44.05114991557171	70.27172487335757	-140.54344974671514	-272.6968994934303	35.135862436678785	-140.54344974671514	140.54344974671514	-114.32287478892931	140.54344974671514	-132.15344974671484	272.6968994934303	-35.135862436678785	-342.96862436678794	44.05114991557171	-70.27172487335757	8.39	114.3228747889293
994	-4.141968116605116	66.483617399261	-4.141968116605116	66.483617399261	-91.44148986568132	91.44148986568132	324.0280869963051	108.00936233210155	66.483617399261	66.483617399261	-66.483617399261	-132.967234798522	66.483617399261	66.483617399261	66.483617399261	91.44148986568143	-91.44148986568132	108.00936233210155	41.52574493284067	41.52574493284067	66.483617399261	-132.967234798522	-257.544469597044	33.2418086996305	-132.967234798522	132.967234798522	-108.00936233210155	132.967234798522	-124.577234798522	257.544469597044	-33.2418086996305	-324.0280869963051	41.52574493284067	-66.483617399261	8.39	108.00936233210177
995	-7.443578440294797	106.10294128353621	-7.443578440294797	106.10294128353621	-144.26725504471494	144.26725504471494	522.1247064176812	174.04156880589358	106.10294128353621	106.10294128353621	-106.10294128353621	-212.20588256707242	106.10294128353621	106.10294128353621	106.10294128353621	144.26725504471506	-144.26725504471494	174.04156880589358	67.93862752235748	67.93862752235748	106.10294128353621	-212.20588256707242	-416.02176513414486	53.051470641768105	-212.20588256707242	212.20588256707242	-174.04156880589358	212.20588256707242	-203.8158825670722	416.02176513414486	-53.051470641768105	-522.1247064176812	67.93862752235748	-106.10294128353621	8.39	174.0415688058938
996	-4.640633491565666	72.46760189878762	-4.640633491565666	72.46760189878762	-99.42013586505016	99.42013586505016	353.948009493938	117.9826698313127	72.46760189878762	72.46760189878762	-72.46760189878762	-144.93520379757524	72.46760189878762	72.46760189878762	72.46760189878762	99.42013586505004	-99.42013586505016	117.9826698313127	45.515067932525085	45.515067932525085	72.46760189878762	-144.93520379757524	-281.4804075951505	36.23380094939381	-144.93520379757524	144.93520379757524	-117.9826698313127	144.93520379757524	-136.5452037975752	281.4804075951505	-36.23380094939381	-353.948009493938	45.515067932525085	-72.46760189878762	8.39	117.9826698313127
997	-11.176742325263533	150.90090790316094	-11.176742325263533	150.90090790316094	-203.99787720421457	203.99787720421457	746.1145395158047	248.70484650526828	150.90090790316094	150.90090790316094	-150.90090790316094	-301.8018158063219	150.90090790316094	150.90090790316094	150.90090790316094	203.99787720421455	-203.99787720421457	248.70484650526828	97.80393860210731	97.80393860210731	150.90090790316094	-301.8018158063219	-595.2136316126438	75.45045395158047	-301.8018158063219	301.8018158063219	-248.70484650526828	301.8018158063219	-293.4118158063218	595.2136316126438	-75.45045395158047	-746.1145395158047	97.80393860210731	-150.90090790316094	8.39	248.7048465052682
998	-5.035227704441565	77.20273245329759	-5.035227704441565	77.20273245329759	-105.73364327106344	105.73364327106344	377.62366226648805	125.8745540888292	77.20273245329759	77.20273245329759	-77.20273245329759	-154.40546490659517	77.20273245329759	77.20273245329759	77.20273245329759	105.73364327106356	-105.73364327106344	125.8745540888292	48.67182163553173	48.67182163553173	77.20273245329759	-154.40546490659517	-300.42092981319036	38.60136622664879	-154.40546490659517	154.40546490659517	-125.8745540888292	154.40546490659517	-146.01546490659496	300.42092981319036	-38.60136622664879	-377.62366226648805	48.67182163553173	-77.20273245329759	8.39	125.87455408882943
999	-4.7720591801606815	74.04471016192758	-4.7720591801606815	74.04471016192758	-101.5229468825701	101.5229468825701	361.8335508096379	120.61118360321257	74.04471016192758	74.04471016192758	-74.04471016192758	-148.08942032385517	74.04471016192758	74.04471016192758	74.04471016192758	101.52294688257007	-101.5229468825701	120.61118360321257	46.56647344128506	46.56647344128506	74.04471016192758	-148.08942032385517	-287.78884064771034	37.02235508096379	-148.08942032385517	148.08942032385517	-120.61118360321257	148.08942032385517	-139.69942032385507	287.78884064771034	-37.02235508096379	-361.8335508096379	46.56647344128506	-74.04471016192758	8.39	120.6111836032126
