	rxn10158	rxn05312	rxn05318	rJB00240	rxn01639	rxn00615	rxn05209	rxn00148	rxn05466	rxn00250	rxn00134	rxn00102	rxn05559	rxn05298	rxn00374	rxn05581	rxn00251	rxn01642	rxn12604	rxn02085	rxn10165	EX_cpd00182_e	EX_cpd00100_e	EX_cpd00080_e	EX_cpd00067_e	EX_cpd00023_e	EX_cpd00013_e	EX_cpd00009_e	EX_cpd00581_e	ATPM	EX_cpd00047_e	DM_cpd00002_c
0	-325.8020833333332	699.3999999999997	233.13333333333324	325.8020833333332	56.18583333333331	-474.6566666666665	-269.61624999999987	233.13333333333324	-56.18583333333331	233.13333333333324	233.13333333333324	-233.13333333333324	-56.18583333333331	-56.18583333333331	56.18583333333331	474.6566666666665	233.13333333333324	56.18583333333331	56.18583333333331	-56.18583333333331	474.6566666666665	-233.13333333333324	474.6566666666665	-474.6566666666665	-224.7433333333331	56.18583333333331	56.18583333333331	-224.74333333333323	-56.18583333333331	8.39	56.18583333333331	233.13333333333327
1	-394.5518083333334	849.3994000000002	283.13313333333343	394.5518083333334	68.68578333333336	-574.6562666666669	-325.86602500000004	283.13313333333343	-68.68578333333336	283.13313333333343	283.13313333333343	-283.13313333333343	-68.68578333333336	-68.68578333333336	68.68578333333336	574.6562666666669	283.13313333333343	68.68578333333336	68.68578333333336	-68.68578333333336	574.6562666666669	-283.13313333333343	574.6562666666669	-574.6562666666669	-274.7431333333336	68.68578333333336	68.68578333333336	-274.7431333333334	-68.68578333333336	8.39	68.68578333333336	283.13313333333343
2	-257.0523583333332	549.4005999999996	183.1335333333332	257.0523583333332	43.6858833333333	-374.6570666666664	-213.36647499999987	183.1335333333332	-43.6858833333333	183.1335333333332	183.1335333333332	-183.1335333333332	-43.6858833333333	-43.6858833333333	43.6858833333333	374.6570666666664	183.1335333333332	43.6858833333333	43.6858833333333	-43.6858833333333	374.6570666666664	-183.1335333333332	374.6570666666664	-374.6570666666664	-174.74353333333306	43.6858833333333	43.6858833333333	-174.74353333333318	-43.6858833333333	8.39	43.6858833333333	183.13353333333322
3	-428.9954205583335	924.5490994000004	308.1830331333335	428.9954205583335	74.94825828333337	-624.756066266667	-354.0471622750001	308.1830331333335	-74.94825828333337	308.1830331333335	308.1830331333335	-308.1830331333335	-74.94825828333337	-74.94825828333337	74.94825828333337	624.756066266667	308.1830331333335	74.94825828333337	74.94825828333337	-74.94825828333337	624.756066266667	-308.1830331333335	624.756066266667	-624.756066266667	-299.79303313333367	74.94825828333337	74.94825828333337	-299.79303313333344	-74.94825828333337	8.39	74.94825828333337	308.1830331333335
4	-360.24569555833335	774.5496994000001	258.1832331333334	360.24569555833335	62.44830828333335	-524.7564662666667	-297.797387275	258.1832331333334	-62.44830828333335	258.1832331333334	258.1832331333334	-258.1832331333334	-62.44830828333335	-62.44830828333335	62.44830828333335	524.7564662666667	258.1832331333334	62.44830828333335	62.44830828333335	-62.44830828333335	524.7564662666667	-258.1832331333334	524.7564662666667	-524.7564662666667	-249.79323313333336	62.44830828333335	62.44830828333335	-249.7932331333334	-62.44830828333335	8.39	62.44830828333335	258.1832331333334
5	-291.4959705583332	624.5502993999997	208.18343313333324	291.4959705583332	49.948358283333306	-424.7568662666665	-241.54761227499992	208.18343313333324	-49.948358283333306	208.18343313333324	208.18343313333324	-208.18343313333324	-49.948358283333306	-49.948358283333306	49.948358283333306	424.7568662666665	208.18343313333324	49.948358283333306	49.948358283333306	-49.948358283333306	424.7568662666665	-208.18343313333324	424.7568662666665	-424.7568662666665	-199.79343313333325	49.948358283333306	49.948358283333306	-199.79343313333322	-49.948358283333306	8.39	49.948358283333306	208.18343313333327
6	-222.8831961083331	474.84970059999944	158.28323353333315	222.8831961083331	37.47330838333329	-324.9564670666663	-185.4098877249998	158.28323353333315	-37.47330838333329	158.28323353333315	158.28323353333315	-158.28323353333315	-37.47330838333329	-37.47330838333329	37.47330838333329	324.9564670666663	158.28323353333315	37.47330838333329	37.47330838333329	-37.47330838333329	324.9564670666663	-158.28323353333315	324.9564670666663	-324.9564670666663	-149.8932335333331	37.47330838333329	37.47330838333329	-149.89323353333316	-37.47330838333329	8.39	37.47330838333329	158.28323353333315
7	-446.32083360860855	962.3500006006004	320.7833335335335	446.32083360860855	78.09833338338338	-649.956667067067	-368.2225002252252	320.7833335335335	-78.09833338338338	320.7833335335335	320.7833335335335	-320.7833335335335	-78.09833338338338	-78.09833338338338	78.09833338338338	649.956667067067	320.7833335335335	78.09833338338338	78.09833338338338	-78.09833338338338	649.956667067067	-320.7833335335335	649.956667067067	-649.956667067067	-312.39333353353345	78.09833338338338	78.09833338338338	-312.39333353353345	-78.09833338338338	8.39	78.09833338338338	320.7833335335335
8	-343.0583330580582	737.0499993993998	245.68333313313326	343.0583330580582	59.32333328328332	-499.7566662662665	-283.73499977477496	245.68333313313326	-59.32333328328332	245.68333313313326	245.68333313313326	-245.68333313313326	-59.32333328328332	-59.32333328328332	59.32333328328332	499.7566662662665	245.68333313313326	59.32333328328332	59.32333328328332	-59.32333328328332	499.7566662662665	-245.68333313313326	499.7566662662665	-499.7566662662665	-237.29333313313325	59.32333328328332	59.32333328328332	-237.29333313313327	-59.32333328328332	8.39	59.32333328328332	245.68333313313326
9	-274.30860805805804	587.0505993993993	195.6835331331331	274.30860805805804	46.82338328328328	-399.7570662662662	-227.48522477477476	195.6835331331331	-46.82338328328328	195.6835331331331	195.6835331331331	-195.6835331331331	-46.82338328328328	-46.82338328328328	46.82338328328328	399.7570662662662	195.6835331331331	46.82338328328328	46.82338328328328	-46.82338328328328	399.7570662662662	-195.6835331331331	399.7570662662662	-399.7570662662662	-187.29353313313314	46.82338328328328	46.82338328328328	-187.2935331331331	-46.82338328328328	8.39	46.82338328328328	195.6835331331331
10	-411.80805805805863	887.0493993994006	295.68313313313354	411.80805805805863	71.82328328328337	-599.7562662662671	-339.98477477477525	295.68313313313354	-71.82328328328337	295.68313313313354	295.68313313313354	-295.68313313313354	-71.82328328328337	-71.82328328328337	71.82328328328337	599.7562662662671	295.68313313313354	71.82328328328337	71.82328328328337	-71.82328328328337	599.7562662662671	-295.68313313313354	599.7562662662671	-599.7562662662671	-287.29313313313344	71.82328328328337	71.82328328328337	-287.29313313313355	-71.82328328328337	8.39	71.82328328328337	295.68313313313354
11	-377.4330580586086	812.0493994006005	270.6831331335335	377.4330580586086	65.57328328338338	-549.756266267067	-311.8597747752252	270.6831331335335	-65.57328328338338	270.6831331335335	270.6831331335335	-270.6831331335335	-65.57328328338338	-65.57328328338338	65.57328328338338	549.756266267067	270.6831331335335	65.57328328338338	65.57328328338338	-65.57328328338338	549.756266267067	-270.6831331335335	549.756266267067	-549.756266267067	-262.2931331335335	65.57328328338338	65.57328328338338	-262.2931331335335	-65.57328328338338	8.39	65.57328328338338	270.6831331335335
12	-308.6833330586081	662.0499994005996	220.6833331335332	308.6833330586081	53.073333283383306	-449.7566662670664	-255.60999977522482	220.6833331335332	-53.073333283383306	220.6833331335332	220.6833331335332	-220.6833331335332	-53.073333283383306	-53.073333283383306	53.073333283383306	449.7566662670664	220.6833331335332	53.073333283383306	53.073333283383306	-53.073333283383306	449.7566662670664	-220.6833331335332	449.7566662670664	-449.7566662670664	-212.29333313353328	53.073333283383306	53.073333283383306	-212.29333313353322	-53.073333283383306	8.39	53.073333283383306	220.6833331335332
13	-205.76444583360805	437.4997000005993	145.83323333353312	205.76444583360805	34.360808333383275	-300.0564666670663	-171.40363750022476	145.83323333353312	-34.360808333383275	145.83323333353312	145.83323333353312	-145.83323333353312	-34.360808333383275	-34.36080833338329	34.360808333383275	300.0564666670663	145.83323333353312	34.360808333383275	34.360808333383275	-34.360808333383275	300.0564666670663	-145.83323333353312	300.0564666670663	-300.0564666670663	-137.44323333353307	34.36080833338329	34.360808333383275	-137.44323333353304	-34.360808333383275	8.39	34.360808333383275	145.83323333353314
14	-240.0019463830581	512.1997011993996	170.73323373313318	240.0019463830581	40.58580843328329	-349.8564674662664	-199.41613794977482	170.73323373313318	-40.58580843328329	170.73323373313318	170.73323373313318	-170.73323373313318	-40.58580843328329	-40.58580843328329	40.58580843328329	349.8564674662664	170.73323373313318	40.58580843328329	40.58580843328329	-40.58580843328329	349.8564674662664	-170.73323373313318	349.8564674662664	-349.8564674662664	-162.34323373313322	40.58580843328329	40.58580843328329	-162.34323373313316	-40.58580843328329	8.39	40.58580843328329	170.7332337331332
15	-437.6754524965213	943.487350901501	314.4957836338337	437.6754524965213	76.52644590845843	-637.3815672676674	-361.1490065880629	314.4957836338337	-76.52644590845843	314.4957836338337	314.4957836338337	-314.4957836338337	-76.52644590845843	-76.52644590845843	76.52644590845843	637.3815672676674	314.4957836338337	76.52644590845843	76.52644590845843	-76.52644590845843	637.3815672676674	-314.4957836338337	637.3815672676674	-637.3815672676674	-306.10578363383377	76.52644590845843	76.52644590845843	-306.10578363383365	-76.52644590845843	8.39	76.52644590845843	314.4957836338337
16	-403.1971894454207	868.2620496990996	289.42068323303323	403.1971894454207	70.25767080825831	-587.2313664660664	-332.9395186371624	289.42068323303323	-70.25767080825831	289.42068323303323	289.42068323303323	-289.42068323303323	-70.25767080825831	-70.2576708082583	70.25767080825831	587.2313664660664	289.42068323303323	70.25767080825831	70.25767080825831	-70.25767080825831	587.2313664660664	-289.42068323303323	587.2313664660664	-587.2313664660664	-281.0306832330332	70.2576708082583	70.25767080825831	-281.0306832330332	-70.25767080825831	8.39	70.25767080825831	289.42068323303323
17	-334.44746444542034	718.262649699099	239.420883233033	334.44746444542034	57.757720808258256	-487.231766466066	-276.68974363716205	239.420883233033	-57.757720808258256	239.420883233033	239.420883233033	-239.420883233033	-57.757720808258256	-57.757720808258256	57.757720808258256	487.231766466066	239.420883233033	57.757720808258256	57.757720808258256	-57.757720808258256	487.231766466066	-239.420883233033	487.231766466066	-487.231766466066	-231.030883233033	57.757720808258256	57.757720808258256	-231.03088323303302	-57.757720808258256	8.39	57.757720808258256	239.420883233033
18	-454.9662147206958	981.2126502996998	327.0708834332333	454.9662147206958	79.67022085830833	-662.5317668664666	-375.2959938623875	327.0708834332333	-79.67022085830833	327.0708834332333	327.0708834332333	-327.0708834332333	-79.67022085830833	-79.67022085830833	79.67022085830833	662.5317668664666	327.0708834332333	79.67022085830833	79.67022085830833	-79.67022085830833	662.5317668664666	-327.0708834332333	662.5317668664666	-662.5317668664666	-318.68088343323336	79.67022085830833	79.67022085830833	-318.68088343323325	-79.67022085830833	8.39	79.67022085830833	327.0708834332333
19	-265.69773944542027	568.2632496990988	189.42108323303293	265.69773944542027	45.25777080825823	-387.2321664660659	-220.43996863716205	189.42108323303293	-45.25777080825823	189.42108323303293	189.42108323303293	-189.42108323303293	-45.25777080825823	-45.25777080825823	45.25777080825823	387.2321664660659	189.42108323303293	45.25777080825823	45.25777080825823	-45.25777080825823	387.2321664660659	-189.42108323303293	387.2321664660659	-387.2321664660659	-181.0310832330329	45.25777080825823	45.25777080825823	-181.03108323303286	-45.25777080825823	8.39	45.25777080825823	189.42108323303296
20	-420.41892667069646	905.8367490997014	301.9455830332338	420.41892667069646	73.38889575830845	-612.2811660664676	-347.030030912388	301.9455830332338	-73.38889575830845	301.9455830332338	301.9455830332338	-301.9455830332338	-73.38889575830845	-73.38889575830845	73.38889575830845	612.2811660664676	301.9455830332338	73.38889575830845	73.38889575830845	-73.38889575830845	612.2811660664676	-301.9455830332338	612.2811660664676	-612.2811660664676	-293.55558303323375	73.38889575830845	73.38889575830845	-293.5555830332338	-73.38889575830845	8.39	73.38889575830845	301.9455830332338
21	-282.9194766706959	605.8379490997002	201.9459830332334	282.9194766706959	48.388995758308354	-412.2819660664668	-234.53048091238753	201.9459830332334	-48.388995758308354	201.9459830332334	201.9459830332334	-201.9459830332334	-48.388995758308354	-48.388995758308354	48.388995758308354	412.2819660664668	201.9459830332334	48.388995758308354	48.388995758308354	-48.388995758308354	412.2819660664668	-201.9459830332334	412.2819660664668	-412.2819660664668	-193.55598303323347	48.388995758308354	48.388995758308354	-193.55598303323336	-48.388995758308354	8.39	48.388995758308354	201.94598303323338
22	-368.8565641709713	793.3370491003011	264.4456830334337	368.8565641709713	64.01392075835842	-537.2813660668673	-304.84264341261286	264.4456830334337	-64.01392075835842	264.4456830334337	264.4456830334337	-264.4456830334337	-64.01392075835842	-64.01392075835842	64.01392075835842	537.2813660668673	264.4456830334337	64.01392075835842	64.01392075835842	-64.01392075835842	537.2813660668673	-264.4456830334337	537.2813660668673	-537.2813660668673	-256.05568303343375	64.01392075835842	64.01392075835842	-256.05568303343375	-64.01392075835842	8.39	64.01392075835842	264.4456830334337
23	-351.6348269456955	755.7623496996994	251.92078323323312	351.6348269456955	60.882695808308284	-512.2315664664662	-290.75213113738727	251.92078323323312	-60.882695808308284	251.92078323323312	251.92078323323312	-251.92078323323312	-60.882695808308284	-60.882695808308284	60.882695808308284	512.2315664664662	251.92078323323312	60.882695808308284	60.882695808308284	-60.882695808308284	512.2315664664662	-251.92078323323312	512.2315664664662	-512.2315664664662	-243.53078323323325	60.882695808308284	60.882695808308284	-243.53078323323314	-60.882695808308284	8.39	60.882695808308284	251.92078323323312
24	-300.07246444597047	643.2626497002992	214.42088323343307	300.07246444597047	51.50772080835827	-437.23176646686613	-248.5647436376122	214.42088323343307	-51.50772080835827	214.42088323343307	214.42088323343307	-214.42088323343307	-51.50772080835827	-51.50772080835827	51.50772080835827	437.23176646686613	214.42088323343307	51.50772080835827	51.50772080835827	-51.50772080835827	437.23176646686613	-214.42088323343307	437.23176646686613	-437.23176646686613	-206.0308832334331	51.50772080835827	51.50772080835827	-206.0308832334331	-51.50772080835827	8.39	51.50772080835827	214.42088323343307
25	-197.15357722097028	418.7123503002987	139.5707834334329	197.15357722097028	32.79519585835823	-287.5315668668658	-164.35838136261205	139.5707834334329	-32.79519585835823	139.5707834334329	139.5707834334329	-139.5707834334329	-32.79519585835823	-32.79519585835823	32.79519585835823	287.5315668668658	139.5707834334329	32.79519585835823	32.79519585835823	-32.79519585835823	287.5315668668658	-139.5707834334329	287.5315668668658	-287.5315668668658	-131.18078343343282	32.79519585835823	32.79519585835823	-131.1807834334329	-32.79519585835823	8.39	32.79519585835823	139.5707834334329
26	-385.97531444569637	830.6870496997012	276.89568323323374	385.97531444569637	67.12642080830844	-562.1813664664675	-318.84889363738796	276.89568323323374	-67.12642080830844	276.89568323323374	276.89568323323374	-276.89568323323374	-67.12642080830844	-67.12642080830844	67.12642080830844	562.1813664664675	276.89568323323374	67.12642080830844	67.12642080830844	-67.12642080830844	562.1813664664675	-276.89568323323374	562.1813664664675	-562.1813664664675	-268.50568323323375	67.12642080830844	67.12642080830844	-268.50568323323375	-67.12642080830844	8.39	67.12642080830844	276.89568323323374
27	-231.42545249542084	493.4873508991	164.49578363303334	231.42545249542084	39.02644590825834	-337.38156726606667	-192.39900658716252	164.49578363303334	-39.02644590825834	164.49578363303334	164.49578363303334	-164.49578363303334	-39.02644590825834	-39.02644590825834	39.02644590825834	337.38156726606667	164.49578363303334	39.02644590825834	39.02644590825834	-39.02644590825834	337.38156726606667	-164.49578363303334	337.38156726606667	-337.38156726606667	-156.10578363303335	39.02644590825834	39.02644590825834	-156.10578363303335	-39.02644590825834	8.39	39.02644590825834	164.49578363303334
28	-214.3067022206958	456.13735029969985	152.04578343323328	214.3067022206958	35.913945858308324	-312.48156686646655	-178.39275636238747	152.04578343323328	-35.913945858308324	152.04578343323328	152.04578343323328	-152.04578343323328	-35.913945858308324	-35.913945858308324	35.913945858308324	312.48156686646655	152.04578343323328	35.913945858308324	35.913945858308324	-35.913945858308324	312.48156686646655	-152.04578343323328	312.48156686646655	-312.48156686646655	-143.65578343323318	35.913945858308324	35.913945858308324	-143.6557834332333	-35.913945858308324	8.39	35.913945858308324	152.04578343323328
29	-317.22558944569596	680.6876496997004	226.89588323323346	317.22558944569596	54.62647080830837	-462.1817664664669	-262.5991186373876	226.89588323323346	-54.62647080830837	226.89588323323346	226.89588323323346	-226.89588323323346	-54.62647080830837	-54.62647080830837	54.62647080830837	462.1817664664669	226.89588323323346	54.62647080830837	54.62647080830837	-54.62647080830837	462.1817664664669	-226.89588323323346	462.1817664664669	-462.1817664664669	-218.5058832332336	54.62647080830837	54.62647080830837	-218.50588323323348	-54.62647080830837	8.39	54.62647080830837	226.89588323323343
30	-248.5101019462453	530.7629497008988	176.92098323363297	248.5101019462453	42.132745808408245	-362.2319664672659	-206.37735613783704	176.92098323363297	-42.132745808408245	176.92098323363297	176.92098323363297	-176.92098323363297	-42.132745808408245	-42.132745808408245	42.132745808408245	362.2319664672659	176.92098323363297	42.132745808408245	42.132745808408245	-42.132745808408245	362.2319664672659	-176.92098323363297	362.2319664672659	-362.2319664672659	-168.53098323363304	42.132745808408245	42.132745808408245	-168.53098323363292	-42.132745808408245	8.39	42.132745808408245	176.92098323363297
31	-433.32675649548924	933.9992868992492	311.3330956330831	433.32675649548924	75.73577390827077	-631.0561912661661	-357.5909825872185	311.3330956330831	-75.73577390827077	311.3330956330831	311.3330956330831	-311.3330956330831	-75.73577390827077	-75.73577390827077	75.73577390827077	631.0561912661661	311.3330956330831	75.73577390827077	75.73577390827077	-75.73577390827077	631.0561912661661	-311.3330956330831	631.0561912661661	-631.0561912661661	-302.9430956330831	75.73577390827077	75.73577390827077	-302.9430956330831	-75.73577390827077	8.39	75.73577390827077	311.3330956330831
32	-450.63487878354005	971.7624628004511	323.9208209334837	450.63487878354005	78.88270523337093	-656.2316418669674	-371.75217355016906	323.9208209334837	-78.88270523337093	323.9208209334837	323.9208209334837	-323.9208209334837	-78.88270523337093	-78.88270523337093	78.88270523337093	656.2316418669674	323.9208209334837	78.88270523337093	78.88270523337093	-78.88270523337093	656.2316418669674	-323.9208209334837	656.2316418669674	-656.2316418669674	-315.5308209334837	78.88270523337093	78.88270523337093	-315.5308209334837	-78.88270523337093	8.39	78.88270523337093	323.9208209334837
33	-330.1161285082647	708.8124621998503	236.27082073328344	330.1161285082647	56.97020518332086	-480.93164146656693	-273.1459233249438	236.27082073328344	-56.97020518332086	236.27082073328344	236.27082073328344	-236.27082073328344	-56.97020518332086	-56.97020518332086	56.97020518332086	480.93164146656693	236.27082073328344	56.97020518332086	56.97020518332086	-56.97020518332086	480.93164146656693	-236.27082073328344	480.93164146656693	-480.93164146656693	-227.88082073328337	56.97020518332086	56.97020518332086	-227.88082073328337	-56.97020518332086	8.39	56.97020518332086	236.27082073328347
34	-398.86585350826493	858.8118621998508	286.2706207332836	398.86585350826493	69.4701551833209	-580.9312414665671	-329.395698324944	286.2706207332836	-69.4701551833209	286.2706207332836	286.2706207332836	-286.2706207332836	-69.4701551833209	-69.4701551833209	69.4701551833209	580.9312414665671	286.2706207332836	69.4701551833209	69.4701551833209	-69.4701551833209	580.9312414665671	-286.2706207332836	580.9312414665671	-580.9312414665671	-277.88062073328365	69.4701551833209	69.4701551833209	-277.88062073328365	-69.4701551833209	8.39	69.4701551833209	286.2706207332836
35	-261.36640350826445	558.8130621998498	186.27102073328328	261.36640350826445	44.470255183320816	-380.9320414665666	-216.89614832494365	186.27102073328328	-44.470255183320816	186.27102073328328	186.27102073328328	-186.27102073328328	-44.470255183320816	-44.470255183320816	44.470255183320816	380.9320414665666	186.27102073328328	44.470255183320816	44.470255183320816	-44.470255183320816	380.9320414665666	-186.27102073328328	380.9320414665666	-380.9320414665666	-177.88102073328326	44.470255183320816	44.470255183320816	-177.8810207332832	-44.470255183320816	8.39	44.470255183320816	186.2710207332833
36	-441.98949767145285	952.8998131013517	317.6332710337839	441.98949767145285	77.31081775844598	-643.6565420675678	-364.6786799130069	317.6332710337839	-77.31081775844598	317.6332710337839	317.6332710337839	-317.6332710337839	-77.31081775844598	-77.31081775844598	77.31081775844598	643.6565420675678	317.6332710337839	77.31081775844598	77.31081775844598	-77.31081775844598	643.6565420675678	-317.6332710337839	643.6565420675678	-643.6565420675678	-309.24327103378397	77.31081775844598	77.31081775844598	-309.2432710337839	-77.31081775844598	8.39	77.31081775844598	317.6332710337839
37	-364.54251899603975	783.9245869004504	261.3081956334835	364.54251899603975	63.22954890837087	-531.006391266967	-301.3129700876689	261.3081956334835	-63.22954890837087	261.3081956334835	261.3081956334835	-261.3081956334835	-63.22954890837087	-63.22954890837087	63.22954890837087	531.006391266967	261.3081956334835	63.22954890837087	63.22954890837087	-63.22954890837087	531.006391266967	-261.3081956334835	531.006391266967	-531.006391266967	-252.91819563348346	63.22954890837087	63.22954890837087	-252.9181956334835	-63.22954890837087	8.39	63.22954890837087	261.3081956334835
38	-407.494012883127	877.6369371995498	292.5456457331833	407.494012883127	71.03891143329582	-593.4812914663665	-336.4551014498312	292.5456457331833	-71.03891143329582	292.5456457331833	292.5456457331833	-292.5456457331833	-71.03891143329582	-71.03891143329582	71.03891143329582	593.4812914663665	292.5456457331833	71.03891143329582	71.03891143329582	-71.03891143329582	593.4812914663665	-292.5456457331833	593.4812914663665	-593.4812914663665	-284.1556457331833	71.03891143329582	71.03891143329582	-284.1556457331833	-71.03891143329582	8.39	71.03891143329582	292.5456457331833
39	-338.7442878831267	727.6375371995491	242.54584573318303	338.7442878831267	58.53896143329575	-493.4816914663661	-280.2053264498309	242.54584573318303	-58.53896143329575	242.54584573318303	242.54584573318303	-242.54584573318303	-58.53896143329575	-58.53896143329575	58.53896143329575	493.4816914663661	242.54584573318303	58.53896143329575	58.53896143329575	-58.53896143329575	493.4816914663661	-242.54584573318303	493.4816914663661	-493.4816914663661	-234.155845733183	58.53896143329575	58.53896143329575	-234.155845733183	-58.53896143329575	8.39	58.53896143329575	242.54584573318306
40	-278.6054314957644	596.4254868998496	198.8084956332832	278.6054314957644	47.604623908320804	-406.0069912665664	-231.00080758744357	198.8084956332832	-47.604623908320804	198.8084956332832	198.8084956332832	-198.8084956332832	-47.604623908320804	-47.604623908320804	47.604623908320804	406.0069912665664	198.8084956332832	47.604623908320804	47.604623908320804	-47.604623908320804	406.0069912665664	-198.8084956332832	406.0069912665664	-406.0069912665664	-190.4184956332832	47.604623908320804	47.604623908320804	-190.41849563328321	-47.604623908320804	8.39	47.604623908320804	198.8084956332832
41	-416.10488149576486	896.4242868998506	298.80809563328353	416.10488149576486	72.60452390832089	-606.006191266567	-343.500357587444	298.80809563328353	-72.60452390832089	298.80809563328353	298.80809563328353	-298.80809563328353	-72.60452390832089	-72.60452390832089	72.60452390832089	606.006191266567	298.80809563328353	72.60452390832089	72.60452390832089	-72.60452390832089	606.006191266567	-298.80809563328353	606.006191266567	-606.006191266567	-290.41809563328354	72.60452390832089	72.60452390832089	-290.41809563328354	-72.60452390832089	8.39	72.60452390832089	298.80809563328353
42	-459.2630381584021	990.58753780015	330.19584593338334	459.2630381584021	80.45146148334584	-668.7816918667667	-378.81157667505624	330.19584593338334	-80.45146148334584	330.19584593338334	330.19584593338334	-330.19584593338334	-80.45146148334584	-80.45146148334584	80.45146148334584	668.7816918667667	330.19584593338334	80.45146148334584	80.45146148334584	-80.45146148334584	668.7816918667667	-330.19584593338334	668.7816918667667	-668.7816918667667	-321.80584593338347	80.45146148334584	80.45146148334584	-321.80584593338335	-80.45146148334584	8.39	80.45146148334584	330.19584593338334
43	-355.9316503834018	765.1372372001495	255.04574573338314	355.9316503834018	61.66393643334579	-518.4814914667663	-294.267713950056	255.04574573338314	-61.66393643334579	255.04574573338314	255.04574573338314	-255.04574573338314	-61.66393643334579	-61.66393643334579	61.66393643334579	518.4814914667663	255.04574573338314	61.66393643334579	61.66393643334579	-61.66393643334579	518.4814914667663	-255.04574573338314	518.4814914667663	-518.4814914667663	-246.65574573338327	61.66393643334579	61.66393643334579	-246.65574573338313	-61.66393643334579	8.39	61.66393643334579	255.04574573338317
44	-201.45040065867653	428.08723780074877	142.6957459335829	201.45040065867653	33.57643648339573	-293.78149186716587	-167.8739641752808	142.6957459335829	-33.57643648339573	142.6957459335829	142.6957459335829	-142.6957459335829	-33.57643648339573	-33.57643648339573	33.57643648339573	293.78149186716587	142.6957459335829	33.57643648339573	33.57643648339573	-33.57643648339573	293.78149186716587	-142.6957459335829	293.78149186716587	-293.78149186716587	-134.3057459335828	33.57643648339573	33.57643648339573	-134.3057459335829	-33.57643648339573	8.39	33.57643648339573	142.69574593358294
45	-269.9945628831265	577.6381371995489	192.54604573318295	269.9945628831265	46.03901143329574	-393.4820914663659	-223.95555144983075	192.54604573318295	-46.03901143329574	192.54604573318295	192.54604573318295	-192.54604573318295	-46.03901143329574	-46.03901143329574	46.03901143329574	393.4820914663659	192.54604573318295	46.03901143329574	46.03901143329574	-46.03901143329574	393.4820914663659	-192.54604573318295	393.4820914663659	-393.4820914663659	-184.1560457331829	46.03901143329574	46.03901143329574	-184.15604573318296	-46.03901143329574	8.39	46.03901143329574	192.54604573318295
46	-304.36928788367675	652.6375372007493	217.5458457335831	304.36928788367675	52.28896143339577	-443.48169146716623	-252.08032645028098	217.5458457335831	-52.28896143339577	217.5458457335831	217.5458457335831	-217.5458457335831	-52.28896143339577	-52.28896143339577	52.28896143339577	443.48169146716623	217.5458457335831	52.28896143339577	52.28896143339577	-52.28896143339577	443.48169146716623	-217.5458457335831	443.48169146716623	-443.48169146716623	-209.15584573358308	52.28896143339577	52.28896143339577	-209.15584573358308	-52.28896143339577	8.39	52.28896143339577	217.54584573358312
47	-347.33800350798936	746.3874621992494	248.79582073308313	347.33800350798936	60.10145518327079	-505.98164146616625	-287.23654832471857	248.79582073308313	-60.10145518327079	248.79582073308313	248.79582073308313	-248.79582073308313	-60.10145518327079	-60.10145518327079	60.10145518327079	505.98164146616625	248.79582073308313	60.10145518327079	60.10145518327079	-60.10145518327079	505.98164146616625	-248.79582073308313	505.98164146616625	-505.98164146616625	-240.40582073308317	60.10145518327079	60.10145518327079	-240.40582073308315	-60.10145518327079	8.39	60.10145518327079	248.79582073308313
48	-424.69859712062737	915.1742118995506	305.05807063318355	424.69859712062737	74.16701765829589	-618.5061412663671	-350.5315794623315	305.05807063318355	-74.16701765829589	305.05807063318355	305.05807063318355	-305.05807063318355	-74.16701765829589	-74.16701765829589	74.16701765829589	618.5061412663671	305.05807063318355	74.16701765829589	74.16701765829589	-74.16701765829589	618.5061412663671	-305.05807063318355	618.5061412663671	-618.5061412663671	-296.66807063318356	74.16701765829589	74.16701765829589	-296.66807063318356	-74.16701765829589	8.39	74.16701765829589	305.05807063318355
49	-218.5863726706267	465.4748130995491	155.15827103318304	218.5863726706267	36.692067758295764	-318.70654206636607	-181.89430491233094	155.15827103318304	-36.692067758295764	155.15827103318304	155.15827103318304	-155.15827103318304	-36.692067758295764	-36.692067758295764	36.692067758295764	318.70654206636607	155.15827103318304	36.692067758295764	36.692067758295764	-36.692067758295764	318.70654206636607	-155.15827103318304	318.70654206636607	-318.70654206636607	-146.76827103318305	36.692067758295764	36.692067758295764	-146.76827103318305	-36.692067758295764	8.39	36.692067758295764	155.15827103318304
50	-287.199147120627	615.1754118995498	205.05847063318328	287.199147120627	49.16711765829582	-418.50694126636654	-238.0320294623312	205.05847063318328	-49.16711765829582	205.05847063318328	205.05847063318328	-205.05847063318328	-49.16711765829582	-49.16711765829582	49.16711765829582	418.50694126636654	205.05847063318328	49.16711765829582	49.16711765829582	-49.16711765829582	418.50694126636654	-205.05847063318328	418.50694126636654	-418.50694126636654	-196.66847063318323	49.16711765829582	49.16711765829582	-196.66847063318323	-49.16711765829582	8.39	49.16711765829582	205.05847063318325
51	-295.77564100826424	633.8877621998492	211.29592073328308	295.77564100826424	50.72648018332077	-430.98184146656615	-245.04916082494347	211.29592073328308	-50.72648018332077	211.29592073328308	211.29592073328308	-211.29592073328308	-50.72648018332077	-50.72648018332077	50.72648018332077	430.98184146656615	211.29592073328308	50.72648018332077	50.72648018332077	-50.72648018332077	430.98184146656615	-211.29592073328308	430.98184146656615	-430.98184146656615	-202.9059207332832	50.72648018332077	50.72648018332077	-202.9059207332831	-50.72648018332077	8.39	50.72648018332077	211.29592073328308
52	-390.25498489562744	840.0245124995508	280.0081708331836	390.25498489562744	67.9045427082959	-568.4063416663672	-322.3504421873315	280.0081708331836	-67.9045427082959	280.0081708331836	280.0081708331836	-280.0081708331836	-67.9045427082959	-67.9045427082959	67.9045427082959	568.4063416663672	280.0081708331836	67.9045427082959	67.9045427082959	-67.9045427082959	568.4063416663672	-280.0081708331836	568.4063416663672	-568.4063416663672	-271.61817083318357	67.9045427082959	67.9045427082959	-271.6181708331836	-67.9045427082959	8.39	67.9045427082959	280.0081708331836
53	-235.7051229453519	502.82481369894964	167.6082712329832	235.7051229453519	39.80456780824581	-343.6065424659664	-195.9005551371061	167.6082712329832	-39.80456780824581	167.6082712329832	167.6082712329832	-167.6082712329832	-39.80456780824581	-39.80456780824581	39.80456780824581	343.6065424659664	167.6082712329832	39.80456780824581	39.80456780824581	-39.80456780824581	343.6065424659664	-167.6082712329832	343.6065424659664	-343.6065424659664	-159.2182712329832	39.80456780824581	39.80456780824581	-159.21827123298323	-39.80456780824581	8.39	39.80456780824581	167.6082712329832
54	-373.13623462090226	802.6745119001505	267.5581706333835	373.13623462090226	64.79204265834586	-543.506341266767	-308.3441919625564	267.5581706333835	-64.79204265834586	267.5581706333835	267.5581706333835	-267.5581706333835	-64.79204265834586	-64.79204265834586	64.79204265834586	543.506341266767	267.5581706333835	64.79204265834586	64.79204265834586	-64.79204265834586	543.506341266767	-267.5581706333835	543.506341266767	-543.506341266767	-259.1681706333836	64.79204265834586	64.79204265834586	-259.1681706333835	-64.79204265834586	8.39	64.79204265834586	267.5581706333835
55	-192.856753783264	409.3374627998487	136.4458209332829	192.856753783264	32.01395523332072	-281.2816418665658	-160.84279854994327	136.4458209332829	-32.01395523332072	136.4458209332829	136.4458209332829	-136.4458209332829	-32.01395523332072	-32.01395523332073	32.01395523332072	281.2816418665658	136.4458209332829	32.01395523332072	32.01395523332072	-32.01395523332072	281.2816418665658	-136.4458209332829	281.2816418665658	-281.2816418665658	-128.05582093328292	32.01395523332073	32.01395523332072	-128.05582093328292	-32.01395523332072	8.39	32.01395523332072	136.4458209332829
56	-321.505259895627	690.0251124995498	230.00837083318328	321.505259895627	55.40459270829582	-468.40674166636654	-266.10066718733117	230.00837083318328	-55.40459270829582	230.00837083318328	230.00837083318328	-230.00837083318328	-55.40459270829582	-55.40459270829582	55.40459270829582	468.40674166636654	230.00837083318328	55.40459270829582	55.40459270829582	-55.40459270829582	468.40674166636654	-230.00837083318328	468.40674166636654	-468.40674166636654	-221.61837083318323	55.40459270829582	55.40459270829582	-221.61837083318323	-55.40459270829582	8.39	55.40459270829582	230.00837083318325
57	-312.94591899576517	671.3501868998513	223.7833956332838	312.94591899576517	53.84834890832094	-455.9567912665676	-259.09757008744424	223.7833956332838	-53.84834890832094	223.7833956332838	223.7833956332838	-223.7833956332838	-53.84834890832094	-53.84834890832094	53.84834890832094	455.9567912665676	223.7833956332838	53.84834890832094	53.84834890832094	-53.84834890832094	455.9567912665676	-223.7833956332838	455.9567912665676	-455.9567912665676	-215.39339563328375	53.84834890832094	53.84834890832094	-215.39339563328372	-53.84834890832094	8.39	53.84834890832094	223.78339563328382
58	-252.7726878834021	540.0631372001501	180.02104573338337	252.7726878834021	42.90776143334583	-368.4320914667668	-209.8649264500563	180.02104573338337	-42.90776143334583	180.02104573338337	180.02104573338337	-180.02104573338337	-42.90776143334583	-42.90776143334583	42.90776143334583	368.4320914667668	180.02104573338337	42.90776143334583	42.90776143334583	-42.90776143334583	368.4320914667668	-180.02104573338337	368.4320914667668	-368.4320914667668	-171.63104573338342	42.90776143334583	42.90776143334583	-171.6310457333833	-42.90776143334583	8.39	42.90776143334583	180.0210457333834
59	-381.6956439957655	821.3495868998519	273.783195633284	381.6956439957655	66.34829890832098	-555.956391266568	-315.3473450874445	273.783195633284	-66.34829890832098	273.783195633284	273.783195633284	-273.783195633284	-66.34829890832098	-66.34829890832098	66.34829890832098	555.956391266568	273.783195633284	66.34829890832098	66.34829890832098	-66.34829890832098	555.956391266568	-273.783195633284	555.956391266568	-555.956391266568	-265.39319563328377	66.34829890832098	66.34829890832098	-265.393195633284	-66.34829890832098	8.39	66.34829890832098	273.783195633284
60	-227.14578204548988	484.1498880992506	161.38329603308352	227.14578204548988	38.248324008270885	-331.15659206616704	-188.897458037219	161.38329603308352	-38.248324008270885	161.38329603308352	161.38329603308352	-161.38329603308352	-38.248324008270885	-38.248324008270885	38.248324008270885	331.15659206616704	161.38329603308352	38.248324008270885	38.248324008270885	-38.248324008270885	331.15659206616704	-161.38329603308352	331.15659206616704	-331.15659206616704	-152.99329603308354	38.248324008270885	38.248324008270885	-152.99329603308354	-38.248324008270885	8.39	38.248324008270885	161.38329603308352
61	-210.02703177076475	446.7998874998504	148.93329583328347	210.02703177076475	35.13582395832087	-306.2565916665669	-174.8912078124439	148.93329583328347	-35.13582395832087	148.93329583328347	148.93329583328347	-148.93329583328347	-35.13582395832087	-35.13582395832087	35.13582395832087	306.2565916665669	148.93329583328347	35.13582395832087	35.13582395832087	-35.13582395832087	306.2565916665669	-148.93329583328347	306.2565916665669	-306.2565916665669	-140.54329583328354	35.13582395832087	35.13582395832087	-140.54329583328348	-35.13582395832087	8.39	35.13582395832087	148.93329583328347
62	-244.2475160090885	521.4627622016477	173.82092073388256	244.2475160090885	41.35773018347064	-356.03184146776516	-202.88978582561788	173.82092073388256	-41.35773018347064	173.82092073388256	173.82092073388256	-173.82092073388256	-41.35773018347064	-41.35773018347064	41.35773018347064	356.03184146776516	173.82092073388256	41.35773018347064	41.35773018347064	-41.35773018347064	356.03184146776516	-173.82092073388256	356.03184146776516	-356.03184146776516	-165.43092073388254	41.35773018347064	41.35773018347064	-165.43092073388254	-41.35773018347064	8.39	41.35773018347064	173.8209207338826
63	-435.4967558000042	938.7338308363729	312.91127694545764	435.4967558000042	76.13031923636441	-634.2125538909153	-359.3664365636398	312.91127694545764	-76.13031923636441	312.91127694545764	312.91127694545764	-312.91127694545764	-76.13031923636441	-76.13031923636441	76.13031923636441	634.2125538909153	312.91127694545764	76.13031923636441	76.13031923636441	-76.13031923636441	634.2125538909153	-312.91127694545764	634.2125538909153	-634.2125538909153	-304.52127694545766	76.13031923636441	76.13031923636441	-304.52127694545766	-76.13031923636441	8.39	76.13031923636441	312.91127694545764
64	-452.79621541618064	976.478106362576	325.49270212085867	452.79621541618064	79.27567553021466	-659.3754042417173	-373.520539885966	325.49270212085867	-79.27567553021466	325.49270212085867	325.49270212085867	-325.49270212085867	-79.27567553021466	-79.27567553021466	79.27567553021466	659.3754042417173	325.49270212085867	79.27567553021466	79.27567553021466	-79.27567553021466	659.3754042417173	-325.49270212085867	659.3754042417173	-659.3754042417173	-317.10270212085857	79.27567553021466	79.27567553021466	-317.1027021208587	-79.27567553021466	8.39	79.27567553021466	325.49270212085867
65	-263.5277401409052	563.5287057619751	187.84290192065836	263.5277401409052	44.86322548016458	-384.07580384131677	-218.66451466074065	187.84290192065836	-44.86322548016458	187.84290192065836	187.84290192065836	-187.84290192065836	-44.86322548016458	-44.86322548016457	44.86322548016458	384.07580384131677	187.84290192065836	44.86322548016458	44.86322548016458	-44.86322548016458	384.07580384131677	-187.84290192065836	384.07580384131677	-384.07580384131677	-179.4529019206585	44.86322548016457	44.86322548016458	-179.4529019206583	-44.86322548016458	8.39	44.86322548016458	187.8429019206584
66	-401.02719014090576	863.5275057619762	287.8425019206587	401.02719014090576	69.86312548016467	-584.0750038413174	-331.1640646607411	287.8425019206587	-69.86312548016467	287.8425019206587	287.8425019206587	-287.8425019206587	-69.86312548016467	-69.86312548016467	69.86312548016467	584.0750038413174	287.8425019206587	69.86312548016467	69.86312548016467	-69.86312548016467	584.0750038413174	-287.8425019206587	584.0750038413174	-584.0750038413174	-279.45250192065873	69.86312548016467	69.86312548016467	-279.45250192065873	-69.86312548016467	8.39	69.86312548016467	287.8425019206587
67	-431.1567571909742	929.2647429621254	309.75491432070845	431.1567571909742	75.34122858017712	-627.8998286414169	-355.81552861079706	309.75491432070845	-75.34122858017712	309.75491432070845	309.75491432070845	-309.75491432070845	-75.34122858017712	-75.34122858017712	75.34122858017712	627.8998286414169	309.75491432070845	75.34122858017712	75.34122858017712	-75.34122858017712	627.8998286414169	-309.75491432070845	627.8998286414169	-627.8998286414169	-301.3649143207081	75.34122858017712	75.34122858017712	-301.3649143207085	-75.34122858017712	8.39	75.34122858017712	309.75491432070845
68	-332.27746514090535	713.5281057619753	237.84270192065844	332.27746514090535	57.363175480164614	-484.07540384131687	-274.91428966074074	237.84270192065844	-57.363175480164614	237.84270192065844	237.84270192065844	-237.84270192065844	-57.363175480164614	-57.363175480164614	57.363175480164614	484.07540384131687	237.84270192065844	57.363175480164614	57.363175480164614	-57.363175480164614	484.07540384131687	-237.84270192065844	484.07540384131687	-484.07540384131687	-229.45270192065868	57.363175480164614	57.363175480164614	-229.45270192065846	-57.363175480164614	8.39	57.363175480164614	237.84270192065844
69	-444.15083430409356	957.6154566634768	319.2051522211589	444.15083430409356	77.70378805528973	-646.8003044423178	-366.4470462488038	319.2051522211589	-77.70378805528973	319.2051522211589	319.2051522211589	-319.2051522211589	-77.70378805528973	-77.70378805528973	77.70378805528973	646.8003044423178	319.2051522211589	77.70378805528973	77.70378805528973	-77.70378805528973	646.8003044423178	-319.2051522211589	646.8003044423178	-646.8003044423178	-310.815152221159	77.70378805528973	77.70378805528973	-310.815152221159	-77.70378805528973	8.39	77.70378805528973	319.2051522211589
70	-366.69522753833064	788.621405538176	262.87380184605865	366.69522753833064	63.62095046151467	-534.1376036921173	-303.074277076816	262.87380184605865	-63.62095046151467	262.87380184605865	262.87380184605865	-262.87380184605865	-63.62095046151467	-63.62095046151467	63.62095046151467	534.1376036921173	262.87380184605865	63.62095046151467	63.62095046151467	-63.62095046151467	534.1376036921173	-262.87380184605865	534.1376036921173	-534.1376036921173	-254.48380184605867	63.62095046151467	63.62095046151467	-254.48380184605867	-63.62095046151467	8.39	63.62095046151467	262.87380184605865
71	-280.75814003805533	601.1223055375754	200.37410184585846	280.75814003805533	47.99602546146461	-409.13820369171697	-232.7621145765907	200.37410184585846	-47.99602546146461	200.37410184585846	200.37410184585846	-200.37410184585846	-47.99602546146461	-47.99602546146461	47.99602546146461	409.13820369171697	200.37410184585846	47.99602546146461	47.99602546146461	-47.99602546146461	409.13820369171697	-200.37410184585846	409.13820369171697	-409.13820369171697	-191.9841018458584	47.99602546146461	47.99602546146461	-191.9841018458584	-47.99602546146461	8.39	47.99602546146461	200.3741018458585
72	-418.2575900380557	901.1211055375761	300.3737018458587	418.2575900380557	72.99592546146468	-609.1374036917174	-345.261664576591	300.3737018458587	-72.99592546146468	300.3737018458587	300.3737018458587	-300.3737018458587	-72.99592546146468	-72.99592546146468	72.99592546146468	609.1374036917174	300.3737018458587	72.99592546146468	72.99592546146468	-72.99592546146468	609.1374036917174	-300.3737018458587	609.1374036917174	-609.1374036917174	-291.9837018458587	72.99592546146468	72.99592546146468	-291.9837018458587	-72.99592546146468	8.39	72.99592546146468	300.3737018458587
73	-340.89699642541746	732.3343558372745	244.11145194575818	340.89699642541746	58.93036298643955	-496.61290389151634	-281.9666334389779	244.11145194575818	-58.93036298643955	244.11145194575818	244.11145194575818	-244.11145194575818	-58.93036298643955	-58.93036298643955	58.93036298643955	496.61290389151634	244.11145194575818	58.93036298643955	58.93036298643955	-58.93036298643955	496.61290389151634	-244.11145194575818	496.61290389151634	-496.61290389151634	-235.72145194575825	58.93036298643955	58.93036298643955	-235.7214519457582	-58.93036298643955	8.39	58.93036298643955	244.11145194575818
74	-448.4735421508994	967.0468192383258	322.3489397461086	448.4735421508994	78.48973493652716	-653.0878794922172	-369.98380721437223	322.3489397461086	-78.48973493652716	322.3489397461086	322.3489397461086	-322.3489397461086	-78.48973493652716	-78.48973493652716	78.48973493652716	653.0878794922172	322.3489397461086	78.48973493652716	78.48973493652716	-78.48973493652716	653.0878794922172	-322.3489397461086	653.0878794922172	-653.0878794922172	-313.9589397461086	78.48973493652716	78.48973493652716	-313.9589397461086	-78.48973493652716	8.39	78.48973493652716	322.3489397461086
75	-327.9547918756238	704.0968186377247	234.69893954590825	327.9547918756238	56.57723488647706	-477.78787909181654	-271.3775569891468	234.69893954590825	-56.57723488647706	234.69893954590825	234.69893954590825	-234.69893954590825	-56.57723488647706	-56.57723488647706	56.57723488647706	477.78787909181654	234.69893954590825	56.57723488647706	56.57723488647706	-56.57723488647706	477.78787909181654	-234.69893954590825	477.78787909181654	-477.78787909181654	-226.3089395459083	56.57723488647706	56.57723488647706	-226.30893954590817	-56.57723488647706	8.39	56.57723488647706	234.69893954590827
76	-203.60310920096722	432.784056438474	144.261352146158	203.60310920096722	33.967838036539504	-296.912704292316	-169.63527116442773	144.261352146158	-33.967838036539504	144.261352146158	144.261352146158	-144.261352146158	-33.967838036539504	-33.967838036539504	33.967838036539504	296.912704292316	144.261352146158	33.967838036539504	33.967838036539504	-33.967838036539504	296.912704292316	-144.261352146158	296.912704292316	-296.912704292316	-135.871352146158	33.967838036539504	33.967838036539504	-135.87135214615802	-33.967838036539504	8.39	33.967838036539504	144.261352146158
77	-409.64672142541787	882.3337558372754	294.11125194575845	409.64672142541787	71.43031298643962	-596.6125038915169	-338.21640843897825	294.11125194575845	-71.43031298643962	294.11125194575845	294.11125194575845	-294.11125194575845	-71.43031298643962	-71.43031298643962	71.43031298643962	596.6125038915169	294.11125194575845	71.43031298643962	71.43031298643962	-71.43031298643962	596.6125038915169	-294.11125194575845	596.6125038915169	-596.6125038915169	-285.721251945758	71.43031298643962	71.43031298643962	-285.72125194575847	-71.43031298643962	8.39	71.43031298643962	294.11125194575845
78	-461.415746700693	995.2843564378755	331.7614521459585	461.415746700693	80.84286303648963	-671.912904291917	-380.57288366420335	331.7614521459585	-80.84286303648963	331.7614521459585	331.7614521459585	-331.7614521459585	-80.84286303648963	-80.84286303648963	80.84286303648963	671.912904291917	331.7614521459585	80.84286303648963	80.84286303648963	-80.84286303648963	671.912904291917	-331.7614521459585	671.912904291917	-671.912904291917	-323.37145214595853	80.84286303648963	80.84286303648963	-323.37145214595853	-80.84286303648963	8.39	80.84286303648963	331.7614521459585
79	-439.8281610388121	948.1841695392264	316.0613898464088	439.8281610388121	76.91784746160221	-640.5127796928176	-362.9103135772099	316.0613898464088	-76.91784746160221	316.0613898464088	316.0613898464088	-316.0613898464088	-76.91784746160221	-76.91784746160221	76.91784746160221	640.5127796928176	316.0613898464088	76.91784746160221	76.91784746160221	-76.91784746160221	640.5127796928176	-316.0613898464088	640.5127796928176	-640.5127796928176	-307.67138984640894	76.91784746160221	76.91784746160221	-307.67138984640883	-76.91784746160221	8.39	76.91784746160221	316.0613898464088
80	-396.7045168756243	854.0962186377257	284.69873954590855	396.7045168756243	69.07718488647714	-577.7874790918171	-327.62733198914714	284.69873954590855	-69.07718488647714	284.69873954590855	284.69873954590855	-284.69873954590855	-69.07718488647714	-69.07718488647714	69.07718488647714	577.7874790918171	284.69873954590855	69.07718488647714	69.07718488647714	-69.07718488647714	577.7874790918171	-284.69873954590855	577.7874790918171	-577.7874790918171	-276.30873954590845	69.07718488647714	69.07718488647714	-276.30873954590857	-69.07718488647714	8.39	69.07718488647714	284.69873954590855
81	-358.08435892569264	769.8340558378749	256.6113519459583	358.08435892569264	62.055337986489576	-521.6127038919166	-296.02902093920306	256.6113519459583	-62.055337986489576	256.6113519459583	256.6113519459583	-256.6113519459583	-62.055337986489576	-62.055337986489576	62.055337986489576	521.6127038919166	256.6113519459583	62.055337986489576	62.055337986489576	-62.055337986489576	521.6127038919166	-256.6113519459583	521.6127038919166	-521.6127038919166	-248.2213519459583	62.055337986489576	62.055337986489576	-248.2213519459583	-62.055337986489576	8.39	62.055337986489576	256.6113519459583
82	-272.14727142541733	582.3349558372743	194.1116519457581	272.14727142541733	46.43041298643952	-396.61330389151624	-225.71685843897782	194.1116519457581	-46.43041298643952	194.1116519457581	194.1116519457581	-194.1116519457581	-46.43041298643952	-46.43041298643952	46.43041298643952	396.61330389151624	194.1116519457581	46.43041298643952	46.43041298643952	-46.43041298643952	396.61330389151624	-194.1116519457581	396.61330389151624	-396.61330389151624	-185.72165194575808	46.43041298643952	46.43041298643952	-185.72165194575803	-46.43041298643952	8.39	46.43041298643952	194.11165194575813
83	-306.52199642596753	657.3343558384747	219.11145194615824	306.52199642596753	52.68036298653956	-446.61290389231647	-253.84163343942797	219.11145194615824	-52.68036298653956	219.11145194615824	219.11145194615824	-219.11145194615824	-52.68036298653956	-52.68036298653956	52.68036298653956	446.61290389231647	219.11145194615824	52.68036298653956	52.68036298653956	-52.68036298653956	446.61290389231647	-219.11145194615824	446.61290389231647	-446.61290389231647	-210.72145194615823	52.68036298653956	52.68036298653956	-210.72145194615825	-52.68036298653956	8.39	52.68036298653956	219.11145194615824
84	-259.2050668756238	554.0974186377247	184.69913954590822	259.2050668756238	44.07728488647706	-377.78827909181643	-215.1277819891467	184.69913954590822	-44.07728488647706	184.69913954590822	184.69913954590822	-184.69913954590822	-44.07728488647706	-44.07728488647706	44.07728488647706	377.78827909181643	184.69913954590822	44.07728488647706	44.07728488647706	-44.07728488647706	377.78827909181643	-184.69913954590822	377.78827909181643	-377.78827909181643	-176.3091395459082	44.07728488647706	44.07728488647706	-176.30913954590824	-44.07728488647706	8.39	44.07728488647706	184.69913954590822
85	-405.34130434083613	872.9401185618243	290.9800395206081	405.34130434083613	70.64750988015203	-590.3500790412162	-334.6937944606841	290.9800395206081	-70.64750988015203	290.9800395206081	290.9800395206081	-290.9800395206081	-70.64750988015203	-70.64750988015203	70.64750988015203	590.3500790412162	290.9800395206081	70.64750988015203	70.64750988015203	-70.64750988015203	590.3500790412162	-290.9800395206081	590.3500790412162	-590.3500790412162	-282.5900395206081	70.64750988015203	70.64750988015203	-282.5900395206081	-70.64750988015203	8.39	70.64750988015203	290.9800395206081
86	-362.3898104537489	779.2277682627249	259.7425894209083	362.3898104537489	62.83814735522707	-527.8751788418166	-299.55166309852183	259.7425894209083	-62.83814735522707	259.7425894209083	259.7425894209083	-259.7425894209083	-62.83814735522707	-62.83814735522707	62.83814735522707	527.8751788418166	259.7425894209083	62.83814735522707	62.83814735522707	-62.83814735522707	527.8751788418166	-259.7425894209083	527.8751788418166	-527.8751788418166	-251.35258942090826	62.83814735522707	62.83814735522707	-251.35258942090832	-62.83814735522707	8.39	62.83814735522707	259.7425894209083
87	-276.45272295347354	591.7286682621241	197.24288942070802	276.45272295347354	47.213222355177	-402.87577884141604	-229.23950059829653	197.24288942070802	-47.213222355177	197.24288942070802	197.24288942070802	-197.24288942070802	-47.213222355177	-47.213222355177	47.213222355177	402.87577884141604	197.24288942070802	47.213222355177	47.213222355177	-47.213222355177	402.87577884141604	-197.24288942070802	402.87577884141604	-402.87577884141604	-188.852889420708	47.213222355177	47.213222355177	-188.85288942070804	-47.213222355177	8.39	47.213222355177	197.24288942070802
88	-220.7304875660422	470.1528819622739	156.71762732075797	220.7304875660422	37.08190683018949	-321.8252546415159	-183.6485807358527	156.71762732075797	-37.08190683018949	156.71762732075797	156.71762732075797	-156.71762732075797	-37.08190683018949	-37.08190683018949	37.08190683018949	321.8252546415159	156.71762732075797	37.08190683018949	37.08190683018949	-37.08190683018949	321.8252546415159	-156.71762732075797	321.8252546415159	-321.8252546415159	-148.32762732075804	37.08190683018949	37.08190683018949	-148.32762732075798	-37.08190683018949	8.39	37.08190683018949	156.71762732075797
89	-457.1103296161114	985.8907191624248	328.6302397208083	457.1103296161114	80.06005993020207	-665.6504794416165	-377.0502696859093	328.6302397208083	-80.06005993020207	328.6302397208083	328.6302397208083	-328.6302397208083	-80.06005993020207	-80.06005993020207	80.06005993020207	665.6504794416165	328.6302397208083	80.06005993020207	80.06005993020207	-80.06005993020207	665.6504794416165	-328.6302397208083	665.6504794416165	-665.6504794416165	-320.2402397208083	80.06005993020207	80.06005993020207	-320.2402397208083	-80.06005993020207	8.39	80.06005993020207	328.6302397208083
90	-426.84271201604287	919.8522807622754	306.6174269207585	426.84271201604287	74.55685673018962	-621.6248538415169	-352.28585528585324	306.6174269207585	-74.55685673018962	306.6174269207585	306.6174269207585	-306.6174269207585	-74.55685673018962	-74.55685673018962	74.55685673018962	621.6248538415169	306.6174269207585	74.55685673018962	74.55685673018962	-74.55685673018962	621.6248538415169	-306.6174269207585	621.6248538415169	-621.6248538415169	-298.2274269207585	74.55685673018962	74.55685673018962	-298.2274269207585	-74.55685673018962	8.39	74.55685673018962	306.6174269207585
91	-413.95217295347396	891.7274682621251	297.24248942070835	413.95217295347396	72.21312235517709	-602.8749788414167	-341.7390505982969	297.24248942070835	-72.21312235517709	297.24248942070835	297.24248942070835	-297.24248942070835	-72.21312235517709	-72.21312235517709	72.21312235517709	602.8749788414167	297.24248942070835	72.21312235517709	72.21312235517709	-72.21312235517709	602.8749788414167	-297.24248942070835	602.8749788414167	-602.8749788414167	-288.85248942070837	72.21312235517709	72.21312235517709	-288.85248942070837	-72.21312235517709	8.39	72.21312235517709	297.24248942070835
92	-267.84185434083565	572.9413185618233	190.98043952060777	267.84185434083565	45.64760988015195	-390.35087904121553	-222.1942444606837	190.98043952060777	-45.64760988015195	190.98043952060777	190.98043952060777	-190.98043952060777	-45.64760988015195	-45.64760988015195	45.64760988015195	390.35087904121553	190.98043952060777	45.64760988015195	45.64760988015195	-45.64760988015195	390.35087904121553	-190.98043952060777	390.35087904121553	-390.35087904121553	-182.5904395206078	45.64760988015195	45.64760988015195	-182.59043952060776	-45.64760988015195	8.39	45.64760988015195	190.98043952060777
93	-336.5915793408358	722.9407185618236	240.98023952060785	336.5915793408358	58.14755988015196	-490.35047904121575	-278.4440194606838	240.98023952060785	-58.14755988015196	240.98023952060785	240.98023952060785	-240.98023952060785	-58.14755988015196	-58.14755988015196	58.14755988015196	490.35047904121575	240.98023952060785	58.14755988015196	58.14755988015196	-58.14755988015196	490.35047904121575	-240.98023952060785	490.35047904121575	-490.35047904121575	-232.59023952060807	58.14755988015196	58.14755988015196	-232.59023952060784	-58.14755988015196	8.39	58.14755988015196	240.98023952060788
94	-349.48211840340485	751.0655310619742	250.35517702065806	349.48211840340485	60.49129425516452	-509.1003540413161	-288.9908241482404	250.35517702065806	-60.49129425516452	250.35517702065806	250.35517702065806	-250.35517702065806	-60.49129425516452	-60.49129425516452	60.49129425516452	509.1003540413161	250.35517702065806	60.49129425516452	60.49129425516452	-60.49129425516452	509.1003540413161	-250.35517702065806	509.1003540413161	-509.1003540413161	-241.96517702065805	60.49129425516452	60.49129425516452	-241.96517702065807	-60.49129425516452	8.39	60.49129425516452	250.35517702065806
95	-375.28034951631776	807.352580762875	269.11752692095837	375.28034951631776	65.1818817302396	-546.6250538419167	-310.0984677860782	269.11752692095837	-65.1818817302396	269.11752692095837	269.11752692095837	-269.11752692095837	-65.1818817302396	-65.1818817302396	65.1818817302396	546.6250538419167	269.11752692095837	65.1818817302396	65.1818817302396	-65.1818817302396	546.6250538419167	-269.11752692095837	546.6250538419167	-546.6250538419167	-260.7275269209583	65.1818817302396	65.1818817302396	-260.7275269209583	-65.1818817302396	8.39	65.1818817302396	269.11752692095837
96	-392.39909979104283	844.7025813622753	281.5675271207584	392.39909979104283	68.29438178018961	-571.5250542415168	-324.1047180108532	281.5675271207584	-68.29438178018961	281.5675271207584	281.5675271207584	-281.5675271207584	-68.29438178018961	-68.29438178018961	68.29438178018961	571.5250542415168	281.5675271207584	68.29438178018961	68.29438178018961	-68.29438178018961	571.5250542415168	-281.5675271207584	571.5250542415168	-571.5250542415168	-273.17752712075844	68.29438178018961	68.29438178018961	-273.17752712075844	-68.29438178018961	8.39	68.29438178018961	281.5675271207584
97	-199.29769211638566	423.3904191630233	141.13013972100777	199.29769211638566	33.185034930251945	-290.6502794420155	-166.11265718613373	141.13013972100777	-33.185034930251945	141.13013972100777	141.13013972100777	-141.13013972100777	-33.185034930251945	-33.185034930251945	33.185034930251945	290.6502794420155	141.13013972100777	33.185034930251945	33.185034930251945	-33.185034930251945	290.6502794420155	-141.13013972100777	290.6502794420155	-290.6502794420155	-132.74013972100772	33.185034930251945	33.185034930251945	-132.74013972100778	-33.185034930251945	8.39	33.185034930251945	141.13013972100777
98	-302.2165793413859	647.9407185630239	215.98023952100795	302.2165793413859	51.89755988025199	-440.3504790420159	-250.3190194611339	215.98023952100795	-51.89755988025199	215.98023952100795	215.98023952100795	-215.98023952100795	-51.89755988025199	-51.89755988025199	51.89755988025199	440.3504790420159	215.98023952100795	51.89755988025199	51.89755988025199	-51.89755988025199	440.3504790420159	-215.98023952100795	440.3504790420159	-440.3504790420159	-207.59023952100802	51.89755988025199	51.89755988025199	-207.59023952100802	-51.89755988025199	8.39	51.89755988025199	215.98023952100795
99	-353.77894184111096	760.4404185624239	253.480139520808	353.77894184111096	61.272534880202	-515.350279041616	-292.506406960909	253.480139520808	-61.272534880202	253.480139520808	253.480139520808	-253.480139520808	-61.272534880202	-61.272534880202	61.272534880202	515.350279041616	253.480139520808	61.272534880202	61.272534880202	-61.272534880202	515.350279041616	-253.480139520808	515.350279041616	-515.350279041616	-245.090139520808	61.272534880202	61.272534880202	-245.09013952080795	-61.272534880202	8.39	61.272534880202	253.480139520808
100	-297.91975590367963	638.5658310625738	212.85527702085793	297.91975590367963	51.116319255214485	-434.1005540417159	-246.80343664846515	212.85527702085793	-51.116319255214485	212.85527702085793	212.85527702085793	-212.85527702085793	-51.116319255214485	-51.116319255214485	51.116319255214485	434.1005540417159	212.85527702085793	51.116319255214485	51.116319255214485	-51.116319255214485	434.1005540417159	-212.85527702085793	434.1005540417159	-434.1005540417159	-204.46527702085803	51.116319255214485	51.116319255214485	-204.4652770208579	-51.116319255214485	8.39	51.116319255214485	212.85527702085795
101	-195.0008686786794	414.01553166257327	138.00517722085775	195.0008686786794	32.40379430521444	-284.40035444171554	-162.59707437346498	138.00517722085775	-32.40379430521444	138.00517722085775	138.00517722085775	-138.00517722085775	-32.40379430521444	-32.40379430521444	32.40379430521444	284.40035444171554	138.00517722085775	32.40379430521444	32.40379430521444	-32.40379430521444	284.40035444171554	-138.00517722085775	284.40035444171554	-284.40035444171554	-129.61517722085765	32.40379430521444	32.40379430521444	-129.61517722085773	-32.40379430521444	8.39	32.40379430521444	138.00517722085777
102	-289.34326201604233	619.8534807622742	206.61782692075806	289.34326201604233	49.55695673018951	-421.62565384151617	-239.78630528585282	206.61782692075806	-49.55695673018951	206.61782692075806	206.61782692075806	-206.61782692075806	-49.55695673018951	-49.55695673018951	49.55695673018951	421.62565384151617	206.61782692075806	49.55695673018951	49.55695673018951	-49.55695673018951	421.62565384151617	-206.61782692075806	421.62565384151617	-421.62565384151617	-198.22782692075808	49.55695673018951	49.55695673018951	-198.22782692075805	-49.55695673018951	8.39	49.55695673018951	206.6178269207581
103	-237.84923784076733	507.50288256167426	169.16762752055809	237.84923784076733	40.194406880139525	-346.72525504111616	-197.65483096062783	169.16762752055809	-40.194406880139525	169.16762752055809	169.16762752055809	-169.16762752055809	-40.194406880139525	-40.194406880139525	40.194406880139525	346.72525504111616	169.16762752055809	40.194406880139525	40.194406880139525	-40.194406880139525	346.72525504111616	-169.16762752055809	346.72525504111616	-346.72525504111616	-160.77762752055807	40.194406880139525	40.194406880139525	-160.7776275205581	-40.194406880139525	8.39	40.194406880139525	169.16762752055809
104	-323.6493747910424	694.7031813622744	231.56772712075815	323.6493747910424	55.79443178018954	-471.5254542415163	-267.8549430108529	231.56772712075815	-55.79443178018954	231.56772712075815	231.56772712075815	-231.56772712075815	-55.79443178018954	-55.79443178018954	55.79443178018954	471.5254542415163	231.56772712075815	55.79443178018954	55.79443178018954	-55.79443178018954	471.5254542415163	-231.56772712075815	471.5254542415163	-471.5254542415163	-223.1777271207584	55.79443178018954	55.79443178018954	-223.17772712075816	-55.79443178018954	8.39	55.79443178018954	231.56772712075812
105	-383.83119955028087	826.0089808369764	275.3363269456588	383.83119955028087	66.7365817364147	-559.0626538913176	-317.0946178138662	275.3363269456588	-66.7365817364147	275.3363269456588	275.3363269456588	-275.3363269456588	-66.7365817364147	-66.7365817364147	66.7365817364147	559.0626538913176	275.3363269456588	66.7365817364147	66.7365817364147	-66.7365817364147	559.0626538913176	-275.3363269456588	559.0626538913176	-559.0626538913176	-266.9463269456588	66.7365817364147	66.7365817364147	-266.9463269456588	-66.7365817364147	8.39	66.7365817364147	275.3363269456588
106	-293.63152611284886	629.2096933371248	209.73656444570827	293.63152611284886	50.33664111142707	-427.8631288914165	-243.2948850014218	209.73656444570827	-50.33664111142707	209.73656444570827	209.73656444570827	-209.73656444570827	-50.33664111142707	-50.33664111142707	50.33664111142707	427.8631288914165	209.73656444570827	50.33664111142707	50.33664111142707	-50.33664111142707	427.8631288914165	-209.73656444570827	427.8631288914165	-427.8631288914165	-201.34656444570825	50.33664111142707	50.33664111142707	-201.34656444570828	-50.33664111142707	8.39	50.33664111142707	209.73656444570827
107	-345.1938886125739	741.7093933365248	247.2364644455083	345.1938886125739	59.71161611137707	-502.8629288910166	-285.4822725011968	247.2364644455083	-59.71161611137707	247.2364644455083	247.2364644455083	-247.2364644455083	-59.71161611137707	-59.71161611137707	59.71161611137707	502.8629288910166	247.2364644455083	59.71161611137707	59.71161611137707	-59.71161611137707	502.8629288910166	-247.2364644455083	502.8629288910166	-502.8629288910166	-238.84646444550825	59.71161611137707	59.71161611137707	-238.84646444550822	-59.71161611137707	8.39	59.71161611137707	247.23646444550832
108	-285.0550322252115	610.4973430368252	203.4991143456084	285.0550322252115	48.7772785864021	-415.3882286912168	-236.27775363880943	203.4991143456084	-48.7772785864021	203.4991143456084	203.4991143456084	-203.4991143456084	-48.7772785864021	-48.7772785864021	48.7772785864021	415.3882286912168	203.4991143456084	48.7772785864021	48.7772785864021	-48.7772785864021	415.3882286912168	-203.4991143456084	415.3882286912168	-415.3882286912168	-195.10911434560853	48.7772785864021	48.7772785864021	-195.10911434560842	-48.7772785864021	8.39	48.7772785864021	203.4991143456084
109	-388.1108700002121	835.3464436368264	278.4488145456088	388.1108700002121	67.51470363640219	-565.2876290912176	-320.5961663638099	278.4488145456088	-67.51470363640219	278.4488145456088	278.4488145456088	-278.4488145456088	-67.51470363640219	-67.51470363640219	67.51470363640219	565.2876290912176	278.4488145456088	67.51470363640219	67.51470363640219	-67.51470363640219	565.2876290912176	-278.4488145456088	565.2876290912176	-565.2876290912176	-270.0588145456088	67.51470363640219	67.51470363640219	-270.0588145456088	-67.51470363640219	8.39	67.51470363640219	278.4488145456088
110	-254.9082434379177	544.7225311372749	181.5741770457583	254.9082434379177	43.296044261439576	-371.53835409151657	-211.6121991764781	181.5741770457583	-43.296044261439576	181.5741770457583	181.5741770457583	-181.5741770457583	-43.296044261439576	-43.296044261439576	43.296044261439576	371.53835409151657	181.5741770457583	43.296044261439576	43.296044261439576	-43.296044261439576	371.53835409151657	-181.5741770457583	371.53835409151657	-371.53835409151657	-173.1841770457582	43.296044261439576	43.296044261439576	-173.18417704575836	-43.296044261439576	8.39	43.296044261439576	181.5741770457583
111	-233.56100804993648	498.146744836225	166.04891494540834	233.56100804993648	39.41472873635208	-340.48782989081667	-194.1462793135844	166.04891494540834	-39.41472873635208	166.04891494540834	166.04891494540834	-166.04891494540834	-39.41472873635208	-39.41472873635208	39.41472873635208	340.48782989081667	166.04891494540834	39.41472873635208	39.41472873635208	-39.41472873635208	340.48782989081667	-166.04891494540834	340.48782989081667	-340.48782989081667	-157.65891494540836	39.41472873635208	39.41472873635208	-157.65891494540836	-39.41472873635208	8.39	39.41472873635208	166.04891494540834
112	-370.99211972548704	797.9964430374263	265.99881434580874	370.99211972548704	64.40220358645219	-540.3876286916175	-306.58991613903487	265.99881434580874	-64.40220358645219	265.99881434580874	265.99881434580874	-265.99881434580874	-64.40220358645219	-64.40220358645219	64.40220358645219	540.3876286916175	265.99881434580874	64.40220358645219	64.40220358645219	-64.40220358645219	540.3876286916175	-265.99881434580874	540.3876286916175	-540.3876286916175	-257.60881434580875	64.40220358645219	64.40220358645219	-257.6088143458088	-64.40220358645219	8.39	64.40220358645219	265.99881434580874
113	-216.4422577752112	460.7967442368245	153.59891474560817	216.4422577752112	36.302228686402046	-315.5878294912163	-180.14002908880917	153.59891474560817	-36.302228686402046	153.59891474560817	153.59891474560817	-153.59891474560817	-36.302228686402046	-36.302228686402046	36.302228686402046	315.5878294912163	153.59891474560817	36.302228686402046	36.302228686402046	-36.302228686402046	315.5878294912163	-153.59891474560817	315.5878294912163	-315.5878294912163	-145.20891474560815	36.302228686402046	36.302228686402046	-145.20891474560818	-36.302228686402046	8.39	36.302228686402046	153.59891474560817
114	-315.0814745502807	676.009580836976	225.33652694565868	315.0814745502807	54.236631736414665	-459.0630538913174	-260.844842813866	225.33652694565868	-54.236631736414665	225.33652694565868	225.33652694565868	-225.33652694565868	-54.236631736414665	-54.236631736414665	54.236631736414665	459.0630538913174	225.33652694565868	54.236631736414665	54.236631736414665	-54.236631736414665	459.0630538913174	-225.33652694565868	459.0630538913174	-459.0630538913174	-216.9465269456587	54.236631736414665	54.236631736414665	-216.94652694565866	-54.236631736414665	8.39	54.236631736414665	225.3365269456587
115	-212.16258732528036	451.4592814369753	150.48642714565844	212.16258732528036	35.52410678641461	-309.3628542913169	-176.63848053886574	150.48642714565844	-35.52410678641461	150.48642714565844	150.48642714565844	-150.48642714565844	-35.52410678641461	-35.52410678641461	35.52410678641461	309.3628542913169	150.48642714565844	35.52410678641461	35.52410678641461	-35.52410678641461	309.3628542913169	-150.48642714565844	309.3628542913169	-309.3628542913169	-142.0964271456584	35.52410678641461	35.52410678641461	-142.09642714565837	-35.52410678641461	8.39	35.52410678641461	150.48642714565847
116	-319.36114500021154	685.3470436368252	228.4490145456084	319.36114500021154	55.014753636402105	-465.2880290912168	-264.3463913638094	228.4490145456084	-55.014753636402105	228.4490145456084	228.4490145456084	-228.4490145456084	-55.014753636402105	-55.01475363640213	55.014753636402105	465.2880290912168	228.4490145456084	55.014753636402105	55.014753636402105	-55.014753636402105	465.2880290912168	-228.4490145456084	465.2880290912168	-465.2880290912168	-220.05901454560842	55.01475363640213	55.014753636402105	-220.05901454560842	-55.014753636402105	8.39	55.014753636402105	228.4490145456084
117	-229.2813376000054	488.8092820363754	162.93642734545847	229.2813376000054	38.63660683636462	-334.2628546909169	-190.64473076364078	162.93642734545847	-38.63660683636462	162.93642734545847	162.93642734545847	-162.93642734545847	-38.63660683636462	-38.63660683636462	38.63660683636462	334.2628546909169	162.93642734545847	38.63660683636462	38.63660683636462	-38.63660683636462	334.2628546909169	-162.93642734545847	334.2628546909169	-334.2628546909169	-154.54642734545843	38.63660683636462	38.63660683636462	-154.54642734545848	-38.63660683636462	8.39	38.63660683636462	162.93642734545847
118	-422.554482225212	910.4961430368261	303.4987143456087	422.554482225212	73.77717858640217	-615.3874286912173	-348.7773036388098	303.4987143456087	-73.77717858640217	303.4987143456087	303.4987143456087	-303.4987143456087	-73.77717858640217	-73.77717858640217	73.77717858640217	615.3874286912173	303.4987143456087	73.77717858640217	73.77717858640217	-73.77717858640217	615.3874286912173	-303.4987143456087	615.3874286912173	-615.3874286912173	-295.1087143456087	73.77717858640217	73.77717858640217	-295.10871434560875	-73.77717858640217	8.39	73.77717858640217	303.4987143456087
119	-190.71263888784858	404.65939393712415	134.88646464570806	190.71263888784858	31.62411616142701	-278.16292929141616	-159.08852272642156	134.88646464570806	-31.62411616142701	134.88646464570806	134.88646464570806	-134.88646464570806	-31.62411616142701	-31.62411616142701	31.62411616142701	278.16292929141616	134.88646464570806	31.62411616142701	31.62411616142701	-31.62411616142701	278.16292929141616	-134.88646464570806	278.16292929141616	-278.16292929141616	-126.4964646457081	31.62411616142701	31.62411616142701	-126.49646464570799	-31.62411616142701	8.39	31.62411616142701	134.8864646457081
120	-310.81036344124954	666.6907929627263	222.23026432090876	310.81036344124954	53.46006608022719	-452.8505286418175	-257.35029736102234	222.23026432090876	-53.46006608022719	222.23026432090876	222.23026432090876	-222.23026432090876	-53.46006608022719	-53.46006608022719	53.46006608022719	452.8505286418175	222.23026432090876	53.46006608022719	53.46006608022719	-53.46006608022719	452.8505286418175	-222.23026432090876	452.8505286418175	-452.8505286418175	-213.840264320909	53.46006608022719	53.46006608022719	-213.84026432090877	-53.46006608022719	8.39	53.46006608022719	222.23026432090876
121	-246.3745463917298	526.1035557637742	175.36785192125808	246.3745463917298	41.74446298031452	-359.12570384251615	-204.63008341141528	175.36785192125808	-41.74446298031452	175.36785192125808	175.36785192125808	-175.36785192125808	-41.74446298031452	-41.74446298031452	41.74446298031452	359.12570384251615	175.36785192125808	41.74446298031452	41.74446298031452	-41.74446298031452	359.12570384251615	-175.36785192125808	359.12570384251615	-359.12570384251615	-166.97785192125804	41.74446298031452	41.74446298031452	-166.9778519212581	-41.74446298031452	8.39	41.74446298031452	175.36785192125808
122	-379.56008844124983	816.690192962727	272.230064320909	379.56008844124983	65.96001608022725	-552.850128641818	-313.60007236102257	272.230064320909	-65.96001608022725	272.230064320909	272.230064320909	-272.230064320909	-65.96001608022725	-65.96001608022725	65.96001608022725	552.850128641818	272.230064320909	65.96001608022725	65.96001608022725	-65.96001608022725	552.850128641818	-272.230064320909	552.850128641818	-552.850128641818	-263.8400643209088	65.96001608022725	65.96001608022725	-263.84006432090905	-65.96001608022725	8.39	65.96001608022725	272.230064320909
123	-207.89147621624926	442.14049356272574	147.38016452090858	207.89147621624926	34.74754113022715	-303.15032904181714	-173.14393508602214	147.38016452090858	-34.74754113022715	147.38016452090858	147.38016452090858	-147.38016452090858	-34.74754113022715	-34.74754113022715	34.74754113022715	303.15032904181714	147.38016452090858	34.74754113022715	34.74754113022715	-34.74754113022715	303.15032904181714	-147.38016452090858	303.15032904181714	-303.15032904181714	-138.99016452090854	34.74754113022715	34.74754113022715	-138.9901645209086	-34.74754113022715	8.39	34.74754113022715	147.38016452090858
124	-225.01022649097428	479.49049416212574	159.83016472070858	225.01022649097428	37.86004118017715	-328.05032944141715	-187.15018531079713	159.83016472070858	-37.86004118017715	159.83016472070858	159.83016472070858	-159.83016472070858	-37.86004118017715	-37.86004118017715	37.86004118017715	328.05032944141715	159.83016472070858	37.86004118017715	37.86004118017715	-37.86004118017715	328.05032944141715	-159.83016472070858	328.05032944141715	-328.05032944141715	-151.44016472070857	37.86004118017715	37.86004118017715	-151.4401647207086	-37.86004118017715	8.39	37.86004118017715	159.83016472070858
125	-250.63713232888662	535.4037432630254	178.46791442100846	250.63713232888662	42.51947860525212	-365.3258288420169	-208.1176537236345	178.46791442100846	-42.51947860525212	178.46791442100846	178.46791442100846	-178.46791442100846	-42.51947860525212	-42.51947860525212	42.51947860525212	365.3258288420169	178.46791442100846	42.51947860525212	42.51947860525212	-42.51947860525212	365.3258288420169	-178.46791442100846	365.3258288420169	-365.3258288420169	-170.07791442100847	42.51947860525212	42.51947860525212	-170.07791442100847	-42.51947860525212	8.39	42.51947860525212	178.46791442100843
126	-242.12048562644725	516.8219686395213	172.2739895465071	242.12048562644725	40.97099738662678	-352.9379790930142	-201.14948823982047	172.2739895465071	-40.97099738662678	172.2739895465071	172.2739895465071	-172.2739895465071	-40.97099738662678	-40.97099738662678	40.97099738662678	352.9379790930142	172.2739895465071	40.97099738662678	40.97099738662678	-40.97099738662678	352.9379790930142	-172.2739895465071	352.9379790930142	-352.9379790930142	-163.8839895465071	40.97099738662678	40.97099738662678	-163.8839895465071	-40.97099738662678	8.39	40.97099738662678	172.2739895465071
127	-436.58392545156624	941.1058373488719	313.7019457829573	436.58392545156624	76.32798644573933	-635.7938915659146	-360.2559390058269	313.7019457829573	-76.32798644573933	313.7019457829573	313.7019457829573	-313.7019457829573	-76.32798644573933	-76.32798644573933	76.32798644573933	635.7938915659146	313.7019457829573	76.32798644573933	76.32798644573933	-76.32798644573933	635.7938915659146	-313.7019457829573	635.7938915659146	-635.7938915659146	-305.3119457829573	76.32798644573933	76.32798644573933	-305.3119457829573	-76.32798644573933	8.39	76.32798644573933	313.7019457829573
128	-432.2395868439269	931.6272803867496	310.5424267955832	432.2395868439269	75.5381066988958	-629.4748535911664	-356.7014801450311	310.5424267955832	-75.5381066988958	310.5424267955832	310.5424267955832	-310.5424267955832	-75.5381066988958	-75.5381066988958	75.5381066988958	629.4748535911664	310.5424267955832	75.5381066988958	75.5381066988958	-75.5381066988958	629.4748535911664	-310.5424267955832	629.4748535911664	-629.4748535911664	-302.15242679558327	75.5381066988958	75.5381066988958	-302.1524267955832	-75.5381066988958	8.39	75.5381066988958	310.5424267955832
129	-453.87904506913367	978.8406437872007	326.2802145957336	453.87904506913367	79.4725536489334	-660.9504291914672	-374.40649142020027	326.2802145957336	-79.4725536489334	326.2802145957336	326.2802145957336	-326.2802145957336	-79.4725536489334	-79.4725536489334	79.4725536489334	660.9504291914672	326.2802145957336	79.4725536489334	79.4725536489334	-79.4725536489334	660.9504291914672	-326.2802145957336	660.9504291914672	-660.9504291914672	-317.8902145957336	79.4725536489334	79.4725536489334	-317.8902145957336	-79.4725536489334	8.39	79.4725536489334	326.2802145957336
130	-264.6105697938582	565.8912431865997	188.63041439553322	264.6105697938582	45.06010359888331	-385.6508287910665	-219.5504661949749	188.63041439553322	-45.06010359888331	188.63041439553322	188.63041439553322	-188.63041439553322	-45.06010359888331	-45.06010359888331	45.06010359888331	385.6508287910665	188.63041439553322	45.06010359888331	45.06010359888331	-45.06010359888331	385.6508287910665	-188.63041439553322	385.6508287910665	-385.6508287910665	-180.2404143955332	45.06010359888331	45.06010359888331	-180.2404143955332	-45.06010359888331	8.39	45.06010359888331	188.63041439553325
131	-445.2336639570465	959.9779940881015	319.99266469603384	445.2336639570465	77.90066617400846	-648.3753293920677	-367.332997783038	319.99266469603384	-77.90066617400846	319.99266469603384	319.99266469603384	-319.99266469603384	-77.90066617400846	-77.90066617400846	77.90066617400846	648.3753293920677	319.99266469603384	77.90066617400846	77.90066617400846	-77.90066617400846	648.3753293920677	-319.99266469603384	648.3753293920677	-648.3753293920677	-311.60266469603397	77.90066617400846	77.90066617400846	-311.6026646960338	-77.90066617400846	8.39	77.90066617400846	319.99266469603384
132	-434.40958614844226	936.361824323874	312.120608107958	434.40958614844226	75.9326520269895	-632.631216215916	-358.47693412145276	312.120608107958	-75.9326520269895	312.120608107958	312.120608107958	-312.120608107958	-75.9326520269895	-75.9326520269895	75.9326520269895	632.631216215916	312.120608107958	75.9326520269895	75.9326520269895	-75.9326520269895	632.631216215916	-312.120608107958	632.631216215916	-632.631216215916	-303.73060810795795	75.9326520269895	75.9326520269895	-303.730608107958	-75.9326520269895	8.39	75.9326520269895	312.120608107958
133	-333.36029479385843	715.8906431866002	238.6302143955334	333.36029479385843	57.56005359888334	-485.6504287910668	-275.8002411949751	238.6302143955334	-57.56005359888334	238.6302143955334	238.6302143955334	-238.6302143955334	-57.56005359888334	-57.56005359888334	57.56005359888334	485.6504287910668	238.6302143955334	57.56005359888334	57.56005359888334	-57.56005359888334	485.6504287910668	-238.6302143955334	485.6504287910668	-485.6504287910668	-230.24021439553337	57.56005359888334	57.56005359888334	-230.24021439553337	-57.56005359888334	8.39	57.56005359888334	238.63021439553341
134	-402.1100197938586	865.8900431866007	288.6300143955336	402.1100197938586	70.0600035988834	-585.6500287910671	-332.0500161949752	288.6300143955336	-70.0600035988834	288.6300143955336	288.6300143955336	-288.6300143955336	-70.0600035988834	-70.0600035988834	70.0600035988834	585.6500287910671	288.6300143955336	70.0600035988834	70.0600035988834	-70.0600035988834	585.6500287910671	-288.6300143955336	585.6500287910671	-585.6500287910671	-280.2400143955335	70.0600035988834	70.0600035988834	-280.24001439553354	-70.0600035988834	8.39	70.0600035988834	288.6300143955336
135	-410.72522840510527	884.6868619747751	294.89562065825834	410.72522840510527	71.62640516456459	-598.1812413165167	-339.0988232405407	294.89562065825834	-71.62640516456459	294.89562065825834	294.89562065825834	-294.89562065825834	-71.62640516456459	-71.62640516456459	71.62640516456459	598.1812413165167	294.89562065825834	71.62640516456459	71.62640516456459	-71.62640516456459	598.1812413165167	-294.89562065825834	598.1812413165167	-598.1812413165167	-286.50562065825835	71.62640516456459	71.62640516456459	-286.5056206582584	-71.62640516456459	8.39	71.62640516456459	294.89562065825834
136	-331.19463548795244	711.1655683373509	237.05518944578364	331.19463548795244	57.16629736144591	-482.50037889156727	-274.0283381265065	237.05518944578364	-57.16629736144591	237.05518944578364	237.05518944578364	-237.05518944578364	-57.16629736144591	-57.16629736144591	57.16629736144591	482.50037889156727	237.05518944578364	57.16629736144591	57.16629736144591	-57.16629736144591	482.50037889156727	-237.05518944578364	482.50037889156727	-482.50037889156727	-228.66518944578365	57.16629736144591	57.16629736144591	-228.66518944578365	-57.16629736144591	8.39	57.16629736144591	237.05518944578364
137	-262.44491048795237	561.1661683373507	187.05538944578356	262.44491048795237	44.66634736144589	-382.50077889156717	-217.77856312650647	187.05538944578356	-44.66634736144589	187.05538944578356	187.05538944578356	-187.05538944578356	-44.66634736144589	-44.66634736144589	44.66634736144589	382.50077889156717	187.05538944578356	44.66634736144589	44.66634736144589	-44.66634736144589	382.50077889156717	-187.05538944578356	382.50077889156717	-382.50077889156717	-178.6653894457835	44.66634736144589	44.66634736144589	-178.6653894457835	-44.66634736144589	8.39	44.66634736144589	187.0553894457836
138	-329.03329885531167	706.4499247752254	235.48330825840847	329.03329885531167	56.773327064602114	-479.356616516817	-272.2599717907095	235.48330825840847	-56.773327064602114	235.48330825840847	235.48330825840847	-235.48330825840847	-56.773327064602114	-56.773327064602114	56.773327064602114	479.356616516817	235.48330825840847	56.773327064602114	56.773327064602114	-56.773327064602114	479.356616516817	-235.48330825840847	479.356616516817	-479.356616516817	-227.09330825840834	56.773327064602114	56.773327064602114	-227.09330825840846	-56.773327064602114	8.39	56.773327064602114	235.4833082584085
139	-397.7830238553119	856.4493247752258	285.4831082584086	397.7830238553119	69.27327706460215	-579.3562165168172	-328.50974679070976	285.4831082584086	-69.27327706460215	285.4831082584086	285.4831082584086	-285.4831082584086	-69.27327706460215	-69.27327706460215	69.27327706460215	579.3562165168172	285.4831082584086	69.27327706460215	69.27327706460215	-69.27327706460215	579.3562165168172	-285.4831082584086	579.3562165168172	-579.3562165168172	-277.0931082584087	69.27327706460215	69.27327706460215	-277.0931082584086	-69.27327706460215	8.39	69.27327706460215	285.4831082584086
140	-399.9443604879527	861.1649683373514	287.0549894457838	399.9443604879527	69.66624736144594	-582.4999788915676	-330.27811312650675	287.0549894457838	-69.66624736144594	287.0549894457838	287.0549894457838	-287.0549894457838	-69.66624736144594	-69.66624736144594	69.66624736144594	582.4999788915676	287.0549894457838	69.66624736144594	69.66624736144594	-69.66624736144594	582.4999788915676	-287.0549894457838	582.4999788915676	-582.4999788915676	-278.66498944578393	69.66624736144594	69.66624736144594	-278.6649894457838	-69.66624736144594	8.39	69.66624736144594	287.0549894457838
141	-341.9755034051052	734.687461974775	244.89582065825834	341.9755034051052	59.12645516456458	-498.1816413165167	-282.84904824054064	244.89582065825834	-59.12645516456458	244.89582065825834	244.89582065825834	-244.89582065825834	-59.12645516456458	-59.12645516456456	59.12645516456458	498.1816413165167	244.89582065825834	59.12645516456458	59.12645516456458	-59.12645516456458	498.1816413165167	-244.89582065825834	498.1816413165167	-498.1816413165167	-236.50582065825847	59.12645516456456	59.12645516456458	-236.50582065825836	-59.12645516456458	8.39	59.12645516456458	244.89582065825834
142	-204.68161618065508	435.1371625759747	145.04572085865823	204.68161618065508	34.16393021466455	-298.48144171731644	-170.51768596599052	145.04572085865823	-34.16393021466455	145.04572085865823	145.04572085865823	-145.04572085865823	-34.16393021466455	-34.16393021466455	34.16393021466455	298.48144171731644	145.04572085865823	34.16393021466455	34.16393021466455	-34.16393021466455	298.48144171731644	-145.04572085865823	298.48144171731644	-298.48144171731644	-136.65572085865813	34.16393021466455	34.16393021466455	-136.65572085865824	-34.16393021466455	8.39	34.16393021466455	145.04572085865823
143	-440.90666801849983	950.537275676727	316.845758558909	440.90666801849983	77.11393963972723	-642.081517117818	-363.7927283787726	316.845758558909	-77.11393963972723	316.845758558909	316.845758558909	-316.845758558909	-77.11393963972723	-77.11393963972723	77.11393963972723	642.081517117818	316.845758558909	77.11393963972723	77.11393963972723	-77.11393963972723	642.081517117818	-316.845758558909	642.081517117818	-642.081517117818	-308.4557585589091	77.11393963972723	77.11393963972723	-308.455758558909	-77.11393963972723	8.39	77.11393963972723	316.845758558909
144	-419.33609701774344	903.4742116750766	301.1580705583589	419.33609701774344	73.19201763958972	-610.7061411167177	-346.1440793781537	301.1580705583589	-73.19201763958972	301.1580705583589	301.1580705583589	-301.1580705583589	-73.19201763958972	-73.19201763958972	73.19201763958972	610.7061411167177	301.1580705583589	73.19201763958972	73.19201763958972	-73.19201763958972	610.7061411167177	-301.1580705583589	610.7061411167177	-610.7061411167177	-292.7680705583588	73.19201763958972	73.19201763958972	-292.7680705583589	-73.19201763958972	8.39	73.19201763958972	301.1580705583589
145	-449.5520491305871	969.3999253758263	323.1333084586088	449.5520491305871	78.6858271146522	-654.6566169172175	-370.8662220159349	323.1333084586088	-78.6858271146522	323.1333084586088	323.1333084586088	-323.1333084586088	-78.6858271146522	-78.6858271146522	78.6858271146522	654.6566169172175	323.1333084586088	78.6858271146522	78.6858271146522	-78.6858271146522	654.6566169172175	-323.1333084586088	654.6566169172175	-654.6566169172175	-314.7433084586087	78.6858271146522	78.6858271146522	-314.7433084586088	-78.6858271146522	8.39	78.6858271146522	323.1333084586088
146	-359.1628659053804	772.1871619753754	257.39572065845846	359.1628659053804	62.25143016461462	-523.1814413169169	-296.9114357407658	257.39572065845846	-62.25143016461462	257.39572065845846	257.39572065845846	-257.39572065845846	-62.25143016461462	-62.25143016461462	62.25143016461462	523.1814413169169	257.39572065845846	62.25143016461462	62.25143016461462	-62.25143016461462	523.1814413169169	-257.39572065845846	523.1814413169169	-523.1814413169169	-249.00572065845847	62.25143016461462	62.25143016461462	-249.00572065845847	-62.25143016461462	8.39	62.25143016461462	257.39572065845846
147	-367.77373451801844	790.9745116756767	263.6581705585589	367.77373451801844	63.81704263963972	-535.7063411171177	-303.9566918783787	263.6581705585589	-63.81704263963972	263.6581705585589	263.6581705585589	-263.6581705585589	-63.81704263963972	-63.81704263963972	63.81704263963972	535.7063411171177	263.6581705585589	63.81704263963972	63.81704263963972	-63.81704263963972	535.7063411171177	-263.6581705585589	535.7063411171177	-535.7063411171177	-255.26817055855884	63.81704263963972	63.81704263963972	-255.26817055855895	-63.81704263963972	8.39	63.81704263963972	263.6581705585589
148	-281.83664701774296	603.4754116750756	201.15847055835854	281.83664701774296	48.19211763958964	-410.7069411167171	-233.64452937815335	201.15847055835854	-48.19211763958964	201.15847055835854	201.15847055835854	-201.15847055835854	-48.19211763958964	-48.19211763958964	48.19211763958964	410.7069411167171	201.15847055835854	48.19211763958964	48.19211763958964	-48.19211763958964	410.7069411167171	-201.15847055835854	410.7069411167171	-410.7069411167171	-192.76847055835856	48.19211763958964	48.19211763958964	-192.76847055835856	-48.19211763958964	8.39	48.19211763958964	201.15847055835854
149	-260.28357385531154	556.4505247752252	185.4835082584084	260.28357385531154	44.2733770646021	-379.35701651681677	-216.01019679070944	185.4835082584084	-44.2733770646021	185.4835082584084	185.4835082584084	-185.4835082584084	-44.2733770646021	-44.2733770646021	44.2733770646021	379.35701651681677	185.4835082584084	44.2733770646021	44.2733770646021	-44.2733770646021	379.35701651681677	-185.4835082584084	379.35701651681677	-379.35701651681677	-177.0935082584083	44.2733770646021	44.2733770646021	-177.0935082584084	-44.2733770646021	8.39	44.2733770646021	185.4835082584084
150	-462.49425368038067	997.637462575376	332.5458208584587	462.49425368038067	81.03895521461467	-673.4816417169174	-381.455298465766	332.5458208584587	-81.03895521461467	332.5458208584587	332.5458208584587	-332.5458208584587	-81.03895521461467	-81.03895521461467	81.03895521461467	673.4816417169174	332.5458208584587	81.03895521461467	81.03895521461467	-81.03895521461467	673.4816417169174	-332.5458208584587	673.4816417169174	-673.4816417169174	-324.1558208584586	81.03895521461467	81.03895521461467	-324.1558208584587	-81.03895521461467	8.39	81.03895521461467	332.5458208584587
151	-443.0680046511406	955.2529192388522	318.41763974628407	443.0680046511406	77.50690993657102	-645.2252794925681	-365.56109471456955	318.41763974628407	-77.50690993657102	318.41763974628407	318.41763974628407	-318.41763974628407	-77.50690993657102	-77.50690993657102	77.50690993657102	645.2252794925681	318.41763974628407	77.50690993657102	77.50690993657102	-77.50690993657102	645.2252794925681	-318.41763974628407	645.2252794925681	-645.2252794925681	-310.02763974628397	77.50690993657102	77.50690993657102	-310.0276397462841	-77.50690993657102	8.39	77.50690993657102	318.41763974628407
152	-430.07392753802117	926.9022055375008	308.9674018458336	430.07392753802117	75.1443504614584	-626.3248036916672	-354.92957707656274	308.9674018458336	-75.1443504614584	308.9674018458336	308.9674018458336	-308.9674018458336	-75.1443504614584	-75.1443504614584	75.1443504614584	626.3248036916672	308.9674018458336	75.1443504614584	75.1443504614584	-75.1443504614584	626.3248036916672	-308.9674018458336	626.3248036916672	-626.3248036916672	-300.5774018458335	75.1443504614584	75.1443504614584	-300.5774018458336	-75.1443504614584	8.39	75.1443504614584	308.9674018458336
153	-273.22577840510496	584.6880619747745	194.89602065825818	273.22577840510496	46.62650516456455	-398.18204131651635	-226.5992732405404	194.89602065825818	-46.62650516456455	194.89602065825818	194.89602065825818	-194.89602065825818	-46.62650516456455	-46.62650516456455	46.62650516456455	398.18204131651635	194.89602065825818	46.62650516456455	46.62650516456455	-46.62650516456455	398.18204131651635	-194.89602065825818	398.18204131651635	-398.18204131651635	-186.50602065825825	46.62650516456455	46.62650516456455	-186.5060206582582	-46.62650516456455	8.39	46.62650516456455	194.89602065825818
154	-307.6005034056552	659.6874619759751	219.89582065865838	307.6005034056552	52.87645516466459	-448.1816413173168	-254.72404824099064	219.89582065865838	-52.87645516466459	219.89582065865838	219.89582065865838	-219.89582065865838	-52.87645516466459	-52.87645516466459	52.87645516466459	448.1816413173168	219.89582065865838	52.87645516466459	52.87645516466459	-52.87645516466459	448.1816413173168	-219.89582065865838	448.1816413173168	-448.1816413173168	-211.50582065865837	52.87645516466459	52.87645516466459	-211.5058206586583	-52.87645516466459	8.39	52.87645516466459	219.8958206586584
155	-451.7133857632277	974.1155689379514	324.7051896459838	451.7133857632277	79.07879741149594	-657.8003792919676	-372.63458835173174	324.7051896459838	-79.07879741149594	324.7051896459838	324.7051896459838	-324.7051896459838	-79.07879741149594	-79.07879741149594	79.07879741149594	657.8003792919676	324.7051896459838	79.07879741149594	79.07879741149594	-79.07879741149594	657.8003792919676	-324.7051896459838	657.8003792919676	-657.8003792919676	-316.315189645984	79.07879741149594	79.07879741149594	-316.31518964598376	-79.07879741149594	8.39	79.07879741149594	324.7051896459838
156	-279.6796330583676	598.7691994000747	199.58973313335827	279.6796330583676	47.79993328333957	-407.5694662667165	-231.87969977502803	199.58973313335827	-47.79993328333957	199.58973313335827	199.58973313335827	-199.58973313335827	-47.79993328333957	-47.79993328333957	47.79993328333957	407.5694662667165	199.58973313335827	47.79993328333957	47.79993328333957	-47.79993328333957	407.5694662667165	-199.58973313335827	407.5694662667165	-407.5694662667165	-191.19973313335834	47.79993328333957	47.79993328333957	-191.19973313335822	-47.79993328333957	8.39	47.79993328333957	199.58973313335827
157	-354.8531434037142	762.7841310626492	254.26137702088306	354.8531434037142	61.46784425522077	-516.9127540417661	-293.38529914849346	254.26137702088306	-61.46784425522077	254.26137702088306	254.26137702088306	-254.26137702088306	-61.46784425522077	-61.46784425522077	61.46784425522077	516.9127540417661	254.26137702088306	61.46784425522077	61.46784425522077	-61.46784425522077	516.9127540417661	-254.26137702088306	516.9127540417661	-516.9127540417661	-245.87137702088307	61.46784425522077	61.46784425522077	-245.87137702088307	-61.46784425522077	8.39	61.46784425522077	254.26137702088306
158	-339.8184894457298	729.9812496997743	243.3270832332581	339.8184894457298	58.73427080831452	-495.04416646651623	-281.0842186374153	243.3270832332581	-58.73427080831452	243.3270832332581	243.3270832332581	-243.3270832332581	-58.73427080831452	-58.73427080831452	58.73427080831452	495.04416646651623	243.3270832332581	58.73427080831452	58.73427080831452	-58.73427080831452	495.04416646651623	-243.3270832332581	495.04416646651623	-495.04416646651623	-234.93708323325805	58.73427080831452	58.73427080831452	-234.93708323325802	-58.73427080831452	8.39	58.73427080831452	243.32708323325812
159	-363.46401201635206	781.5714807629499	260.5238269209833	363.46401201635206	63.03345673024583	-529.4376538419666	-300.43055528610626	260.5238269209833	-63.03345673024583	260.5238269209833	260.5238269209833	-260.5238269209833	-63.03345673024583	-63.03345673024583	63.03345673024583	529.4376538419666	260.5238269209833	63.03345673024583	63.03345673024583	-63.03345673024583	529.4376538419666	-260.5238269209833	529.4376538419666	-529.4376538419666	-252.13382692098344	63.03345673024583	63.03345673024583	-252.13382692098332	-63.03345673024583	8.39	63.03345673024583	260.5238269209833
160	-277.52692451607663	594.0723807623491	198.02412692078303	277.52692451607663	47.40853173019576	-404.43825384156605	-230.11839278588087	198.02412692078303	-47.40853173019576	198.02412692078303	198.02412692078303	-198.02412692078303	-47.40853173019576	-47.40853173019576	47.40853173019576	404.43825384156605	198.02412692078303	47.40853173019576	47.40853173019576	-47.40853173019576	404.43825384156605	-198.02412692078303	404.43825384156605	-404.43825384156605	-189.6341269207831	47.40853173019576	47.40853173019576	-189.63412692078305	-47.40853173019576	8.39	47.40853173019576	198.02412692078303
161	-221.80468912864535	472.49659446249893	157.49886482083298	221.80468912864535	37.27721620520825	-323.38772964166594	-184.5274729234371	157.49886482083298	-37.27721620520825	157.49886482083298	157.49886482083298	-157.49886482083298	-37.27721620520825	-37.27721620520825	37.27721620520825	323.38772964166594	157.49886482083298	37.27721620520825	37.27721620520825	-37.27721620520825	323.38772964166594	-157.49886482083298	323.38772964166594	-323.38772964166594	-149.10886482083296	37.27721620520825	37.27721620520825	-149.108864820833	-37.27721620520825	8.39	37.27721620520825	157.49886482083298
162	-365.61672055864295	786.2682994006755	262.0894331335585	365.61672055864295	63.424858283389625	-532.568866267117	-302.19186227525336	262.0894331335585	-63.424858283389625	262.0894331335585	262.0894331335585	-262.0894331335585	-63.424858283389625	-63.424858283389625	63.424858283389625	532.568866267117	262.0894331335585	63.424858283389625	63.424858283389625	-63.424858283389625	532.568866267117	-262.0894331335585	532.568866267117	-532.568866267117	-253.6994331335585	63.424858283389625	63.424858283389625	-253.6994331335585	-63.424858283389625	8.39	63.424858283389625	262.0894331335585
163	-350.556319966008	753.4092435621992	251.13641452073307	350.556319966008	60.68660363018327	-510.6628290414661	-289.86971633582476	251.13641452073307	-60.68660363018327	251.13641452073307	251.13641452073307	-251.13641452073307	-60.68660363018327	-60.68660363018327	60.68660363018327	510.6628290414661	251.13641452073307	60.68660363018327	60.68660363018327	-60.68660363018327	510.6628290414661	-251.13641452073307	510.6628290414661	-510.6628290414661	-242.74641452073308	60.68660363018327	60.68660363018327	-242.74641452073308	-60.68660363018327	8.39	60.68660363018327	251.13641452073307
164	-268.91605590343886	575.2850310620483	191.76167702068278	268.91605590343886	45.8429192551707	-391.91335404136555	-223.07313664826816	191.76167702068278	-45.8429192551707	191.76167702068278	191.76167702068278	-191.76167702068278	-45.8429192551707	-45.8429192551707	45.8429192551707	391.91335404136555	191.76167702068278	45.8429192551707	45.8429192551707	-45.8429192551707	391.91335404136555	-191.76167702068278	391.91335404136555	-391.91335404136555	-183.3716770206828	45.8429192551707	45.8429192551707	-183.3716770206828	-45.8429192551707	8.39	45.8429192551707	191.76167702068278
165	-460.3372397210053	992.9312503003753	330.9770834334584	460.3372397210053	80.6467708583646	-670.3441668669168	-379.69046886264067	330.9770834334584	-80.6467708583646	330.9770834334584	330.9770834334584	-330.9770834334584	-80.6467708583646	-80.6467708583646	80.6467708583646	670.3441668669168	330.9770834334584	80.6467708583646	80.6467708583646	-80.6467708583646	670.3441668669168	-330.9770834334584	670.3441668669168	-670.3441668669168	-322.5870834334585	80.6467708583646	80.6467708583646	-322.5870834334585	-80.6467708583646	8.39	80.6467708583646	330.9770834334584
166	-415.02637451607717	894.0711807623502	298.0237269207834	415.02637451607717	72.40843173019584	-604.4374538415668	-342.6179427858813	298.0237269207834	-72.40843173019584	298.0237269207834	298.0237269207834	-298.0237269207834	-72.40843173019584	-72.40843173019584	72.40843173019584	604.4374538415668	298.0237269207834	72.40843173019584	72.40843173019584	-72.40843173019584	604.4374538415668	-298.0237269207834	604.4374538415668	-604.4374538415668	-289.6337269207833	72.40843173019584	72.40843173019584	-289.6337269207834	-72.40843173019584	8.39	72.40843173019584	298.0237269207834
167	-406.41550590343934	875.2838310620496	291.76127702068317	406.41550590343934	70.8428192551708	-591.9125540413663	-335.57268664826853	291.76127702068317	-70.8428192551708	291.76127702068317	291.76127702068317	-291.76127702068317	-70.8428192551708	-70.84281925517081	70.8428192551708	591.9125540413663	291.76127702068317	70.8428192551708	70.8428192551708	-70.8428192551708	591.9125540413663	-291.76127702068317	591.9125540413663	-591.9125540413663	-283.37127702068307	70.84281925517081	70.8428192551708	-283.37127702068324	-70.8428192551708	8.39	70.8428192551708	291.76127702068317
168	-395.6260098959366	851.7431125002254	283.91437083340844	395.6260098959366	68.88109270835211	-576.2187416668169	-326.74491718758446	283.91437083340844	-68.88109270835211	283.91437083340844	283.91437083340844	-283.91437083340844	-68.88109270835211	-68.88109270835213	68.88109270835211	576.2187416668169	283.91437083340844	68.88109270835211	68.88109270835211	-68.88109270835211	576.2187416668169	-283.91437083340844	576.2187416668169	-576.2187416668169	-275.52437083340834	68.88109270835213	68.88109270835211	-275.5243708334085	-68.88109270835211	8.39	68.88109270835211	283.91437083340844
169	-337.665780903439	725.2844310620487	241.76147702068292	337.665780903439	58.34286925517072	-491.9129540413659	-279.32291164826825	241.76147702068292	-58.34286925517072	241.76147702068292	241.76147702068292	-241.76147702068292	-58.34286925517072	-58.34286925517074	58.34286925517072	491.9129540413659	241.76147702068292	58.34286925517072	58.34286925517072	-58.34286925517072	491.9129540413659	-241.76147702068292	491.9129540413659	-491.9129540413659	-233.37147702068293	58.34286925517074	58.34286925517072	-233.37147702068285	-58.34286925517072	8.39	58.34286925517072	241.76147702068295
170	-290.4174635786455	622.1971932624992	207.39906442083307	290.4174635786455	49.752266105208264	-423.1881288416662	-240.66519747343722	207.39906442083307	-49.752266105208264	207.39906442083307	207.39906442083307	-207.39906442083307	-49.752266105208264	-49.752266105208264	49.752266105208264	423.1881288416662	207.39906442083307	49.752266105208264	49.752266105208264	-49.752266105208264	423.1881288416662	-207.39906442083307	423.1881288416662	-423.1881288416662	-199.0090644208332	49.752266105208264	49.752266105208264	-199.00906442083306	-49.752266105208264	8.39	49.752266105208264	207.3990644208331
171	-417.179083058368	898.7679994000756	299.58933313335854	417.179083058368	72.79983328333964	-607.5686662667171	-344.37924977502837	299.58933313335854	-72.79983328333964	299.58933313335854	299.58933313335854	-299.58933313335854	-72.79983328333964	-72.79983328333964	72.79983328333964	607.5686662667171	299.58933313335854	72.79983328333964	72.79983328333964	-72.79983328333964	607.5686662667171	-299.58933313335854	607.5686662667171	-607.5686662667171	-291.1993331333583	72.79983328333964	72.79983328333964	-291.19933313335855	-72.79983328333964	8.39	72.79983328333964	299.58933313335854
172	-408.5682144457302	879.9806496997749	293.3268832332583	408.5682144457302	71.23422080831457	-595.0437664665166	-337.3339936374156	293.3268832332583	-71.23422080831457	293.3268832332583	293.3268832332583	-293.3268832332583	-71.23422080831457	-71.23422080831457	71.23422080831457	595.0437664665166	293.3268832332583	71.23422080831457	71.23422080831457	-71.23422080831457	595.0437664665166	-293.3268832332583	595.0437664665166	-595.0437664665166	-284.9368832332581	71.23422080831457	71.23422080831457	-284.9368832332583	-71.23422080831457	8.39	71.23422080831457	293.3268832332583
173	-305.44348944627984	654.9812497009742	218.32708323365807	305.44348944627984	52.48427080841452	-445.04416646731613	-252.95921863786532	218.32708323365807	-52.48427080841452	218.32708323365807	218.32708323365807	-218.32708323365807	-52.48427080841452	-52.48427080841452	52.48427080841452	445.04416646731613	218.32708323365807	52.48427080841452	52.48427080841452	-52.48427080841452	445.04416646731613	-218.32708323365807	445.04416646731613	-445.04416646731613	-209.9370832336581	52.48427080841452	52.48427080841452	-209.9370832336581	-52.48427080841452	8.39	52.48427080841452	218.32708323365807
174	-458.1845311787145	988.2344316626499	329.4114772208833	458.1845311787145	80.25536930522082	-667.2129544417666	-377.9291618734937	329.4114772208833	-80.25536930522082	329.4114772208833	329.4114772208833	-329.4114772208833	-80.25536930522082	-80.25536930522082	80.25536930522082	667.2129544417666	329.4114772208833	80.25536930522082	80.25536930522082	-80.25536930522082	667.2129544417666	-329.4114772208833	667.2129544417666	-667.2129544417666	-321.0214772208833	80.25536930522082	80.25536930522082	-321.0214772208833	-80.25536930522082	8.39	80.25536930522082	329.4114772208833
175	-447.39503517121165	964.6937131008253	321.56457103360844	447.39503517121165	78.29364275840211	-651.5191420672169	-369.1013924128095	321.56457103360844	-78.29364275840211	321.56457103360844	321.56457103360844	-321.56457103360844	-78.29364275840211	-78.29364275840211	78.29364275840211	651.5191420672169	321.56457103360844	78.29364275840211	78.29364275840211	-78.29364275840211	651.5191420672169	-321.56457103360844	651.5191420672169	-651.5191420672169	-313.17457103360846	78.29364275840211	78.29364275840211	-313.17457103360846	-78.29364275840211	8.39	78.29364275840211	321.56457103360844
176	-438.7496540591245	945.8310634017262	315.2770211339087	438.7496540591245	76.72175528347718	-638.9440422678174	-362.0278987756473	315.2770211339087	-76.72175528347718	315.2770211339087	315.2770211339087	-315.2770211339087	-76.72175528347718	-76.72175528347718	76.72175528347718	638.9440422678174	315.2770211339087	76.72175528347718	76.72175528347718	-76.72175528347718	638.9440422678174	-315.2770211339087	638.9440422678174	-638.9440422678174	-306.8870211339088	76.72175528347718	76.72175528347718	-306.8870211339088	-76.72175528347718	8.39	76.72175528347718	315.2770211339087
177	-427.9169135786461	922.1959932625005	307.3986644208335	427.9169135786461	74.75216610520837	-623.187328841667	-353.1647474734377	307.3986644208335	-74.75216610520837	307.3986644208335	307.3986644208335	-307.3986644208335	-74.75216610520837	-74.75216610520837	74.75216610520837	623.187328841667	307.3986644208335	74.75216610520837	74.75216610520837	-74.75216610520837	623.187328841667	-307.3986644208335	623.187328841667	-623.187328841667	-299.0086644208335	74.75216610520837	74.75216610520837	-299.0086644208335	-74.75216610520837	8.39	74.75216610520837	307.3986644208335
178	-393.47330135364604	847.0462938625003	282.34876462083344	393.47330135364604	68.48969115520836	-573.0875292416669	-324.98361019843765	282.34876462083344	-68.48969115520836	282.34876462083344	282.34876462083344	-282.34876462083344	-68.48969115520836	-68.48969115520836	68.48969115520836	573.0875292416669	282.34876462083344	68.48969115520836	68.48969115520836	-68.48969115520836	573.0875292416669	-282.34876462083344	573.0875292416669	-573.0875292416669	-273.95876462083345	68.48969115520836	68.48969115520836	-273.95876462083345	-68.48969115520836	8.39	68.48969115520836	282.34876462083344
179	-376.35455107892085	809.6962932631	269.8987644210333	376.35455107892085	65.37719110525833	-548.1875288420666	-310.97735997366254	269.8987644210333	-65.37719110525833	269.8987644210333	269.8987644210333	-269.8987644210333	-65.37719110525833	-65.37719110525833	65.37719110525833	548.1875288420666	269.8987644210333	65.37719110525833	65.37719110525833	-65.37719110525833	548.1875288420666	-269.8987644210333	548.1875288420666	-548.1875288420666	-261.50876442103333	65.37719110525833	65.37719110525833	-261.50876442103333	-65.37719110525833	8.39	65.37719110525833	269.8987644210333
180	-326.8762848959362	701.7437125002245	233.9145708334082	326.8762848959362	56.381142708352044	-476.2191416668164	-270.4951421875841	233.9145708334082	-56.381142708352044	233.9145708334082	233.9145708334082	-233.9145708334082	-56.381142708352044	-56.381142708352044	56.381142708352044	476.2191416668164	233.9145708334082	56.381142708352044	56.381142708352044	-56.381142708352044	476.2191416668164	-233.9145708334082	476.2191416668164	-476.2191416668164	-225.52457083340812	56.381142708352044	56.381142708352044	-225.52457083340812	-56.381142708352044	8.39	56.381142708352044	233.91457083340822
181	-271.0687644457296	579.9818496997738	193.32728323325793	271.0687644457296	46.23432080831448	-395.0445664665159	-224.83444363741512	193.32728323325793	-46.23432080831448	193.32728323325793	193.32728323325793	-193.32728323325793	-46.23432080831448	-46.23432080831448	46.23432080831448	395.0445664665159	193.32728323325793	46.23432080831448	46.23432080831448	-46.23432080831448	395.0445664665159	-193.32728323325793	395.0445664665159	-395.0445664665159	-184.93728323325792	46.23432080831448	46.23432080831448	-184.93728323325786	-46.23432080831448	8.39	46.23432080831448	193.32728323325796
182	-202.5246022212795	430.43095030097345	143.4769834336578	202.5246022212795	33.77174585841445	-295.34396686731566	-168.75285636286503	143.4769834336578	-33.77174585841445	143.4769834336578	143.4769834336578	-143.4769834336578	-33.77174585841445	-33.77174585841445	33.77174585841445	295.34396686731566	143.4769834336578	33.77174585841445	33.77174585841445	-33.77174585841445	295.34396686731566	-143.4769834336578	295.34396686731566	-295.34396686731566	-135.08698343365782	33.77174585841445	33.77174585841445	-135.0869834336578	-33.77174585841445	8.39	33.77174585841445	143.47698343365784
183	-196.07507024128242	416.359244162798	138.78641472093267	196.07507024128242	32.59910368023317	-285.9628294418653	-163.47596656104923	138.78641472093267	-32.59910368023317	138.78641472093267	138.78641472093267	-138.78641472093267	-32.59910368023317	-32.59910368023317	32.59910368023317	285.9628294418653	138.78641472093267	32.59910368023317	32.59910368023317	-32.59910368023317	285.9628294418653	-138.78641472093267	285.9628294418653	-285.9628294418653	-130.39641472093265	32.59910368023317	32.59910368023317	-130.39641472093268	-32.59910368023317	8.39	32.59910368023317	138.78641472093267
184	-200.3718936789888	425.7341316632483	141.91137722108277	200.3718936789888	33.3803443052707	-292.21275444216553	-166.9915493737181	141.91137722108277	-33.3803443052707	141.91137722108277	141.91137722108277	-141.91137722108277	-33.3803443052707	-33.3803443052707	33.3803443052707	292.21275444216553	141.91137722108277	33.3803443052707	33.3803443052707	-33.3803443052707	292.21275444216553	-141.91137722108277	292.21275444216553	-292.21275444216553	-133.52137722108273	33.3803443052707	33.3803443052707	-133.5213772210828	-33.3803443052707	8.39	33.3803443052707	141.91137722108277
185	-303.290780903989	650.2844310632488	216.76147702108295	303.290780903989	52.09286925527074	-441.9129540421659	-251.19791164871828	216.76147702108295	-52.09286925527074	216.76147702108295	216.76147702108295	-216.76147702108295	-52.09286925527074	-52.09286925527074	52.09286925527074	441.9129540421659	216.76147702108295	52.09286925527074	52.09286925527074	-52.09286925527074	441.9129540421659	-216.76147702108295	441.9129540421659	-441.9129540421659	-208.37147702108302	52.09286925527074	52.09286925527074	-208.3714770210829	-52.09286925527074	8.39	52.09286925527074	216.76147702108295
186	-357.0058519460049	767.4809497003744	255.82698323345812	357.0058519460049	61.859245808364534	-520.0439664669162	-295.14660613764033	255.82698323345812	-61.859245808364534	255.82698323345812	255.82698323345812	-255.82698323345812	-61.859245808364534	-61.859245808364534	61.859245808364534	520.0439664669162	255.82698323345812	61.859245808364534	61.859245808364534	-61.859245808364534	520.0439664669162	-255.82698323345812	520.0439664669162	-520.0439664669162	-247.43698323345825	61.859245808364534	61.859245808364534	-247.43698323345814	-61.859245808364534	8.39	61.859245808364534	255.82698323345812
187	-298.9939574662827	640.9095435627987	213.6365145209329	298.9939574662827	51.31162863023323	-435.6630290418658	-247.6823288360495	213.6365145209329	-51.31162863023323	213.6365145209329	213.6365145209329	-213.6365145209329	-51.31162863023323	-51.31162863023323	51.31162863023323	435.6630290418658	213.6365145209329	51.31162863023323	51.31162863023323	-51.31162863023323	435.6630290418658	-213.6365145209329	435.6630290418658	-435.6630290418658	-205.24651452093295	51.31162863023323	51.31162863023323	-205.24651452093292	-51.31162863023323	8.39	51.31162863023323	213.6365145209329
188	-258.12655989593617	551.7443125002244	183.91477083340814	258.12655989593617	43.88119270835203	-376.2195416668163	-214.24536718758412	183.91477083340814	-43.88119270835203	183.91477083340814	183.91477083340814	-183.91477083340814	-43.88119270835203	-43.88119270835203	43.88119270835203	376.2195416668163	183.91477083340814	43.88119270835203	43.88119270835203	-43.88119270835203	376.2195416668163	-183.91477083340814	376.2195416668163	-376.2195416668163	-175.52477083340807	43.88119270835203	43.88119270835203	-175.52477083340807	-43.88119270835203	8.39	43.88119270835203	183.91477083340817
189	-238.92343940337042	509.8465950618991	169.94886502063304	238.92343940337042	40.38971625515826	-348.28773004126606	-198.53372314821218	169.94886502063304	-40.38971625515826	169.94886502063304	169.94886502063304	-169.94886502063304	-40.38971625515826	-40.38971625515826	40.38971625515826	348.28773004126606	169.94886502063304	40.38971625515826	40.38971625515826	-40.38971625515826	348.28773004126606	-169.94886502063304	348.28773004126606	-348.28773004126606	-161.55886502063305	40.38971625515826	40.38971625515826	-161.55886502063305	-40.38971625515826	8.39	40.38971625515826	169.94886502063304
190	-324.7235763536455	697.0468938624992	232.3489646208331	324.7235763536455	55.98974115520828	-473.0879292416662	-268.73383519843725	232.3489646208331	-55.98974115520828	232.3489646208331	232.3489646208331	-232.3489646208331	-55.98974115520828	-55.98974115520828	55.98974115520828	473.0879292416662	232.3489646208331	55.98974115520828	55.98974115520828	-55.98974115520828	473.0879292416662	-232.3489646208331	473.0879292416662	-473.0879292416662	-223.95896462083306	55.98974115520828	55.98974115520828	-223.95896462083306	-55.98974115520828	8.39	55.98974115520828	232.3489646208331
191	-322.5751732284395	692.3594688620498	230.78648962068326	322.5751732284395	55.59912240517082	-469.9629792413665	-266.9760508232687	230.78648962068326	-55.59912240517082	230.78648962068326	230.78648962068326	-230.78648962068326	-55.59912240517082	-55.59912240517082	55.59912240517082	469.9629792413665	230.78648962068326	55.59912240517082	55.59912240517082	-55.59912240517082	469.9629792413665	-230.78648962068326	469.9629792413665	-469.9629792413665	-222.39648962068324	55.59912240517082	55.59912240517082	-222.39648962068327	-55.59912240517082	8.39	55.59912240517082	230.78648962068326
192	-335.5173777782329	720.5970060615991	240.19900202053304	335.5173777782329	57.952250505133264	-488.7880040410661	-277.5651272730996	240.19900202053304	-57.952250505133264	240.19900202053304	240.19900202053304	-240.19900202053304	-57.952250505133264	-57.952250505133264	57.952250505133264	488.7880040410661	240.19900202053304	57.952250505133264	57.952250505133264	-57.952250505133264	488.7880040410661	-240.19900202053304	488.7880040410661	-488.7880040410661	-231.80900202053297	57.952250505133264	57.952250505133264	-231.80900202053306	-57.952250505133264	8.39	57.952250505133264	240.19900202053304
193	-456.03612805350815	983.5470066621995	327.84900222073315	456.03612805350815	79.86475055518329	-664.0880044414663	-376.1713774983249	327.84900222073315	-79.86475055518329	327.84900222073315	327.84900222073315	-327.84900222073315	-79.86475055518329	-79.86475055518329	79.86475055518329	664.0880044414663	327.84900222073315	79.86475055518329	79.86475055518329	-79.86475055518329	664.0880044414663	-327.84900222073315	664.0880044414663	-664.0880044414663	-319.4590022207328	79.86475055518329	79.86475055518329	-319.45900222073317	-79.86475055518329	8.39	79.86475055518329	327.84900222073315
194	-219.6562860034391	467.8091694620489	155.93638982068296	219.6562860034391	36.886597455170744	-320.2627796413659	-182.76968854826833	155.93638982068296	-36.886597455170744	155.93638982068296	155.93638982068296	-155.93638982068296	-36.886597455170744	-36.886597455170744	36.886597455170744	320.2627796413659	155.93638982068296	36.886597455170744	36.886597455170744	-36.886597455170744	320.2627796413659	-155.93638982068296	320.2627796413659	-320.2627796413659	-147.54638982068298	36.886597455170744	36.886597455170744	-147.54638982068298	-36.886597455170744	8.39	36.886597455170744	155.93638982068296
195	-294.7014394456612	631.5440496996246	210.5146832332082	294.7014394456612	50.53117080830205	-429.41936646641636	-244.17026863735916	210.5146832332082	-50.53117080830205	210.5146832332082	210.5146832332082	-210.5146832332082	-50.53117080830205	-50.53117080830205	50.53117080830205	429.41936646641636	210.5146832332082	50.53117080830205	50.53117080830205	-50.53117080830205	429.41936646641636	-210.5146832332082	429.41936646641636	-429.41936646641636	-202.12468323320817	50.53117080830205	50.53117080830205	-202.1246832332082	-50.53117080830205	8.39	50.53117080830205	210.5146832332082
196	-361.31560889114564	776.8840557624997	258.96135192083324	361.31560889114564	62.6428379802083	-526.3127038416665	-298.67277091093734	258.96135192083324	-62.6428379802083	258.96135192083324	258.96135192083324	-258.96135192083324	-62.6428379802083	-62.6428379802083	62.6428379802083	526.3127038416665	258.96135192083324	62.6428379802083	62.6428379802083	-62.6428379802083	526.3127038416665	-258.96135192083324	526.3127038416665	-526.3127038416665	-250.5713519208332	62.6428379802083	62.6428379802083	-250.5713519208332	-62.6428379802083	8.39	62.6428379802083	258.96135192083324
197	-348.40791684080165	748.7218185617492	249.57393952058305	348.40791684080165	60.29598488014576	-507.5378790411661	-288.1119319606559	249.57393952058305	-60.29598488014576	249.57393952058305	249.57393952058305	-249.57393952058305	-60.29598488014576	-60.29598488014574	60.29598488014576	507.5378790411661	249.57393952058305	60.29598488014576	60.29598488014576	-60.29598488014576	507.5378790411661	-249.57393952058305	507.5378790411661	-507.5378790411661	-241.18393952058318	60.29598488014574	60.29598488014576	-241.18393952058307	-60.29598488014576	8.39	60.29598488014576	249.57393952058305
198	-425.7685104534396	917.5085682620502	305.8361894206834	425.7685104534396	74.36154735517086	-620.0623788413668	-351.40696309826876	305.8361894206834	-74.36154735517086	305.8361894206834	305.8361894206834	-305.8361894206834	-74.36154735517086	-74.36154735517086	74.36154735517086	620.0623788413668	305.8361894206834	74.36154735517086	74.36154735517086	-74.36154735517086	620.0623788413668	-305.8361894206834	620.0623788413668	-620.0623788413668	-297.4461894206836	74.36154735517086	74.36154735517086	-297.44618942068337	-74.36154735517086	8.39	74.36154735517086	305.8361894206834
199	-404.2671027782329	870.596406061599	290.19880202053304	404.2671027782329	70.45220050513326	-588.7876040410661	-333.8149022730997	290.19880202053304	-70.45220050513326	290.19880202053304	290.19880202053304	-290.19880202053304	-70.45220050513326	-70.45220050513326	70.45220050513326	588.7876040410661	290.19880202053304	70.45220050513326	70.45220050513326	-70.45220050513326	588.7876040410661	-290.19880202053304	588.7876040410661	-588.7876040410661	-281.80880202053316	70.45220050513326	70.45220050513326	-281.808802020533	-70.45220050513326	8.39	70.45220050513326	290.19880202053304
200	-384.9011128830933	828.3433371994762	276.11444573315873	384.9011128830933	66.93111143328967	-560.6188914663175	-317.9700014498036	276.11444573315873	-66.93111143328967	276.11444573315873	276.11444573315873	-276.11444573315873	-66.93111143328967	-66.93111143328967	66.93111143328967	560.6188914663175	276.11444573315873	66.93111143328967	66.93111143328967	-66.93111143328967	560.6188914663175	-276.11444573315873	560.6188914663175	-560.6188914663175	-267.72444573315863	66.93111143328967	66.93111143328967	-267.72444573315875	-66.93111143328967	8.39	66.93111143328967	276.11444573315873
201	-374.20614795371455	805.0088682626499	268.3362894208833	374.20614795371455	64.98657235522083	-545.0625788417666	-309.21957559849375	268.3362894208833	-64.98657235522083	268.3362894208833	268.3362894208833	-268.3362894208833	-64.98657235522083	-64.98657235522083	64.98657235522083	545.0625788417666	268.3362894208833	64.98657235522083	64.98657235522083	-64.98657235522083	545.0625788417666	-268.3362894208833	545.0625788417666	-545.0625788417666	-259.94628942088343	64.98657235522083	64.98657235522083	-259.9462894208833	-64.98657235522083	8.39	64.98657235522083	268.3362894208833
202	-412.8779713908707	889.3837557618997	296.46125192063323	412.8779713908707	72.01781298015831	-601.3125038412664	-340.8601584107124	296.46125192063323	-72.01781298015831	296.46125192063323	296.46125192063323	-296.46125192063323	-72.01781298015831	-72.01781298015831	72.01781298015831	601.3125038412664	296.46125192063323	72.01781298015831	72.01781298015831	-72.01781298015831	601.3125038412664	-296.46125192063323	601.3125038412664	-601.3125038412664	-288.0712519206333	72.01781298015831	72.01781298015831	-288.07125192063324	-72.01781298015831	8.39	72.01781298015831	296.46125192063323
203	-346.2638019453862	744.0437496990246	248.0145832330082	346.2638019453862	59.90614580825205	-504.41916646601646	-286.35765613713414	248.0145832330082	-59.90614580825205	248.0145832330082	248.0145832330082	-248.0145832330082	-59.90614580825205	-59.90614580825205	59.90614580825205	504.41916646601646	248.0145832330082	59.90614580825205	59.90614580825205	-59.90614580825205	504.41916646601646	-248.0145832330082	504.41916646601646	-504.41916646601646	-239.62458323300814	59.90614580825205	59.90614580825205	-239.62458323300814	-59.90614580825205	8.39	59.90614580825205	248.01458323300824
204	-301.1423777787828	645.597006062799	215.199002020933	301.1423777787828	51.70225050523325	-438.788004041866	-249.44012727354956	215.199002020933	-51.70225050523325	215.199002020933	215.199002020933	-215.199002020933	-51.70225050523325	-51.70225050523325	51.70225050523325	438.788004041866	215.199002020933	51.70225050523325	51.70225050523325	-51.70225050523325	438.788004041866	-215.199002020933	438.788004041866	-438.788004041866	-206.80900202093298	51.70225050523325	51.70225050523325	-206.809002020933	-51.70225050523325	8.39	51.70225050523325	215.199002020933
205	-230.3512509328177	491.14363839887494	163.7145461329583	230.3512509328177	38.83113653323957	-335.81909226591665	-191.52011439957812	163.7145461329583	-38.83113653323957	163.7145461329583	163.7145461329583	-163.7145461329583	-38.83113653323957	-38.83113653323957	38.83113653323957	335.81909226591665	163.7145461329583	38.83113653323957	38.83113653323957	-38.83113653323957	335.81909226591665	-163.7145461329583	335.81909226591665	-335.81909226591665	-155.32454613295832	38.83113653323957	38.83113653323957	-155.3245461329583	-38.83113653323957	8.39	38.83113653323957	163.71454613295833
206	-255.97815677073	547.0568874997746	182.3522958332582	255.97815677073	43.490573958314556	-373.0945916665164	-212.48758281241544	182.3522958332582	-43.490573958314556	182.3522958332582	182.3522958332582	-182.3522958332582	-43.490573958314556	-43.490573958314556	43.490573958314556	373.0945916665164	182.3522958332582	43.490573958314556	43.490573958314556	-43.490573958314556	373.0945916665164	-182.3522958332582	373.0945916665164	-373.0945916665164	-173.96229583325828	43.490573958314556	43.490573958314556	-173.96229583325817	-43.490573958314556	8.39	43.490573958314556	182.35229583325818
207	-275.3785213908704	589.384955761899	196.46165192063302	275.3785213908704	47.01791298015826	-401.313303841266	-228.36060841071213	196.46165192063302	-47.01791298015826	196.46165192063302	196.46165192063302	-196.46165192063302	-47.01791298015826	-47.01791298015826	47.01791298015826	401.313303841266	196.46165192063302	47.01791298015826	47.01791298015826	-47.01791298015826	401.313303841266	-196.46165192063302	401.313303841266	-401.313303841266	-188.0716519206331	47.01791298015826	47.01791298015826	-188.07165192063303	-47.01791298015826	8.39	47.01791298015826	196.461651920633
208	-213.23250065809262	453.7936377994748	151.26454593315827	213.23250065809262	35.71863648328957	-310.91909186631653	-177.51386417480305	151.26454593315827	-35.71863648328957	151.26454593315827	151.26454593315827	-151.26454593315827	-35.71863648328957	-35.71863648328957	35.71863648328957	310.91909186631653	151.26454593315827	35.71863648328957	35.71863648328957	-35.71863648328957	310.91909186631653	-151.26454593315827	310.91909186631653	-310.91909186631653	-142.87454593315817	35.71863648328957	35.71863648328957	-142.87454593315826	-35.71863648328957	8.39	35.71863648328957	151.26454593315827
209	-191.78255222066088	406.9937502996237	135.6645834332079	191.78255222066088	31.818645858301977	-279.7191668664158	-159.9639063623589	135.6645834332079	-31.81864585830197	135.6645834332079	135.6645834332079	-135.6645834332079	-31.81864585830197	-31.818645858301977	31.81864585830197	279.7191668664158	135.6645834332079	31.818645858301977	31.818645858301977	-31.818645858301977	279.7191668664158	-135.6645834332079	279.7191668664158	-279.7191668664158	-127.2745834332078	31.818645858301977	31.81864585830197	-127.27458343320788	-31.818645858301977	8.39	31.81864585830197	135.6645834332079
210	-286.12494555802385	612.8316993993249	204.27723313310827	286.12494555802385	48.97180828327707	-416.9444662662165	-237.15313727474677	204.27723313310827	-48.97180828327707	204.27723313310827	204.27723313310827	-204.27723313310827	-48.97180828327707	-48.97180828327707	48.97180828327707	416.9444662662165	204.27723313310827	48.97180828327707	48.97180828327707	-48.97180828327707	416.9444662662165	-204.27723313310827	416.9444662662165	-416.9444662662165	-195.8872331331084	48.97180828327707	48.97180828327707	-195.88723313310834	-48.97180828327707	8.39	48.97180828327707	204.27723313310827
211	-217.51217110802352	463.1311005993241	154.37703353310803	217.51217110802352	36.49675838327701	-317.14406706621605	-181.0154127247465	154.37703353310803	-36.49675838327701	154.37703353310803	154.37703353310803	-154.37703353310803	-36.49675838327701	-36.49675838327701	36.49675838327701	317.14406706621605	154.37703353310803	36.49675838327701	36.49675838327701	-36.49675838327701	317.14406706621605	-154.37703353310803	317.14406706621605	-317.14406706621605	-145.98703353310805	36.49675838327701	36.49675838327701	-145.98703353310805	-36.49675838327701	8.39	36.49675838327701	154.37703353310803
212	-234.63092138274874	500.48110119872456	166.82703373290818	234.63092138274874	39.60925843322705	-342.0440674658164	-195.0216629495217	166.82703373290818	-39.60925843322705	166.82703373290818	166.82703373290818	-166.82703373290818	-39.60925843322705	-39.60925843322705	39.60925843322705	342.0440674658164	166.82703373290818	39.60925843322705	39.60925843322705	-39.60925843322705	342.0440674658164	-166.82703373290818	342.0440674658164	-342.0440674658164	-158.43703373290822	39.60925843322705	39.60925843322705	-158.43703373290816	-39.60925843322705	8.39	39.60925843322705	166.8270337329082
213	-316.151387883093	678.3439371994757	226.11464573315857	316.151387883093	54.431161433289645	-460.6192914663171	-261.72022644980336	226.11464573315857	-54.431161433289645	226.11464573315857	226.11464573315857	-226.11464573315857	-54.431161433289645	-54.431161433289645	54.431161433289645	460.6192914663171	226.11464573315857	54.431161433289645	54.431161433289645	-54.431161433289645	460.6192914663171	-226.11464573315857	460.6192914663171	-460.6192914663171	-217.72464573315855	54.431161433289645	54.431161433289645	-217.72464573315858	-54.431161433289645	8.39	54.431161433289645	226.11464573315857
214	-266.76765277823245	570.5976060615982	190.19920202053274	266.76765277823245	45.45230050513318	-388.7884040410655	-221.31535227309928	190.19920202053274	-45.45230050513318	190.19920202053274	190.19920202053274	-190.19920202053274	-45.45230050513318	-45.45230050513318	45.45230050513318	388.7884040410655	190.19920202053274	45.45230050513318	45.45230050513318	-45.45230050513318	388.7884040410655	-190.19920202053274	388.7884040410655	-388.7884040410655	-181.80920202053275	45.45230050513318	45.45230050513318	-181.80920202053267	-45.45230050513318	8.39	45.45230050513318	190.19920202053277
215	-198.2234905537824	421.04670666279793	140.34890222093264	198.2234905537824	32.989725555233164	-289.0878044418653	-165.23376499854925	140.34890222093264	-32.989725555233164	140.34890222093264	140.34890222093264	-140.34890222093264	-32.989725555233164	-32.989725555233164	32.989725555233164	289.0878044418653	140.34890222093264	32.989725555233164	32.989725555233164	-32.989725555233164	289.0878044418653	-140.34890222093264	289.0878044418653	-289.0878044418653	-131.95890222093269	32.989725555233164	32.989725555233164	-131.95890222093266	-32.989725555233164	8.39	32.989725555233164	140.34890222093264
216	-320.43105833302377	687.6813999993246	229.2271333331082	320.43105833302377	55.20928333327705	-466.8442666662164	-265.22177499974674	229.2271333331082	-55.20928333327705	229.2271333331082	229.2271333331082	-229.2271333331082	-55.20928333327705	-55.20928333327705	55.20928333327705	466.8442666662164	229.2271333331082	55.20928333327705	55.20928333327705	-55.20928333327705	466.8442666662164	-229.2271333331082	466.8442666662164	-466.8442666662164	-220.83713333310845	55.20928333327705	55.20928333327705	-220.83713333310823	-55.20928333327705	8.39	55.20928333327705	229.2271333331082
217	-423.6243955580241	912.8304993993254	304.2768331331085	423.6243955580241	73.97170828327712	-616.943666266217	-349.652687274747	304.2768331331085	-73.97170828327712	304.2768331331085	304.2768331331085	-304.2768331331085	-73.97170828327712	-73.97170828327712	73.97170828327712	616.943666266217	304.2768331331085	73.97170828327712	73.97170828327712	-73.97170828327712	616.943666266217	-304.2768331331085	616.943666266217	-616.943666266217	-295.88683313310867	73.97170828327712	73.97170828327712	-295.88683313310844	-73.97170828327712	8.39	73.97170828327712	304.2768331331085
218	-389.18078333302435	837.6807999993258	279.2269333331086	389.18078333302435	67.70923333327714	-566.8438666662172	-321.4715499997472	279.2269333331086	-67.70923333327714	279.2269333331086	279.2269333331086	-279.2269333331086	-67.70923333327714	-67.70923333327714	67.70923333327714	566.8438666662172	279.2269333331086	67.70923333327714	67.70923333327714	-67.70923333327714	566.8438666662172	-279.2269333331086	566.8438666662172	-566.8438666662172	-270.8369333331087	67.70923333327714	67.70923333327714	-270.8369333331086	-67.70923333327714	8.39	67.70923333327714	279.2269333331086
219	-352.7047402785079	758.0967060621991	252.69890202073304	352.7047402785079	61.07722550518325	-513.7878040414661	-291.62751477332466	252.69890202073304	-61.07722550518325	252.69890202073304	252.69890202073304	-252.69890202073304	-61.07722550518325	-61.07722550518325	61.07722550518325	513.7878040414661	252.69890202073304	61.07722550518325	61.07722550518325	-61.07722550518325	513.7878040414661	-252.69890202073304	513.7878040414661	-513.7878040414661	-244.308902020733	61.07722550518325	61.07722550518325	-244.30890202073306	-61.07722550518325	8.39	61.07722550518325	252.69890202073304
220	-296.84555434107654	636.2221185623488	212.07403952078292	296.84555434107654	50.92100988019573	-432.5380790415659	-245.9245444608808	212.07403952078292	-50.92100988019573	212.07403952078292	212.07403952078292	-212.07403952078292	-50.92100988019573	-50.92100988019573	50.92100988019573	432.5380790415659	212.07403952078292	50.92100988019573	50.92100988019573	-50.92100988019573	432.5380790415659	-212.07403952078292	432.5380790415659	-432.5380790415659	-203.68403952078287	50.92100988019573	50.92100988019573	-203.6840395207829	-50.92100988019573	8.39	50.92100988019573	212.07403952078295
221	-236.7750362781643	505.15917006144934	168.3863900204831	236.7750362781643	39.99909750512077	-345.16278004096625	-196.77593877304352	168.3863900204831	-39.99909750512077	168.3863900204831	168.3863900204831	-168.3863900204831	-39.99909750512077	-39.99909750512077	39.99909750512077	345.16278004096625	168.3863900204831	39.99909750512077	39.99909750512077	-39.99909750512077	345.16278004096625	-168.3863900204831	345.16278004096625	-345.16278004096625	-159.99639002048306	39.99909750512077	39.99909750512077	-159.9963900204831	-39.99909750512077	8.39	39.99909750512077	168.38639002048313
222	-193.9266671160763	411.67181916234824	137.22393972078274	193.9266671160763	32.20848493019569	-282.8378794415655	-161.7181821858806	137.22393972078274	-32.20848493019569	137.22393972078274	137.22393972078274	-137.22393972078274	-32.20848493019569	-32.20848493019569	32.20848493019569	282.8378794415655	137.22393972078274	32.20848493019569	32.20848493019569	-32.20848493019569	282.8378794415655	-137.22393972078274	282.8378794415655	-282.8378794415655	-128.83393972078275	32.20848493019569	32.20848493019569	-128.83393972078272	-32.20848493019569	8.39	32.20848493019569	137.22393972078277
223	-391.3248982284397	842.3588688620503	280.7862896206834	391.3248982284397	68.09907240517086	-569.9625792413668	-323.2258258232688	280.7862896206834	-68.09907240517086	280.7862896206834	280.7862896206834	-280.7862896206834	-68.09907240517086	-68.09907240517086	68.09907240517086	569.9625792413668	280.7862896206834	68.09907240517086	68.09907240517086	-68.09907240517086	569.9625792413668	-280.7862896206834	569.9625792413668	-569.9625792413668	-272.3962896206834	68.09907240517086	68.09907240517086	-272.39628962068343	-68.09907240517086	8.39	68.09907240517086	280.7862896206834
224	-372.0620330582993	800.3307993999258	266.7769331333086	372.0620330582993	64.59673328332715	-541.9438662666172	-307.4652997749721	266.7769331333086	-64.59673328332715	266.7769331333086	266.7769331333086	-266.7769331333086	-64.59673328332715	-64.59673328332715	64.59673328332715	541.9438662666172	266.7769331333086	64.59673328332715	64.59673328332715	-64.59673328332715	541.9438662666172	-266.7769331333086	541.9438662666172	-541.9438662666172	-258.38693313330856	64.59673328332715	64.59673328332715	-258.3869331333086	-64.59673328332715	8.39	64.59673328332715	266.7769331333086
225	-288.2690604534392	617.5097682620492	205.83658942068305	288.2690604534392	49.36164735517076	-420.06317884136615	-238.90741309826845	205.83658942068305	-49.36164735517076	205.83658942068305	205.83658942068305	-205.83658942068305	-49.36164735517076	-49.36164735517076	49.36164735517076	420.06317884136615	205.83658942068305	49.36164735517076	49.36164735517076	-49.36164735517076	420.06317884136615	-205.83658942068305	420.06317884136615	-420.06317884136615	-197.44658942068307	49.36164735517076	49.36164735517076	-197.44658942068304	-49.36164735517076	8.39	49.36164735517076	205.83658942068308
226	-369.92220639267464	795.6620866749265	265.2206955583088	369.92220639267464	64.20767388957721	-538.8313911166176	-305.7145325030974	265.2206955583088	-64.20767388957721	265.2206955583088	265.2206955583088	-265.2206955583088	-64.20767388957721	-64.20767388957721	64.20767388957721	538.8313911166176	265.2206955583088	64.20767388957721	64.20767388957721	-64.20767388957721	538.8313911166176	-265.2206955583088	538.8313911166176	-538.8313911166176	-256.83069555830866	64.20767388957721	64.20767388957721	-256.8306955583089	-64.20767388957721	8.39	64.20767388957721	265.2206955583088
227	-387.0409566673997	833.0120872743264	277.6706957581088	387.0409566673997	67.32017393952721	-563.7313915162176	-319.7207827278725	277.6706957581088	-67.32017393952721	277.6706957581088	277.6706957581088	-277.6706957581088	-67.32017393952721	-67.32017393952721	67.32017393952721	563.7313915162176	277.6706957581088	67.32017393952721	67.32017393952721	-67.32017393952721	563.7313915162176	-277.6706957581088	563.7313915162176	-563.7313915162176	-269.28069575810866	67.32017393952721	67.32017393952721	-269.2806957581088	-67.32017393952721	8.39	67.32017393952721	277.6706957581088
228	-380.63000177406224	819.0245493252266	273.0081831084089	380.63000177406224	66.15454577710223	-554.4063662168178	-314.47545599696	273.0081831084089	-66.15454577710223	273.0081831084089	273.0081831084089	-273.0081831084089	-66.15454577710223	-66.15454577710223	66.15454577710223	554.4063662168178	273.0081831084089	66.15454577710223	66.15454577710223	-66.15454577710223	554.4063662168178	-273.0081831084089	554.4063662168178	-554.4063662168178	-264.6181831084088	66.15454577710223	66.15454577710223	-264.61818310840886	-66.15454577710223	8.39	66.15454577710223	273.0081831084089
229	-318.29123166739936	683.0126872743259	227.67089575810863	318.29123166739936	54.82022393952716	-463.7317915162173	-263.4710077278722	227.67089575810863	-54.82022393952716	227.67089575810863	227.67089575810863	-227.67089575810863	-54.82022393952716	-54.82022393952716	54.82022393952716	463.7317915162173	227.67089575810863	54.82022393952716	54.82022393952716	-54.82022393952716	463.7317915162173	-227.67089575810863	463.7317915162173	-463.7317915162173	-219.28089575810873	54.82022393952716	54.82022393952716	-219.2808957581086	-54.82022393952716	8.39	54.82022393952716	227.67089575810866
230	-292.5616127800365	626.8753369746252	208.95844565820838	292.5616127800365	50.1421114145521	-426.3068913164168	-242.41950136548442	208.95844565820838	-50.1421114145521	208.95844565820838	208.95844565820838	-208.95844565820838	-50.1421114145521	-50.1421114145521	50.1421114145521	426.3068913164168	208.95844565820838	50.1421114145521	50.1421114145521	-50.1421114145521	426.3068913164168	-208.95844565820838	426.3068913164168	-426.3068913164168	-200.5684456582084	50.1421114145521	50.1421114145521	-200.56844565820836	-50.1421114145521	8.39	50.1421114145521	208.9584456582084
231	-382.76128621746847	823.6746244744767	274.5582081581589	382.76128621746847	66.54205203953973	-557.5064163163178	-316.21923417792874	274.5582081581589	-66.54205203953973	274.5582081581589	274.5582081581589	-274.5582081581589	-66.54205203953973	-66.54205203953973	66.54205203953973	557.5064163163178	274.5582081581589	66.54205203953973	66.54205203953973	-66.54205203953973	557.5064163163178	-274.5582081581589	557.5064163163178	-557.5064163163178	-266.1682081581589	66.54205203953973	66.54205203953973	-266.1682081581589	-66.54205203953973	8.39	66.54205203953973	274.5582081581589
232	-283.9851188923993	608.1629866743258	202.7209955581086	283.9851188923993	48.58274888952715	-413.8319911162172	-235.40237000287217	202.7209955581086	-48.58274888952715	202.7209955581086	202.7209955581086	-202.7209955581086	-48.58274888952715	-48.58274888952715	48.58274888952715	413.8319911162172	202.7209955581086	48.58274888952715	48.58274888952715	-48.58274888952715	413.8319911162172	-202.7209955581086	413.8319911162172	-413.8319911162172	-194.33099555810864	48.58274888952715	48.58274888952715	-194.3309955581086	-48.58274888952715	8.39	48.58274888952715	202.7209955581086
233	-311.87600566295293	669.0158305373518	223.00527684578395	311.87600566295293	53.65381921144599	-454.4005536915679	-258.22218645150696	223.00527684578395	-53.65381921144599	223.00527684578395	223.00527684578395	-223.00527684578395	-53.65381921144599	-53.65381921144599	53.65381921144599	454.4005536915679	223.00527684578395	53.65381921144599	53.65381921144599	-53.65381921144599	454.4005536915679	-223.00527684578395	454.4005536915679	-454.4005536915679	-214.61527684578402	53.65381921144599	53.65381921144599	-214.6152768457839	-53.65381921144599	8.39	53.65381921144599	223.00527684578392
234	-344.12397527976157	739.3750369740253	246.45834565800845	344.12397527976157	59.51708641450212	-501.3066913160169	-284.60688886525946	246.45834565800845	-59.51708641450212	246.45834565800845	246.45834565800845	-246.45834565800845	-59.51708641450212	-59.51708641450212	59.51708641450212	501.3066913160169	246.45834565800845	59.51708641450212	59.51708641450212	-59.51708641450212	501.3066913160169	-246.45834565800845	501.3066913160169	-501.3066913160169	-238.0683456580084	59.51708641450212	59.51708641450212	-238.0683456580084	-59.51708641450212	8.39	59.51708641450212	246.45834565800843
235	-253.8383301051054	542.3881747747754	180.79605825825848	253.8383301051054	43.10151456456462	-369.98211651651695	-210.7368155405408	180.79605825825848	-43.10151456456462	180.79605825825848	180.79605825825848	-180.79605825825848	-43.10151456456462	-43.10151456456462	43.10151456456462	369.98211651651695	180.79605825825848	43.10151456456462	43.101514564564624	-43.101514564564624	369.98211651651695	-180.79605825825848	369.98211651651695	-369.98211651651695	-172.40605825825833	43.10151456456462	43.10151456456462	-172.40605825825847	-43.101514564564624	8.39	43.10151456456462	180.79605825825848
236	-232.49109471712416	495.81238847372543	165.27079615790848	232.49109471712416	39.22019903947712	-338.93159231581694	-193.27089567764705	165.27079615790848	-39.22019903947712	165.27079615790848	165.27079615790848	-165.27079615790848	-39.22019903947712	-39.22019903947712	39.22019903947712	338.93159231581694	165.27079615790848	39.22019903947712	39.22019903947712	-39.22019903947712	338.93159231581694	-165.27079615790848	338.93159231581694	-338.93159231581694	-156.8807961579085	39.22019903947712	39.22019903947712	-156.8807961579085	-39.22019903947712	8.39	39.22019903947712	165.27079615790848
237	-247.44018861343312	528.4285933383997	176.14286444613322	247.44018861343312	41.93821611153331	-360.6757288922664	-205.50197250189981	176.14286444613322	-41.93821611153331	176.14286444613322	176.14286444613322	-176.14286444613322	-41.93821611153331	-41.93821611153331	41.93821611153331	360.6757288922664	176.14286444613322	41.93821611153331	41.93821611153331	-41.93821611153331	360.6757288922664	-176.14286444613322	360.6757288922664	-360.6757288922664	-167.75286444613317	41.93821611153331	41.93821611153331	-167.75286444613323	-41.93821611153331	8.39	41.93821611153331	176.14286444613322
238	-208.95711843795257	444.4655311373511	148.1551770457837	208.95711843795257	34.94129426144592	-304.7003540915674	-174.01582417650664	148.1551770457837	-34.94129426144592	148.1551770457837	148.1551770457837	-148.1551770457837	-34.94129426144592	-34.94129426144592	34.94129426144592	304.7003540915674	148.1551770457837	34.94129426144592	34.94129426144592	-34.94129426144592	304.7003540915674	-148.1551770457837	304.7003540915674	-304.7003540915674	-139.76517704578367	34.94129426144592	34.94129426144592	-139.76517704578367	-34.94129426144592	8.39	34.94129426144592	148.15517704578372
239	-211.09267399246806	449.1249250744758	149.7083083581586	211.09267399246806	35.329577089539654	-307.8066167163172	-175.7630969029284	149.7083083581586	-35.329577089539654	149.7083083581586	149.7083083581586	-149.7083083581586	-35.329577089539654	-35.329577089539654	35.329577089539654	307.8066167163172	149.7083083581586	35.329577089539654	35.329577089539654	-35.329577089539654	307.8066167163172	-149.7083083581586	307.8066167163172	-307.8066167163172	-141.31830835815856	35.329577089539654	35.329577089539654	-141.31830835815862	-35.329577089539654	8.39	35.329577089539654	149.7083083581586
240	-226.07586871267753	481.8155317367509	160.60517724558363	226.07586871267753	38.05379431139591	-329.6003544911673	-188.02207440128163	160.60517724558363	-38.05379431139591	160.60517724558363	160.60517724558363	-160.60517724558363	-38.05379431139591	-38.05379431139591	38.05379431139591	329.6003544911673	160.60517724558363	38.05379431139591	38.05379431139591	-38.05379431139591	329.6003544911673	-160.60517724558363	329.6003544911673	-329.6003544911673	-152.21517724558362	38.05379431139591	38.05379431139591	-152.21517724558362	-38.05379431139591	8.39	38.05379431139591	160.60517724558366
241	-215.37234444239888	458.46238787432486	152.82079595810828	215.37234444239888	36.107698989527066	-314.0315919162166	-179.2646454528718	152.82079595810828	-36.107698989527066	152.82079595810828	152.82079595810828	-152.82079595810828	-36.107698989527066	-36.107698989527066	36.107698989527066	314.0315919162166	152.82079595810828	36.107698989527066	36.107698989527066	-36.107698989527066	314.0315919162166	-152.82079595810828	314.0315919162166	-314.0315919162166	-144.4307959581083	36.107698989527066	36.107698989527066	-144.43079595810826	-36.107698989527066	8.39	36.107698989527066	152.8207959581083
242	-251.70277455058994	537.7287808376508	179.2429269458836	251.70277455058994	42.7132317364709	-366.8758538917672	-208.98954281411903	179.2429269458836	-42.7132317364709	179.2429269458836	179.2429269458836	-179.2429269458836	-42.7132317364709	-42.7132317364709	42.7132317364709	366.8758538917672	179.2429269458836	42.7132317364709	42.7132317364709	-42.7132317364709	366.8758538917672	-179.2429269458836	366.8758538917672	-366.8758538917672	-170.85292694588372	42.7132317364709	42.7132317364709	-170.8529269458836	-42.7132317364709	8.39	42.7132317364709	179.24292694588357
243	-421.48456889239964	908.1617866743265	302.72059555810887	421.48456889239964	73.5826488895272	-613.8311911162177	-347.90192000287243	302.72059555810887	-73.5826488895272	302.72059555810887	302.72059555810887	-302.72059555810887	-73.5826488895272	-73.5826488895272	73.5826488895272	613.8311911162177	302.72059555810887	73.5826488895272	73.5826488895272	-73.5826488895272	613.8311911162177	-302.72059555810887	613.8311911162177	-613.8311911162177	-294.33059555810905	73.5826488895272	73.5826488895272	-294.3305955581088	-73.5826488895272	8.39	73.5826488895272	302.72059555810887
244	-189.64272555503626	402.3250375746246	134.1083458582082	189.64272555503626	31.42958646455205	-276.60669171641644	-158.21313909048422	134.1083458582082	-31.42958646455205	134.1083458582082	134.1083458582082	-134.1083458582082	-31.42958646455205	-31.429586464552045	31.42958646455205	276.60669171641644	134.1083458582082	31.42958646455205	31.42958646455205	-31.42958646455205	276.60669171641644	-134.1083458582082	276.60669171641644	-276.60669171641644	-125.71834585820821	31.429586464552045	31.42958646455205	-125.71834585820818	-31.42958646455205	8.39	31.42958646455205	134.10834585820822
245	-228.21142426719317	486.474925673876	162.15830855795866	228.21142426719317	38.44207713948966	-332.7066171159173	-189.7693471277035	162.15830855795866	-38.44207713948966	162.15830855795866	162.15830855795866	-162.15830855795866	-38.44207713948966	-38.44207713948966	38.44207713948966	332.7066171159173	162.15830855795866	38.44207713948966	38.44207713948966	-38.44207713948966	332.7066171159173	-162.15830855795866	332.7066171159173	-332.7066171159173	-153.76830855795856	38.44207713948966	38.44207713948966	-153.76830855795868	-38.44207713948966	8.39	38.44207713948966	162.15830855795866
246	-314.0115612174684	673.6752244744765	224.55840815815884	314.0115612174684	54.042102039539714	-457.50681631631767	-259.9694591779287	224.55840815815884	-54.042102039539714	224.55840815815884	224.55840815815884	-224.55840815815884	-54.042102039539714	-54.042102039539714	54.042102039539714	457.50681631631767	224.55840815815884	54.042102039539714	54.042102039539714	-54.042102039539714	457.50681631631767	-224.55840815815884	457.50681631631767	-457.50681631631767	-216.16840815815885	54.042102039539714	54.042102039539714	-216.16840815815885	-54.042102039539714	8.39	54.042102039539714	224.55840815815884
247	-309.7447212195464	664.3657553881014	221.45525179603382	309.7447212195464	53.26631294900845	-451.3005035920677	-256.47840827053795	221.45525179603382	-53.26631294900845	221.45525179603382	221.45525179603382	-221.45525179603382	-53.26631294900845	-53.26631294900845	53.26631294900845	451.3005035920677	221.45525179603382	53.26631294900845	53.26631294900845	-53.26631294900845	451.3005035920677	-221.45525179603382	451.3005035920677	-451.3005035920677	-213.06525179603378	53.26631294900845	53.26631294900845	-213.06525179603375	-53.26631294900845	8.39	53.26631294900845	221.45525179603385
248	-378.49444621954666	814.3651553881017	271.4550517960339	378.49444621954666	65.76626294900848	-551.3001035920678	-312.7281832705382	271.4550517960339	-65.76626294900848	271.4550517960339	271.4550517960339	-271.4550517960339	-65.76626294900848	-65.76626294900848	65.76626294900848	551.3001035920678	271.4550517960339	65.76626294900848	65.76626294900848	-65.76626294900848	551.3001035920678	-271.4550517960339	551.3001035920678	-551.3001035920678	-263.0650517960339	65.76626294900848	65.76626294900848	-263.0650517960339	-65.76626294900848	8.39	65.76626294900848	271.4550517960339
249	-249.5714901071833	533.0787056884	177.69290189613332	249.5714901071833	42.325725474033334	-363.77580379226663	-207.24576463314997	177.69290189613332	-42.325725474033334	177.69290189613332	177.69290189613332	-177.69290189613332	-42.325725474033334	-42.325725474033334	42.325725474033334	363.77580379226663	177.69290189613332	42.325725474033334	42.325725474033334	-42.325725474033334	363.77580379226663	-177.69290189613332	363.77580379226663	-363.77580379226663	-169.30290189613333	42.325725474033334	42.325725474033334	-169.30290189613333	-42.325725474033334	8.39	42.325725474033334	177.69290189613332
250	-245.30890417002655	523.7785181891488	174.59283939638294	245.30890417002655	41.55070984909574	-357.57567879276587	-203.7581943209308	174.59283939638294	-41.55070984909574	174.59283939638294	174.59283939638294	-174.59283939638294	-41.55070984909574	-41.55070984909574	41.55070984909574	357.57567879276587	174.59283939638294	41.55070984909574	41.55070984909574	-41.55070984909574	357.57567879276587	-174.59283939638294	357.57567879276587	-357.57567879276587	-166.20283939638298	41.55070984909574	41.55070984909574	-166.20283939638296	-41.55070984909574	8.39	41.55070984909574	174.59283939638294
251	-206.82583399454597	439.8154559881003	146.60515199603344	206.82583399454597	34.553787999008364	-301.60030399206687	-172.2720459955376	146.60515199603344	-34.553787999008364	146.60515199603344	146.60515199603344	-146.60515199603344	-34.553787999008364	-34.553787999008364	34.553787999008364	301.60030399206687	146.60515199603344	34.553787999008364	34.553787999008364	-34.553787999008364	301.60030399206687	-146.60515199603344	301.60030399206687	-301.60030399206687	-138.21515199603346	34.553787999008364	34.553787999008364	-138.21515199603346	-34.553787999008364	8.39	34.553787999008364	146.60515199603344
252	-243.1818737873853	519.1377246270225	173.0459082090075	243.1818737873853	41.16397705225188	-354.481816418015	-202.01789673513343	173.0459082090075	-41.16397705225188	173.0459082090075	173.0459082090075	-173.0459082090075	-41.16397705225188	-41.16397705225188	41.16397705225188	354.481816418015	173.0459082090075	41.16397705225188	41.16397705225188	-41.16397705225188	354.481816418015	-173.0459082090075	354.481816418015	-354.481816418015	-164.6559082090074	41.16397705225188	41.16397705225188	-164.65590820900752	-41.16397705225188	8.39	41.16397705225188	173.04590820900748
253	-223.944584269271	477.16545658750033	159.05515219583344	223.944584269271	37.666288048958364	-326.5003043916669	-186.27829622031265	159.05515219583344	-37.666288048958364	159.05515219583344	159.05515219583344	-159.05515219583344	-37.666288048958364	-37.666288048958364	37.666288048958364	326.5003043916669	159.05515219583344	37.666288048958364	37.666288048958364	-37.666288048958364	326.5003043916669	-159.05515219583344	326.5003043916669	-326.5003043916669	-150.66515219583346	37.666288048958364	37.666288048958364	-150.66515219583346	-37.666288048958364	8.39	37.666288048958364	159.05515219583344
254	-241.05909746550924	514.5062126520202	171.50207088400674	241.05909746550924	40.77801772100169	-351.39414176801347	-200.28107974450757	171.50207088400674	-40.77801772100169	171.50207088400674	171.50207088400674	-171.50207088400674	-40.77801772100169	-40.77801772100169	40.77801772100169	351.39414176801347	171.50207088400674	40.77801772100169	40.77801772100169	-40.77801772100169	351.39414176801347	-171.50207088400674	351.39414176801347	-351.39414176801347	-163.1120708840068	40.77801772100169	40.77801772100169	-163.1120708840067	-40.77801772100169	8.39	40.77801772100169	171.50207088400674
255	-437.1285974469989	942.2942126116341	314.0980708705447	437.1285974469989	76.42701771763618	-636.5861417410894	-360.7015797293627	314.0980708705447	-76.42701771763618	314.0980708705447	314.0980708705447	-314.0980708705447	-76.42701771763618	-76.42701771763618	76.42701771763618	636.5861417410894	314.0980708705447	76.42701771763618	76.42701771763618	-76.42701771763618	636.5861417410894	-314.0980708705447	636.5861417410894	-636.5861417410894	-305.70807087054465	76.42701771763618	76.42701771763618	-305.7080708705447	-76.42701771763618	8.39	76.42701771763618	314.0980708705447
256	-432.7820845000565	932.810911636487	310.9369705454957	432.7820845000565	75.63674263637392	-630.2639410909914	-357.1453418636826	310.9369705454957	-75.63674263637392	310.9369705454957	310.9369705454957	-310.9369705454957	-75.63674263637392	-75.63674263637392	75.63674263637392	630.2639410909914	310.9369705454957	75.63674263637392	75.63674263637392	-75.63674263637392	630.2639410909914	-310.9369705454957	630.2639410909914	-630.2639410909914	-302.5469705454957	75.63674263637392	75.63674263637392	-302.5469705454957	-75.63674263637392	8.39	75.63674263637392	310.9369705454957
257	-454.4215427252632	980.0242750369379	326.67475834564596	454.4215427252632	79.57118958641149	-661.7395166912919	-374.8503531388517	326.67475834564596	-79.57118958641149	326.67475834564596	326.67475834564596	-326.67475834564596	-79.57118958641149	-79.57118958641149	79.57118958641149	661.7395166912919	326.67475834564596	79.57118958641149	79.57118958641149	-79.57118958641149	661.7395166912919	-326.67475834564596	661.7395166912919	-661.7395166912919	-318.28475834564597	79.57118958641149	79.57118958641149	-318.28475834564597	-79.57118958641149	8.39	79.57118958641149	326.67475834564596
258	-434.95208380457166	937.545455573611	312.5151518578703	434.95208380457166	76.03128796446758	-633.4203037157406	-358.92079584010406	312.5151518578703	-76.03128796446758	312.5151518578703	312.5151518578703	-312.5151518578703	-76.03128796446758	-76.03128796446758	76.03128796446758	633.4203037157406	312.5151518578703	76.03128796446758	76.03128796446758	-76.03128796446758	633.4203037157406	-312.5151518578703	633.4203037157406	-633.4203037157406	-304.1251518578703	76.03128796446758	76.03128796446758	-304.1251518578704	-76.03128796446758	8.39	76.03128796446758	312.5151518578703
259	-402.652517449988	867.0736744363376	289.02455814544584	402.652517449988	70.15863953636146	-586.4391162908917	-332.49387791362653	289.02455814544584	-70.15863953636146	289.02455814544584	289.02455814544584	-289.02455814544584	-70.15863953636146	-70.15863953636146	70.15863953636146	586.4391162908917	289.02455814544584	70.15863953636146	70.15863953636146	-70.15863953636146	586.4391162908917	-289.02455814544584	586.4391162908917	-586.4391162908917	-280.63455814544585	70.15863953636146	70.15863953636146	-280.6345581454459	-70.15863953636146	8.39	70.15863953636146	289.02455814544584
260	-265.1530674499877	567.0748744363368	189.02495814544562	265.1530674499877	45.15873953636141	-386.43991629089123	-219.9943279136263	189.02495814544562	-45.15873953636141	189.02495814544562	189.02495814544562	-189.02495814544562	-45.15873953636141	-45.15873953636141	45.15873953636141	386.43991629089123	189.02495814544562	45.15873953636141	45.15873953636141	-45.15873953636141	386.43991629089123	-189.02495814544562	386.43991629089123	-386.43991629089123	-180.6349581454457	45.15873953636141	45.15873953636141	-180.63495814544558	-45.15873953636141	8.39	45.15873953636141	189.0249581454456
261	-445.77616161317593	961.1616253378384	320.3872084459461	445.77616161317593	77.99930211148653	-649.1644168918922	-367.7768595016894	320.3872084459461	-77.99930211148653	320.3872084459461	320.3872084459461	-320.3872084459461	-77.99930211148653	-77.99930211148653	77.99930211148653	649.1644168918922	320.3872084459461	77.99930211148653	77.99930211148653	-77.99930211148653	649.1644168918922	-320.3872084459461	649.1644168918922	-649.1644168918922	-311.99720844594594	77.99930211148653	77.99930211148653	-311.99720844594617	-77.99930211148653	8.39	77.99930211148653	320.3872084459461
262	-436.0392534561338	939.91746208611	313.30582069537	436.0392534561338	76.2289551738425	-635.00164139074	-359.8102982822913	313.30582069537	-76.2289551738425	313.30582069537	313.30582069537	-313.30582069537	-76.2289551738425	-76.2289551738425	76.2289551738425	635.00164139074	313.30582069537	76.2289551738425	76.2289551738425	-76.2289551738425	635.00164139074	-313.30582069537	635.00164139074	-635.00164139074	-304.91582069537003	76.2289551738425	76.2289551738425	-304.91582069537003	-76.2289551738425	8.39	76.2289551738425	313.30582069537
263	-333.90279244998777	717.074274436337	239.02475814544567	333.90279244998777	57.65868953636142	-486.43951629089133	-276.24410291362636	239.02475814544567	-57.65868953636142	239.02475814544567	239.02475814544567	-239.02475814544567	-57.65868953636142	-57.65868953636142	57.65868953636142	486.43951629089133	239.02475814544567	57.65868953636142	57.65868953636142	-57.65868953636142	486.43951629089133	-239.02475814544567	486.43951629089133	-486.43951629089133	-230.6347581454458	57.65868953636142	57.65868953636142	-230.63475814544563	-57.65868953636142	8.39	57.65868953636142	239.02475814544567
264	-411.26556040192895	885.8657681496632	295.28858938322105	411.26556040192895	71.72464734580527	-598.9671787664421	-339.5409130561237	295.28858938322105	-71.72464734580527	295.28858938322105	295.28858938322105	-295.28858938322105	-71.72464734580527	-71.72464734580527	71.72464734580527	598.9671787664421	295.28858938322105	71.72464734580527	71.72464734580527	-71.72464734580527	598.9671787664421	-295.28858938322105	598.9671787664421	-598.9671787664421	-286.89858938322095	71.72464734580527	71.72464734580527	-286.89858938322106	-71.72464734580527	8.39	71.72464734580527	295.28858938322105
265	-431.6970891877974	930.4436491370127	310.1478830456709	431.6970891877974	75.43947076141772	-628.6857660913417	-356.2576184263797	310.1478830456709	-75.43947076141772	310.1478830456709	310.1478830456709	-310.1478830456709	-75.43947076141772	-75.43947076141772	75.43947076141772	628.6857660913417	310.1478830456709	75.43947076141772	75.43947076141772	-75.43947076141772	628.6857660913417	-310.1478830456709	628.6857660913417	-628.6857660913417	-301.75788304567084	75.43947076141772	75.43947076141772	-301.75788304567095	-75.43947076141772	8.39	75.43947076141772	310.1478830456709
266	-342.5158354019287	735.8663681496627	245.2887893832209	342.5158354019287	59.22469734580522	-498.96757876644176	-283.2911380561235	245.2887893832209	-59.22469734580522	245.2887893832209	245.2887893832209	-245.2887893832209	-59.22469734580522	-59.22469734580522	59.22469734580522	498.96757876644176	245.2887893832209	59.22469734580522	59.22469734580522	-59.22469734580522	498.96757876644176	-245.2887893832209	498.96757876644176	-498.96757876644176	-236.8987893832208	59.22469734580522	59.22469734580522	-236.8987893832209	-59.22469734580522	8.39	59.22469734580522	245.2887893832209
267	-453.33654741300415	977.6570125374636	325.8856708458212	453.33654741300415	79.3739177114553	-660.1613416916424	-373.9626297015489	325.8856708458212	-79.3739177114553	325.8856708458212	325.8856708458212	-325.8856708458212	-79.3739177114553	-79.3739177114553	79.3739177114553	660.1613416916424	325.8856708458212	79.3739177114553	79.3739177114553	-79.3739177114553	660.1613416916424	-325.8856708458212	660.1613416916424	-660.1613416916424	-317.4956708458212	79.3739177114553	79.3739177114553	-317.4956708458212	-79.3739177114553	8.39	79.3739177114553	325.8856708458212
268	-450.09238112741053	970.578831550714	323.5262771835713	450.09238112741053	78.78406929589283	-655.4425543671426	-371.3083118315177	323.5262771835713	-78.78406929589283	323.5262771835713	323.5262771835713	-323.5262771835713	-78.78406929589283	-78.78406929589283	78.78406929589283	655.4425543671426	323.5262771835713	78.78406929589283	78.78406929589283	-78.78406929589283	655.4425543671426	-323.5262771835713	655.4425543671426	-655.4425543671426	-315.13627718357134	78.78406929589283	78.78406929589283	-315.13627718357134	-78.78406929589283	8.39	78.78406929589283	323.5262771835713
269	-443.60833664796405	956.4318254137398	318.8106084712466	443.60833664796405	77.60515211781166	-646.0112169424932	-366.00318453015245	318.8106084712466	-77.60515211781166	318.8106084712466	318.8106084712466	-318.8106084712466	-77.60515211781166	-77.60515211781166	77.60515211781166	646.0112169424932	318.8106084712466	77.60515211781166	77.60515211781166	-77.60515211781166	646.0112169424932	-318.8106084712466	646.0112169424932	-646.0112169424932	-310.4206084712466	77.60515211781166	77.60515211781166	-310.4206084712466	-77.60515211781166	8.39	77.60515211781166	318.8106084712466
270	-331.7349674847761	712.3444745122389	237.4481581707463	331.7349674847761	57.26453954268658	-483.2863163414926	-274.47042794208954	237.4481581707463	-57.26453954268658	237.4481581707463	237.4481581707463	-237.4481581707463	-57.26453954268658	-57.26453954268658	57.26453954268658	483.2863163414926	237.4481581707463	57.26453954268658	57.26453954268658	-57.26453954268658	483.2863163414926	-237.4481581707463	483.2863163414926	-483.2863163414926	-229.05815817074628	57.26453954268658	57.26453954268658	-229.0581581707463	-57.26453954268658	8.39	57.26453954268658	237.4481581707463
271	-329.57363085213507	707.628830950113	235.87627698337099	329.57363085213507	56.87156924584275	-480.14255396674196	-272.7020616062923	235.87627698337099	-56.87156924584275	235.87627698337099	235.87627698337099	-235.87627698337099	-56.87156924584275	-56.87156924584275	56.87156924584275	480.14255396674196	235.87627698337099	56.87156924584275	56.87156924584275	-56.87156924584275	480.14255396674196	-235.87627698337099	480.14255396674196	-480.14255396674196	-227.48627698337097	56.87156924584275	56.87156924584275	-227.486276983371	-56.87156924584275	8.39	56.87156924584275	235.87627698337099
272	-398.32335585213553	857.6282309501138	285.87607698337126	398.32335585213553	69.37151924584282	-580.1421539667425	-328.9518366062927	285.87607698337126	-69.37151924584282	285.87607698337126	285.87607698337126	-285.87607698337126	-69.37151924584282	-69.37151924584282	69.37151924584282	580.1421539667425	285.87607698337126	69.37151924584282	69.37151924584282	-69.37151924584282	580.1421539667425	-285.87607698337126	580.1421539667425	-580.1421539667425	-277.4860769833713	69.37151924584282	69.37151924584282	-277.4860769833713	-69.37151924584282	8.39	69.37151924584282	285.87607698337126
273	-332.8177971377289	714.7070119368631	238.235670645621	332.8177971377289	57.46141766140526	-484.86134129124207	-275.35637947632364	238.235670645621	-57.46141766140526	238.235670645621	238.235670645621	-238.235670645621	-57.46141766140526	-57.46141766140526	57.46141766140526	484.86134129124207	238.235670645621	57.46141766140526	57.46141766140526	-57.46141766140526	484.86134129124207	-238.235670645621	484.86134129124207	-484.86134129124207	-229.845670645621	57.46141766140526	57.46141766140526	-229.845670645621	-57.46141766140526	8.39	57.46141766140526	238.23567064562104
274	-262.9852424847759	562.3450745122384	187.44835817074613	262.9852424847759	44.76458954268654	-383.28671634149225	-218.22065294208934	187.44835817074613	-44.76458954268654	187.44835817074613	187.44835817074613	-187.44835817074613	-44.76458954268654	-44.76458954268654	44.76458954268654	383.28671634149225	187.44835817074613	44.76458954268654	44.76458954268654	-44.76458954268654	383.28671634149225	-187.44835817074613	383.28671634149225	-383.28671634149225	-179.05835817074612	44.76458954268654	44.76458954268654	-179.05835817074615	-44.76458954268654	8.39	44.76458954268654	187.44835817074613
275	-273.76611040192853	585.8669681496622	195.28898938322072	273.76611040192853	46.72474734580518	-398.96797876644143	-227.04136305612334	195.28898938322072	-46.72474734580518	195.28898938322072	195.28898938322072	-195.28898938322072	-46.72474734580518	-46.72474734580518	46.72474734580518	398.96797876644143	195.28898938322072	46.72474734580518	46.72474734580518	-46.72474734580518	398.96797876644143	-195.28898938322072	398.96797876644143	-398.96797876644143	-186.8989893832205	46.72474734580518	46.72474734580518	-186.89898938322074	-46.72474734580518	8.39	46.72474734580518	195.28898938322072
276	-441.44700001532334	951.7161818516146	317.2387272838715	441.44700001532334	77.21218182096788	-642.867454567743	-364.23481819435546	317.2387272838715	-77.21218182096788	317.2387272838715	317.2387272838715	-317.2387272838715	-77.21218182096788	-77.21218182096788	77.21218182096788	642.867454567743	317.2387272838715	77.21218182096788	77.21218182096788	-77.21218182096788	642.867454567743	-317.2387272838715	642.867454567743	-642.867454567743	-308.84872728387154	77.21218182096788	77.21218182096788	-308.84872728387154	-77.21218182096788	8.39	77.21218182096788	317.2387272838715
277	-444.69116630091725	958.7943628383649	319.59812094612164	444.69116630091725	77.80203023653041	-647.5862418922433	-366.88913606438683	319.59812094612164	-77.80203023653041	319.59812094612164	319.59812094612164	-319.59812094612164	-77.80203023653041	-77.80203023653041	77.80203023653041	647.5862418922433	319.59812094612164	77.80203023653041	77.80203023653041	-77.80203023653041	647.5862418922433	-319.59812094612164	647.5862418922433	-647.5862418922433	-311.20812094612165	77.80203023653041	77.80203023653041	-311.20812094612165	-77.80203023653041	8.39	77.80203023653041	319.59812094612164
278	-419.87642901456695	904.6531178499642	301.5510392833214	419.87642901456695	73.29025982083036	-611.4920785666428	-346.5861691937366	301.5510392833214	-73.29025982083036	301.5510392833214	301.5510392833214	-301.5510392833214	-73.29025982083036	-73.29025982083036	73.29025982083036	611.4920785666428	301.5510392833214	73.29025982083036	73.29025982083036	-73.29025982083036	611.4920785666428	-301.5510392833214	611.4920785666428	-611.4920785666428	-293.16103928332143	73.29025982083036	73.29025982083036	-293.16103928332143	-73.29025982083036	8.39	73.29025982083036	301.5510392833214
279	-260.82390585213494	557.6294309501127	185.8764769833709	260.82390585213494	44.37161924584272	-380.14295396674186	-216.4522866062922	185.8764769833709	-44.37161924584272	185.8764769833709	185.8764769833709	-185.8764769833709	-44.37161924584272	-44.37161924584272	44.37161924584272	380.14295396674186	185.8764769833709	44.37161924584272	44.37161924584272	-44.37161924584272	380.14295396674186	-185.8764769833709	380.14295396674186	-380.14295396674186	-177.4864769833709	44.37161924584272	44.37161924584272	-177.48647698337084	-44.37161924584272	8.39	44.37161924584272	185.87647698337094
280	-400.4846924847763	862.343874512239	287.44795817074635	400.4846924847763	69.76448954268659	-583.2859163414927	-330.7202029420897	287.44795817074635	-69.76448954268659	287.44795817074635	287.44795817074635	-287.44795817074635	-69.76448954268659	-69.76448954268659	69.76448954268659	583.2859163414927	287.44795817074635	69.76448954268659	69.76448954268659	-69.76448954268659	583.2859163414927	-287.44795817074635	583.2859163414927	-583.2859163414927	-279.05795817074625	69.76448954268659	69.76448954268659	-279.05795817074636	-69.76448954268659	8.39	69.76448954268659	287.44795817074635
281	-430.6164251941506	928.0858367872379	309.36194559574596	430.6164251941506	75.24298639893648	-627.1138911914919	-355.37343879521416	309.36194559574596	-75.24298639893648	309.36194559574596	309.36194559574596	-309.36194559574596	-75.24298639893648	-75.24298639893648	75.24298639893648	627.1138911914919	309.36194559574596	75.24298639893648	75.24298639893648	-75.24298639893648	627.1138911914919	-309.36194559574596	627.1138911914919	-627.1138911914919	-300.9719455957461	75.24298639893648	75.24298639893648	-300.971945595746	-75.24298639893648	8.39	75.24298639893648	309.36194559574596
282	-264.0680721377287	564.7076119368626	188.23587064562085	264.0680721377287	44.961467661405216	-384.86174129124174	-219.10660447632347	188.23587064562085	-44.961467661405216	188.23587064562085	188.23587064562085	-188.23587064562085	-44.961467661405216	-44.961467661405216	44.961467661405216	384.86174129124174	188.23587064562085	44.961467661405216	44.961467661405216	-44.961467661405216	384.86174129124174	-188.23587064562085	384.86174129124174	-384.86174129124174	-179.84587064562083	44.961467661405216	44.961467661405216	-179.84587064562083	-44.961467661405216	8.39	44.961467661405216	188.23587064562088
283	-205.22194817747862	436.3160687508624	145.4386895836208	205.22194817747862	34.2621723959052	-299.26737916724164	-170.95977578157343	145.4386895836208	-34.2621723959052	145.4386895836208	145.4386895836208	-145.4386895836208	-34.2621723959052	-34.2621723959052	34.2621723959052	299.26737916724164	145.4386895836208	34.2621723959052	34.2621723959052	-34.2621723959052	299.26737916724164	-145.4386895836208	299.26737916724164	-299.26737916724164	-137.0486895836208	34.2621723959052	34.2621723959052	-137.04868958362079	-34.2621723959052	8.39	34.2621723959052	145.43868958362083
284	-433.8670884923128	935.1781930741369	311.7260643580456	433.8670884923128	75.83401608951141	-631.8421287160912	-358.0330724028014	311.7260643580456	-75.83401608951141	311.7260643580456	311.7260643580456	-311.7260643580456	-75.83401608951141	-75.83401608951141	75.83401608951141	631.8421287160912	311.7260643580456	75.83401608951141	75.83401608951141	-75.83401608951141	631.8421287160912	-311.7260643580456	631.8421287160912	-631.8421287160912	-303.3360643580455	75.83401608951141	75.83401608951141	-303.33606435804563	-75.83401608951141	8.39	75.83401608951141	311.7260643580456
285	-401.56752213772927	864.7064119368638	288.23547064562126	401.56752213772927	69.96136766140532	-584.8609412912425	-331.6061544763239	288.23547064562126	-69.96136766140532	288.23547064562126	288.23547064562126	-288.23547064562126	-69.96136766140532	-69.96136766140532	69.96136766140532	584.8609412912425	288.23547064562126	69.96136766140532	69.96136766140532	-69.96136766140532	584.8609412912425	-288.23547064562126	584.8609412912425	-584.8609412912425	-279.84547064562105	69.96136766140532	69.96136766140532	-279.8454706456213	-69.96136766140532	8.39	69.96136766140532	288.23547064562126
286	-359.7031979022039	773.3660681502631	257.78868938342106	359.7031979022039	62.34967234585526	-523.9673787668421	-297.35352555634864	257.78868938342106	-62.34967234585526	257.78868938342106	257.78868938342106	-257.78868938342106	-62.34967234585526	-62.34967234585526	62.34967234585526	523.9673787668421	257.78868938342106	62.34967234585526	62.34967234585526	-62.34967234585526	523.9673787668421	-257.78868938342106	523.9673787668421	-523.9673787668421	-249.3986893834213	62.34967234585526	62.34967234585526	-249.39868938342102	-62.34967234585526	8.39	62.34967234585526	257.78868938342106
287	-368.31406651484195	792.1534178505643	264.0511392835214	368.31406651484195	63.91528482088036	-536.4922785670428	-304.3987816939616	264.0511392835214	-63.91528482088036	264.0511392835214	264.0511392835214	-264.0511392835214	-63.91528482088036	-63.91528482088036	63.91528482088036	536.4922785670428	264.0511392835214	63.91528482088036	63.91528482088036	-63.91528482088036	536.4922785670428	-264.0511392835214	536.4922785670428	-536.4922785670428	-255.6611392835214	63.91528482088036	63.91528482088036	-255.6611392835215	-63.91528482088036	8.39	63.91528482088036	264.0511392835214
288	-308.1408354024788	660.8663681508629	220.28878938362095	308.1408354024788	52.97469734590524	-448.9675787672419	-255.16613805657352	220.28878938362095	-52.97469734590524	220.28878938362095	220.28878938362095	-220.28878938362095	-52.97469734590524	-52.97469734590524	52.97469734590524	448.9675787672419	220.28878938362095	52.97469734590524	52.97469734590524	-52.97469734590524	448.9675787672419	-220.28878938362095	448.9675787672419	-448.9675787672419	-211.89878938362094	52.97469734590524	52.97469734590524	-211.89878938362097	-52.97469734590524	8.39	52.97469734590524	220.28878938362095
289	-282.37697901456653	604.6543178499634	201.55143928332112	282.37697901456653	48.290359820830275	-411.4928785666423	-234.08661919373623	201.55143928332112	-48.290359820830275	201.55143928332112	201.55143928332112	-201.55143928332112	-48.290359820830275	-48.290359820830275	48.290359820830275	411.4928785666423	201.55143928332112	48.290359820830275	48.290359820830275	-48.290359820830275	411.4928785666423	-201.55143928332112	411.4928785666423	-411.4928785666423	-193.16143928332113	48.290359820830275	48.290359820830275	-193.1614392833211	-48.290359820830275	8.39	48.290359820830275	201.55143928332114
290	-463.0345856772043	998.8163687502638	332.9387895834213	463.0345856772043	81.13719739585532	-674.2675791668426	-381.897388281349	332.9387895834213	-81.13719739585532	332.9387895834213	332.9387895834213	-332.9387895834213	-81.13719739585532	-81.13719739585532	81.13719739585532	674.2675791668426	332.9387895834213	81.13719739585532	81.13719739585532	-81.13719739585532	674.2675791668426	-332.9387895834213	674.2675791668426	-674.2675791668426	-324.5487895834211	81.13719739585532	81.13719739585532	-324.54878958342124	-81.13719739585532	8.39	81.13719739585532	332.9387895834213
291	-452.2537177600513	975.2944751128391	325.09815837094635	452.2537177600513	79.17703959273659	-658.5863167418927	-373.0766781673147	325.09815837094635	-79.17703959273659	325.09815837094635	325.09815837094635	-325.09815837094635	-79.17703959273659	-79.17703959273659	79.17703959273659	658.5863167418927	325.09815837094635	79.17703959273659	79.17703959273659	-79.17703959273659	658.5863167418927	-325.09815837094635	658.5863167418927	-658.5863167418927	-316.70815837094625	79.17703959273659	79.17703959273659	-316.70815837094636	-79.17703959273659	8.39	79.17703959273659	325.09815837094635
292	-417.717258041232	899.942199362688	299.980733120896	417.717258041232	72.897683280224	-608.351466241792	-344.819574761008	299.980733120896	-72.897683280224	299.980733120896	299.980733120896	-299.980733120896	-72.897683280224	-72.897683280224	72.897683280224	608.351466241792	299.980733120896	72.897683280224	72.897683280224	-72.897683280224	608.351466241792	-299.980733120896	608.351466241792	-608.351466241792	-291.590733120896	72.897683280224	72.897683280224	-291.59073312089606	-72.897683280224	8.39	72.897683280224	299.980733120896
293	-410.1848964082814	883.5079557998868	294.50265193329557	410.1848964082814	71.5281629833239	-597.3953038665911	-338.65673342495757	294.50265193329557	-71.5281629833239	294.50265193329557	294.50265193329557	-294.50265193329557	-71.5281629833239	-71.5281629833239	71.5281629833239	597.3953038665911	294.50265193329557	71.5281629833239	71.5281629833239	-71.5281629833239	597.3953038665911	-294.50265193329557	597.3953038665911	-597.3953038665911	-286.11265193329564	71.5281629833239	71.5281629833239	-286.11265193329564	-71.5281629833239	8.39	71.5281629833239	294.50265193329557
294	-261.9045784911287	559.9872621624627	186.66242072082088	261.9045784911287	44.56810518020522	-381.71484144164174	-217.33647331092345	186.66242072082088	-44.56810518020522	186.66242072082088	186.66242072082088	-186.66242072082088	-44.56810518020522	-44.56810518020522	44.56810518020522	381.71484144164174	186.66242072082088	44.56810518020522	44.56810518020522	-44.56810518020522	381.71484144164174	-186.66242072082088	381.71484144164174	-381.71484144164174	-178.2724207208209	44.56810518020522	44.56810518020522	-178.27242072082095	-44.56810518020522	8.39	44.56810518020522	186.66242072082088
295	-451.1730537664043	972.936662763064	324.3122209210213	451.1730537664043	78.98055523025533	-657.0144418420426	-372.19249853614895	324.3122209210213	-78.98055523025533	324.3122209210213	324.3122209210213	-324.3122209210213	-78.98055523025533	-78.98055523025533	78.98055523025533	657.0144418420426	324.3122209210213	78.98055523025533	78.98055523025533	-78.98055523025533	657.0144418420426	-324.3122209210213	657.0144418420426	-657.0144418420426	-315.92222092102134	78.98055523025533	78.98055523025533	-315.92222092102134	-78.98055523025533	8.39	78.98055523025533	324.3122209210213
296	-399.40402849112917	859.9860621624638	286.66202072082126	399.40402849112917	69.56800518020532	-581.7140414416425	-329.8360233109239	286.66202072082126	-69.56800518020532	286.66202072082126	286.66202072082126	-286.66202072082126	-69.56800518020532	-69.56800518020532	69.56800518020532	581.7140414416425	286.66202072082126	69.56800518020532	69.56800518020532	-69.56800518020532	581.7140414416425	-286.66202072082126	581.7140414416425	-581.7140414416425	-278.2720207208213	69.56800518020532	69.56800518020532	-278.2720207208213	-69.56800518020532	8.39	69.56800518020532	286.66202072082126
297	-330.6543034911289	709.9866621624631	236.662220720821	330.6543034911289	57.06805518020525	-481.71444144164207	-273.5862483109237	236.662220720821	-57.06805518020525	236.662220720821	236.662220720821	-236.662220720821	-57.06805518020525	-57.06805518020525	57.06805518020525	481.71444144164207	236.662220720821	57.06805518020525	57.06805518020525	-57.06805518020525	481.71444144164207	-236.662220720821	481.71444144164207	-481.71444144164207	-228.27222072082102	57.06805518020525	57.06805518020525	-228.272220720821	-57.06805518020525	8.39	57.06805518020525	236.66222072082104
298	-367.2334025211949	789.795605500789	263.26520183359634	367.2334025211949	63.718800458399095	-534.9204036671927	-303.5146020627958	263.26520183359634	-63.718800458399095	263.26520183359634	263.26520183359634	-263.26520183359634	-63.718800458399095	-63.718800458399095	63.718800458399095	534.9204036671927	263.26520183359634	63.718800458399095	63.71880045839909	-63.71880045839909	534.9204036671927	-263.26520183359634	534.9204036671927	-534.9204036671927	-254.87520183359652	63.718800458399095	63.718800458399095	-254.87520183359632	-63.71880045839909	8.39	63.718800458399095	263.26520183359634
299	-328.492966858488	705.2710186003375	235.09033953344584	328.492966858488	56.67508488336147	-478.57067906689167	-271.8178819751265	235.09033953344584	-56.67508488336146	235.09033953344584	235.09033953344584	-235.09033953344584	-56.67508488336146	-56.67508488336147	56.67508488336146	478.57067906689167	235.09033953344584	56.67508488336147	56.67508488336147	-56.67508488336147	478.57067906689167	-235.09033953344584	478.57067906689167	-478.57067906689167	-226.70033953344588	56.67508488336147	56.67508488336146	-226.70033953344583	-56.67508488336147	8.39	56.67508488336146	235.09033953344584
300	-196.61324522414665	417.5334441254108	139.17781470847027	196.61324522414665	32.69695367711757	-286.7456294169406	-163.9162915470291	139.17781470847027	-32.69695367711757	139.17781470847027	139.17781470847027	-139.17781470847027	-32.69695367711757	-32.69695367711757	32.69695367711757	286.7456294169406	139.17781470847027	32.69695367711757	32.69695367711757	-32.69695367711757	286.7456294169406	-139.17781470847027	286.7456294169406	-286.7456294169406	-130.78781470847025	32.69695367711757	32.69695367711757	-130.78781470847025	-32.69695367711757	8.39	32.69695367711757	139.1778147084703
301	-204.14128418383146	433.9582564010869	144.65275213369563	204.14128418383146	34.06568803342391	-297.69550426739124	-170.07559615040753	144.65275213369563	-34.06568803342391	144.65275213369563	144.65275213369563	-144.65275213369563	-34.06568803342391	-34.06568803342391	34.06568803342391	297.69550426739124	144.65275213369563	34.06568803342391	34.06568803342391	-34.06568803342391	297.69550426739124	-144.65275213369563	297.69550426739124	-297.69550426739124	-136.26275213369564	34.06568803342391	34.06568803342391	-136.26275213369564	-34.06568803342391	8.39	34.06568803342391	144.65275213369563
302	-203.06277720414369	431.6051502635862	143.8683834211954	203.06277720414369	33.869595855298854	-296.1267668423908	-169.19318134884483	143.8683834211954	-33.869595855298854	143.8683834211954	143.8683834211954	-143.8683834211954	-33.869595855298854	-33.869595855298854	33.869595855298854	296.1267668423908	143.8683834211954	33.869595855298854	33.869595855298854	-33.869595855298854	296.1267668423908	-143.8683834211954	296.1267668423908	-296.1267668423908	-135.4783834211954	33.869595855298854	33.869595855298854	-135.47838342119542	-33.869595855298854	8.39	33.869595855298854	143.8683834211954
303	-415.5645494989413	895.2453807249626	298.4151269083209	415.5645494989413	72.50628172708022	-605.2202538166417	-343.0582677718611	298.4151269083209	-72.50628172708022	298.4151269083209	298.4151269083209	-298.4151269083209	-72.50628172708022	-72.50628172708022	72.50628172708022	605.2202538166417	298.4151269083209	72.50628172708022	72.50628172708022	-72.50628172708022	605.2202538166417	-298.4151269083209	605.2202538166417	-605.2202538166417	-290.0251269083209	72.50628172708022	72.50628172708022	-290.0251269083209	-72.50628172708022	8.39	72.50628172708022	298.4151269083209
304	-406.95368088630335	876.4580310246619	292.1526770082206	406.95368088630335	70.94066925205516	-592.6953540164412	-336.0130116342482	292.1526770082206	-70.94066925205516	292.1526770082206	292.1526770082206	-292.1526770082206	-70.94066925205516	-70.94066925205516	70.94066925205516	592.6953540164412	292.1526770082206	70.94066925205516	70.94066925205516	-70.94066925205516	592.6953540164412	-292.1526770082206	592.6953540164412	-592.6953540164412	-283.76267700822063	70.94066925205516	70.94066925205516	-283.76267700822063	-70.94066925205516	8.39	70.94066925205516	292.1526770082206
305	-397.2426918584884	855.2704186003384	285.0901395334461	397.2426918584884	69.17503488336153	-578.5702790668922	-328.06765697512685	285.0901395334461	-69.17503488336153	285.0901395334461	285.0901395334461	-285.0901395334461	-69.17503488336153	-69.17503488336153	69.17503488336153	578.5702790668922	285.0901395334461	69.17503488336153	69.17503488336153	-69.17503488336153	578.5702790668922	-285.0901395334461	578.5702790668922	-578.5702790668922	-276.7001395334461	69.17503488336153	69.17503488336153	-276.7001395334462	-69.17503488336153	8.39	69.17503488336153	285.0901395334461
306	-341.43517140828175	733.5085557998874	244.5028519332958	341.43517140828175	59.028212983323954	-497.3957038665916	-282.40695842495785	244.5028519332958	-59.028212983323954	244.5028519332958	244.5028519332958	-244.5028519332958	-59.028212983323954	-59.028212983323954	59.028212983323954	497.3957038665916	244.5028519332958	59.028212983323954	59.028212983323954	-59.028212983323954	497.3957038665916	-244.5028519332958	497.3957038665916	-497.3957038665916	-236.11285193329587	59.028212983323954	59.028212983323954	-236.11285193329581	-59.028212983323954	8.39	59.028212983323954	244.5028519332958
307	-280.2178080412318	599.9433993626876	199.9811331208959	280.2178080412318	47.897783280223976	-408.35226624179177	-232.32002476100786	199.9811331208959	-47.897783280223976	199.9811331208959	199.9811331208959	-199.9811331208959	-47.897783280223976	-47.897783280223976	47.897783280223976	408.35226624179177	199.9811331208959	47.897783280223976	47.897783280223976	-47.897783280223976	408.35226624179177	-199.9811331208959	408.35226624179177	-408.35226624179177	-191.59113312089585	47.897783280223976	47.897783280223976	-191.59113312089585	-47.897783280223976	8.39	47.897783280223976	199.9811331208959
308	-447.9332101540758	965.8679130634382	321.95597102114607	447.9332101540758	78.3914927552865	-652.3019420422921	-369.54171739878933	321.95597102114607	-78.3914927552865	321.95597102114607	321.95597102114607	-321.95597102114607	-78.3914927552865	-78.3914927552865	78.3914927552865	652.3019420422921	321.95597102114607	78.3914927552865	78.3914927552865	-78.3914927552865	652.3019420422921	-321.95597102114607	652.3019420422921	-652.3019420422921	-313.5659710211462	78.3914927552865	78.3914927552865	-313.5659710211461	-78.3914927552865	8.39	78.3914927552865	321.95597102114607
309	-440.3663360216763	949.3583695018392	316.4527898339464	440.3663360216763	77.0156974584866	-641.2955796678928	-363.3506385631897	316.4527898339464	-77.0156974584866	316.4527898339464	316.4527898339464	-316.4527898339464	-77.0156974584866	-77.01569745848661	77.0156974584866	641.2955796678928	316.4527898339464	77.0156974584866	77.0156974584866	-77.0156974584866	641.2955796678928	-316.4527898339464	641.2955796678928	-641.2955796678928	-308.0627898339463	77.01569745848661	77.0156974584866	-308.06278983394645	-77.0156974584866	8.39	77.0156974584866	316.4527898339464
310	-418.7957650209199	902.2953055001888	300.7651018333963	418.7957650209199	73.09377545834907	-609.9202036667925	-345.7019895625708	300.7651018333963	-73.09377545834907	300.7651018333963	300.7651018333963	-300.7651018333963	-73.09377545834907	-73.09377545834906	73.09377545834907	609.9202036667925	300.7651018333963	73.09377545834907	73.09377545834907	-73.09377545834907	609.9202036667925	-300.7651018333963	609.9202036667925	-609.9202036667925	-292.3751018333962	73.09377545834906	73.09377545834907	-292.37510183339623	-73.09377545834907	8.39	73.09377545834907	300.7651018333963
311	-358.6225339085569	771.0082558004877	257.0027519334959	358.6225339085569	62.15318798337398	-522.3955038669918	-296.4693459251829	257.0027519334959	-62.15318798337398	257.0027519334959	257.0027519334959	-257.0027519334959	-62.15318798337398	-62.15318798337398	62.15318798337398	522.3955038669918	257.0027519334959	62.15318798337398	62.15318798337398	-62.15318798337398	522.3955038669918	-257.0027519334959	522.3955038669918	-522.3955038669918	-248.61275193349582	62.15318798337398	62.15318798337398	-248.61275193349593	-62.15318798337398	8.39	62.15318798337398	257.0027519334959
312	-357.5440269288691	768.655149662987	256.2183832209957	357.5440269288691	61.95709580524893	-520.8267664419914	-295.58693112362016	256.2183832209957	-61.95709580524893	256.2183832209957	256.2183832209957	-256.2183832209957	-61.95709580524893	-61.95709580524891	61.95709580524893	520.8267664419914	256.2183832209957	61.95709580524893	61.95709580524893	-61.95709580524893	520.8267664419914	-256.2183832209957	520.8267664419914	-520.8267664419914	-247.8283832209956	61.95709580524891	61.95709580524893	-247.82838322099565	-61.95709580524893	8.39	61.95709580524893	256.2183832209957
313	-259.743241858488	555.2716186003374	185.09053953344582	259.743241858488	44.175134883361444	-378.5710790668917	-215.5681069751265	185.09053953344582	-44.175134883361444	185.09053953344582	185.09053953344582	-185.09053953344582	-44.175134883361444	-44.175134883361466	44.175134883361444	378.5710790668917	185.09053953344582	44.175134883361444	44.175134883361444	-44.175134883361444	378.5710790668917	-185.09053953344582	378.5710790668917	-378.5710790668917	-176.70053953344583	44.175134883361466	44.175134883361444	-176.70053953344575	-44.175134883361444	8.39	44.175134883361444	185.09053953344585
314	-355.39131838657846	763.9583310252622	254.6527770084207	355.39131838657846	61.565694252105175	-517.6955540168415	-293.8256241344733	254.6527770084207	-61.565694252105175	254.6527770084207	254.6527770084207	-254.6527770084207	-61.565694252105175	-61.565694252105175	61.565694252105175	517.6955540168415	254.6527770084207	61.565694252105175	61.565694252105175	-61.565694252105175	517.6955540168415	-254.6527770084207	517.6955540168415	-517.6955540168415	-246.26277700842067	61.565694252105175	61.565694252105175	-246.2627770084207	-61.565694252105175	8.39	61.565694252105175	254.65277700842074
315	-340.35666442859406	731.1554496623871	243.71848322079572	340.35666442859406	58.832120805198926	-495.8269664415915	-281.5245436233951	243.71848322079572	-58.832120805198926	243.71848322079572	243.71848322079572	-243.71848322079572	-58.832120805198926	-58.832120805198926	58.832120805198926	495.8269664415915	243.71848322079572	58.832120805198926	58.832120805198926	-58.832120805198926	495.8269664415915	-243.71848322079572	495.8269664415915	-495.8269664415915	-235.32848322079568	58.832120805198926	58.832120805198926	-235.32848322079565	-58.832120805198926	8.39	58.832120805198926	243.71848322079575
316	-303.82895588685324	651.4586310258616	217.15287700862052	303.82895588685324	52.190719252155134	-442.69575401724103	-251.63823663469807	217.15287700862052	-52.190719252155134	217.15287700862052	217.15287700862052	-217.15287700862052	-52.190719252155134	-52.190719252155134	52.190719252155134	442.69575401724103	217.15287700862052	52.190719252155134	52.190719252155134	-52.190719252155134	442.69575401724103	-217.15287700862052	442.69575401724103	-442.69575401724103	-208.76287700862053	52.190719252155134	52.190719252155134	-208.76287700862053	-52.190719252155134	8.39	52.190719252155134	217.15287700862052
317	-299.53213244914684	642.0837435254114	214.02791450847045	299.53213244914684	51.40947862711761	-436.44582901694093	-248.12265382202926	214.02791450847045	-51.40947862711761	214.02791450847045	214.02791450847045	-214.02791450847045	-51.40947862711761	-51.40947862711758	51.40947862711761	436.44582901694093	214.02791450847045	51.40947862711761	51.40947862711761	-51.40947862711761	436.44582901694093	-214.02791450847045	436.44582901694093	-436.44582901694093	-205.63791450847057	51.40947862711758	51.40947862711761	-205.63791450847043	-51.40947862711761	8.39	51.40947862711761	214.02791450847047
318	-290.95563856150966	623.3713932251121	207.7904644083707	290.95563856150966	49.85011610209267	-423.97092881674143	-241.10552245941702	207.7904644083707	-49.85011610209267	207.7904644083707	207.7904644083707	-207.7904644083707	-49.85011610209267	-49.85011610209264	49.85011610209267	423.97092881674143	207.7904644083707	49.85011610209267	49.85011610209267	-49.85011610209267	423.97092881674143	-207.7904644083707	423.97092881674143	-423.97092881674143	-199.40046440837082	49.85011610209264	49.85011610209267	-199.40046440837068	-49.85011610209267	8.39	49.85011610209267	207.79046440837072
319	-278.0650994989408	595.2465807249619	198.41552690832063	278.0650994989408	47.50638172708015	-405.2210538166413	-230.55871777186067	198.41552690832063	-47.50638172708015	198.41552690832063	198.41552690832063	-198.41552690832063	-47.50638172708015	-47.50638172708014	47.50638172708015	405.2210538166413	198.41552690832063	47.50638172708015	47.50638172708015	-47.50638172708015	405.2210538166413	-198.41552690832063	405.2210538166413	-405.2210538166413	-190.02552690832064	47.50638172708014	47.50638172708015	-190.02552690832056	-47.50638172708015	8.39	47.50638172708015	198.41552690832066
320	-271.6069394285938	581.1560496623864	193.71868322079547	271.6069394285938	46.33217080519887	-395.8273664415909	-225.27476862339492	193.71868322079547	-46.33217080519887	193.71868322079547	193.71868322079547	-193.71868322079547	-46.33217080519887	-46.3321708051989	46.33217080519887	395.8273664415909	193.71868322079547	46.33217080519887	46.33217080519887	-46.33217080519887	395.8273664415909	-193.71868322079547	395.8273664415909	-395.8273664415909	-185.32868322079537	46.3321708051989	46.33217080519887	-185.32868322079548	-46.33217080519887	8.39	46.33217080519887	193.71868322079547
321	-222.34286411150953	473.6707944251117	157.89026480837057	222.34286411150953	37.37506620209264	-324.1705296167412	-184.96779790941687	157.89026480837057	-37.37506620209264	157.89026480837057	157.89026480837057	-157.89026480837057	-37.37506620209264	-37.375066202092654	37.37506620209264	324.1705296167412	157.89026480837057	37.37506620209264	37.37506620209264	-37.37506620209264	324.1705296167412	-157.89026480837057	324.1705296167412	-324.1705296167412	-149.50026480837047	37.375066202092654	37.37506620209264	-149.5002648083705	-37.37506620209264	8.39	37.37506620209264	157.8902648083706
322	-200.910068661853	426.90833162586114	142.30277720862037	200.910068661853	33.47819430215509	-292.9955544172408	-167.4318743596979	142.30277720862037	-33.47819430215509	142.30277720862037	142.30277720862037	-142.30277720862037	-33.47819430215509	-33.47819430215509	33.47819430215509	292.9955544172408	142.30277720862037	33.47819430215509	33.47819430215509	-33.47819430215509	292.9955544172408	-142.30277720862037	292.9955544172408	-292.9955544172408	-133.91277720862038	33.47819430215509	33.47819430215509	-133.91277720862035	-33.47819430215509	8.39	33.47819430215509	142.3027772086204
323	-442.52767265431703	954.0740130639645	318.02467102132147	442.52767265431703	77.40866775533037	-644.4393420426429	-365.11900489898665	318.02467102132147	-77.40866775533037	318.02467102132147	318.02467102132147	-318.02467102132147	-77.40866775533037	-77.40866775533037	77.40866775533037	644.4393420426429	318.02467102132147	77.40866775533037	77.40866775533037	-77.40866775533037	644.4393420426429	-318.02467102132147	644.4393420426429	-644.4393420426429	-309.6346710213215	77.40866775533037	77.40866775533037	-309.63467102132154	-77.40866775533037	8.39	77.40866775533037	318.02467102132147
324	-376.892726061785	810.8704932257128	270.29016440857094	376.892726061785	65.47504110214274	-548.9703288171419	-311.4176849596423	270.29016440857094	-65.47504110214274	270.29016440857094	270.29016440857094	-270.29016440857094	-65.47504110214274	-65.47504110214271	65.47504110214274	548.9703288171419	270.29016440857094	65.47504110214274	65.47504110214274	-65.47504110214274	548.9703288171419	-270.29016440857094	548.9703288171419	-548.9703288171419	-261.90016440857096	65.47504110214271	65.47504110214274	-261.90016440857096	-65.47504110214274	8.39	65.47504110214274	270.29016440857094
325	-461.9539216835572	996.4585564004884	332.15285213349614	461.9539216835572	80.94071303337402	-672.6957042669923	-381.0132086501832	332.15285213349614	-80.94071303337402	332.15285213349614	332.15285213349614	-332.15285213349614	-80.94071303337402	-80.94071303337402	80.94071303337402	672.6957042669923	332.15285213349614	80.94071303337402	80.94071303337402	-80.94071303337402	672.6957042669923	-332.15285213349614	672.6957042669923	-672.6957042669923	-323.76285213349604	80.94071303337402	80.94071303337402	-323.76285213349615	-80.94071303337402	8.39	80.94071303337402	332.15285213349614
326	-449.01171713376357	968.2210192009387	322.74033973364624	449.01171713376357	78.58758493341155	-653.8706794672925	-370.424132200352	322.74033973364624	-78.58758493341155	322.74033973364624	322.74033973364624	-322.74033973364624	-78.58758493341155	-78.58758493341155	78.58758493341155	653.8706794672925	322.74033973364624	78.58758493341155	78.58758493341155	-78.58758493341155	653.8706794672925	-322.74033973364624	653.8706794672925	-653.8706794672925	-314.35033973364625	78.58758493341155	78.58758493341155	-314.35033973364625	-78.58758493341155	8.39	78.58758493341155	322.74033973364624
327	-409.1063894285943	881.1548496623875	293.71828322079585	409.1063894285943	71.33207080519897	-595.8265664415917	-337.77431862339535	293.71828322079585	-71.33207080519897	293.71828322079585	293.71828322079585	-293.71828322079585	-71.33207080519897	-71.33207080519897	71.33207080519897	595.8265664415917	293.71828322079585	71.33207080519897	71.33207080519897	-71.33207080519897	595.8265664415917	-293.71828322079585	595.8265664415917	-595.8265664415917	-285.328283220796	71.33207080519897	71.33207080519897	-285.3282832207958	-71.33207080519897	8.39	71.33207080519897	293.71828322079585
328	-366.15489554150713	787.4424993632883	262.4808331210961	366.15489554150713	63.522708280274024	-533.3516662421922	-302.6321872612331	262.4808331210961	-63.522708280274024	262.4808331210961	262.4808331210961	-262.4808331210961	-63.522708280274024	-63.522708280274024	63.522708280274024	533.3516662421922	262.4808331210961	63.522708280274024	63.522708280274024	-63.522708280274024	533.3516662421922	-262.4808331210961	533.3516662421922	-533.3516662421922	-254.09083312109618	63.522708280274024	63.522708280274024	-254.09083312109613	-63.522708280274024	8.39	63.522708280274024	262.4808331210961
329	-364.0021869992163	782.7456807255628	260.91522690852094	364.0021869992163	63.13130672713023	-530.2204538170419	-300.8708802720861	260.91522690852094	-63.13130672713023	260.91522690852094	260.91522690852094	-260.91522690852094	-63.13130672713023	-63.13130672713023	63.13130672713023	530.2204538170419	260.91522690852094	63.13130672713023	63.13130672713023	-63.13130672713023	530.2204538170419	-260.91522690852094	530.2204538170419	-530.2204538170419	-252.52522690852095	63.13130672713023	63.13130672713023	-252.52522690852095	-63.13130672713023	8.39	63.13130672713023	260.91522690852094
330	-305.9816644291441	656.1554496635871	218.7184832211957	305.9816644291441	52.58212080529892	-445.8269664423914	-253.39954362384515	218.7184832211957	-52.58212080529892	218.7184832211957	218.7184832211957	-218.7184832211957	-52.58212080529892	-52.58212080529892	52.58212080529892	445.8269664423914	218.7184832211957	52.58212080529892	52.58212080529892	-52.58212080529892	445.8269664423914	-218.7184832211957	445.8269664423914	-445.8269664423914	-210.3284832211957	52.58212080529892	52.58212080529892	-210.3284832211957	-52.58212080529892	8.39	52.58212080529892	218.7184832211957
331	-269.4542308863031	576.4592310246612	192.1530770082204	269.4542308863031	45.9407692520551	-392.6961540164408	-223.513461634248	192.1530770082204	-45.9407692520551	192.1530770082204	192.1530770082204	-192.1530770082204	-45.9407692520551	-45.9407692520551	45.9407692520551	392.6961540164408	192.1530770082204	45.9407692520551	45.9407692520551	-45.9407692520551	392.6961540164408	-192.1530770082204	392.6961540164408	-392.6961540164408	-183.76307700822034	45.9407692520551	45.9407692520551	-183.76307700822042	-45.9407692520551	8.39	45.9407692520551	192.1530770082204
332	-458.7227061615787	989.4086316252627	329.8028772084209	458.7227061615787	80.35321930210523	-667.9957544168418	-378.3694868594735	329.8028772084209	-80.35321930210523	329.8028772084209	329.8028772084209	-329.8028772084209	-80.35321930210523	-80.35321930210523	80.35321930210523	667.9957544168418	329.8028772084209	80.35321930210523	80.35321930210523	-80.35321930210523	667.9957544168418	-329.8028772084209	667.9957544168418	-667.9957544168418	-321.41287720842087	80.35321930210523	80.35321930210523	-321.4128772084209	-80.35321930210523	8.39	80.35321930210523	329.8028772084209
333	-439.28782904198863	947.005263364339	315.66842112144633	439.28782904198863	76.81960528036159	-639.7268422428926	-362.4682237616271	315.66842112144633	-76.81960528036159	315.66842112144633	315.66842112144633	-315.66842112144633	-76.81960528036159	-76.81960528036159	76.81960528036159	639.7268422428926	315.66842112144633	76.81960528036159	76.81960528036159	-76.81960528036159	639.7268422428926	-315.66842112144633	639.7268422428926	-639.7268422428926	-307.27842112144634	76.81960528036159	76.81960528036159	-307.2784211214464	-76.81960528036159	8.39	76.81960528036159	315.66842112144633
334	-428.4550885615102	923.3701932251133	307.7900644083711	428.4550885615102	74.85001610209278	-623.9701288167422	-353.6050724594174	307.7900644083711	-74.85001610209278	307.7900644083711	307.7900644083711	-307.7900644083711	-74.85001610209278	-74.85001610209278	74.85001610209278	623.9701288167422	307.7900644083711	74.85001610209278	74.85001610209278	-74.85001610209278	623.9701288167422	-307.7900644083711	623.9701288167422	-623.9701288167422	-299.40006440837107	74.85001610209278	74.85001610209278	-299.4000644083711	-74.85001610209278	8.39	74.85001610209278	307.7900644083711
335	-394.0114763365101	848.2204938251131	282.740164608371	394.0114763365101	68.58754115209275	-573.870329216742	-325.42393518441736	282.740164608371	-68.58754115209275	282.740164608371	282.740164608371	-282.740164608371	-68.58754115209275	-68.58754115209275	68.58754115209275	573.870329216742	282.740164608371	68.58754115209275	68.58754115209275	-68.58754115209275	573.870329216742	-282.740164608371	573.870329216742	-573.870329216742	-274.350164608371	68.58754115209275	68.58754115209275	-274.3501646083711	-68.58754115209275	8.39	68.58754115209275	282.740164608371
336	-351.0944949488721	754.583443524812	251.52781450827067	351.0944949488721	60.78445362706766	-511.4456290165414	-290.3100413218045	251.52781450827067	-60.78445362706766	251.52781450827067	251.52781450827067	-251.52781450827067	-60.78445362706766	-60.78445362706766	60.78445362706766	511.4456290165414	251.52781450827067	60.78445362706766	60.78445362706766	-60.78445362706766	511.4456290165414	-251.52781450827067	511.4456290165414	-511.4456290165414	-243.13781450827068	60.78445362706766	60.78445362706766	-243.1378145082706	-60.78445362706766	8.39	60.78445362706766	251.5278145082707
337	-327.41445987880036	702.9179124628372	234.30597082094573	327.41445987880036	56.478992705236436	-477.00194164189145	-270.9354671735639	234.30597082094573	-56.478992705236436	234.30597082094573	234.30597082094573	-234.30597082094573	-56.478992705236436	-56.478992705236436	56.478992705236436	477.00194164189145	234.30597082094573	56.478992705236436	56.478992705236436	-56.478992705236436	477.00194164189145	-234.30597082094573	477.00194164189145	-477.00194164189145	-225.91597082094572	56.478992705236436	56.478992705236436	-225.91597082094574	-56.478992705236436	8.39	56.478992705236436	234.30597082094573
338	-281.2963150209194	602.2965055001879	200.76550183339597	281.2963150209194	48.09387545834899	-409.921003666792	-233.20243956257042	200.76550183339597	-48.09387545834899	200.76550183339597	200.76550183339597	-200.76550183339597	-48.09387545834899	-48.09387545834899	48.09387545834899	409.921003666792	200.76550183339597	48.09387545834899	48.09387545834899	-48.09387545834899	409.921003666792	-200.76550183339597	409.921003666792	-409.921003666792	-192.375501833396	48.09387545834899	48.09387545834899	-192.3755018333959	-48.09387545834899	8.39	48.09387545834899	200.765501833396
339	-272.68544640828156	583.5091557998871	194.50305193329572	272.68544640828156	46.52826298332393	-397.3961038665915	-226.15718342495762	194.50305193329572	-46.52826298332393	194.50305193329572	194.50305193329572	-194.50305193329572	-46.52826298332393	-46.52826298332393	46.52826298332393	397.3961038665915	194.50305193329572	46.52826298332393	46.52826298332393	-46.52826298332393	397.3961038665915	-194.50305193329572	397.3961038665915	-397.3961038665915	-186.11305193329568	46.52826298332393	46.52826298332393	-186.11305193329565	-46.52826298332393	8.39	46.52826298332393	194.50305193329575
340	-239.46161438623466	511.0207950245119	170.34026500817063	239.46161438623466	40.487566252042654	-349.0705300163413	-198.974048134192	170.34026500817063	-40.487566252042654	170.34026500817063	170.34026500817063	-170.34026500817063	-40.487566252042654	-40.487566252042654	40.487566252042654	349.0705300163413	170.34026500817063	40.487566252042654	40.487566252042654	-40.487566252042654	349.0705300163413	-170.34026500817063	349.0705300163413	-349.0705300163413	-161.95026500817065	40.487566252042654	40.487566252042654	-161.95026500817062	-40.487566252042654	8.39	40.487566252042654	170.34026500817066
341	-307.0601714088318	658.5085558010876	219.50285193369587	307.0601714088318	52.77821298342397	-447.3957038673917	-254.28195842540785	219.50285193369587	-52.77821298342397	219.50285193369587	219.50285193369587	-219.50285193369587	-52.77821298342397	-52.77821298342397	52.77821298342397	447.3957038673917	219.50285193369587	52.77821298342397	52.77821298342397	-52.77821298342397	447.3957038673917	-219.50285193369587	447.3957038673917	-447.3957038673917	-211.11285193369577	52.77821298342397	52.77821298342397	-211.11285193369588	-52.77821298342397	8.39	52.77821298342397	219.50285193369584
342	-325.26175133650975	698.2210938251121	232.74036460837073	325.26175133650975	56.087591152092685	-473.87072921674144	-269.1741601844171	232.74036460837073	-56.087591152092685	232.74036460837073	232.74036460837073	-232.74036460837073	-56.087591152092685	-56.087591152092685	56.087591152092685	473.87072921674144	232.74036460837073	56.087591152092685	56.087591152092685	-56.087591152092685	473.87072921674144	-232.74036460837073	473.87072921674144	-473.87072921674144	-224.35036460837068	56.087591152092685	56.087591152092685	-224.35036460837068	-56.087591152092685	8.39	56.087591152092685	232.7403646083707
343	-429.5335955411976	925.723299362613	308.574433120871	429.5335955411976	75.04610828021775	-625.538866241742	-354.48748726097983	308.574433120871	-75.04610828021775	308.574433120871	308.574433120871	-308.574433120871	-75.04610828021775	-75.04610828021775	75.04610828021775	625.538866241742	308.574433120871	75.04610828021775	75.04610828021775	-75.04610828021775	625.538866241742	-308.574433120871	625.538866241742	-625.538866241742	-300.18443312087106	75.04610828021775	75.04610828021775	-300.184433120871	-75.04610828021775	8.39	75.04610828021775	308.574433120871
344	-338.2039558863031	726.4586310246614	242.15287700822046	338.2039558863031	58.44071925205512	-492.6957540164409	-279.76323663424796	242.15287700822046	-58.44071925205511	242.15287700822046	242.15287700822046	-242.15287700822046	-58.44071925205511	-58.44071925205512	58.44071925205511	492.6957540164409	242.15287700822046	58.44071925205512	58.44071925205512	-58.44071925205512	492.6957540164409	-242.15287700822046	492.6957540164409	-492.6957540164409	-233.76287700822047	58.44071925205512	58.44071925205511	-233.76287700822044	-58.44071925205512	8.39	58.44071925205511	242.15287700822046
345	-258.66473487880035	552.918512462837	184.30617082094568	258.66473487880035	43.979042705236424	-377.00234164189135	-214.68569217356392	184.30617082094568	-43.979042705236424	184.30617082094568	184.30617082094568	-184.30617082094568	-43.979042705236424	-43.979042705236424	43.979042705236424	377.00234164189135	184.30617082094568	43.979042705236424	43.979042705236424	-43.979042705236424	377.00234164189135	-184.30617082094568	377.00234164189135	-377.00234164189135	-175.9161708209456	43.979042705236424	43.979042705236424	-175.91617082094567	-43.979042705236424	8.39	43.979042705236424	184.30617082094568
346	-460.8754147038695	994.1054502629881	331.36848342099603	460.8754147038695	80.74462085524901	-671.126966841992	-380.1307938486205	331.36848342099603	-80.74462085524901	331.36848342099603	331.36848342099603	-331.36848342099603	-80.74462085524901	-80.74462085524901	80.74462085524901	671.126966841992	331.36848342099603	80.74462085524901	80.74462085524901	-80.74462085524901	671.126966841992	-331.36848342099603	671.126966841992	-671.126966841992	-322.9784834209959	80.74462085524901	80.74462085524901	-322.9784834209961	-80.74462085524901	8.39	80.74462085524901	331.36848342099603
347	-396.1641848788008	852.9173124628383	284.30577082094607	396.1641848788008	68.97894270523652	-577.0015416418921	-327.1852421735643	284.30577082094607	-68.97894270523652	284.30577082094607	284.30577082094607	-284.30577082094607	-68.97894270523652	-68.97894270523653	68.97894270523652	577.0015416418921	284.30577082094607	68.97894270523652	68.97894270523652	-68.97894270523652	577.0015416418921	-284.30577082094607	577.0015416418921	-577.0015416418921	-275.9157708209462	68.97894270523653	68.97894270523652	-275.91577082094614	-68.97894270523652	8.39	68.97894270523652	284.30577082094607
348	-456.5721546332469	984.7165191998115	328.2388397332705	456.5721546332469	79.96220993331762	-664.867679466541	-376.60994469992926	328.2388397332705	-79.96220993331762	328.2388397332705	328.2388397332705	-328.2388397332705	-79.96220993331762	-79.96220993331762	79.96220993331762	664.867679466541	328.2388397332705	79.96220993331762	79.96220993331762	-79.96220993331762	664.867679466541	-328.2388397332705	664.867679466541	-664.867679466541	-319.8488397332705	79.96220993331762	79.96220993331762	-319.84883973327055	-79.96220993331762	8.39	79.96220993331762	328.2388397332705
349	-362.92583703348794	780.3972808003374	260.1324269334458	362.92583703348794	62.93560673336145	-528.6548538668916	-299.9902303001265	260.1324269334458	-62.93560673336145	260.1324269334458	260.1324269334458	-260.1324269334458	-62.93560673336145	-62.93560673336145	62.93560673336145	528.6548538668916	260.1324269334458	62.93560673336145	62.93560673336145	-62.93560673336145	528.6548538668916	-260.1324269334458	528.6548538668916	-528.6548538668916	-251.74242693344578	62.93560673336145	62.93560673336145	-251.7424269334458	-62.93560673336145	8.39	62.93560673336145	260.1324269334458
350	-323.11119980817847	693.5289813996621	231.17632713322072	323.11119980817847	55.69658178330518	-470.7426542664415	-267.41461802487333	231.17632713322072	-55.69658178330518	231.17632713322072	231.17632713322072	-231.17632713322072	-55.69658178330518	-55.69658178330518	55.69658178330518	470.7426542664415	231.17632713322072	55.69658178330518	55.69658178330518	-55.69658178330518	470.7426542664415	-231.17632713322072	470.7426542664415	-470.7426542664415	-222.78632713322077	55.69658178330518	55.69658178330518	-222.78632713322065	-55.69658178330518	8.39	55.69658178330518	231.17632713322075
351	-297.38158092081557	637.3916310999612	212.4638770333204	297.38158092081557	51.0184692583301	-433.31775406664076	-246.36311166248547	212.4638770333204	-51.0184692583301	212.4638770333204	212.4638770333204	-212.4638770333204	-51.0184692583301	-51.0184692583301	51.0184692583301	433.31775406664076	212.4638770333204	51.0184692583301	51.0184692583301	-51.0184692583301	433.31775406664076	-212.4638770333204	433.31775406664076	-433.31775406664076	-204.0738770333204	51.0184692583301	51.0184692583301	-204.0738770333204	-51.0184692583301	8.39	51.0184692583301	212.4638770333204
352	-279.1414580755035	597.5949994374622	199.19833314582073	279.1414580755035	47.70208328645518	-406.7866662916415	-231.43937478904832	199.19833314582073	-47.70208328645518	199.19833314582073	199.19833314582073	-199.19833314582073	-47.70208328645518	-47.70208328645518	47.70208328645518	406.7866662916415	199.19833314582073	47.70208328645518	47.70208328645518	-47.70208328645518	406.7866662916415	-199.19833314582073	406.7866662916415	-406.7866662916415	-190.8083331458207	47.70208328645518	47.70208328645518	-190.8083331458207	-47.70208328645518	8.39	47.70208328645518	199.19833314582075
353	-413.4139979706098	890.5532682995122	296.8510894331707	413.4139979706098	72.11527235829269	-602.0921788663414	-341.29872561231707	296.8510894331707	-72.11527235829269	296.8510894331707	296.8510894331707	-296.8510894331707	-72.11527235829269	-72.11527235829269	72.11527235829269	602.0921788663414	296.8510894331707	72.11527235829269	72.11527235829269	-72.11527235829269	602.0921788663414	-296.8510894331707	602.0921788663414	-602.0921788663414	-288.4610894331705	72.11527235829269	72.11527235829269	-288.46108943317074	-72.11527235829269	8.39	72.11527235829269	296.8510894331707
354	-405.8773309205752	874.1096310994368	291.3698770331456	405.8773309205752	70.7449692582864	-591.1297540662912	-335.1323616622888	291.3698770331456	-70.7449692582864	291.3698770331456	291.3698770331456	-291.3698770331456	-70.7449692582864	-70.7449692582864	70.7449692582864	591.1297540662912	291.3698770331456	70.7449692582864	70.7449692582864	-70.7449692582864	591.1297540662912	-291.3698770331456	591.1297540662912	-591.1297540662912	-282.97987703314567	70.7449692582864	70.7449692582864	-282.9798770331456	-70.7449692582864	8.39	70.7449692582864	291.3698770331456
355	-348.94394342054056	749.8913310993613	249.96377703312044	348.94394342054056	60.39344425828011	-508.31755406624086	-288.55049916226045	249.96377703312044	-60.39344425828011	249.96377703312044	249.96377703312044	-249.96377703312044	-60.39344425828011	-60.39344425828011	60.39344425828011	508.31755406624086	249.96377703312044	60.39344425828011	60.39344425828011	-60.39344425828011	508.31755406624086	-249.96377703312044	508.31755406624086	-508.31755406624086	-241.5737770331205	60.39344425828011	60.39344425828011	-241.57377703312045	-60.39344425828011	8.39	60.39344425828011	249.96377703312044
356	-337.1276059205748	724.110231099436	241.37007703314532	337.1276059205748	58.245019258286334	-491.13015406629063	-278.8825866622885	241.37007703314532	-58.245019258286334	241.37007703314532	241.37007703314532	-241.37007703314532	-58.245019258286334	-58.245019258286334	58.245019258286334	491.13015406629063	241.37007703314532	58.245019258286334	58.245019258286334	-58.245019258286334	491.13015406629063	-241.37007703314532	491.13015406629063	-491.13015406629063	-232.98007703314528	58.245019258286334	58.245019258286334	-232.98007703314534	-58.245019258286334	8.39	58.245019258286334	241.37007703314532
357	-198.75951713352146	422.2162192004104	140.73873973347014	198.75951713352146	33.08718493336754	-289.86747946694027	-165.6723322001539	140.73873973347014	-33.08718493336754	140.73873973347014	140.73873973347014	-140.73873973347014	-33.08718493336754	-33.08718493336754	33.08718493336754	289.86747946694027	140.73873973347014	33.08718493336754	33.08718493336754	-33.08718493336754	289.86747946694027	-140.73873973347014	289.86747946694027	-289.86747946694027	-132.34873973347015	33.08718493336754	33.08718493336754	-132.34873973347015	-33.08718493336754	8.39	33.08718493336754	140.73873973347014
358	-385.4371394628322	829.5128497370883	276.5042832456961	385.4371394628322	67.02857081142403	-561.3985664913922	-318.4085686514082	276.5042832456961	-67.02857081142403	276.5042832456961	276.5042832456961	-276.5042832456961	-67.02857081142403	-67.02857081142403	67.02857081142403	561.3985664913922	276.5042832456961	67.02857081142403	67.02857081142403	-67.02857081142403	561.3985664913922	-276.5042832456961	561.3985664913922	-561.3985664913922	-268.11428324569613	67.02857081142403	67.02857081142403	-268.11428324569613	-67.02857081142403	8.39	67.02857081142403	276.5042832456961
359	-289.87928859578136	621.0229932998866	207.00766443329553	289.87928859578136	49.654416108323886	-422.40532886659105	-240.22487248745747	207.00766443329553	-49.654416108323886	207.00766443329553	207.00766443329553	-207.00766443329553	-49.654416108323886	-49.654416108323886	49.654416108323886	422.40532886659105	207.00766443329553	49.654416108323886	49.654416108323886	-49.654416108323886	422.40532886659105	-207.00766443329553	422.40532886659105	-422.40532886659105	-198.61766443329557	49.654416108323886	49.654416108323886	-198.61766443329554	-49.654416108323886	8.39	49.654416108323886	207.00766443329553
360	-192.31857880039976	408.16326283723583	136.05442094574528	192.31857880039976	31.91610523643632	-280.49884189149054	-160.4024735639634	136.05442094574528	-31.91610523643632	136.05442094574528	136.05442094574528	-136.05442094574528	-31.91610523643632	-31.91610523643632	31.91610523643632	280.49884189149054	136.05442094574528	31.91610523643632	31.91610523643632	-31.91610523643632	280.49884189149054	-136.05442094574528	280.49884189149054	-280.49884189149054	-127.66442094574528	31.91610523643632	31.91610523643632	-127.66442094574529	-31.91610523643632	8.39	31.91610523643632	136.05442094574528
361	-459.7990647381412	991.7570503377625	330.58568344592084	459.7990647381412	80.54892086148021	-669.5613668918417	-379.250143876661	330.58568344592084	-80.54892086148021	330.58568344592084	330.58568344592084	-330.58568344592084	-80.54892086148021	-80.54892086148021	80.54892086148021	669.5613668918417	330.58568344592084	80.54892086148021	80.54892086148021	-80.54892086148021	669.5613668918417	-330.58568344592084	669.5613668918417	-669.5613668918417	-322.1956834459206	80.54892086148021	80.54892086148021	-322.19568344592085	-80.54892086148021	8.39	80.54892086148021	330.58568344592084
362	-438.21147907626033	944.6568634391134	314.88562114637114	438.21147907626033	76.62390528659279	-638.1612422927423	-361.58757378966754	314.88562114637114	-76.62390528659279	314.88562114637114	314.88562114637114	-314.88562114637114	-76.62390528659279	-76.62390528659279	76.62390528659279	638.1612422927423	314.88562114637114	76.62390528659279	76.62390528659279	-76.62390528659279	638.1612422927423	-314.88562114637114	638.1612422927423	-638.1612422927423	-306.49562114637104	76.62390528659279	76.62390528659279	-306.49562114637115	-76.62390528659279	8.39	76.62390528659279	314.88562114637114
363	-426.30453703317863	918.6780807996626	306.22602693322085	426.30453703317863	74.45900673330522	-620.8420538664417	-351.8455302998734	306.22602693322085	-74.45900673330522	306.22602693322085	306.22602693322085	-306.22602693322085	-74.45900673330522	-74.45900673330522	74.45900673330522	620.8420538664417	306.22602693322085	74.45900673330522	74.45900673330522	-74.45900673330522	620.8420538664417	-306.22602693322085	620.8420538664417	-620.8420538664417	-297.83602693322086	74.45900673330522	74.45900673330522	-297.83602693322086	-74.45900673330522	8.39	74.45900673330522	306.22602693322085
364	-424.16042213776313	914.0000119369378	304.6666706456459	424.16042213776313	74.06916766141148	-617.7233412912918	-350.09125447635165	304.6666706456459	-74.06916766141148	304.6666706456459	304.6666706456459	-304.6666706456459	-74.06916766141148	-74.06916766141148	74.06916766141148	617.7233412912918	304.6666706456459	74.06916766141148	74.06916766141148	-74.06916766141148	617.7233412912918	-304.6666706456459	617.7233412912918	-617.7233412912918	-296.27667064564594	74.06916766141148	74.06916766141148	-296.27667064564594	-74.06916766141148	8.39	74.06916766141148	304.6666706456459
365	-404.8031293579719	871.7659185992114	290.5886395330705	404.8031293579719	70.54965988326762	-589.5672790661409	-334.2534694747043	290.5886395330705	-70.54965988326762	290.5886395330705	290.5886395330705	-290.5886395330705	-70.54965988326762	-70.54965988326762	70.54965988326762	589.5672790661409	290.5886395330705	70.54965988326762	70.54965988326762	-70.54965988326762	589.5672790661409	-290.5886395330705	589.5672790661409	-589.5672790661409	-282.1986395330706	70.54965988326762	70.54965988326762	-282.1986395330705	-70.54965988326762	8.39	70.54965988326762	290.5886395330705
366	-395.0878349130724	850.5689125376126	283.5229708458709	395.0878349130724	68.78324271146772	-575.4359416917417	-326.3045922016047	283.5229708458709	-68.78324271146772	283.5229708458709	283.5229708458709	-283.5229708458709	-68.78324271146772	-68.78324271146772	68.78324271146772	575.4359416917417	283.5229708458709	68.78324271146772	68.78324271146772	-68.78324271146772	575.4359416917417	-283.5229708458709	575.4359416917417	-575.4359416917417	-275.1329708458709	68.78324271146772	68.78324271146772	-275.1329708458709	-68.78324271146772	8.39	68.78324271146772	283.5229708458709
367	-361.8516354708847	778.053568300112	259.3511894333707	361.8516354708847	62.74029735834267	-527.0923788667413	-299.111338112542	259.3511894333707	-62.740297358342666	259.3511894333707	259.3511894333707	-259.3511894333707	-62.740297358342666	-62.74029735834267	62.740297358342666	527.0923788667413	259.3511894333707	62.74029735834267	62.74029735834267	-62.74029735834267	527.0923788667413	-259.3511894333707	527.0923788667413	-527.0923788667413	-250.96118943337075	62.74029735834267	62.740297358342666	-250.9611894333707	-62.74029735834267	8.39	62.740297358342666	259.3511894333707
368	-354.31496842085	761.6099311000363	253.86997703334544	354.31496842085	61.36999425833636	-516.1299540666909	-292.94497416251363	253.86997703334544	-61.369994258336355	253.86997703334544	253.86997703334544	-253.86997703334544	-61.369994258336355	-61.36999425833636	61.369994258336355	516.1299540666909	253.86997703334544	61.36999425833636	61.36999425833636	-61.36999425833636	516.1299540666909	-253.86997703334544	516.1299540666909	-516.1299540666909	-245.47997703334534	61.36999425833636	61.369994258336355	-245.47997703334545	-61.36999425833636	8.39	61.369994258336355	253.86997703334544
369	-320.96708491276274	688.8509125369369	229.61697084564565	320.96708491276274	55.30674271141142	-467.6239416912913	-265.66034220135134	229.61697084564565	-55.30674271141142	229.61697084564565	229.61697084564565	-229.61697084564565	-55.30674271141142	-55.30674271141142	55.30674271141142	467.6239416912913	229.61697084564565	55.30674271141142	55.30674271141142	-55.30674271141142	467.6239416912913	-229.61697084564565	467.6239416912913	-467.6239416912913	-221.22697084564572	55.30674271141142	55.30674271141142	-221.2269708456456	-55.30674271141142	8.39	55.30674271141142	229.61697084564565
370	-427.37873859578184	921.0217932998876	307.00726443329586	427.37873859578184	74.65431610832395	-622.4045288665917	-352.7244224874579	307.00726443329586	-74.65431610832395	307.00726443329586	307.00726443329586	-307.00726443329586	-74.65431610832395	-74.65431610832395	74.65431610832395	622.4045288665917	307.00726443329586	74.65431610832395	74.65431610832395	-74.65431610832395	622.4045288665917	-307.00726443329586	622.4045288665917	-622.4045288665917	-298.617264433296	74.65431610832395	74.65431610832395	-298.6172644332959	-74.65431610832395	8.39	74.65431610832395	307.00726443329586
371	-365.0785455757788	785.0940994380628	261.6980331460209	365.0785455757788	63.327008286505226	-531.7860662920418	-301.75153728927353	261.6980331460209	-63.327008286505226	261.6980331460209	261.6980331460209	-261.6980331460209	-63.327008286505226	-63.32700828650525	63.327008286505226	531.7860662920418	261.6980331460209	63.327008286505226	63.327008286505226	-63.327008286505226	531.7860662920418	-261.6980331460209	531.7860662920418	-531.7860662920418	-253.30803314602082	63.32700828650525	63.327008286505226	-253.308033146021	-63.327008286505226	8.39	63.327008286505226	261.6980331460209
372	-336.05340435797183	721.7665185992113	240.58883953307043	336.05340435797183	58.04970988326761	-489.56767906614084	-278.0036944747042	240.58883953307043	-58.04970988326761	240.58883953307043	240.58883953307043	-240.58883953307043	-58.04970988326761	-58.04970988326761	58.04970988326761	489.56767906614084	240.58883953307043	58.04970988326761	58.04970988326761	-58.04970988326761	489.56767906614084	-240.58883953307043	489.56767906614084	-489.56767906614084	-232.19883953307044	58.04970988326761	58.04970988326761	-232.19883953307044	-58.04970988326761	8.39	58.04970988326761	240.58883953307043
373	-276.9887495332125	592.8981807997365	197.6327269332455	276.9887495332125	47.31068173331137	-403.65545386649103	-229.67806779990116	197.6327269332455	-47.31068173331137	197.6327269332455	197.6327269332455	-197.6327269332455	-47.31068173331137	-47.31068173331137	47.31068173331137	403.65545386649103	197.6327269332455	47.31068173331137	47.31068173331137	-47.31068173331137	403.65545386649103	-197.6327269332455	403.65545386649103	-403.65545386649103	-189.24272693324548	47.31068173331137	47.31068173331137	-189.24272693324542	-47.31068173331137	8.39	47.31068173331137	197.63272693324552
374	-267.3036793579714	571.7671185992104	190.58903953307015	267.3036793579714	45.54975988326754	-389.5680790661403	-221.75391947470388	190.58903953307015	-45.54975988326754	190.58903953307015	190.58903953307015	-190.58903953307015	-45.54975988326754	-45.54975988326754	45.54975988326754	389.5680790661403	190.58903953307015	45.54975988326754	45.54975988326754	-45.54975988326754	389.5680790661403	-190.58903953307015	389.5680790661403	-389.5680790661403	-182.19903953307005	45.54975988326754	45.54975988326754	-182.19903953307016	-45.54975988326754	8.39	45.54975988326754	190.58903953307015
375	-268.3778809205747	574.1108310994357	191.37027703314524	268.3778809205747	45.7450692582863	-391.13055406629053	-222.63281166228836	191.37027703314524	-45.7450692582863	191.37027703314524	191.37027703314524	-191.37027703314524	-45.7450692582863	-45.7450692582863	45.7450692582863	391.13055406629053	191.37027703314524	45.7450692582863	45.7450692582863	-45.7450692582863	391.13055406629053	-191.37027703314524	391.13055406629053	-391.13055406629053	-182.98027703314517	45.7450692582863	45.7450692582863	-182.98027703314517	-45.7450692582863	8.39	45.7450692582863	191.37027703314527
376	-389.7168099127632	838.850312536938	279.616770845646	389.7168099127632	67.8066927114115	-567.623541691292	-321.91011720135174	279.616770845646	-67.8066927114115	279.616770845646	279.616770845646	-279.616770845646	-67.8066927114115	-67.8066927114115	67.8066927114115	567.623541691292	279.616770845646	67.8066927114115	67.8066927114115	-67.8066927114115	567.623541691292	-279.616770845646	567.623541691292	-567.623541691292	-271.2267708456461	67.8066927114115	67.8066927114115	-271.226770845646	-67.8066927114115	8.39	67.8066927114115	279.616770845646
377	-374.74217453345364	806.1783808002624	268.7261269334208	374.74217453345364	65.0840317333552	-545.8422538668416	-309.6581428000984	268.7261269334208	-65.0840317333552	268.7261269334208	268.7261269334208	-268.7261269334208	-65.0840317333552	-65.0840317333552	65.0840317333552	545.8422538668416	268.7261269334208	65.0840317333552	65.0840317333552	-65.0840317333552	545.8422538668416	-268.7261269334208	545.8422538668416	-545.8422538668416	-260.3361269334207	65.0840317333552	65.0840317333552	-260.3361269334208	-65.0840317333552	8.39	65.0840317333552	268.7261269334208
378	-339.2803144628657	728.8070497371615	242.9356832457205	339.2803144628657	58.63642081143012	-494.261366491441	-280.6438936514356	242.9356832457205	-58.63642081143012	242.9356832457205	242.9356832457205	-242.9356832457205	-58.63642081143012	-58.63642081143012	58.63642081143012	494.261366491441	242.9356832457205	58.63642081143012	58.63642081143012	-58.63642081143012	494.261366491441	-242.9356832457205	494.261366491441	-494.261366491441	-234.54568324572045	58.63642081143012	58.63642081143012	-234.5456832457205	-58.63642081143012	8.39	58.63642081143012	242.9356832457205
379	-230.8872775125567	492.3131509364873	164.10438364549577	230.8872775125567	38.92859591137394	-336.59876729099153	-191.95868160118275	164.10438364549577	-38.92859591137394	164.10438364549577	164.10438364549577	-164.10438364549577	-38.92859591137394	-38.92859591137394	38.92859591137394	336.59876729099153	164.10438364549577	38.92859591137394	38.92859591137394	-38.92859591137394	336.59876729099153	-164.10438364549577	336.59876729099153	-336.59876729099153	-155.71438364549576	38.92859591137394	38.92859591137394	-155.7143836454958	-38.92859591137394	8.39	38.92859591137394	164.10438364549577
380	-391.8609248081786	843.5283813996624	281.1761271332208	391.8609248081786	68.1965317833052	-570.7422542664416	-323.6643930248734	281.1761271332208	-68.1965317833052	281.1761271332208	281.1761271332208	-281.1761271332208	-68.1965317833052	-68.1965317833052	68.1965317833052	570.7422542664416	281.1761271332208	68.1965317833052	68.1965317833052	-68.1965317833052	570.7422542664416	-281.1761271332208	570.7422542664416	-570.7422542664416	-272.7861271332208	68.1965317833052	68.1965317833052	-272.7861271332208	-68.1965317833052	8.39	68.1965317833052	281.1761271332208
381	-372.59805963803814	801.5003119375378	267.16677064584593	372.59805963803814	64.69419266146149	-542.7235412916918	-307.9038669765767	267.16677064584593	-64.69419266146149	267.16677064584593	267.16677064584593	-267.16677064584593	-64.69419266146149	-64.69419266146149	64.69419266146149	542.7235412916918	267.16677064584593	64.69419266146149	64.69419266146149	-64.69419266146149	542.7235412916918	-267.16677064584593	542.7235412916918	-542.7235412916918	-258.776770645846	64.69419266146149	64.69419266146149	-258.776770645846	-64.69419266146149	8.39	64.69419266146149	267.16677064584593
382	-220.1923125831781	468.9786819996613	156.32622733322043	220.1923125831781	36.984056833305104	-321.0424546664409	-183.208255749873	156.32622733322043	-36.984056833305104	156.32622733322043	156.32622733322043	-156.32622733322043	-36.984056833305104	-36.984056833305104	36.984056833305104	321.0424546664409	156.32622733322043	36.984056833305104	36.984056833305104	-36.984056833305104	321.0424546664409	-156.32622733322043	321.0424546664409	-321.0424546664409	-147.93622733322044	36.984056833305104	36.984056833305104	-147.93622733322042	-36.984056833305104	8.39	36.984056833305104	156.32622733322046
383	-414.48819953321305	892.8969807997375	297.63232693324585	414.48819953321305	72.31058173331147	-603.6546538664917	-342.17761779990155	297.63232693324585	-72.31058173331147	297.63232693324585	297.63232693324585	-297.63232693324585	-72.31058173331147	-72.31058173331147	72.31058173331147	603.6546538664917	297.63232693324585	72.31058173331147	72.31058173331147	-72.31058173331147	603.6546538664917	-297.63232693324585	603.6546538664917	-603.6546538664917	-289.24232693324575	72.31058173331147	72.31058173331147	-289.24232693324586	-72.31058173331147	8.39	72.31058173331147	297.63232693324585
384	-235.16694796248777	501.65061373633694	167.21687124544565	235.16694796248777	39.706717811361415	-342.8237424908913	-195.46023015112635	167.21687124544565	-39.706717811361415	167.21687124544565	167.21687124544565	-167.21687124544565	-39.706717811361415	-39.706717811361415	39.706717811361415	342.8237424908913	167.21687124544565	39.706717811361415	39.706717811361415	-39.706717811361415	342.8237424908913	-167.21687124544565	342.8237424908913	-342.8237424908913	-158.82687124544555	39.706717811361415	39.706717811361415	-158.82687124544563	-39.706717811361415	8.39	39.706717811361415	167.21687124544565
385	-392.9351263707818	845.8720938998877	281.95736463329587	392.9351263707818	68.39184115832397	-572.3047292665917	-324.5432852124578	281.95736463329587	-68.39184115832397	281.95736463329587	281.95736463329587	-281.95736463329587	-68.39184115832397	-68.39184115832397	68.39184115832397	572.3047292665917	281.95736463329587	68.39184115832397	68.39184115832397	-68.39184115832397	572.3047292665917	-281.95736463329587	572.3047292665917	-572.3047292665917	-273.5673646332959	68.39184115832397	68.39184115832397	-273.56736463329594	-68.39184115832397	8.39	68.39184115832397	281.95736463329587
386	-346.8019769282504	745.2179496616372	248.40598322054575	346.8019769282504	60.003995805136434	-505.2019664410915	-286.79798112311397	248.40598322054575	-60.003995805136434	248.40598322054575	248.40598322054575	-248.40598322054575	-60.003995805136434	-60.003995805136434	60.003995805136434	505.2019664410915	248.40598322054575	60.003995805136434	60.003995805136434	-60.003995805136434	505.2019664410915	-248.40598322054575	505.2019664410915	-505.2019664410915	-240.01598322054588	60.003995805136434	60.003995805136434	-240.01598322054576	-60.003995805136434	8.39	60.003995805136434	248.40598322054575
387	-286.66312054088803	614.0058993619375	204.66863312064584	286.66312054088803	49.069658280161455	-417.72726624129166	-237.59346226072657	204.66863312064584	-49.069658280161455	204.66863312064584	204.66863312064584	-204.66863312064584	-49.069658280161455	-49.06965828016146	49.069658280161455	417.72726624129166	204.66863312064584	49.069658280161455	49.069658280161455	-49.069658280161455	417.72726624129166	-204.66863312064584	417.72726624129166	-417.72726624129166	-196.27863312064585	49.06965828016146	49.069658280161455	-196.27863312064585	-49.069658280161455	8.39	49.069658280161455	204.66863312064584
388	-256.51633175359416	548.2310874623872	182.74369582079575	256.51633175359416	43.58842395519893	-373.87739164159154	-212.92790779839524	182.74369582079575	-43.58842395519893	182.74369582079575	182.74369582079575	-182.74369582079575	-43.58842395519893	-43.58842395519892	43.58842395519893	373.87739164159154	182.74369582079575	43.58842395519893	43.58842395519893	-43.58842395519893	373.87739164159154	-182.74369582079575	373.87739164159154	-373.87739164159154	-174.35369582079576	43.58842395519892	43.58842395519893	-174.35369582079568	-43.58842395519893	8.39	43.58842395519893	182.74369582079578
389	-218.0503460908877	464.30530056193675	154.76843352064557	218.0503460908877	36.5946083801614	-317.9268670412912	-181.4557377107263	154.76843352064557	-36.5946083801614	154.76843352064557	154.76843352064557	-154.76843352064557	-36.5946083801614	-36.59460838016139	36.5946083801614	317.9268670412912	154.76843352064557	36.5946083801614	36.5946083801614	-36.5946083801614	317.9268670412912	-154.76843352064557	317.9268670412912	-317.9268670412912	-146.3784335206456	36.59460838016139	36.5946083801614	-146.37843352064556	-36.5946083801614	8.39	36.5946083801614	154.7684335206456
390	-213.77067564095682	454.9678377620877	151.6559459206959	213.77067564095682	35.81648648017397	-311.7018918413918	-177.95418916078285	151.6559459206959	-35.81648648017397	151.6559459206959	151.6559459206959	-151.6559459206959	-35.81648648017397	-35.81648648017398	35.81648648017397	311.7018918413918	151.6559459206959	35.81648648017397	35.81648648017397	-35.81648648017397	311.7018918413918	-151.6559459206959	311.7018918413918	-311.7018918413918	-143.26594592069603	35.81648648017398	35.81648648017397	-143.2659459206959	-35.81648648017397	8.39	35.81648648017397	151.6559459206959
391	-221.26651414578117	471.32239449988623	157.1074648332954	221.26651414578117	37.179366208323856	-322.6049296665908	-184.08714793745733	157.1074648332954	-37.179366208323856	157.1074648332954	157.1074648332954	-157.1074648332954	-37.179366208323856	-37.179366208323856	37.179366208323856	322.6049296665908	157.1074648332954	37.179366208323856	37.179366208323856	-37.179366208323856	322.6049296665908	-157.1074648332954	322.6049296665908	-322.6049296665908	-148.71746483329548	37.179366208323856	37.179366208323856	-148.71746483329542	-37.179366208323856	8.39	37.179366208323856	157.1074648332954
392	-350.01814498314377	752.2350435995863	250.74501453319544	350.01814498314377	60.588753633298865	-509.8800290663909	-289.42939134984493	250.74501453319544	-60.588753633298865	250.74501453319544	250.74501453319544	-250.74501453319544	-60.588753633298865	-60.588753633298865	60.588753633298865	509.8800290663909	250.74501453319544	60.588753633298865	60.588753633298865	-60.588753633298865	509.8800290663909	-250.74501453319544	509.8800290663909	-509.8800290663909	-242.35501453319552	60.588753633298865	60.588753633298865	-242.35501453319546	-60.588753633298865	8.39	60.588753633298865	250.74501453319544
393	-316.68741446283207	679.5134497370882	226.50448324569606	316.68741446283207	54.52862081142402	-461.3989664913921	-262.158793651408	226.50448324569606	-54.52862081142402	226.50448324569606	226.50448324569606	-226.50448324569606	-54.52862081142402	-54.52862081142402	54.52862081142402	461.3989664913921	226.50448324569606	54.52862081142402	54.52862081142402	-54.52862081142402	461.3989664913921	-226.50448324569606	461.3989664913921	-461.3989664913921	-218.11448324569602	54.52862081142402	54.52862081142402	-218.11448324569608	-54.52862081142402	8.39	54.52862081142402	226.50448324569606
394	-301.67840435852185	646.7665186004114	215.58883953347046	301.67840435852185	51.79970988336761	-439.56767906694097	-249.87869447515425	215.58883953347046	-51.79970988336761	215.58883953347046	215.58883953347046	-215.58883953347046	-51.79970988336761	-51.79970988336761	51.79970988336761	439.56767906694097	215.58883953347046	51.79970988336761	51.79970988336761	-51.79970988336761	439.56767906694097	-215.58883953347046	439.56767906694097	-439.56767906694097	-207.19883953347045	51.79970988336761	51.79970988336761	-207.1988395334704	-51.79970988336761	8.39	51.79970988336761	215.5888395334705
395	-295.23746602540024	632.7135622372369	210.90452074574566	295.23746602540024	50.62863018643641	-430.19904149149136	-244.60883583896384	210.90452074574566	-50.62863018643641	210.90452074574566	210.90452074574566	-210.90452074574566	-50.62863018643641	-50.62863018643641	50.62863018643641	430.19904149149136	210.90452074574566	50.62863018643641	50.62863018643641	-50.62863018643641	430.19904149149136	-210.90452074574566	430.19904149149136	-430.19904149149136	-202.51452074574564	50.62863018643641	50.62863018643641	-202.51452074574559	-50.62863018643641	8.39	50.62863018643641	210.90452074574569
396	-275.9145479706094	590.5544682995114	196.85148943317046	275.9145479706094	47.11537235829262	-402.0929788663409	-228.7991756123168	196.85148943317046	-47.11537235829262	196.85148943317046	196.85148943317046	-196.85148943317046	-47.11537235829262	-47.11537235829262	47.11537235829262	402.0929788663409	196.85148943317046	47.11537235829262	47.11537235829262	-47.11537235829262	402.0929788663409	-196.85148943317046	402.0929788663409	-402.0929788663409	-188.4614894331704	47.11537235829262	47.11537235829262	-188.46148943317053	-47.11537235829262	8.39	47.11537235829262	196.85148943317046
397	-416.6409080755038	897.5937994374626	299.19793314582085	416.6409080755038	72.70198328645522	-606.7858662916417	-343.93892478904854	299.19793314582085	-72.70198328645522	299.19793314582085	299.19793314582085	-299.19793314582085	-72.70198328645522	-72.70198328645522	72.70198328645522	606.7858662916417	299.19793314582085	72.70198328645522	72.70198328645522	-72.70198328645522	606.7858662916417	-299.19793314582085	606.7858662916417	-606.7858662916417	-290.80793314582075	72.70198328645522	72.70198328645522	-290.8079331458209	-72.70198328645522	8.39	72.70198328645522	299.19793314582085
398	-408.030039462866	878.8064497371622	292.9354832457207	408.030039462866	71.13637081143018	-594.2609664914414	-336.8936686514358	292.9354832457207	-71.13637081143018	292.9354832457207	292.9354832457207	-292.9354832457207	-71.13637081143018	-71.1363708114302	71.13637081143018	594.2609664914414	292.9354832457207	71.13637081143018	71.13637081143018	-71.13637081143018	594.2609664914414	-292.9354832457207	594.2609664914414	-594.2609664914414	-284.5454832457207	71.1363708114302	71.13637081143018	-284.5454832457208	-71.13637081143018	8.39	71.13637081143018	292.9354832457207
399	-288.80508703317815	618.6792807996615	206.2264269332205	288.80508703317815	49.45910673330513	-420.84285386644103	-239.34598029987302	206.2264269332205	-49.45910673330513	206.2264269332205	206.2264269332205	-206.2264269332205	-49.45910673330513	-49.459106733305134	49.45910673330513	420.84285386644103	206.2264269332205	49.45910673330513	49.45910673330513	-49.45910673330513	420.84285386644103	-206.2264269332205	420.84285386644103	-420.84285386644103	-197.83642693322045	49.459106733305134	49.45910673330513	-197.83642693322042	-49.45910673330513	8.39	49.45910673330513	206.22642693322052
400	-199.83371869612463	424.5599317006356	141.5199772335452	199.83371869612463	33.282494308386305	-291.4299544670904	-166.55122438773833	141.5199772335452	-33.282494308386305	141.5199772335452	141.5199772335452	-141.5199772335452	-33.282494308386305	-33.282494308386305	33.282494308386305	291.4299544670904	141.5199772335452	33.282494308386305	33.282494308386305	-33.282494308386305	291.4299544670904	-141.5199772335452	291.4299544670904	-291.4299544670904	-133.12997723354522	33.282494308386305	33.282494308386305	-133.12997723354522	-33.282494308386305	8.39	33.282494308386305	141.5199772335452
401	-457.64635619585033	987.0602317000371	329.0200772333457	457.64635619585033	80.15751930833643	-666.4301544666914	-377.4888368875139	329.0200772333457	-80.15751930833643	329.0200772333457	329.0200772333457	-329.0200772333457	-80.15751930833643	-80.15751930833643	80.15751930833643	666.4301544666914	329.0200772333457	80.15751930833643	80.15751930833643	-80.15751930833643	666.4301544666914	-329.0200772333457	666.4301544666914	-666.4301544666914	-320.63007723334573	80.15751930833643	80.15751930833643	-320.6300772333457	-80.15751930833643	8.39	80.15751930833643	329.0200772333457
402	-353.24076685824684	759.2662185998113	253.08873953327043	353.24076685824684	61.17468488331761	-514.5674790665408	-292.06608197492926	253.08873953327043	-61.17468488331761	253.08873953327043	253.08873953327043	-253.08873953327043	-61.17468488331761	-61.17468488331761	61.17468488331761	514.5674790665408	253.08873953327043	61.17468488331761	61.17468488331761	-61.17468488331761	514.5674790665408	-253.08873953327043	514.5674790665408	-514.5674790665408	-244.69873953327044	61.17468488331761	61.17468488331761	-244.69873953327044	-61.17468488331761	8.39	61.17468488331761	253.08873953327043
403	-304.90531446341566	653.8070497383615	217.9356832461205	304.90531446341566	52.38642081153013	-444.261366492241	-252.51889365188555	217.9356832461205	-52.38642081153013	217.9356832461205	217.9356832461205	-217.9356832461205	-52.38642081153013	-52.38642081153013	52.38642081153013	444.261366492241	217.9356832461205	52.38642081153013	52.38642081153013	-52.38642081153013	444.261366492241	-217.9356832461205	444.261366492241	-444.261366492241	-209.54568324612052	52.38642081153013	52.38642081153013	-209.54568324612046	-52.38642081153013	8.39	52.38642081153013	217.9356832461205
404	-302.75260592112494	649.1102311006363	216.3700770335454	302.75260592112494	51.99501925838635	-441.13015406709087	-250.7575866627386	216.3700770335454	-51.99501925838635	216.3700770335454	216.3700770335454	-216.3700770335454	-51.99501925838635	-51.99501925838635	51.99501925838635	441.13015406709087	216.3700770335454	51.99501925838635	51.99501925838635	-51.99501925838635	441.13015406709087	-216.3700770335454	441.13015406709087	-441.13015406709087	-207.98007703354548	51.99501925838635	51.99501925838635	-207.9800770335454	-51.99501925838635	8.39	51.99501925838635	216.37007703354544
405	-237.3110628579032	506.32868259906155	168.77622753302052	237.3110628579032	40.09655688325513	-345.942455066041	-197.2145059746481	168.77622753302052	-40.09655688325513	168.77622753302052	168.77622753302052	-168.77622753302052	-40.09655688325513	-40.09655688325513	40.09655688325513	345.942455066041	168.77622753302052	40.09655688325513	40.09655688325513	-40.09655688325513	345.942455066041	-168.77622753302052	345.942455066041	-345.942455066041	-160.38622753302047	40.09655688325513	40.09655688325513	-160.38622753302053	-40.09655688325513	8.39	40.09655688325513	168.77622753302052
406	-194.4626936958153	412.8413316999606	137.6137772333202	194.4626936958153	32.30594430833005	-283.6175544666404	-162.15674938748523	137.6137772333202	-32.30594430833005	137.6137772333202	137.6137772333202	-137.6137772333202	-32.30594430833005	-32.30594430833005	32.30594430833005	283.6175544666404	137.6137772333202	32.30594430833005	32.30594430833005	-32.30594430833005	283.6175544666404	-137.6137772333202	283.6175544666404	-283.6175544666404	-129.22377723332013	32.30594430833005	32.30594430833005	-129.22377723332022	-32.30594430833005	8.39	32.30594430833005	137.6137772333202
407	-446.8568601883474	963.5195131382127	321.1731710460709	446.8568601883474	78.19579276151772	-650.7363420921417	-368.6610674268297	321.1731710460709	-78.19579276151772	321.1731710460709	321.1731710460709	-321.1731710460709	-78.19579276151772	-78.19579276151772	78.19579276151772	650.7363420921417	321.1731710460709	78.19579276151772	78.19579276151772	-78.19579276151772	650.7363420921417	-321.1731710460709	650.7363420921417	-650.7363420921417	-312.7831710460709	78.19579276151772	78.19579276151772	-312.78317104607095	-78.19579276151772	8.39	78.19579276151772	321.1731710460709
408	-375.81637609605656	808.5220933004871	269.5073644334957	375.81637609605656	65.27934110837393	-547.4047288669914	-310.53703498768266	269.5073644334957	-65.27934110837393	269.5073644334957	269.5073644334957	-269.5073644334957	-65.27934110837393	-65.27934110837393	65.27934110837393	547.4047288669914	269.5073644334957	65.27934110837393	65.27934110837393	-65.27934110837393	547.4047288669914	-269.5073644334957	547.4047288669914	-547.4047288669914	-261.11736443349577	65.27934110837393	65.27934110837393	-261.1173644334957	-65.27934110837393	8.39	65.27934110837393	269.5073644334957
409	-326.33810991307195	700.5695125376116	233.5231708458705	326.33810991307195	56.283292711467624	-475.43634169174106	-270.0548172016043	233.5231708458705	-56.283292711467624	233.5231708458705	233.5231708458705	-233.5231708458705	-56.283292711467624	-56.283292711467624	56.283292711467624	475.43634169174106	233.5231708458705	56.283292711467624	56.283292711467624	-56.283292711467624	475.43634169174106	-233.5231708458705	475.43634169174106	-475.43634169174106	-225.13317084587055	56.283292711467624	56.283292711467624	-225.1331708458705	-56.283292711467624	8.39	56.283292711467624	233.52317084587054
410	-270.5305894628655	578.8076497371612	192.93588324572042	270.5305894628655	46.1364708114301	-394.2617664914409	-224.3941186514354	192.93588324572042	-46.1364708114301	192.93588324572042	192.93588324572042	-192.93588324572042	-46.1364708114301	-46.1364708114301	46.1364708114301	394.2617664914409	192.93588324572042	46.1364708114301	46.1364708114301	-46.1364708114301	394.2617664914409	-192.93588324572042	394.2617664914409	-394.2617664914409	-184.54588324572035	46.1364708114301	46.1364708114301	-184.54588324572035	-46.1364708114301	8.39	46.1364708114301	192.93588324572045
411	-257.5883849130719	550.5701125376115	183.52337084587052	257.5883849130719	43.783342711467625	-375.4367416917411	-213.80504220160424	183.52337084587052	-43.783342711467625	183.52337084587052	183.52337084587052	-183.52337084587052	-43.783342711467625	-43.783342711467625	43.783342711467625	375.4367416917411	183.52337084587052	43.783342711467625	43.783342711467625	-43.783342711467625	375.4367416917411	-183.52337084587052	375.4367416917411	-375.4367416917411	-175.1333708458705	43.783342711467625	43.783342711467625	-175.13337084587045	-43.783342711467625	8.39	43.783342711467625	183.52337084587055
412	-201.98642723841533	429.25675033836075	143.08558344612024	201.98642723841533	33.673895861530056	-294.5611668922405	-168.31253137688526	143.08558344612024	-33.673895861530056	143.08558344612024	143.08558344612024	-143.08558344612024	-33.673895861530056	-33.673895861530056	33.673895861530056	294.5611668922405	143.08558344612024	33.673895861530056	33.673895861530056	-33.673895861530056	294.5611668922405	-143.08558344612024	294.5611668922405	-294.5611668922405	-134.69558344612025	33.673895861530056	33.673895861530056	-134.69558344612022	-33.673895861530056	8.39	33.673895861530056	143.08558344612027
413	-195.53689525841824	415.1850442001853	138.3950147333951	195.53689525841824	32.50125368334878	-285.1800294667902	-163.03564157506946	138.3950147333951	-32.50125368334878	138.3950147333951	138.3950147333951	-138.3950147333951	-32.50125368334878	-32.50125368334878	32.50125368334878	285.1800294667902	138.3950147333951	32.50125368334878	32.50125368334878	-32.50125368334878	285.1800294667902	-138.3950147333951	285.1800294667902	-285.1800294667902	-130.0050147333951	32.50125368334878	32.50125368334878	-130.00501473339511	-32.50125368334878	8.39	32.50125368334878	138.3950147333951
414	-356.4676769631408	766.3067497377617	255.43558324592055	356.4676769631408	61.76139581148015	-519.2611664918411	-294.7062811516606	255.43558324592055	-61.76139581148015	255.43558324592055	255.43558324592055	-255.43558324592055	-61.76139581148015	-61.76139581148015	61.76139581148015	519.2611664918411	255.43558324592055	61.76139581148015	61.761395811480135	-61.761395811480135	519.2611664918411	-255.43558324592055	519.2611664918411	-519.2611664918411	-247.0455832459204	61.76139581148015	61.76139581148015	-247.04558324592057	-61.761395811480135	8.39	61.76139581148015	255.43558324592055
415	-298.4557824834186	639.7353436001861	213.24511453339534	298.4557824834186	51.213778633348845	-434.88022906679066	-247.24200385006975	213.24511453339534	-51.21377863334883	213.24511453339534	213.24511453339534	-213.24511453339534	-51.21377863334883	-51.213778633348845	51.21377863334883	434.88022906679066	213.24511453339534	51.213778633348845	51.213778633348845	-51.213778633348845	434.88022906679066	-213.24511453339534	434.88022906679066	-434.88022906679066	-204.85511453339538	51.213778633348845	51.21377863334883	-204.85511453339535	-51.213778633348845	8.39	51.21377863334883	213.24511453339534
416	-324.18540137078134	695.8726938998866	231.95756463329553	324.18540137078134	55.89189115832388	-472.30512926659105	-268.2935102124575	231.95756463329553	-55.89189115832388	231.95756463329553	231.95756463329553	-231.95756463329553	-55.89189115832388	-55.89189115832388	55.89189115832388	472.30512926659105	231.95756463329553	55.89189115832388	55.89189115832388	-55.89189115832388	472.30512926659105	-231.95756463329553	472.30512926659105	-472.30512926659105	-223.56756463329566	55.89189115832388	55.89189115832388	-223.56756463329555	-55.89189115832388	8.39	55.89189115832388	231.95756463329553
417	-238.38526442050633	508.6723950992865	169.5574650330955	238.38526442050633	40.29186625827387	-347.50493006619104	-198.09339816223243	169.5574650330955	-40.29186625827387	169.5574650330955	169.5574650330955	-169.5574650330955	-40.29186625827387	-40.29186625827387	40.29186625827387	347.50493006619104	169.5574650330955	40.29186625827387	40.29186625827387	-40.29186625827387	347.50493006619104	-169.5574650330955	347.50493006619104	-347.50493006619104	-161.16746503309548	40.29186625827387	40.29186625827387	-161.16746503309548	-40.29186625827387	8.39	40.29186625827387	169.55746503309553
418	-387.57484342047286	834.1769310992136	278.0589770330712	387.57484342047286	67.4172442582678	-564.5079540661424	-320.1575991622051	278.0589770330712	-67.4172442582678	278.0589770330712	278.0589770330712	-278.0589770330712	-67.4172442582678	-67.4172442582678	67.4172442582678	564.5079540661424	278.0589770330712	67.4172442582678	67.4172442582678	-67.4172442582678	564.5079540661424	-278.0589770330712	564.5079540661424	-564.5079540661424	-269.66897703307126	67.4172442582678	67.4172442582678	-269.6689770330712	-67.4172442582678	8.39	67.4172442582678	278.0589770330712
419	-370.45609314574784	796.8269304998136	265.6089768332712	370.45609314574784	64.3047442083178	-539.6079536665424	-306.15134893743004	265.6089768332712	-64.3047442083178	265.6089768332712	265.6089768332712	-265.6089768332712	-64.3047442083178	-64.3047442083178	64.3047442083178	539.6079536665424	265.6089768332712	64.3047442083178	64.3047442083178	-64.3047442083178	539.6079536665424	-265.6089768332712	539.6079536665424	-539.6079536665424	-257.2189768332712	64.3047442083178	64.3047442083178	-257.2189768332712	-64.3047442083178	8.39	64.3047442083178	265.6089768332712
420	-255.442130190991	545.8873749621622	181.96245832072074	255.442130190991	43.39311458018018	-372.3149166414415	-212.0490156108108	181.96245832072074	-43.39311458018018	181.96245832072074	181.96245832072074	-181.96245832072074	-43.39311458018018	-43.39311458018018	43.39311458018018	372.3149166414415	181.96245832072074	43.39311458018018	43.39311458018018	-43.39311458018018	372.3149166414415	-181.96245832072074	372.3149166414415	-372.3149166414415	-173.57245832072073	43.39311458018018	43.39311458018018	-173.57245832072067	-43.39311458018018	8.39	43.39311458018018	181.96245832072077
421	-334.9813511984937	719.4274935239863	239.80916450799543	334.9813511984937	57.85479112699886	-488.00832901599085	-277.12656007149485	239.80916450799543	-57.85479112699886	239.80916450799543	239.80916450799543	-239.80916450799543	-57.85479112699886	-57.85479112699886	57.85479112699886	488.00832901599085	239.80916450799543	57.85479112699886	57.85479112699886	-57.85479112699886	488.00832901599085	-239.80916450799543	488.00832901599085	-488.00832901599085	-231.41916450799522	57.85479112699886	57.85479112699886	-231.41916450799545	-57.85479112699886	8.39	57.85479112699886	239.80916450799543
422	-425.23248387370086	916.3390557244383	305.4463519081461	425.23248387370086	74.26408797703652	-619.2827038162922	-350.96839589666433	305.4463519081461	-74.26408797703652	305.4463519081461	305.4463519081461	-305.4463519081461	-74.26408797703652	-74.26408797703652	74.26408797703652	619.2827038162922	305.4463519081461	74.26408797703652	74.26408797703652	-74.26408797703652	619.2827038162922	-305.4463519081461	619.2827038162922	-619.2827038162922	-297.0563519081461	74.26408797703652	74.26408797703652	-297.0563519081461	-74.26408797703652	8.39	74.26408797703652	305.4463519081461
423	-319.89503175328497	686.5118874617128	228.83729582057094	319.89503175328497	55.11182395514274	-466.0645916411419	-264.7832077981422	228.83729582057094	-55.11182395514274	228.83729582057094	228.83729582057094	-228.83729582057094	-55.11182395514274	-55.11182395514274	55.11182395514274	466.0645916411419	228.83729582057094	55.11182395514274	55.11182395514274	-55.11182395514274	466.0645916411419	-228.83729582057094	466.0645916411419	-466.0645916411419	-220.44729582057093	55.11182395514274	55.11182395514274	-220.44729582057096	-55.11182395514274	8.39	55.11182395514274	228.83729582057094
424	-322.0391466487004	691.1899563244373	230.39665210814576	322.0391466487004	55.50166302703644	-469.1833042162915	-266.53748362166397	230.39665210814576	-55.50166302703644	230.39665210814576	230.39665210814576	-230.39665210814576	-55.50166302703644	-55.50166302703644	55.50166302703644	469.1833042162915	230.39665210814576	55.50166302703644	55.50166302703644	-55.50166302703644	469.1833042162915	-230.39665210814576	469.1833042162915	-469.1833042162915	-222.00665210814554	55.50166302703644	55.50166302703644	-222.00665210814574	-55.50166302703644	8.39	55.50166302703644	230.39665210814576
425	-347.87189026106284	747.5523060241371	249.1841020080457	347.87189026106284	60.19852550201142	-506.75820401609144	-287.6733647590514	249.1841020080457	-60.19852550201142	249.1841020080457	249.1841020080457	-249.1841020080457	-60.19852550201142	-60.19852550201142	60.19852550201142	506.75820401609144	249.1841020080457	60.19852550201142	60.19852550201142	-60.19852550201142	506.75820401609144	-249.1841020080457	506.75820401609144	-506.75820401609144	-240.79410200804566	60.19852550201142	60.19852550201142	-240.79410200804568	-60.19852550201142	8.39	60.19852550201142	249.18410200804573
426	-423.0883689782853	911.6609868617134	303.8869956205711	423.0883689782853	73.87424890514278	-616.1639912411422	-349.2141200731425	303.8869956205711	-73.87424890514278	303.8869956205711	303.8869956205711	-303.8869956205711	-73.87424890514278	-73.87424890514278	73.87424890514278	616.1639912411422	303.8869956205711	73.87424890514278	73.87424890514278	-73.87424890514278	616.1639912411422	-303.8869956205711	616.1639912411422	-616.1639912411422	-295.49699562057117	73.87424890514278	73.87424890514278	-295.49699562057117	-73.87424890514278	8.39	73.87424890514278	303.8869956205711
427	-403.7310761984941	869.4268935239871	289.8089645079957	403.7310761984941	70.35474112699893	-588.0079290159914	-333.3763350714952	289.8089645079957	-70.35474112699893	289.8089645079957	289.8089645079957	-289.8089645079957	-70.35474112699893	-70.35474112699893	70.35474112699893	588.0079290159914	289.8089645079957	70.35474112699893	70.35474112699893	-70.35474112699893	588.0079290159914	-289.8089645079957	588.0079290159914	-588.0079290159914	-281.4189645079957	70.35474112699893	70.35474112699893	-281.4189645079957	-70.35474112699893	8.39	70.35474112699893	289.8089645079957
428	-380.09397519432304	817.8550367876139	272.6183455958713	380.09397519432304	66.05708639896783	-553.6266911917426	-314.03688879535525	272.6183455958713	-66.05708639896783	272.6183455958713	272.6183455958713	-272.6183455958713	-66.05708639896783	-66.05708639896783	66.05708639896783	553.6266911917426	272.6183455958713	66.05708639896783	66.05708639896783	-66.05708639896783	553.6266911917426	-272.6183455958713	553.6266911917426	-553.6266911917426	-264.22834559587136	66.05708639896783	66.05708639896783	-264.22834559587136	-66.05708639896783	8.39	66.05708639896783	272.6183455958713
429	-383.2951729705419	824.8394682993642	274.94648943312137	383.2951729705419	66.63912235828035	-558.2829788662427	-316.65605061226154	274.94648943312137	-66.63912235828035	274.94648943312137	274.94648943312137	-274.94648943312137	-66.63912235828035	-66.63912235828035	66.63912235828035	558.2829788662427	274.94648943312137	66.63912235828035	66.63912235828035	-66.63912235828035	558.2829788662427	-274.94648943312137	558.2829788662427	-558.2829788662427	-266.55648943312144	66.63912235828035	66.63912235828035	-266.55648943312144	-66.63912235828035	8.39	66.63912235828035	274.94648943312137
430	-274.8424948111315	588.2154432242869	196.07181440809563	274.8424948111315	46.92045360202391	-400.53362881619125	-227.92204120910756	196.07181440809563	-46.92045360202391	196.07181440809563	196.07181440809563	-196.07181440809563	-46.92045360202391	-46.92045360202391	46.92045360202391	400.53362881619125	196.07181440809563	46.92045360202391	46.92045360202391	-46.92045360202391	400.53362881619125	-196.07181440809563	400.53362881619125	-400.53362881619125	-187.68181440809562	46.92045360202391	46.92045360202391	-187.68181440809565	-46.92045360202391	8.39	46.92045360202391	196.07181440809563
431	-236.23900969842526	503.9896575238369	167.99655250794564	236.23900969842526	39.901638126986406	-344.38310501589126	-196.33737157143887	167.99655250794564	-39.901638126986406	167.99655250794564	167.99655250794564	-167.99655250794564	-39.901638126986406	-39.901638126986406	39.901638126986406	344.38310501589126	167.99655250794564	39.901638126986406	39.901638126986406	-39.901638126986406	344.38310501589126	-167.99655250794564	344.38310501589126	-344.38310501589126	-159.60655250794548	39.901638126986406	39.901638126986406	-159.60655250794565	-39.901638126986406	8.39	39.901638126986406	167.99655250794564
432	-384.36508630335425	827.1738246618637	275.72460822062123	384.36508630335425	66.83365205515531	-559.8392164412425	-317.53143424819893	275.72460822062123	-66.83365205515531	275.72460822062123	275.72460822062123	-275.72460822062123	-66.83365205515531	-66.83365205515531	66.83365205515531	559.8392164412425	275.72460822062123	66.83365205515531	66.83365205515531	-66.83365205515531	559.8392164412425	-275.72460822062123	559.8392164412425	-559.8392164412425	-267.33460822062113	66.83365205515531	66.83365205515531	-267.33460822062125	-66.83365205515531	8.39	66.83365205515531	275.72460822062123
433	-352.1687136987689	756.9271935245866	252.30906450819555	352.1687136987689	60.97976612704889	-513.0081290163911	-291.18894757172	252.30906450819555	-60.97976612704889	252.30906450819555	252.30906450819555	-252.30906450819555	-60.97976612704889	-60.97976612704889	60.97976612704889	513.0081290163911	252.30906450819555	60.97976612704889	60.97976612704889	-60.97976612704889	513.0081290163911	-252.30906450819555	513.0081290163911	-513.0081290163911	-243.9190645081955	60.97976612704889	60.97976612704889	-243.91906450819556	-60.97976612704889	8.39	60.97976612704889	252.30906450819555
434	-219.1202594237001	466.6396569244366	155.54655230814555	219.1202594237001	36.78913807703639	-319.48310461629114	-182.3311213466637	155.54655230814555	-36.78913807703639	155.54655230814555	155.54655230814555	-155.54655230814555	-36.78913807703639	-36.7891380770364	36.78913807703639	319.48310461629114	155.54655230814555	36.78913807703639	36.78913807703639	-36.78913807703639	319.48310461629114	-155.54655230814555	319.48310461629114	-319.48310461629114	-147.15655230814554	36.7891380770364	36.78913807703639	-147.15655230814548	-36.78913807703639	8.39	36.78913807703639	155.54655230814558
435	-345.7277753656473	742.8742371614122	247.62474572047074	345.7277753656473	59.80868643011768	-503.63949144094147	-285.9190889355296	247.62474572047074	-59.80868643011768	247.62474572047074	247.62474572047074	-247.62474572047074	-59.80868643011768	-59.80868643011768	59.80868643011768	503.63949144094147	247.62474572047074	59.80868643011768	59.80868643011768	-59.80868643011768	503.63949144094147	-247.62474572047074	503.63949144094147	-503.63949144094147	-239.23474572047058	59.80868643011768	59.80868643011768	-239.23474572047076	-59.80868643011768	8.39	59.80868643011768	247.62474572047074
436	-315.615361303354	677.1744246618633	225.7248082206211	315.615361303354	54.33370205515528	-459.83961644124224	-261.2816592481987	225.7248082206211	-54.33370205515528	225.7248082206211	225.7248082206211	-225.7248082206211	-54.33370205515528	-54.33370205515528	54.33370205515528	459.83961644124224	225.7248082206211	54.33370205515528	54.33370205515528	-54.33370205515528	459.83961644124224	-225.7248082206211	459.83961644124224	-459.83961644124224	-217.33480822062108	54.33370205515528	54.33370205515528	-217.33480822062108	-54.33370205515528	8.39	54.33370205515528	225.72480822062113
437	-300.60635119904384	644.4274935251866	214.80916450839553	300.60635119904384	51.604791127098885	-438.0083290167911	-249.00156007194497	214.80916450839553	-51.604791127098885	214.80916450839553	214.80916450839553	-214.80916450839553	-51.604791127098885	-51.604791127098885	51.604791127098885	438.0083290167911	214.80916450839553	51.604791127098885	51.604791127098885	-51.604791127098885	438.0083290167911	-214.80916450839553	438.0083290167911	-438.0083290167911	-206.41916450839554	51.604791127098885	51.604791127098885	-206.4191645083955	-51.604791127098885	8.39	51.604791127098885	214.80916450839555
438	-294.16541286592224	630.3745371620122	210.12484572067072	294.16541286592224	50.43371143016768	-428.6396914413415	-243.73170143575456	210.12484572067072	-50.43371143016768	210.12484572067072	210.12484572067072	-210.12484572067072	-50.43371143016768	-50.43371143016768	50.43371143016768	428.6396914413415	210.12484572067072	50.43371143016768	50.43371143016768	-50.43371143016768	428.6396914413415	-210.12484572067072	428.6396914413415	-428.6396914413415	-201.73484572067073	50.43371143016768	50.43371143016768	-201.7348457206707	-50.43371143016768	8.39	50.43371143016768	210.12484572067075
439	-215.90623119547226	459.6272316992122	153.20907723307073	215.90623119547226	36.20476930826768	-314.80815446614145	-179.70146188720457	153.20907723307073	-36.20476930826768	153.20907723307073	153.20907723307073	-153.20907723307073	-36.20476930826768	-36.20476930826768	36.20476930826768	314.80815446614145	153.20907723307073	36.20476930826768	36.20476930826768	-36.20476930826768	314.80815446614145	-153.20907723307073	314.80815446614145	-314.80815446614145	-144.81907723307074	36.20476930826768	36.20476930826768	-144.81907723307074	-36.20476930826768	8.39	36.20476930826768	153.20907723307073
440	-226.60975546575085	482.98037556163825	160.99345852054608	226.60975546575085	38.150864630136525	-330.37691704109216	-188.45889083561434	160.99345852054608	-38.150864630136525	160.99345852054608	160.99345852054608	-160.99345852054608	-38.150864630136525	-38.150864630136525	38.150864630136525	330.37691704109216	160.99345852054608	38.150864630136525	38.150864630136525	-38.150864630136525	330.37691704109216	-160.99345852054608	330.37691704109216	-330.37691704109216	-152.60345852054607	38.150864630136525	38.150864630136525	-152.6034585205461	-38.150864630136525	8.39	38.150864630136525	160.99345852054608
441	-455.5001014737692	982.3774941245872	327.4591647081957	455.5001014737692	79.76729117704893	-663.3083294163914	-375.73281029672023	327.4591647081957	-79.76729117704893	327.4591647081957	327.4591647081957	-327.4591647081957	-79.76729117704893	-79.76729117704893	79.76729117704893	663.3083294163914	327.4591647081957	79.76729117704893	79.76729117704893	-79.76729117704893	663.3083294163914	-327.4591647081957	663.3083294163914	-663.3083294163914	-319.06916470819533	79.76729117704893	79.76729117704893	-319.06916470819573	-79.76729117704893	8.39	79.76729117704893	327.4591647081957
442	-422.01845564547307	909.3266304992139	303.1088768330713	422.01845564547307	73.67971920826783	-614.6077536661426	-348.3387364372052	303.1088768330713	-73.67971920826783	303.1088768330713	303.1088768330713	-303.1088768330713	-73.67971920826783	-73.67971920826783	73.67971920826783	614.6077536661426	303.1088768330713	73.67971920826783	73.67971920826783	-73.67971920826783	614.6077536661426	-303.1088768330713	614.6077536661426	-614.6077536661426	-294.71887683307125	73.67971920826783	73.67971920826783	-294.7188768330713	-73.67971920826783	8.39	73.67971920826783	303.1088768330713
443	-293.0954995331099	628.0401807995124	209.34672693317083	293.0954995331099	50.23918173329272	-427.08345386634164	-242.85631779981716	209.34672693317083	-50.23918173329271	209.34672693317083	209.34672693317083	-209.34672693317083	-50.23918173329271	-50.23918173329272	50.23918173329271	427.08345386634164	209.34672693317083	50.23918173329272	50.23918173329272	-50.23918173329272	427.08345386634164	-209.34672693317083	427.08345386634164	-427.08345386634164	-200.95672693317076	50.23918173329272	50.23918173329271	-200.9567269331708	-50.23918173329272	8.39	50.23918173329271	209.34672693317083
444	-285.58891897828494	611.6621868617126	203.88739562057089	285.58891897828494	48.87434890514273	-416.16479124114176	-236.7145700731422	203.88739562057089	-48.874348905142725	203.88739562057089	203.88739562057089	-203.88739562057089	-48.874348905142725	-48.87434890514273	48.874348905142725	416.16479124114176	203.88739562057089	48.87434890514273	48.87434890514273	-48.87434890514273	416.16479124114176	-203.88739562057089	416.16479124114176	-416.16479124114176	-195.49739562057087	48.87434890514273	48.874348905142725	-195.49739562057087	-48.87434890514273	8.39	48.874348905142725	203.88739562057089
445	-318.8251184204727	684.1775310992132	228.05917703307105	318.8251184204727	54.917294258267766	-464.50835406614215	-263.9078241622049	228.05917703307105	-54.917294258267766	228.05917703307105	228.05917703307105	-228.05917703307105	-54.917294258267766	-54.917294258267766	54.917294258267766	464.50835406614215	228.05917703307105	54.917294258267766	54.917294258267766	-54.917294258267766	464.50835406614215	-228.05917703307105	464.50835406614215	-464.50835406614215	-219.66917703307115	54.917294258267766	54.917294258267766	-219.66917703307104	-54.917294258267766	8.39	54.917294258267766	228.05917703307108
446	-284.51900564547276	609.3278304992133	203.1092768330711	284.51900564547276	48.67981920826777	-414.60855366614226	-235.839186437205	203.1092768330711	-48.67981920826777	203.1092768330711	203.1092768330711	-203.1092768330711	-48.67981920826777	-48.67981920826777	48.67981920826777	414.60855366614226	203.1092768330711	48.67981920826777	48.67981920826777	-48.67981920826777	414.60855366614226	-203.1092768330711	414.60855366614226	-414.60855366614226	-194.71927683307106	48.67981920826777	48.67981920826777	-194.71927683307104	-48.67981920826777	8.39	48.67981920826777	203.10927683307114
447	-229.81522435307866	489.9741258612626	163.32470862042086	229.81522435307866	38.73367715510521	-335.0394172408418	-191.08154719797346	163.32470862042086	-38.73367715510521	163.32470862042086	163.32470862042086	-163.32470862042086	-38.73367715510521	-38.73367715510521	38.73367715510521	335.0394172408418	163.32470862042086	38.73367715510521	38.73367715510521	-38.73367715510521	335.0394172408418	-163.32470862042086	335.0394172408418	-335.0394172408418	-154.93470862042088	38.73367715510521	38.73367715510521	-154.93470862042085	-38.73367715510521	8.39	38.73367715510521	163.3247086204209
448	-216.97614452828455	461.9615880617118	153.9871960205706	216.97614452828455	36.39929900514265	-316.3643920411412	-180.57684552314188	153.9871960205706	-36.39929900514265	153.9871960205706	153.9871960205706	-153.9871960205706	-36.39929900514265	-36.39929900514265	36.39929900514265	316.3643920411412	153.9871960205706	36.39929900514265	36.39929900514265	-36.39929900514265	316.3643920411412	-153.9871960205706	316.3643920411412	-316.3643920411412	-145.59719602057058	36.39929900514265	36.39929900514265	-145.5971960205706	-36.39929900514265	8.39	36.39929900514265	153.9871960205706
449	-190.17661230810967	403.48988139951194	134.49662713317065	190.17661230810967	31.526656783292662	-277.3832542663413	-158.649955524817	134.49662713317065	-31.526656783292662	134.49662713317065	134.49662713317065	-134.49662713317065	-31.526656783292662	-31.526656783292662	31.526656783292662	277.3832542663413	134.49662713317065	31.526656783292662	31.526656783292662	-31.526656783292662	277.3832542663413	-134.49662713317065	277.3832542663413	-277.3832542663413	-126.10662713317066	31.526656783292662	31.526656783292662	-126.10662713317066	-31.526656783292662	8.39	31.526656783292662	134.49662713317065
450	-312.4098924160263	670.1806743622392	223.39355812074638	312.4098924160263	53.7508895301866	-455.17711624149274	-258.6590028858397	223.39355812074638	-53.7508895301866	223.39355812074638	223.39355812074638	-223.39355812074638	-53.7508895301866	-53.7508895301866	53.7508895301866	455.17711624149274	223.39355812074638	53.7508895301866	53.7508895301866	-53.7508895301866	455.17711624149274	-223.39355812074638	455.17711624149274	-455.17711624149274	-215.00355812074633	53.7508895301866	53.7508895301866	-215.00355812074645	-53.7508895301866	8.39	53.7508895301866	223.39355812074635
451	-344.65786203283494	740.5398807989127	246.84662693297088	344.65786203283494	59.61415673324272	-502.08325386594174	-285.0437052995922	246.84662693297088	-59.61415673324272	246.84662693297088	246.84662693297088	-246.84662693297088	-59.61415673324272	-59.61415673324272	59.61415673324272	502.08325386594174	246.84662693297088	59.61415673324272	59.61415673324272	-59.61415673324272	502.08325386594174	-246.84662693297088	502.08325386594174	-502.08325386594174	-238.45662693297106	59.61415673324272	59.61415673324272	-238.45662693297095	-59.61415673324272	8.39	59.61415673324272	246.84662693297085
452	-254.37221685817872	543.5530185996627	181.1843395332209	254.37221685817872	43.19858488330524	-370.7586790664418	-211.17363197487347	181.1843395332209	-43.19858488330524	181.1843395332209	181.1843395332209	-181.1843395332209	-43.19858488330524	-43.19858488330524	43.19858488330524	370.7586790664418	181.1843395332209	43.19858488330524	43.19858488330523	-43.19858488330523	370.7586790664418	-181.1843395332209	370.7586790664418	-370.7586790664418	-172.79433953322086	43.19858488330524	43.19858488330524	-172.7943395332209	-43.19858488330523	8.39	43.19858488330524	181.1843395332209
453	-212.69647407835362	452.62412526186245	150.87470842062083	212.69647407835362	35.62117710515521	-310.13941684124165	-177.07529697319842	150.87470842062083	-35.62117710515521	150.87470842062083	150.87470842062083	-150.87470842062083	-35.62117710515521	-35.62117710515521	35.62117710515521	310.13941684124165	150.87470842062083	35.62117710515521	35.62117710515521	-35.62117710515521	310.13941684124165	-150.87470842062083	310.13941684124165	-310.13941684124165	-142.48470842062085	35.62117710515521	35.62117710515521	-142.48470842062082	-35.62117710515521	8.39	35.62117710515521	150.87470842062083
454	-191.24652564092185	405.8242377620113	135.27474592067045	191.24652564092185	31.721186480167614	-278.9394918413409	-159.52533916075424	135.27474592067045	-31.72118648016761	135.27474592067045	135.27474592067045	-135.27474592067045	-31.72118648016761	-31.721186480167614	31.72118648016761	278.9394918413409	135.27474592067045	31.721186480167614	31.721186480167614	-31.721186480167614	278.9394918413409	-135.27474592067045	278.9394918413409	-278.9394918413409	-126.88474592067048	31.721186480167614	31.72118648016761	-126.88474592067044	-31.721186480167614	8.39	31.72118648016761	135.27474592067045
455	-233.02498147019753	496.97723229861276	165.65907743287093	233.02498147019753	39.317269358217736	-339.7081548657419	-193.7077121119798	165.65907743287093	-39.317269358217736	165.65907743287093	165.65907743287093	-165.65907743287093	-39.317269358217736	-39.317269358217736	39.317269358217736	339.7081548657419	165.65907743287093	39.317269358217736	39.317269358217736	-39.317269358217736	339.7081548657419	-165.65907743287093	339.7081548657419	-339.7081548657419	-157.2690774328709	39.317269358217736	39.317269358217736	-157.26907743287086	-39.317269358217736	8.39	39.317269358217736	165.65907743287096
456	-373.67012137397563	803.8393557250378	267.9464519083459	373.67012137397563	64.88911297708648	-544.2829038166918	-308.78100839688915	267.9464519083459	-64.88911297708648	267.9464519083459	267.9464519083459	-267.9464519083459	-64.88911297708648	-64.88911297708648	64.88911297708648	544.2829038166918	267.9464519083459	64.88911297708648	64.88911297708648	-64.88911297708648	544.2829038166918	-267.9464519083459	544.2829038166918	-544.2829038166918	-259.556451908346	64.88911297708648	64.88911297708648	-259.55645190834593	-64.88911297708648	8.39	64.88911297708648	267.9464519083459
457	-371.5260064785604	799.1612868623137	266.3870956207712	371.5260064785604	64.49927390519281	-541.1641912415424	-307.0267325733676	266.3870956207712	-64.49927390519281	266.3870956207712	266.3870956207712	-266.3870956207712	-64.49927390519281	-64.49927390519281	64.49927390519281	541.1641912415424	266.3870956207712	64.49927390519281	64.49927390519281	-64.49927390519281	541.1641912415424	-266.3870956207712	541.1641912415424	-541.1641912415424	-257.9970956207713	64.49927390519281	64.49927390519281	-257.99709562077123	-64.49927390519281	8.39	64.49927390519281	266.3870956207712
458	-296.30952776133756	635.0526060247365	211.6842020082455	296.30952776133756	50.82355050206137	-431.758404016491	-245.48597725927618	211.6842020082455	-50.82355050206137	211.6842020082455	211.6842020082455	-211.6842020082455	-50.82355050206137	-50.82355050206137	50.82355050206137	431.758404016491	211.6842020082455	50.82355050206137	50.82355050206137	-50.82355050206137	431.758404016491	-211.6842020082455	431.758404016491	-431.758404016491	-203.29420200824552	50.82355050206137	50.82355050206137	-203.29420200824552	-50.82355050206137	8.39	50.82355050206137	211.6842020082455
459	-234.09489480300982	499.3115886611123	166.43719622037077	234.09489480300982	39.51179905509269	-341.2643924407415	-194.58309574791713	166.43719622037077	-39.51179905509269	166.43719622037077	166.43719622037077	-166.43719622037077	-39.51179905509269	-39.51179905509269	39.51179905509269	341.2643924407415	166.43719622037077	39.51179905509269	39.51179905509269	-39.51179905509269	341.2643924407415	-166.43719622037077	341.2643924407415	-341.2643924407415	-158.04719622037067	39.51179905509269	39.51179905509269	-158.04719622037078	-39.51179905509269	8.39	39.51179905509269	166.43719622037077
460	-193.39064053633734	410.502306624736	136.83410220824533	193.39064053633734	32.11102555206133	-282.05820441649064	-161.279614984276	136.83410220824533	-32.11102555206133	136.83410220824533	136.83410220824533	-136.83410220824533	-32.11102555206133	-32.11102555206133	32.11102555206133	282.05820441649064	136.83410220824533	32.11102555206133	32.11102555206133	-32.11102555206133	282.05820441649064	-136.83410220824533	282.05820441649064	-282.05820441649064	-128.44410220824523	32.11102555206133	32.11102555206133	-128.44410220824534	-32.11102555206133	8.39	32.11102555206133	136.83410220824533
461	-412.3419448111318	888.2142432242875	296.07141440809585	412.3419448111318	71.92035360202397	-600.5328288161917	-340.4215912091078	296.07141440809585	-71.92035360202397	296.07141440809585	296.07141440809585	-296.07141440809585	-71.92035360202397	-71.92035360202397	71.92035360202397	600.5328288161917	296.07141440809585	71.92035360202397	71.92035360202397	-71.92035360202397	600.5328288161917	-296.07141440809585	600.5328288161917	-600.5328288161917	-287.68141440809586	71.92035360202397	71.92035360202397	-287.68141440809586	-71.92035360202397	8.39	71.92035360202397	296.07141440809585
462	-388.64475675328555	836.511287461714	278.83709582057134	388.64475675328555	67.61177395514284	-566.0641916411427	-321.03298279814265	278.83709582057134	-67.61177395514284	278.83709582057134	278.83709582057134	-278.83709582057134	-67.61177395514284	-67.61177395514284	67.61177395514284	566.0641916411427	278.83709582057134	67.61177395514284	67.61177395514284	-67.61177395514284	566.0641916411427	-278.83709582057134	566.0641916411427	-566.0641916411427	-270.44709582057123	67.61177395514284	67.61177395514284	-270.44709582057135	-67.61177395514284	8.39	67.61177395514284	278.83709582057134
463	-266.23162619849353	569.4280935239858	189.80936450799527	266.23162619849353	45.35484112699882	-388.0087290159905	-220.8767850714947	189.80936450799527	-45.35484112699882	189.80936450799527	189.80936450799527	-189.80936450799527	-45.35484112699882	-45.35484112699882	45.35484112699882	388.0087290159905	189.80936450799527	45.35484112699882	45.35484112699882	-45.35484112699882	388.0087290159905	-189.80936450799527	388.0087290159905	-388.0087290159905	-181.4193645079953	45.35484112699882	45.35484112699882	-181.41936450799528	-45.35484112699882	8.39	45.35484112699882	189.80936450799527
464	-247.97407536650644	529.5934371632868	176.5311457210956	247.97407536650644	42.0352864302739	-361.45229144219127	-205.93878893623253	176.5311457210956	-42.0352864302739	176.5311457210956	176.5311457210956	-176.5311457210956	-42.0352864302739	-42.0352864302739	42.0352864302739	361.45229144219127	176.5311457210956	42.0352864302739	42.0352864302739	-42.0352864302739	361.45229144219127	-176.5311457210956	361.45229144219127	-361.45229144219127	-168.1411457210956	42.0352864302739	42.0352864302739	-168.14114572109554	-42.0352864302739	8.39	42.0352864302739	176.53114572109564
465	-228.74531102026634	487.6397694987629	162.54658983292097	228.74531102026634	38.53914745823025	-333.48317966584193	-190.2061635620361	162.54658983292097	-38.53914745823025	162.54658983292097	162.54658983292097	-162.54658983292097	-38.53914745823025	-38.53914745823025	38.53914745823025	333.48317966584193	162.54658983292097	38.53914745823025	38.53914745823025	-38.53914745823025	333.48317966584193	-162.54658983292097	333.48317966584193	-333.48317966584193	-154.156589832921	38.53914745823025	38.53914745823025	-154.156589832921	-38.53914745823025	8.39	38.53914745823025	162.54658983292097
466	-209.49100519102586	445.63037496223825	148.54345832074608	209.49100519102586	35.038364580186524	-305.47691664149215	-174.45264061083935	148.54345832074608	-35.038364580186524	148.54345832074608	148.54345832074608	-148.54345832074608	-35.038364580186524	-35.038364580186524	35.038364580186524	305.47691664149215	148.54345832074608	35.038364580186524	35.038364580186524	-35.038364580186524	305.47691664149215	-148.54345832074608	305.47691664149215	-305.47691664149215	-140.1534583207461	35.038364580186524	35.038364580186524	-140.1534583207461	-35.038364580186524	8.39	35.038364580186524	148.54345832074608
467	-197.68746397404345	419.8771941251857	139.95906470839523	197.68746397404345	32.892266177098804	-288.3081294167905	-164.79519779694465	139.95906470839523	-32.892266177098804	139.95906470839523	139.95906470839523	-139.95906470839523	-32.892266177098804	-32.892266177098804	32.892266177098804	288.3081294167905	139.95906470839523	32.892266177098804	32.892266177098804	-32.892266177098804	288.3081294167905	-139.95906470839523	288.3081294167905	-288.3081294167905	-131.56906470839525	32.892266177098804	32.892266177098804	-131.56906470839522	-32.892266177098804	8.39	32.892266177098804	139.95906470839526
468	-211.6265607455414	450.2897688993631	150.09658963312103	211.6265607455414	35.42664740828026	-308.58317926624204	-176.19991333726114	150.09658963312103	-35.42664740828026	150.09658963312103	150.09658963312103	-150.09658963312103	-35.42664740828026	-35.42664740828026	35.42664740828026	308.58317926624204	150.09658963312103	35.42664740828026	35.42664740828026	-35.42664740828026	308.58317926624204	-150.09658963312103	308.58317926624204	-308.58317926624204	-141.70658963312098	35.42664740828026	35.42664740828026	-141.70658963312104	-35.42664740828026	8.39	35.42664740828026	150.09658963312103
469	-314.5454479705417	674.8400682993638	224.94668943312126	314.5454479705417	54.13917235828032	-458.2833788662425	-260.4062756122614	224.94668943312126	-54.13917235828032	224.94668943312126	224.94668943312126	-224.94668943312126	-54.13917235828032	-54.13917235828032	54.13917235828032	458.2833788662425	224.94668943312126	54.13917235828032	54.13917235828032	-54.13917235828032	458.2833788662425	-224.94668943312126	458.2833788662425	-458.2833788662425	-216.5566894331214	54.13917235828032	54.13917235828032	-216.55668943312128	-54.13917235828032	8.39	54.13917235828032	224.94668943312126
470	-360.7795823114067	775.7145432248874	258.5715144082958	360.7795823114067	62.54537860207395	-525.5330288165916	-298.23420370933275	258.5715144082958	-62.54537860207395	258.5715144082958	258.5715144082958	-258.5715144082958	-62.54537860207395	-62.54537860207395	62.54537860207395	525.5330288165916	258.5715144082958	62.54537860207395	62.54537860207395	-62.54537860207395	525.5330288165916	-258.5715144082958	525.5330288165916	-525.5330288165916	-250.1815144082958	62.54537860207395	62.54537860207395	-250.1815144082958	-62.54537860207395	8.39	62.54537860207395	258.5715144082958
471	-287.7330338737002	616.3402557244368	205.44675190814561	287.7330338737002	49.2641879770364	-419.2835038162913	-238.46884589666382	205.44675190814561	-49.2641879770364	205.44675190814561	205.44675190814561	-205.44675190814561	-49.2641879770364	-49.2641879770364	49.2641879770364	419.2835038162913	205.44675190814561	49.2641879770364	49.2641879770364	-49.2641879770364	419.2835038162913	-205.44675190814561	419.2835038162913	-419.2835038162913	-197.05675190814563	49.2641879770364	49.2641879770364	-197.05675190814554	-49.2641879770364	8.39	49.2641879770364	205.44675190814564
472	-252.23666130366325	538.8936246625381	179.63120822084602	252.23666130366325	42.81030205521151	-367.652416441692	-209.42635924845175	179.63120822084602	-42.81030205521151	179.63120822084602	179.63120822084602	-179.63120822084602	-42.81030205521151	-42.81030205521151	42.81030205521151	367.652416441692	179.63120822084602	42.81030205521151	42.81030205521151	-42.81030205521151	367.652416441692	-179.63120822084602	367.652416441692	-367.652416441692	-171.24120822084603	42.81030205521151	42.81030205521151	-171.24120822084603	-42.81030205521151	8.39	42.81030205521151	179.631208220846
473	-390.78887164870076	841.1893563244381	280.39645210814604	390.78887164870076	68.00161302703651	-569.1829042162921	-322.78725862166425	280.39645210814604	-68.00161302703651	280.39645210814604	280.39645210814604	-280.39645210814604	-68.00161302703651	-68.00161302703651	68.00161302703651	569.1829042162921	280.39645210814604	68.00161302703651	68.00161302703651	-68.00161302703651	569.1829042162921	-280.39645210814604	569.1829042162921	-569.1829042162921	-272.00645210814605	68.00161302703651	68.00161302703651	-272.00645210814605	-68.00161302703651	8.39	68.00161302703651	280.39645210814604
474	-420.95068213932643	906.9969428494394	302.33231428314645	420.95068213932643	73.48557857078661	-613.0546285662929	-347.46510356853986	302.33231428314645	-73.48557857078661	302.33231428314645	302.33231428314645	-302.33231428314645	-73.48557857078661	-73.48557857078661	73.48557857078661	613.0546285662929	302.33231428314645	73.48557857078661	73.48557857078661	-73.48557857078661	613.0546285662929	-302.33231428314645	613.0546285662929	-613.0546285662929	-293.9423142831465	73.48557857078661	73.48557857078661	-293.9423142831465	-73.48557857078661	8.39	73.48557857078661	302.33231428314645
475	-251.16888779751665	536.5639370127636	178.8546456709212	251.16888779751665	42.6161614177303	-366.09929134184245	-208.55272637978635	178.8546456709212	-42.6161614177303	178.8546456709212	178.8546456709212	-178.8546456709212	-42.6161614177303	-42.6161614177303	42.6161614177303	366.09929134184245	178.8546456709212	42.6161614177303	42.6161614177303	-42.6161614177303	366.09929134184245	-178.8546456709212	366.09929134184245	-366.09929134184245	-170.46464567092121	42.6161614177303	42.6161614177303	-170.4646456709212	-42.6161614177303	8.39	42.6161614177303	178.85464567092123
476	-283.45123213932595	606.9981428494383	202.33271428314612	283.45123213932595	48.485678570786526	-413.0554285662922	-234.96555356853943	202.33271428314612	-48.485678570786526	202.33271428314612	202.33271428314612	-202.33271428314612	-48.485678570786526	-48.485678570786526	48.485678570786526	413.0554285662922	202.33271428314612	48.485678570786526	48.48567857078653	-48.48567857078653	413.0554285662922	-202.33271428314612	413.0554285662922	-413.0554285662922	-193.94271428314585	48.485678570786526	48.485678570786526	-193.9427142831461	-48.48567857078653	8.39	48.485678570786526	202.33271428314612
477	-310.27647668817644	665.5259491378396	221.84198304594653	310.27647668817644	53.36299576148663	-452.0739660918931	-256.91348092668983	221.84198304594653	-53.36299576148663	221.84198304594653	221.84198304594653	-221.84198304594653	-53.36299576148663	-53.36299576148663	53.36299576148663	452.0739660918931	221.84198304594653	53.36299576148663	53.36299576148663	-53.36299576148663	452.0739660918931	-221.84198304594653	452.0739660918931	-452.0739660918931	-213.4519830459465	53.36299576148663	53.36299576148663	-213.45198304594646	-53.36299576148663	8.39	53.36299576148663	221.84198304594656
478	-317.757344914326	681.8478434494385	227.28261448314618	317.757344914326	54.72315362078655	-462.95522896629234	-263.03419129353944	227.28261448314618	-54.72315362078655	227.28261448314618	227.28261448314618	-227.28261448314618	-54.72315362078655	-54.72315362078655	54.72315362078655	462.95522896629234	227.28261448314618	54.72315362078655	54.72315362078655	-54.72315362078655	462.95522896629234	-227.28261448314618	462.95522896629234	-462.95522896629234	-218.89261448314642	54.72315362078655	54.72315362078655	-218.8926144831462	-54.72315362078655	8.39	54.72315362078655	227.28261448314615
479	-311.3421189098795	667.8509867124644	222.61699557082147	311.3421189098795	53.556748892705365	-453.62399114164293	-257.78537001717416	222.61699557082147	-53.556748892705365	222.61699557082147	222.61699557082147	-222.61699557082147	-53.556748892705365	-53.556748892705365	53.556748892705365	453.62399114164293	222.61699557082147	53.556748892705365	53.556748892705365	-53.556748892705365	453.62399114164293	-222.61699557082147	453.62399114164293	-453.62399114164293	-214.22699557082137	53.556748892705365	53.556748892705365	-214.2269955708215	-53.556748892705365	8.39	53.556748892705365	222.61699557082147
480	-343.5900885266883	738.210193149138	246.070064383046	343.5900885266883	59.4200160957615	-500.53012876609205	-284.1700724309268	246.070064383046	-59.4200160957615	246.070064383046	246.070064383046	-246.070064383046	-59.4200160957615	-59.4200160957615	59.4200160957615	500.53012876609205	246.070064383046	59.4200160957615	59.4200160957615	-59.4200160957615	500.53012876609205	-246.070064383046	500.53012876609205	-500.53012876609205	-237.68006438304587	59.4200160957615	59.4200160957615	-237.680064383046	-59.4200160957615	8.39	59.4200160957615	246.07006438304603
481	-292.02772602696314	625.7104931497378	208.57016438324592	292.02772602696314	50.04504109581148	-425.53032876649183	-241.98268493115165	208.57016438324592	-50.04504109581148	208.57016438324592	208.57016438324592	-208.57016438324592	-50.04504109581148	-50.04504109581148	50.04504109581148	425.53032876649183	208.57016438324592	50.04504109581148	50.04504109581148	-50.04504109581148	425.53032876649183	-208.57016438324592	425.53032876649183	-425.53032876649183	-200.18016438324594	50.04504109581148	50.04504109581148	-200.18016438324594	-50.04504109581148	8.39	50.04504109581148	208.57016438324592
482	-253.30444335203202	541.2233309498881	180.40777698329603	253.30444335203202	43.00444424582401	-369.2055539665921	-210.29999910620802	180.40777698329603	-43.00444424582401	180.40777698329603	180.40777698329603	-180.40777698329603	-43.00444424582401	-43.00444424582401	43.00444424582401	369.2055539665921	180.40777698329603	43.00444424582401	43.00444424582401	-43.00444424582401	369.2055539665921	-180.40777698329603	369.2055539665921	-369.2055539665921	-172.01777698329605	43.00444424582401	43.00444424582401	-172.01777698329602	-43.00444424582401	8.39	43.00444424582401	180.40777698329606
483	-386.50706991432634	831.8472434494392	277.2824144831464	386.50706991432634	67.2231036207866	-562.9548289662928	-319.2839662935397	277.2824144831464	-67.2231036207866	277.2824144831464	277.2824144831464	-277.2824144831464	-67.2231036207866	-67.2231036207866	67.2231036207866	562.9548289662928	277.2824144831464	67.2231036207866	67.2231036207866	-67.2231036207866	562.9548289662928	-277.2824144831464	562.9548289662928	-562.9548289662928	-268.8924144831465	67.2231036207866	67.2231036207866	-268.89241448314647	-67.2231036207866	8.39	67.2231036207866	277.2824144831464
484	-369.38831963960126	794.4972428500391	264.8324142833464	369.38831963960126	64.11060357083659	-538.0548285666928	-305.2777160687647	264.8324142833464	-64.11060357083659	264.8324142833464	264.8324142833464	-264.8324142833464	-64.11060357083659	-64.11060357083659	64.11060357083659	538.0548285666928	264.8324142833464	64.11060357083659	64.11060357083659	-64.11060357083659	538.0548285666928	-264.8324142833464	538.0548285666928	-538.0548285666928	-256.4424142833465	64.11060357083659	64.11060357083659	-256.44241428334635	-64.11060357083659	8.39	64.11060357083659	264.8324142833464
485	-250.1032455758133	534.2388994381381	178.07963314604604	250.1032455758133	42.422408286511505	-364.54926629209206	-207.6808372893018	178.07963314604604	-42.422408286511505	178.07963314604604	178.07963314604604	-178.07963314604604	-42.422408286511505	-42.422408286511505	42.422408286511505	364.54926629209206	178.07963314604604	42.422408286511505	42.422408286511505	-42.422408286511505	364.54926629209206	-178.07963314604604	364.54926629209206	-364.54926629209206	-169.68963314604594	42.422408286511505	42.422408286511505	-169.68963314604605	-42.422408286511505	8.39	42.422408286511505	178.07963314604604
486	-246.90630186035986	527.2637495135124	175.7545831711708	246.90630186035986	41.841145792792695	-359.8991663423416	-205.06515606756716	175.7545831711708	-41.841145792792695	175.7545831711708	175.7545831711708	-175.7545831711708	-41.841145792792695	-41.841145792792695	41.841145792792695	359.8991663423416	175.7545831711708	41.841145792792695	41.841145792792695	-41.841145792792695	359.8991663423416	-175.7545831711708	359.8991663423416	-359.8991663423416	-167.3645831711708	41.841145792792695	41.841145792792695	-167.3645831711708	-41.841145792792695	8.39	41.841145792792695	175.7545831711708
487	-245.84065963865652	524.938711938887	174.97957064629566	245.84065963865652	41.64739266157391	-358.3491412925913	-204.1932669770826	174.97957064629566	-41.64739266157391	174.97957064629566	174.97957064629566	-174.97957064629566	-41.64739266157391	-41.64739266157391	41.64739266157391	358.3491412925913	174.97957064629566	41.64739266157391	41.64739266157391	-41.64739266157391	358.3491412925913	-174.97957064629566	358.3491412925913	-358.3491412925913	-166.5895706462956	41.64739266157391	41.64739266157391	-166.58957064629567	-41.64739266157391	8.39	41.64739266157391	174.97957064629566
488	-231.95720796405078	494.6475446488381	164.88251488294603	231.95720796405078	39.12312872073651	-338.1550297658921	-192.83407924331428	164.88251488294603	-39.12312872073651	164.88251488294603	164.88251488294603	-164.88251488294603	-39.12312872073651	-39.12312872073651	39.12312872073651	338.1550297658921	164.88251488294603	39.12312872073651	39.12312872073651	-39.12312872073651	338.1550297658921	-164.88251488294603	338.1550297658921	-338.1550297658921	-156.49251488294604	39.12312872073651	39.12312872073651	-156.492514882946	-39.12312872073651	8.39	39.12312872073651	164.88251488294605
489	-224.47633973790096	478.32565033723847	159.44188344574616	224.47633973790096	37.762970861436536	-327.2737668914923	-186.71336887646441	159.44188344574616	-37.762970861436536	159.44188344574616	159.44188344574616	-159.44188344574616	-37.762970861436536	-37.762970861436536	37.762970861436536	327.2737668914923	159.44188344574616	37.762970861436536	37.762970861436536	-37.762970861436536	327.2737668914923	-159.44188344574616	327.2737668914923	-327.2737668914923	-151.05188344574617	37.762970861436536	37.762970861436536	-151.05188344574617	-37.762970861436536	8.39	37.762970861436536	159.44188344574616
490	-210.55878723939472	447.9600812495885	149.32002708319615	210.55878723939472	35.23250677079904	-307.03005416639235	-175.32628046859568	149.32002708319615	-35.23250677079904	149.32002708319615	149.32002708319615	-149.32002708319615	-35.23250677079904	-35.23250677079904	35.23250677079904	307.03005416639235	149.32002708319615	35.23250677079904	35.23250677079904	-35.23250677079904	307.03005416639235	-149.32002708319615	307.03005416639235	-307.03005416639235	-140.93002708319617	35.23250677079904	35.23250677079904	-140.93002708319614	-35.23250677079904	8.39	35.23250677079904	149.32002708319618
491	-207.35758946317597	440.97564973783847	146.99188324594616	207.35758946317597	34.650470811486535	-302.3737664918923	-172.70711865168943	146.99188324594616	-34.650470811486535	146.99188324594616	146.99188324594616	-146.99188324594616	-34.650470811486535	-34.650470811486535	34.650470811486535	302.3737664918923	146.99188324594616	34.650470811486535	34.650470811486535	-34.650470811486535	302.3737664918923	-146.99188324594616	302.3737664918923	-302.3737664918923	-138.6018832459461	34.650470811486535	34.650470811486535	-138.60188324594617	-34.650470811486535	8.39	34.650470811486535	146.99188324594616
492	-382.2273994643952	822.5097806495897	274.1699268831966	382.2273994643952	66.44498172079915	-556.7298537663931	-315.78241774359606	274.1699268831966	-66.44498172079915	274.1699268831966	274.1699268831966	-274.1699268831966	-66.44498172079915	-66.44498172079915	66.44498172079915	556.7298537663931	274.1699268831966	66.44498172079915	66.44498172079915	-66.44498172079915	556.7298537663931	-274.1699268831966	556.7298537663931	-556.7298537663931	-265.7799268831965	66.44498172079915	66.44498172079915	-265.7799268831966	-66.44498172079915	8.39	66.44498172079915	274.1699268831966
493	-243.71362925601514	520.2979183767603	173.4326394589201	243.71362925601514	41.26065986473003	-355.2552789178402	-202.4529693912851	173.4326394589201	-41.26065986473003	173.4326394589201	173.4326394589201	-173.4326394589201	-41.26065986473003	-41.26065986473003	41.26065986473003	355.2552789178402	173.4326394589201	41.26065986473003	41.26065986473003	-41.26065986473003	355.2552789178402	-173.4326394589201	355.2552789178402	-355.2552789178402	-165.0426394589201	41.26065986473003	41.26065986473003	-165.04263945892012	-41.26065986473003	8.39	41.26065986473003	173.4326394589201
494	-208.42323168487923	443.3006873124637	147.76689577082124	208.42323168487923	34.84422394270531	-303.92379154164246	-173.5790077421739	147.76689577082124	-34.84422394270531	147.76689577082124	147.76689577082124	-147.76689577082124	-34.84422394270531	-34.84422394270531	34.84422394270531	303.92379154164246	147.76689577082124	34.84422394270531	34.84422394270531	-34.84422394270531	303.92379154164246	-147.76689577082124	303.92379154164246	-303.92379154164246	-139.37689577082122	34.84422394270531	34.84422394270531	-139.37689577082125	-34.84422394270531	8.39	34.84422394270531	147.76689577082124
495	-227.67753751411982	485.3100818489887	161.77002728299624	227.67753751411982	38.34500682074906	-331.93005456599246	-189.33253069337076	161.77002728299624	-38.34500682074906	161.77002728299624	161.77002728299624	-161.77002728299624	-38.34500682074906	-38.34500682074906	38.34500682074906	331.93005456599246	161.77002728299624	38.34500682074906	38.34500682074906	-38.34500682074906	331.93005456599246	-161.77002728299624	331.93005456599246	-331.93005456599246	-153.38002728299637	38.34500682074906	38.34500682074906	-153.38002728299625	-38.34500682074906	8.39	38.34500682074906	161.7700272829962
496	-381.16175724269215	820.1847430749647	273.39491435832156	381.16175724269215	66.25122858958039	-555.1798287166431	-314.9105286531118	273.39491435832156	-66.25122858958039	273.39491435832156	273.39491435832156	-273.39491435832156	-66.25122858958039	-66.25122858958039	66.25122858958039	555.1798287166431	273.39491435832156	66.25122858958039	66.25122858958039	-66.25122858958039	555.1798287166431	-273.39491435832156	555.1798287166431	-555.1798287166431	-265.0049143583217	66.25122858958039	66.25122858958039	-265.00491435832157	-66.25122858958039	8.39	66.25122858958039	273.39491435832156
497	-379.02620168817657	815.5253491378398	271.8417830459466	379.02620168817657	65.86294576148666	-552.0735660918932	-313.1632559266899	271.8417830459466	-65.86294576148666	271.8417830459466	271.8417830459466	-271.8417830459466	-65.86294576148666	-65.86294576148666	65.86294576148666	552.0735660918932	271.8417830459466	65.86294576148666	65.86294576148666	-65.86294576148666	552.0735660918932	-271.8417830459466	552.0735660918932	-552.0735660918932	-263.4517830459466	65.86294576148666	65.86294576148666	-263.4517830459466	-65.86294576148666	8.39	65.86294576148666	271.8417830459466
498	-313.4776744643951	672.5103806495893	224.17012688319642	313.4776744643951	53.94503172079911	-456.7302537663928	-259.53264274359594	224.17012688319642	-53.94503172079911	224.17012688319642	224.17012688319642	-224.17012688319642	-53.94503172079911	-53.94503172079911	53.94503172079911	456.7302537663928	224.17012688319642	53.94503172079911	53.94503172079911	-53.94503172079911	456.7302537663928	-224.17012688319642	456.7302537663928	-456.7302537663928	-215.78012688319632	53.94503172079911	53.94503172079911	-215.7801268831964	-53.94503172079911	8.39	53.94503172079911	224.17012688319642
499	-225.5419819596042	480.65068791186366	160.2168959706212	225.5419819596042	37.956723992655306	-328.82379194124246	-187.5852579669489	160.2168959706212	-37.956723992655306	160.2168959706212	160.2168959706212	-160.2168959706212	-37.956723992655306	-37.956723992655306	37.956723992655306	328.82379194124246	160.2168959706212	37.956723992655306	37.956723992655306	-37.956723992655306	328.82379194124246	-160.2168959706212	328.82379194124246	-328.82379194124246	-151.8268959706212	37.956723992655306	37.956723992655306	-151.8268959706212	-37.956723992655306	8.39	37.956723992655306	160.21689597062124
500	-189.10883880196292	401.16019374973735	133.72006458324577	189.10883880196292	31.33251614581144	-275.8301291664916	-157.77632265615148	133.72006458324577	-31.33251614581144	133.72006458324577	133.72006458324577	-133.72006458324577	-31.33251614581144	-31.33251614581144	31.33251614581144	275.8301291664916	133.72006458324577	31.33251614581144	31.33251614581144	-31.33251614581144	275.8301291664916	-133.72006458324577	275.8301291664916	-275.8301291664916	-125.3300645832459	31.33251614581144	31.33251614581144	-125.33006458324576	-31.33251614581144	8.39	31.33251614581144	133.7200645832458
501	-214.83845768932554	457.2975440494376	152.43251468314585	214.83845768932554	36.01062867078646	-313.25502936629175	-178.82782901853906	152.43251468314585	-36.01062867078646	152.43251468314585	152.43251468314585	-152.43251468314585	-36.01062867078646	-36.01062867078646	36.01062867078646	313.25502936629175	152.43251468314585	36.01062867078646	36.01062867078646	-36.01062867078646	313.25502936629175	-152.43251468314585	313.25502936629175	-313.25502936629175	-144.04251468314587	36.01062867078646	36.01062867078646	-144.04251468314584	-36.01062867078646	8.39	36.01062867078646	152.43251468314588
502	-309.2129657509164	663.2055616383631	221.06852054612102	309.2129657509164	53.16963013653026	-450.52704109224203	-256.04333561438614	221.06852054612102	-53.16963013653026	221.06852054612102	221.06852054612102	-221.06852054612102	-53.16963013653026	-53.16963013653026	53.16963013653026	450.52704109224203	221.06852054612102	53.16963013653026	53.16963013653026	-53.16963013653026	450.52704109224203	-221.06852054612102	450.52704109224203	-450.52704109224203	-212.67852054612092	53.16963013653026	53.16963013653026	-212.67852054612104	-53.16963013653026	8.39	53.16963013653026	221.06852054612102
503	-244.77714870139658	522.6183244394108	174.20610814647026	244.77714870139658	41.45402703661756	-356.80221629294056	-203.32312166477905	174.20610814647026	-41.45402703661756	174.20610814647026	174.20610814647026	-174.20610814647026	-41.45402703661756	-41.45402703661756	41.45402703661756	356.80221629294056	174.20610814647026	41.45402703661756	41.45402703661756	-41.45402703661756	356.80221629294056	-174.20610814647026	356.80221629294056	-356.80221629294056	-165.81610814647024	41.45402703661756	41.45402703661756	-165.81610814647024	-41.45402703661756	8.39	41.45402703661756	174.20610814647029
504	-377.96269075091664	813.2049616383636	271.0683205461212	377.96269075091664	65.6695801365303	-550.5266410922424	-312.29311061438636	271.0683205461212	-65.6695801365303	271.0683205461212	271.0683205461212	-271.0683205461212	-65.6695801365303	-65.6695801365303	65.6695801365303	550.5266410922424	271.0683205461212	65.6695801365303	65.6695801365303	-65.6695801365303	550.5266410922424	-271.0683205461212	550.5266410922424	-550.5266410922424	-262.6783205461212	65.6695801365303	65.6695801365303	-262.6783205461212	-65.6695801365303	8.39	65.6695801365303	271.0683205461212
505	-242.6501183187554	517.9775308772845	172.65917695909482	242.6501183187554	41.0672942397737	-353.7083539181897	-201.5828240789817	172.65917695909482	-41.0672942397737	172.65917695909482	172.65917695909482	-172.65917695909482	-41.0672942397737	-41.0672942397737	41.0672942397737	353.7083539181897	172.65917695909482	41.0672942397737	41.0672942397737	-41.0672942397737	353.7083539181897	-172.65917695909482	353.7083539181897	-353.7083539181897	-164.26917695909478	41.0672942397737	41.0672942397737	-164.2691769590948	-41.0672942397737	8.39	41.0672942397737	172.65917695909485
506	-249.03973463855334	531.9185119386618	177.3061706462206	249.03973463855334	42.229042661555155	-363.0023412924412	-206.81069197699819	177.3061706462206	-42.229042661555155	177.3061706462206	177.3061706462206	-177.3061706462206	-42.229042661555155	-42.229042661555155	42.229042661555155	363.0023412924412	177.3061706462206	42.229042661555155	42.229042661555155	-42.229042661555155	363.0023412924412	-177.3061706462206	363.0023412924412	-363.0023412924412	-168.91617064622062	42.229042661555155	42.229042661555155	-168.91617064622062	-42.229042661555155	8.39	42.229042661555155	177.3061706462206
507	-241.58873015781728	515.6617748897831	171.88725829659438	241.58873015781728	40.8743145741486	-352.16451659318875	-200.71441558366868	171.88725829659438	-40.8743145741486	171.88725829659438	171.88725829659438	-171.88725829659438	-40.8743145741486	-40.8743145741486	40.8743145741486	352.16451659318875	171.88725829659438	40.8743145741486	40.8743145741486	-40.8743145741486	352.16451659318875	-171.88725829659438	352.16451659318875	-352.16451659318875	-163.49725829659437	40.8743145741486	40.8743145741486	-163.4972582965944	-40.8743145741486	8.39	40.8743145741486	171.88725829659438
508	-206.294078525916	438.6552622383622	146.21842074612073	206.294078525916	34.457105186530185	-300.82684149224144	-171.83697333938582	146.21842074612073	-34.457105186530185	146.21842074612073	146.21842074612073	-146.21842074612073	-34.457105186530185	-34.457105186530185	34.457105186530185	300.82684149224144	146.21842074612073	34.457105186530185	34.457105186530185	-34.457105186530185	300.82684149224144	-146.21842074612073	300.82684149224144	-300.82684149224144	-137.8284207461207	34.457105186530185	34.457105186530185	-137.82842074612074	-34.457105186530185	8.39	34.457105186530185	146.21842074612073
509	-223.41282880064108	476.0052628377623	158.66842094592076	223.41282880064108	37.569605236480186	-325.72684189184156	-185.8432235641609	158.66842094592076	-37.569605236480186	158.66842094592076	158.66842094592076	-158.66842094592076	-37.569605236480186	-37.569605236480186	37.569605236480186	325.72684189184156	158.66842094592076	37.569605236480186	37.569605236480186	-37.569605236480186	325.72684189184156	-158.66842094592076	325.72684189184156	-325.72684189184156	-150.27842094592077	37.569605236480186	37.569605236480186	-150.27842094592074	-37.569605236480186	8.39	37.569605236480186	158.6684209459208
510	-240.52946477320125	513.3506504142573	171.1168834714191	240.52946477320125	40.68172086785477	-350.6237669428382	-199.84774390534648	171.1168834714191	-40.68172086785477	171.1168834714191	171.1168834714191	-171.1168834714191	-40.68172086785477	-40.68172086785477	40.68172086785477	350.6237669428382	171.1168834714191	40.68172086785477	40.68172086785477	-40.68172086785477	350.6237669428382	-171.1168834714191	350.6237669428382	-350.6237669428382	-162.72688347141906	40.68172086785477	40.68172086785477	-162.72688347141911	-40.68172086785477	8.39	40.68172086785477	171.1168834714191
511	-437.4014781167106	942.8895886182778	314.29652953942593	437.4014781167106	76.47663238485649	-636.9830590788519	-360.92484573185413	314.29652953942593	-76.47663238485649	314.29652953942593	314.29652953942593	-314.29652953942593	-76.47663238485649	-76.47663238485649	76.47663238485649	636.9830590788519	314.29652953942593	76.47663238485649	76.47663238485649	-76.47663238485649	636.9830590788519	-314.29652953942593	636.9830590788519	-636.9830590788519	-305.90652953942595	76.47663238485649	76.47663238485649	-305.90652953942595	-76.47663238485649	8.39	76.47663238485649	314.29652953942593
512	-446.0479529388967	961.7546245939565	320.58487486465214	446.0479529388967	78.04871871616304	-649.5597497293043	-367.9992342227336	320.58487486465214	-78.04871871616304	320.58487486465214	320.58487486465214	-320.58487486465214	-78.04871871616304	-78.04871871616304	78.04871871616304	649.5597497293043	320.58487486465214	78.04871871616304	78.04871871616304	-78.04871871616304	649.5597497293043	-320.58487486465214	649.5597497293043	-649.5597497293043	-312.1948748646521	78.04871871616304	78.04871871616304	-312.1948748646522	-78.04871871616304	8.39	78.04871871616304	320.58487486465214
513	-433.0538758257775	933.4039108926054	311.1346369642018	433.0538758257775	75.68615924105045	-630.6592739284035	-357.367716584727	311.1346369642018	-75.68615924105045	311.1346369642018	311.1346369642018	-311.1346369642018	-75.68615924105045	-75.68615924105045	75.68615924105045	630.6592739284035	311.1346369642018	75.68615924105045	75.68615924105045	-75.68615924105045	630.6592739284035	-311.1346369642018	630.6592739284035	-630.6592739284035	-302.74463696420185	75.68615924105045	75.68615924105045	-302.74463696420185	-75.68615924105045	8.39	75.68615924105045	311.1346369642018
514	-402.924308775709	867.666673692456	289.222224564152	402.924308775709	70.208056141038	-586.834449128304	-332.716252634671	289.222224564152	-70.208056141038	289.222224564152	289.222224564152	-289.222224564152	-70.208056141038	-70.20805614103801	70.208056141038	586.834449128304	289.222224564152	70.208056141038	70.208056141038	-70.208056141038	586.834449128304	-289.222224564152	586.834449128304	-586.834449128304	-280.8322245641521	70.20805614103801	70.208056141038	-280.83222456415206	-70.208056141038	8.39	70.208056141038	289.222224564152
515	-436.8557167772871	941.6988366049898	313.8996122016633	436.8557167772871	76.37740305041582	-636.1892244033265	-360.4783137268713	313.8996122016633	-76.37740305041582	313.8996122016633	313.8996122016633	-313.8996122016633	-76.37740305041582	-76.37740305041582	76.37740305041582	636.1892244033265	313.8996122016633	76.37740305041582	76.37740305041582	-76.37740305041582	636.1892244033265	-313.8996122016633	636.1892244033265	-636.1892244033265	-305.50961220166306	76.37740305041582	76.37740305041582	-305.50961220166323	-76.37740305041582	8.39	76.37740305041582	313.8996122016633
516	-454.69333405098405	980.6172742930562	326.87242476435205	454.69333405098405	79.62060619108802	-662.1348495287041	-375.072727859896	326.87242476435205	-79.62060619108802	326.87242476435205	326.87242476435205	-326.87242476435205	-79.62060619108802	-79.62060619108802	79.62060619108802	662.1348495287041	326.87242476435205	79.62060619108802	79.62060619108802	-79.62060619108802	662.1348495287041	-326.87242476435205	662.1348495287041	-662.1348495287041	-318.48242476435206	79.62060619108802	79.62060619108802	-318.4824247643521	-79.62060619108802	8.39	79.62060619108802	326.87242476435205
517	-334.1745837757087	717.6672736924553	239.22242456415177	334.1745837757087	57.708106141037945	-486.8348491283035	-276.46647763467075	239.22242456415177	-57.708106141037945	239.22242456415177	239.22242456415177	-239.22242456415177	-57.708106141037945	-57.708106141037945	57.708106141037945	486.8348491283035	239.22242456415177	57.708106141037945	57.708106141037945	-57.708106141037945	486.8348491283035	-239.22242456415177	486.8348491283035	-486.8348491283035	-230.83242456415155	57.708106141037945	57.708106141037945	-230.83242456415175	-57.708106141037945	8.39	57.708106141037945	239.22242456415177
518	-265.42485877570857	567.6678736924551	189.22262456415172	265.42485877570857	45.20815614103793	-386.8352491283034	-220.21670263467064	189.22262456415172	-45.20815614103793	189.22262456415172	189.22262456415172	-189.22262456415172	-45.20815614103793	-45.20815614103793	45.20815614103793	386.8352491283034	189.22262456415172	45.20815614103793	45.20815614103793	-45.20815614103793	386.8352491283034	-189.22262456415172	386.8352491283034	-386.8352491283034	-180.83262456415184	45.20815614103793	45.20815614103793	-180.83262456415173	-45.20815614103793	8.39	45.20815614103793	189.2226245641517
519	-436.31104478185455	940.5104613422282	313.50348711407605	436.31104478185455	76.27837177851902	-635.3969742281521	-360.03267300333556	313.50348711407605	-76.27837177851902	313.50348711407605	313.50348711407605	-313.50348711407605	-76.27837177851902	-76.27837177851902	76.27837177851902	635.3969742281521	313.50348711407605	76.27837177851902	76.27837177851902	-76.27837177851902	635.3969742281521	-313.50348711407605	635.3969742281521	-635.3969742281521	-305.11348711407595	76.27837177851902	76.27837177851902	-305.11348711407607	-76.27837177851902	8.39	76.27837177851902	313.50348711407605
520	-435.2238751302925	938.1384548297292	312.7128182765764	435.2238751302925	76.0807045691441	-633.8156365531528	-359.1431705611484	312.7128182765764	-76.0807045691441	312.7128182765764	312.7128182765764	-312.7128182765764	-76.0807045691441	-76.0807045691441	76.0807045691441	633.8156365531528	312.7128182765764	76.0807045691441	76.0807045691441	-76.0807045691441	633.8156365531528	-312.7128182765764	633.8156365531528	-633.8156365531528	-304.3228182765764	76.0807045691441	76.0807045691441	-304.3228182765764	-76.0807045691441	8.39	76.0807045691441	312.7128182765764
521	-274.036816732337	586.4576001432807	195.48586671442692	274.036816732337	46.773966678606726	-399.3617334288539	-227.26285005373026	195.48586671442692	-46.773966678606726	195.48586671442692	195.48586671442692	-195.48586671442692	-46.773966678606726	-46.773966678606726	46.773966678606726	399.3617334288539	195.48586671442692	46.773966678606726	46.773966678606726	-46.773966678606726	399.3617334288539	-195.48586671442692	399.3617334288539	-399.3617334288539	-187.0958667144269	46.773966678606726	46.773966678606726	-187.09586671442685	-46.773966678606726	8.39	46.773966678606726	195.48586671442695
522	-430.34463386842975	927.4928375311194	309.1642791770398	430.34463386842975	75.19356979425996	-626.7185583540796	-355.15106407416977	309.1642791770398	-75.19356979425996	309.1642791770398	309.1642791770398	-309.1642791770398	-75.19356979425996	-75.19356979425996	75.19356979425996	626.7185583540796	309.1642791770398	75.19356979425996	75.19356979425996	-75.19356979425996	626.7185583540796	-309.1642791770398	626.7185583540796	-626.7185583540796	-300.7742791770399	75.19356979425996	75.19356979425996	-300.77427917703983	-75.19356979425996	8.39	75.19356979425996	309.1642791770398
523	-411.53626673233765	886.456400143282	295.48546671442733	411.53626673233765	71.77386667860684	-599.3609334288547	-339.7624000537308	295.48546671442733	-71.77386667860684	295.48546671442733	295.48546671442733	-295.48546671442733	-71.77386667860684	-71.77386667860684	71.77386667860684	599.3609334288547	295.48546671442733	71.77386667860684	71.77386667860684	-71.77386667860684	599.3609334288547	-295.48546671442733	599.3609334288547	-599.3609334288547	-287.0954667144273	71.77386667860684	71.77386667860684	-287.0954667144274	-71.77386667860684	8.39	71.77386667860684	295.48546671442733
524	-432.51029317433563	932.2179123803686	310.73930412678953	432.51029317433563	75.58732603169739	-629.868608253579	-356.92296714263824	310.73930412678953	-75.58732603169739	310.73930412678953	310.73930412678953	-310.73930412678953	-75.58732603169739	-75.58732603169739	75.58732603169739	629.868608253579	310.73930412678953	75.58732603169739	75.58732603169739	-75.58732603169739	629.868608253579	-310.73930412678953	629.868608253579	-629.868608253579	-302.3493041267895	75.58732603169739	75.58732603169739	-302.34930412678955	-75.58732603169739	8.39	75.58732603169739	310.73930412678953
525	-400.75539881518483	862.9345065058577	287.64483550195257	400.75539881518483	69.81370887548815	-583.6796710039051	-330.9416899396967	287.64483550195257	-69.81370887548815	287.64483550195257	287.64483550195257	-287.64483550195257	-69.81370887548815	-69.81370887548815	69.81370887548815	583.6796710039051	287.64483550195257	69.81370887548815	69.81370887548815	-69.81370887548815	583.6796710039051	-287.64483550195257	583.6796710039051	-583.6796710039051	-279.2548355019526	69.81370887548815	69.81370887548815	-279.2548355019526	-69.81370887548815	8.39	69.81370887548815	287.64483550195257
526	-264.88127612426695	566.4818751802188	188.82729172673962	264.88127612426695	45.1093229316849	-386.0445834534793	-219.771953192582	188.82729172673962	-45.1093229316849	188.82729172673962	188.82729172673962	-188.82729172673962	-45.1093229316849	-45.1093229316849	45.1093229316849	386.0445834534793	188.82729172673962	45.1093229316849	45.1093229316849	-45.1093229316849	386.0445834534793	-188.82729172673962	386.0445834534793	-386.0445834534793	-180.43729172673955	45.1093229316849	45.1093229316849	-180.43729172673955	-45.1093229316849	8.39	45.1093229316849	188.82729172673965
527	-329.84433718254377	708.219462943732	236.07315431457732	329.84433718254377	56.920788578644334	-480.53630862915463	-272.92354860389946	236.07315431457732	-56.920788578644334	236.07315431457732	236.07315431457732	-236.07315431457732	-56.920788578644334	-56.920788578644334	56.920788578644334	480.53630862915463	236.07315431457732	56.920788578644334	56.920788578644334	-56.920788578644334	480.53630862915463	-236.07315431457732	480.53630862915463	-480.53630862915463	-227.68315431457745	56.920788578644334	56.920788578644334	-227.68315431457734	-56.920788578644334	8.39	56.920788578644334	236.07315431457732
528	-342.7865417323373	736.4570001432813	245.4856667144271	342.7865417323373	59.27391667860678	-499.3613334288542	-283.5126250537305	245.4856667144271	-59.27391667860678	245.4856667144271	245.4856667144271	-245.4856667144271	-59.27391667860678	-59.27391667860678	59.27391667860678	499.3613334288542	245.4856667144271	59.27391667860678	59.27391667860678	-59.27391667860678	499.3613334288542	-245.4856667144271	499.3613334288542	-499.3613334288542	-237.09566671442713	59.27391667860678	59.27391667860678	-237.09566671442713	-59.27391667860678	8.39	59.27391667860678	245.4856667144271
529	-441.717706345732	952.3068138452335	317.4356046150778	441.717706345732	77.26140115376946	-643.2612092301556	-364.4563051919625	317.4356046150778	-77.26140115376946	317.4356046150778	317.4356046150778	-317.4356046150778	-77.26140115376946	-77.26140115376946	77.26140115376946	643.2612092301556	317.4356046150778	77.26140115376946	77.26140115376946	-77.26140115376946	643.2612092301556	-317.4356046150778	643.2612092301556	-643.2612092301556	-309.0456046150778	77.26140115376946	77.26140115376946	-309.0456046150779	-77.26140115376946	8.39	77.26140115376946	317.4356046150778
530	-434.13779482272116	935.7688250677554	311.9229416892518	434.13779482272116	75.88323542231295	-632.2358833785036	-358.2545594004082	311.9229416892518	-75.88323542231295	311.9229416892518	311.9229416892518	-311.9229416892518	-75.88323542231295	-75.88323542231295	75.88323542231295	632.2358833785036	311.9229416892518	75.88323542231295	75.88323542231295	-75.88323542231295	632.2358833785036	-311.9229416892518	632.2358833785036	-632.2358833785036	-303.5329416892518	75.88323542231295	75.88323542231295	-303.53294168925186	-75.88323542231295	8.39	75.88323542231295	311.9229416892518
531	-431.967795518206	931.0342811306314	310.3447603768771	431.967795518206	75.48869009421928	-629.0795207537542	-356.4791054239867	310.3447603768771	-75.48869009421928	310.3447603768771	310.3447603768771	-310.3447603768771	-75.48869009421928	-75.48869009421928	75.48869009421928	629.0795207537542	310.3447603768771	75.48869009421928	75.48869009421928	-75.48869009421928	629.0795207537542	-310.3447603768771	629.0795207537542	-629.0795207537542	-301.9547603768771	75.48869009421928	75.48869009421928	-301.9547603768772	-75.48869009421928	8.39	75.48869009421928	310.3447603768771
532	-401.8382284681375	865.297043930482	288.4323479768273	401.8382284681375	70.01058699420683	-585.2546959536546	-331.82764147393067	288.4323479768273	-70.01058699420683	288.4323479768273	288.4323479768273	-288.4323479768273	-70.01058699420683	-70.01058699420683	70.01058699420683	585.2546959536546	288.4323479768273	70.01058699420683	70.01058699420683	-70.01058699420683	585.2546959536546	-288.4323479768273	585.2546959536546	-585.2546959536546	-280.04234797682733	70.01058699420683	70.01058699420683	-280.0423479768274	-70.01058699420683	8.39	70.01058699420683	288.4323479768273
533	-333.631001124267	716.4812751802191	238.8270917267397	333.631001124267	57.60927293168493	-486.0441834534794	-276.02172819258215	238.8270917267397	-57.60927293168493	238.8270917267397	238.8270917267397	-238.8270917267397	-57.60927293168493	-57.60927293168493	57.60927293168493	486.0441834534794	238.8270917267397	57.60927293168493	57.60927293168493	-57.60927293168493	486.0441834534794	-238.8270917267397	486.0441834534794	-486.0441834534794	-230.43709172673968	57.60927293168493	57.60927293168493	-230.4370917267397	-57.60927293168493	8.39	57.60927293168493	238.8270917267397
534	-435.76746213041287	939.3244628299917	313.1081542766639	435.76746213041287	76.17953856916597	-634.6063085533278	-359.5879235612469	313.1081542766639	-76.17953856916597	313.1081542766639	313.1081542766639	-313.1081542766639	-76.17953856916597	-76.17953856916597	76.17953856916597	634.6063085533278	313.1081542766639	76.17953856916597	76.17953856916597	-76.17953856916597	634.6063085533278	-313.1081542766639	634.6063085533278	-634.6063085533278	-304.7181542766641	76.17953856916597	76.17953856916597	-304.7181542766639	-76.17953856916597	8.39	76.17953856916597	313.1081542766639
535	-333.0885034681375	715.2976439304819	238.4325479768273	333.0885034681375	57.51063699420681	-485.25509595365463	-275.57786647393067	238.4325479768273	-57.51063699420681	238.4325479768273	238.4325479768273	-238.4325479768273	-57.51063699420681	-57.510636994206834	57.51063699420681	485.25509595365463	238.4325479768273	57.51063699420681	57.51063699420681	-57.51063699420681	485.25509595365463	-238.4325479768273	485.25509595365463	-485.25509595365463	-230.04254797682742	57.510636994206834	57.51063699420681	-230.04254797682722	-57.51063699420681	8.39	57.51063699420681	238.43254797682732
536	-332.0056738151848	712.9351065058579	237.64503550195263	332.0056738151848	57.31375887548816	-483.68007100390525	-274.69191493969663	237.64503550195263	-57.31375887548816	237.64503550195263	237.64503550195263	-237.64503550195263	-57.31375887548816	-57.31375887548816	57.31375887548816	483.68007100390525	237.64503550195263	57.31375887548816	57.31375887548816	-57.31375887548816	483.68007100390525	-237.64503550195263	483.68007100390525	-483.68007100390525	-229.2550355019526	57.31375887548816	57.31375887548816	-229.25503550195265	-57.31375887548816	8.39	57.31375887548816	237.64503550195263
537	-261.09461218254353	558.2200629437314	186.07335431457713	261.09461218254353	44.42083857864427	-380.5367086291543	-216.67377360389926	186.07335431457713	-44.42083857864427	186.07335431457713	186.07335431457713	-186.07335431457713	-44.42083857864427	-44.42083857864427	44.42083857864427	380.5367086291543	186.07335431457713	44.42083857864427	44.42083857864427	-44.42083857864427	380.5367086291543	-186.07335431457713	380.5367086291543	-380.5367086291543	-177.68335431457717	44.42083857864427	44.42083857864427	-177.68335431457706	-44.42083857864427	8.39	44.42083857864427	186.07335431457716
538	-454.14975139954225	979.4312757808195	326.47709192693986	454.14975139954225	79.52177298173497	-661.3441838538797	-374.6279784178073	326.47709192693986	-79.52177298173497	326.47709192693986	326.47709192693986	-326.47709192693986	-79.52177298173497	-79.52177298173497	79.52177298173497	661.3441838538797	326.47709192693986	79.52177298173497	79.52177298173497	-79.52177298173497	661.3441838538797	-326.47709192693986	661.3441838538797	-661.3441838538797	-318.08709192694005	79.52177298173497	79.52177298173497	-318.0870919269398	-79.52177298173497	8.39	79.52177298173497	326.47709192693986
539	-453.6072537434128	978.2476445310824	326.0825481770275	453.6072537434128	79.42313704425688	-660.555096354055	-374.18411669915594	326.0825481770275	-79.42313704425688	326.0825481770275	326.0825481770275	-326.0825481770275	-79.42313704425688	-79.42313704425688	79.42313704425688	660.555096354055	326.0825481770275	79.42313704425688	79.42313704425688	-79.42313704425688	660.555096354055	-326.0825481770275	660.555096354055	-660.555096354055	-317.6925481770276	79.42313704425688	79.42313704425688	-317.69254817702745	-79.42313704425688	8.39	79.42313704425688	326.0825481770275
540	-450.3630874578192	971.1694635443328	323.7231545147776	450.3630874578192	78.8332886286944	-655.8363090295552	-371.5297988291248	323.7231545147776	-78.8332886286944	323.7231545147776	323.7231545147776	-323.7231545147776	-78.8332886286944	-78.8332886286944	78.8332886286944	655.8363090295552	323.7231545147776	78.8332886286944	78.8332886286944	-78.8332886286944	655.8363090295552	-323.7231545147776	655.8363090295552	-655.8363090295552	-315.3331545147776	78.8332886286944	78.8332886286944	-315.33315451477756	-78.8332886286944	8.39	78.8332886286944	323.7231545147776
541	-420.14713534497565	905.2437498435833	301.74791661452775	420.14713534497565	73.33947915363193	-611.8858332290555	-346.8076561913437	301.74791661452775	-73.33947915363193	301.74791661452775	301.74791661452775	-301.74791661452775	-73.33947915363193	-73.33947915363193	73.33947915363193	611.8858332290555	301.74791661452775	73.33947915363193	73.33947915363193	-73.33947915363193	611.8858332290555	-301.74791661452775	611.8858332290555	-611.8858332290555	-293.3579166145277	73.33947915363193	73.33947915363193	-293.35791661452777	-73.33947915363193	8.39	73.33947915363193	301.74791661452775
542	-264.3387784681373	565.2982439304815	188.43274797682716	264.3387784681373	45.010686994206786	-385.2554959536543	-219.32809147393053	188.43274797682716	-45.010686994206786	188.43274797682716	188.43274797682716	-188.43274797682716	-45.010686994206786	-45.010686994206786	45.010686994206786	385.2554959536543	188.43274797682716	45.010686994206786	45.010686994206786	-45.010686994206786	385.2554959536543	-188.43274797682716	385.2554959536543	-385.2554959536543	-180.0427479768272	45.010686994206786	45.010686994206786	-180.04274797682717	-45.010686994206786	8.39	45.010686994206786	188.43274797682716
543	-443.87904297837275	957.0224574073587	319.0074858024529	443.87904297837275	77.65437145061323	-646.4049716049058	-366.22467152775954	319.0074858024529	-77.65437145061323	319.0074858024529	319.0074858024529	-319.0074858024529	-77.65437145061323	-77.65437145061323	77.65437145061323	646.4049716049058	319.0074858024529	77.65437145061323	77.65437145061323	-77.65437145061323	646.4049716049058	-319.0074858024529	646.4049716049058	-646.4049716049058	-310.6174858024529	77.65437145061323	77.65437145061323	-310.61748580245296	-77.65437145061323	8.39	77.65437145061323	319.0074858024529
544	-434.68029247885073	936.9524563174925	312.31748543916416	434.68029247885073	75.98187135979104	-633.0249708783283	-358.6984211190597	312.31748543916416	-75.98187135979104	312.31748543916416	312.31748543916416	-312.31748543916416	-75.98187135979104	-75.98187135979104	75.98187135979104	633.0249708783283	312.31748543916416	75.98187135979104	75.98187135979104	-75.98187135979104	633.0249708783283	-312.31748543916416	633.0249708783283	-633.0249708783283	-303.92748543916423	75.98187135979104	75.98187135979104	-303.92748543916423	-75.98187135979104	8.39	75.98187135979104	312.31748543916416
545	-402.3807261242672	866.4806751802192	288.82689172673975	402.3807261242672	70.10922293168494	-586.0437834534795	-332.2715031925822	288.82689172673975	-70.10922293168494	288.82689172673975	288.82689172673975	-288.82689172673975	-70.10922293168494	-70.10922293168494	70.10922293168494	586.0437834534795	288.82689172673975	70.10922293168494	70.10922293168494	-70.10922293168494	586.0437834534795	-288.82689172673975	586.0437834534795	-586.0437834534795	-280.43689172673976	70.10922293168494	70.10922293168494	-280.43689172673976	-70.10922293168494	8.39	70.10922293168494	288.82689172673975
546	-398.5940621825441	858.2188629437327	286.07295431457754	398.5940621825441	69.42073857864439	-580.5359086291551	-329.17332360389975	286.07295431457754	-69.42073857864439	286.07295431457754	286.07295431457754	-286.07295431457754	-69.42073857864439	-69.42073857864439	69.42073857864439	580.5359086291551	286.07295431457754	69.42073857864439	69.42073857864439	-69.42073857864439	580.5359086291551	-286.07295431457754	580.5359086291551	-580.5359086291551	-277.68295431457756	69.42073857864439	69.42073857864439	-277.6829543145776	-69.42073857864439	8.39	69.42073857864439	286.07295431457754
547	-263.2559488151845	562.9357065058572	187.64523550195238	263.2559488151845	44.81380887548809	-383.6804710039048	-218.44213993969643	187.64523550195238	-44.81380887548809	187.64523550195238	187.64523550195238	-187.64523550195238	-44.81380887548809	-44.81380887548809	44.81380887548809	383.6804710039048	187.64523550195238	44.81380887548809	44.81380887548809	-44.81380887548809	383.6804710039048	-187.64523550195238	383.6804710039048	-383.6804710039048	-179.2552355019524	44.81380887548809	44.81380887548809	-179.25523550195237	-44.81380887548809	8.39	44.81380887548809	187.6452355019524
548	-445.504370287455	960.5686260817201	320.18954202724007	445.504370287455	77.94988550681002	-648.7690840544801	-367.554484780645	320.18954202724007	-77.94988550681002	320.18954202724007	320.18954202724007	-320.18954202724007	-77.94988550681002	-77.94988550681002	77.94988550681002	648.7690840544801	320.18954202724007	77.94988550681002	77.94988550681002	-77.94988550681002	648.7690840544801	-320.18954202724007	648.7690840544801	-648.7690840544801	-311.79954202724025	77.94988550681002	77.94988550681002	-311.7995420272401	-77.94988550681002	8.39	77.94988550681002	320.18954202724007
549	-359.9739042326125	773.9567001438818	257.9855667146273	359.9739042326125	62.39889167865683	-524.3611334292546	-297.5750125539557	257.9855667146273	-62.398891678656824	257.9855667146273	257.9855667146273	-257.9855667146273	-62.398891678656824	-62.39889167865683	62.398891678656824	524.3611334292546	257.9855667146273	62.39889167865683	62.39889167865683	-62.39889167865683	524.3611334292546	-257.9855667146273	524.3611334292546	-524.3611334292546	-249.59556671462738	62.39889167865683	62.398891678656824	-249.5955667146273	-62.39889167865683	8.39	62.398891678656824	257.9855667146273
550	-205.4926545078872	436.90670074448116	145.63556691482705	205.4926545078872	34.31139172870677	-299.6611338296541	-171.18126277918043	145.63556691482705	-34.31139172870677	145.63556691482705	145.63556691482705	-145.63556691482705	-34.31139172870677	-34.31139172870677	34.31139172870677	299.6611338296541	145.63556691482705	34.31139172870677	34.31139172870677	-34.31139172870677	299.6611338296541	-145.63556691482705	299.6611338296541	-299.6611338296541	-137.245566914827	34.31139172870677	34.31139172870677	-137.24556691482707	-34.31139172870677	8.39	34.31139172870677	145.63556691482705
551	-368.58477284525054	792.7440498441831	264.2480166147277	368.58477284525054	63.96450415368193	-536.8860332294554	-304.6202686915686	264.2480166147277	-63.96450415368193	264.2480166147277	264.2480166147277	-264.2480166147277	-63.96450415368193	-63.96450415368193	63.96450415368193	536.8860332294554	264.2480166147277	63.96450415368193	63.96450415368193	-63.96450415368193	536.8860332294554	-264.2480166147277	536.8860332294554	-536.8860332294554	-255.85801661472766	63.96450415368193	63.96450415368193	-255.85801661472772	-63.96450415368193	8.39	63.96450415368193	264.2480166147277
552	-308.4115417328874	661.4570001444815	220.48566671482718	308.4115417328874	53.0239166787068	-449.36133342965434	-255.3876250541806	220.48566671482718	-53.0239166787068	220.48566671482718	220.48566671482718	-220.48566671482718	-53.0239166787068	-53.0239166787068	53.0239166787068	449.36133342965434	220.48566671482718	53.0239166787068	53.0239166787068	-53.0239166787068	449.36133342965434	-220.48566671482718	449.36133342965434	-449.36133342965434	-212.0956667148272	53.0239166787068	53.0239166787068	-212.0956667148272	-53.0239166787068	8.39	53.0239166787068	220.48566671482718
553	-282.64768534497506	605.2449498435819	201.7483166145273	282.64768534497506	48.33957915363183	-411.8866332290546	-234.30810619134323	201.7483166145273	-48.33957915363183	201.7483166145273	201.7483166145273	-201.7483166145273	-48.33957915363183	-48.33957915363183	48.33957915363183	411.8866332290546	201.7483166145273	48.33957915363183	48.33957915363183	-48.33957915363183	411.8866332290546	-201.7483166145273	411.8866332290546	-411.8866332290546	-193.35831661452738	48.33957915363183	48.33957915363183	-193.35831661452733	-48.33957915363183	8.39	48.33957915363183	201.7483166145273
554	-452.5244240904597	975.8851071064576	325.2950357021525	452.5244240904597	79.22625892553813	-658.980071404305	-373.29816516492156	325.2950357021525	-79.22625892553813	325.2950357021525	325.2950357021525	-325.2950357021525	-79.22625892553813	-79.22625892553813	79.22625892553813	658.980071404305	325.2950357021525	79.22625892553813	79.22625892553813	-79.22625892553813	658.980071404305	-325.2950357021525	658.980071404305	-658.980071404305	-316.9050357021525	79.22625892553813	79.22625892553813	-316.90503570215253	-79.22625892553813	8.39	79.22625892553813	325.2950357021525
555	-444.96187263132595	959.3849948319838	319.7949982773279	444.96187263132595	77.85124956933198	-647.9799965546558	-367.1106230619939	319.7949982773279	-77.85124956933198	319.7949982773279	319.7949982773279	-319.7949982773279	-77.85124956933198	-77.85124956933198	77.85124956933198	647.9799965546558	319.7949982773279	77.85124956933198	77.85124956933198	-77.85124956933198	647.9799965546558	-319.7949982773279	647.9799965546558	-647.9799965546558	-311.40499827732793	77.85124956933198	77.85124956933198	-311.404998277328	-77.85124956933198	8.39	77.85124956933198	319.7949982773279
556	-463.3052920076128	999.4070007438825	333.1356669146275	463.3052920076128	81.18641672865688	-674.661333829255	-382.11887527895595	333.1356669146275	-81.18641672865688	333.1356669146275	333.1356669146275	-333.1356669146275	-81.18641672865688	-81.18641672865688	81.18641672865688	674.661333829255	333.1356669146275	81.18641672865688	81.18641672865688	-81.18641672865688	674.661333829255	-333.1356669146275	674.661333829255	-674.661333829255	-324.74566691462763	81.18641672865688	81.18641672865688	-324.74566691462746	-81.18641672865688	8.39	81.18641672865688	333.1356669146275
557	-440.63596168809124	949.9466436831079	316.64888122770265	440.63596168809124	77.06472030692566	-641.6877624554053	-363.5712413811656	316.64888122770265	-77.06472030692566	316.64888122770265	316.64888122770265	-316.64888122770265	-77.06472030692566	-77.06472030692566	77.06472030692566	641.6877624554053	316.64888122770265	77.06472030692566	77.06472030692566	-77.06472030692566	641.6877624554053	-316.64888122770265	641.6877624554053	-641.6877624554053	-308.2588812277027	77.06472030692566	77.06472030692566	-308.25888122770266	-77.06472030692566	8.39	77.06472030692566	316.64888122770265
558	-359.43249157179554	772.7754361566449	257.59181205221495	359.43249157179554	62.30045301305374	-523.5736241044299	-297.1320385587418	257.59181205221495	-62.30045301305374	257.59181205221495	257.59181205221495	-257.59181205221495	-62.30045301305374	-62.30045301305374	62.30045301305374	523.5736241044299	257.59181205221495	62.30045301305374	62.30045301305374	-62.30045301305374	523.5736241044299	-257.59181205221495	523.5736241044299	-523.5736241044299	-249.20181205221493	62.30045301305374	62.30045301305374	-249.20181205221502	-62.30045301305374	8.39	62.30045301305374	257.59181205221495
559	-410.4545220746965	884.0962299811558	294.69874332705194	410.4545220746965	71.57718583176299	-597.7874866541039	-338.87733624293355	294.69874332705194	-71.57718583176299	294.69874332705194	294.69874332705194	-294.69874332705194	-71.57718583176299	-71.57718583176299	71.57718583176299	597.7874866541039	294.69874332705194	71.57718583176299	71.57718583176299	-71.57718583176299	597.7874866541039	-294.69874332705194	597.7874866541039	-597.7874866541039	-286.30874332705184	71.57718583176299	71.57718583176299	-286.30874332705196	-71.57718583176299	8.39	71.57718583176299	294.69874332705194
560	-299.8017581155618	642.6720177066803	214.22400590222676	299.8017581155618	51.45850147555669	-436.8380118044536	-248.34325664000514	214.22400590222676	-51.45850147555669	214.22400590222676	214.22400590222676	-214.22400590222676	-51.45850147555669	-51.45850147555669	51.45850147555669	436.8380118044536	214.22400590222676	51.45850147555669	51.45850147555669	-51.45850147555669	436.8380118044536	-214.22400590222676	436.8380118044536	-436.8380118044536	-205.83400590222675	51.45850147555669	51.45850147555669	-205.83400590222675	-51.45850147555669	8.39	51.45850147555669	214.2240059022268
561	-444.4204599705087	958.2037308447462	319.4012436149154	444.4204599705087	77.75281090372884	-647.1924872298308	-366.66764906677986	319.4012436149154	-77.75281090372884	319.4012436149154	319.4012436149154	-319.4012436149154	-77.75281090372884	-77.75281090372884	77.75281090372884	647.1924872298308	319.4012436149154	77.75281090372884	77.75281090372884	-77.75281090372884	647.1924872298308	-319.4012436149154	647.1924872298308	-647.1924872298308	-311.01124361491543	77.75281090372884	77.75281090372884	-311.01124361491543	-77.75281090372884	8.39	77.75281090372884	319.4012436149154
562	-417.98688370764705	900.5304735439572	300.1768245146524	417.98688370764705	72.94670612866311	-608.7436490293048	-345.04017757898396	300.1768245146524	-72.94670612866311	300.1768245146524	300.1768245146524	-300.1768245146524	-72.94670612866311	-72.94670612866311	72.94670612866311	608.7436490293048	300.1768245146524	72.94670612866311	72.94670612866311	-72.94670612866311	608.7436490293048	-300.1768245146524	608.7436490293048	-608.7436490293048	-291.7868245146524	72.94670612866311	72.94670612866311	-291.7868245146524	-72.94670612866311	8.39	72.94670612866311	300.1768245146524
563	-410.9948540715203	885.2751361560443	295.09171205201477	410.9948540715203	71.6754280130037	-598.5734241040295	-339.3194260585166	295.09171205201477	-71.6754280130037	295.09171205201477	295.09171205201477	-295.09171205201477	-71.6754280130037	-71.6754280130037	71.6754280130037	598.5734241040295	295.09171205201477	71.6754280130037	71.6754280130037	-71.6754280130037	598.5734241040295	-295.09171205201477	598.5734241040295	-598.5734241040295	-286.7017120520149	71.6754280130037	71.6754280130037	-286.7017120520147	-71.6754280130037	8.39	71.6754280130037	295.09171205201477
564	-431.4263828573888	929.8530171433937	309.95100571446454	431.4263828573888	75.39025142861614	-628.2920114289291	-356.03613142877265	309.95100571446454	-75.39025142861614	309.95100571446454	309.95100571446454	-309.95100571446454	-75.39025142861614	-75.39025142861614	75.39025142861614	628.2920114289291	309.95100571446454	75.39025142861614	75.39025142861614	-75.39025142861614	628.2920114289291	-309.95100571446454	628.2920114289291	-628.2920114289291	-301.56100571446456	75.39025142861614	75.39025142861614	-301.5610057144646	-75.39025142861614	8.39	75.39025142861614	309.95100571446454
565	-357.813652595284	769.2434238442559	256.41447461475195	357.813652595284	62.00611865368799	-521.2189492295039	-295.807533941596	256.41447461475195	-62.00611865368799	256.41447461475195	256.41447461475195	-256.41447461475195	-62.00611865368799	-62.00611865368799	62.00611865368799	521.2189492295039	256.41447461475195	62.00611865368799	62.00611865368799	-62.00611865368799	521.2189492295039	-256.41447461475195	521.2189492295039	-521.2189492295039	-248.024474614752	62.00611865368799	62.00611865368799	-248.02447461475197	-62.00611865368799	8.39	62.00611865368799	256.41447461475195
566	-271.87656509500863	581.7443238436554	193.9147746145518	271.87656509500863	46.38119365363795	-396.21954922910356	-225.49537144137068	193.9147746145518	-46.38119365363795	193.9147746145518	193.9147746145518	-193.9147746145518	-46.38119365363795	-46.38119365363795	46.38119365363795	396.21954922910356	193.9147746145518	46.38119365363795	46.38119365363795	-46.38119365363795	396.21954922910356	-193.9147746145518	396.21954922910356	-396.21954922910356	-185.52477461455177	46.38119365363795	46.38119365363795	-185.5247746145518	-46.38119365363795	8.39	46.38119365363795	193.9147746145518
567	-262.17420415754384	560.575536343732	186.8585121145773	262.17420415754384	44.61712802864433	-382.1070242291546	-217.5570761288995	186.8585121145773	-44.61712802864433	186.8585121145773	186.8585121145773	-186.8585121145773	-44.61712802864433	-44.61712802864433	44.61712802864433	382.1070242291546	186.8585121145773	44.61712802864433	44.61712802864433	-44.61712802864433	382.1070242291546	-186.8585121145773	382.1070242291546	-382.1070242291546	-178.46851211457738	44.61712802864433	44.61712802864433	-178.46851211457738	-44.61712802864433	8.39	44.61712802864433	186.85851211457728
568	-204.95124184706992	435.7254367572435	145.2418122524145	204.95124184706992	34.212953063103626	-298.87362450482897	-170.73828878396628	145.2418122524145	-34.212953063103626	145.2418122524145	145.2418122524145	-145.2418122524145	-34.212953063103626	-34.212953063103626	34.212953063103626	298.87362450482897	145.2418122524145	34.212953063103626	34.212953063103626	-34.212953063103626	298.87362450482897	-145.2418122524145	298.87362450482897	-298.87362450482897	-136.8518122524145	34.212953063103626	34.212953063103626	-136.8518122524145	-34.212953063103626	8.39	34.212953063103626	145.2418122524145
569	-407.2233065527184	877.046305205931	292.348768401977	407.2233065527184	70.98969210049425	-593.087536803954	-336.2336144522241	292.348768401977	-70.98969210049425	292.348768401977	292.348768401977	-292.348768401977	-70.98969210049425	-70.98969210049425	70.98969210049425	593.087536803954	292.348768401977	70.98969210049425	70.98969210049425	-70.98969210049425	593.087536803954	-292.348768401977	593.087536803954	-593.087536803954	-283.95876840197707	70.98969210049425	70.98969210049425	-283.95876840197707	-70.98969210049425	8.39	70.98969210049425	292.348768401977
570	-331.4642611543674	711.7538425186199	237.25128083953996	331.4642611543674	57.215320209884986	-482.8925616790799	-274.24894094448246	237.25128083953996	-57.215320209884986	237.25128083953996	237.25128083953996	-237.25128083953996	-57.215320209884986	-57.215320209884965	57.215320209884986	482.8925616790799	237.25128083953996	57.215320209884986	57.215320209884986	-57.215320209884986	482.8925616790799	-237.25128083953996	482.8925616790799	-482.8925616790799	-228.8612808395401	57.215320209884965	57.215320209884986	-228.86128083953997	-57.215320209884986	8.39	57.215320209884986	237.25128083953996
571	-328.76259252490297	705.8592927816065	235.2864309272022	328.76259252490297	56.72410773180055	-478.9628618544044	-272.03848479310244	235.2864309272022	-56.72410773180055	235.2864309272022	235.2864309272022	-235.2864309272022	-56.72410773180055	-56.72410773180053	56.72410773180055	478.9628618544044	235.2864309272022	56.72410773180055	56.72410773180055	-56.72410773180055	478.9628618544044	-235.2864309272022	478.9628618544044	-478.9628618544044	-226.8964309272022	56.72410773180053	56.72410773180055	-226.89643092720212	-56.72410773180055	8.39	56.72410773180055	235.28643092720222
572	-419.0653906873349	902.883579681458	300.96119322715265	419.0653906873349	73.14279830678815	-610.3123864543053	-345.92259238054675	300.96119322715265	-73.14279830678815	300.96119322715265	300.96119322715265	-300.96119322715265	-73.14279830678815	-73.14279830678815	73.14279830678815	610.3123864543053	300.96119322715265	73.14279830678815	73.14279830678815	-73.14279830678815	610.3123864543053	-300.96119322715265	610.3123864543053	-610.3123864543053	-292.57119322715266	73.14279830678815	73.14279830678815	-292.57119322715266	-73.14279830678815	8.39	73.14279830678815	300.96119322715265
573	-415.8341751653562	895.8336549062317	298.61121830207725	415.8341751653562	72.55530457551932	-605.6124366041545	-343.2788705898369	298.61121830207725	-72.55530457551932	298.61121830207725	298.61121830207725	-298.61121830207725	-72.55530457551932	-72.55530457551932	72.55530457551932	605.6124366041545	298.61121830207725	72.55530457551932	72.55530457551932	-72.55530457551932	605.6124366041545	-298.61121830207725	605.6124366041545	-605.6124366041545	-290.22121830207715	72.55530457551932	72.55530457551932	-290.2212183020772	-72.55530457551932	8.39	72.55530457551932	298.61121830207725
574	-398.05264952172695	857.0375989564951	285.67919965216504	398.05264952172695	69.32229991304125	-579.7483993043301	-328.7303496086857	285.67919965216504	-69.32229991304125	285.67919965216504	285.67919965216504	-285.67919965216504	-69.32229991304125	-69.32229991304125	69.32229991304125	579.7483993043301	285.67919965216504	69.32229991304125	69.32229991304125	-69.32229991304125	579.7483993043301	-285.67919965216504	579.7483993043301	-579.7483993043301	-277.2891996521649	69.32229991304125	69.32229991304125	-277.28919965216505	-69.32229991304125	8.39	69.32229991304125	285.67919965216504
575	-377.1623517282	811.4587674069818	270.48625580232726	377.1623517282	65.5240639505818	-549.3625116046545	-311.6382877776182	270.48625580232726	-65.5240639505818	270.48625580232726	270.48625580232726	-270.48625580232726	-65.5240639505818	-65.5240639505818	65.5240639505818	549.3625116046545	270.48625580232726	65.5240639505818	65.5240639505818	-65.5240639505818	549.3625116046545	-270.48625580232726	549.3625116046545	-549.3625116046545	-262.0962558023273	65.5240639505818	65.5240639505818	-262.0962558023273	-65.5240639505818	8.39	65.5240639505818	270.48625580232726
576	-330.92392915754385	710.5749363437321	236.85831211457736	330.92392915754385	57.11707802864434	-482.1066242291547	-273.8068511288995	236.85831211457736	-57.11707802864434	236.85831211457736	236.85831211457736	-236.85831211457736	-57.11707802864434	-57.11707802864434	57.11707802864434	482.1066242291547	236.85831211457736	57.11707802864434	57.11707802864434	-57.11707802864434	482.1066242291547	-236.85831211457736	482.1066242291547	-482.1066242291547	-228.46831211457737	57.11707802864434	57.11707802864434	-228.46831211457743	-57.11707802864434	8.39	57.11707802864434	236.85831211457736
577	-291.2252642279245	623.9596674063807	207.98655580212693	291.2252642279245	49.899138950531736	-424.36311160425385	-241.3261252773928	207.98655580212693	-49.899138950531736	207.98655580212693	207.98655580212693	-207.98655580212693	-49.899138950531736	-49.899138950531736	49.899138950531736	424.36311160425385	207.98655580212693	49.899138950531736	49.899138950531736	-49.899138950531736	424.36311160425385	-207.98655580212693	424.36311160425385	-424.36311160425385	-199.59655580212694	49.899138950531736	49.899138950531736	-199.5965558021269	-49.899138950531736	8.39	49.899138950531736	207.98655580212693
578	-278.33472516535574	595.8348549062307	198.61161830207692	278.33472516535574	47.55540457551923	-405.6132366041538	-230.77932058983652	198.61161830207692	-47.55540457551923	198.61161830207692	198.61161830207692	-198.61161830207692	-47.55540457551923	-47.55540457551923	47.55540457551923	405.6132366041538	198.61161830207692	47.55540457551923	47.55540457551923	-47.55540457551923	405.6132366041538	-198.61161830207692	405.6132366041538	-405.6132366041538	-190.221618302077	47.55540457551923	47.55540457551923	-190.22161830207688	-47.55540457551923	8.39	47.55540457551923	198.61161830207692
579	-461.1450403702843	994.6937244442568	331.56457481475223	461.1450403702843	80.79364370368806	-671.5191496295045	-380.3513966665962	331.56457481475223	-80.79364370368806	331.56457481475223	331.56457481475223	-331.56457481475223	-80.79364370368806	-80.79364370368806	80.79364370368806	671.5191496295045	331.56457481475223	80.79364370368806	80.79364370368806	-80.79364370368806	671.5191496295045	-331.56457481475223	671.5191496295045	-671.5191496295045	-323.17457481475225	80.79364370368806	80.79364370368806	-323.1745748147523	-80.79364370368806	8.39	80.79364370368806	331.56457481475223
580	-453.06584108259545	977.0663805438448	325.68879351461493	453.06584108259545	79.32469837865374	-659.7675870292298	-373.7411427039417	325.68879351461493	-79.32469837865374	325.68879351461493	325.68879351461493	-325.68879351461493	-79.32469837865374	-79.32469837865374	79.32469837865374	659.7675870292298	325.68879351461493	79.32469837865374	79.32469837865374	-79.32469837865374	659.7675870292298	-325.68879351461493	659.7675870292298	-659.7675870292298	-317.29879351461494	79.32469837865374	79.32469837865374	-317.298793514615	-79.32469837865374	8.39	79.32469837865374	325.68879351461493
581	-451.4426794328193	973.5249369443333	324.50831231477775	451.4426794328193	79.02957807869444	-657.4066246295555	-372.4131013541249	324.50831231477775	-79.02957807869444	324.50831231477775	324.50831231477775	-324.50831231477775	-79.02957807869444	-79.02957807869444	79.02957807869444	657.4066246295555	324.50831231477775	79.02957807869444	79.02957807869444	-79.02957807869444	657.4066246295555	-324.50831231477775	657.4066246295555	-657.4066246295555	-316.1183123147777	79.02957807869444	79.02957807869444	-316.11831231477777	-79.02957807869444	8.39	79.02957807869444	324.50831231477775
582	-449.8216747970019	969.9881995570952	323.32939985236504	449.8216747970019	78.73484996309126	-655.0487997047301	-371.0868248339106	323.32939985236504	-78.73484996309126	323.32939985236504	323.32939985236504	-323.32939985236504	-78.73484996309126	-78.73484996309126	78.73484996309126	655.0487997047301	323.32939985236504	78.73484996309126	78.73484996309126	-78.73484996309126	655.0487997047301	-323.32939985236504	655.0487997047301	-655.0487997047301	-314.93939985236506	78.73484996309126	78.73484996309126	-314.9393998523651	-78.73484996309126	8.39	78.73484996309126	323.32939985236504
583	-443.33763031755547	955.841193420121	318.61373114004033	443.33763031755547	77.55593278501009	-645.6174622800806	-365.78169753254537	318.61373114004033	-77.55593278501009	318.61373114004033	318.61373114004033	-318.61373114004033	-77.55593278501009	-77.55593278501009	77.55593278501009	645.6174622800806	318.61373114004033	77.55593278501009	77.55593278501009	-77.55593278501009	645.6174622800806	-318.61373114004033	645.6174622800806	-645.6174622800806	-310.22373114004034	77.55593278501009	77.55593278501009	-310.2237311400404	-77.55593278501009	8.39	77.55593278501009	318.61373114004033
584	-419.6057226841583	904.0624858563455	301.35416195211513	419.6057226841583	73.24104048802879	-611.0983239042303	-346.36468219612954	301.35416195211513	-73.24104048802879	301.35416195211513	301.35416195211513	-301.35416195211513	-73.24104048802879	-73.24104048802879	73.24104048802879	611.0983239042303	301.35416195211513	73.24104048802879	73.24104048802879	-73.24104048802879	611.0983239042303	-301.35416195211513	611.0983239042303	-611.0983239042303	-292.96416195211515	73.24104048802879	73.24104048802879	-292.9641619521152	-73.24104048802879	8.39	73.24104048802879	301.35416195211513
585	-399.67365415754415	860.5743363437327	286.8581121145776	399.67365415754415	69.6170280286444	-582.1062242291551	-330.0566261288998	286.8581121145776	-69.6170280286444	286.8581121145776	286.8581121145776	-286.8581121145776	-69.6170280286444	-69.6170280286444	69.6170280286444	582.1062242291551	286.8581121145776	69.6170280286444	69.6170280286444	-69.6170280286444	582.1062242291551	-286.8581121145776	582.1062242291551	-582.1062242291551	-278.46811211457765	69.6170280286444	69.6170280286444	-278.4681121145776	-69.6170280286444	8.39	69.6170280286444	286.8581121145776
586	-358.89215957497174	771.5965299817567	257.19884332725223	358.89215957497174	62.20221083181306	-522.7876866545045	-296.6899487431587	257.19884332725223	-62.20221083181306	257.19884332725223	257.19884332725223	-257.19884332725223	-62.20221083181306	-62.20221083181306	62.20221083181306	522.7876866545045	257.19884332725223	62.20221083181306	62.20221083181306	-62.20221083181306	522.7876866545045	-257.19884332725223	522.7876866545045	-522.7876866545045	-248.8088433272522	62.20221083181306	62.20221083181306	-248.80884332725225	-62.20221083181306	8.39	62.20221083181306	257.19884332725223
587	-409.3760150950093	881.7431238436566	293.9143746145522	409.3760150950093	71.38109365363805	-596.2187492291043	-337.9949214413712	293.9143746145522	-71.38109365363805	293.9143746145522	293.9143746145522	-293.9143746145522	-71.38109365363805	-71.38109365363805	71.38109365363805	596.2187492291043	293.9143746145522	71.38109365363805	71.38109365363805	-71.38109365363805	596.2187492291043	-293.9143746145522	596.2187492291043	-596.2187492291043	-285.524374614552	71.38109365363805	71.38109365363805	-285.5243746145522	-71.38109365363805	8.39	71.38109365363805	293.9143746145522
588	-307.87012907207014	660.275736157244	220.09191205241467	307.87012907207014	52.92547801310368	-448.5738241048293	-254.94465105896646	220.09191205241467	-52.92547801310367	220.09191205241467	220.09191205241467	-220.09191205241467	-52.92547801310367	-52.92547801310368	52.92547801310367	448.5738241048293	220.09191205241467	52.92547801310368	52.92547801310368	-52.92547801310368	448.5738241048293	-220.09191205241467	448.5738241048293	-448.5738241048293	-211.7019120524146	52.92547801310368	52.92547801310367	-211.70191205241468	-52.92547801310368	8.39	52.92547801310367	220.09191205241467
589	-281.5659406873344	602.8847796814568	200.96159322715226	281.5659406873344	48.14289830678808	-410.3131864543045	-233.4230423805463	200.96159322715226	-48.14289830678806	200.96159322715226	200.96159322715226	-200.96159322715226	-48.14289830678806	-48.14289830678808	48.14289830678806	410.3131864543045	200.96159322715226	48.14289830678808	48.14289830678808	-48.14289830678808	410.3131864543045	-200.96159322715226	410.3131864543045	-410.3131864543045	-192.57159322715236	48.14289830678808	48.14289830678806	-192.57159322715228	-48.14289830678808	8.39	48.14289830678806	200.96159322715226
590	-262.71453615436724	561.7544425186195	187.25148083953985	262.71453615436724	44.71537020988497	-382.8929616790797	-217.99916594448226	187.25148083953985	-44.715370209884966	187.25148083953985	187.25148083953985	-187.25148083953985	-44.715370209884966	-44.71537020988497	44.715370209884966	382.8929616790797	187.25148083953985	44.71537020988497	44.71537020988497	-44.71537020988497	382.8929616790797	-187.25148083953985	382.8929616790797	-382.8929616790797	-178.8614808395399	44.71537020988497	44.715370209884966	-178.86148083953987	-44.71537020988497	8.39	44.715370209884966	187.25148083953985
591	-260.01286752490284	555.8598927816063	185.2866309272021	260.01286752490284	44.22415773180054	-378.9632618544042	-215.7887097931023	185.2866309272021	-44.22415773180053	185.2866309272021	185.2866309272021	-185.2866309272021	-44.22415773180053	-44.22415773180054	44.22415773180053	378.9632618544042	185.2866309272021	44.22415773180054	44.22415773180054	-44.22415773180054	378.9632618544042	-185.2866309272021	378.9632618544042	-378.9632618544042	-176.89663092720215	44.22415773180054	44.22415773180053	-176.89663092720212	-44.22415773180054	8.39	44.22415773180053	185.2866309272021
592	-222.61248977792442	474.2590686063806	158.08635620212686	222.61248977792442	37.42408905053172	-324.5627124042537	-185.18840072739272	158.08635620212686	-37.42408905053172	158.08635620212686	158.08635620212686	-158.08635620212686	-37.42408905053172	-37.42408905053172	37.42408905053172	324.5627124042537	158.08635620212686	37.42408905053172	37.42408905053172	-37.42408905053172	324.5627124042537	-158.08635620212686	324.5627124042537	-324.5627124042537	-149.69635620212694	37.42408905053172	37.42408905053172	-149.69635620212688	-37.42408905053172	8.39	37.42408905053172	158.08635620212686
593	-196.88287089056158	418.12171830667984	139.3739061022266	196.88287089056158	32.74597652555666	-287.1378122044532	-164.13689436500493	139.3739061022266	-32.74597652555666	139.3739061022266	139.3739061022266	-139.3739061022266	-32.74597652555666	-32.74597652555666	32.74597652555666	287.1378122044532	139.3739061022266	32.74597652555666	32.74597652555666	-32.74597652555666	287.1378122044532	-139.3739061022266	287.1378122044532	-287.1378122044532	-130.98390610222663	32.74597652555666	32.74597652555666	-130.98390610222663	-32.74597652555666	8.39	32.74597652555666	139.3739061022266
594	-204.41090985024647	434.5465305823559	144.84884352745198	204.41090985024647	34.11471088186299	-298.087687054904	-170.29619896838346	144.84884352745198	-34.11471088186299	144.84884352745198	144.84884352745198	-144.84884352745198	-34.11471088186299	-34.11471088186299	34.11471088186299	298.087687054904	144.84884352745198	34.11471088186299	34.11471088186299	-34.11471088186299	298.087687054904	-144.84884352745198	298.087687054904	-298.087687054904	-136.45884352745202	34.11471088186299	34.11471088186299	-136.4588435274519	-34.11471088186299	8.39	34.11471088186299	144.848843527452
595	-462.76387934679565	998.225736756645	332.741912252215	462.76387934679565	81.08797806305375	-673.87382450443	-381.6759012837419	332.741912252215	-81.08797806305375	332.741912252215	332.741912252215	-332.741912252215	-81.08797806305375	-81.08797806305375	81.08797806305375	673.87382450443	332.741912252215	81.08797806305375	81.08797806305375	-81.08797806305375	673.87382450443	-332.741912252215	673.87382450443	-673.87382450443	-324.35191225221496	81.08797806305375	81.08797806305375	-324.351912252215	-81.08797806305375	8.39	81.08797806305375	332.741912252215
596	-451.98301142964266	974.7038431192204	324.9012810397401	451.98301142964266	79.12782025993504	-658.1925620794802	-372.8551911697076	324.9012810397401	-79.12782025993504	324.9012810397401	324.9012810397401	-324.9012810397401	-79.12782025993504	-79.12782025993505	79.12782025993504	658.1925620794802	324.9012810397401	79.12782025993504	79.12782025993504	-79.12782025993504	658.1925620794802	-324.9012810397401	658.1925620794802	-658.1925620794802	-316.51128103974014	79.12782025993505	79.12782025993504	-316.5112810397402	-79.12782025993504	8.39	79.12782025993504	324.9012810397401
597	-400.21398615436766	861.7532425186204	287.2510808395401	400.21398615436766	69.71527020988503	-582.8921616790802	-330.4987159444826	287.2510808395401	-69.71527020988503	287.2510808395401	287.2510808395401	-287.2510808395401	-69.71527020988503	-69.71527020988503	69.71527020988503	582.8921616790802	287.2510808395401	69.71527020988503	69.71527020988503	-69.71527020988503	582.8921616790802	-287.2510808395401	582.8921616790802	-582.8921616790802	-278.8610808395401	69.71527020988503	69.71527020988503	-278.86108083954014	-69.71527020988503	8.39	69.71527020988503	287.2510808395401
598	-338.47466221671164	727.04926301828	242.34975433942668	338.47466221671164	58.48993858485667	-493.08950867885335	-279.984723631855	242.34975433942668	-58.48993858485667	242.34975433942668	242.34975433942668	-242.34975433942668	-58.48993858485667	-58.48993858485667	58.48993858485667	493.08950867885335	242.34975433942668	58.48993858485667	58.48993858485667	-58.48993858485667	493.08950867885335	-242.34975433942668	493.08950867885335	-493.08950867885335	-233.9597543394268	58.48993858485667	58.48993858485667	-233.9597543394267	-58.48993858485667	8.39	58.48993858485667	242.34975433942668
599	-342.2451290715201	735.2757361560439	245.0919120520146	342.2451290715201	59.175478013003655	-498.5738241040292	-283.06965105851646	245.0919120520146	-59.175478013003655	245.0919120520146	245.0919120520146	-245.0919120520146	-59.175478013003655	-59.175478013003655	59.175478013003655	498.5738241040292	245.0919120520146	59.175478013003655	59.175478013003655	-59.175478013003655	498.5738241040292	-245.0919120520146	498.5738241040292	-498.5738241040292	-236.70191205201445	59.175478013003655	59.175478013003655	-236.70191205201468	-59.175478013003655	8.39	59.175478013003655	245.0919120520146
600	-329.3029245217264	707.0381989564942	235.67939965216473	329.3029245217264	56.82234991304118	-479.7487993043295	-272.48057460868523	235.67939965216473	-56.82234991304118	235.67939965216473	235.67939965216473	-235.67939965216473	-56.82234991304118	-56.82234991304118	56.82234991304118	479.7487993043295	235.67939965216473	56.82234991304118	56.82234991304118	-56.82234991304118	479.7487993043295	-235.67939965216473	479.7487993043295	-479.7487993043295	-227.28939965216472	56.82234991304118	56.82234991304118	-227.28939965216466	-56.82234991304118	8.39	56.82234991304118	235.67939965216476
601	-367.50302818760997	790.383879682058	263.46129322735266	367.50302818760997	63.767823306838174	-535.3125864547053	-303.7352048807718	263.46129322735266	-63.767823306838174	263.46129322735266	263.46129322735266	-263.46129322735266	-63.767823306838174	-63.767823306838174	63.767823306838174	535.3125864547053	263.46129322735266	63.767823306838174	63.76782330683816	-63.76782330683816	535.3125864547053	-263.46129322735266	535.3125864547053	-535.3125864547053	-255.0712932273525	63.767823306838174	63.767823306838174	-255.07129322735267	-63.76782330683816	8.39	63.767823306838174	263.46129322735266
602	-273.4954040715199	585.2763361560435	195.0921120520145	273.4954040715199	46.67552801300362	-398.574224104029	-226.8198760585163	195.0921120520145	-46.67552801300362	195.0921120520145	195.0921120520145	-195.0921120520145	-46.67552801300362	-46.67552801300362	46.67552801300362	398.574224104029	195.0921120520145	46.67552801300362	46.67552801300362	-46.67552801300362	398.574224104029	-195.0921120520145	398.574224104029	-398.574224104029	-186.70211205201463	46.67552801300362	46.67552801300362	-186.7021120520145	-46.67552801300362	8.39	46.67552801300362	195.0921120520145
603	-462.223547349972	997.0468305817571	332.3489435272524	462.223547349972	80.9897358818131	-673.0878870545048	-381.23381146815893	332.3489435272524	-80.9897358818131	332.3489435272524	332.3489435272524	-332.3489435272524	-80.9897358818131	-80.9897358818131	80.9897358818131	673.0878870545048	332.3489435272524	80.9897358818131	80.9897358818131	-80.9897358818131	673.0878870545048	-332.3489435272524	673.0878870545048	-673.0878870545048	-323.9589435272526	80.9897358818131	80.9897358818131	-323.95894352725236	-80.9897358818131	8.39	80.9897358818131	332.3489435272524
604	-449.28134280017844	968.8092933822074	322.9364311274025	449.28134280017844	78.63660778185063	-654.262862254805	-370.6447350183278	322.9364311274025	-78.63660778185063	322.9364311274025	322.9364311274025	-322.9364311274025	-78.63660778185063	-78.63660778185063	78.63660778185063	654.262862254805	322.9364311274025	78.63660778185063	78.63660778185063	-78.63660778185063	654.262862254805	-322.9364311274025	654.262862254805	-654.262862254805	-314.5464311274025	78.63660778185063	78.63660778185063	-314.54643112740246	-78.63660778185063	8.39	78.63660778185063	322.9364311274025
605	-448.2028358204908	966.4561872447072	322.1520624149024	448.2028358204908	78.44051560372559	-652.6941248298048	-369.7623202167652	322.1520624149024	-78.44051560372559	322.1520624149024	322.1520624149024	-322.1520624149024	-78.44051560372559	-78.44051560372559	78.44051560372559	652.6941248298048	322.1520624149024	78.44051560372559	78.44051560372559	-78.44051560372559	652.6941248298048	-322.1520624149024	652.6941248298048	-652.6941248298048	-313.76206241490223	78.44051560372559	78.44051560372559	-313.7620624149024	-78.44051560372559	8.39	78.44051560372559	322.1520624149024
606	-442.7972983207319	954.6622872452333	318.2207624150778	442.7972983207319	77.45769060376945	-644.8315248301556	-365.33960771696246	318.2207624150778	-77.45769060376945	318.2207624150778	318.2207624150778	-318.2207624150778	-77.45769060376945	-77.45769060376945	77.45769060376945	644.8315248301556	318.2207624150778	77.45769060376945	77.45769060376945	-77.45769060376945	644.8315248301556	-318.2207624150778	644.8315248301556	-644.8315248301556	-309.8307624150779	77.45769060376945	77.45769060376945	-309.83076241507774	-77.45769060376945	8.39	77.45769060376945	318.2207624150778
607	-441.1762936849148	951.1255498579959	317.0418499526653	441.1762936849148	77.16296248816631	-642.4736999053306	-364.0133311967485	317.0418499526653	-77.16296248816631	317.0418499526653	317.0418499526653	-317.0418499526653	-77.16296248816631	-77.16296248816631	77.16296248816631	642.4736999053306	317.0418499526653	77.16296248816631	77.16296248816631	-77.16296248816631	642.4736999053306	-317.0418499526653	642.4736999053306	-642.4736999053306	-308.6518499526652	77.16296248816631	77.16296248816631	-308.6518499526653	-77.16296248816631	8.39	77.16296248816631	317.0418499526653
608	-429.8032212076125	926.3115735438819	308.7705245146273	429.8032212076125	75.09513112865683	-625.9310490292546	-354.7080900789557	308.7705245146273	-75.09513112865683	308.7705245146273	308.7705245146273	-308.7705245146273	-75.09513112865683	-75.09513112865683	75.09513112865683	625.9310490292546	308.7705245146273	75.09513112865683	75.09513112865683	-75.09513112865683	625.9310490292546	-308.7705245146273	625.9310490292546	-625.9310490292546	-300.3805245146274	75.09513112865683	75.09513112865683	-300.38052451462727	-75.09513112865683	8.39	75.09513112865683	308.7705245146273
609	-401.29681580732057	864.1157799432449	288.038593314415	401.29681580732057	69.91214832860375	-584.46718662883	-331.38466747871684	288.038593314415	-69.91214832860375	288.038593314415	288.038593314415	-288.038593314415	-69.91214832860375	-69.91214832860375	69.91214832860375	584.46718662883	288.038593314415	69.91214832860375	69.91214832860375	-69.91214832860375	584.46718662883	-288.038593314415	584.46718662883	-584.46718662883	-279.6485933144151	69.91214832860375	69.91214832860375	-279.64859331441494	-69.91214832860375	8.39	69.91214832860375	288.038593314415
610	-203.33240287055867	432.1934244448553	144.06447481495175	203.33240287055867	33.91861870373794	-296.51894962990355	-169.41378416682073	144.06447481495175	-33.91861870373794	144.06447481495175	144.06447481495175	-144.06447481495175	-33.91861870373794	-33.91861870373794	33.91861870373794	296.51894962990355	144.06447481495175	33.91861870373794	33.91861870373794	-33.91861870373794	296.51894962990355	-144.06447481495175	296.51894962990355	-296.51894962990355	-135.67447481495174	33.91861870373794	33.91861870373794	-135.67447481495174	-33.91861870373794	8.39	33.91861870373794	144.06447481495178
611	-458.99233182799367	989.9969058065317	329.99896860217723	458.99233182799367	80.40224215054431	-668.3879372043544	-378.5900896774493	329.99896860217723	-80.40224215054431	329.99896860217723	329.99896860217723	-329.99896860217723	-80.40224215054431	-80.40224215054431	80.40224215054431	668.3879372043544	329.99896860217723	80.40224215054431	80.40224215054431	-80.40224215054431	668.3879372043544	-329.99896860217723	668.3879372043544	-668.3879372043544	-321.6089686021772	80.40224215054431	80.40224215054431	-321.60896860217724	-80.40224215054431	8.39	80.40224215054431	329.99896860217723
612	-439.5574547084036	947.593537545608	315.86451251520265	439.5574547084036	76.86862812880067	-640.1190250304053	-362.68882657960296	315.86451251520265	-76.86862812880067	315.86451251520265	315.86451251520265	-315.86451251520265	-76.86862812880067	-76.86862812880067	76.86862812880067	640.1190250304053	315.86451251520265	76.86862812880067	76.86862812880067	-76.86862812880067	640.1190250304053	-315.86451251520265	640.1190250304053	-640.1190250304053	-307.47451251520266	76.86862812880067	76.86862812880067	-307.4745125152027	-76.86862812880067	8.39	76.86862812880067	315.86451251520265
613	-428.7247142279251	923.9584674063819	307.9861558021273	428.7247142279251	74.89903895053183	-624.3623116042546	-353.82567527739326	307.9861558021273	-74.89903895053183	307.9861558021273	307.9861558021273	-307.9861558021273	-74.89903895053183	-74.89903895053183	74.89903895053183	624.3623116042546	307.9861558021273	74.89903895053183	74.89903895053183	-74.89903895053183	624.3623116042546	-307.9861558021273	624.3623116042546	-624.3623116042546	-299.5961558021274	74.89903895053183	74.89903895053183	-299.5961558021273	-74.89903895053183	8.39	74.89903895053183	307.9861558021273
614	-397.5123175249033	855.8586927816074	285.28623092720244	397.5123175249033	69.22405773180061	-578.9624618544049	-328.2882597931027	285.28623092720244	-69.22405773180061	285.28623092720244	285.28623092720244	-285.28623092720244	-69.22405773180061	-69.22405773180061	69.22405773180061	578.9624618544049	285.28623092720244	69.22405773180061	69.22405773180061	-69.22405773180061	578.9624618544049	-285.28623092720244	578.9624618544049	-578.9624618544049	-276.89623092720245	69.22405773180061	69.22405773180061	-276.8962309272025	-69.22405773180061	8.39	69.22405773180061	285.28623092720244
615	-394.28110200292497	848.8087680063818	282.93625600212727	394.28110200292497	68.63656400053182	-574.2625120042545	-325.6445380023932	282.93625600212727	-68.63656400053182	282.93625600212727	282.93625600212727	-282.93625600212727	-68.63656400053182	-68.63656400053182	68.63656400053182	574.2625120042545	282.93625600212727	68.63656400053182	68.63656400053182	-68.63656400053182	574.2625120042545	-282.93625600212727	574.2625120042545	-574.2625120042545	-274.54625600212734	68.63656400053182	68.63656400053182	-274.5462560021273	-68.63656400053182	8.39	68.63656400053182	282.93625600212727
616	-355.66094405299344	764.5466052065311	254.84886840217703	355.66094405299344	61.614717100544254	-518.0877368043541	-294.04622695244916	254.84886840217703	-61.614717100544254	254.84886840217703	254.84886840217703	-254.84886840217703	-61.614717100544254	-61.614717100544254	61.614717100544254	518.0877368043541	254.84886840217703	61.614717100544254	61.614717100544254	-61.614717100544254	518.0877368043541	-254.84886840217703	518.0877368043541	-518.0877368043541	-246.45886840217702	61.614717100544254	61.614717100544254	-246.45886840217702	-61.614717100544254	8.39	61.614717100544254	254.84886840217706
617	-341.7047970746968	734.0968299811567	244.69894332705223	341.7047970746968	59.07723583176306	-497.78788665410445	-282.6275612429337	244.69894332705223	-59.07723583176306	244.69894332705223	244.69894332705223	-244.69894332705223	-59.07723583176306	-59.07723583176306	59.07723583176306	497.78788665410445	244.69894332705223	59.07723583176306	59.07723583176306	-59.07723583176306	497.78788665410445	-244.69894332705223	497.78788665410445	-497.78788665410445	-236.30894332705222	59.07723583176306	59.07723583176306	-236.30894332705225	-59.07723583176306	8.39	59.07723583176306	244.69894332705223
618	-307.32979707524663	659.0968299823562	219.69894332745207	307.32979707524663	52.82723583186302	-447.7878866549041	-254.5025612433836	219.69894332745207	-52.82723583186302	219.69894332745207	219.69894332745207	-219.69894332745207	-52.82723583186302	-52.82723583186302	52.82723583186302	447.7878866549041	219.69894332745207	52.82723583186302	52.82723583186302	-52.82723583186302	447.7878866549041	-219.69894332745207	447.7878866549041	-447.7878866549041	-211.3089433274521	52.82723583186302	52.82723583186302	-211.30894332745208	-52.82723583186302	8.39	52.82723583186302	219.69894332745207
619	-260.55319952172636	557.0387989564939	185.67959965216463	260.55319952172636	44.32239991304115	-379.7491993043293	-216.2307996086852	185.67959965216463	-44.32239991304115	185.67959965216463	185.67959965216463	-185.67959965216463	-44.32239991304115	-44.32239991304115	44.32239991304115	379.7491993043293	185.67959965216463	44.32239991304115	44.32239991304115	-44.32239991304115	379.7491993043293	-185.67959965216463	379.7491993043293	-379.7491993043293	-177.28959965216464	44.32239991304115	44.32239991304115	-177.2895996521646	-44.32239991304115	8.39	44.32239991304115	185.67959965216465
620	-258.9343605452151	553.5067866441058	184.50226221470191	258.9343605452151	44.028065553675475	-377.3945244294039	-214.90629499153962	184.50226221470191	-44.028065553675475	184.50226221470191	184.50226221470191	-184.50226221470191	-44.028065553675475	-44.028065553675475	44.028065553675475	377.3945244294039	184.50226221470191	44.028065553675475	44.028065553675475	-44.028065553675475	377.3945244294039	-184.50226221470191	377.3945244294039	-377.3945244294039	-176.11226221470196	44.028065553675475	44.028065553675475	-176.1122622147019	-44.028065553675475	8.39	44.028065553675475	184.50226221470194
621	-280.48743370764686	600.5316735439568	200.17722451465227	280.48743370764686	47.94680612866307	-408.7444490293045	-232.5406275789838	200.17722451465227	-47.94680612866307	200.17722451465227	200.17722451465227	-200.17722451465227	-47.94680612866307	-47.94680612866307	47.94680612866307	408.7444490293045	200.17722451465227	47.94680612866307	47.94680612866307	-47.94680612866307	408.7444490293045	-200.17722451465227	408.7444490293045	-408.7444490293045	-191.78722451465228	47.94680612866307	47.94680612866307	-191.78722451465228	-47.94680612866307	8.39	47.94680612866307	200.17722451465224
622	-282.10627268415806	604.0636858563448	201.35456195211492	282.10627268415806	48.241140488028734	-411.0991239042298	-233.8651321961293	201.35456195211492	-48.241140488028734	201.35456195211492	201.35456195211492	-201.35456195211492	-48.241140488028734	-48.241140488028734	48.241140488028734	411.0991239042298	201.35456195211492	48.241140488028734	48.241140488028734	-48.241140488028734	411.0991239042298	-201.35456195211492	411.0991239042298	-411.0991239042298	-192.96456195211488	48.241140488028734	48.241140488028734	-192.964561952115	-48.241140488028734	8.39	48.241140488028734	201.3545619521149
623	-304.0985815532682	652.0469052071307	217.3489684023769	304.0985815532682	52.23974210059423	-443.0879368047538	-251.85883945267398	217.3489684023769	-52.23974210059423	217.3489684023769	217.3489684023769	-217.3489684023769	-52.23974210059423	-52.23974210059423	52.23974210059423	443.0879368047538	217.3489684023769	52.23974210059423	52.23974210059423	-52.23974210059423	443.0879368047538	-217.3489684023769	443.0879368047538	-443.0879368047538	-208.95896840237697	52.23974210059423	52.23974210059423	-208.95896840237697	-52.23974210059423	8.39	52.23974210059423	217.34896840237687
624	-332.5470908073204	714.1163799432445	238.03879331441482	332.5470908073204	57.41219832860371	-484.4675866288296	-275.13489247871667	238.03879331441482	-57.41219832860371	238.03879331441482	238.03879331441482	-238.03879331441482	-57.41219832860371	-57.41219832860371	57.41219832860371	484.4675866288296	238.03879331441482	57.41219832860371	57.41219832860371	-57.41219832860371	484.4675866288296	-238.03879331441482	484.4675866288296	-484.4675866288296	-229.64879331441483	57.41219832860371	57.41219832860371	-229.6487933144149	-57.41219832860371	8.39	57.41219832860371	238.0387933144148
625	-433.5963821619042	934.5875610805181	311.52918702683934	433.5963821619042	75.78479675670984	-631.4483740536787	-357.81158540519436	311.52918702683934	-75.78479675670984	311.52918702683934	311.52918702683934	-311.52918702683934	-75.78479675670984	-75.78479675670984	75.78479675670984	631.4483740536787	311.52918702683934	75.78479675670984	75.78479675670984	-75.78479675670984	631.4483740536787	-311.52918702683934	631.4483740536787	-631.4483740536787	-303.13918702683924	75.78479675670984	75.78479675670984	-303.1391870268394	-75.78479675670984	8.39	75.78479675670984	311.52918702683934
626	-430.88605086056555	928.6741109685065	309.55803698950217	430.88605086056555	75.29200924737555	-627.5060739790043	-355.59404161319003	309.55803698950217	-75.29200924737555	309.55803698950217	309.55803698950217	-309.55803698950217	-75.29200924737555	-75.29200924737552	75.29200924737555	627.5060739790043	309.55803698950217	75.29200924737555	75.29200924737555	-75.29200924737555	627.5060739790043	-309.55803698950217	627.5060739790043	-627.5060739790043	-301.16803698950207	75.29200924737552	75.29200924737555	-301.1680369895022	-75.29200924737555	8.39	75.29200924737555	309.55803698950217
627	-368.04444084842703	791.5651436692954	263.8550478897651	368.04444084842703	63.86626197244127	-536.1000957795302	-304.17817887598574	263.8550478897651	-63.86626197244127	263.8550478897651	263.8550478897651	-263.8550478897651	-63.86626197244127	-63.86626197244127	63.86626197244127	536.1000957795302	263.8550478897651	63.86626197244127	63.86626197244127	-63.86626197244127	536.1000957795302	-263.8550478897651	536.1000957795302	-536.1000957795302	-255.465047889765	63.86626197244127	63.86626197244127	-255.46504788976517	-63.86626197244127	8.39	63.86626197244127	263.8550478897651
628	-327.6851662092089	703.5085444564559	234.50284815215196	327.6851662092089	56.528212038037985	-477.3956963043039	-271.1569541711709	234.50284815215196	-56.528212038037985	234.50284815215196	234.50284815215196	-234.50284815215196	-56.528212038037985	-56.528212038037964	56.528212038037985	477.3956963043039	234.50284815215196	56.528212038037985	56.528212038037985	-56.528212038037985	477.3956963043039	-234.50284815215196	477.3956963043039	-477.3956963043039	-226.11284815215208	56.528212038037964	56.528212038037985	-226.11284815215197	-56.528212038037985	8.39	56.528212038037985	234.50284815215196
629	-201.18077499226158	427.4989636194798	142.4996545398266	201.18077499226158	33.52741363495665	-293.38930907965323	-167.65336135730493	142.4996545398266	-33.52741363495665	142.4996545398266	142.4996545398266	-142.4996545398266	-33.52741363495665	-33.527413634956645	33.52741363495665	293.38930907965323	142.4996545398266	33.52741363495665	33.52741363495665	-33.52741363495665	293.38930907965323	-142.4996545398266	293.38930907965323	-293.38930907965323	-134.1096545398266	33.527413634956645	33.52741363495665	-134.10965453982658	-33.52741363495665	8.39	33.52741363495665	142.49965453982662
630	-366.42452120792206	788.0307735445573	262.67692451485243	366.42452120792206	63.57173112871311	-533.7438490297048	-302.85279007920894	262.67692451485243	-63.57173112871311	262.67692451485243	262.67692451485243	-262.67692451485243	-63.57173112871311	-63.57173112871311	63.57173112871311	533.7438490297048	262.67692451485243	63.57173112871311	63.57173112871311	-63.57173112871311	533.7438490297048	-262.67692451485243	533.7438490297048	-533.7438490297048	-254.28692451485244	63.57173112871311	63.57173112871311	-254.28692451485244	-63.57173112871311	8.39	63.57173112871311	262.67692451485243
631	-364.2718126656312	783.3339549068318	261.11131830227725	364.2718126656312	63.18032957556932	-530.6126366045545	-301.0914830900619	261.11131830227725	-63.18032957556932	261.11131830227725	261.11131830227725	-261.11131830227725	-63.18032957556932	-63.18032957556932	63.18032957556932	530.6126366045545	261.11131830227725	63.18032957556932	63.18032957556932	-63.18032957556932	530.6126366045545	-261.11131830227725	530.6126366045545	-530.6126366045545	-252.7213183022772	63.18032957556932	63.18032957556932	-252.72131830227727	-63.18032957556932	8.39	63.18032957556932	261.11131830227725
632	-306.25129009555906	656.7437238448562	218.91457461495204	306.25129009555906	52.63114365373801	-446.21914922990413	-253.62014644182105	218.91457461495204	-52.63114365373801	218.91457461495204	218.91457461495204	-218.91457461495204	-52.63114365373801	-52.63114365373801	52.63114365373801	446.21914922990413	218.91457461495204	52.63114365373801	52.63114365373801	-52.63114365373801	446.21914922990413	-218.91457461495204	446.21914922990413	-446.21914922990413	-210.52457461495206	52.63114365373801	52.63114365373801	-210.52457461495203	-52.63114365373801	8.39	52.63114365373801	218.91457461495207
633	-269.72385655271796	577.0475052059302	192.34916840197673	269.72385655271796	45.989792100494185	-393.08833680395344	-223.73406445222378	192.34916840197673	-45.989792100494185	192.34916840197673	192.34916840197673	-192.34916840197673	-45.989792100494185	-45.989792100494185	45.989792100494185	393.08833680395344	192.34916840197673	45.989792100494185	45.989792100494185	-45.989792100494185	393.08833680395344	-192.34916840197673	393.08833680395344	-393.08833680395344	-183.9591684019768	45.989792100494185	45.989792100494185	-183.95916840197674	-45.989792100494185	8.39	45.989792100494185	192.34916840197673
634	-263.79736580732003	564.1169799432438	188.0389933144146	263.79736580732003	44.91224832860365	-384.4679866288292	-218.88511747871638	188.0389933144146	-44.91224832860365	188.0389933144146	188.0389933144146	-188.0389933144146	-44.91224832860365	-44.91224832860365	44.91224832860365	384.4679866288292	188.0389933144146	44.91224832860365	44.91224832860365	-44.91224832860365	384.4679866288292	-188.0389933144146	384.4679866288292	-384.4679866288292	-179.64899331441467	44.91224832860365	44.91224832860365	-179.6489933144146	-44.91224832860365	8.39	44.91224832860365	188.0389933144146
635	-351.36412061528716	755.171717706081	251.723905902027	351.36412061528716	60.83347647550676	-511.837811804054	-290.5306441397804	251.723905902027	-60.83347647550676	251.723905902027	251.723905902027	-251.723905902027	-60.83347647550676	-60.83347647550676	60.83347647550676	511.837811804054	251.723905902027	60.83347647550676	60.83347647550676	-60.83347647550676	511.837811804054	-251.723905902027	511.837811804054	-511.837811804054	-243.33390590202703	60.83347647550676	60.83347647550676	-243.33390590202703	-60.83347647550676	8.39	60.83347647550676	251.723905902027
636	-340.62629009500904	731.7437238436562	243.91457461455207	340.62629009500904	58.88114365363802	-496.2191492291041	-281.745146441371	243.91457461455207	-58.88114365363802	243.91457461455207	243.91457461455207	-243.91457461455207	-58.88114365363802	-58.88114365363802	58.88114365363802	496.2191492291041	243.91457461455207	58.88114365363802	58.88114365363802	-58.88114365363802	496.2191492291041	-243.91457461455207	496.2191492291041	-496.2191492291041	-235.52457461455202	58.88114365363802	58.88114365363802	-235.52457461455208	-58.88114365363802	8.39	58.88114365363802	243.91457461455207
637	-272.9550720746965	584.097429981156	194.69914332705198	272.9550720746965	46.57728583176299	-397.788286654104	-226.3777862429335	194.69914332705198	-46.57728583176299	194.69914332705198	194.69914332705198	-194.69914332705198	-46.57728583176299	-46.57728583176299	46.57728583176299	397.788286654104	194.69914332705198	46.57728583176299	46.57728583176299	-46.57728583176299	397.788286654104	-194.69914332705198	397.788286654104	-397.788286654104	-186.30914332705203	46.57728583176299	46.57728583176299	-186.30914332705197	-46.57728583176299	8.39	46.57728583176299	194.699143327052
638	-239.7312400526496	511.60906920578105	170.536356401927	239.7312400526496	40.53658910048175	-349.46271280385406	-199.19465095216785	170.536356401927	-40.53658910048175	170.536356401927	170.536356401927	-170.536356401927	-40.53658910048175	-40.53658910048175	40.53658910048175	349.46271280385406	170.536356401927	40.53658910048175	40.53658910048175	-40.53658910048175	349.46271280385406	-170.536356401927	349.46271280385406	-349.46271280385406	-162.146356401927	40.53658910048175	40.53658910048175	-162.146356401927	-40.53658910048175	8.39	40.53658910048175	170.53635640192704
639	-325.5313770029247	698.8093680063812	232.93645600212704	325.5313770029247	56.136614000531765	-474.2629120042541	-269.39476300239295	232.93645600212704	-56.136614000531765	232.93645600212704	232.93645600212704	-232.93645600212704	-56.136614000531765	-56.136614000531765	56.136614000531765	474.2629120042541	232.93645600212704	56.136614000531765	56.136614000531765	-56.136614000531765	474.2629120042541	-232.93645600212704	474.2629120042541	-474.2629120042541	-224.5464560021269	56.136614000531765	56.136614000531765	-224.54645600212712	-56.136614000531765	8.39	56.136614000531765	232.93645600212704
640	-396.4338105452157	853.505586644107	284.5018622147023	396.4338105452157	69.02796555367559	-577.3937244294046	-327.4058449915401	284.5018622147023	-69.02796555367559	284.5018622147023	284.5018622147023	-284.5018622147023	-69.02796555367559	-69.02796555367559	69.02796555367559	577.3937244294046	284.5018622147023	69.02796555367559	69.02796555367559	-69.02796555367559	577.3937244294046	-284.5018622147023	577.3937244294046	-577.3937244294046	-276.11186221470234	69.02796555367559	69.02796555367559	-276.11186221470234	-69.02796555367559	8.39	69.02796555367559	284.5018622147023
641	-408.83676376217926	880.5665754811183	293.5221918270394	408.83676376217926	71.28304795675986	-595.4343836540788	-337.5537158054194	293.5221918270394	-71.28304795675986	293.5221918270394	293.5221918270394	-293.5221918270394	-71.28304795675986	-71.28304795675986	71.28304795675986	595.4343836540788	293.5221918270394	71.28304795675986	71.28304795675986	-71.28304795675986	595.4343836540788	-293.5221918270394	595.4343836540788	-595.4343836540788	-285.13219182703943	71.28304795675986	71.28304795675986	-285.1321918270395	-71.28304795675986	8.39	71.28304795675986	293.5221918270394
642	-460.0676140545902	992.342976119106	330.78099203970197	460.0676140545902	80.5977480099255	-669.9519840794039	-379.4698660446647	330.78099203970197	-80.5977480099255	330.78099203970197	330.78099203970197	-330.78099203970197	-80.5977480099255	-80.5977480099255	80.5977480099255	669.9519840794039	330.78099203970197	80.5977480099255	80.5977480099255	-80.5977480099255	669.9519840794039	-330.78099203970197	669.9519840794039	-669.9519840794039	-322.390992039702	80.5977480099255	80.5977480099255	-322.39099203970204	-80.5977480099255	8.39	80.5977480099255	330.78099203970197
643	-413.6825472870588	891.1391940808558	297.0463980269519	413.6825472870588	72.16409950673798	-602.4827960539038	-341.51844778032086	297.0463980269519	-72.16409950673798	297.0463980269519	297.0463980269519	-297.0463980269519	-72.16409950673798	-72.16409950673798	72.16409950673798	602.4827960539038	297.0463980269519	72.16409950673798	72.16409950673798	-72.16409950673798	602.4827960539038	-297.0463980269519	602.4827960539038	-602.4827960539038	-288.6563980269519	72.16409950673798	72.16409950673798	-288.65639802695193	-72.16409950673798	8.39	72.16409950673798	297.0463980269519
644	-395.8945592123858	852.3290382815691	284.1096794271897	395.8945592123858	68.92991985679743	-576.6093588543794	-326.96463935558836	284.1096794271897	-68.92991985679743	284.1096794271897	284.1096794271897	-284.1096794271897	-68.92991985679743	-68.92991985679743	68.92991985679743	576.6093588543794	284.1096794271897	68.92991985679743	68.92991985679743	-68.92991985679743	576.6093588543794	-284.1096794271897	576.6093588543794	-576.6093588543794	-275.7196794271897	68.92991985679743	68.92991985679743	-275.7196794271897	-68.92991985679743	8.39	68.92991985679743	284.1096794271897
645	-366.96377685478006	789.2073313195202	263.0691104398401	366.96377685478006	63.66977760996002	-534.5282208796801	-303.29399924482004	263.0691104398401	-63.66977760996002	263.0691104398401	263.0691104398401	-263.0691104398401	-63.66977760996002	-63.66977760996002	63.66977760996002	534.5282208796801	263.0691104398401	63.66977760996002	63.66977760996002	-63.66977760996002	534.5282208796801	-263.0691104398401	534.5282208796801	-534.5282208796801	-254.67911043984006	63.66977760996002	63.66977760996002	-254.6791104398401	-63.66977760996002	8.39	63.66977760996002	263.0691104398401
646	-356.7362262795899	766.8926755191053	255.63089183970177	356.7362262795899	61.81022295992544	-519.6517836794036	-294.92600331966446	255.63089183970177	-61.81022295992544	255.63089183970177	255.63089183970177	-255.63089183970177	-61.81022295992544	-61.81022295992544	61.81022295992544	519.6517836794036	255.63089183970177	61.81022295992544	61.81022295992544	-61.81022295992544	519.6517836794036	-255.63089183970177	519.6517836794036	-519.6517836794036	-247.2408918397018	61.81022295992544	61.81022295992544	-247.2408918397017	-61.81022295992544	8.39	61.81022295992544	255.6308918397018
647	-213.5010499745419	454.3795635808187	151.45985452693955	213.5010499745419	35.767463631734884	-311.30970905387915	-177.733586342807	151.45985452693955	-35.767463631734884	151.45985452693955	151.45985452693955	-151.45985452693955	-35.767463631734884	-35.767463631734884	35.767463631734884	311.30970905387915	151.45985452693955	35.767463631734884	35.767463631734884	-35.767463631734884	311.30970905387915	-151.45985452693955	311.30970905387915	-311.30970905387915	-143.06985452693957	35.767463631734884	35.767463631734884	-143.06985452693954	-35.767463631734884	8.39	35.767463631734884	151.45985452693958
648	-456.8407039496963	985.3024449811558	328.4341483270519	456.8407039496963	80.01103708176298	-665.2582966541038	-376.8296668679333	328.4341483270519	-80.01103708176298	328.4341483270519	328.4341483270519	-328.4341483270519	-80.01103708176298	-80.01103708176298	80.01103708176298	665.2582966541038	328.4341483270519	80.01103708176298	80.01103708176298	-80.01103708176298	665.2582966541038	-328.4341483270519	665.2582966541038	-665.2582966541038	-320.04414832705197	80.01103708176298	80.01103708176298	-320.04414832705197	-80.01103708176298	8.39	80.01103708176298	328.4341483270519
649	-447.6635844876609	965.2796388821693	321.75987962738975	447.6635844876609	78.34246990684744	-651.9097592547795	-369.32111458081346	321.75987962738975	-78.34246990684744	321.75987962738975	321.75987962738975	-321.75987962738975	-78.34246990684744	-78.34246990684744	78.34246990684744	651.9097592547795	321.75987962738975	78.34246990684744	78.34246990684744	-78.34246990684744	651.9097592547795	-321.75987962738975	651.9097592547795	-651.9097592547795	-313.36987962738976	78.34246990684744	78.34246990684744	-313.36987962738976	-78.34246990684744	8.39	78.34246990684744	321.75987962738975
650	-438.4800283927094	945.242789220457	315.0809297401523	438.4800283927094	76.67273243503809	-638.5518594803046	-361.80729595767133	315.0809297401523	-76.67273243503809	315.0809297401523	315.0809297401523	-315.0809297401523	-76.67273243503809	-76.67273243503809	76.67273243503809	638.5518594803046	315.0809297401523	76.67273243503809	76.67273243503809	-76.67273243503809	638.5518594803046	-315.0809297401523	638.5518594803046	-638.5518594803046	-306.69092974015234	76.67273243503809	76.67273243503809	-306.69092974015234	-76.67273243503809	8.39	76.67273243503809	315.0809297401523
651	-354.5835177372992	762.1958568813801	254.0652856271267	354.5835177372992	61.418821406781674	-516.5205712542535	-293.16469633051753	254.0652856271267	-61.418821406781674	254.0652856271267	254.0652856271267	-254.0652856271267	-61.418821406781674	-61.418821406781674	61.418821406781674	516.5205712542535	254.0652856271267	61.418821406781674	61.418821406781674	-61.418821406781674	516.5205712542535	-254.0652856271267	516.5205712542535	-516.5205712542535	-245.67528562712667	61.418821406781674	61.418821406781674	-245.67528562712664	-61.418821406781674	8.39	61.418821406781674	254.06528562712674
652	-346.5323512618355	744.6296754803683	248.20989182678943	346.5323512618355	59.95497295669736	-504.80978365357885	-286.57737830513815	248.20989182678943	-59.95497295669736	248.20989182678943	248.20989182678943	-248.20989182678943	-59.95497295669736	-59.95497295669736	59.95497295669736	504.80978365357885	248.20989182678943	59.95497295669736	59.95497295669736	-59.95497295669736	504.80978365357885	-248.20989182678943	504.80978365357885	-504.80978365357885	-239.81989182678947	59.95497295669736	59.95497295669736	-239.81989182678944	-59.95497295669736	8.39	59.95497295669736	248.20989182678943
653	-267.57222867442067	572.3530443805543	190.78434812685143	267.57222867442067	45.59858703171285	-389.9586962537029	-221.97364164270783	190.78434812685143	-45.59858703171285	190.78434812685143	190.78434812685143	-190.78434812685143	-45.59858703171285	-45.59858703171285	45.59858703171285	389.9586962537029	190.78434812685143	45.59858703171285	45.59858703171285	-45.59858703171285	389.9586962537029	-190.78434812685143	389.9586962537029	-389.9586962537029	-182.39434812685138	45.59858703171285	45.59858703171285	-182.39434812685136	-45.59858703171285	8.39	45.59858703171285	190.78434812685146
654	-261.63495282471376	559.3989879811936	186.46632932706456	261.63495282471376	44.51908233176615	-381.3226586541291	-217.1158704929476	186.46632932706456	-44.51908233176615	186.46632932706456	186.46632932706456	-186.46632932706456	-44.51908233176615	-44.51908233176615	44.51908233176615	381.3226586541291	186.46632932706456	44.51908233176615	44.51908233176614	-44.51908233176614	381.3226586541291	-186.46632932706456	381.3226586541291	-381.3226586541291	-178.0763293270645	44.51908233176615	44.51908233176615	-178.07632932706454	-44.51908233176614	8.39	44.51908233176615	186.46632932706456
655	-349.2124927369899	750.4772568807052	250.15908562690174	349.2124927369899	60.44227140672543	-508.70817125380347	-288.77022133026446	250.15908562690174	-60.44227140672543	250.15908562690174	250.15908562690174	-250.15908562690174	-60.44227140672543	-60.44227140672543	60.44227140672543	508.70817125380347	250.15908562690174	60.44227140672543	60.44227140672543	-60.44227140672543	508.70817125380347	-250.15908562690174	508.70817125380347	-508.70817125380347	-241.76908562690187	60.44227140672543	60.44227140672543	-241.76908562690176	-60.44227140672543	8.39	60.44227140672543	250.15908562690174
656	-341.16554574186677	732.9202816186184	244.30676053953948	341.16554574186677	58.97919013488487	-497.00352107907895	-282.1863556069819	244.30676053953948	-58.97919013488487	244.30676053953948	244.30676053953948	-244.30676053953948	-58.97919013488487	-58.979190134884846	58.97919013488487	497.00352107907895	244.30676053953948	58.97919013488487	58.97919013488487	-58.97919013488487	497.00352107907895	-244.30676053953948	497.00352107907895	-497.00352107907895	-235.9167605395395	58.979190134884846	58.97919013488487	-235.9167605395395	-58.97919013488487	8.39	58.97919013488487	244.30676053953948
657	-427.64728791223115	921.6077190812315	307.20257302707716	427.64728791223115	74.70314325676928	-622.7951460541543	-352.94414465546186	307.20257302707716	-74.70314325676928	307.20257302707716	307.20257302707716	-307.20257302707716	-74.70314325676928	-74.70314325676928	74.70314325676928	622.7951460541543	307.20257302707716	74.70314325676928	74.70314325676928	-74.70314325676928	622.7951460541543	-307.20257302707716	622.7951460541543	-622.7951460541543	-298.8125730270772	74.70314325676928	74.70314325676928	-298.8125730270772	-74.70314325676928	8.39	74.70314325676928	307.20257302707716
658	-416.90945739195297	898.1797252188064	299.39324173960216	416.90945739195297	72.75081043490054	-607.1764834792043	-344.15864695705244	299.39324173960216	-72.75081043490054	299.39324173960216	299.39324173960216	-299.39324173960216	-72.75081043490054	-72.75081043490054	72.75081043490054	607.1764834792043	299.39324173960216	72.75081043490054	72.75081043490054	-72.75081043490054	607.1764834792043	-299.39324173960216	607.1764834792043	-607.1764834792043	-291.00324173960206	72.75081043490054	72.75081043490054	-291.0032417396021	-72.75081043490054	8.39	72.75081043490054	299.39324173960216
659	-399.1344028247142	859.3977879811946	286.4659293270649	399.1344028247142	69.51898233176622	-581.3218586541298	-329.615420492948	286.4659293270649	-69.51898233176622	286.4659293270649	286.4659293270649	-286.4659293270649	-69.51898233176622	-69.51898233176622	69.51898233176622	581.3218586541298	286.4659293270649	69.51898233176622	69.51898233176622	-69.51898233176622	581.3218586541298	-286.4659293270649	581.3218586541298	-581.3218586541298	-278.075929327065	69.51898233176622	69.51898233176622	-278.07592932706484	-69.51898233176622	8.39	69.51898233176622	286.4659293270649
660	-326.6066592295212	701.1554383189554	233.7184794396518	326.6066592295212	56.33211985991295	-475.82695887930356	-270.27453936960825	233.7184794396518	-56.33211985991295	233.7184794396518	233.7184794396518	-233.7184794396518	-56.33211985991295	-56.33211985991295	56.33211985991295	475.82695887930356	233.7184794396518	56.33211985991295	56.33211985991295	-56.33211985991295	475.82695887930356	-233.7184794396518	475.82695887930356	-475.82695887930356	-225.32847943965186	56.33211985991295	56.33211985991295	-225.3284794396518	-56.33211985991295	8.39	56.33211985991295	233.7184794396518
661	-271.33731376217895	580.5677754811177	193.5225918270392	271.33731376217895	46.283147956759805	-395.4351836540784	-225.05416580541913	193.5225918270392	-46.283147956759805	193.5225918270392	193.5225918270392	-193.5225918270392	-46.283147956759805	-46.283147956759805	46.283147956759805	395.4351836540784	193.5225918270392	46.283147956759805	46.283147956759805	-46.283147956759805	395.4351836540784	-193.5225918270392	395.4351836540784	-395.4351836540784	-185.1325918270391	46.283147956759805	46.283147956759805	-185.13259182703928	-46.283147956759805	8.39	46.283147956759805	193.5225918270392
662	-417.4476323748169	899.3539251814187	299.78464172713956	417.4476323748169	72.8486604317849	-607.9592834542791	-344.598971943032	299.78464172713956	-72.8486604317849	299.78464172713956	299.78464172713956	-299.78464172713956	-72.8486604317849	-72.8486604317849	72.8486604317849	607.9592834542791	299.78464172713956	72.8486604317849	72.8486604317849	-72.8486604317849	607.9592834542791	-299.78464172713956	607.9592834542791	-607.9592834542791	-291.3946417271396	72.8486604317849	72.8486604317849	-291.39464172713963	-72.8486604317849	8.39	72.8486604317849	299.78464172713956
663	-365.8852698750922	786.8542251820194	262.2847417273398	365.8852698750922	63.47368543183495	-532.9594834546796	-302.41158444325725	262.2847417273398	-63.47368543183495	262.2847417273398	262.2847417273398	-262.2847417273398	-63.47368543183495	-63.47368543183495	63.47368543183495	532.9594834546796	262.2847417273398	63.47368543183495	63.47368543183495	-63.47368543183495	532.9594834546796	-262.2847417273398	532.9594834546796	-532.9594834546796	-253.8947417273398	63.47368543183495	63.47368543183495	-253.8947417273398	-63.47368543183495	8.39	63.47368543183495	262.2847417273398
664	-365.3470948922279	785.6800252194064	261.8933417398021	365.3470948922279	63.37583543495053	-532.1766834796042	-301.97125945727737	261.8933417398021	-63.37583543495053	261.8933417398021	261.8933417398021	-261.8933417398021	-63.37583543495053	-63.37583543495053	63.37583543495053	532.1766834796042	261.8933417398021	63.37583543495053	63.37583543495053	-63.37583543495053	532.1766834796042	-261.8933417398021	532.1766834796042	-532.1766834796042	-253.50334173980212	63.37583543495053	63.37583543495053	-253.50334173980218	-63.37583543495053	8.39	63.37583543495053	261.8933417398021
665	-355.1216927201635	763.3700568439931	254.45668561466437	355.1216927201635	61.516671403666095	-517.3033712293287	-293.6050213164974	254.45668561466437	-61.516671403666095	254.45668561466437	254.45668561466437	-254.45668561466437	-61.516671403666095	-61.516671403666095	61.516671403666095	517.3033712293287	254.45668561466437	61.516671403666095	61.516671403666095	-61.516671403666095	517.3033712293287	-254.45668561466437	517.3033712293287	-517.3033712293287	-246.0666856146645	61.516671403666095	61.516671403666095	-246.06668561466438	-61.516671403666095	8.39	61.516671403666095	254.45668561466437
666	-450.90342809998924	972.3483885817948	324.11612952726495	450.90342809998924	78.93153238181623	-656.6222590545299	-371.971895718173	324.11612952726495	-78.93153238181623	324.11612952726495	324.11612952726495	-324.11612952726495	-78.93153238181623	-78.93153238181623	78.93153238181623	656.6222590545299	324.11612952726495	78.93153238181623	78.93153238181623	-78.93153238181623	656.6222590545299	-324.11612952726495	656.6222590545299	-656.6222590545299	-315.72612952726513	78.93153238181623	78.93153238181623	-315.7261295272649	-78.93153238181623	8.39	78.93153238181623	324.11612952726495
667	-376.0849254125059	809.1080190818311	269.70267302727706	376.0849254125059	65.32816825681925	-547.7953460545541	-310.75675715568667	269.70267302727706	-65.32816825681925	269.70267302727706	269.70267302727706	-269.70267302727706	-65.32816825681925	-65.32816825681925	65.32816825681925	547.7953460545541	269.70267302727706	65.32816825681925	65.32816825681925	-65.32816825681925	547.7953460545541	-269.70267302727706	547.7953460545541	-547.7953460545541	-261.3126730272772	65.32816825681925	65.32816825681925	-261.312673027277	-65.32816825681925	8.39	65.32816825681925	269.70267302727706
668	-330.3846778247139	709.398387981194	236.46612932706466	330.3846778247139	57.01903233176616	-481.3222586541293	-273.36564549294775	236.46612932706466	-57.01903233176616	236.46612932706466	236.46612932706466	-236.46612932706466	-57.01903233176616	-57.01903233176614	57.01903233176616	481.3222586541293	236.46612932706466	57.01903233176616	57.01903233176616	-57.01903233176616	481.3222586541293	-236.46612932706466	481.3222586541293	-481.3222586541293	-228.0761293270648	57.01903233176614	57.01903233176616	-228.07612932706468	-57.01903233176616	8.39	57.01903233176616	236.46612932706466
669	-306.7905457424168	657.9202816198185	219.30676053993952	306.7905457424168	52.72919013498487	-447.0035210798791	-254.06135560743192	219.30676053993952	-52.72919013498487	219.30676053993952	219.30676053993952	-219.30676053993952	-52.72919013498487	-52.72919013498486	52.72919013498487	447.0035210798791	219.30676053993952	52.72919013498487	52.72919013498487	-52.72919013498487	447.0035210798791	-219.30676053993952	447.0035210798791	-447.0035210798791	-210.91676053993953	52.72919013498486	52.72919013498487	-210.91676053993945	-52.72919013498487	8.39	52.72919013498487	219.30676053993955
670	-257.85693422952113	551.1560383189552	183.71867943965174	257.85693422952113	43.83216985991294	-375.82735887930346	-214.0247643696082	183.71867943965174	-43.83216985991294	183.71867943965174	183.71867943965174	-183.71867943965174	-43.83216985991294	-43.83216985991294	43.83216985991294	375.82735887930346	183.71867943965174	43.83216985991294	43.83216985991294	-43.83216985991294	375.82735887930346	-183.71867943965174	375.82735887930346	-375.82735887930346	-175.32867943965175	43.83216985991294	43.83216985991294	-175.32867943965175	-43.83216985991294	8.39	43.83216985991294	183.71867943965174
671	-328.22334119207306	704.6827444190685	234.8942481396895	328.22334119207306	56.62606203492238	-478.17849627937903	-271.5972791571507	234.8942481396895	-56.62606203492238	234.8942481396895	234.8942481396895	-234.8942481396895	-56.62606203492238	-56.62606203492238	56.62606203492238	478.17849627937903	234.8942481396895	56.62606203492238	56.62606203492238	-56.62606203492238	478.17849627937903	-234.8942481396895	478.17849627937903	-478.17849627937903	-226.50424813968948	56.62606203492238	56.62606203492238	-226.50424813968948	-56.62606203492238	8.39	56.62606203492238	234.89424813968952
672	-363.1943863499372	780.983206581681	260.327735527227	363.1943863499372	62.98443388180675	-529.045471054454	-300.20995246813044	260.327735527227	-62.98443388180675	260.327735527227	260.327735527227	-260.327735527227	-62.98443388180675	-62.98443388180675	62.98443388180675	529.045471054454	260.327735527227	62.98443388180675	62.98443388180675	-62.98443388180675	529.045471054454	-260.327735527227	529.045471054454	-529.045471054454	-251.9377355272271	62.98443388180675	62.98443388180675	-251.937735527227	-62.98443388180675	8.39	62.98443388180675	260.327735527227
673	-337.39615523702406	724.6961568807799	241.56538562692663	337.39615523702406	58.29384640673166	-491.52077125385324	-279.10230883029243	241.56538562692663	-58.29384640673166	241.56538562692663	241.56538562692663	-241.56538562692663	-58.29384640673166	-58.29384640673166	58.29384640673166	491.52077125385324	241.56538562692663	58.29384640673166	58.29384640673166	-58.29384640673166	491.52077125385324	-241.56538562692663	491.52077125385324	-491.52077125385324	-233.17538562692656	58.29384640673166	58.29384640673166	-233.17538562692664	-58.29384640673166	8.39	58.29384640673166	241.56538562692663
674	-235.43549727893685	502.23653951768046	167.4121798392268	235.43549727893685	39.7555449598067	-343.21435967845366	-195.67995231913017	167.4121798392268	-39.7555449598067	167.4121798392268	167.4121798392268	-167.4121798392268	-39.7555449598067	-39.7555449598067	39.7555449598067	343.21435967845366	167.4121798392268	39.7555449598067	39.7555449598067	-39.7555449598067	343.21435967845366	-167.4121798392268	343.21435967845366	-343.21435967845366	-159.02217983922682	39.7555449598067	39.7555449598067	-159.0221798392268	-39.7555449598067	8.39	39.7555449598067	167.41217983922684
675	-203.87165851741656	433.3699822198179	144.4566607399393	203.87165851741656	34.01666518498483	-297.3033214798786	-169.85499333243172	144.4566607399393	-34.01666518498483	144.4566607399393	144.4566607399393	-144.4566607399393	-34.01666518498483	-34.01666518498483	34.01666518498483	297.3033214798786	144.4566607399393	34.01666518498483	34.01666518498483	-34.01666518498483	297.3033214798786	-144.4566607399393	297.3033214798786	-297.3033214798786	-136.0666607399393	34.01666518498483	34.01666518498483	-136.06666073993932	-34.01666518498483	8.39	34.01666518498483	144.4566607399393
676	-200.640442995438	426.32005744459207	142.10668581486402	200.640442995438	33.42917145371601	-292.60337162972803	-167.211271541722	142.10668581486402	-33.42917145371601	142.10668581486402	142.10668581486402	-142.10668581486402	-33.42917145371601	-33.42917145371601	33.42917145371601	292.60337162972803	142.10668581486402	33.42917145371601	33.42917145371601	-33.42917145371601	292.60337162972803	-142.10668581486402	292.60337162972803	-292.60337162972803	-133.716685814864	33.42917145371601	33.42917145371601	-133.71668581486404	-33.42917145371601	8.39	33.42917145371601	142.10668581486402
677	-196.34361955773164	416.94516994414175	138.98172331471392	196.34361955773164	32.647930828678476	-286.3534466294278	-163.69568872905316	138.98172331471392	-32.647930828678476	138.98172331471392	138.98172331471392	-138.98172331471392	-32.647930828678476	-32.647930828678476	32.647930828678476	286.3534466294278	138.98172331471392	32.647930828678476	32.647930828678476	-32.647930828678476	286.3534466294278	-138.98172331471392	286.3534466294278	-286.3534466294278	-130.59172331471393	32.647930828678476	32.647930828678476	-130.59172331471393	-32.647930828678476	8.39	32.647930828678476	138.98172331471392
678	-192.587128116849	408.7491886185796	136.24972953952653	192.587128116849	31.96493238488163	-280.88945907905304	-160.62219573196737	136.24972953952653	-31.96493238488163	136.24972953952653	136.24972953952653	-136.24972953952653	-31.96493238488163	-31.96493238488162	31.96493238488163	280.88945907905304	136.24972953952653	31.96493238488163	31.96493238488163	-31.96493238488163	280.88945907905304	-136.24972953952653	280.88945907905304	-280.88945907905304	-127.85972953952654	31.96493238488162	31.96493238488163	-127.85972953952654	-31.96493238488163	8.39	31.96493238488163	136.24972953952653
679	-460.6057890374545	993.517176081719	331.17239202723965	460.6057890374545	80.69559800680992	-670.7347840544793	-379.91019103064457	331.17239202723965	-80.69559800680992	331.17239202723965	331.17239202723965	-331.17239202723965	-80.69559800680992	-80.69559800680992	80.69559800680992	670.7347840544793	331.17239202723965	80.69559800680992	80.69559800680992	-80.69559800680992	670.7347840544793	-331.17239202723965	670.7347840544793	-670.7347840544793	-322.78239202723967	80.69559800680992	80.69559800680992	-322.78239202723967	-80.69559800680992	8.39	80.69559800680992	331.17239202723965
680	-458.4530804951637	988.8203574439935	329.60678581466453	458.4530804951637	80.30419645366614	-667.603571629329	-378.1488840414976	329.60678581466453	-80.30419645366614	329.60678581466453	329.60678581466453	-329.60678581466453	-80.30419645366614	-80.30419645366614	80.30419645366614	667.603571629329	329.60678581466453	80.30419645366614	80.30419645366614	-80.30419645366614	667.603571629329	-329.60678581466453	667.603571629329	-667.603571629329	-321.2167858146646	80.30419645366614	80.30419645366614	-321.2167858146645	-80.30419645366614	8.39	80.30419645366614	329.60678581466453
681	-440.0967103552613	948.7700953205701	316.25669844019006	440.0967103552613	76.96667461004752	-640.9033968803801	-363.1300357452138	316.25669844019006	-76.96667461004752	316.25669844019006	316.25669844019006	-316.25669844019006	-76.96667461004752	-76.96667461004752	76.96667461004752	640.9033968803801	316.25669844019006	76.96667461004752	76.96667461004752	-76.96667461004752	640.9033968803801	-316.25669844019006	640.9033968803801	-640.9033968803801	-307.8666984401901	76.96667461004752	76.96667461004752	-307.86669844019	-76.96667461004752	8.39	76.96667461004752	316.25669844019006
682	-439.01820337557365	946.4169891830699	315.47232972768995	439.01820337557365	76.77058243192249	-639.3346594553799	-362.24762094365116	315.47232972768995	-76.77058243192249	315.47232972768995	315.47232972768995	-315.47232972768995	-76.77058243192249	-76.77058243192249	76.77058243192249	639.3346594553799	315.47232972768995	76.77058243192249	76.77058243192249	-76.77058243192249	639.3346594553799	-315.47232972768995	639.3346594553799	-639.3346594553799	-307.08232972769	76.77058243192249	76.77058243192249	-307.08232972768997	-76.77058243192249	8.39	76.77058243192249	315.47232972768995
683	-428.1854628950953	922.7819190438444	307.5939730146148	428.1854628950953	74.80099325365369	-623.5779460292296	-353.3844696414416	307.5939730146148	-74.80099325365369	307.5939730146148	307.5939730146148	-307.5939730146148	-74.80099325365369	-74.80099325365369	74.80099325365369	623.5779460292296	307.5939730146148	74.80099325365369	74.80099325365369	-74.80099325365369	623.5779460292296	-307.5939730146148	623.5779460292296	-623.5779460292296	-299.20397301461475	74.80099325365369	74.80099325365369	-299.2039730146148	-74.80099325365369	8.39	74.80099325365369	307.5939730146148
684	-426.57308634962783	919.2640065810062	306.4213355270021	426.57308634962783	74.50783388175053	-621.2326710540042	-352.0652524678773	306.4213355270021	-74.50783388175053	306.4213355270021	306.4213355270021	-306.4213355270021	-74.50783388175053	-74.50783388175053	74.50783388175053	621.2326710540042	306.4213355270021	74.50783388175053	74.50783388175053	-74.50783388175053	621.2326710540042	-306.4213355270021	621.2326710540042	-621.2326710540042	-298.0313355270022	74.50783388175053	74.50783388175053	-298.03133552700206	-74.50783388175053	8.39	74.50783388175053	306.4213355270021
685	-424.42897145421233	914.5859377182815	304.86197923942717	424.42897145421233	74.1179948098568	-618.1139584788543	-350.31097664435555	304.86197923942717	-74.1179948098568	304.86197923942717	304.86197923942717	-304.86197923942717	-74.1179948098568	-74.1179948098568	74.1179948098568	618.1139584788543	304.86197923942717	74.1179948098568	74.1179948098568	-74.1179948098568	618.1139584788543	-304.86197923942717	618.1139584788543	-618.1139584788543	-296.4719792394273	74.1179948098568	74.1179948098568	-296.4719792394271	-74.1179948098568	8.39	74.1179948098568	304.86197923942717
686	-406.14588023702436	874.6955568807805	291.56518562692685	406.14588023702436	70.79379640673172	-591.5203712538537	-335.35208383029266	291.56518562692685	-70.79379640673172	291.56518562692685	291.56518562692685	-291.56518562692685	-70.79379640673172	-70.79379640673172	70.79379640673172	591.5203712538537	291.56518562692685	70.79379640673172	70.79379640673172	-70.79379640673172	591.5203712538537	-291.56518562692685	591.5203712538537	-591.5203712538537	-283.175185626927	70.79379640673172	70.79379640673172	-283.1751856269268	-70.79379640673172	8.39	70.79379640673172	291.56518562692685
687	-405.0716786744211	872.3518443805551	290.7839481268517	405.0716786744211	70.59848703171293	-589.9578962537034	-334.4731916427082	290.7839481268517	-70.59848703171293	290.7839481268517	290.7839481268517	-290.7839481268517	-70.59848703171293	-70.59848703171293	70.59848703171293	589.9578962537034	290.7839481268517	70.59848703171293	70.59848703171293	-70.59848703171293	589.9578962537034	-290.7839481268517	589.9578962537034	-589.9578962537034	-282.39394812685174	70.59848703171293	70.59848703171293	-282.3939481268517	-70.59848703171293	8.39	70.59848703171293	290.7839481268517
688	-395.3563842295216	851.1548383189563	283.7182794396521	395.3563842295216	68.83206985991303	-575.8265588793042	-326.5243143696086	283.7182794396521	-68.83206985991303	283.7182794396521	283.7182794396521	-283.7182794396521	-68.83206985991303	-68.83206985991303	68.83206985991303	575.8265588793042	283.7182794396521	68.83206985991303	68.83206985991303	-68.83206985991303	575.8265588793042	-283.7182794396521	575.8265588793042	-575.8265588793042	-275.32827943965225	68.83206985991303	68.83206985991303	-275.3282794396521	-68.83206985991303	8.39	68.83206985991303	283.7182794396521
689	-392.1294741246278	844.1143071810061	281.37143572700205	392.1294741246278	68.24535893175052	-571.1328714540041	-323.8841151928773	281.37143572700205	-68.24535893175052	281.37143572700205	281.37143572700205	-281.37143572700205	-68.24535893175052	-68.24535893175052	68.24535893175052	571.1328714540041	281.37143572700205	68.24535893175052	68.24535893175052	-68.24535893175052	571.1328714540041	-281.37143572700205	571.1328714540041	-571.1328714540041	-272.98143572700224	68.24535893175052	68.24535893175052	-272.981435727002	-68.24535893175052	8.39	68.24535893175052	281.37143572700205
690	-389.9853592292125	839.4362383182819	279.8120794394273	389.9853592292125	67.85551985985681	-568.0141588788546	-322.1298393693557	279.8120794394273	-67.85551985985681	279.8120794394273	279.8120794394273	-279.8120794394273	-67.85551985985681	-67.85551985985681	67.85551985985681	568.0141588788546	279.8120794394273	67.85551985985681	67.85551985985681	-67.85551985985681	568.0141588788546	-279.8120794394273	568.0141588788546	-568.0141588788546	-271.42207943942725	67.85551985985681	67.85551985985681	-271.4220794394273	-67.85551985985681	8.39	67.85551985985681	279.8120794394273
691	-385.70568877928145	830.0987755184323	276.6995918394774	385.70568877928145	67.07739795986934	-561.7891836789548	-318.6282908194121	276.6995918394774	-67.07739795986934	276.6995918394774	276.6995918394774	-276.6995918394774	-67.07739795986934	-67.07739795986934	67.07739795986934	561.7891836789548	276.6995918394774	67.07739795986934	67.07739795986934	-67.07739795986934	561.7891836789548	-276.6995918394774	561.7891836789548	-561.7891836789548	-268.30959183947743	67.07739795986934	67.07739795986934	-268.30959183947743	-67.07739795986934	8.39	67.07739795986934	276.6995918394774
692	-358.35290824214195	770.4199816192188	256.8066605397396	358.35290824214195	62.104165134934895	-522.0033210794792	-296.2487431072071	256.8066605397396	-62.104165134934895	256.8066605397396	256.8066605397396	-256.8066605397396	-62.104165134934895	-62.104165134934895	62.104165134934895	522.0033210794792	256.8066605397396	62.104165134934895	62.104165134934895	-62.104165134934895	522.0033210794792	-256.8066605397396	522.0033210794792	-522.0033210794792	-248.41666053973955	62.104165134934895	62.104165134934895	-248.4166605397396	-62.104165134934895	8.39	62.104165134934895	256.8066605397396
693	-350.286694299593	752.8209693809303	250.94032312697675	350.286694299593	60.637580781744184	-510.2706462539535	-289.64911351784883	250.94032312697675	-60.637580781744184	250.94032312697675	250.94032312697675	-250.94032312697675	-60.637580781744184	-60.637580781744184	60.637580781744184	510.2706462539535	250.94032312697675	60.637580781744184	60.637580781744184	-60.637580781744184	510.2706462539535	-250.94032312697675	510.2706462539535	-510.2706462539535	-242.55032312697665	60.637580781744184	60.637580781744184	-242.55032312697676	-60.637580781744184	8.39	60.637580781744184	250.94032312697675
694	-340.0870387621791	730.567175481118	243.52239182703934	340.0870387621791	58.78309795675984	-495.43478365407873	-281.30394080541924	243.52239182703934	-58.78309795675984	243.52239182703934	243.52239182703934	-243.52239182703934	-58.78309795675984	-58.78309795675984	58.78309795675984	495.43478365407873	243.52239182703934	58.78309795675984	58.78309795675984	-58.78309795675984	495.43478365407873	-243.52239182703934	495.43478365407873	-495.43478365407873	-235.13239182703938	58.78309795675984	58.78309795675984	-235.13239182703933	-58.78309795675984	8.39	58.78309795675984	243.52239182703937
695	-324.99212567009477	697.6328196438432	232.54427321461438	324.99212567009477	56.0385683036536	-473.4785464292288	-268.95355736644115	232.54427321461438	-56.0385683036536	232.54427321461438	232.54427321461438	-232.54427321461438	-56.0385683036536	-56.0385683036536	56.0385683036536	473.4785464292288	232.54427321461438	56.0385683036536	56.0385683036536	-56.0385683036536	473.4785464292288	-232.54427321461438	473.4785464292288	-473.4785464292288	-224.15427321461436	56.0385683036536	56.0385683036536	-224.15427321461436	-56.0385683036536	8.39	56.0385683036536	232.5442732146144
696	-321.23563422921205	689.4368383182808	229.81227943942693	321.23563422921205	55.355569859856736	-468.0145588788539	-265.8800643693553	229.81227943942693	-55.355569859856736	229.81227943942693	229.81227943942693	-229.81227943942693	-55.355569859856736	-55.355569859856736	55.355569859856736	468.0145588788539	229.81227943942693	55.355569859856736	55.355569859856736	-55.355569859856736	468.0145588788539	-229.81227943942693	468.0145588788539	-468.0145588788539	-221.42227943942692	55.355569859856736	55.355569859856736	-221.42227943942692	-55.355569859856736	8.39	55.355569859856736	229.81227943942696
697	-279.9481823748169	599.3551251814187	199.78504172713954	279.9481823748169	47.84876043178489	-407.96008345427913	-232.099421943032	199.78504172713954	-47.84876043178489	199.78504172713954	199.78504172713954	-199.78504172713954	-47.84876043178489	-47.84876043178489	47.84876043178489	407.96008345427913	199.78504172713954	47.84876043178489	47.84876043178489	-47.84876043178489	407.96008345427913	-199.78504172713954	407.96008345427913	-407.96008345427913	-191.39504172713956	47.84876043178489	47.84876043178489	-191.39504172713953	-47.84876043178489	8.39	47.84876043178489	199.78504172713957
698	-272.4158207418666	582.9208816186181	194.30696053953935	272.4158207418666	46.47924013488484	-397.00392107907874	-225.93658060698175	194.30696053953935	-46.47924013488484	194.30696053953935	194.30696053953935	-194.30696053953935	-46.47924013488484	-46.47924013488484	46.47924013488484	397.00392107907874	194.30696053953935	46.47924013488484	46.47924013488484	-46.47924013488484	397.00392107907874	-194.30696053953935	397.00392107907874	-397.00392107907874	-185.9169605395394	46.47924013488484	46.47924013488484	-185.91696053953933	-46.47924013488484	8.39	46.47924013488484	194.30696053953938
699	-259.4736161920731	554.6833444190686	184.89444813968953	259.4736161920731	44.12611203492238	-378.17889627937905	-215.34750415715072	184.89444813968953	-44.12611203492238	184.89444813968953	184.89444813968953	-184.89444813968953	-44.12611203492238	-44.12611203492238	44.12611203492238	378.17889627937905	184.89444813968953	44.12611203492238	44.12611203492238	-44.12611203492238	378.17889627937905	-184.89444813968953	378.17889627937905	-378.17889627937905	-176.50444813968952	44.12611203492238	44.12611203492238	-176.50444813968954	-44.12611203492238	8.39	44.12611203492238	184.89444813968953
700	-222.07323844509466	473.08252024384285	157.69417341461428	222.07323844509466	37.32604335365357	-323.77834682922855	-184.74719509144109	157.69417341461428	-37.32604335365357	157.69417341461428	157.69417341461428	-157.69417341461428	-37.32604335365357	-37.32604335365357	37.32604335365357	323.77834682922855	157.69417341461428	37.32604335365357	37.32604335365357	-37.32604335365357	323.77834682922855	-157.69417341461428	323.77834682922855	-323.77834682922855	-149.30417341461418	37.32604335365357	37.32604335365357	-149.3041734146143	-37.32604335365357	8.39	37.32604335365357	157.69417341461428
701	-202.79315153772876	431.01687608231725	143.67229202743908	202.79315153772876	33.82057300685977	-295.73458405487816	-168.972578530869	143.67229202743908	-33.82057300685977	143.67229202743908	143.67229202743908	-143.67229202743908	-33.82057300685977	-33.82057300685977	33.82057300685977	295.73458405487816	143.67229202743908	33.82057300685977	33.82057300685977	-33.82057300685977	295.73458405487816	-143.67229202743908	295.73458405487816	-295.73458405487816	-135.2822920274391	33.82057300685977	33.82057300685977	-135.2822920274391	-33.82057300685977	8.39	33.82057300685977	143.67229202743908
702	-199.0280664499707	422.8021449817543	140.93404832725142	199.0280664499707	33.13601208181286	-290.2580966545029	-165.89205436815786	140.93404832725142	-33.13601208181286	140.93404832725142	140.93404832725142	-140.93404832725142	-33.13601208181286	-33.13601208181286	33.13601208181286	290.2580966545029	140.93404832725142	33.13601208181286	33.13601208181286	-33.13601208181286	290.2580966545029	-140.93404832725142	290.2580966545029	-290.2580966545029	-132.54404832725146	33.13601208181286	33.13601208181286	-132.5440483272514	-33.13601208181286	8.39	33.13601208181286	140.93404832725145
703	-290.68601289509473	622.783119043843	207.59437301461435	290.68601289509473	49.80109325365358	-423.5787460292287	-240.88491964144114	207.59437301461435	-49.80109325365358	207.59437301461435	207.59437301461435	-207.59437301461435	-49.80109325365358	-49.80109325365358	49.80109325365358	423.5787460292287	207.59437301461435	49.80109325365358	49.80109325365358	-49.80109325365358	423.5787460292287	-207.59437301461435	423.5787460292287	-423.5787460292287	-199.20437301461436	49.80109325365358	49.80109325365358	-199.20437301461436	-49.80109325365358	8.39	49.80109325365358	207.59437301461435
704	-376.6231003953701	810.2822190444439	270.0940730148146	376.6231003953701	65.42601825370365	-548.5781460296292	-311.19708214166644	270.0940730148146	-65.42601825370365	270.0940730148146	270.0940730148146	-270.0940730148146	-65.42601825370365	-65.42601825370365	65.42601825370365	548.5781460296292	270.0940730148146	65.42601825370365	65.42601825370365	-65.42601825370365	548.5781460296292	-270.0940730148146	548.5781460296292	-548.5781460296292	-261.70407301481464	65.42601825370365	65.42601825370365	-261.70407301481464	-65.42601825370365	8.39	65.42601825370365	270.0940730148146
705	-448.7420914673486	967.6327450196696	322.54424833988986	448.7420914673486	78.53856208497247	-653.4784966797797	-370.2035293823762	322.54424833988986	-78.53856208497247	322.54424833988986	322.54424833988986	-322.54424833988986	-78.53856208497247	-78.53856208497247	78.53856208497247	653.4784966797797	322.54424833988986	78.53856208497247	78.53856208497247	-78.53856208497247	653.4784966797797	-322.54424833988986	653.4784966797797	-653.4784966797797	-314.1542483398899	78.53856208497247	78.53856208497247	-314.15424833988993	-78.53856208497247	8.39	78.53856208497247	322.54424833988986
706	-409.9152707418665	882.9196816186178	294.30656053953925	409.9152707418665	71.47914013488482	-597.0031210790785	-338.43613060698164	294.30656053953925	-71.47914013488482	294.30656053953925	294.30656053953925	-294.30656053953925	-71.47914013488482	-71.47914013488482	71.47914013488482	597.0031210790785	294.30656053953925	71.47914013488482	71.47914013488482	-71.47914013488482	597.0031210790785	-294.30656053953925	597.0031210790785	-597.0031210790785	-285.91656053953926	71.47914013488482	71.47914013488482	-285.9165605395393	-71.47914013488482	8.39	71.47914013488482	294.30656053953925
707	-396.97306619207325	854.6821444190689	284.89404813968963	396.97306619207325	69.12601203492241	-578.1780962793792	-327.8470541571508	284.89404813968963	-69.12601203492241	284.89404813968963	284.89404813968963	-284.89404813968963	-69.12601203492241	-69.12601203492241	69.12601203492241	578.1780962793792	284.89404813968963	69.12601203492241	69.12601203492241	-69.12601203492241	578.1780962793792	-284.89404813968963	578.1780962793792	-578.1780962793792	-276.5040481396897	69.12601203492241	69.12601203492241	-276.50404813968964	-69.12601203492241	8.39	69.12601203492241	284.89404813968963
708	-375.01072384990255	806.7643065816055	268.9214355272018	375.01072384990255	65.13285888180046	-546.2328710544036	-309.87786496810213	268.9214355272018	-65.13285888180046	268.9214355272018	268.9214355272018	-268.9214355272018	-65.13285888180046	-65.13285888180046	65.13285888180046	546.2328710544036	268.9214355272018	65.13285888180046	65.13285888180046	-65.13285888180046	546.2328710544036	-268.9214355272018	546.2328710544036	-546.2328710544036	-260.53143552720195	65.13285888180046	65.13285888180046	-260.5314355272019	-65.13285888180046	8.39	65.13285888180046	268.9214355272018
709	-372.86660895448745	802.0862377188818	267.36207923962723	372.86660895448745	64.74301980990681	-543.1141584792545	-308.12358914458065	267.36207923962723	-64.74301980990681	267.36207923962723	267.36207923962723	-267.36207923962723	-64.74301980990681	-64.74301980990681	64.74301980990681	543.1141584792545	267.36207923962723	64.74301980990681	64.74301980990681	-64.74301980990681	543.1141584792545	-267.36207923962723	543.1141584792545	-543.1141584792545	-258.97207923962725	64.74301980990681	64.74301980990681	-258.9720792396273	-64.74301980990681	8.39	64.74301980990681	267.36207923962723
710	-336.321953674421	722.3524443805551	240.7841481268517	336.321953674421	58.09853703171292	-489.95829625370345	-278.2234166427081	240.7841481268517	-58.09853703171292	240.7841481268517	240.7841481268517	-240.7841481268517	-58.09853703171292	-58.09853703171292	58.09853703171292	489.95829625370345	240.7841481268517	58.09853703171292	58.09853703171292	-58.09853703171292	489.95829625370345	-240.7841481268517	489.95829625370345	-489.95829625370345	-232.39414812685172	58.09853703171292	58.09853703171292	-232.39414812685163	-58.09853703171292	8.39	58.09853703171292	240.78414812685173
711	-323.3797491246278	694.1149071810062	231.37163572700206	323.3797491246278	55.74540893175052	-471.1332714540041	-267.63434019287723	231.37163572700206	-55.74540893175052	231.37163572700206	231.37163572700206	-231.37163572700206	-55.74540893175052	-55.74540893175052	55.74540893175052	471.1332714540041	231.37163572700206	55.74540893175052	55.74540893175052	-55.74540893175052	471.1332714540041	-231.37163572700206	471.1332714540041	-471.1332714540041	-222.98163572700204	55.74540893175052	55.74540893175052	-222.98163572700207	-55.74540893175052	8.39	55.74540893175052	231.37163572700206
712	-305.7120387627291	655.5671754823181	218.52239182743938	305.7120387627291	52.53309795685985	-445.43478365487874	-253.17894080586925	218.52239182743938	-52.53309795685985	218.52239182743938	218.52239182743938	-218.52239182743938	-52.53309795685985	-52.53309795685985	52.53309795685985	445.43478365487874	218.52239182743938	52.53309795685985	52.53309795685985	-52.53309795685985	445.43478365487874	-218.52239182743938	445.43478365487874	-445.43478365487874	-210.13239182743936	52.53309795685985	52.53309795685985	-210.1323918274394	-52.53309795685985	8.39	52.53309795685985	218.52239182743938
713	-299.26250678273203	641.4954693441426	213.8318231147142	299.26250678273203	51.360455778678556	-436.0536462294284	-247.90205100405348	213.8318231147142	-51.360455778678556	213.8318231147142	213.8318231147142	-213.8318231147142	-51.360455778678556	-51.360455778678556	51.360455778678556	436.0536462294284	213.8318231147142	51.360455778678556	51.360455778678556	-51.360455778678556	436.0536462294284	-213.8318231147142	436.0536462294284	-436.0536462294284	-205.44182311471423	51.360455778678556	51.360455778678556	-205.44182311471423	-51.360455778678556	8.39	51.360455778678556	213.8318231147142
714	-297.6501302372648	637.9775568813051	212.6591856271017	297.6501302372648	51.06729640677543	-433.70837125420337	-246.5828338304894	212.6591856271017	-51.06729640677543	212.6591856271017	212.6591856271017	-212.6591856271017	-51.06729640677543	-51.06729640677543	51.06729640677543	433.70837125420337	212.6591856271017	51.06729640677543	51.06729640677543	-51.06729640677543	433.70837125420337	-212.6591856271017	433.70837125420337	-433.70837125420337	-204.26918562710168	51.06729640677543	51.06729640677543	-204.2691856271017	-51.06729640677543	8.39	51.06729640677543	212.6591856271017
715	-290.1478379122306	621.6089190812305	207.20297302707684	290.1478379122306	49.70324325676921	-422.79594605415366	-240.44459465546143	207.20297302707684	-49.70324325676921	207.20297302707684	207.20297302707684	-207.20297302707684	-49.70324325676921	-49.70324325676921	49.70324325676921	422.79594605415366	207.20297302707684	49.70324325676921	49.70324325676921	-49.70324325676921	422.79594605415366	-207.20297302707684	422.79594605415366	-422.79594605415366	-198.81297302707685	49.70324325676921	49.70324325676921	-198.81297302707685	-49.70324325676921	8.39	49.70324325676921	207.20297302707684
716	-289.07363634962735	619.2652065810051	206.42173552700172	289.07363634962735	49.50793388175043	-421.2334710540034	-239.56570246787692	206.42173552700172	-49.50793388175043	206.42173552700172	206.42173552700172	-206.42173552700172	-49.50793388175043	-49.50793388175043	49.50793388175043	421.2334710540034	206.42173552700172	49.50793388175043	49.50793388175043	-49.50793388175043	421.2334710540034	-206.42173552700172	421.2334710540034	-421.2334710540034	-198.03173552700173	49.50793388175043	49.50793388175043	-198.03173552700173	-49.50793388175043	8.39	49.50793388175043	206.42173552700172
717	-279.4100073919527	598.180925218806	199.393641739602	279.4100073919527	47.750910434900504	-407.177283479204	-231.65909695705224	199.393641739602	-47.750910434900504	199.393641739602	199.393641739602	-199.393641739602	-47.750910434900504	-47.750910434900504	47.750910434900504	407.177283479204	199.393641739602	47.750910434900504	47.750910434900504	-47.750910434900504	407.177283479204	-199.393641739602	407.177283479204	-407.177283479204	-191.003641739602	47.750910434900504	47.750910434900504	-191.00364173960202	-47.750910434900504	8.39	47.750910434900504	199.393641739602
718	-277.25729884966177	593.4841065810803	197.82803552702674	277.25729884966177	47.35950888175668	-404.0460710540535	-229.89778996790508	197.82803552702674	-47.35950888175668	197.82803552702674	197.82803552702674	-197.82803552702674	-47.35950888175668	-47.35950888175668	47.35950888175668	404.0460710540535	197.82803552702674	47.35950888175668	47.35950888175668	-47.35950888175668	404.0460710540535	-197.82803552702674	404.0460710540535	-404.0460710540535	-189.43803552702676	47.35950888175668	47.35950888175668	-189.43803552702673	-47.35950888175668	8.39	47.35950888175668	197.82803552702677
719	-268.6464302370239	574.6967568807794	191.56558562692646	268.6464302370239	45.79389640673162	-391.5211712538529	-222.85253383029226	191.56558562692646	-45.79389640673162	191.56558562692646	191.56558562692646	-191.56558562692646	-45.79389640673162	-45.79389640673162	45.79389640673162	391.5211712538529	191.56558562692646	45.79389640673162	45.79389640673162	-45.79389640673162	391.5211712538529	-191.56558562692646	391.5211712538529	-391.5211712538529	-183.17558562692645	45.79389640673162	45.79389640673162	-183.17558562692648	-45.79389640673162	8.39	45.79389640673162	191.56558562692646
720	-239.1919887198197	510.432520843243	170.14417361441434	239.1919887198197	40.43854340360359	-348.67834722882867	-198.75344531621613	170.14417361441434	-40.43854340360359	170.14417361441434	170.14417361441434	-170.14417361441434	-40.43854340360359	-40.43854340360359	40.43854340360359	348.67834722882867	170.14417361441434	40.43854340360359	40.43854340360359	-40.43854340360359	348.67834722882867	-170.14417361441434	348.67834722882867	-348.67834722882867	-161.75417361441453	40.43854340360359	40.43854340360359	-161.75417361441436	-40.43854340360359	8.39	40.43854340360359	170.1441736144143
721	-269.1846052198881	575.8709568433923	191.9569856144641	269.1846052198881	45.891746403616025	-392.30397122892816	-223.2928588162721	191.9569856144641	-45.891746403616025	191.9569856144641	191.9569856144641	-191.9569856144641	-45.891746403616025	-45.891746403616025	45.891746403616025	392.30397122892816	191.9569856144641	45.891746403616025	45.891746403616025	-45.891746403616025	392.30397122892816	-191.9569856144641	392.30397122892816	-392.30397122892816	-183.5669856144641	45.891746403616025	45.891746403616025	-183.5669856144641	-45.891746403616025	8.39	45.891746403616025	191.95698561446406
722	-277.79547383252594	594.658306543693	198.21943551456434	277.79547383252594	47.45735887864109	-404.82887102912866	-230.33811495388485	198.21943551456434	-47.45735887864109	198.21943551456434	198.21943551456434	-198.21943551456434	-47.45735887864109	-47.45735887864109	47.45735887864109	404.82887102912866	198.21943551456434	47.45735887864109	47.45735887864109	-47.45735887864109	404.82887102912866	-198.21943551456434	404.82887102912866	-404.82887102912866	-189.82943551456432	47.45735887864109	47.45735887864109	-189.82943551456435	-47.45735887864109	8.39	47.45735887864109	198.2194355145643
723	-339.54886377931496	729.3929755185054	243.1309918395018	339.54886377931496	58.685247959875454	-494.6519836790036	-280.8636158194395	243.1309918395018	-58.685247959875454	243.1309918395018	243.1309918395018	-243.1309918395018	-58.685247959875454	-58.685247959875454	58.685247959875454	494.6519836790036	243.1309918395018	58.685247959875454	58.685247959875454	-58.685247959875454	494.6519836790036	-243.1309918395018	494.6519836790036	-494.6519836790036	-234.74099183950182	58.685247959875454	58.685247959875454	-234.74099183950182	-58.685247959875454	8.39	58.685247959875454	243.13099183950177
724	-350.82486928245726	753.9951693435431	251.33172311451438	350.82486928245726	60.7354307786286	-511.05344622902874	-290.08943850382866	251.33172311451438	-60.7354307786286	251.33172311451438	251.33172311451438	-251.33172311451438	-60.7354307786286	-60.7354307786286	60.7354307786286	511.05344622902874	251.33172311451438	60.7354307786286	60.7354307786286	-60.7354307786286	511.05344622902874	-251.33172311451438	511.05344622902874	-511.05344622902874	-242.9417231145144	60.7354307786286	60.7354307786286	-242.9417231145144	-60.7354307786286	8.39	60.7354307786286	251.33172311451435
725	-362.12018478733387	778.6394940814557	259.5464980271519	362.12018478733387	62.789124506787985	-527.4829960543038	-299.3310602805459	259.5464980271519	-62.789124506787985	259.5464980271519	259.5464980271519	-259.5464980271519	-62.789124506787985	-62.789124506787985	62.789124506787985	527.4829960543038	259.5464980271519	62.789124506787985	62.789124506787985	-62.789124506787985	527.4829960543038	-259.5464980271519	527.4829960543038	-527.4829960543038	-251.15649802715205	62.789124506787985	62.789124506787985	-251.15649802715188	-62.789124506787985	8.39	62.789124506787985	259.5464980271519
726	-363.7325613328013	782.1574065442937	260.71913551476456	363.7325613328013	63.08228387869114	-529.8282710295291	-300.65027745411015	260.71913551476456	-63.08228387869114	260.71913551476456	260.71913551476456	-260.71913551476456	-63.08228387869114	-63.08228387869114	63.08228387869114	529.8282710295291	260.71913551476456	63.08228387869114	63.08228387869114	-63.08228387869114	529.8282710295291	-260.71913551476456	529.8282710295291	-529.8282710295291	-252.3291355147644	63.08228387869114	63.08228387869114	-252.32913551476463	-63.08228387869114	8.39	63.08228387869114	260.71913551476456
727	-461.6842960171422	995.8702822192192	331.95676073973976	461.6842960171422	80.89169018493494	-672.3035214794795	-380.79260583220724	331.95676073973976	-80.89169018493494	331.95676073973976	331.95676073973976	-331.95676073973976	-80.89169018493494	-80.89169018493494	80.89169018493494	672.3035214794795	331.95676073973976	80.89169018493494	80.89169018493494	-80.89169018493494	672.3035214794795	-331.95676073973976	672.3035214794795	-672.3035214794795	-323.5667607397396	80.89169018493494	80.89169018493494	-323.5667607397397	-80.89169018493494	8.39	80.89169018493494	331.95676073973976
728	-457.91490551229947	987.6461574813807	329.2153858271269	457.91490551229947	80.20634645678173	-666.8207716542538	-377.70855905551775	329.2153858271269	-80.20634645678173	329.2153858271269	329.2153858271269	-329.2153858271269	-80.20634645678173	-80.20634645678173	80.20634645678173	666.8207716542538	329.2153858271269	80.20634645678173	80.20634645678173	-80.20634645678173	666.8207716542538	-329.2153858271269	666.8207716542538	-666.8207716542538	-320.82538582712687	80.20634645678173	80.20634645678173	-320.8253858271269	-80.20634645678173	8.39	80.20634645678173	329.2153858271269
729	-442.25804698790205	953.4857388826954	317.82857962756515	442.25804698790205	77.35964490689129	-644.0471592551303	-364.8984020810108	317.82857962756515	-77.35964490689129	317.82857962756515	317.82857962756515	-317.82857962756515	-77.35964490689129	-77.35964490689129	77.35964490689129	644.0471592551303	317.82857962756515	77.35964490689129	77.35964490689129	-77.35964490689129	644.0471592551303	-317.82857962756515	644.0471592551303	-644.0471592551303	-309.4385796275653	77.35964490689129	77.35964490689129	-309.43857962756516	-77.35964490689129	8.39	77.35964490689129	317.82857962756515
730	-393.74185067009523	847.6322196438441	282.5440732146147	393.74185067009523	68.53851830365367	-573.4781464292294	-325.20333236644154	282.5440732146147	-68.53851830365367	282.5440732146147	282.5440732146147	-282.5440732146147	-68.53851830365367	-68.53851830365367	68.53851830365367	573.4781464292294	282.5440732146147	68.53851830365367	68.53851830365367	-68.53851830365367	573.4781464292294	-282.5440732146147	573.4781464292294	-573.4781464292294	-274.1540732146145	68.53851830365367	68.53851830365367	-274.1540732146147	-68.53851830365367	8.39	68.53851830365367	282.5440732146147
731	-327.14483421238543	702.3296382815682	234.1098794271894	327.14483421238543	56.429969856797356	-476.6097588543788	-270.7148643555881	234.1098794271894	-56.429969856797356	234.1098794271894	234.1098794271894	-234.1098794271894	-56.429969856797356	-56.429969856797356	56.429969856797356	476.6097588543788	234.1098794271894	56.429969856797356	56.429969856797356	-56.429969856797356	476.6097588543788	-234.1098794271894	476.6097588543788	-476.6097588543788	-225.71987942718937	56.429969856797356	56.429969856797356	-225.7198794271894	-56.429969856797356	8.39	56.429969856797356	234.1098794271894
732	-305.1738637798649	654.3929755197053	218.13099183990175	305.1738637798649	52.43524795997544	-444.6519836798035	-252.73861581988947	218.13099183990175	-52.43524795997544	218.13099183990175	218.13099183990175	-218.13099183990175	-52.43524795997544	-52.43524795997544	52.43524795997544	444.6519836798035	218.13099183990175	52.43524795997544	52.43524795997544	-52.43524795997544	444.6519836798035	-218.13099183990175	444.6519836798035	-444.6519836798035	-209.74099183990168	52.43524795997544	52.43524795997544	-209.74099183990174	-52.43524795997544	8.39	52.43524795997544	218.13099183990175
733	-303.55933022043826	650.8703568445926	216.9567856148642	303.55933022043826	52.141696403716054	-442.3035712297284	-251.4176338167222	216.9567856148642	-52.14169640371605	216.9567856148642	216.9567856148642	-216.9567856148642	-52.14169640371605	-52.141696403716054	52.14169640371605	442.3035712297284	216.9567856148642	52.141696403716054	52.141696403716054	-52.141696403716054	442.3035712297284	-216.9567856148642	442.3035712297284	-442.3035712297284	-208.56678561486424	52.141696403716054	52.14169640371605	-208.5667856148642	-52.141696403716054	8.39	52.14169640371605	216.9567856148642
734	-301.94695367497104	647.352444381755	215.78414812725168	301.94695367497104	51.848537031812924	-439.95829625450335	-250.09841664315812	215.78414812725168	-51.848537031812924	215.78414812725168	215.78414812725168	-215.78414812725168	-51.848537031812924	-51.848537031812924	51.848537031812924	439.95829625450335	215.78414812725168	51.848537031812924	51.848537031812924	-51.848537031812924	439.95829625450335	-215.78414812725168	439.95829625450335	-439.95829625450335	-207.39414812725173	51.848537031812924	51.848537031812924	-207.39414812725167	-51.848537031812924	8.39	51.848537031812924	215.78414812725168
735	-447.12540950479666	964.1054389195564	321.3684796398521	447.12540950479666	78.24461990996303	-651.1269592797042	-368.88078959483363	321.3684796398521	-78.24461990996303	321.3684796398521	321.3684796398521	-321.3684796398521	-78.24461990996303	-78.24461990996303	78.24461990996303	651.1269592797042	321.3684796398521	78.24461990996303	78.24461990996303	-78.24461990996303	651.1269592797042	-321.3684796398521	651.1269592797042	-651.1269592797042	-312.9784796398521	78.24461990996303	78.24461990996303	-312.97847963985214	-78.24461990996303	8.39	78.24461990996303	321.3684796398521
736	-393.20367568723105	846.4580196812315	282.1526732270772	393.20367568723105	68.4406683067693	-572.6953464541543	-324.7630073804618	282.1526732270772	-68.4406683067693	282.1526732270772	282.1526732270772	-282.1526732270772	-68.4406683067693	-68.44066830676928	68.4406683067693	572.6953464541543	282.1526732270772	68.4406683067693	68.4406683067693	-68.4406683067693	572.6953464541543	-282.1526732270772	572.6953464541543	-572.6953464541543	-273.7626732270772	68.44066830676928	68.4406683067693	-273.76267322707713	-68.4406683067693	8.39	68.4406683067693	282.1526732270772
737	-418.5272157044706	901.709379718845	300.56979323961497	418.5272157044706	73.04494830990375	-609.5295864792299	-345.48226739456686	300.56979323961497	-73.04494830990375	300.56979323961497	300.56979323961497	-300.56979323961497	-73.04494830990375	-73.04494830990375	73.04494830990375	609.5295864792299	300.56979323961497	73.04494830990375	73.04494830990375	-73.04494830990375	609.5295864792299	-300.56979323961497	609.5295864792299	-609.5295864792299	-292.17979323961487	73.04494830990375	73.04494830990375	-292.17979323961504	-73.04494830990375	8.39	73.04494830990375	300.56979323961497
738	-357.2754776124198	768.0692238816432	256.0230746272144	357.2754776124198	61.90826865680359	-520.4361492544288	-295.3672089556162	256.0230746272144	-61.90826865680359	256.0230746272144	256.0230746272144	-256.0230746272144	-61.90826865680359	-61.908268656803614	61.90826865680359	520.4361492544288	256.0230746272144	61.90826865680359	61.90826865680359	-61.90826865680359	520.4361492544288	-256.0230746272144	520.4361492544288	-520.4361492544288	-247.63307462721428	61.908268656803614	61.90826865680359	-247.63307462721446	-61.90826865680359	8.39	61.90826865680359	256.0230746272144
739	-286.39457122443883	613.4199735805938	204.47332452686462	286.39457122443883	49.02083113171616	-417.3366490537293	-237.37374009272267	204.47332452686462	-49.02083113171616	204.47332452686462	204.47332452686462	-204.47332452686462	-49.02083113171616	-49.020831131716164	49.02083113171616	417.3366490537293	204.47332452686462	49.02083113171616	49.02083113171616	-49.02083113171616	417.3366490537293	-204.47332452686462	417.3366490537293	-417.3366490537293	-196.08332452686452	49.020831131716164	49.02083113171616	-196.08332452686454	-49.02083113171616	8.39	49.02083113171616	204.47332452686464
740	-258.39618556235115	552.3325866814934	184.11086222716446	258.39618556235115	43.93021555679112	-376.61172445432896	-214.46597000556002	184.11086222716446	-43.93021555679112	184.11086222716446	184.11086222716446	-184.11086222716446	-43.93021555679112	-43.930215556791126	43.93021555679112	376.61172445432896	184.11086222716446	43.93021555679112	43.93021555679112	-43.93021555679112	376.61172445432896	-184.11086222716446	376.61172445432896	-376.61172445432896	-175.72086222716436	43.930215556791126	43.93021555679112	-175.7208622271644	-43.93021555679112	8.39	43.93021555679112	184.1108622271645
741	-256.24778243714496	547.6451616810436	182.54838722701456	256.24778243714496	43.53959680675363	-373.48677445402916	-212.70818563039134	182.54838722701456	-43.53959680675363	182.54838722701456	182.54838722701456	-182.54838722701456	-43.53959680675363	-43.53959680675362	43.53959680675363	373.48677445402916	182.54838722701456	43.53959680675363	43.53959680675363	-43.53959680675363	373.48677445402916	-182.54838722701456	373.48677445402916	-373.48677445402916	-174.15838722701457	43.53959680675362	43.53959680675363	-174.1583872270145	-43.53959680675363	8.39	43.53959680675363	182.5483872270146
742	-217.7817967744385	463.71937478059317	154.57312492686438	217.7817967744385	36.54578123171609	-317.5362498537288	-181.2360155427224	154.57312492686438	-36.54578123171609	154.57312492686438	154.57312492686438	-154.57312492686438	-36.54578123171609	-36.54578123171609	36.54578123171609	317.5362498537288	154.57312492686438	36.54578123171609	36.54578123171609	-36.54578123171609	317.5362498537288	-154.57312492686438	317.5362498537288	-317.5362498537288	-146.1831249268644	36.54578123171609	36.54578123171609	-146.18312492686437	-36.54578123171609	8.39	36.54578123171609	154.5731249268644
743	-324.45395068723053	696.4586196812303	232.15287322707675	324.45395068723053	55.94071830676919	-472.69574645415355	-268.5132323804613	232.15287322707675	-55.94071830676919	232.15287322707675	232.15287322707675	-232.15287322707675	-55.94071830676919	-55.94071830676919	55.94071830676919	472.69574645415355	232.15287322707675	55.94071830676919	55.94071830676919	-55.94071830676919	472.69574645415355	-232.15287322707675	472.69574645415355	-472.69574645415355	-223.76287322707674	55.94071830676919	55.94071830676919	-223.76287322707674	-55.94071830676919	8.39	55.94071830676919	232.15287322707678
744	-231.1558268290059	492.899076717831	164.299692239277	231.1558268290059	38.97742305981925	-336.98938447855403	-192.17840376918664	164.299692239277	-38.97742305981925	164.299692239277	164.299692239277	-164.299692239277	-38.97742305981925	-38.97742305981925	38.97742305981925	336.98938447855403	164.299692239277	38.97742305981925	38.97742305981925	-38.97742305981925	336.98938447855403	-164.299692239277	336.98938447855403	-336.98938447855403	-155.909692239277	38.97742305981925	38.97742305981925	-155.90969223927698	-38.97742305981925	8.39	38.97742305981925	164.29969223927702
745	-337.9343302198882	725.8703568433924	241.95678561446414	337.9343302198882	58.39169640361603	-492.30357122892826	-279.54263381627214	241.95678561446414	-58.39169640361603	241.95678561446414	241.95678561446414	-241.95678561446414	-58.39169640361603	-58.39169640361603	58.39169640361603	492.30357122892826	241.95678561446414	58.39169640361603	58.39169640361603	-58.39169640361603	492.30357122892826	-241.95678561446414	492.30357122892826	-492.30357122892826	-233.56678561446404	58.39169640361603	58.39169640361603	-233.56678561446415	-58.39169640361603	8.39	58.39169640361603	241.95678561446414
746	-281.0266893545045	601.708231318919	200.56941043963968	281.0266893545045	48.044852609909924	-409.52882087927935	-232.98183674459463	200.56941043963968	-48.044852609909924	200.56941043963968	200.56941043963968	-200.56941043963968	-48.044852609909924	-48.044852609909924	48.044852609909924	409.52882087927935	200.56941043963968	48.044852609909924	48.044852609909924	-48.044852609909924	409.52882087927935	-200.56941043963968	409.52882087927935	-409.52882087927935	-192.17941043963967	48.044852609909924	48.044852609909924	-192.1794104396397	-48.044852609909924	8.39	48.044852609909924	200.56941043963968
747	-276.18309728705856	591.1403940808551	197.0467980269517	276.18309728705856	47.16419950673793	-402.4835960539034	-229.01889778032066	197.0467980269517	-47.16419950673793	197.0467980269517	197.0467980269517	-197.0467980269517	-47.16419950673793	-47.16419950673793	47.16419950673793	402.4835960539034	197.0467980269517	47.16419950673793	47.16419950673793	-47.16419950673793	402.4835960539034	-197.0467980269517	402.4835960539034	-402.4835960539034	-188.6567980269517	47.16419950673793	47.16419950673793	-188.65679802695172	-47.16419950673793	8.39	47.16419950673793	197.0467980269517
748	-237.57961217435238	506.91460838040524	168.97153612680174	237.57961217435238	40.14538403170043	-346.3330722536035	-197.43422814265193	168.97153612680174	-40.14538403170043	168.97153612680174	168.97153612680174	-168.97153612680174	-40.14538403170043	-40.14538403170043	40.14538403170043	346.3330722536035	168.97153612680174	40.14538403170043	40.14538403170043	-40.14538403170043	346.3330722536035	-168.97153612680174	346.3330722536035	-346.3330722536035	-160.58153612680175	40.14538403170043	40.14538403170043	-160.58153612680172	-40.14538403170043	8.39	40.14538403170043	168.97153612680177
749	-220.46086189962733	469.56460778100507	156.52153592700168	220.46086189962733	37.032883981750416	-321.4330718540034	-183.42797791787692	156.52153592700168	-37.032883981750416	156.52153592700168	156.52153592700168	-156.52153592700168	-37.032883981750416	-37.032883981750416	37.032883981750416	321.4330718540034	156.52153592700168	37.032883981750416	37.032883981750416	-37.032883981750416	321.4330718540034	-156.52153592700168	321.4330718540034	-321.4330718540034	-148.1315359270017	37.032883981750416	37.032883981750416	-148.13153592700166	-37.032883981750416	8.39	37.032883981750416	156.5215359270017
750	-298.7243317998678	640.3212693815298	213.4404231271766	298.7243317998678	51.26260578179414	-435.27084625435316	-247.46172601807365	213.4404231271766	-51.26260578179414	213.4404231271766	213.4404231271766	-213.4404231271766	-51.26260578179414	-51.26260578179414	51.26260578179414	435.27084625435316	213.4404231271766	51.26260578179414	51.26260578179414	-51.26260578179414	435.27084625435316	-213.4404231271766	435.27084625435316	-435.27084625435316	-205.05042312717654	51.26260578179414	51.26260578179414	-205.0504231271766	-51.26260578179414	8.39	51.26260578179414	213.4404231271766
751	-408.29858877931525	879.392375518506	293.130791839502	408.29858877931525	71.18519795987551	-594.651583679004	-337.11339081943976	293.130791839502	-71.18519795987551	293.130791839502	293.130791839502	-293.130791839502	-71.18519795987551	-71.18519795987551	71.18519795987551	594.651583679004	293.130791839502	71.18519795987551	71.18519795987551	-71.18519795987551	594.651583679004	-293.130791839502	594.651583679004	-594.651583679004	-284.740791839502	71.18519795987551	71.18519795987551	-284.740791839502	-71.18519795987551	8.39	71.18519795987551	293.130791839502
752	-221.5350634622304	471.90832028123	157.30277342707666	221.5350634622304	37.22819335676917	-322.9955468541533	-184.30687010546123	157.30277342707666	-37.22819335676917	157.30277342707666	157.30277342707666	-157.30277342707666	-37.22819335676917	-37.22819335676917	37.22819335676917	322.9955468541533	157.30277342707666	37.22819335676917	37.22819335676917	-37.22819335676917	322.9955468541533	-157.30277342707666	322.9955468541533	-322.9955468541533	-148.91277342707664	37.22819335676917	37.22819335676917	-148.91277342707667	-37.22819335676917	8.39	37.22819335676917	157.30277342707666
753	-202.25497655486456	429.8426761197044	143.28089203990146	202.25497655486456	33.72272300997537	-294.9517840798029	-168.5322535448892	143.28089203990146	-33.72272300997537	143.28089203990146	143.28089203990146	-143.28089203990146	-33.72272300997537	-33.72272300997537	33.72272300997537	294.9517840798029	143.28089203990146	33.72272300997537	33.72272300997537	-33.72272300997537	294.9517840798029	-143.28089203990146	294.9517840798029	-294.9517840798029	-134.8908920399014	33.72272300997537	33.72272300997537	-134.89089203990147	-33.72272300997537	8.39	33.72272300997537	143.28089203990146
754	-200.10226801257386	425.1458574819793	141.71528582732643	200.10226801257386	33.33132145683161	-291.8205716546529	-166.77094655574226	141.71528582732643	-33.33132145683161	141.71528582732643	141.71528582732643	-141.71528582732643	-33.33132145683161	-33.3313214568316	33.33132145683161	291.8205716546529	141.71528582732643	33.33132145683161	33.33132145683161	-33.33132145683161	291.8205716546529	-141.71528582732643	291.8205716546529	-291.8205716546529	-133.3252858273264	33.3313214568316	33.33132145683161	-133.3252858273264	-33.33132145683161	8.39	33.33132145683161	141.71528582732645
755	-195.80544457486747	415.770969981529	138.59032332717632	195.80544457486747	32.550080831794084	-285.5706466543527	-163.2553637430734	138.59032332717632	-32.550080831794084	138.59032332717632	138.59032332717632	-138.59032332717632	-32.550080831794084	-32.55008083179408	32.550080831794084	285.5706466543527	138.59032332717632	32.550080831794084	32.550080831794084	-32.550080831794084	285.5706466543527	-138.59032332717632	285.5706466543527	-285.5706466543527	-130.2003233271763	32.55008083179408	32.550080831794084	-130.2003233271763	-32.550080831794084	8.39	32.550080831794084	138.59032332717635
756	-415.29600018249215	894.6594549436193	298.21981831453974	415.29600018249215	72.45745457863494	-604.8296366290795	-342.8385456038572	298.21981831453974	-72.45745457863494	298.21981831453974	298.21981831453974	-298.21981831453974	-72.45745457863494	-72.45745457863494	72.45745457863494	604.8296366290795	298.21981831453974	72.45745457863494	72.45745457863494	-72.45745457863494	604.8296366290795	-298.21981831453974	604.8296366290795	-604.8296366290795	-289.82981831453986	72.45745457863494	72.45745457863494	-289.8298183145398	-72.45745457863494	8.39	72.45745457863494	298.21981831453974
757	-414.7578251996279	893.4852549810064	297.8284183270021	414.7578251996279	72.35960458175053	-604.0468366540042	-342.39822061787737	297.8284183270021	-72.35960458175053	297.8284183270021	297.8284183270021	-297.8284183270021	-72.35960458175053	-72.35960458175055	72.35960458175053	604.0468366540042	297.8284183270021	72.35960458175053	72.35960458175053	-72.35960458175053	604.0468366540042	-297.8284183270021	604.0468366540042	-604.0468366540042	-289.438418327002	72.35960458175055	72.35960458175053	-289.4384183270022	-72.35960458175053	8.39	72.35960458175053	297.8284183270021
758	-353.50931617469615	759.8521443811552	253.28404812705173	353.50931617469615	61.22351203176292	-514.9580962541035	-292.2858041429332	253.28404812705173	-61.22351203176292	253.28404812705173	253.28404812705173	-253.28404812705173	-61.22351203176292	-61.22351203176292	61.22351203176292	514.9580962541035	253.28404812705173	61.22351203176292	61.22351203176292	-61.22351203176292	514.9580962541035	-253.28404812705173	514.9580962541035	-514.9580962541035	-244.89404812705152	61.22351203176292	61.22351203176292	-244.89404812705175	-61.22351203176292	8.39	61.22351203176292	253.28404812705173
759	-303.02115523757413	649.69615688198	216.56538562732663	303.02115523757413	52.04384640683166	-441.52077125465325	-250.97730883074246	216.56538562732663	-52.04384640683166	216.56538562732663	216.56538562732663	-216.56538562732663	-52.04384640683166	-52.04384640683166	52.04384640683166	441.52077125465325	216.56538562732663	52.04384640683166	52.04384640683166	-52.04384640683166	441.52077125465325	-216.56538562732663	441.52077125465325	-441.52077125465325	-208.1753856273266	52.04384640683166	52.04384640683166	-208.1753856273267	-52.04384640683166	8.39	52.04384640683166	216.56538562732663
760	-238.6538137369555	509.25832088063015	169.75277362687672	238.6538137369555	40.34069340671918	-347.8955472537534	-198.3131203302363	169.75277362687672	-40.34069340671918	169.75277362687672	169.75277362687672	-169.75277362687672	-40.34069340671918	-40.34069340671918	40.34069340671918	347.8955472537534	169.75277362687672	40.34069340671918	40.34069340671918	-40.34069340671918	347.8955472537534	-169.75277362687672	347.8955472537534	-347.8955472537534	-161.36277362687667	40.34069340671918	40.34069340671918	-161.36277362687673	-40.34069340671918	8.39	40.34069340671918	169.75277362687672
761	-194.73124301226449	413.4272574813043	137.80908582710143	194.73124301226449	32.35477145677536	-284.0081716542029	-162.37647155548913	137.80908582710143	-32.35477145677536	137.80908582710143	137.80908582710143	-137.80908582710143	-32.35477145677536	-32.35477145677536	32.35477145677536	284.0081716542029	137.80908582710143	32.35477145677536	32.35477145677536	-32.35477145677536	284.0081716542029	-137.80908582710143	284.0081716542029	-284.0081716542029	-129.41908582710138	32.35477145677536	32.35477145677536	-129.4190858271014	-32.35477145677536	8.39	32.35477145677536	137.80908582710146
762	-406.68405521988836	875.8697568433929	291.9565856144643	406.68405521988836	70.89164640361608	-592.3031712289286	-335.7924088162723	291.9565856144643	-70.89164640361608	291.9565856144643	291.9565856144643	-291.9565856144643	-70.89164640361608	-70.89164640361608	70.89164640361608	592.3031712289286	291.9565856144643	70.89164640361608	70.89164640361608	-70.89164640361608	592.3031712289286	-291.9565856144643	592.3031712289286	-592.3031712289286	-283.56658561446426	70.89164640361608	70.89164640361608	-283.5665856144643	-70.89164640361608	8.39	70.89164640361608	291.9565856144643
763	-316.95596377928126	680.0993755184318	226.69979183947726	316.95596377928126	54.57744795986932	-461.7895836789545	-262.378515819412	226.69979183947726	-54.57744795986932	226.69979183947726	226.69979183947726	-226.69979183947726	-54.57744795986932	-54.57744795986932	54.57744795986932	461.7895836789545	226.69979183947726	54.57744795986932	54.57744795986932	-54.57744795986932	461.7895836789545	-226.69979183947726	461.7895836789545	-461.7895836789545	-218.30979183947727	54.57744795986932	54.57744795986932	-218.30979183947727	-54.57744795986932	8.39	54.57744795986932	226.69979183947726
764	-295.5060153418495	633.2994880185807	211.0998293395269	295.5060153418495	50.67745733488172	-430.58965867905385	-244.82855800696777	211.0998293395269	-50.67745733488172	211.0998293395269	211.0998293395269	-211.0998293395269	-50.67745733488172	-50.67745733488172	50.67745733488172	430.58965867905385	211.0998293395269	50.67745733488172	50.67745733488172	-50.67745733488172	430.58965867905385	-211.0998293395269	430.58965867905385	-430.58965867905385	-202.7098293395269	50.67745733488172	50.67745733488172	-202.7098293395269	-50.67745733488172	8.39	50.67745733488172	211.09982933952693
765	-270.7991387793146	579.3935755185046	193.13119183950153	270.7991387793146	46.185297959875385	-394.65238367900304	-224.61384081943925	193.13119183950153	-46.185297959875385	193.13119183950153	193.13119183950153	-193.13119183950153	-46.185297959875385	-46.185297959875385	46.185297959875385	394.65238367900304	193.13119183950153	46.185297959875385	46.185297959875385	-46.185297959875385	394.65238367900304	-193.13119183950153	394.65238367900304	-394.65238367900304	-184.7411918395016	46.185297959875385	46.185297959875385	-184.74119183950154	-46.185297959875385	8.39	46.185297959875385	193.13119183950153
766	-429.2639698747827	925.135025181344	308.3783417271147	429.2639698747827	74.99708543177867	-625.1466834542293	-354.266884443004	308.3783417271147	-74.99708543177867	308.3783417271147	308.3783417271147	-308.3783417271147	-74.99708543177867	-74.99708543177867	74.99708543177867	625.1466834542293	308.3783417271147	74.99708543177867	74.99708543177867	-74.99708543177867	625.1466834542293	-308.3783417271147	625.1466834542293	-625.1466834542293	-299.98834172711463	74.99708543177867	74.99708543177867	-299.9883417271147	-74.99708543177867	8.39	74.99708543177867	308.3783417271147
767	-335.24882846178343	720.0110802802548	240.0036934267516	335.24882846178343	57.903423356687895	-488.39738685350324	-277.34540510509555	240.0036934267516	-57.903423356687895	240.0036934267516	240.0036934267516	-240.0036934267516	-57.903423356687895	-57.903423356687895	57.903423356687895	488.39738685350324	240.0036934267516	57.903423356687895	57.903423356687895	-57.903423356687895	488.39738685350324	-240.0036934267516	488.39738685350324	-488.39738685350324	-231.61369342675155	57.903423356687895	57.903423356687895	-231.61369342675152	-57.903423356687895	8.39	57.903423356687895	240.00369342675162
768	-322.30662391199013	691.7735430807058	230.59118102690195	322.30662391199013	55.55029525672549	-469.5723620538039	-266.75632865526467	230.59118102690195	-55.55029525672549	230.59118102690195	230.59118102690195	-230.59118102690195	-55.55029525672549	-55.55029525672549	55.55029525672549	469.5723620538039	230.59118102690195	55.55029525672549	55.55029525672549	-55.55029525672549	469.5723620538039	-230.59118102690195	469.5723620538039	-469.5723620538039	-222.20118102690188	55.55029525672549	55.55029525672549	-222.20118102690196	-55.55029525672549	8.39	55.55029525672549	230.59118102690195
769	-456.3036053167975	984.1305934184672	328.04353113948906	456.3036053167975	79.91338278487227	-664.4770622789781	-376.39022253192525	328.04353113948906	-79.91338278487227	328.04353113948906	328.04353113948906	-328.04353113948906	-79.91338278487227	-79.91338278487227	79.91338278487227	664.4770622789781	328.04353113948906	79.91338278487227	79.91338278487227	-79.91338278487227	664.4770622789781	-328.04353113948906	664.4770622789781	-664.4770622789781	-319.65353113948913	79.91338278487227	79.91338278487227	-319.65353113948913	-79.91338278487227	8.39	79.91338278487227	328.04353113948906
770	-387.84232068376275	834.7605178554821	278.2535059518274	387.84232068376275	67.46587648795685	-564.8970119036547	-320.3764441958059	278.2535059518274	-67.46587648795685	278.2535059518274	278.2535059518274	-278.2535059518274	-67.46587648795685	-67.46587648795685	67.46587648795685	564.8970119036547	278.2535059518274	67.46587648795685	67.46587648795685	-67.46587648795685	564.8970119036547	-278.2535059518274	564.8970119036547	-564.8970119036547	-269.8635059518273	67.46587648795685	67.46587648795685	-269.8635059518274	-67.46587648795685	8.39	67.46587648795685	278.2535059518274
771	-370.72464246219727	797.4128562811577	265.80428542705255	370.72464246219727	64.35357135676314	-539.9985708541051	-306.3710711054341	265.80428542705255	-64.35357135676314	265.80428542705255	265.80428542705255	-265.80428542705255	-64.35357135676314	-64.35357135676314	64.35357135676314	539.9985708541051	265.80428542705255	64.35357135676314	64.35357135676314	-64.35357135676314	539.9985708541051	-265.80428542705255	539.9985708541051	-539.9985708541051	-257.41428542705245	64.35357135676314	64.35357135676314	-257.4142854270526	-64.35357135676314	8.39	64.35357135676314	265.80428542705255
772	-380.3614524576128	818.4386235438826	272.81287451462754	380.3614524576128	66.10571862865689	-554.0157490292551	-314.25573382895595	272.81287451462754	-66.10571862865689	272.81287451462754	272.81287451462754	-272.81287451462754	-66.10571862865689	-66.10571862865689	66.10571862865689	554.0157490292551	272.81287451462754	66.10571862865689	66.10571862865689	-66.10571862865689	554.0157490292551	-272.81287451462754	554.0157490292551	-554.0157490292551	-264.42287451462767	66.10571862865689	66.10571862865689	-264.42287451462755	-66.10571862865689	8.39	66.10571862865689	272.81287451462754
773	-236.50648696171493	504.5732442801053	168.19108142670177	236.50648696171493	39.950270356675446	-344.77216285340353	-196.55621660503948	168.19108142670177	-39.950270356675446	168.19108142670177	168.19108142670177	-168.19108142670177	-39.950270356675446	-39.950270356675446	39.950270356675446	344.77216285340353	168.19108142670177	39.950270356675446	39.950270356675446	-39.950270356675446	344.77216285340353	-168.19108142670177	344.77216285340353	-344.77216285340353	-159.80108142670176	39.950270356675446	39.950270356675446	-159.80108142670178	-39.950270356675446	8.39	39.950270356675446	168.19108142670177
774	-459.5305154216919	991.1711245564188	330.3903748521396	459.5305154216919	80.5000937130349	-669.1707497042792	-379.030421708657	330.3903748521396	-80.5000937130349	330.3903748521396	330.3903748521396	-330.3903748521396	-80.5000937130349	-80.5000937130349	80.5000937130349	669.1707497042792	330.3903748521396	80.5000937130349	80.5000937130349	-80.5000937130349	669.1707497042792	-330.3903748521396	669.1707497042792	-669.1707497042792	-322.00037485213966	80.5000937130349	80.5000937130349	-322.00037485213966	-80.5000937130349	8.39	80.5000937130349	330.3903748521396
775	-278.8729087590542	597.0090736561183	199.00302455203945	278.8729087590542	47.653256138009866	-406.3960491040789	-231.21965262104436	199.00302455203945	-47.653256138009866	199.00302455203945	199.00302455203945	-199.00302455203945	-47.653256138009866	-47.653256138009866	47.653256138009866	406.3960491040789	199.00302455203945	47.653256138009866	47.653256138009866	-47.653256138009866	406.3960491040789	-199.00302455203945	406.3960491040789	-406.3960491040789	-190.61302455203946	47.653256138009866	47.653256138009866	-190.6130245520394	-47.653256138009866	8.39	47.653256138009866	199.00302455203945
776	-405.60878160412597	873.5237053180931	291.17456843936435	405.60878160412597	70.69614210984109	-590.7391368787287	-334.91263949428486	291.17456843936435	-70.69614210984109	291.17456843936435	291.17456843936435	-291.17456843936435	-70.69614210984109	-70.69614210984109	70.69614210984109	590.7391368787287	291.17456843936435	70.69614210984109	70.69614210984109	-70.69614210984109	590.7391368787287	-291.17456843936435	590.7391368787287	-590.7391368787287	-282.7845684393643	70.69614210984109	70.69614210984109	-282.7845684393644	-70.69614210984109	8.39	70.69614210984109	291.17456843936435
777	-361.5830861544354	777.4676425187681	259.1558808395894	361.5830861544354	62.691470209897346	-526.7017616791787	-298.89161594453805	259.1558808395894	-62.691470209897346	259.1558808395894	259.1558808395894	-259.1558808395894	-62.691470209897346	-62.691470209897346	62.691470209897346	526.7017616791787	259.1558808395894	62.691470209897346	62.691470209897346	-62.691470209897346	526.7017616791787	-259.1558808395894	526.7017616791787	-526.7017616791787	-250.76588083958944	62.691470209897346	62.691470209897346	-250.76588083958939	-62.691470209897346	8.39	62.691470209897346	259.1558808395894
778	-345.99525262893684	743.4578239176805	247.81927463922682	345.99525262893684	59.85731865980671	-504.0285492784536	-286.13793396913013	247.81927463922682	-59.85731865980671	247.81927463922682	247.81927463922682	-247.81927463922682	-59.85731865980671	-59.85731865980671	59.85731865980671	504.0285492784536	247.81927463922682	59.85731865980671	59.85731865980671	-59.85731865980671	504.0285492784536	-247.81927463922682	504.0285492784536	-504.0285492784536	-239.42927463922683	59.85731865980671	59.85731865980671	-239.42927463922683	-59.85731865980671	8.39	59.85731865980671	247.81927463922682
779	-255.7096074542808	546.4709617184309	182.15698723947696	255.7096074542808	43.441746809869244	-372.7039744789539	-212.26786064441157	182.15698723947696	-43.441746809869244	182.15698723947696	182.15698723947696	-182.15698723947696	-43.441746809869244	-43.441746809869244	43.441746809869244	372.7039744789539	182.15698723947696	43.441746809869244	43.441746809869244	-43.441746809869244	372.7039744789539	-182.15698723947696	372.7039744789539	-372.7039744789539	-173.76698723947698	43.441746809869244	43.441746809869244	-173.76698723947698	-43.441746809869244	8.39	43.441746809869244	182.15698723947696
780	-234.3623720662995	499.8951754173808	166.63172513912693	234.3623720662995	39.56043128478173	-341.6534502782539	-194.80194078151777	166.63172513912693	-39.56043128478173	166.63172513912693	166.63172513912693	-166.63172513912693	-39.56043128478173	-39.56043128478173	39.56043128478173	341.6534502782539	166.63172513912693	39.56043128478173	39.56043128478173	-39.56043128478173	341.6534502782539	-166.63172513912693	341.6534502782539	-341.6534502782539	-158.2417251391269	39.56043128478173	39.56043128478173	-158.2417251391269	-39.56043128478173	8.39	39.56043128478173	166.63172513912696
781	-362.6572877170388	779.8113550189937	259.93711833966455	362.6572877170388	62.886779584916134	-528.2642366793291	-299.77050813212264	259.93711833966455	-62.886779584916134	259.93711833966455	259.93711833966455	-259.93711833966455	-62.886779584916134	-62.886779584916134	62.886779584916134	528.2642366793291	259.93711833966455	62.886779584916134	62.886779584916134	-62.886779584916134	528.2642366793291	-259.93711833966455	528.2642366793291	-528.2642366793291	-251.54711833966445	62.886779584916134	62.886779584916134	-251.54711833966462	-62.886779584916134	8.39	62.886779584916134	259.93711833966455
782	-256.7838090168839	548.8146742186557	182.93822473955188	256.7838090168839	43.637056184887975	-374.2664494791038	-213.1467528319959	182.93822473955188	-43.637056184887975	182.93822473955188	182.93822473955188	-182.93822473955188	-43.637056184887975	-43.637056184887975	43.637056184887975	374.2664494791038	182.93822473955188	43.637056184887975	43.637056184887975	-43.637056184887975	374.2664494791038	-182.93822473955188	374.2664494791038	-374.2664494791038	-174.5482247395518	43.637056184887975	43.637056184887975	-174.54822473955187	-43.637056184887975	8.39	43.637056184887975	182.9382247395519
783	-348.1393675243526	748.1358927804058	249.37863092680195	348.1393675243526	60.24715773170048	-507.14726185360394	-287.8922097926522	249.37863092680195	-60.24715773170048	249.37863092680195	249.37863092680195	-249.37863092680195	-60.24715773170048	-60.24715773170048	60.24715773170048	507.14726185360394	249.37863092680195	60.24715773170048	60.24715773170048	-60.24715773170048	507.14726185360394	-249.37863092680195	507.14726185360394	-507.14726185360394	-240.9886309268019	60.24715773170048	60.24715773170048	-240.98863092680187	-60.24715773170048	8.39	60.24715773170048	249.37863092680197
784	-322.84265049172933	692.9430556183187	230.98101853943956	322.84265049172933	55.64775463485989	-470.3520370788791	-267.19489585686944	230.98101853943956	-55.64775463485989	230.98101853943956	230.98101853943956	-230.98101853943956	-55.64775463485989	-55.64775463485989	55.64775463485989	470.3520370788791	230.98101853943956	55.64775463485989	55.64775463485989	-55.64775463485989	470.3520370788791	-230.98101853943956	470.3520370788791	-470.3520370788791	-222.5910185394395	55.64775463485989	55.64775463485989	-222.59101853943957	-55.64775463485989	8.39	55.64775463485989	230.98101853943956
785	-320.1625090165748	687.0954742179814	229.03182473932713	320.1625090165748	55.16045618483179	-466.45364947865426	-265.0020528317431	229.03182473932713	-55.16045618483179	229.03182473932713	229.03182473932713	-229.03182473932713	-55.16045618483179	-55.16045618483179	55.16045618483179	466.45364947865426	229.03182473932713	55.16045618483179	55.16045618483179	-55.16045618483179	466.45364947865426	-229.03182473932713	466.45364947865426	-466.45364947865426	-220.64182473932718	55.16045618483179	55.16045618483179	-220.64182473932715	-55.16045618483179	8.39	55.16045618483179	229.03182473932713
786	-297.1130316043663	636.8057053186174	212.2685684395391	297.1130316043663	50.969642109884774	-432.92713687907826	-246.14338949448154	212.2685684395391	-50.969642109884774	212.2685684395391	212.2685684395391	-212.2685684395391	-50.969642109884774	-50.969642109884774	50.969642109884774	432.92713687907826	212.2685684395391	50.969642109884774	50.969642109884774	-50.969642109884774	432.92713687907826	-212.2685684395391	432.92713687907826	-432.92713687907826	-203.87856843953912	50.969642109884774	50.969642109884774	-203.8785684395391	-50.969642109884774	8.39	50.969642109884774	212.26856843953914
787	-285.85639624157477	612.2457736179814	204.08192453932713	285.85639624157477	48.92298113483179	-416.55384907865425	-236.933415106743	204.08192453932713	-48.92298113483179	204.08192453932713	204.08192453932713	-204.08192453932713	-48.92298113483179	-48.92298113483179	48.92298113483179	416.55384907865425	204.08192453932713	48.92298113483179	48.92298113483179	-48.92298113483179	416.55384907865425	-204.08192453932713	416.55384907865425	-416.55384907865425	-195.69192453932712	48.92298113483179	48.92298113483179	-195.69192453932715	-48.92298113483179	8.39	48.92298113483179	204.08192453932713
788	-193.65811779962695	411.0858933810042	137.0286311270014	193.65811779962695	32.159657781750354	-282.4472622540028	-161.49846001787662	137.0286311270014	-32.159657781750354	137.0286311270014	137.0286311270014	-137.0286311270014	-32.159657781750354	-32.159657781750354	32.159657781750354	282.4472622540028	137.0286311270014	32.159657781750354	32.159657781750354	-32.159657781750354	282.4472622540028	-137.0286311270014	282.4472622540028	-282.4472622540028	-128.63863112700145	32.159657781750354	32.159657781750354	-128.63863112700142	-32.159657781750354	8.39	32.159657781750354	137.0286311270014
789	-414.21965021676374	892.3110550183935	297.4370183394645	414.21965021676374	72.26175458486613	-603.264036678929	-341.9578956318976	297.4370183394645	-72.26175458486613	297.4370183394645	297.4370183394645	-297.4370183394645	-72.26175458486613	-72.26175458486613	72.26175458486613	603.264036678929	297.4370183394645	72.26175458486613	72.26175458486613	-72.26175458486613	603.264036678929	-297.4370183394645	603.264036678929	-603.264036678929	-289.0470183394644	72.26175458486613	72.26175458486613	-289.04701833946456	-72.26175458486613	8.39	72.26175458486613	297.4370183394645
790	-413.1454486541605	889.9673425181684	296.6557808393895	413.1454486541605	72.06644520984737	-601.701561678779	-341.0790034443131	296.6557808393895	-72.06644520984737	296.6557808393895	296.6557808393895	-296.6557808393895	-72.06644520984737	-72.06644520984736	72.06644520984737	601.701561678779	296.6557808393895	72.06644520984737	72.06644520984737	-72.06644520984737	601.701561678779	-296.6557808393895	601.701561678779	-601.701561678779	-288.2657808393895	72.06644520984736	72.06644520984737	-288.26578083938944	-72.06644520984737	8.39	72.06644520984737	296.6557808393895
791	-374.4736252170043	805.5924550189184	268.53081833963944	374.4736252170043	65.03520458490986	-545.4516366792789	-309.43842063209445	268.53081833963944	-65.03520458490986	268.53081833963944	268.53081833963944	-268.53081833963944	-65.03520458490986	-65.03520458490988	65.03520458490986	545.4516366792789	268.53081833963944	65.03520458490986	65.03520458490986	-65.03520458490986	545.4516366792789	-268.53081833963944	545.4516366792789	-545.4516366792789	-260.14081833963934	65.03520458490988	65.03520458490986	-260.1408183396395	-65.03520458490986	8.39	65.03520458490986	268.53081833963944
792	-316.41886514638276	678.9275239557443	226.30917465191476	316.41886514638276	54.47979366297869	-461.0083493038295	-261.93907148340406	226.30917465191476	-54.47979366297869	226.30917465191476	226.30917465191476	-226.30917465191476	-54.47979366297869	-54.47979366297869	54.47979366297869	461.0083493038295	226.30917465191476	54.47979366297869	54.47979366297869	-54.47979366297869	461.0083493038295	-226.30917465191476	461.0083493038295	-461.0083493038295	-217.9191746519149	54.47979366297869	54.47979366297869	-217.91917465191477	-54.47979366297869	8.39	54.47979366297869	226.30917465191476
793	-407.7614901464168	878.2205239558184	292.74017465193947	407.7614901464168	71.08754366298487	-593.8703493038789	-336.6739464834319	292.74017465193947	-71.08754366298487	292.74017465193947	292.74017465193947	-292.74017465193947	-71.08754366298487	-71.08754366298487	71.08754366298487	593.8703493038789	292.74017465193947	71.08754366298487	71.08754366298487	-71.08754366298487	593.8703493038789	-292.74017465193947	593.8703493038789	-593.8703493038789	-284.35017465193926	71.08754366298487	71.08754366298487	-284.3501746519395	-71.08754366298487	8.39	71.08754366298487	292.74017465193947
794	-364.80999625932964	784.5081736567192	261.5027245522397	364.80999625932964	63.27818113805993	-531.3954491044794	-301.5318151212697	261.5027245522397	-63.27818113805993	261.5027245522397	261.5027245522397	-261.5027245522397	-63.27818113805993	-63.27818113805993	63.27818113805993	531.3954491044794	261.5027245522397	63.27818113805993	63.27818113805993	-63.27818113805993	531.3954491044794	-261.5027245522397	531.3954491044794	-531.3954491044794	-253.11272455223968	63.27818113805993	63.27818113805993	-253.1127245522398	-63.27818113805993	8.39	63.27818113805993	261.5027245522397
795	-348.67539410409137	749.3054053180175	249.76846843933916	348.67539410409137	60.34461710983479	-507.92693687867836	-288.33077699425655	249.76846843933916	-60.34461710983479	249.76846843933916	249.76846843933916	-249.76846843933916	-60.34461710983479	-60.34461710983479	60.34461710983479	507.92693687867836	249.76846843933916	60.34461710983479	60.34461710983479	-60.34461710983479	507.92693687867836	-249.76846843933916	507.92693687867836	-507.92693687867836	-241.37846843933903	60.34461710983479	60.34461710983479	-241.37846843933914	-60.34461710983479	8.39	60.34461710983479	249.7684684393392
796	-336.85905660412556	723.5243053180922	241.17476843936404	336.85905660412556	58.196192109841014	-490.73953687872813	-278.6628644942845	241.17476843936404	-58.196192109841014	241.17476843936404	241.17476843936404	-241.17476843936404	-58.196192109841014	-58.196192109841014	58.196192109841014	490.73953687872813	241.17476843936404	58.196192109841014	58.196192109841014	-58.196192109841014	490.73953687872813	-241.17476843936404	490.73953687872813	-490.73953687872813	-232.78476843936397	58.196192109841014	58.196192109841014	-232.78476843936403	-58.196192109841014	8.39	58.196192109841014	241.17476843936407
797	-289.6107392793321	620.4370675185428	206.81235583951425	289.6107392793321	49.60558895987857	-422.01471167902855	-240.00515031945355	206.81235583951425	-49.60558895987857	206.81235583951425	206.81235583951425	-206.81235583951425	-49.60558895987857	-49.60558895987857	49.60558895987857	422.01471167902855	206.81235583951425	49.60558895987857	49.60558895987857	-49.60558895987857	422.01471167902855	-206.81235583951425	422.01471167902855	-422.01471167902855	-198.4223558395143	49.60558895987857	49.60558895987857	-198.42235583951424	-49.60558895987857	8.39	49.60558895987857	206.81235583951428
798	-288.53653771672896	618.0933550183178	206.03111833943925	288.53653771672896	49.410279584859815	-420.45223667887853	-239.12625813186915	206.03111833943925	-49.410279584859815	206.03111833943925	206.03111833943925	-206.03111833943925	-49.410279584859815	-49.410279584859815	49.410279584859815	420.45223667887853	206.03111833943925	49.410279584859815	49.410279584859815	-49.410279584859815	420.45223667887853	-206.03111833943925	420.45223667887853	-420.45223667887853	-197.64111833943926	49.410279584859815	49.410279584859815	-197.64111833943923	-49.410279584859815	8.39	49.410279584859815	206.03111833943927
799	-229.01278828355615	488.2233562550316	162.7411187516772	229.01278828355615	38.5877796879193	-333.8722375033544	-190.42500859563685	162.7411187516772	-38.5877796879193	162.7411187516772	162.7411187516772	-162.7411187516772	-38.5877796879193	-38.5877796879193	38.5877796879193	333.8722375033544	162.7411187516772	38.5877796879193	38.5877796879193	-38.5877796879193	333.8722375033544	-162.7411187516772	333.8722375033544	-333.8722375033544	-154.35111875167715	38.5877796879193	38.5877796879193	-154.35111875167718	-38.5877796879193	8.39	38.5877796879193	162.74111875167722
800	-218.31782335417745	464.8888873182053	154.96296243940176	218.31782335417745	36.643240609850444	-318.31592487880357	-181.674582744327	154.96296243940176	-36.643240609850444	154.96296243940176	154.96296243940176	-154.96296243940176	-36.643240609850444	-36.643240609850444	36.643240609850444	318.31592487880357	154.96296243940176	36.643240609850444	36.643240609850444	-36.643240609850444	318.31592487880357	-154.96296243940176	318.31592487880357	-318.31592487880357	-146.57296243940172	36.643240609850444	36.643240609850444	-146.57296243940175	-36.643240609850444	8.39	36.643240609850444	154.9629624394018
801	-198.49096781707223	421.6302934190667	140.5434311396889	198.49096781707223	33.03835778492222	-289.47686227937777	-165.45261003215	140.5434311396889	-33.03835778492222	140.5434311396889	140.5434311396889	-140.5434311396889	-33.03835778492222	-33.03835778492222	33.03835778492222	289.47686227937777	140.5434311396889	33.03835778492222	33.03835778492222	-33.03835778492222	289.47686227937777	-140.5434311396889	289.47686227937777	-289.47686227937777	-132.1534311396889	33.03835778492222	33.03835778492222	-132.1534311396889	-33.03835778492222	8.39	33.03835778492222	140.5434311396889
802	-455.7675787370584	982.9610808808545	327.6536936269515	455.7675787370584	79.81592340673788	-663.697387253903	-375.9516553303205	327.6536936269515	-79.81592340673788	327.6536936269515	327.6536936269515	-327.6536936269515	-79.81592340673788	-79.81592340673788	79.81592340673788	663.697387253903	327.6536936269515	79.81592340673788	79.81592340673788	-79.81592340673788	663.697387253903	-327.6536936269515	663.697387253903	-663.697387253903	-319.2636936269515	79.81592340673788	79.81592340673788	-319.2636936269515	-79.81592340673788	8.39	79.81592340673788	327.6536936269515
803	-427.1101892793327	920.4358675185442	306.8119558395147	427.1101892793327	74.60548895987868	-622.0139116790294	-352.504700319454	306.8119558395147	-74.60548895987868	306.8119558395147	306.8119558395147	-306.8119558395147	-74.60548895987868	-74.60548895987868	74.60548895987868	622.0139116790294	306.8119558395147	74.60548895987868	74.60548895987868	-74.60548895987868	622.0139116790294	-306.8119558395147	622.0139116790294	-622.0139116790294	-298.4219558395147	74.60548895987868	74.60548895987868	-298.4219558395148	-74.60548895987868	8.39	74.60548895987868	306.8119558395147
804	-425.4999611369907	916.9226424807068	305.6408808269023	425.4999611369907	74.31272020672557	-619.6717616538045	-351.1872409302651	305.6408808269023	-74.31272020672557	305.6408808269023	305.6408808269023	-305.6408808269023	-74.31272020672557	-74.31272020672557	74.31272020672557	619.6717616538045	305.6408808269023	74.31272020672557	74.31272020672557	-74.31272020672557	619.6717616538045	-305.6408808269023	619.6717616538045	-619.6717616538045	-297.2508808269023	74.31272020672557	74.31272020672557	-297.2508808269023	-74.31272020672557	8.39	74.31272020672557	305.6408808269023
805	-423.355846241575	912.244573617982	304.08152453932735	423.355846241575	73.92288113483184	-616.5530490786547	-349.43296510674327	304.08152453932735	-73.92288113483184	304.08152453932735	304.08152453932735	-304.08152453932735	-73.92288113483184	-73.92288113483184	73.92288113483184	616.5530490786547	304.08152453932735	73.92288113483184	73.92288113483184	-73.92288113483184	616.5530490786547	-304.08152453932735	616.5530490786547	-616.5530490786547	-295.69152453932736	73.92288113483184	73.92288113483184	-295.69152453932736	-73.92288113483184	8.39	73.92288113483184	304.08152453932735
806	-385.1685901463828	828.9269239557443	276.30897465191475	385.1685901463828	66.97974366297869	-561.0079493038295	-318.1888464834041	276.30897465191475	-66.97974366297869	276.30897465191475	276.30897465191475	-276.30897465191475	-66.97974366297869	-66.97974366297869	66.97974366297869	561.0079493038295	276.30897465191475	66.97974366297869	66.97974366297869	-66.97974366297869	561.0079493038295	-276.30897465191475	561.0079493038295	-561.0079493038295	-267.9189746519148	66.97974366297869	66.97974366297869	-267.9189746519148	-66.97974366297869	8.39	66.97974366297869	276.30897465191475
807	-384.6325635666438	827.7574114181319	275.9191371393773	384.6325635666438	66.88228428484433	-560.2282742787546	-317.75027928179946	275.9191371393773	-66.88228428484433	275.9191371393773	275.9191371393773	-275.9191371393773	-66.88228428484433	-66.88228428484433	66.88228428484433	560.2282742787546	275.9191371393773	66.88228428484433	66.88228428484433	-66.88228428484433	560.2282742787546	-275.9191371393773	560.2282742787546	-560.2282742787546	-267.5291371393773	66.88228428484433	66.88228428484433	-267.5291371393773	-66.88228428484433	8.39	66.88228428484433	275.9191371393773
808	-352.4361909620586	757.5107802808552	252.50359342695174	352.4361909620586	61.02839835673794	-513.3971868539035	-291.40779260532065	252.50359342695174	-61.02839835673794	252.50359342695174	252.50359342695174	-252.50359342695174	-61.02839835673794	-61.02839835673794	61.02839835673794	513.3971868539035	252.50359342695174	61.02839835673794	61.02839835673794	-61.02839835673794	513.3971868539035	-252.50359342695174	513.3971868539035	-513.3971868539035	-244.11359342695172	61.02839835673794	61.02839835673794	-244.11359342695175	-61.02839835673794	8.39	61.02839835673794	252.50359342695174
809	-293.3629767963996	628.623767555781	209.541255851927	293.3629767963996	50.287813962981744	-427.472511703854	-243.07516283341786	209.541255851927	-50.287813962981744	209.541255851927	209.541255851927	-209.541255851927	-50.287813962981744	-50.287813962981744	50.287813962981744	427.472511703854	209.541255851927	50.287813962981744	50.287813962981744	-50.287813962981744	427.472511703854	-209.541255851927	427.472511703854	-427.472511703854	-201.15125585192698	50.287813962981744	50.287813962981744	-201.15125585192698	-50.287813962981744	8.39	50.287813962981744	209.54125585192702
810	-199.5651693796754	423.97400591929187	141.32466863976396	199.5651693796754	33.23366715994099	-291.0393372795279	-166.33150221973443	141.32466863976396	-33.23366715994099	141.32466863976396	141.32466863976396	-141.32466863976396	-33.23366715994099	-33.23366715994099	33.23366715994099	291.0393372795279	141.32466863976396	33.23366715994099	33.23366715994099	-33.23366715994099	291.0393372795279	-141.32466863976396	291.0393372795279	-291.0393372795279	-132.93466863976394	33.23366715994099	33.23366715994099	-132.93466863976397	-33.23366715994099	8.39	33.23366715994099	141.32466863976396
811	-219.9237632667289	468.39275621831763	156.1309187394392	219.9237632667289	36.935229684859806	-320.6518374788784	-182.9885335818691	156.1309187394392	-36.935229684859806	156.1309187394392	156.1309187394392	-156.1309187394392	-36.935229684859806	-36.935229684859806	36.935229684859806	320.6518374788784	156.1309187394392	36.935229684859806	36.935229684859806	-36.935229684859806	320.6518374788784	-156.1309187394392	320.6518374788784	-320.6518374788784	-147.74091873943917	36.935229684859806	36.935229684859806	-147.74091873943922	-36.935229684859806	8.39	36.935229684859806	156.13091873943918
812	-266.4991034617833	570.0116802802545	190.00389342675152	266.4991034617833	45.40347335668788	-388.397786853503	-221.09563010509544	190.00389342675152	-45.40347335668788	190.00389342675152	190.00389342675152	-190.00389342675152	-45.40347335668788	-45.40347335668788	45.40347335668788	388.397786853503	190.00389342675152	45.40347335668788	45.40347335668788	-45.40347335668788	388.397786853503	-190.00389342675152	388.397786853503	-388.397786853503	-181.61389342675153	45.40347335668788	45.40347335668788	-181.61389342675147	-45.40347335668788	8.39	45.40347335668788	190.0038934267515
813	-268.10933160412554	573.5249053180921	191.17496843936402	268.10933160412554	45.69624210984101	-390.73993687872803	-222.41308949428452	191.17496843936402	-45.69624210984101	191.17496843936402	191.17496843936402	-191.17496843936402	-45.69624210984101	-45.69624210984101	45.69624210984101	390.73993687872803	191.17496843936402	45.69624210984101	45.69624210984101	-45.69624210984101	390.73993687872803	-191.17496843936402	390.73993687872803	-390.73993687872803	-182.7849684393641	45.69624210984101	45.69624210984101	-182.7849684393641	-45.69624210984101	8.39	45.69624210984101	191.174968439364
814	-270.26204014641644	578.2217239558177	192.7405746519392	270.26204014641644	46.0876436629848	-393.8711493038784	-224.17439648343162	192.7405746519392	-46.0876436629848	192.7405746519392	192.7405746519392	-192.7405746519392	-46.0876436629848	-46.0876436629848	46.0876436629848	393.8711493038784	192.7405746519392	46.0876436629848	46.0876436629848	-46.0876436629848	393.8711493038784	-192.7405746519392	393.8711493038784	-393.8711493038784	-184.35057465193916	46.0876436629848	46.0876436629848	-184.35057465193927	-46.0876436629848	8.39	46.0876436629848	192.74057465193917
815	-276.7202002167634	592.3122550183928	197.43741833946427	276.7202002167634	47.26185458486607	-403.26483667892853	-229.45834563189732	197.43741833946427	-47.26185458486607	197.43741833946427	197.43741833946427	-197.43741833946427	-47.26185458486607	-47.26185458486607	47.26185458486607	403.26483667892853	197.43741833946427	47.26185458486607	47.26185458486607	-47.26185458486607	403.26483667892853	-197.43741833946427	403.26483667892853	-403.26483667892853	-189.04741833946423	47.26185458486607	47.26185458486607	-189.04741833946423	-47.26185458486607	8.39	47.26185458486607	197.43741833946424
816	-294.96891670895104	632.1276364558933	210.70921215196444	294.96891670895104	50.57980303799111	-429.80842430392886	-244.38911367095994	210.70921215196444	-50.57980303799111	210.70921215196444	210.70921215196444	-210.70921215196444	-50.57980303799111	-50.57980303799111	50.57980303799111	429.80842430392886	210.70921215196444	50.57980303799111	50.57980303799111	-50.57980303799111	429.80842430392886	-210.70921215196444	429.80842430392886	-429.80842430392886	-202.3192121519645	50.57980303799111	50.57980303799111	-202.3192121519644	-50.57980303799111	8.39	50.57980303799111	210.7092121519644
817	-301.40985504207265	646.1805928190677	215.39353093968924	301.40985504207265	51.750882734922314	-439.17706187937847	-249.65897230715035	215.39353093968924	-51.750882734922314	215.39353093968924	215.39353093968924	-215.39353093968924	-51.750882734922314	-51.750882734922314	51.750882734922314	439.17706187937847	215.39353093968924	51.750882734922314	51.750882734922314	-51.750882734922314	439.17706187937847	-215.39353093968924	439.17706187937847	-439.17706187937847	-207.0035309396893	51.750882734922314	51.750882734922314	-207.0035309396892	-51.750882734922314	8.39	51.750882734922314	215.3935309396892
818	-302.48405660467574	648.5243053192926	216.1747684397642	302.48405660467574	51.94619210994105	-440.7395368795284	-250.5378644947347	216.1747684397642	-51.94619210994105	216.1747684397642	216.1747684397642	-216.1747684397642	-51.94619210994105	-51.94619210994105	51.94619210994105	440.7395368795284	216.1747684397642	51.94619210994105	51.94619210994105	-51.94619210994105	440.7395368795284	-216.1747684397642	440.7395368795284	-440.7395368795284	-207.78476843976424	51.94619210994105	51.94619210994105	-207.7847684397642	-51.94619210994105	8.39	51.94619210994105	216.17476843976416
819	-446.5883108718982	962.9335873568689	320.9778624522896	446.5883108718982	78.14696561307241	-650.3457249045792	-368.4413452588258	320.9778624522896	-78.14696561307241	320.9778624522896	320.9778624522896	-320.9778624522896	-78.14696561307241	-78.14696561307241	78.14696561307241	650.3457249045792	320.9778624522896	78.14696561307241	78.14696561307241	-78.14696561307241	650.3457249045792	-320.9778624522896	650.3457249045792	-650.3457249045792	-312.5878624522895	78.14696561307241	78.14696561307241	-312.58786245228964	-78.14696561307241	8.39	78.14696561307241	320.9778624522896
820	-437.942929759811	944.0709376577695	314.69031255258983	437.942929759811	76.57507813814746	-637.7706251051796	-361.3678516216636	314.69031255258983	-76.57507813814746	314.69031255258983	314.69031255258983	-314.69031255258983	-76.57507813814746	-76.57507813814746	76.57507813814746	637.7706251051796	314.69031255258983	76.57507813814746	76.57507813814746	-76.57507813814746	637.7706251051796	-314.69031255258983	637.7706251051796	-637.7706251051796	-306.30031255258984	76.57507813814746	76.57507813814746	-306.30031255258984	-76.57507813814746	8.39	76.57507813814746	314.69031255258983
821	-426.0359877167294	918.0921550183186	306.03071833943955	426.0359877167294	74.41017958485989	-620.4514366788791	-351.62580813186946	306.03071833943955	-74.41017958485989	306.03071833943955	306.03071833943955	-306.03071833943955	-74.41017958485989	-74.41017958485989	74.41017958485989	620.4514366788791	306.03071833943955	74.41017958485989	74.41017958485989	-74.41017958485989	620.4514366788791	-306.03071833943955	620.4514366788791	-620.4514366788791	-297.64071833943945	74.41017958485989	74.41017958485989	-297.64071833943956	-74.41017958485989	8.39	74.41017958485989	306.03071833943955
822	-423.8918728213138	913.4140861555938	304.4713620518646	423.8918728213138	74.02034051296616	-617.3327241037292	-349.8715323083477	304.4713620518646	-74.02034051296616	304.4713620518646	304.4713620518646	-304.4713620518646	-74.02034051296616	-74.02034051296616	74.02034051296616	617.3327241037292	304.4713620518646	74.02034051296616	74.02034051296616	-74.02034051296616	617.3327241037292	-304.4713620518646	617.3327241037292	-617.3327241037292	-296.08136205186474	74.02034051296616	74.02034051296616	-296.08136205186463	-74.02034051296616	8.39	74.02034051296616	304.4713620518646
823	-404.5345800415226	871.1799928178675	290.39333093928917	404.5345800415226	70.5008327348223	-589.1766618785783	-334.0337473067003	290.39333093928917	-70.5008327348223	290.39333093928917	290.39333093928917	-290.39333093928917	-70.5008327348223	-70.5008327348223	70.5008327348223	589.1766618785783	290.39333093928917	70.5008327348223	70.5008327348223	-70.5008327348223	589.1766618785783	-290.39333093928917	589.1766618785783	-589.1766618785783	-282.0033309392892	70.5008327348223	70.5008327348223	-282.0033309392892	-70.5008327348223	8.39	70.5008327348223	290.39333093928917
824	-394.81928559662316	849.9829867562687	283.32766225208957	394.81928559662316	68.7344155630224	-575.0453245041791	-326.08487003360074	283.32766225208957	-68.7344155630224	283.32766225208957	283.32766225208957	-283.32766225208957	-68.7344155630224	-68.7344155630224	68.7344155630224	575.0453245041791	283.32766225208957	68.7344155630224	68.7344155630224	-68.7344155630224	575.0453245041791	-283.32766225208957	575.0453245041791	-575.0453245041791	-274.93766225208947	68.7344155630224	68.7344155630224	-274.9376622520896	-68.7344155630224	8.39	68.7344155630224	283.32766225208957
825	-392.6665770543326	845.2861681185439	281.7620560395146	392.6665770543326	68.34301400987866	-571.9141120790292	-324.323563044454	281.7620560395146	-68.34301400987866	281.7620560395146	281.7620560395146	-281.7620560395146	-68.34301400987866	-68.34301400987866	68.34301400987866	571.9141120790292	281.7620560395146	68.34301400987866	68.34301400987866	-68.34301400987866	571.9141120790292	-281.7620560395146	571.9141120790292	-571.9141120790292	-273.37205603951475	68.34301400987866	68.34301400987866	-273.37205603951463	-68.34301400987866	8.39	68.34301400987866	281.7620560395146
826	-354.04641910440074	761.0240053186925	253.6746684395642	354.04641910440074	61.32116710989104	-515.7393368791284	-292.7252519945097	253.6746684395642	-61.32116710989105	253.6746684395642	253.6746684395642	-253.6746684395642	-61.32116710989105	-61.32116710989104	61.32116710989105	515.7393368791284	253.6746684395642	61.32116710989104	61.32116710989104	-61.32116710989104	515.7393368791284	-253.6746684395642	515.7393368791284	-515.7393368791284	-245.28466843956406	61.32116710989104	61.32116710989105	-245.28466843956417	-61.32116710989104	8.39	61.32116710989105	253.6746684395642
827	-339.01176514641645	728.2211239558177	242.74037465193925	339.01176514641645	58.58759366298482	-493.8707493038785	-280.4241714834316	242.74037465193925	-58.58759366298481	242.74037465193925	242.74037465193925	-242.74037465193925	-58.58759366298481	-58.58759366298482	58.58759366298481	493.8707493038785	242.74037465193925	58.58759366298482	58.58759366298482	-58.58759366298482	493.8707493038785	-242.74037465193925	493.8707493038785	-493.8707493038785	-234.35037465193923	58.58759366298482	58.58759366298481	-234.35037465193923	-58.58759366298482	8.39	58.58759366298481	242.74037465193925
828	-315.8828385666438	677.7580114181319	225.91933713937732	315.8828385666438	54.38233428484434	-460.2286742787546	-261.50050428179946	225.91933713937732	-54.382334284844326	225.91933713937732	225.91933713937732	-225.91933713937732	-54.382334284844326	-54.38233428484434	54.382334284844326	460.2286742787546	225.91933713937732	54.38233428484434	54.38233428484434	-54.38233428484434	460.2286742787546	-225.91933713937732	460.2286742787546	-460.2286742787546	-217.52933713937742	54.38233428484434	54.382334284844326	-217.5293371393773	-54.38233428484434	8.39	54.382334284844326	225.91933713937732
829	-300.8738284623336	645.0110802814552	215.00369342715175	300.8738284623336	51.65342335678795	-438.3973868543035	-249.22040510554567	215.00369342715175	-51.65342335678794	215.00369342715175	215.00369342715175	-215.00369342715175	-51.65342335678794	-51.65342335678795	51.65342335678794	438.3973868543035	215.00369342715175	51.65342335678795	51.65342335678795	-51.65342335678795	438.3973868543035	-215.00369342715175	438.3973868543035	-438.3973868543035	-206.6136934271518	51.65342335678795	51.65342335678794	-206.61369342715173	-51.65342335678795	8.39	51.65342335678794	215.00369342715175
830	-294.432890129212	630.9581239182808	210.31937463942694	294.432890129212	50.482343659856745	-429.02874927885387	-243.95054646935526	210.31937463942694	-50.48234365985674	210.31937463942694	210.31937463942694	-210.31937463942694	-50.48234365985674	-50.482343659856745	50.48234365985674	429.02874927885387	210.31937463942694	50.482343659856745	50.482343659856745	-50.482343659856745	429.02874927885387	-210.31937463942694	429.02874927885387	-429.02874927885387	-201.92937463942687	50.482343659856745	50.48234365985674	-201.92937463942692	-50.482343659856745	8.39	50.48234365985674	210.31937463942694
831	-288.0005111369899	616.9238424807053	205.64128082690178	288.0005111369899	49.31282020672544	-419.67256165380354	-238.6876909302645	205.64128082690178	-49.31282020672545	205.64128082690178	205.64128082690178	-205.64128082690178	-49.31282020672545	-49.31282020672544	49.31282020672545	419.67256165380354	205.64128082690178	49.31282020672544	49.31282020672544	-49.31282020672544	419.67256165380354	-205.64128082690178	419.67256165380354	-419.67256165380354	-197.2512808269017	49.31282020672544	49.31282020672545	-197.25128082690176	-49.31282020672544	8.39	49.31282020672545	205.64128082690178
832	-275.6459986541602	589.9685425181677	196.65618083938926	275.6459986541602	47.06654520984731	-401.7023616787785	-228.57945344431292	196.65618083938926	-47.06654520984732	196.65618083938926	196.65618083938926	-196.65618083938926	-47.06654520984732	-47.06654520984731	47.06654520984732	401.7023616787785	196.65618083938926	47.06654520984731	47.06654520984731	-47.06654520984731	401.7023616787785	-196.65618083938926	401.7023616787785	-401.7023616787785	-188.2661808393892	47.06654520984731	47.06654520984732	-188.26618083938925	-47.06654520984731	8.39	47.06654520984732	196.65618083938926
833	-267.0351300415222	571.1811928178666	190.3937309392889	267.0351300415222	45.50093273482222	-389.1774618785778	-221.5341973067	190.3937309392889	-45.50093273482223	190.3937309392889	190.3937309392889	-190.3937309392889	-45.50093273482223	-45.50093273482222	45.50093273482223	389.1774618785778	190.3937309392889	45.50093273482222	45.50093273482222	-45.50093273482222	389.1774618785778	-190.3937309392889	389.1774618785778	-389.1774618785778	-182.00373093928894	45.50093273482222	45.50093273482223	-182.0037309392889	-45.50093273482222	8.39	45.50093273482223	190.3937309392889
834	-233.29245873348722	497.5608190548812	165.8536063516271	233.29245873348722	39.36590158790678	-340.0972127032542	-193.92655714558043	165.8536063516271	-39.36590158790678	165.8536063516271	165.8536063516271	-165.8536063516271	-39.36590158790678	-39.36590158790678	39.36590158790678	340.0972127032542	165.8536063516271	39.36590158790678	39.36590158790678	-39.36590158790678	340.0972127032542	-165.8536063516271	340.0972127032542	-340.0972127032542	-157.4636063516271	39.36590158790678	39.36590158790678	-157.46360635162708	-39.36590158790678	8.39	39.36590158790678	165.8536063516271
835	-230.61872819610744	491.7272251551435	163.90907505171452	230.61872819610744	38.879768762928634	-336.20815010342903	-191.73895943317882	163.90907505171452	-38.879768762928634	163.90907505171452	163.90907505171452	-163.90907505171452	-38.879768762928634	-38.879768762928634	38.879768762928634	336.20815010342903	163.90907505171452	38.879768762928634	38.879768762928634	-38.879768762928634	336.20815010342903	-163.90907505171452	336.20815010342903	-336.20815010342903	-155.51907505171454	38.879768762928634	38.879768762928634	-155.5190750517145	-38.879768762928634	8.39	38.879768762928634	163.90907505171452
836	-219.38773668698983	467.2232436807051	155.7410812269017	219.38773668698983	36.83777030672543	-319.8721624538034	-182.54996638026438	155.7410812269017	-36.83777030672543	155.7410812269017	155.7410812269017	-155.7410812269017	-36.83777030672543	-36.83777030672543	36.83777030672543	319.8721624538034	155.7410812269017	36.83777030672543	36.83777030672543	-36.83777030672543	319.8721624538034	-155.7410812269017	319.8721624538034	-319.8721624538034	-147.35108122690167	36.83777030672543	36.83777030672543	-147.3510812269017	-36.83777030672543	8.39	36.83777030672543	155.7410812269017
837	-194.19414437936604	412.2554059186168	137.41846863953896	194.19414437936604	32.25711715988474	-283.2269372790779	-161.9370272194813	137.41846863953896	-32.25711715988474	137.41846863953896	137.41846863953896	-137.41846863953896	-32.25711715988474	-32.25711715988474	32.25711715988474	283.2269372790779	137.41846863953896	32.25711715988474	32.25711715988474	-32.25711715988474	283.2269372790779	-137.41846863953896	283.2269372790779	-283.2269372790779	-129.02846863953891	32.25711715988474	32.25711715988474	-129.02846863953894	-32.25711715988474	8.39	32.25711715988474	137.41846863953896
838	-192.0500294839505	407.5773370558919	135.85911235196397	192.0500294839505	31.867278087990993	-280.10822470392793	-160.18275139595954	135.85911235196397	-31.867278087990993	135.85911235196397	135.85911235196397	-135.85911235196397	-31.867278087990993	-31.867278087990993	31.867278087990993	280.10822470392793	135.85911235196397	31.867278087990993	31.867278087990993	-31.867278087990993	280.10822470392793	-135.85911235196397	280.10822470392793	-280.10822470392793	-127.469112351964	31.867278087990993	31.867278087990993	-127.46911235196399	-31.867278087990993	8.39	31.867278087990993	135.85911235196397
839	-234.89839864603852	501.0646879549932	167.0215626516644	234.89839864603852	39.6578906629161	-342.4331253033288	-195.24050798312243	167.0215626516644	-39.6578906629161	167.0215626516644	167.0215626516644	-167.0215626516644	-39.6578906629161	-39.6578906629161	39.6578906629161	342.4331253033288	167.0215626516644	39.6578906629161	39.6578906629161	-39.6578906629161	342.4331253033288	-167.0215626516644	342.4331253033288	-342.4331253033288	-158.6315626516644	39.6578906629161	39.6578906629161	-158.6315626516644	-39.6578906629161	8.39	39.6578906629161	167.0215626516644
840	-230.08270161636844	490.5577126175311	163.51923753917703	230.08270161636844	38.78230938479426	-335.42847507835404	-191.30039223157416	163.51923753917703	-38.78230938479426	163.51923753917703	163.51923753917703	-163.51923753917703	-38.78230938479426	-38.782309384794274	38.78230938479426	335.42847507835404	163.51923753917703	38.78230938479426	38.78230938479426	-38.78230938479426	335.42847507835404	-163.51923753917703	335.42847507835404	-335.42847507835404	-155.12923753917698	38.782309384794274	38.78230938479426	-155.12923753917704	-38.78230938479426	8.39	38.78230938479426	163.51923753917703
841	-226.87723272904063	483.56396231790677	161.18798743930225	226.87723272904063	38.199496859825565	-330.76597487860454	-188.67773586921507	161.18798743930225	-38.199496859825565	161.18798743930225	161.18798743930225	-161.18798743930225	-38.199496859825565	-38.19949685982556	38.199496859825565	330.76597487860454	161.18798743930225	38.199496859825565	38.199496859825565	-38.199496859825565	330.76597487860454	-161.18798743930225	330.76597487860454	-330.76597487860454	-152.79798743930223	38.19949685982556	38.199496859825565	-152.79798743930223	-38.199496859825565	8.39	38.199496859825565	161.18798743930228
842	-191.51400290421162	406.40782451827994	135.46927483942665	191.51400290421162	31.769818709856665	-279.3285496788533	-159.74418419435494	135.46927483942665	-31.769818709856665	135.46927483942665	135.46927483942665	-135.46927483942665	-31.769818709856665	-31.76981870985668	31.769818709856665	279.3285496788533	135.46927483942665	31.769818709856665	31.769818709856665	-31.769818709856665	279.3285496788533	-135.46927483942665	279.3285496788533	-279.3285496788533	-127.0792748394266	31.76981870985668	31.769818709856665	-127.07927483942666	-31.769818709856665	8.39	31.769818709856665	135.46927483942665
843	-383.56372228699115	825.425394080708	275.1417980269027	383.56372228699115	66.68794950672566	-558.6735960538053	-316.8757727802655	275.1417980269027	-66.68794950672566	275.1417980269027	275.1417980269027	-275.1417980269027	-66.68794950672566	-66.68794950672566	66.68794950672566	558.6735960538053	275.1417980269027	66.68794950672566	66.68794950672566	-66.68794950672566	558.6735960538053	-275.1417980269027	558.6735960538053	-558.6735960538053	-266.7517980269026	66.68794950672566	66.68794950672566	-266.75179802690263	-66.68794950672566	8.39	66.68794950672566	275.1417980269027
844	-320.6985355963136	688.2649867555932	229.4216622518644	320.6985355963136	55.2579155629661	-467.2333245037288	-265.4406200333475	229.4216622518644	-55.2579155629661	229.4216622518644	229.4216622518644	-229.4216622518644	-55.2579155629661	-55.2579155629661	55.2579155629661	467.2333245037288	229.4216622518644	55.2579155629661	55.2579155629661	-55.2579155629661	467.2333245037288	-229.4216622518644	467.2333245037288	-467.2333245037288	-221.0316622518642	55.2579155629661	55.2579155629661	-221.03166225186442	-55.2579155629661	8.39	55.2579155629661	229.4216622518644
845	-319.09259568376245	684.7611178554818	228.25370595182724	319.09259568376245	54.965926487956814	-464.89741190365453	-264.1266691958056	228.25370595182724	-54.965926487956814	228.25370595182724	228.25370595182724	-228.25370595182724	-54.965926487956814	-54.965926487956814	54.965926487956814	464.89741190365453	228.25370595182724	54.965926487956814	54.965926487956814	-54.965926487956814	464.89741190365453	-228.25370595182724	464.89741190365453	-464.89741190365453	-219.86370595182728	54.965926487956814	54.965926487956814	-219.86370595182723	-54.965926487956814	8.39	54.965926487956814	228.25370595182727
846	-220.99796482933198	470.7364687185425	156.91215623951416	220.99796482933198	37.13053905987854	-322.2143124790283	-183.86742576945343	156.91215623951416	-37.13053905987854	156.91215623951416	156.91215623951416	-156.91215623951416	-37.13053905987854	-37.13053905987854	37.13053905987854	322.2143124790283	156.91215623951416	37.13053905987854	37.13053905987854	-37.13053905987854	322.2143124790283	-156.91215623951416	322.2143124790283	-322.2143124790283	-148.52215623951415	37.13053905987854	37.13053905987854	-148.52215623951417	-37.13053905987854	8.39	37.13053905987854	156.91215623951416
847	-216.173708458762	460.21081845548076	153.40360615182692	216.173708458762	36.25340153795673	-315.1972123036538	-179.92030692080527	153.40360615182692	-36.25340153795673	153.40360615182692	153.40360615182692	-153.40360615182692	-36.25340153795673	-36.25340153795673	36.25340153795673	315.1972123036538	153.40360615182692	36.25340153795673	36.25340153795673	-36.25340153795673	315.1972123036538	-153.40360615182692	315.1972123036538	-315.1972123036538	-145.01360615182693	36.25340153795673	36.25340153795673	-145.01360615182693	-36.25340153795673	8.39	36.25340153795673	153.40360615182692
848	-286.9305978041778	614.5894861182061	204.86316203940203	286.9305978041778	49.1182905098505	-418.11632407880404	-237.8123072943273	204.86316203940203	-49.1182905098505	204.86316203940203	204.86316203940203	-204.86316203940203	-49.1182905098505	-49.1182905098505	49.1182905098505	418.11632407880404	204.86316203940203	49.1182905098505	49.1182905098505	-49.1182905098505	418.11632407880404	-204.86316203940203	418.11632407880404	-418.11632407880404	-196.47316203940193	49.1182905098505	49.1182905098505	-196.47316203940204	-49.1182905098505	8.39	49.1182905098505	204.86316203940203
849	-349.7495956666946	751.6491178182426	250.54970593941422	349.7495956666946	60.53992648485355	-509.4894118788285	-289.209669181841	250.54970593941422	-60.53992648485355	250.54970593941422	250.54970593941422	-250.54970593941422	-60.53992648485355	-60.53992648485355	60.53992648485355	509.4894118788285	250.54970593941422	60.53992648485355	60.53992648485355	-60.53992648485355	509.4894118788285	-250.54970593941422	509.4894118788285	-509.4894118788285	-242.15970593941424	60.53992648485355	60.53992648485355	-242.15970593941415	-60.53992648485355	8.39	60.53992648485355	250.54970593941425
850	-335.7848550415226	721.1805928178675	240.39353093928915	335.7848550415226	58.000882734822284	-489.17706187857834	-277.78397230670026	240.39353093928915	-58.000882734822284	240.39353093928915	240.39353093928915	-240.39353093928915	-58.000882734822284	-58.000882734822284	58.000882734822284	489.17706187857834	240.39353093928915	58.000882734822284	58.000882734822284	-58.000882734822284	489.17706187857834	-240.39353093928915	489.17706187857834	-489.17706187857834	-232.00353093928916	58.000882734822284	58.000882734822284	-232.00353093928913	-58.000882734822284	8.39	58.000882734822284	240.39353093928918
851	-284.7864829087624	609.9114172554816	203.3038057518272	284.7864829087624	48.72845143795681	-414.9976115036544	-236.05803147080564	203.3038057518272	-48.72845143795681	203.3038057518272	203.3038057518272	-203.3038057518272	-48.72845143795681	-48.72845143795681	48.72845143795681	414.9976115036544	203.3038057518272	48.72845143795681	48.72845143795681	-48.72845143795681	414.9976115036544	-203.3038057518272	414.9976115036544	-414.9976115036544	-194.91380575182725	48.72845143795681	48.72845143795681	-194.91380575182723	-48.72845143795681	8.39	48.72845143795681	203.3038057518272
852	-275.1099720744212	588.7990299805554	196.2663433268518	275.1099720744212	46.969085831712945	-400.92268665370364	-228.14088624270826	196.2663433268518	-46.969085831712945	196.2663433268518	196.2663433268518	-196.2663433268518	-46.969085831712945	-46.969085831712945	46.969085831712945	400.92268665370364	196.2663433268518	46.969085831712945	46.969085831712945	-46.969085831712945	400.92268665370364	-196.2663433268518	400.92268665370364	-400.92268665370364	-187.8763433268518	46.969085831712945	46.969085831712945	-187.87634332685172	-46.969085831712945	8.39	46.969085831712945	196.26634332685182
853	-217.2436217915743	462.54517481798035	154.18172493932678	217.2436217915743	36.4479312348317	-316.75344987865356	-180.7956905567426	154.18172493932678	-36.4479312348317	154.18172493932678	154.18172493932678	-154.18172493932678	-36.4479312348317	-36.4479312348317	36.4479312348317	316.75344987865356	154.18172493932678	36.4479312348317	36.4479312348317	-36.4479312348317	316.75344987865356	-154.18172493932678	316.75344987865356	-316.75344987865356	-145.79172493932677	36.4479312348317	36.4479312348317	-145.7917249393268	-36.4479312348317	8.39	36.4479312348317	154.18172493932678
854	-312.67736967931603	670.7642611185076	223.58808703950257	312.67736967931603	53.799521759875645	-455.5661740790051	-258.8778479194404	223.58808703950257	-53.799521759875645	223.58808703950257	223.58808703950257	-223.58808703950257	-53.799521759875645	-53.799521759875645	53.799521759875645	455.5661740790051	223.58808703950257	53.799521759875645	53.799521759875645	-53.799521759875645	455.5661740790051	-223.58808703950257	455.5661740790051	-455.5661740790051	-215.19808703950264	53.799521759875645	53.799521759875645	-215.19808703950252	-53.799521759875645	8.39	53.799521759875645	223.58808703950254
855	-344.92533929612466	741.1234675551812	247.04115585172707	344.92533929612466	59.66278896293177	-502.4723117034541	-285.2625503331929	247.04115585172707	-59.66278896293177	247.04115585172707	247.04115585172707	-247.04115585172707	-59.66278896293177	-59.66278896293177	59.66278896293177	502.4723117034541	247.04115585172707	59.66278896293177	59.66278896293177	-59.66278896293177	502.4723117034541	-247.04115585172707	502.4723117034541	-502.4723117034541	-238.65115585172703	59.66278896293177	59.66278896293177	-238.65115585172703	-59.66278896293177	8.39	59.66278896293177	247.04115585172704
856	-254.6396941214685	544.1366053559312	181.3788684519771	254.6396941214685	43.24721711299427	-371.1477369039542	-211.39247700847423	181.3788684519771	-43.24721711299427	181.3788684519771	181.3788684519771	-181.3788684519771	-43.24721711299427	-43.24721711299427	43.24721711299427	371.1477369039542	181.3788684519771	43.24721711299427	43.24721711299428	-43.24721711299428	371.1477369039542	-181.3788684519771	371.1477369039542	-371.1477369039542	-172.98886845197694	43.24721711299427	43.24721711299427	-172.98886845197708	-43.24721711299428	8.39	43.24721711299427	181.3788684519771
857	-212.96395134164345	453.207712018131	151.06923733937703	212.96395134164345	35.669809334844246	-310.52847467875404	-177.2941420067992	151.069237339377	-35.669809334844246	151.069237339377	151.06923733937703	-151.069237339377	-35.669809334844246	-35.669809334844246	35.669809334844246	310.52847467875404	151.069237339377	35.669809334844246	35.669809334844246	-35.669809334844246	310.52847467875404	-151.06923733937703	310.52847467875404	-310.52847467875404	-142.67923733937687	35.669809334844246	35.669809334844246	-142.67923733937698	-35.669809334844246	8.39	35.669809334844246	151.069237339377
858	-238.11778715721655	508.088808343018	169.36293611433933	238.11778715721655	40.24323402858484	-347.11587222867865	-197.8745531286317	169.36293611433933	-40.24323402858484	169.36293611433933	169.36293611433933	-169.36293611433933	-40.24323402858484	-40.24323402858484	40.24323402858484	347.11587222867865	169.36293611433933	40.24323402858484	40.24323402858484	-40.24323402858484	347.11587222867865	-169.36293611433933	347.11587222867865	-347.11587222867865	-160.97293611433935	40.24323402858484	40.24323402858484	-160.97293611433935	-40.24323402858484	8.39	40.24323402858484	169.36293611433933
859	-296.5780770777868	635.6385318060802	211.87951060202673	296.5780770777868	50.87237765050668	-432.1490212040535	-245.7056994272801	211.87951060202673	-50.87237765050668	211.87951060202673	211.87951060202673	-211.87951060202673	-50.87237765050668	-50.87237765050668	50.87237765050668	432.1490212040535	211.87951060202673	50.87237765050668	50.87237765050668	-50.87237765050668	432.1490212040535	-211.87951060202673	432.1490212040535	-432.1490212040535	-203.48951060202663	50.87237765050668	50.87237765050668	-203.4895106020267	-50.87237765050668	8.39	50.87237765050668	211.87951060202676
860	-214.03922495740605	455.5537635434314	151.85125451447712	214.03922495740605	35.86531362861928	-312.0925090289543	-178.17391132878677	151.85125451447712	-35.86531362861928	151.85125451447712	151.85125451447712	-151.85125451447712	-35.86531362861928	-35.865313628619276	35.86531362861928	312.0925090289543	151.85125451447712	35.86531362861928	35.86531362861928	-35.86531362861928	312.0925090289543	-151.85125451447712	312.0925090289543	-312.0925090289543	-143.46125451447713	35.865313628619276	35.86531362861928	-143.4612545144771	-35.86531362861928	8.39	35.86531362861928	151.85125451447715
861	-457.37780687940113	986.4743059186934	328.82476863956447	457.37780687940113	80.10869215989112	-666.0395372791289	-377.26911471951	328.82476863956447	-80.10869215989112	328.82476863956447	328.82476863956447	-328.82476863956447	-80.10869215989112	-80.10869215989112	80.10869215989112	666.0395372791289	328.82476863956447	80.10869215989112	80.10869215989112	-80.10869215989112	666.0395372791289	-328.82476863956447	666.0395372791289	-666.0395372791289	-320.4347686395645	80.10869215989112	80.10869215989112	-320.4347686395645	-80.10869215989112	8.39	80.10869215989112	328.82476863956447
862	-389.44826059631396	838.264386755594	279.4214622518647	389.44826059631396	67.75786556296617	-567.2329245037294	-321.6903950333478	279.4214622518647	-67.75786556296617	279.4214622518647	279.4214622518647	-279.4214622518647	-67.75786556296617	-67.75786556296617	67.75786556296617	567.2329245037294	279.4214622518647	67.75786556296617	67.75786556296617	-67.75786556296617	567.2329245037294	-279.4214622518647	567.2329245037294	-567.2329245037294	-271.03146225186464	67.75786556296617	67.75786556296617	-271.0314622518647	-67.75786556296617	8.39	67.75786556296617	279.4214622518647
863	-356.1991276466916	765.720823956418	255.24027465213933	356.1991276466916	61.71256866303484	-518.8705493042787	-294.4865589836567	255.24027465213933	-61.71256866303484	255.24027465213933	255.24027465213933	-255.24027465213933	-61.71256866303484	-61.71256866303484	61.71256866303484	518.8705493042787	255.24027465213933	61.71256866303484	61.71256866303484	-61.71256866303484	518.8705493042787	-255.24027465213933	518.8705493042787	-518.8705493042787	-246.85027465213926	61.71256866303484	61.71256866303484	-246.85027465213932	-61.71256866303484	8.39	61.71256866303484	255.24027465213936
864	-352.9722175417976	758.6802928184675	252.89343093948918	352.9722175417976	61.1258577348723	-514.1768618789783	-291.8463598069253	252.89343093948918	-61.1258577348723	252.89343093948918	252.89343093948918	-252.89343093948918	-61.1258577348723	-61.1258577348723	61.1258577348723	514.1768618789783	252.89343093948918	61.1258577348723	61.1258577348723	-61.1258577348723	514.1768618789783	-252.89343093948918	514.1768618789783	-514.1768618789783	-244.50343093948925	61.1258577348723	61.1258577348723	-244.50343093948914	-61.1258577348723	8.39	61.1258577348723	252.89343093948918
865	-304.63676514696647	653.2211239570178	217.74037465233926	304.63676514696647	52.33759366308482	-443.8707493046785	-252.29917148388165	217.74037465233926	-52.33759366308482	217.74037465233926	217.74037465233926	-217.74037465233926	-52.33759366308482	-52.33759366308482	52.33759366308482	443.8707493046785	217.74037465233926	52.33759366308482	52.33759366308482	-52.33759366308482	443.8707493046785	-217.74037465233926	443.8707493046785	-443.8707493046785	-209.35037465233927	52.33759366308482	52.33759366308482	-209.35037465233927	-52.33759366308482	8.39	52.33759366308482	217.74037465233926
866	-298.1872331669694	639.1494178188424	213.04980593961412	298.1872331669694	51.16495148490353	-434.4896118792283	-247.02228168206588	213.04980593961412	-51.16495148490353	213.04980593961412	213.04980593961412	-213.04980593961412	-51.16495148490353	-51.16495148490353	51.16495148490353	434.4896118792283	213.04980593961412	51.16495148490353	51.16495148490353	-51.16495148490353	434.4896118792283	-213.04980593961412	434.4896118792283	-434.4896118792283	-204.6598059396142	51.16495148490353	51.16495148490353	-204.6598059396141	-51.16495148490353	8.39	51.16495148490353	213.04980593961415
867	-237.04251354145399	505.7427568177178	168.58091893923927	237.04251354145399	40.04772973480982	-345.5518378784785	-196.99478380664416	168.58091893923927	-40.04772973480982	168.58091893923927	168.58091893923927	-168.58091893923927	-40.04772973480982	-40.04772973480982	40.04772973480982	345.5518378784785	168.58091893923927	40.04772973480982	40.04772973480982	-40.04772973480982	345.5518378784785	-168.58091893923927	345.5518378784785	-345.5518378784785	-160.1909189392393	40.04772973480982	40.04772973480982	-160.19091893923928	-40.04772973480982	8.39	40.04772973480982	168.58091893923927
868	-197.95494123733317	420.4607808814542	140.1535936271514	197.95494123733317	32.94089840678785	-288.6971872543028	-165.01404283054532	140.1535936271514	-32.94089840678785	140.1535936271514	140.1535936271514	-140.1535936271514	-32.94089840678785	-32.94089840678785	32.94089840678785	288.6971872543028	140.1535936271514	32.94089840678785	32.94089840678785	-32.94089840678785	288.6971872543028	-140.1535936271514	288.6971872543028	-288.6971872543028	-131.76359362715138	32.94089840678785	32.94089840678785	-131.7635936271514	-32.94089840678785	8.39	32.94089840678785	140.1535936271514
869	-422.2859329087627	909.9102172554822	303.30340575182737	422.2859329087627	73.72835143795685	-614.9968115036547	-348.5575814708058	303.30340575182737	-73.72835143795685	303.30340575182737	303.30340575182737	-303.30340575182737	-73.72835143795685	-73.72835143795685	73.72835143795685	614.9968115036547	303.30340575182737	73.72835143795685	73.72835143795685	-73.72835143795685	614.9968115036547	-303.30340575182737	614.9968115036547	-614.9968115036547	-294.91340575182744	73.72835143795685	73.72835143795685	-294.91340575182744	-73.72835143795685	8.39	73.72835143795685	303.30340575182737
870	-412.6094220744216	888.7978299805561	296.26594332685204	412.6094220744216	71.96898583171301	-600.9218866537041	-340.6404362427086	296.26594332685204	-71.96898583171301	296.26594332685204	296.26594332685204	-296.26594332685204	-71.96898583171301	-71.96898583171301	71.96898583171301	600.9218866537041	296.26594332685204	71.96898583171301	71.96898583171301	-71.96898583171301	600.9218866537041	-296.26594332685204	600.9218866537041	-600.9218866537041	-287.87594332685205	71.96898583171301	71.96898583171301	-287.87594332685205	-71.96898583171301	8.39	71.96898583171301	296.26594332685204
871	-403.9985534617839	870.0104802802557	290.0034934267519	403.9985534617839	70.40337335668798	-588.3969868535038	-333.59518010509595	290.0034934267519	-70.40337335668798	290.0034934267519	290.0034934267519	-290.0034934267519	-70.40337335668798	-70.40337335668798	70.40337335668798	588.3969868535038	290.0034934267519	70.40337335668798	70.40337335668798	-70.40337335668798	588.3969868535038	-290.0034934267519	588.3969868535038	-588.3969868535038	-281.6134934267519	70.40337335668798	70.40337335668798	-281.6134934267519	-70.40337335668798	8.39	70.40337335668798	290.0034934267519
872	-391.5923754917294	842.9424556183187	280.98081853943955	391.5923754917294	68.14770463485989	-570.3516370788791	-323.4446708568695	280.98081853943955	-68.14770463485989	280.98081853943955	280.98081853943955	-280.98081853943955	-68.14770463485989	-68.14770463485989	68.14770463485989	570.3516370788791	280.98081853943955	68.14770463485989	68.14770463485989	-68.14770463485989	570.3516370788791	-280.98081853943955	570.3516370788791	-570.3516370788791	-272.5908185394395	68.14770463485989	68.14770463485989	-272.5908185394396	-68.14770463485989	8.39	68.14770463485989	280.98081853943955
873	-388.9122340165752	837.0948742179822	279.0316247393274	388.9122340165752	67.66040618483186	-566.4532494786548	-321.2518278317433	279.0316247393274	-67.66040618483186	279.0316247393274	279.0316247393274	-279.0316247393274	-67.66040618483186	-67.66040618483186	67.66040618483186	566.4532494786548	279.0316247393274	67.66040618483186	67.66040618483186	-67.66040618483186	566.4532494786548	-279.0316247393274	566.4532494786548	-566.4532494786548	-270.6416247393274	67.66040618483186	67.66040618483186	-270.6416247393274	-67.66040618483186	8.39	67.66040618483186	279.0316247393274
874	-375.5478267796074	807.9361675191435	269.3120558397145	375.5478267796074	65.23051395992863	-547.014111679429	-310.3173128196788	269.3120558397145	-65.23051395992863	269.3120558397145	269.3120558397145	-269.3120558397145	-65.23051395992863	-65.23051395992863	65.23051395992863	547.014111679429	269.3120558397145	65.23051395992863	65.23051395992863	-65.23051395992863	547.014111679429	-269.3120558397145	547.014111679429	-547.014111679429	-260.9220558397145	65.23051395992863	65.23051395992863	-260.9220558397145	-65.23051395992863	8.39	65.23051395992863	269.3120558397145
875	-373.93759863726547	804.4229424813066	268.14098082710217	373.93759863726547	64.93774520677555	-544.6719616542043	-308.9998534304899	268.14098082710217	-64.93774520677555	268.14098082710217	268.14098082710217	-268.14098082710217	-64.93774520677555	-64.93774520677555	64.93774520677555	544.6719616542043	268.14098082710217	64.93774520677555	64.93774520677555	-64.93774520677555	544.6719616542043	-268.14098082710217	544.6719616542043	-544.6719616542043	-259.7509808271021	64.93774520677555	64.93774520677555	-259.75098082710224	-64.93774520677555	8.39	64.93774520677555	268.14098082710217
876	-372.329510321589	800.9143861561943	266.97146205206474	372.329510321589	64.64536551301619	-542.3329241041295	-307.6841448085728	266.97146205206474	-64.64536551301619	266.97146205206474	266.97146205206474	-266.97146205206474	-64.64536551301619	-64.64536551301619	64.64536551301619	542.3329241041295	266.97146205206474	64.64536551301619	64.64536551301619	-64.64536551301619	542.3329241041295	-266.97146205206474	542.3329241041295	-542.3329241041295	-258.5814620520647	64.64536551301619	64.64536551301619	-258.5814620520648	-64.64536551301619	8.39	64.64536551301619	266.97146205206474
877	-326.06956059662275	699.9835867562679	233.3278622520893	326.06956059662275	56.234465563022326	-475.04572450417857	-269.83509503360045	233.3278622520893	-56.234465563022326	233.3278622520893	233.3278622520893	-233.3278622520893	-56.234465563022326	-56.234465563022326	56.234465563022326	475.04572450417857	233.3278622520893	56.234465563022326	56.234465563022326	-56.234465563022326	475.04572450417857	-233.3278622520893	475.04572450417857	-475.04572450417857	-224.9378622520893	56.234465563022326	56.234465563022326	-224.9378622520893	-56.234465563022326	8.39	56.234465563022326	233.3278622520893
878	-257.31983559662274	549.9841867562678	183.32806225208927	257.31983559662274	43.73451556302231	-375.0461245041786	-213.58532003360042	183.32806225208927	-43.73451556302231	183.32806225208927	183.32806225208927	-183.32806225208927	-43.73451556302231	-43.73451556302231	43.73451556302231	375.0461245041786	183.32806225208927	43.73451556302231	43.73451556302231	-43.73451556302231	375.0461245041786	-183.32806225208927	375.0461245041786	-375.0461245041786	-174.93806225208925	43.73451556302231	43.73451556302231	-174.93806225208925	-43.73451556302231	8.39	43.73451556302231	183.3280622520893
879	-248.24155262979622	530.1770239195555	176.72567463985183	248.24155262979622	42.08391865996296	-361.84134927970365	-206.15763396983326	176.72567463985183	-42.08391865996296	176.72567463985183	176.72567463985183	-176.72567463985183	-42.08391865996296	-42.08391865996296	42.08391865996296	361.84134927970365	176.72567463985183	42.08391865996296	42.08391865996296	-42.08391865996296	361.84134927970365	-176.72567463985183	361.84134927970365	-361.84134927970365	-168.3356746398518	42.08391865996296	42.08391865996296	-168.33567463985185	-42.08391865996296	8.39	42.08391865996296	176.72567463985183
880	-209.75848245431564	446.2139617185068	148.73798723950227	209.75848245431564	35.08699680987557	-305.86597447900454	-174.67148564444005	148.73798723950227	-35.08699680987557	148.73798723950227	148.73798723950227	-148.73798723950227	-35.08699680987557	-35.08699680987557	35.08699680987557	305.86597447900454	148.73798723950227	35.08699680987557	35.08699680987557	-35.08699680987557	305.86597447900454	-148.73798723950227	305.86597447900454	-305.86597447900454	-140.3479872395023	35.08699680987557	35.08699680987557	-140.3479872395023	-35.08699680987557	8.39	35.08699680987557	148.73798723950227
881	-201.71787792196614	428.670824557017	142.890274852339	201.71787792196614	33.625068713084744	-294.170549704678	-168.0928092088814	142.890274852339	-33.625068713084744	142.890274852339	142.890274852339	-142.890274852339	-33.625068713084744	-33.625068713084744	33.625068713084744	294.170549704678	142.890274852339	33.625068713084744	33.625068713084744	-33.625068713084744	294.170549704678	-142.890274852339	294.170549704678	-294.170549704678	-134.500274852339	33.625068713084744	33.625068713084744	-134.50027485233898	-33.625068713084744	8.39	33.625068713084744	142.89027485233902
882	-195.26834594196905	414.59911841884156	138.19970613961385	195.26834594196905	32.452426534903466	-284.7894122792277	-162.81591940706556	138.19970613961385	-32.452426534903466	138.19970613961385	138.19970613961385	-138.19970613961385	-32.452426534903466	-32.452426534903466	32.452426534903466	284.7894122792277	138.19970613961385	32.452426534903466	32.452426534903466	-32.452426534903466	284.7894122792277	-138.19970613961385	284.7894122792277	-284.7894122792277	-129.80970613961384	32.452426534903466	32.452426534903466	-129.80970613961387	-32.452426534903466	8.39	32.452426534903466	138.19970613961385
883	-190.4440895713994	404.07346815578046	134.6911560519268	190.4440895713994	31.575289012981703	-277.77231210385366	-158.8688005584177	134.6911560519268	-31.575289012981703	134.6911560519268	134.6911560519268	-134.6911560519268	-31.575289012981703	-31.575289012981703	31.575289012981703	277.77231210385366	134.6911560519268	31.575289012981703	31.575289012981703	-31.575289012981703	277.77231210385366	-134.6911560519268	277.77231210385366	-277.77231210385366	-126.30115605192684	31.575289012981703	31.575289012981703	-126.3011560519268	-31.575289012981703	8.39	31.575289012981703	134.69115605192684
884	-211.89403800883116	450.87335565563166	150.29111855187722	211.89403800883116	35.47527963796931	-308.9722371037544	-176.41875837086184	150.29111855187722	-35.47527963796931	150.29111855187722	150.29111855187722	-150.29111855187722	-35.47527963796931	-35.47527963796931	35.47527963796931	308.9722371037544	150.29111855187722	35.47527963796931	35.47527963796931	-35.47527963796931	308.9722371037544	-150.29111855187722	308.9722371037544	-308.9722371037544	-141.90111855187718	35.47527963796931	35.47527963796931	-141.90111855187723	-35.47527963796931	8.39	35.47527963796931	150.29111855187722
885	-314.8129252338315	675.4236550556324	225.14121835187746	314.8129252338315	54.18780458796937	-458.6724367037549	-260.6251206458621	225.14121835187746	-54.18780458796937	225.14121835187746	225.14121835187746	-225.14121835187746	-54.18780458796937	-54.18780458796937	54.18780458796937	458.6724367037549	225.14121835187746	54.18780458796937	54.18780458796937	-54.18780458796937	458.6724367037549	-225.14121835187746	458.6724367037549	-458.6724367037549	-216.75121835187747	54.18780458796937	54.18780458796937	-216.75121835187747	-54.18780458796937	8.39	54.18780458796937	225.14121835187746
886	-361.0470595746965	776.298129981156	258.766043327052	361.0470595746965	62.594010831763	-525.922086654104	-298.4530487429335	258.766043327052	-62.594010831763	258.766043327052	258.766043327052	-258.766043327052	-62.594010831763	-62.594010831763	62.594010831763	525.922086654104	258.766043327052	62.594010831763	62.594010831763	-62.594010831763	525.922086654104	-258.766043327052	525.922086654104	-525.922086654104	-250.37604332705195	62.594010831763	62.594010831763	-250.376043327052	-62.594010831763	8.39	62.594010831763	258.766043327052
887	-347.0694541915401	745.8015364179057	248.6005121393019	347.0694541915401	60.05262803482548	-505.59102427860387	-287.0168261567146	248.6005121393019	-60.05262803482548	248.6005121393019	248.6005121393019	-248.6005121393019	-60.05262803482548	-60.05262803482548	60.05262803482548	505.59102427860387	248.6005121393019	60.05262803482548	60.05262803482548	-60.05262803482548	505.59102427860387	-248.6005121393019	505.59102427860387	-505.59102427860387	-240.2105121393018	60.05262803482548	60.05262803482548	-240.21051213930184	-60.05262803482548	8.39	60.05262803482548	248.60051213930194
888	-323.9179241074916	695.2891071436181	231.76303571453937	323.9179241074916	55.84325892863484	-471.9160714290788	-268.0746651788568	231.76303571453937	-55.84325892863484	231.76303571453937	231.76303571453937	-231.76303571453937	-55.84325892863484	-55.84325892863484	55.84325892863484	471.9160714290788	231.76303571453937	55.84325892863484	55.84325892863484	-55.84325892863484	471.9160714290788	-231.76303571453937	471.9160714290788	-471.9160714290788	-223.3730357145395	55.84325892863484	55.84325892863484	-223.37303571453936	-55.84325892863484	8.39	55.84325892863484	231.7630357145394
889	-252.50413856695303	539.4772114188066	179.8257371396022	252.50413856695303	42.858934284900556	-368.0414742792044	-209.64520428205248	179.8257371396022	-42.858934284900556	179.8257371396022	179.8257371396022	-179.8257371396022	-42.858934284900556	-42.858934284900556	42.858934284900556	368.0414742792044	179.8257371396022	42.858934284900556	42.858934284900556	-42.858934284900556	368.0414742792044	-179.8257371396022	368.0414742792044	-368.0414742792044	-171.43573713960234	42.858934284900556	42.858934284900556	-171.43573713960222	-42.858934284900556	8.39	42.858934284900556	179.82573713960218
890	-416.3723587590546	897.007873656119	299.00262455203966	416.3723587590546	72.65315613800992	-606.3952491040793	-343.71920262104464	299.00262455203966	-72.65315613800992	299.00262455203966	299.00262455203966	-299.00262455203966	-72.65315613800992	-72.65315613800992	72.65315613800992	606.3952491040793	299.00262455203966	72.65315613800992	72.65315613800992	-72.65315613800992	606.3952491040793	-299.00262455203966	606.3952491040793	-606.3952491040793	-290.6126245520396	72.65315613800992	72.65315613800992	-290.61262455203973	-72.65315613800992	8.39	72.65315613800992	299.00262455203966
891	-391.0563489119904	841.7729430807063	280.5909810269021	391.0563489119904	68.05024525672553	-569.5719620538042	-323.0061036552649	280.5909810269021	-68.05024525672553	280.5909810269021	280.5909810269021	-280.5909810269021	-68.05024525672553	-68.05024525672553	68.05024525672553	569.5719620538042	280.5909810269021	68.05024525672553	68.05024525672553	-68.05024525672553	569.5719620538042	-280.5909810269021	569.5719620538042	-569.5719620538042	-272.20098102690207	68.05024525672553	68.05024525672553	-272.2009810269021	-68.05024525672553	8.39	68.05024525672553	280.5909810269021
892	-371.7934837418501	799.744873618582	266.58162453952735	371.7934837418501	64.54790613488184	-541.5532490790547	-307.24557760696825	266.58162453952735	-64.54790613488184	266.58162453952735	266.58162453952735	-266.58162453952735	-64.54790613488184	-64.54790613488184	64.54790613488184	541.5532490790547	266.58162453952735	64.54790613488184	64.54790613488184	-64.54790613488184	541.5532490790547	-266.58162453952735	541.5532490790547	-541.5532490790547	-258.1916245395275	64.54790613488184	64.54790613488184	-258.1916245395273	-64.54790613488184	8.39	64.54790613488184	266.58162453952735
893	-283.7176416291094	607.5793999180569	202.5264666393523	283.7176416291094	48.53411665983808	-413.4429332787046	-235.1835249692713	202.5264666393523	-48.53411665983808	202.5264666393523	202.5264666393523	-202.5264666393523	-48.53411665983808	-48.53411665983808	48.53411665983808	413.4429332787046	202.5264666393523	48.53411665983808	48.53411665983808	-48.53411665983808	413.4429332787046	-202.5264666393523	413.4429332787046	-413.4429332787046	-194.13646663935228	48.53411665983808	48.53411665983808	-194.1364666393523	-48.53411665983808	8.39	48.53411665983808	202.5264666393523
894	-344.39038476954534	739.9562940426445	246.65209801421483	344.39038476954534	59.5655245035537	-501.6941960284297	-284.8248602659916	246.65209801421483	-59.5655245035537	246.65209801421483	246.65209801421483	-246.65209801421483	-59.5655245035537	-59.5655245035537	59.5655245035537	501.6941960284297	246.65209801421483	59.5655245035537	59.5655245035537	-59.5655245035537	501.6941960284297	-246.65209801421483	501.6941960284297	-501.6941960284297	-238.26209801421479	59.5655245035537	59.5655245035537	-238.26209801421476	-59.5655245035537	8.39	59.5655245035537	246.65209801421486
895	-311.60852839966316	668.4322437810833	222.8107479270278	311.60852839966316	53.605186981756944	-454.0114958540556	-258.0033414179062	222.8107479270278	-53.605186981756944	222.8107479270278	222.8107479270278	-222.8107479270278	-53.605186981756944	-53.605186981756944	53.605186981756944	454.0114958540556	222.8107479270278	53.605186981756944	53.605186981756944	-53.605186981756944	454.0114958540556	-222.8107479270278	454.0114958540556	-454.0114958540556	-214.42074792702775	53.605186981756944	53.605186981756944	-214.42074792702772	-53.605186981756944	8.39	53.605186981756944	222.81074792702782
896	-388.3772794899957	835.9277007054452	278.6425669018151	388.3772794899957	67.56314172545378	-565.6751338036302	-320.81413776454195	278.6425669018151	-67.56314172545378	278.6425669018151	278.6425669018151	-278.6425669018151	-67.56314172545378	-67.56314172545378	67.56314172545378	565.6751338036302	278.6425669018151	67.56314172545378	67.56314172545378	-67.56314172545378	565.6751338036302	-278.6425669018151	565.6751338036302	-565.6751338036302	-270.2525669018152	67.56314172545378	67.56314172545378	-270.25256690181504	-67.56314172545378	8.39	67.56314172545378	278.6425669018151
897	-387.307366157183	833.593344342945	277.864448114315	387.307366157183	67.36861202857875	-564.11889622863	-319.9387541286043	277.864448114315	-67.36861202857875	277.864448114315	277.864448114315	-277.864448114315	-67.36861202857875	-67.36861202857875	67.36861202857875	564.11889622863	277.864448114315	67.36861202857875	67.36861202857875	-67.36861202857875	564.11889622863	-277.864448114315	564.11889622863	-564.11889622863	-269.47444811431495	67.36861202857875	67.36861202857875	-269.474448114315	-67.36861202857875	8.39	67.36861202857875	277.864448114315
898	-347.604412997773	746.9687192678684	248.98957308928948	347.604412997773	60.14989327232237	-506.36914617857894	-287.4545197254506	248.98957308928948	-60.14989327232237	248.98957308928948	248.98957308928948	-248.98957308928948	-60.14989327232237	-60.14989327232237	60.14989327232237	506.36914617857894	248.98957308928948	60.14989327232237	60.14989327232237	-60.14989327232237	506.36914617857894	-248.98957308928948	506.36914617857894	-506.36914617857894	-240.5995730892896	60.14989327232237	60.14989327232237	-240.5995730892895	-60.14989327232237	8.39	60.14989327232237	248.98957308928948
899	-424.96500661041097	915.7554689681695	305.25182298938984	424.96500661041097	74.21545574734746	-618.8936459787797	-350.7495508630635	305.25182298938984	-74.21545574734746	305.25182298938984	305.25182298938984	-305.25182298938984	-74.21545574734746	-74.21545574734746	74.21545574734746	618.8936459787797	305.25182298938984	74.21545574734746	74.21545574734746	-74.21545574734746	618.8936459787797	-305.25182298938984	618.8936459787797	-618.8936459787797	-296.8618229893898	74.21545574734746	74.21545574734746	-296.8618229893898	-74.21545574734746	8.39	74.21545574734746	305.25182298938984
900	-403.46359893520423	868.8433067677183	289.61443558923946	403.46359893520423	70.30610889730987	-587.6188711784789	-333.1574900378944	289.61443558923946	-70.30610889730987	289.61443558923946	289.61443558923946	-289.61443558923946	-70.30610889730987	-70.30610889730987	70.30610889730987	587.6188711784789	289.61443558923946	70.30610889730987	70.30610889730987	-70.30610889730987	587.6188711784789	-289.61443558923946	587.6188711784789	-587.6188711784789	-281.2244355892394	70.30610889730987	70.30610889730987	-281.2244355892394	-70.30610889730987	8.39	70.30610889730987	289.61443558923946
901	-285.3214417149952	611.0786001054441	203.6928667018147	285.3214417149952	48.82571667545368	-415.7757334036294	-236.49572503954153	203.6928667018147	-48.82571667545368	203.6928667018147	203.6928667018147	-203.6928667018147	-48.82571667545368	-48.82571667545368	48.82571667545368	415.7757334036294	203.6928667018147	48.82571667545368	48.82571667545368	-48.82571667545368	415.7757334036294	-203.6928667018147	415.7757334036294	-415.7757334036294	-195.30286670181465	48.82571667545368	48.82571667545368	-195.30286670181476	-48.82571667545368	8.39	48.82571667545368	203.6928667018147
902	-274.57501754784175	587.6318564680183	195.87728548933944	274.57501754784175	46.87182137233486	-400.14457097867887	-227.7031961755069	195.87728548933944	-46.87182137233486	195.87728548933944	195.87728548933944	-195.87728548933944	-46.87182137233486	-46.87182137233486	46.87182137233486	400.14457097867887	195.87728548933944	46.87182137233486	46.87182137233486	-46.87182137233486	400.14457097867887	-195.87728548933944	400.14457097867887	-400.14457097867887	-187.4872854893394	46.87182137233486	46.87182137233486	-187.48728548933946	-46.87182137233486	8.39	46.87182137233486	195.87728548933944
903	-218.8527821604104	466.05607016816816	155.3520233893894	218.8527821604104	36.74050584734734	-319.09404677877876	-182.11227631306306	155.3520233893894	-36.74050584734734	155.3520233893894	155.3520233893894	-155.3520233893894	-36.74050584734734	-36.74050584734734	36.74050584734734	319.09404677877876	155.3520233893894	36.74050584734734	36.74050584734734	-36.74050584734734	319.09404677877876	-155.3520233893894	319.09404677877876	-319.09404677877876	-146.96202338938943	36.74050584734734	36.74050584734734	-146.9620233893894	-36.74050584734734	8.39	36.74050584734734	155.3520233893894
904	-319.6275544899953	685.9283007054443	228.64276690181475	319.6275544899953	55.063191725453684	-465.6755338036295	-264.5643627645416	228.64276690181475	-55.063191725453684	228.64276690181475	228.64276690181475	-228.64276690181475	-55.063191725453684	-55.063191725453684	55.063191725453684	465.6755338036295	228.64276690181475	55.063191725453684	55.063191725453684	-55.063191725453684	465.6755338036295	-228.64276690181475	465.6755338036295	-465.6755338036295	-220.25276690181477	55.063191725453684	55.063191725453684	-220.25276690181477	-55.063191725453684	8.39	55.063191725453684	228.64276690181475
905	-421.21709162911014	907.5781999180584	302.5260666393528	421.21709162911014	73.5340166598382	-613.4421332787056	-347.68307496927196	302.5260666393528	-73.5340166598382	302.5260666393528	302.5260666393528	-302.5260666393528	-73.5340166598382	-73.5340166598382	73.5340166598382	613.4421332787056	302.5260666393528	73.5340166598382	73.5340166598382	-73.5340166598382	613.4421332787056	-302.5260666393528	613.4421332787056	-613.4421332787056	-294.1360666393528	73.5340166598382	73.5340166598382	-294.13606663935286	-73.5340166598382	8.39	73.5340166598382	302.5260666393528
906	-383.0276957072522	824.2558815430957	274.75196051436524	383.0276957072522	66.59049012859131	-557.8939210287305	-316.43720557866084	274.75196051436524	-66.59049012859131	274.75196051436524	274.75196051436524	-274.75196051436524	-66.59049012859131	-66.59049012859131	66.59049012859131	557.8939210287305	274.75196051436524	66.59049012859131	66.59049012859131	-66.59049012859131	557.8939210287305	-274.75196051436524	557.8939210287305	-557.8939210287305	-266.3619605143652	66.59049012859131	66.59049012859131	-266.36196051436525	-66.59049012859131	8.39	66.59049012859131	274.75196051436524
907	-379.82649793103326	817.2714500313451	272.42381667711504	379.82649793103326	66.00845416927876	-553.2376333542301	-313.8180437617545	272.42381667711504	-66.00845416927876	272.42381667711504	272.42381667711504	-272.42381667711504	-66.00845416927876	-66.00845416927876	66.00845416927876	553.2376333542301	272.42381667711504	66.00845416927876	66.00845416927876	-66.00845416927876	553.2376333542301	-272.42381667711504	553.2376333542301	-553.2376333542301	-264.0338166771151	66.00845416927876	66.00845416927876	-264.03381667711506	-66.00845416927876	8.39	66.00845416927876	272.42381667711504
908	-371.2585292152707	798.5777001060451	266.19256670201503	371.2585292152707	64.45064167550376	-540.77513340403	-306.8078875397669	266.19256670201503	-64.45064167550376	266.19256670201503	266.19256670201503	-266.19256670201503	-64.45064167550376	-64.45064167550376	64.45064167550376	540.77513340403	266.19256670201503	64.45064167550376	64.45064167550376	-64.45064167550376	540.77513340403	-266.19256670201503	540.77513340403	-540.77513340403	-257.80256670201504	64.45064167550376	64.45064167550376	-257.80256670201504	-64.45064167550376	8.39	64.45064167550376	266.19256670201503
909	-370.18861588245807	796.2433437435449	265.41444791451494	370.18861588245807	64.25611197862874	-539.2188958290299	-305.9325039038293	265.41444791451494	-64.25611197862874	265.41444791451494	265.41444791451494	-265.41444791451494	-64.25611197862874	-64.25611197862874	64.25611197862874	539.2188958290299	265.41444791451494	64.25611197862874	64.25611197862874	-64.25611197862874	539.2188958290299	-265.41444791451494	539.2188958290299	-539.2188958290299	-257.02444791451495	64.25611197862874	64.25611197862874	-257.024447914515	-64.25611197862874	8.39	64.25611197862874	265.41444791451494
910	-343.85649801647173	738.7914502177566	246.2638167392522	343.85649801647173	59.468454184813055	-500.9176334785044	-284.38804383165865	246.2638167392522	-59.468454184813055	246.2638167392522	246.2638167392522	-246.2638167392522	-59.468454184813055	-59.468454184813055	59.468454184813055	500.9176334785044	246.2638167392522	59.468454184813055	59.468454184813055	-59.468454184813055	500.9176334785044	-246.2638167392522	500.9176334785044	-500.9176334785044	-237.8738167392522	59.468454184813055	59.468454184813055	-237.87381673925222	-59.468454184813055	8.39	59.468454184813055	246.2638167392522
911	-314.27797070725205	674.2564815430954	224.75216051436516	314.27797070725205	54.090540128591286	-457.89432102873036	-260.1874305786608	224.75216051436516	-54.090540128591286	224.75216051436516	224.75216051436516	-224.75216051436516	-54.090540128591286	-54.090540128591286	54.090540128591286	457.89432102873036	224.75216051436516	54.090540128591286	54.090540128591286	-54.090540128591286	457.89432102873036	-224.75216051436516	457.89432102873036	-457.89432102873036	-216.36216051436517	54.090540128591286	54.090540128591286	-216.3621605143651	-54.090540128591286	8.39	54.090540128591286	224.7521605143652
912	-313.74408395417856	673.091637718208	224.36387923940265	313.74408395417856	53.993469809850666	-457.1177584788053	-259.75061414432787	224.36387923940265	-53.993469809850666	224.36387923940265	224.36387923940265	-224.36387923940265	-53.993469809850666	-53.993469809850666	53.993469809850666	457.1177584788053	224.36387923940265	53.993469809850666	53.993469809850666	-53.993469809850666	457.1177584788053	-224.36387923940265	457.1177584788053	-457.1177584788053	-215.97387923940263	53.993469809850666	53.993469809850666	-215.97387923940266	-53.993469809850666	8.39	53.993469809850666	224.36387923940265
913	-255.17465292770117	545.3037882058936	181.76792940196455	255.17465292770117	43.344482350491134	-371.92585880392915	-211.83017057721005	181.76792940196455	-43.344482350491134	181.76792940196455	181.76792940196455	-181.76792940196455	-43.344482350491134	-43.344482350491134	43.344482350491134	371.92585880392915	181.76792940196455	43.344482350491134	43.344482350491134	-43.344482350491134	371.92585880392915	-181.76792940196455	371.92585880392915	-371.92585880392915	-173.3779294019645	43.344482350491134	43.344482350491134	-173.37792940196448	-43.344482350491134	8.39	43.344482350491134	181.76792940196458
914	-254.10473959488885	542.969431843394	180.98981061446466	254.10473959488885	43.14995265361617	-370.3696212289293	-210.9547869412727	180.98981061446466	-43.14995265361617	180.98981061446466	180.98981061446466	-180.98981061446466	-43.14995265361617	-43.14995265361617	43.14995265361617	370.3696212289293	180.98981061446466	43.14995265361617	43.14995265361617	-43.14995265361617	370.3696212289293	-180.98981061446466	370.3696212289293	-370.3696212289293	-172.59981061446464	43.14995265361617	43.14995265361617	-172.59981061446467	-43.14995265361617	8.39	43.14995265361617	180.98981061446466
915	-250.3696550655968	534.8201565067567	178.27338550225224	250.3696550655968	42.470846375563056	-364.9367710045045	-207.89880869003372	178.27338550225224	-42.470846375563056	178.27338550225224	178.27338550225224	-178.27338550225224	-42.470846375563056	-42.470846375563056	42.470846375563056	364.9367710045045	178.27338550225224	42.470846375563056	42.470846375563056	-42.470846375563056	364.9367710045045	-178.27338550225224	364.9367710045045	-364.9367710045045	-169.88338550225225	42.470846375563056	42.470846375563056	-169.88338550225217	-42.470846375563056	8.39	42.470846375563056	178.27338550225227
916	-284.25152838218304	608.7442437429448	202.91474791431494	284.25152838218304	48.63118697857874	-414.2194958286299	-235.6203414036043	202.91474791431494	-48.63118697857874	202.91474791431494	202.91474791431494	-202.91474791431494	-48.63118697857874	-48.63118697857874	48.63118697857874	414.2194958286299	202.91474791431494	48.63118697857874	48.63118697857874	-48.63118697857874	414.2194958286299	-202.91474791431494	414.2194958286299	-414.2194958286299	-194.52474791431518	48.63118697857874	48.63118697857874	-194.52474791431496	-48.63118697857874	8.39	48.63118697857874	202.91474791431492
917	-369.65472912938486	795.0784999186578	265.0261666395526	369.65472912938486	64.15904165988816	-538.4423332791052	-305.4956874694967	265.0261666395526	-64.15904165988816	265.0261666395526	265.0261666395526	-265.0261666395526	-64.15904165988816	-64.15904165988816	64.15904165988816	538.4423332791052	265.0261666395526	64.15904165988816	64.15904165988816	-64.15904165988816	538.4423332791052	-265.0261666395526	538.4423332791052	-538.4423332791052	-256.6361666395526	64.15904165988816	64.15904165988816	-256.63616663955264	-64.15904165988816	8.39	64.15904165988816	265.0261666395526
918	-345.4602981023575	742.2906504051437	247.43021680171455	345.4602981023575	59.76005420042864	-503.2504336034291	-285.70024390192884	247.43021680171455	-59.76005420042864	247.43021680171455	247.43021680171455	-247.43021680171455	-59.76005420042864	-59.76005420042864	59.76005420042864	503.2504336034291	247.43021680171455	59.76005420042864	59.76005420042864	-59.76005420042864	503.2504336034291	-247.43021680171455	503.2504336034291	-503.2504336034291	-239.04021680171445	59.76005420042864	59.76005420042864	-239.04021680171454	-59.76005420042864	8.39	59.76005420042864	247.43021680171455
919	-312.1424151527366	669.5970876059707	223.19902920199024	312.1424151527366	53.702257300497564	-454.7880584039805	-258.44015785223905	223.19902920199024	-53.70225730049756	223.19902920199024	223.19902920199024	-223.19902920199024	-53.70225730049756	-53.702257300497564	53.70225730049756	454.7880584039805	223.19902920199024	53.702257300497564	53.702257300497564	-53.702257300497564	454.7880584039805	-223.19902920199024	454.7880584039805	-454.7880584039805	-214.80902920199026	53.702257300497564	53.70225730049756	-214.80902920199023	-53.702257300497564	8.39	53.70225730049756	223.19902920199024
920	-310.54288617796004	666.1072062064583	222.03573540215277	310.54288617796004	53.41143385053819	-452.4614708043056	-257.13145232742187	222.03573540215277	-53.41143385053819	222.03573540215277	222.03573540215277	-222.03573540215277	-53.41143385053819	-53.41143385053819	53.41143385053819	452.4614708043056	222.03573540215277	53.41143385053819	53.41143385053819	-53.41143385053819	452.4614708043056	-222.03573540215277	452.4614708043056	-452.4614708043056	-213.64573540215278	53.41143385053819	53.41143385053819	-213.6457354021527	-53.41143385053819	8.39	53.41143385053819	222.0357354021528
921	-251.43529728730033	537.1451940813826	179.04839802712752	251.43529728730033	42.66459950678188	-366.486796054255	-208.77069778051845	179.04839802712752	-42.66459950678188	179.04839802712752	179.04839802712752	-179.04839802712752	-42.66459950678188	-42.66459950678188	42.66459950678188	366.486796054255	179.04839802712752	42.66459950678188	42.66459950678188	-42.66459950678188	366.486796054255	-179.04839802712752	366.486796054255	-366.486796054255	-170.6583980271275	42.66459950678188	42.66459950678188	-170.65839802712753	-42.66459950678188	8.39	42.66459950678188	179.04839802712752
922	-318.0237544041096	682.4291005180573	227.47636683935247	318.0237544041096	54.77159170983812	-463.3427336787049	-263.2521626942715	227.47636683935247	-54.77159170983812	227.47636683935247	227.47636683935247	-227.47636683935247	-54.77159170983812	-54.77159170983812	54.77159170983812	463.3427336787049	227.47636683935247	54.77159170983812	54.77159170983812	-54.77159170983812	463.3427336787049	-227.47636683935247	463.3427336787049	-463.3427336787049	-219.08636683935254	54.77159170983812	54.77159170983812	-219.08636683935242	-54.77159170983812	8.39	54.77159170983812	227.47636683935244
923	-321.77166938541063	690.6063695681687	230.20212318938957	321.77166938541063	55.453030797347395	-468.7942463787791	-266.3186385880632	230.20212318938957	-55.453030797347395	230.20212318938957	230.20212318938957	-230.20212318938957	-55.453030797347395	-55.453030797347395	55.453030797347395	468.7942463787791	230.20212318938957	55.453030797347395	55.453030797347395	-55.453030797347395	468.7942463787791	-230.20212318938957	468.7942463787791	-468.7942463787791	-221.81212318938958	55.453030797347395	55.453030797347395	-221.81212318938958	-55.453030797347395	8.39	55.453030797347395	230.20212318938954
924	-421.7509783821833	908.7430437429451	302.91434791431504	421.7509783821833	73.63108697857876	-614.2186958286301	-348.1198914036045	302.91434791431504	-73.63108697857876	302.91434791431504	302.91434791431504	-302.91434791431504	-73.63108697857876	-73.63108697857876	73.63108697857876	614.2186958286301	302.91434791431504	73.63108697857876	73.63108697857876	-73.63108697857876	614.2186958286301	-302.91434791431504	614.2186958286301	-614.2186958286301	-294.5243479143149	73.63108697857876	73.63108697857876	-294.52434791431506	-73.63108697857876	8.39	73.63108697857876	302.91434791431504
925	-386.77454717761606	832.4308302057077	277.4769434019026	386.77454717761606	67.27173585047565	-563.3438868038052	-319.5028113271404	277.4769434019026	-67.27173585047565	277.4769434019026	277.4769434019026	-277.4769434019026	-67.27173585047565	-67.27173585047565	67.27173585047565	563.3438868038052	277.4769434019026	67.27173585047565	67.27173585047565	-67.27173585047565	563.3438868038052	-277.4769434019026	563.3438868038052	-563.3438868038052	-269.0869434019025	67.27173585047565	67.27173585047565	-269.08694340190254	-67.27173585047565	8.39	67.27173585047565	277.4769434019026
926	-334.7149417087101	718.8462364553675	239.61541215178917	334.7149417087101	57.80635303794728	-487.6208243035784	-276.9085886707628	239.61541215178917	-57.80635303794728	239.61541215178917	239.61541215178917	-239.61541215178917	-57.80635303794728	-57.806353037947304	57.80635303794728	487.6208243035784	239.61541215178917	57.80635303794728	57.80635303794728	-57.80635303794728	487.6208243035784	-239.61541215178917	487.6208243035784	-487.6208243035784	-231.22541215178907	57.806353037947304	57.80635303794728	-231.2254121517891	-57.80635303794728	8.39	57.80635303794728	239.6154121517892
927	-373.40264411068574	803.255768968769	267.7519229895897	373.40264411068574	64.84048074739742	-543.8938459791793	-308.56216336328833	267.7519229895897	-64.84048074739742	267.7519229895897	267.7519229895897	-267.7519229895897	-64.84048074739742	-64.84048074739742	64.84048074739742	543.8938459791793	267.7519229895897	64.84048074739742	64.84048074739742	-64.84048074739742	543.8938459791793	-267.7519229895897	543.8938459791793	-543.8938459791793	-259.36192298958986	64.84048074739742	64.84048074739742	-259.36192298958963	-64.84048074739742	8.39	64.84048074739742	267.7519229895897
928	-292.8280222698202	627.4565940432441	209.1521980144147	292.8280222698202	50.19054950360367	-426.6943960288294	-242.63747276621655	209.1521980144147	-50.19054950360367	209.1521980144147	209.1521980144147	-209.1521980144147	-50.19054950360367	-50.19054950360367	50.19054950360367	426.6943960288294	209.1521980144147	50.19054950360367	50.19054950360367	-50.19054950360367	426.6943960288294	-209.1521980144147	426.6943960288294	-426.6943960288294	-200.7621980144146	50.19054950360367	50.19054950360367	-200.7621980144147	-50.19054950360367	8.39	50.19054950360367	209.1521980144147
929	-292.2941355167468	626.2917502183566	208.76391673945218	292.2941355167468	50.09347918486305	-425.9178334789044	-242.20065633188375	208.76391673945218	-50.09347918486305	208.76391673945218	208.76391673945218	-208.76391673945218	-50.09347918486305	-50.09347918486305	50.09347918486305	425.9178334789044	208.76391673945218	50.09347918486305	50.09347918486305	-50.09347918486305	425.9178334789044	-208.76391673945218	425.9178334789044	-425.9178334789044	-200.3739167394521	50.09347918486305	50.09347918486305	-200.37391673945217	-50.09347918486305	8.39	50.09347918486305	208.7639167394522
930	-422.8208917149955	911.0774001054449	303.69246670181496	422.8208917149955	73.82561667545374	-615.7749334036299	-348.99527503954175	303.69246670181496	-73.82561667545374	303.69246670181496	303.69246670181496	-303.69246670181496	-73.82561667545374	-73.82561667545374	73.82561667545374	615.7749334036299	303.69246670181496	73.82561667545374	73.82561667545374	-73.82561667545374	615.7749334036299	-303.69246670181496	615.7749334036299	-615.7749334036299	-295.3024667018149	73.82561667545374	73.82561667545374	-295.302466701815	-73.82561667545374	8.39	73.82561667545374	303.69246670181496
931	-390.52139438541093	840.6057695681692	280.20192318938973	390.52139438541093	67.95298079734744	-568.7938463787794	-322.5684135880635	280.20192318938973	-67.95298079734744	280.20192318938973	280.20192318938973	-280.20192318938973	-67.95298079734744	-67.95298079734744	67.95298079734744	568.7938463787794	280.20192318938973	67.95298079734744	67.95298079734744	-67.95298079734744	568.7938463787794	-280.20192318938973	568.7938463787794	-568.7938463787794	-271.8119231893898	67.95298079734744	67.95298079734744	-271.81192318938974	-67.95298079734744	8.39	67.95298079734744	280.20192318938973
932	-293.89793560263246	629.7909504057435	209.9303168019145	293.89793560263246	50.38507920047863	-428.250633603829	-243.51285640215386	209.9303168019145	-50.38507920047863	209.9303168019145	209.9303168019145	-209.9303168019145	-50.38507920047863	-50.38507920047863	50.38507920047863	428.250633603829	209.9303168019145	50.38507920047863	50.38507920047863	-50.38507920047863	428.250633603829	-209.9303168019145	428.250633603829	-428.250633603829	-201.54031680191454	50.38507920047863	50.38507920047863	-201.5403168019145	-50.38507920047863	8.39	50.38507920047863	209.9303168019145
933	-208.68964117466282	443.8819443810826	147.96064812702753	208.68964117466282	34.892662031756885	-304.31129625405504	-173.79697914290594	147.96064812702753	-34.892662031756885	147.96064812702753	147.96064812702753	-147.96064812702753	-34.892662031756885	-34.892662031756885	34.892662031756885	304.31129625405504	147.96064812702753	34.892662031756885	34.892662031756885	-34.892662031756885	304.31129625405504	-147.96064812702753	304.31129625405504	-304.31129625405504	-139.57064812702754	34.892662031756885	34.892662031756885	-139.57064812702754	-34.892662031756885	8.39	34.892662031756885	147.96064812702753
934	-232.7575042069078	496.3936455423443	165.46454851411477	232.7575042069078	39.268637128528695	-339.3190970282295	-193.48886707837912	165.46454851411477	-39.268637128528695	165.46454851411477	165.46454851411477	-165.46454851411477	-39.268637128528695	-39.268637128528695	39.268637128528695	339.3190970282295	165.46454851411477	39.268637128528695	39.268637128528695	-39.268637128528695	339.3190970282295	-165.46454851411477	339.3190970282295	-339.3190970282295	-157.07454851411475	39.268637128528695	39.268637128528695	-157.07454851411478	-39.268637128528695	8.39	39.268637128528695	165.46454851411477
935	-243.98003874579877	520.8791754453791	173.6263918151264	243.98003874579877	41.3090979537816	-355.6427836302528	-202.67094079201718	173.6263918151264	-41.3090979537816	173.6263918151264	173.6263918151264	-173.6263918151264	-41.3090979537816	-41.3090979537816	41.3090979537816	355.6427836302528	173.6263918151264	41.3090979537816	41.3090979537816	-41.3090979537816	355.6427836302528	-173.6263918151264	355.6427836302528	-355.6427836302528	-165.2363918151264	41.3090979537816	41.3090979537816	-165.23639181512635	-41.3090979537816	8.39	41.3090979537816	173.6263918151264
936	-300.3388739357541	643.843906768918	214.61463558963936	300.3388739357541	51.556158897409844	-437.6192711792787	-248.7827150383443	214.61463558963936	-51.556158897409844	214.61463558963936	214.61463558963936	-214.61463558963936	-51.556158897409844	-51.556158897409844	51.556158897409844	437.6192711792787	214.61463558963936	51.556158897409844	51.556158897409844	-51.556158897409844	437.6192711792787	-214.61463558963936	437.6192711792787	-437.6192711792787	-206.22463558963932	51.556158897409844	51.556158897409844	-206.22463558963932	-51.556158897409844	8.39	51.556158897409844	214.61463558963936
937	-455.2326242104793	981.7939073683185	327.2646357894395	455.2326242104793	79.71865894735988	-662.919271578879	-375.5139652631194	327.2646357894395	-79.71865894735988	327.2646357894395	327.2646357894395	-327.2646357894395	-79.71865894735988	-79.71865894735988	79.71865894735988	662.919271578879	327.2646357894395	79.71865894735988	79.71865894735988	-79.71865894735988	662.919271578879	-327.2646357894395	662.919271578879	-662.919271578879	-318.8746357894397	79.71865894735988	79.71865894735988	-318.87463578943954	-79.71865894735988	8.39	79.71865894735988	327.2646357894395
938	-232.2236174538344	495.22880171745686	165.0762672391523	232.2236174538344	39.171566809788075	-338.54253447830456	-193.05205064404635	165.0762672391523	-39.171566809788075	165.0762672391523	165.0762672391523	-165.0762672391523	-39.171566809788075	-39.171566809788075	39.171566809788075	338.54253447830456	165.0762672391523	39.171566809788075	39.171566809788075	-39.171566809788075	338.54253447830456	-165.0762672391523	338.54253447830456	-338.54253447830456	-156.6862672391523	39.171566809788075	39.171566809788075	-156.6862672391523	-39.171566809788075	8.39	39.171566809788075	165.0762672391523
939	-226.3422782024611	482.3967888053697	160.7989296017899	226.3422782024611	38.10223240044748	-329.9878592035798	-188.24004580201364	160.7989296017899	-38.10223240044748	160.7989296017899	160.7989296017899	-160.7989296017899	-38.10223240044748	-38.10223240044748	38.10223240044748	329.9878592035798	160.7989296017899	38.10223240044748	38.10223240044748	-38.10223240044748	329.9878592035798	-160.7989296017899	329.9878592035798	-329.9878592035798	-152.4089296017899	38.10223240044748	38.10223240044748	-152.4089296017899	-38.10223240044748	8.39	38.10223240044748	160.7989296017899
940	-215.63875393218248	459.0436449429436	153.01454831431454	215.63875393218248	36.15613707857864	-314.41909662862906	-179.48261685360384	153.01454831431454	-36.15613707857864	153.01454831431454	153.01454831431454	-153.01454831431454	-36.15613707857864	-36.15613707857864	36.15613707857864	314.41909662862906	153.01454831431454	36.15613707857864	36.15613707857864	-36.15613707857864	314.41909662862906	-153.01454831431454	314.41909662862906	-314.41909662862906	-144.62454831431452	36.15613707857864	36.15613707857864	-144.62454831431455	-36.15613707857864	8.39	36.15613707857864	153.01454831431454
941	-210.82519672917832	448.54133831820724	149.5137794394024	210.82519672917832	35.28094485985061	-307.4175588788048	-175.5442518693277	149.5137794394024	-35.28094485985061	149.5137794394024	149.5137794394024	-149.5137794394024	-35.28094485985061	-35.28094485985061	35.28094485985061	307.4175588788048	149.5137794394024	35.28094485985061	35.28094485985061	-35.28094485985061	307.4175588788048	-149.5137794394024	307.4175588788048	-307.4175588788048	-141.12377943940237	35.28094485985061	35.28094485985061	-141.12377943940243	-35.28094485985061	8.39	35.28094485985061	149.5137794394024
942	-189.90913504481986	402.90629464324337	134.30209821441446	189.90913504481986	31.478024553603614	-276.9941964288289	-158.43111049121626	134.30209821441446	-31.478024553603614	134.30209821441446	134.30209821441446	-134.30209821441446	-31.478024553603614	-31.478024553603614	31.478024553603614	276.9941964288289	134.30209821441446	31.478024553603614	31.478024553603614	-31.478024553603614	276.9941964288289	-134.30209821441446	276.9941964288289	-276.9941964288289	-125.91209821441453	31.478024553603614	31.478024553603614	-125.91209821441446	-31.478024553603614	8.39	31.478024553603614	134.30209821441446
943	-253.57085284181562	541.8045880185068	180.60152933950226	253.57085284181562	43.05288233487556	-369.59305867900457	-210.51797050694006	180.60152933950226	-43.05288233487556	180.60152933950226	180.60152933950226	-180.60152933950226	-43.05288233487556	-43.05288233487556	43.05288233487556	369.59305867900457	180.60152933950226	43.05288233487556	43.05288233487556	-43.05288233487556	369.59305867900457	-180.60152933950226	369.59305867900457	-369.59305867900457	-172.21152933950225	43.05288233487556	43.05288233487556	-172.21152933950225	-43.05288233487556	8.39	43.05288233487556	180.6015293395023
944	-235.97153243513552	503.4060707675684	167.80202358918947	235.97153243513552	39.85300589729737	-343.994047178379	-196.11852653783814	167.80202358918947	-39.85300589729737	167.80202358918947	167.80202358918947	-167.80202358918947	-39.85300589729737	-39.85300589729738	39.85300589729737	343.994047178379	167.80202358918947	39.85300589729737	39.85300589729737	-39.85300589729737	343.994047178379	-167.80202358918947	343.994047178379	-343.994047178379	-159.4120235891895	39.85300589729738	39.85300589729737	-159.4120235891894	-39.85300589729737	8.39	39.85300589729737	167.8020235891895
945	-384.09760904006447	826.5902379055949	275.530079301865	384.09760904006447	66.78501982546625	-559.45015860373	-317.31258921459823	275.530079301865	-66.78501982546625	275.530079301865	275.530079301865	-275.530079301865	-66.78501982546625	-66.78501982546625	66.78501982546625	559.45015860373	275.530079301865	66.78501982546625	66.78501982546625	-66.78501982546625	559.45015860373	-275.530079301865	559.45015860373	-559.45015860373	-267.1400793018648	66.78501982546625	66.78501982546625	-267.14007930186494	-66.78501982546625	8.39	66.78501982546625	275.530079301865
946	-381.42816673247574	820.7660001435831	273.58866671452773	381.42816673247574	66.29966667863194	-555.5673334290555	-315.1285000538438	273.58866671452773	-66.29966667863194	273.58866671452773	273.58866671452773	-273.58866671452773	-66.29966667863194	-66.29966667863192	66.29966667863194	555.5673334290555	273.58866671452773	66.29966667863194	66.29966667863194	-66.29966667863194	555.5673334290555	-273.58866671452773	555.5673334290555	-555.5673334290555	-265.1986667145275	66.29966667863192	66.29966667863194	-265.1986667145277	-66.29966667863194	8.39	66.29966667863194	273.58866671452773
947	-360.51210504811695	775.1309564686187	258.37698548953955	360.51210504811695	62.49674637238489	-525.1439709790791	-298.01535867573205	258.37698548953955	-62.49674637238489	258.37698548953955	258.37698548953955	-258.37698548953955	-62.49674637238489	-62.496746372384905	62.49674637238489	525.1439709790791	258.37698548953955	62.49674637238489	62.49674637238489	-62.49674637238489	525.1439709790791	-258.37698548953955	525.1439709790791	-525.1439709790791	-249.98698548953956	62.496746372384905	62.49674637238489	-249.98698548953962	-62.49674637238489	8.39	62.49674637238489	258.37698548953955
948	-351.9012364354791	756.3436067683178	252.1145355894393	351.9012364354791	60.93113389735983	-512.6190711788786	-290.9701025381193	252.1145355894393	-60.93113389735983	252.1145355894393	252.1145355894393	-252.1145355894393	-60.93113389735983	-60.931133897359814	60.93113389735983	512.6190711788786	252.1145355894393	60.93113389735983	60.93113389735983	-60.93113389735983	512.6190711788786	-252.1145355894393	512.6190711788786	-512.6190711788786	-243.72453558943914	60.931133897359814	60.93113389735983	-243.72453558943926	-60.93113389735983	8.39	60.93113389735983	252.1145355894393
949	-315.34788404006423	676.5908379055948	225.5302793018649	315.34788404006423	54.28506982546623	-459.45055860372986	-261.062814214598	225.5302793018649	-54.28506982546623	225.5302793018649	225.5302793018649	-225.5302793018649	-54.28506982546623	-54.28506982546623	54.28506982546623	459.45055860372986	225.5302793018649	54.28506982546623	54.28506982546623	-54.28506982546623	459.45055860372986	-225.5302793018649	459.45055860372986	-459.45055860372986	-217.14027930186492	54.28506982546623	54.28506982546623	-217.1402793018649	-54.28506982546623	8.39	54.28506982546623	225.53027930186494
950	-247.17271135014346	527.8450065821312	175.94833552737705	247.17271135014346	41.88958388184427	-360.28667105475415	-205.2831274682992	175.94833552737705	-41.88958388184427	175.94833552737705	175.94833552737705	-175.94833552737705	-41.88958388184427	-41.88958388184427	41.88958388184427	360.28667105475415	175.94833552737705	41.88958388184427	41.88958388184427	-41.88958388184427	360.28667105475415	-175.94833552737705	360.28667105475415	-360.28667105475415	-167.55833552737704	41.88958388184427	41.88958388184427	-167.55833552737704	-41.88958388184427	8.39	41.88958388184427	175.94833552737708
951	-246.10706912844014	525.5199690075058	175.17332300250192	246.10706912844014	41.69583075062548	-358.7366460050039	-204.41123837781467	175.17332300250192	-41.69583075062548	175.17332300250192	175.17332300250192	-175.17332300250192	-41.69583075062548	-41.69583075062548	41.69583075062548	358.7366460050039	175.17332300250192	41.69583075062548	41.69583075062548	-41.69583075062548	358.7366460050039	-175.17332300250192	358.7366460050039	-358.7366460050039	-166.78332300250187	41.69583075062548	41.69583075062548	-166.7833230025019	-41.69583075062548	8.39	41.69583075062548	175.17332300250195
952	-224.74274922768458	478.9069074058573	159.63563580195242	224.74274922768458	37.81140895048811	-327.6612716039049	-186.93134027719648	159.63563580195242	-37.81140895048811	159.63563580195242	159.63563580195242	-159.63563580195242	-37.81140895048811	-37.81140895048811	37.81140895048811	327.6612716039049	159.63563580195242	37.81140895048811	37.81140895048811	-37.81140895048811	327.6612716039049	-159.63563580195242	327.6612716039049	-327.6612716039049	-151.24563580195243	37.81140895048811	37.81140895048811	-151.2456358019524	-37.81140895048811	8.39	37.81140895048811	159.63563580195245
953	-207.6239989529596	441.5569068064573	147.18563560215242	207.6239989529596	34.69890890053811	-302.7612712043049	-172.9250900524215	147.18563560215242	-34.69890890053811	147.18563560215242	147.18563560215242	-147.18563560215242	-34.69890890053811	-34.69890890053811	34.69890890053811	302.7612712043049	147.18563560215242	34.69890890053811	34.69890890053811	-34.69890890053811	302.7612712043049	-147.18563560215242	302.7612712043049	-302.7612712043049	-138.79563560215237	34.69890890053811	34.69890890053811	-138.7956356021524	-34.69890890053811	8.39	34.69890890053811	147.18563560215244
954	-229.54774708978894	489.3905391049941	163.1301797016647	229.54774708978894	38.68504492541618	-334.6503594033294	-190.8627021643728	163.1301797016647	-38.68504492541618	163.1301797016647	163.1301797016647	-163.1301797016647	-38.68504492541618	-38.68504492541618	38.68504492541618	334.6503594033294	163.1301797016647	38.68504492541618	38.68504492541618	-38.68504492541618	334.6503594033294	-163.1301797016647	334.6503594033294	-334.6503594033294	-154.7401797016647	38.68504492541618	38.68504492541618	-154.74017970166472	-38.68504492541618	8.39	38.68504492541618	163.1301797016647
955	-212.42899681506393	452.0405385055941	150.6801795018647	212.42899681506393	35.57254487546618	-309.7503590037294	-176.85645193959775	150.6801795018647	-35.57254487546618	150.6801795018647	150.6801795018647	-150.6801795018647	-35.57254487546618	-35.57254487546618	35.57254487546618	309.7503590037294	150.6801795018647	35.57254487546618	35.57254487546618	-35.57254487546618	309.7503590037294	-150.6801795018647	309.7503590037294	-309.7503590037294	-142.29017950186469	35.57254487546618	35.57254487546618	-142.2901795018647	-35.57254487546618	8.39	35.57254487546618	150.6801795018647
956	-227.94394700390347	485.8913389176076	161.96377963920253	227.94394700390347	38.393444909800635	-332.31755927840504	-189.55050209410285	161.96377963920253	-38.393444909800635	161.96377963920253	161.96377963920253	-161.96377963920253	-38.393444909800635	-38.393444909800635	38.393444909800635	332.31755927840504	161.96377963920253	38.393444909800635	38.393444909800635	-38.393444909800635	332.31755927840504	-161.96377963920253	332.31755927840504	-332.31755927840504	-153.5737796392026	38.393444909800635	38.393444909800635	-153.57377963920254	-38.393444909800635	8.39	38.393444909800635	161.9637796392025
957	-190.97904837763207	405.24065100574273	135.08021700191426	190.97904837763207	31.672554250478566	-278.5504340038285	-159.3064941271535	135.08021700191426	-31.672554250478566	135.08021700191426	135.08021700191426	-135.08021700191426	-31.672554250478566	-31.672554250478566	31.672554250478566	278.5504340038285	135.08021700191426	31.672554250478566	31.672554250478566	-31.672554250478566	278.5504340038285	-135.08021700191426	278.5504340038285	-278.5504340038285	-126.69021700191433	31.672554250478566	31.672554250478566	-126.69021700191425	-31.672554250478566	8.39	31.672554250478566	135.08021700191426
958	-189.37524829174652	401.74145081835604	133.913816939452	189.37524829174652	31.380954234863	-276.21763387890405	-157.99429405688352	133.913816939452	-31.380954234863	133.913816939452	133.913816939452	-133.913816939452	-31.380954234863	-31.380954234863	31.380954234863	276.21763387890405	133.913816939452	31.380954234863	31.380954234863	-31.380954234863	276.21763387890405	-133.913816939452	276.21763387890405	-276.21763387890405	-125.52381693945199	31.380954234863	31.380954234863	-125.52381693945199	-31.380954234863	8.39	31.380954234863	133.91381693945203
959	-318.55764115718296	683.5939443429446	227.86464811431486	318.55764115718296	54.86866202857872	-464.11929622862976	-263.6889791286042	227.86464811431486	-54.86866202857872	227.86464811431486	227.86464811431486	-227.86464811431486	-54.86866202857872	-54.86866202857872	54.86866202857872	464.11929622862976	227.86464811431486	54.86866202857872	54.86866202857872	-54.86866202857872	464.11929622862976	-227.86464811431486	464.11929622862976	-464.11929622862976	-219.47464811431487	54.86866202857872	54.86866202857872	-219.47464811431485	-54.86866202857872	8.39	54.86866202857872	227.8646481143149
960	-233.82741753972007	498.72800190484384	166.2426673016146	233.82741753972007	39.463166825403654	-340.87533460322925	-194.36425071431643	166.2426673016146	-39.463166825403654	166.2426673016146	166.2426673016146	-166.2426673016146	-39.463166825403654	-39.46316682540365	39.463166825403654	340.87533460322925	166.2426673016146	39.463166825403654	39.463166825403654	-39.463166825403654	340.87533460322925	-166.2426673016146	340.87533460322925	-340.87533460322925	-157.85266730161462	39.46316682540365	39.463166825403654	-157.8526673016146	-39.463166825403654	8.39	39.463166825403654	166.24266730161463
961	-225.80839144938778	481.2319449804824	160.41064832682747	225.80839144938778	38.005162081706864	-329.2112966536549	-187.80322936768093	160.41064832682747	-38.005162081706864	160.41064832682747	160.41064832682747	-160.41064832682747	-38.005162081706864	-38.00516208170686	38.005162081706864	329.2112966536549	160.41064832682747	38.005162081706864	38.005162081706864	-38.005162081706864	329.2112966536549	-160.41064832682747	329.2112966536549	-329.2112966536549	-152.02064832682737	38.00516208170686	38.005162081706864	-152.02064832682748	-38.005162081706864	8.39	38.005162081706864	160.41064832682747
962	-215.10486717910914	457.87880111805623	152.6262670393521	215.10486717910914	36.05906675983802	-313.6425340787042	-179.0458004192711	152.6262670393521	-36.05906675983802	152.6262670393521	152.6262670393521	-152.6262670393521	-36.05906675983802	-36.05906675983803	36.05906675983802	313.6425340787042	152.6262670393521	36.05906675983802	36.05906675983802	-36.05906675983802	313.6425340787042	-152.6262670393521	313.6425340787042	-313.6425340787042	-144.236267039352	36.05906675983803	36.05906675983802	-144.23626703935201	-36.05906675983802	8.39	36.05906675983802	152.62626703935211
963	-211.35908348225163	449.7061821430945	149.90206071436484	211.35908348225163	35.378015178591205	-308.19412142872966	-175.98106830366044	149.90206071436484	-35.378015178591205	149.90206071436484	149.90206071436484	-149.90206071436484	-35.378015178591205	-35.3780151785912	35.378015178591205	308.19412142872966	149.90206071436484	35.378015178591205	35.378015178591205	-35.378015178591205	308.19412142872966	-149.90206071436484	308.19412142872966	-308.19412142872966	-141.51206071436485	35.3780151785912	35.378015178591205	-141.51206071436485	-35.378015178591205	8.39	35.378015178591205	149.90206071436484
964	-193.1231632730476	409.9187198684675	136.63957328948916	193.1231632730476	32.062393322372294	-281.66914657897837	-161.0607699506753	136.63957328948916	-32.062393322372294	136.63957328948916	136.63957328948916	-136.63957328948916	-32.062393322372294	-32.06239332237229	32.062393322372294	281.66914657897837	136.63957328948916	32.062393322372294	32.062393322372294	-32.062393322372294	281.66914657897837	-136.63957328948916	281.66914657897837	-281.66914657897837	-128.24957328948918	32.06239332237229	32.062393322372294	-128.24957328948915	-32.062393322372294	8.39	32.062393322372294	136.6395732894892
965	-216.70866726499483	461.37800130544326	153.79266710181443	216.70866726499483	36.350666775453604	-315.9753342036289	-180.3580004895412	153.79266710181443	-36.350666775453604	153.79266710181443	153.79266710181443	-153.79266710181443	-36.350666775453604	-36.350666775453604	36.350666775453604	315.9753342036289	153.79266710181443	36.350666775453604	36.350666775453604	-36.350666775453604	315.9753342036289	-153.79266710181443	315.9753342036289	-315.9753342036289	-145.4026671018144	36.350666775453604	36.350666775453604	-145.40266710181436	-36.350666775453604	8.39	36.350666775453604	153.79266710181446
966	-296.04205049804784	634.4690192684681	211.48967308948934	296.04205049804784	50.77491827237233	-431.36934617897873	-245.2671322256755	211.48967308948934	-50.77491827237233	211.48967308948934	211.48967308948934	-211.48967308948934	-50.77491827237233	-50.77491827237233	50.77491827237233	431.36934617897873	211.48967308948934	50.77491827237233	50.77491827237233	-50.77491827237233	431.36934617897873	-211.48967308948934	431.36934617897873	-431.36934617897873	-203.0996730894894	50.77491827237233	50.77491827237233	-203.09967308948933	-50.77491827237233	8.39	50.77491827237233	211.48967308948937
967	-251.96918404037356	538.3100379062696	179.43667930208986	251.96918404037356	42.76166982552247	-367.26335860417976	-209.2075142148511	179.43667930208986	-42.76166982552247	179.43667930208986	179.43667930208986	-179.43667930208986	-42.76166982552247	-42.76166982552247	42.76166982552247	367.26335860417976	179.43667930208986	42.76166982552247	42.76166982552247	-42.76166982552247	367.26335860417976	-179.43667930208986	367.26335860417976	-367.26335860417976	-171.0466793020898	42.76166982552247	42.76166982552247	-171.04667930208984	-42.76166982552247	8.39	42.76166982552247	179.43667930208989
968	-209.2235279277362	445.04678820596985	148.34892940198995	209.2235279277362	34.98973235049748	-305.0878588039799	-174.2337955772387	148.34892940198995	-34.98973235049748	148.34892940198995	148.34892940198995	-148.34892940198995	-34.98973235049748	-34.98973235049748	34.98973235049748	305.0878588039799	148.34892940198995	34.98973235049748	34.98973235049748	-34.98973235049748	305.0878588039799	-148.34892940198995	305.0878588039799	-305.0878588039799	-139.9589294019899	34.98973235049748	34.98973235049748	-139.95892940198996	-34.98973235049748	8.39	34.98973235049748	148.34892940198995
969	-412.07446754784206	887.6306564680192	295.8768854893397	412.07446754784206	71.87172137233493	-600.1437709786794	-340.2027461755071	295.8768854893397	-71.87172137233493	295.8768854893397	295.8768854893397	-295.8768854893397	-71.87172137233493	-71.87172137233493	71.87172137233493	600.1437709786794	295.8768854893397	71.87172137233493	71.87172137233493	-71.87172137233493	600.1437709786794	-295.8768854893397	600.1437709786794	-600.1437709786794	-287.48688548933967	71.87172137233493	71.87172137233493	-287.4868854893398	-71.87172137233493	8.39	71.87172137233493	295.8768854893397
970	-382.4938089541787	823.091037718208	274.36367923940264	382.4938089541787	66.49341980985066	-557.1173584788053	-316.00038914432804	274.36367923940264	-66.49341980985066	274.36367923940264	274.36367923940264	-274.36367923940264	-66.49341980985066	-66.49341980985066	66.49341980985066	557.1173584788053	274.36367923940264	66.49341980985066	66.49341980985066	-66.49341980985066	557.1173584788053	-274.36367923940264	557.1173584788053	-557.1173584788053	-265.9736792394027	66.49341980985066	66.49341980985066	-265.9736792394027	-66.49341980985066	8.39	66.49341980985066	274.36367923940264
971	-265.9641489352038	568.8445067677175	189.61483558923916	265.9641489352038	45.30620889730979	-387.61967117847837	-220.65794003789404	189.61483558923916	-45.30620889730979	189.61483558923916	189.61483558923916	-189.61483558923916	-45.30620889730979	-45.30620889730979	45.30620889730979	387.61967117847837	189.61483558923916	45.30620889730979	45.30620889730979	-45.30620889730979	387.61967117847837	-189.61483558923916	387.61967117847837	-387.61967117847837	-181.22483558923915	45.30620889730979	45.30620889730979	-181.2248355892391	-45.30620889730979	8.39	45.30620889730979	189.6148355892392
972	-247.7065981032167	529.0098504070183	176.33661680233945	247.7065981032167	41.986654200584866	-361.0632336046789	-205.71994390263183	176.33661680233945	-41.986654200584866	176.33661680233945	176.33661680233945	-176.33661680233945	-41.986654200584866	-41.986654200584866	41.986654200584866	361.0632336046789	176.33661680233945	41.986654200584866	41.986654200584866	-41.986654200584866	361.0632336046789	-176.33661680233945	361.0632336046789	-361.0632336046789	-167.94661680233943	41.986654200584866	41.986654200584866	-167.94661680233946	-41.986654200584866	8.39	41.986654200584866	176.33661680233945
973	-228.47783375697662	487.05618274249446	162.3520609141648	228.47783375697662	38.4905152285412	-333.09412182832966	-189.98731852843542	162.3520609141648	-38.4905152285412	162.3520609141648	162.3520609141648	-162.3520609141648	-38.4905152285412	-38.4905152285412	38.4905152285412	333.09412182832966	162.3520609141648	38.4905152285412	38.4905152285412	-38.4905152285412	333.09412182832966	-162.3520609141648	333.09412182832966	-333.09412182832966	-153.96206091416482	38.4905152285412	38.4905152285412	-153.9620609141648	-38.4905152285412	8.39	38.4905152285412	162.35206091416484
974	-197.41998671075373	419.2936073689172	139.76453578963907	197.41998671075373	32.84363394740977	-287.9190715792781	-164.57635276334395	139.76453578963907	-32.84363394740977	139.76453578963907	139.76453578963907	-139.76453578963907	-32.84363394740977	-32.84363394740977	32.84363394740977	287.9190715792781	139.76453578963907	32.84363394740977	32.84363394740977	-32.84363394740977	287.9190715792781	-139.76453578963907	287.9190715792781	-287.9190715792781	-131.37453578963908	32.84363394740977	32.84363394740977	-131.37453578963908	-32.84363394740977	8.39	32.84363394740977	139.76453578963907
975	-379.2926111779601	816.1066062064585	272.03553540215285	379.2926111779601	65.91138385053821	-552.4610708043057	-313.3812273274219	272.03553540215285	-65.91138385053821	272.03553540215285	272.03553540215285	-272.03553540215285	-65.91138385053821	-65.91138385053821	65.91138385053821	552.4610708043057	272.03553540215285	65.91138385053821	65.91138385053821	-65.91138385053821	552.4610708043057	-272.03553540215285	552.4610708043057	-552.4610708043057	-263.645535402153	65.91138385053821	65.91138385053821	-263.64553540215286	-65.91138385053821	8.39	65.91138385053821	272.03553540215285
976	-287.4655566104106	615.7566689681686	205.25222298938954	287.4655566104106	49.21555574734738	-418.8944459787791	-238.2500008630632	205.25222298938954	-49.21555574734738	205.25222298938954	205.25222298938954	-205.25222298938954	-49.21555574734738	-49.21555574734738	49.21555574734738	418.8944459787791	205.25222298938954	49.21555574734738	49.21555574734738	-49.21555574734738	418.8944459787791	-205.25222298938954	418.8944459787791	-418.8944459787791	-196.8622229893895	49.21555574734738	49.21555574734738	-196.86222298938947	-49.21555574734738	8.39	49.21555574734738	205.25222298938957
977	-380.89534775290855	819.603486006346	273.2011620021153	380.89534775290855	66.20279050052883	-554.7923240042306	-314.69255725237974	273.2011620021153	-66.20279050052883	273.2011620021153	273.2011620021153	-273.2011620021153	-66.20279050052883	-66.20279050052883	66.20279050052883	554.7923240042306	273.2011620021153	66.20279050052883	66.20279050052883	-66.20279050052883	554.7923240042306	-273.2011620021153	554.7923240042306	-554.7923240042306	-264.81116200211534	66.20279050052883	66.20279050052883	-264.81116200211534	-66.20279050052883	8.39	66.20279050052883	273.2011620021153
978	-309.4783117297627	663.7844983194823	221.26149943982742	309.4783117297627	53.21787485995685	-450.9129988796549	-256.26043686980586	221.26149943982742	-53.21787485995685	221.26149943982742	221.26149943982742	-221.26149943982742	-53.21787485995685	-53.21787485995685	53.21787485995685	450.9129988796549	221.26149943982742	53.21787485995685	53.21787485995685	-53.21787485995685	450.9129988796549	-221.26149943982742	450.9129988796549	-450.9129988796549	-212.87149943982743	53.21787485995685	53.21787485995685	-212.8714994398274	-53.21787485995685	8.39	53.21787485995685	221.26149943982745
979	-317.4909354245426	681.2665863808203	227.08886212694009	317.4909354245426	54.67471553173502	-462.5677242538802	-262.8162198928076	227.08886212694009	-54.67471553173502	227.08886212694009	227.08886212694009	-227.08886212694009	-54.67471553173502	-54.67471553173502	54.67471553173502	462.5677242538802	227.08886212694009	54.67471553173502	54.67471553173502	-54.67471553173502	462.5677242538802	-227.08886212694009	462.5677242538802	-462.5677242538802	-218.6988621269401	54.67471553173502	54.67471553173502	-218.69886212694007	-54.67471553173502	8.39	54.67471553173502	227.0888621269401
980	-227.4111280243363	484.72882478037013	161.57627492679003	227.4111280243363	38.296568731697505	-331.5425498535801	-189.1145592926388	161.57627492679003	-38.296568731697505	161.57627492679003	161.57627492679003	-161.57627492679003	-38.296568731697505	-38.296568731697505	38.296568731697505	331.5425498535801	161.57627492679003	38.296568731697505	38.296568731697505	-38.296568731697505	331.5425498535801	-161.57627492679003	331.5425498535801	-331.5425498535801	-153.18627492679005	38.296568731697505	38.296568731697505	-153.18627492679002	-38.296568731697505	8.39	38.296568731697505	161.57627492679006
981	-283.18482264954224	606.4168857808195	202.13896192693983	283.18482264954224	48.43724048173495	-412.66792385387964	-234.7475821678073	202.13896192693983	-48.43724048173495	202.13896192693983	202.13896192693983	-202.13896192693983	-48.43724048173495	-48.43724048173495	48.43724048173495	412.66792385387964	202.13896192693983	48.43724048173495	48.43724048173495	-48.43724048173495	412.66792385387964	-202.13896192693983	412.66792385387964	-412.66792385387964	-193.74896192693973	48.43724048173495	48.43724048173495	-193.74896192693984	-48.43724048173495	8.39	48.43724048173495	202.13896192693983
982	-250.90247830773302	535.9826799441448	178.66089331471494	250.90247830773302	42.56772332867874	-365.71178662942987	-208.33475497905428	178.66089331471494	-42.56772332867874	178.66089331471494	178.66089331471494	-178.66089331471494	-42.56772332867874	-42.56772332867874	42.56772332867874	365.71178662942987	178.66089331471494	42.56772332867874	42.56772332867874	-42.56772332867874	365.71178662942987	-178.66089331471494	365.71178662942987	-365.71178662942987	-170.27089331471495	42.56772332867874	42.56772332867874	-170.27089331471495	-42.56772332867874	8.39	42.56772332867874	178.6608933147149
983	-343.32367903690465	737.6289360805193	245.87631202683977	343.32367903690465	59.371578006709946	-500.1426240536796	-283.9521010301947	245.87631202683977	-59.371578006709946	245.87631202683977	245.87631202683977	-245.87631202683977	-59.371578006709946	-59.371578006709946	59.371578006709946	500.1426240536796	245.87631202683977	59.371578006709946	59.371578006709946	-59.371578006709946	500.1426240536796	-245.87631202683977	500.1426240536796	-500.1426240536796	-237.48631202683984	59.371578006709946	59.371578006709946	-237.48631202683976	-59.371578006709946	8.39	59.371578006709946	245.8763120268398
984	-420.68533616048006	906.4180061683201	302.13933538944	420.68533616048006	73.43733384736	-612.66867077888	-347.2480023131201	302.13933538944	-73.43733384736	302.13933538944	302.13933538944	-302.13933538944	-73.43733384736	-73.43733384736	73.43733384736	612.66867077888	302.13933538944	73.43733384736	73.43733384736	-73.43733384736	612.66867077888	-302.13933538944	612.66867077888	-612.66867077888	-293.74933538944015	73.43733384736	73.43733384736	-293.74933538944003	-73.43733384736	8.39	73.43733384736	302.13933538944
985	-310.0111307093301	664.9470124567201	221.64900415224005	310.0111307093301	53.31475103806	-451.68800830448015	-256.69637967127005	221.64900415224005	-53.31475103806	221.64900415224005	221.64900415224005	-221.64900415224005	-53.31475103806	-53.314751038060024	53.31475103806	451.68800830448015	221.64900415224005	53.31475103806	53.31475103806	-53.31475103806	451.68800830448015	-221.64900415224005	451.68800830448015	-451.68800830448015	-213.25900415223995	53.314751038060024	53.31475103806	-213.25900415223998	-53.31475103806	8.39	53.31475103806	221.64900415224008
986	-246.64095588151346	526.6848128323929	175.5616042774643	246.64095588151346	41.792901069366074	-359.5132085549286	-204.84805481214738	175.5616042774643	-41.792901069366074	175.5616042774643	175.5616042774643	-175.5616042774643	-41.792901069366074	-41.79290106936608	41.792901069366074	359.5132085549286	175.5616042774643	41.792901069366074	41.792901069366074	-41.792901069366074	359.5132085549286	-175.5616042774643	359.5132085549286	-359.5132085549286	-167.17160427746433	41.79290106936608	41.792901069366074	-167.17160427746433	-41.792901069366074	8.39	41.792901069366074	175.5616042774643
987	-386.2406604245428	831.2659863808207	277.0886621269402	386.2406604245428	67.17466553173506	-562.5673242538804	-319.06599489280774	277.0886621269402	-67.17466553173506	277.0886621269402	277.0886621269402	-277.0886621269402	-67.17466553173506	-67.17466553173506	67.17466553173506	562.5673242538804	277.0886621269402	67.17466553173506	67.17466553173506	-67.17466553173506	562.5673242538804	-277.0886621269402	562.5673242538804	-562.5673242538804	-268.69866212694023	67.17466553173506	67.17466553173506	-268.69866212694023	-67.17466553173506	8.39	67.17466553173506	277.0886621269402
988	-369.12191014981784	793.9159857814209	264.6386619271403	369.12191014981784	64.06216548178507	-537.6673238542805	-305.0597446680328	264.6386619271403	-64.06216548178507	264.6386619271403	264.6386619271403	-264.6386619271403	-64.06216548178507	-64.06216548178507	64.06216548178507	537.6673238542805	264.6386619271403	64.06216548178507	64.06216548178507	-64.06216548178507	537.6673238542805	-264.6386619271403	537.6673238542805	-537.6673238542805	-256.24866192714023	64.06216548178507	64.06216548178507	-256.24866192714035	-64.06216548178507	8.39	64.06216548178507	264.6386619271403
989	-378.22803672976306	813.783898319483	271.26129943982767	378.22803672976306	65.71782485995692	-550.9125988796553	-312.51021186980614	271.26129943982767	-65.71782485995692	271.26129943982767	271.26129943982767	-271.26129943982767	-65.71782485995692	-65.71782485995692	65.71782485995692	550.9125988796553	271.26129943982767	65.71782485995692	65.71782485995692	-65.71782485995692	550.9125988796553	-271.26129943982767	550.9125988796553	-550.9125988796553	-262.8712994398276	65.71782485995692	65.71782485995692	-262.8712994398277	-65.71782485995692	8.39	65.71782485995692	271.26129943982767
990	-245.04249468024292	523.1972611205301	174.3990870401767	245.04249468024292	41.50227176004418	-357.1881740803534	-203.54022292019874	174.3990870401767	-41.50227176004418	174.3990870401767	174.3990870401767	-174.3990870401767	-41.50227176004418	-41.50227176004418	41.50227176004418	357.1881740803534	174.3990870401767	41.50227176004418	41.50227176004418	-41.50227176004418	357.1881740803534	-174.3990870401767	357.1881740803534	-357.1881740803534	-166.0090870401767	41.50227176004418	41.50227176004418	-166.00908704017672	-41.50227176004418	8.39	41.50227176004418	174.3990870401767
991	-241.85407613666365	516.2407115709025	172.08023719030083	241.85407613666365	40.922559297575205	-352.5504743806017	-200.93151683908846	172.08023719030083	-40.922559297575205	172.08023719030083	172.08023719030083	-172.08023719030083	-40.922559297575205	-40.922559297575205	40.922559297575205	352.5504743806017	172.08023719030083	40.922559297575205	40.922559297575205	-40.922559297575205	352.5504743806017	-172.08023719030083	352.5504743806017	-352.5504743806017	-163.69023719030085	40.922559297575205	40.922559297575205	-163.69023719030076	-40.922559297575205	8.39	40.922559297575205	172.08023719030086
992	-206.55942450476235	439.23419891948157	146.41139963982718	206.55942450476235	34.50534990995679	-301.2127992796544	-172.05407459480557	146.41139963982718	-34.50534990995679	146.41139963982718	146.41139963982718	-146.41139963982718	-34.50534990995679	-34.50534990995679	34.50534990995679	301.2127992796544	146.41139963982718	34.50534990995679	34.50534990995679	-34.50534990995679	301.2127992796544	-146.41139963982718	301.2127992796544	-301.2127992796544	-138.0213996398272	34.50534990995679	34.50534990995679	-138.02139963982717	-34.50534990995679	8.39	34.50534990995679	146.4113996398272
993	-311.0757094200959	667.2697296438457	222.42324321461524	311.0757094200959	53.508310803653806	-453.23648642923047	-257.5673986164421	222.42324321461524	-53.508310803653806	222.42324321461524	222.42324321461524	-222.42324321461524	-53.508310803653806	-53.508310803653806	53.508310803653806	453.23648642923047	222.42324321461524	53.508310803653806	53.508310803653806	-53.508310803653806	453.23648642923047	-222.42324321461524	453.23648642923047	-453.23648642923047	-214.03324321461525	53.508310803653806	53.508310803653806	-214.03324321461525	-53.508310803653806	8.39	53.508310803653806	222.42324321461524
994	-249.83683608602968	533.6576423695193	177.88588078983977	249.83683608602968	42.37397019745994	-364.1617615796796	-207.46286588856972	177.88588078983977	-42.37397019745994	177.88588078983977	177.88588078983977	-177.88588078983977	-42.37397019745994	-42.373970197459954	42.37397019745994	364.1617615796796	177.88588078983977	42.37397019745994	42.37397019745994	-42.37397019745994	364.1617615796796	-177.88588078983977	364.1617615796796	-364.1617615796796	-169.4958807898398	42.373970197459954	42.37397019745994	-169.4958807898397	-42.37397019745994	8.39	42.37397019745994	177.8858807898398
995	-207.09117997339234	440.39439266921966	146.7981308897399	207.09117997339234	34.60203272243497	-301.98626177947983	-172.48914725095736	146.7981308897399	-34.60203272243497	146.7981308897399	146.7981308897399	-146.7981308897399	-34.60203272243497	-34.602032722434984	34.60203272243497	301.98626177947983	146.7981308897399	34.60203272243497	34.60203272243497	-34.60203272243497	301.98626177947983	-146.7981308897399	301.98626177947983	-301.98626177947983	-138.4081308897399	34.602032722434984	34.60203272243497	-138.40813088973982	-34.60203272243497	8.39	34.60203272243497	146.79813088973992
996	-378.7597921983929	814.9440920692209	271.6480306897403	378.7597921983929	65.81450767243508	-551.6860613794806	-312.94528452595785	271.6480306897403	-65.81450767243508	271.6480306897403	271.6480306897403	-271.6480306897403	-65.81450767243508	-65.81450767243508	65.81450767243508	551.6860613794806	271.6480306897403	65.81450767243508	65.81450767243508	-65.81450767243508	551.6860613794806	-271.6480306897403	551.6860613794806	-551.6860613794806	-263.2580306897403	65.81450767243508	65.81450767243508	-263.2580306897403	-65.81450767243508	8.39	65.81450767243508	271.6480306897403
997	-253.03803386224843	540.6420738812693	180.21402462708977	253.03803386224843	42.956006156772446	-368.8180492541795	-210.08202770547598	180.21402462708977	-42.956006156772446	180.21402462708977	180.21402462708977	-180.21402462708977	-42.956006156772446	-42.956006156772446	42.956006156772446	368.8180492541795	180.21402462708977	42.956006156772446	42.956006156772446	-42.956006156772446	368.8180492541795	-180.21402462708977	368.8180492541795	-368.8180492541795	-171.82402462708978	42.956006156772446	42.956006156772446	-171.82402462708978	-42.956006156772446	8.39	42.956006156772446	180.21402462708977
998	-249.30508061739977	532.4974486197813	177.4991495399271	249.30508061739977	42.27728738498177	-363.38829907985416	-207.027793232418	177.4991495399271	-42.27728738498177	177.4991495399271	177.4991495399271	-177.4991495399271	-42.27728738498177	-42.27728738498177	42.27728738498177	363.38829907985416	177.4991495399271	42.27728738498177	42.27728738498177	-42.27728738498177	363.38829907985416	-177.4991495399271	363.38829907985416	-363.38829907985416	-169.10914953992705	42.27728738498177	42.27728738498177	-169.1091495399271	-42.27728738498177	8.39	42.27728738498177	177.4991495399271
999	-242.91546429760177	518.5564675584038	172.85215585280127	242.91546429760177	41.115538963200315	-354.09431170560254	-201.79992533440145	172.85215585280127	-41.115538963200315	172.85215585280127	172.85215585280127	-172.85215585280127	-41.115538963200315	-41.115538963200315	41.115538963200315	354.09431170560254	172.85215585280127	41.115538963200315	41.115538963200315	-41.115538963200315	354.09431170560254	-172.85215585280127	354.09431170560254	-354.09431170560254	-164.4621558528013	41.115538963200315	41.115538963200315	-164.4621558528013	-41.115538963200315	8.39	41.115538963200315	172.85215585280127
