	rxn10125	rJB00264	rxn08094	rxn02465	rxn10158	rxn05154	rxn05312	rxn05318	rxn05561	rxn10154	rJB00267	rxn00394	rxn00285	rxn05158	rxn00615	rxn05466	rxn10042	rxn01637	rxn09653	rxn00134	rxn05581	rxn00097	rxn01636	rxn10165	rxn01917	rxn05467	rxn05319	rxn05468	EX_cpd00182_e	EX_cpd00011_e	EX_cpd00100_e	EX_cpd00080_e	EX_cpd00067_e	EX_cpd00001_e	EX_cpd00051_e	EX_cpd00013_e	EX_cpd00007_e	EX_cpd00009_e	EX_cpd00036_e	EX_cpd00073_e	ATPM	rxn00182	DM_cpd00002_c
0	-99.88373219999997	399.5349287999999	99.88373219999997	99.88373219999997	327.97565533333295	99.88373219999997	1000.0	333.3333333333333	-327.9756553333329	-99.88373219999997	399.5349287999999	99.88373219999997	-99.88373219999997	0.0	-508.97133900000017	-199.76746439999994	399.5349287999999	99.88373219999997	-99.88373219999997	333.3333333333333	508.97133900000017	333.33333333333337	-99.88373219999997	508.97133900000017	-99.88373219999997	-99.88373219999997	-391.1449287999999	199.76746439999994	-333.3333333333333	99.88373219999997	508.97133900000017	-508.97133900000017	-391.14492879999995	391.1449287999999	-99.88373219999997	199.76746439999994	-199.76746439999994	-491.02866099999983	99.88373219999997	99.88373219999997	8.39	199.76746439999994	333.33333333333337
1	-97.81887353125013	391.27549412500053	97.81887353125013	97.81887353125013	425.3780853125012	97.81887353125013	440.03798087499956	274.30782500000004	-425.3780853125012	-97.81887353125013	391.27549412500053	97.81887353125013	-97.81887353125013	382.88549412500055	-725.1046014687499	-195.63774706250027	391.27549412500053	97.81887353125013	-97.81887353125013	274.30782500000004	725.1046014687499	274.30782500000004	-97.81887353125013	342.2191073437494	-97.81887353125013	-97.81887353125013	0.0	195.63774706250027	-274.30782500000004	97.81887353125013	725.1046014687499	-725.1046014687499	0.0	0.0	-97.81887353125013	195.63774706250027	-195.63774706250027	-97.81887353125018	97.81887353125013	97.81887353125013	8.39	195.63774706250027	274.30782500000004
2	-100.72441019999975	402.897640799999	100.72441019999975	100.72441019999975	171.30508499999752	100.72441019999975	1000.0	415.8720084999998	-171.30508499999752	-100.72441019999975	402.897640799999	100.72441019999975	-100.72441019999975	247.61602549999938	-1000.0	-201.4488203999995	402.897640799999	100.72441019999975	-100.72441019999975	415.8720084999998	1000.0	415.8720084999998	-100.72441019999975	752.3839745000006	-100.72441019999975	-100.72441019999975	-146.89161529999967	201.4488203999995	-415.8720084999998	100.72441019999975	1000.0	-1000.0	-146.891615299999	146.89161529999967	-100.72441019999975	201.4488203999995	-201.4488203999995	-247.6160254999994	100.72441019999975	100.72441019999975	8.39	201.4488203999995	415.87200849999994
3	-183.44760342933748	733.7904137173499	183.44760342933748	183.44760342933748	1000.0	183.44760342933748	581.9950857334364	415.1405171466874	-1000.0	-183.44760342933748	733.7904137173499	183.44760342933748	-183.44760342933748	663.4264657066254	-1000.0	-366.89520685867495	733.7904137173499	183.44760342933748	-183.44760342933748	415.1405171466874	1000.0	415.1405171466874	-183.44760342933748	336.57353429337456	-183.44760342933748	-183.44760342933748	-61.973948010724484	366.89520685867495	-415.1405171466874	183.44760342933748	1000.0	-1000.0	-61.97394801072397	61.973948010724484	-183.44760342933748	366.89520685867495	-366.89520685867495	-245.42155144006188	183.44760342933748	183.44760342933748	8.39	366.89520685867495	415.1405171466873
4	-50.63039391019985	202.5215756407994	50.63039391019985	50.63039391019985	-246.1450507483346	50.63039391019985	1000.0	374.12699492516657	246.1450507483346	-50.63039391019985	202.5215756407994	50.63039391019985	-50.63039391019985	122.38098477549963	-1000.0	-101.2607878203997	202.5215756407994	50.63039391019985	-50.63039391019985	374.12699492516657	1000.0	374.12699492516657	-50.63039391019985	877.6190152245003	-50.63039391019985	-50.63039391019985	-71.75059086529976	101.2607878203997	-374.12699492516657	50.63039391019985	1000.0	-1000.0	-71.75059086529984	71.75059086529976	-50.63039391019985	101.2607878203997	-101.2607878203997	-122.38098477549966	50.63039391019985	50.63039391019985	8.39	101.2607878203997	374.12699492516634
5	-155.28106500000007	621.1242600000003	155.28106500000007	155.28106500000007	1000.0	155.28106500000007	159.49700929337433	274.3078250000003	-1000.0	-155.28106500000007	621.1242600000003	155.28106500000007	-155.28106500000007	663.4264657066269	-718.3346157066271	-310.56213000000014	621.1242600000003	155.28106500000007	-155.28106500000007	274.3078250000003	718.3346157066271	274.3078250000003	-155.28106500000007	54.908150000000205	-155.28106500000007	-155.28106500000007	50.69220570662674	310.56213000000014	-274.3078250000003	155.28106500000007	718.3346157066271	-718.3346157066271	50.69220570662662	-50.69220570662674	-155.28106500000007	310.56213000000014	-310.56213000000014	-104.58885929337413	155.28106500000007	155.28106500000007	8.39	310.56213000000014	274.30782500000004
6	-171.46355230755995	685.8542092302398	171.46355230755995	171.46355230755995	1000.0	171.46355230755995	1000.0	355.2202615377999	-1000.0	-171.46355230755995	685.8542092302398	171.46355230755995	-171.46355230755995	65.66078461339978	-282.39380768899986	-342.9271046151199	685.8542092302398	171.46355230755995	-171.46355230755995	355.2202615377999	282.39380768899986	355.2202615377999	-171.46355230755995	216.73302307560007	-171.46355230755995	-171.46355230755995	-611.8034246168401	342.9271046151199	-355.2202615377999	171.46355230755995	282.3938076889999	-282.39380768899986	-611.8034246168412	611.8034246168401	-171.46355230755995	342.9271046151199	-342.9271046151199	-783.2669769244	171.46355230755995	171.46355230755995	8.39	342.9271046151199	355.2202615378
7	-191.82442191123943	767.2976876449575	191.82442191123943	191.82442191123943	1000.0	191.82442191123943	791.4155477809849	457.024609556197	-1000.0	-191.82442191123943	767.2976876449575	191.82442191123943	-191.82442191123943	579.658280887606	-1000.0	-383.64884382247885	767.2976876449575	191.82442191123943	-191.82442191123943	457.024609556197	1000.0	457.024609556197	-191.82442191123943	420.341719112394	-191.82442191123943	-191.82442191123943	-179.24940675735127	383.64884382247874	-457.024609556197	191.82442191123943	1000.0	-1000.0	-179.24940675735195	179.24940675735127	-191.82442191123943	383.64884382247885	-383.64884382247874	-371.07382866859086	191.82442191123943	191.82442191123943	8.39	383.64884382247885	457.024609556197
8	-165.75943974851262	663.0377589940504	165.75943974851262	165.75943974851262	713.2636645709382	165.75943974851262	1000.0	470.0678664570939	-713.2636645709382	-165.75943974851262	663.0377589940504	165.75943974851262	-165.75943974851262	410.2035993712815	-1000.0	-331.51887949702524	663.0377589940504	165.75943974851262	-165.75943974851262	470.0678664570939	1000.0	470.0678664570939	-165.75943974851262	589.7964006287185	-165.75943974851262	-165.75943974851262	-244.44415962276878	331.5188794970252	-470.0678664570939	165.75943974851262	1000.0	-1000.0	-244.44415962276838	244.44415962276878	-165.75943974851262	331.51887949702524	-331.5188794970252	-410.2035993712815	165.75943974851262	165.75943974851262	8.39	331.51887949702524	470.06786645709377
9	-169.39250075309798	677.5700030123919	169.39250075309795	169.39250075309798	1000.0	169.39250075309795	230.6175188274492	344.8650037654899	-1000.0	-169.39250075309795	677.5700030123919	169.39250075309795	-169.39250075309795	803.9774924690203	-1000.0	-338.7850015061959	677.5700030123919	169.39250075309795	-169.39250075309795	344.8650037654899	1000.0	344.8650037654899	-169.39250075309795	196.02250753097974	-169.39250075309798	-169.39250075309795	134.79748945662823	338.78500150619595	-344.8650037654899	169.39250075309795	1000.0	-1000.0	134.7974894566281	-134.79748945662823	-169.39250075309795	338.7850015061959	-338.78500150619595	-34.595011296469465	169.39250075309795	169.39250075309795	8.39	338.7850015061959	344.8650037654898
10	-186.10469193537247	744.4187677414898	186.10469193537247	186.10469193537247	1000.0	186.10469193537247	1000.0	428.42595967686225	-1000.0	-186.10469193537247	744.4187677414898	186.10469193537247	-186.10469193537247	285.27787903058675	-648.4222983843113	-372.20938387074494	744.4187677414898	186.10469193537247	-186.10469193537247	428.42595967686225	648.4222983843113	428.42595967686225	-186.10469193537247	363.1444193537245	-186.10469193537247	-186.10469193537247	-450.7508887109029	372.2093838707449	-428.42595967686225	186.10469193537247	648.4222983843113	-648.4222983843113	-450.75088871090264	450.7508887109029	-186.10469193537247	372.20938387074494	-372.2093838707449	-636.8555806462755	186.10469193537247	186.10469193537247	8.39	372.20938387074494	428.42595967686225
11	-194.65889621343374	778.6355848537349	194.65889621343374	194.65889621343374	1000.0	194.65889621343374	1000.0	471.19698106716874	-1000.0	-194.65889621343374	778.6355848537349	194.65889621343374	-194.65889621343374	413.5909432015062	-862.2774053358437	-389.31779242686747	778.6355848537349	194.65889621343374	-194.65889621343374	471.19698106716874	862.2774053358437	471.19698106716874	-194.65889621343374	448.6864621343375	-194.65889621343374	-194.65889621343374	-356.65464165222875	389.31779242686747	-471.19698106716874	194.65889621343374	862.2774053358437	-862.2774053358437	-356.6546416522288	356.65464165222875	-194.65889621343374	389.31779242686747	-389.31779242686747	-551.3135378656625	194.65889621343374	194.65889621343374	8.39	389.31779242686747	471.19698106716874
12	-128.0572942547999	512.2291770191996	128.0572942547999	128.0572942547999	609.7112758813324	128.0572942547999	1000.0	333.3333333333333	-609.7112758813324	-128.0572942547999	512.2291770191996	128.0572942547999	-128.0572942547999	0.0	-368.1035287260005	-256.1145885095998	512.2291770191996	128.0572942547999	-128.0572942547999	333.3333333333333	368.1035287260005	333.3333333333333	-128.0572942547999	368.1035287260005	-128.0572942547999	-128.0572942547999	-503.8391770191996	256.1145885095998	-333.3333333333333	128.0572942547999	368.1035287260005	-368.1035287260005	-503.8391770192	503.8391770191996	-128.0572942547999	256.1145885095998	-256.1145885095998	-631.8964712739995	128.0572942547999	128.0572942547999	8.39	256.1145885095998	333.3333333333334
13	-161.17181073166668	644.6872429266667	161.17181073166668	161.17181073166668	1000.0	161.17181073166668	911.2846609750003	303.7615536583334	-1000.0	-161.17181073166668	644.6872429266667	161.17181073166668	-161.17181073166668	0.0	-113.8156073166669	-322.34362146333336	644.6872429266667	161.17181073166668	-161.17181073166668	303.7615536583334	113.81560731666696	303.7615536583334	-161.17181073166668	113.8156073166669	-161.17181073166668	-161.17181073166668	-636.2972429266667	322.34362146333336	-303.7615536583334	161.17181073166668	113.81560731666696	-113.8156073166669	-636.2972429266667	636.2972429266667	-161.17181073166668	322.34362146333336	-322.34362146333336	-797.4690536583335	161.17181073166668	161.17181073166668	8.39	322.34362146333336	303.76155365833336
14	-25.264566561189724	101.0582662447589	25.264566561189724	25.264566561189724	-300.1649843881031	25.264566561189724	822.9234750000002	274.30782500000004	300.1649843881031	-25.264566561189724	101.0582662447589	25.264566561189724	-25.264566561189724	0.0	-704.9906421940515	-50.52913312237945	101.0582662447589	25.264566561189724	-25.264566561189724	274.30782500000004	704.9906421940515	274.30782500000004	-25.264566561189724	704.9906421940515	-25.264566561189724	-25.264566561189724	-92.6682662447589	50.52913312237945	-274.30782500000004	25.264566561189724	704.9906421940515	-704.9906421940515	-92.6682662447588	92.6682662447589	-25.264566561189724	50.52913312237945	-50.52913312237945	-117.93283280594869	25.264566561189724	25.264566561189724	8.39	50.52913312237945	274.30782500000004
15	-155.281065	621.12426	155.281065	155.281065	1000.0	155.281065	18.945982530980103	274.3078250000003	-1000.0	-155.281065	621.12426	155.281065	-155.281065	803.97749246902	-858.8856424690202	-310.56213	621.12426	155.281065	-155.281065	274.3078250000003	858.8856424690202	274.3078250000003	-155.281065	54.908150000000205	-155.281065	-155.281065	191.24323246901997	310.56213	-274.3078250000003	155.281065	858.8856424690202	-858.8856424690202	191.24323246901986	-191.24323246901997	-155.281065	310.56213	-310.56213	35.9621674690201	155.281065	155.281065	8.39	310.56213	274.30782500000004
16	-75.72749607138957	302.90998428555827	75.72749607138957	75.72749607138957	-37.00253273842021	75.72749607138957	1000.0	395.0412467261579	37.00253273842021	-75.72749607138957	302.90998428555827	75.72749607138957	-75.72749607138957	185.12374017847392	-1000.0	-151.45499214277913	302.90998428555827	75.72749607138957	-75.72749607138957	395.0412467261579	1000.0	395.0412467261579	-75.72749607138957	814.8762598215261	-75.72749607138957	-75.72749607138957	-109.39624410708436	151.45499214277913	-395.0412467261579	75.72749607138957	1000.0	-1000.0	-109.39624410708427	109.39624410708436	-75.72749607138957	151.45499214277913	-151.45499214277913	-185.1237401784739	75.72749607138957	75.72749607138957	8.39	151.45499214277913	395.041246726158
17	-22.285613338587247	89.14245335434899	22.285613338587247	22.285613338587247	-482.35155551177303	22.285613338587247	1000.0	350.50634444882274	482.35155551177303	-22.285613338587247	89.14245335434899	22.285613338587247	-22.285613338587247	51.51903334646812	-1000.0	-44.571226677174494	89.14245335434899	22.285613338587247	-22.285613338587247	350.50634444882274	1000.0	350.50634444882274	-22.285613338587247	948.4809666535318	-22.285613338587247	-22.285613338587247	-29.233420007880866	44.571226677174494	-350.50634444882274	22.285613338587247	1000.0	-1000.0	-29.23342000788091	29.233420007880866	-22.285613338587247	44.571226677174494	-44.571226677174494	-51.51903334646818	22.285613338587247	22.285613338587247	8.39	44.571226677174494	350.5063444488225
18	-123.94407617168203	495.7763046867281	123.94407617168203	123.94407617168203	686.6301117168202	123.94407617168203	335.53717031327193	274.30782500000004	-686.6301117168202	-123.94407617168203	495.7763046867281	123.94407617168203	-123.94407617168203	487.3863046867282	-698.9793988283182	-247.88815234336406	495.7763046867281	123.94407617168203	-123.94407617168203	274.30782500000004	698.9793988283182	274.30782500000004	-123.94407617168203	211.59309414158997	-123.94407617168203	-123.94407617168203	0.0	247.88815234336406	-274.30782500000004	123.94407617168203	698.9793988283182	-698.9793988283182	0.0	0.0	-123.94407617168203	247.88815234336406	-247.88815234336406	-123.94407617168196	123.94407617168203	123.94407617168203	8.39	247.88815234336406	274.30782500000004
19	-62.25611247447802	249.02444989791206	62.256112474478016	62.25611247447802	0.0	62.256112474478016	686.9147372192582	309.18306237239005	0.0	-62.256112474478016	249.02444989791206	62.256112474478016	-62.256112474478016	240.63444989791196	-865.293074642692	-124.51222494895603	249.02444989791206	62.256112474478016	-62.256112474478016	309.18306237239005	865.293074642692	309.18306237239005	-62.256112474478016	624.65862474478	-62.25611247447802	-62.256112474478016	0.0	124.51222494895603	-309.18306237239005	62.256112474478016	865.293074642692	-865.293074642692	0.0	0.0	-62.256112474478016	124.51222494895603	-124.51222494895603	-62.256112474478186	62.256112474478016	62.256112474478016	8.39	124.51222494895603	309.18306237239005
20	-162.02334285935885	648.0933714374354	162.02334285935885	162.02334285935885	949.3717619269217	162.02334285935885	1000.0	333.3333333333333	-949.3717619269217	-162.02334285935885	648.0933714374354	162.02334285935885	-162.02334285935885	0.0	-198.27328570320572	-324.0466857187177	648.0933714374354	162.02334285935885	-162.02334285935885	333.3333333333333	198.27328570320572	333.3333333333333	-162.02334285935885	198.27328570320572	-162.02334285935885	-162.02334285935885	-639.7033714374354	324.0466857187177	-333.3333333333333	162.02334285935885	198.27328570320572	-198.27328570320572	-639.7033714374347	639.7033714374354	-162.02334285935885	324.0466857187177	-324.0466857187177	-801.7267142967943	162.02334285935885	162.02334285935885	8.39	324.0466857187177	333.33333333333337
21	-162.3508943123021	649.4035772492084	162.3508943123021	162.3508943123021	1000.0	162.3508943123021	54.577357807551834	309.6569715615104	-1000.0	-162.3508943123021	649.4035772492084	162.3508943123021	-162.3508943123021	874.3935568769793	-1000.0	-324.7017886246042	649.4035772492084	162.3508943123021	-162.3508943123021	309.6569715615104	1000.0	309.6569715615104	-162.3508943123021	125.60644312302065	-162.3508943123021	-162.3508943123021	233.37997962777092	324.7017886246042	-309.6569715615104	162.3508943123021	1000.0	-1000.0	233.37997962777143	-233.37997962777092	-162.3508943123021	324.7017886246042	-324.7017886246042	71.02908531546882	162.3508943123021	162.3508943123021	8.39	324.7017886246042	309.6569715615105
22	-155.28106500000004	621.1242600000002	155.28106500000004	155.28106500000004	1000.0	155.28106500000004	439.1533233267264	274.30782500000015	-1000.0	-155.28106500000004	621.1242600000002	155.28106500000004	-155.28106500000004	383.7701516732741	-438.67830167327435	-310.5621300000001	621.1242600000002	155.28106500000004	-155.28106500000004	274.30782500000015	438.6783016732743	274.30782500000015	-155.28106500000004	54.90815000000026	-155.28106500000004	-155.28106500000004	-228.9641083267261	310.5621300000001	-274.30782500000015	155.28106500000004	438.6783016732743	-438.67830167327435	-228.96410832672586	228.9641083267261	-155.28106500000004	310.5621300000001	-310.5621300000001	-384.24517332672616	155.28106500000004	155.28106500000004	8.39	310.5621300000001	274.30782500000004
23	-176.4341071938939	705.7364287755756	176.4341071938939	176.4341071938939	1000.0	176.4341071938939	406.65767984734725	380.07303596946946	-1000.0	-176.4341071938939	705.7364287755756	176.4341071938939	-176.4341071938939	733.5614280610611	-1000.0	-352.8682143877878	705.7364287755756	176.4341071938939	-176.4341071938939	380.07303596946946	1000.0	380.07303596946946	-176.4341071938939	266.43857193893894	-176.4341071938939	-176.4341071938939	36.21499928548542	352.8682143877878	-380.07303596946946	176.4341071938939	1000.0	-1000.0	36.214999285485305	-36.21499928548542	-176.4341071938939	352.8682143877878	-352.8682143877878	-140.21910790840832	176.4341071938939	176.4341071938939	8.39	352.8682143877878	380.0730359694696
24	-155.28106500000004	621.1242600000002	155.28106500000004	155.28106500000004	1000.0	155.28106500000004	298.9953553484602	274.30782500000015	-1000.0	-155.28106500000004	621.1242600000002	155.28106500000004	-155.28106500000004	523.92811965154	-578.8362696515401	-310.5621300000001	621.1242600000002	155.28106500000004	-155.28106500000004	274.30782500000015	578.8362696515401	274.30782500000015	-155.28106500000004	54.90815000000009	-155.28106500000004	-155.28106500000004	-88.80614034846019	310.5621300000001	-274.30782500000015	155.28106500000004	578.8362696515401	-578.8362696515401	-88.80614034845985	88.80614034846019	-155.28106500000004	310.5621300000001	-310.5621300000001	-244.0872053484601	155.28106500000004	155.28106500000004	8.39	310.5621300000001	274.30782500000004
25	-178.79876326109408	715.1950530443763	178.79876326109408	178.79876326109408	1000.0	178.79876326109408	1000.0	391.8963163054703	-1000.0	-178.79876326109408	715.1950530443763	178.79876326109408	-178.79876326109408	175.6889489164109	-465.7740815273514	-357.59752652218816	715.1950530443763	178.79876326109408	-178.79876326109408	391.8963163054703	465.7740815273514	391.8963163054703	-178.79876326109408	290.0851326109405	-178.79876326109408	-178.79876326109408	-531.1161041279654	357.59752652218816	-391.8963163054703	178.79876326109408	465.7740815273514	-465.7740815273514	-531.116104127965	531.1161041279654	-178.79876326109408	357.59752652218816	-357.59752652218816	-709.9148673890595	178.79876326109408	178.79876326109408	8.39	357.59752652218816	391.8963163054704
26	-197.46827321583956	789.8730928633581	197.46827321583956	197.46827321583956	1000.0	197.46827321583956	1000.0	485.24386607919774	-1000.0	-197.46827321583956	789.8730928633581	197.46827321583956	-197.46827321583956	455.7315982375931	-932.5118303959886	-394.9365464316791	789.8730928633581	197.46827321583956	-197.46827321583956	485.24386607919774	932.5118303959886	485.24386607919774	-197.46827321583956	476.78023215839545	-197.46827321583956	-197.46827321583956	-325.75149462576496	394.93654643167906	-485.24386607919774	197.46827321583956	932.5118303959886	-932.5118303959886	-325.75149462576474	325.75149462576496	-197.46827321583956	394.9365464316791	-394.93654643167906	-523.2197678416046	197.46827321583956	197.46827321583956	8.39	394.9365464316791	485.24386607919774
27	-150.24154880129527	600.9661952051811	150.24154880129527	150.24154880129527	831.553821346286	150.24154880129527	1000.0	333.3333333333333	-831.553821346286	-150.24154880129527	600.9661952051811	150.24154880129527	-150.24154880129527	0.0	-257.18225599352365	-300.48309760259053	600.9661952051811	150.24154880129527	-150.24154880129527	333.3333333333333	257.18225599352365	333.3333333333333	-150.24154880129527	257.18225599352365	-150.24154880129527	-150.24154880129527	-592.5761952051811	300.48309760259053	-333.3333333333333	150.24154880129527	257.18225599352365	-257.18225599352365	-592.576195205181	592.5761952051811	-150.24154880129527	300.48309760259053	-300.48309760259053	-742.8177440064763	150.24154880129527	150.24154880129527	8.39	300.48309760259053	333.33333333333337
28	-191.84225363711536	767.3690145484615	191.84225363711536	191.84225363711536	1000.0	191.84225363711536	1000.0	457.11376818557693	-1000.0	-191.84225363711536	767.3690145484615	191.84225363711536	-191.84225363711536	371.34130455673085	-791.8613409278848	-383.6845072742307	767.3690145484615	191.84225363711536	-191.84225363711536	457.11376818557693	791.8613409278848	457.11376818557693	-191.84225363711536	420.520036371154	-191.84225363711536	-191.84225363711536	-387.6377099917306	383.6845072742307	-457.11376818557693	191.84225363711536	791.8613409278848	-791.8613409278848	-387.63770999173096	387.6377099917306	-191.84225363711536	383.6845072742307	-383.6845072742307	-579.479963628846	191.84225363711536	191.84225363711536	8.39	383.6845072742307	457.11376818557704
29	-158.2205471201017	632.8821884804069	158.2205471201017	158.2205471201017	1000.0	158.2205471201017	867.0157068015254	289.00523560050846	-1000.0	-158.2205471201017	632.8821884804069	158.2205471201017	-158.2205471201017	0.0	-84.30297120101686	-316.4410942402034	632.8821884804069	158.2205471201017	-158.2205471201017	289.00523560050846	84.30297120101682	289.00523560050846	-158.2205471201017	84.30297120101686	-158.2205471201017	-158.2205471201017	-624.4921884804069	316.4410942402034	-289.00523560050846	158.2205471201017	84.30297120101682	-84.30297120101686	-624.4921884804069	624.4921884804069	-158.2205471201017	316.4410942402034	-316.4410942402034	-782.7127356005086	158.2205471201017	158.2205471201017	8.39	316.4410942402034	289.00523560050834
30	-188.95883719333017	755.8353487733207	188.95883719333017	188.95883719333017	1000.0	188.95883719333017	1000.0	442.6966859666518	-1000.0	-188.95883719333017	755.8353487733207	188.95883719333017	-188.95883719333017	328.0900578999517	-719.7759298332539	-377.91767438666034	755.8353487733207	188.95883719333017	-188.95883719333017	442.6966859666518	719.7759298332539	442.6966859666518	-188.95883719333017	391.6858719333022	-188.95883719333017	-188.95883719333017	-419.355290873369	377.91767438666034	-442.6966859666518	188.95883719333017	719.7759298332539	-719.7759298332539	-419.35529087336954	419.355290873369	-188.95883719333017	377.91767438666034	-377.91767438666034	-608.3141280666978	188.95883719333017	188.95883719333017	8.39	377.91767438666034	442.6966859666503
31	-37.9728460630438	151.8913842521752	37.9728460630438	37.9728460630438	-173.08218936956223	37.9728460630438	822.9234750000002	274.30782500000004	173.08218936956223	-37.9728460630438	151.8913842521752	37.9728460630438	-37.9728460630438	0.0	-641.4492446847812	-75.9456921260876	151.8913842521752	37.9728460630438	-37.9728460630438	274.30782500000004	641.4492446847812	274.30782500000004	-37.9728460630438	641.4492446847812	-37.9728460630438	-37.9728460630438	-143.50138425217517	75.9456921260876	-274.30782500000004	37.9728460630438	641.4492446847812	-641.4492446847812	-143.5013842521746	143.50138425217517	-37.9728460630438	75.9456921260876	-75.9456921260876	-181.47423031521896	37.9728460630438	37.9728460630438	8.39	75.9456921260876	274.30782500000004
32	-64.03099691818471	256.12398767273885	64.03099691818471	64.03099691818471	87.49931918184711	64.03099691818471	511.1584904090764	274.30782500000004	-87.49931918184717	-64.03099691818471	256.12398767273885	64.03099691818471	-64.03099691818471	311.7649845909236	-822.923475	-128.06199383636942	256.12398767273885	64.03099691818471	-64.03099691818471	274.30782500000004	822.923475	274.30782500000004	-64.03099691818471	511.1584904090764	-64.03099691818471	-64.03099691818471	64.03099691818471	128.06199383636942	-274.30782500000004	64.03099691818471	822.923475	-822.923475	64.03099691818426	-64.03099691818471	-64.03099691818471	128.06199383636942	-128.06199383636942	0.0	64.03099691818471	64.03099691818471	8.39	128.06199383636942	274.30782500000004
33	-155.28106499999998	621.1242599999999	155.28106499999998	155.28106499999998	1000.0	155.28106499999998	-51.47008187697941	274.3078250000001	-1000.0	-155.28106499999998	621.1242599999999	155.28106499999998	-155.28106499999998	874.3935568769791	-929.3017068769791	-310.56212999999997	621.1242599999999	155.28106499999998	-155.28106499999998	274.3078250000001	929.3017068769791	274.3078250000001	-155.28106499999998	54.90814999999998	-155.28106499999998	-155.28106499999998	261.65929687697917	310.56212999999997	-274.3078250000001	155.28106499999998	929.3017068769791	-929.3017068769791	261.65929687697917	-261.65929687697917	-155.28106499999998	310.56212999999997	-310.56212999999997	106.37823187697938	155.28106499999998	155.28106499999998	8.39	310.56212999999997	274.30782500000004
34	-187.70093128540842	750.8037251416337	187.70093128540842	187.70093128540842	1000.0	187.70093128540842	688.3282821352109	436.40715642704214	-1000.0	-187.70093128540842	750.8037251416337	187.70093128540842	-187.70093128540842	620.8931871459156	-1000.0	-375.40186257081683	750.8037251416337	187.70093128540842	-187.70093128540842	436.40715642704214	1000.0	436.40715642704214	-187.70093128540842	379.10681285408435	-187.70093128540842	-187.70093128540842	-121.52053799571809	375.40186257081683	-436.40715642704214	187.70093128540842	1000.0	-1000.0	-121.52053799571848	121.52053799571809	-187.70093128540842	375.40186257081683	-375.40186257081683	-309.22146928112653	187.70093128540842	187.70093128540842	8.39	375.40186257081683	436.40715642704225
35	-112.35746285181257	449.4298514072503	112.35746285181257	112.35746285181257	570.7639785181261	112.35746285181257	381.8836235927497	274.307825	-570.7639785181261	-112.35746285181257	449.4298514072503	112.35746285181257	-112.35746285181257	441.03985140725024	-710.5660121481874	-224.71492570362514	449.4298514072503	112.35746285181257	-112.35746285181257	274.307825	710.5660121481874	274.307825	-112.35746285181257	269.52616074093714	-112.35746285181257	-112.35746285181257	0.0	224.71492570362514	-274.307825	112.35746285181257	710.5660121481874	-710.5660121481874	0.0	0.0	-112.35746285181257	224.71492570362514	-224.71492570362514	-112.35746285181256	112.35746285181257	112.35746285181257	8.39	224.71492570362514	274.30782500000004
36	-11.16509228263221	44.66036913052884	11.16509228263221	11.16509228263221	-441.15972717367765	11.16509228263221	786.6531058694713	274.30782500000004	441.15972717367765	-11.16509228263221	44.66036913052884	11.16509228263221	-11.16509228263221	36.27036913052885	-811.758382717368	-22.33018456526442	44.66036913052884	11.16509228263221	-11.16509228263221	274.30782500000004	811.758382717368	274.30782500000004	-11.16509228263221	775.4880135868392	-11.16509228263221	-11.16509228263221	0.0	22.33018456526442	-274.30782500000004	11.16509228263221	811.758382717368	-811.758382717368	0.0	0.0	-11.16509228263221	22.33018456526442	-22.33018456526442	-11.165092282632145	11.16509228263221	11.16509228263221	8.39	22.33018456526442	274.30782500000004
37	-139.1272372735011	556.5089490940044	139.1272372735011	139.1272372735011	491.3286439458427	139.1272372735011	1000.0	447.8743643945842	-491.3286439458427	-139.1272372735011	556.5089490940044	139.1272372735011	-139.1272372735011	343.62309318375276	-1000.0	-278.2544745470022	556.5089490940044	139.1272372735011	-139.1272372735011	447.87436439458423	1000.0	447.87436439458423	-139.1272372735011	656.3769068162472	-139.1272372735011	-139.1272372735011	-204.49585591025163	278.2544745470022	-447.8743643945842	139.1272372735011	1000.0	-1000.0	-204.49585591025186	204.49585591025163	-139.1272372735011	278.2544745470022	-278.2544745470022	-343.62309318375276	139.1272372735011	139.1272372735011	8.39	278.2544745470022	447.8743643945841
38	-86.75109342385998	347.00437369543994	86.75109342385998	86.75109342385998	54.860778532166705	86.75109342385998	1000.0	404.22757785321664	-54.860778532166705	-86.75109342385998	347.00437369543994	86.75109342385998	-86.75109342385998	212.68273355964993	-1000.0	-173.50218684771997	347.00437369543994	86.75109342385998	-86.75109342385998	404.22757785321664	1000.0	404.22757785321664	-86.75109342385998	787.3172664403501	-86.75109342385998	-86.75109342385998	-125.93164013578996	173.50218684771997	-404.22757785321664	86.75109342385998	1000.0	-1000.0	-125.93164013578985	125.93164013578996	-86.75109342385998	173.50218684771997	-173.50218684771997	-212.68273355964993	86.75109342385998	86.75109342385998	8.39	173.50218684771997	404.22757785321664
39	-11.3325566826322	45.3302267305288	11.3325566826322	11.3325566826322	-573.6270276447317	11.3325566826322	1000.0	341.37879723552686	573.6270276447317	-11.3325566826322	45.3302267305288	11.3325566826322	-11.3325566826322	24.136391706580508	-1000.0	-22.6651133652644	45.3302267305288	11.3325566826322	-11.3325566826322	341.37879723552686	1000.0	341.37879723552686	-11.3325566826322	975.8636082934195	-11.3325566826322	-11.3325566826322	-12.803835023948288	22.6651133652644	-341.37879723552686	11.3325566826322	1000.0	-1000.0	-12.803835023948238	12.803835023948288	-11.3325566826322	22.6651133652644	-22.6651133652644	-24.136391706580525	11.3325566826322	11.3325566826322	8.39	22.6651133652644	341.37879723552675
40	-64.72326576183875	258.893063047355	64.72326576183875	64.72326576183875	0.0	64.72326576183875	964.556486427581	321.5188288091937	0.0	-64.72326576183875	258.893063047355	64.72326576183875	-64.72326576183875	0.0	-649.3301576183873	-129.4465315236775	258.893063047355	64.72326576183875	-64.72326576183875	321.5188288091937	649.3301576183873	321.5188288091937	-64.72326576183875	649.3301576183873	-64.72326576183875	-64.72326576183875	-250.503063047355	129.4465315236775	-321.5188288091937	64.72326576183875	649.3301576183873	-649.3301576183873	-250.5030630473546	250.503063047355	-64.72326576183875	129.4465315236775	-129.4465315236775	-315.2263288091938	64.72326576183875	64.72326576183875	8.39	129.4465315236775	321.5188288091937
41	-92.03453662629985	368.1381465051995	92.03453662629985	92.03453662629985	249.4836995963319	92.03453662629985	1000.0	333.3333333333333	-249.4836995963319	-92.03453662629985	368.1381465051995	92.03453662629985	-92.03453662629985	0.0	-548.2173168685007	-184.0690732525997	368.1381465051995	92.03453662629985	-92.03453662629985	333.3333333333333	548.2173168685007	333.3333333333333	-92.03453662629985	548.2173168685007	-92.03453662629985	-92.03453662629985	-359.74814650519954	184.06907325259974	-333.3333333333333	92.03453662629985	548.2173168685007	-548.2173168685007	-359.74814650519914	359.74814650519954	-92.03453662629985	184.0690732525997	-184.06907325259974	-451.7826831314993	92.03453662629985	92.03453662629985	8.39	184.0690732525997	333.33333333333337
42	-155.2810649999999	621.1242599999996	155.2810649999999	155.2810649999999	1000.0	155.2810649999999	107.14210320194891	274.30782499999975	-1000.0	-155.2810649999999	621.1242599999996	155.2810649999999	-155.2810649999999	715.78137179805	-770.6895217980496	-310.5621299999998	621.1242599999996	155.2810649999999	-155.2810649999999	274.3078249999995	770.6895217980496	274.3078249999995	-155.2810649999999	54.90814999999975	-155.2810649999999	-155.2810649999999	103.04711179805042	310.5621299999998	-274.30782499999987	155.2810649999999	770.6895217980496	-770.6895217980496	103.04711179805031	-103.04711179805042	-155.2810649999999	310.5621299999998	-310.5621299999998	-52.23395320194939	155.2810649999999	155.2810649999999	8.39	310.5621299999998	274.30782500000004
43	-185.54179967299444	742.1671986919778	185.54179967299444	185.54179967299444	1000.0	185.54179967299444	634.3499918248615	425.6114983649723	-1000.0	-185.54179967299444	742.1671986919778	185.54179967299444	-185.54179967299444	642.4845032700553	-1000.0	-371.0835993459889	742.1671986919778	185.54179967299444	-185.54179967299444	425.6114983649723	1000.0	425.6114983649723	-185.54179967299444	357.51549672994474	-185.54179967299444	-185.54179967299444	-91.29269542192253	371.0835993459889	-425.6114983649723	185.54179967299444	1000.0	-1000.0	-91.29269542192333	91.29269542192253	-185.54179967299444	371.0835993459889	-371.0835993459889	-276.83449509491675	185.54179967299444	185.54179967299444	8.39	371.0835993459889	425.61149836497265
44	-155.28106500000004	621.1242600000002	155.28106500000004	155.28106500000004	1000.0	155.28106500000004	552.4972470714637	274.30782500000015	-1000.0	-155.28106500000004	621.1242600000002	155.28106500000004	-155.28106500000004	270.42622792853683	-325.33437792853715	-310.5621300000001	621.1242600000002	155.28106500000004	-155.28106500000004	274.30782500000015	325.33437792853715	274.30782500000015	-155.28106500000004	54.90815000000032	-155.28106500000004	-155.28106500000004	-342.30803207146334	310.5621300000001	-274.30782500000015	155.28106500000004	325.33437792853715	-325.33437792853715	-342.30803207146323	342.30803207146334	-155.28106500000004	310.5621300000001	-310.5621300000001	-497.58909707146336	155.28106500000004	155.28106500000004	8.39	310.5621300000001	274.30782500000004
45	-155.281065	621.12426	155.281065	155.281065	1000.0	155.281065	721.7027208116773	274.30782500000004	-1000.0	-155.281065	621.12426	155.281065	-155.281065	101.22075418832279	-156.12890418832285	-310.56213	621.12426	155.281065	-155.281065	274.30782500000004	156.12890418832285	274.30782500000004	-155.281065	54.90815000000006	-155.281065	-155.281065	-511.51350581167725	310.56213	-274.30782500000004	155.281065	156.12890418832285	-156.12890418832285	-511.5135058116771	511.51350581167725	-155.281065	310.56213	-310.56213	-666.7945708116772	155.281065	155.281065	8.39	310.56213	274.30782500000004
46	-35.70523667542741	142.82094670170963	35.70523667542741	35.70523667542741	-370.5213610381048	35.70523667542741	1000.0	361.6893638961895	370.5213610381048	-35.70523667542741	142.82094670170963	35.70523667542741	-35.70523667542741	85.06809168856853	-1000.0	-71.41047335085482	142.82094670170963	35.70523667542741	-35.70523667542741	361.6893638961895	1000.0	361.6893638961895	-35.70523667542741	914.9319083114315	-35.70523667542741	-35.70523667542741	-49.362855013141086	71.41047335085482	-361.6893638961895	35.70523667542741	1000.0	-1000.0	-49.36285501314127	49.362855013141086	-35.70523667542741	71.41047335085482	-71.41047335085482	-85.06809168856853	35.70523667542741	35.70523667542741	8.39	71.41047335085482	361.6893638961896
47	-67.5790462323168	270.3161849292672	67.5790462323168	67.5790462323168	-104.90628139736008	67.5790462323168	1000.0	388.25087186026394	104.90628139736008	-67.5790462323168	270.3161849292672	67.5790462323168	-67.5790462323168	164.752615580792	-1000.0	-135.1580924646336	270.3161849292672	67.5790462323168	-67.5790462323168	388.25087186026394	1000.0	388.25087186026394	-67.5790462323168	835.247384419208	-67.5790462323168	-67.5790462323168	-97.17356934847521	135.1580924646336	-388.25087186026394	67.5790462323168	1000.0	-1000.0	-97.17356934847496	97.17356934847521	-67.5790462323168	135.1580924646336	-135.1580924646336	-164.75261558079205	67.5790462323168	67.5790462323168	8.39	135.1580924646336	388.25087186026417
48	-74.11050760124533	296.4420304049813	74.11050760124533	74.11050760124533	70.24340934578663	74.11050760124533	1000.0	333.3333333333333	-70.24340934578663	-74.11050760124533	296.4420304049813	74.11050760124533	-74.11050760124533	0.0	-637.8374619937733	-148.22101520249066	296.4420304049813	74.11050760124533	-74.11050760124533	333.3333333333333	637.8374619937733	333.3333333333333	-74.11050760124533	637.8374619937733	-74.11050760124533	-74.11050760124533	-288.05203040498134	148.22101520249066	-333.3333333333333	74.11050760124533	637.8374619937733	-637.8374619937733	-288.0520304049812	288.05203040498134	-74.11050760124533	148.22101520249066	-148.22101520249066	-362.16253800622667	74.11050760124533	74.11050760124533	8.39	148.22101520249066	333.33333333333337
49	-158.8230494854633	635.2921979418531	158.8230494854633	158.8230494854633	1000.0	158.8230494854633	-33.61876286341726	292.0177474273166	-1000.0	-158.8230494854633	635.2921979418531	158.8230494854633	-158.8230494854633	909.6720051453668	-1000.0	-317.6460989709266	635.2921979418531	158.8230494854633	-158.8230494854633	292.0177474273166	1000.0	292.0177474273166	-158.8230494854633	90.32799485463318	-158.8230494854633	-158.8230494854633	282.76980720351366	317.6460989709266	-292.0177474273166	158.8230494854633	1000.0	-1000.0	282.7698072035134	-282.76980720351366	-158.8230494854633	317.6460989709266	-317.6460989709266	123.94675771805055	158.8230494854633	158.8230494854633	8.39	317.6460989709266	292.01774742731646
50	-155.281065	621.12426	155.281065	155.281065	1000.0	155.281065	474.37013502741536	274.30782500000004	-1000.0	-155.281065	621.12426	155.281065	-155.281065	348.55333997258464	-403.46148997258473	-310.56213	621.12426	155.281065	-155.281065	274.30782500000004	403.4614899725848	274.30782500000004	-155.281065	54.90815000000009	-155.281065	-155.281065	-264.1809200274154	310.56213	-274.30782500000004	155.281065	403.4614899725848	-403.46148997258473	-264.18092002741554	264.1809200274154	-155.281065	310.56213	-310.56213	-419.46198502741527	155.281065	155.281065	8.39	310.56213	274.30782500000004
51	-165.87873913914083	663.5149565565633	165.87873913914083	165.87873913914083	1000.0	165.87873913914083	160.88489139140813	327.2961956957041	-1000.0	-165.87873913914083	663.5149565565633	165.87873913914083	-165.87873913914083	821.0036956957042	-981.8885870871123	-331.75747827828167	663.5149565565633	165.87873913914083	-165.87873913914083	327.2961956957041	981.8885870871123	327.2961956957041	-165.87873913914083	160.88489139140816	-165.87873913914083	-165.87873913914083	165.87873913914086	331.75747827828167	-327.2961956957041	165.87873913914083	981.8885870871123	-981.8885870871123	165.87873913914126	-165.87873913914086	-165.87873913914083	331.75747827828167	-331.75747827828167	0.0	165.87873913914083	165.87873913914083	8.39	331.75747827828167	327.2961956957041
52	-155.44597526588973	621.7839010635589	155.44597526588973	155.44597526588973	1000.0	155.44597526588973	56.55725265889748	275.1323763294487	-1000.0	-155.44597526588973	621.7839010635589	155.44597526588973	-155.44597526588973	768.8398763294485	-825.397128988346	-310.89195053177946	621.7839010635589	155.44597526588973	-155.44597526588973	275.1323763294487	825.397128988346	275.1323763294487	-155.44597526588973	56.55725265889748	-155.44597526588973	-155.44597526588973	155.44597526588962	310.89195053177946	-275.1323763294487	155.44597526588973	825.397128988346	-825.397128988346	155.4459752658894	-155.44597526588962	-155.44597526588973	310.89195053177946	-310.89195053177946	0.0	155.44597526588973	155.44597526588973	8.39	310.89195053177946	275.1323763294488
53	-144.33886997820542	577.3554799128217	144.33886997820542	144.33886997820542	772.5270331153874	144.33886997820542	286.6956501089728	333.3333333333333	-772.5270331153874	-144.33886997820542	577.3554799128217	144.33886997820542	-144.33886997820542	713.3043498910272	-1000.0	-288.67773995641085	577.3554799128217	144.33886997820542	-144.33886997820542	333.3333333333333	1000.0	333.3333333333333	-144.33886997820542	286.6956501089728	-144.33886997820542	-144.33886997820542	144.33886997820537	288.67773995641085	-333.3333333333333	144.33886997820542	1000.0	-1000.0	144.33886997820565	-144.33886997820537	-144.33886997820542	288.67773995641085	-288.67773995641085	0.0	144.33886997820542	144.33886997820542	8.39	288.67773995641085	333.3333333333332
54	-156.1442276243851	624.5769104975404	156.1442276243851	156.1442276243851	890.5806095771845	156.1442276243851	227.6688618780745	333.3333333333333	-890.5806095771845	-156.1442276243851	624.5769104975404	156.1442276243851	-156.1442276243851	772.3311381219255	-1000.0	-312.2884552487702	624.5769104975404	156.1442276243851	-156.1442276243851	333.3333333333333	1000.0	333.3333333333333	-156.1442276243851	227.6688618780745	-156.1442276243851	-156.1442276243851	156.14422762438517	312.2884552487702	-333.3333333333333	156.1442276243851	1000.0	-1000.0	156.14422762438505	-156.14422762438517	-156.1442276243851	312.2884552487702	-312.2884552487702	0.0	156.1442276243851	156.1442276243851	8.39	312.2884552487702	333.3333333333334
55	-160.24359329280463	640.9743731712185	160.24359329280463	160.24359329280463	1000.0	160.24359329280463	104.53343292804664	299.12046646402325	-1000.0	-160.24359329280463	640.9743731712185	160.24359329280463	-160.24359329280463	792.8279664640231	-897.3613993920698	-320.48718658560927	640.9743731712185	160.24359329280463	-160.24359329280463	299.12046646402325	897.3613993920698	299.12046646402325	-160.24359329280463	104.53343292804664	-160.24359329280463	-160.24359329280463	160.2435932928047	320.48718658560927	-299.12046646402325	160.24359329280463	897.3613993920698	-897.3613993920698	160.24359329280446	-160.2435932928047	-160.24359329280463	320.48718658560927	-320.48718658560927	0.0	160.24359329280463	160.24359329280463	8.39	320.48718658560927	299.1204664640235
56	-44.31427753446898	177.2571101378759	44.31427753446898	44.31427753446898	-109.66787465531024	44.31427753446898	432.6655623276556	274.3078250000001	109.66787465531024	-44.31427753446898	177.2571101378759	44.31427753446898	-44.31427753446898	390.2579126723447	-1000.0	-88.62855506893796	177.2571101378759	44.31427753446898	-44.31427753446898	274.3078250000001	1000.0	274.3078250000001	-44.31427753446898	609.7420873276553	-44.31427753446898	-44.31427753446898	221.39080253446878	88.62855506893796	-274.3078250000001	44.31427753446898	1000.0	-1000.0	221.39080253446878	-221.39080253446878	-44.31427753446898	88.62855506893796	-88.62855506893796	177.07652499999926	44.31427753446898	44.31427753446898	8.39	88.62855506893796	274.30782500000004
57	-148.19709602907332	592.7883841162933	148.19709602907332	148.19709602907332	929.1603102907332	148.19709602907332	-86.74853014536713	274.30782499999987	-929.1603102907332	-148.19709602907332	592.7883841162933	148.19709602907332	-148.19709602907332	909.6720051453669	-1000.0	-296.39419205814664	592.7883841162933	148.19709602907332	-148.19709602907332	274.30782499999987	1000.0	274.30782499999987	-148.19709602907332	90.32799485463306	-148.19709602907332	-148.19709602907332	325.27362102907364	296.39419205814664	-274.30782499999987	148.19709602907332	1000.0	-1000.0	325.2736210290743	-325.27362102907364	-148.19709602907332	296.39419205814664	-296.39419205814664	177.07652499999926	148.19709602907332	148.19709602907332	8.39	296.39419205814664	274.30782500000004
58	-196.06077533763428	784.2431013505371	196.06077533763428	196.06077533763428	1000.0	196.06077533763428	897.3243834408566	478.2063766881714	-1000.0	-196.06077533763428	784.2431013505371	196.06077533763428	-196.06077533763428	537.2947466236574	-1000.0	-392.12155067526857	784.2431013505371	196.06077533763428	-196.06077533763428	478.2063766881714	1000.0	478.2063766881714	-196.06077533763428	462.7052533763426	-196.06077533763428	-196.06077533763428	-238.55835472687977	392.12155067526857	-478.2063766881714	196.06077533763428	1000.0	-1000.0	-238.55835472687937	238.55835472687977	-196.06077533763428	392.12155067526857	-392.12155067526857	-434.619130064514	196.06077533763428	196.06077533763428	8.39	392.12155067526857	478.2063766881712
59	-184.50363468059993	738.0145387223997	184.50363468059993	184.50363468059993	1000.0	184.50363468059993	1000.0	420.42067340299974	-1000.0	-184.50363468059993	738.0145387223997	184.50363468059993	-184.50363468059993	261.2620202089993	-608.3958670149989	-369.00726936119986	738.0145387223997	184.50363468059993	-184.50363468059993	420.42067340299974	608.3958670149989	420.42067340299974	-184.50363468059993	347.1338468059996	-184.50363468059993	-184.50363468059993	-468.36251851340046	369.00726936119986	-420.42067340299974	184.50363468059993	608.3958670149989	-608.3958670149989	-468.362518513401	468.36251851340046	-184.50363468059993	369.00726936119986	-369.00726936119986	-652.8661531940004	184.50363468059993	184.50363468059993	8.39	369.00726936119986	420.42067340299985
60	-169.2792671927462	677.1170687709847	169.2792671927462	169.2792671927462	1000.0	169.2792671927462	1000.0	344.29883596373105	-1000.0	-169.2792671927462	677.1170687709847	169.2792671927462	-169.2792671927462	32.896507891192925	-227.786679818655	-338.5585343854924	677.1170687709847	169.2792671927462	-169.2792671927462	344.29883596373105	227.786679818655	344.29883596373105	-169.2792671927462	194.890171927462	-169.2792671927462	-169.2792671927462	-635.8305608797917	338.55853438549235	-344.29883596373105	169.2792671927462	227.786679818655	-227.78667981865487	-635.8305608797924	635.8305608797917	-169.2792671927462	338.5585343854924	-338.55853438549235	-805.109828072538	169.2792671927462	169.2792671927462	8.39	338.5585343854924	344.2988359637307
61	-176.01071003859133	704.0428401543653	176.01071003859133	176.01071003859133	1000.0	176.01071003859133	1000.0	377.95605019295664	-1000.0	-176.01071003859133	704.0428401543653	176.01071003859133	-176.01071003859133	133.86815057886997	-396.07275096478327	-352.02142007718265	704.0428401543653	176.01071003859133	-176.01071003859133	377.95605019295664	396.07275096478327	377.95605019295664	-176.01071003859133	262.2046003859133	-176.01071003859133	-176.01071003859133	-561.7846895754953	352.02142007718265	-377.95605019295664	176.01071003859133	396.07275096478327	-396.07275096478327	-561.7846895754957	561.7846895754953	-176.01071003859133	352.02142007718265	-352.02142007718265	-737.7953996140867	176.01071003859133	176.01071003859133	8.39	352.02142007718265	377.95605019295675
62	-156.8360357648499	627.3441430593998	156.8360357648499	156.8360357648499	1000.0	156.8360357648499	846.2480364727487	282.08267882424957	-1000.0	-156.8360357648499	627.3441430593998	156.8360357648499	-156.8360357648499	0.0	-70.45785764849893	-313.6720715296998	627.3441430593998	156.8360357648499	-156.8360357648499	282.08267882424957	70.45785764849893	282.08267882424957	-156.8360357648499	70.45785764849893	-156.8360357648499	-156.8360357648499	-618.9541430594	313.6720715296999	-282.08267882424957	156.8360357648499	70.45785764849893	-70.45785764849893	-618.9541430593995	618.9541430594	-156.8360357648499	313.6720715296998	-313.6720715296999	-775.7901788242498	156.8360357648499	156.8360357648499	8.39	313.6720715296998	282.0826788242495
63	-198.8153370811357	795.2613483245428	198.8153370811357	198.8153370811357	1000.0	198.8153370811357	1000.0	491.9791854056782	-1000.0	-198.8153370811357	795.2613483245428	198.8153370811357	-198.8153370811357	475.937556217036	-966.1884270283922	-397.6306741622714	795.2613483245428	198.8153370811357	-198.8153370811357	491.9791854056782	966.1884270283922	491.9791854056782	-198.8153370811357	490.2508708113562	-198.8153370811357	-198.8153370811357	-310.93379210750686	397.6306741622714	-491.9791854056782	198.8153370811357	966.1884270283922	-966.1884270283922	-310.93379210750635	310.93379210750686	-198.8153370811357	397.6306741622714	-397.6306741622714	-509.7491291886438	198.8153370811357	198.8153370811357	8.39	397.6306741622714	491.979185405678
64	-155.28106499999998	621.1242599999999	155.28106499999998	155.28106499999998	1000.0	155.28106499999998	194.34366060522797	274.3078250000003	-1000.0	-155.28106499999998	621.1242599999999	155.28106499999998	-155.28106499999998	628.5798143947718	-683.4879643947721	-310.56212999999997	621.1242599999999	155.28106499999998	-155.28106499999998	274.3078250000003	683.4879643947721	274.3078250000003	-155.28106499999998	54.90815000000032	-155.28106499999998	-155.28106499999998	15.845554394771852	310.56212999999997	-274.3078250000003	155.28106499999998	683.4879643947721	-683.4879643947721	15.845554394771796	-15.845554394771852	-155.28106499999998	310.56212999999997	-310.56212999999997	-139.4355106052277	155.28106499999998	155.28106499999998	8.39	310.56212999999997	274.30782500000004
65	-125.38071273034751	501.52285092139005	125.38071273034751	125.38071273034751	376.7742727528962	125.38071273034751	1000.0	436.4189272752896	-376.7742727528962	-125.38071273034751	501.52285092139005	125.38071273034751	-125.38071273034751	309.25678182586876	-1000.0	-250.76142546069502	501.52285092139005	125.38071273034751	-125.38071273034751	436.4189272752896	1000.0	436.4189272752896	-125.38071273034751	690.7432181741312	-125.38071273034751	-125.38071273034751	-183.8760690955213	250.76142546069502	-436.4189272752896	125.38071273034751	1000.0	-1000.0	-183.87606909552153	183.8760690955213	-125.38071273034751	250.76142546069502	-250.76142546069502	-309.25678182586876	125.38071273034751	125.38071273034751	8.39	250.76142546069502	436.4189272752895
66	-106.55256957855798	426.2102783142319	106.55256957855798	106.55256957855798	219.87307982131608	106.55256957855798	1000.0	420.72880798213174	-219.87307982131608	-106.55256957855798	426.2102783142319	106.55256957855798	-106.55256957855798	262.18642394639494	-1000.0	-213.10513915711596	426.2102783142319	106.55256957855798	-106.55256957855798	420.72880798213174	1000.0	420.72880798213174	-106.55256957855798	737.8135760536051	-106.55256957855798	-106.55256957855798	-155.633854367837	213.10513915711596	-420.72880798213174	106.55256957855798	1000.0	-1000.0	-155.63385436783682	155.633854367837	-106.55256957855798	213.10513915711596	-213.10513915711596	-262.18642394639494	106.55256957855798	106.55256957855798	8.39	213.10513915711596	420.72880798213185
67	-56.45487891090321	225.81951564361285	56.45487891090321	56.45487891090321	0.0	56.45487891090321	840.5306836635484	280.17689455451614	0.0	-56.45487891090321	225.81951564361285	56.45487891090321	-56.45487891090321	0.0	-566.6462891090323	-112.90975782180642	225.81951564361285	56.45487891090321	-56.45487891090321	280.17689455451614	566.6462891090323	280.17689455451614	-56.45487891090321	566.6462891090323	-56.45487891090321	-56.45487891090321	-217.42951564361283	112.90975782180642	-280.17689455451614	56.45487891090321	566.6462891090323	-566.6462891090323	-217.4295156436129	217.42951564361283	-56.45487891090321	112.90975782180642	-112.90975782180642	-273.88439455451606	56.45487891090321	56.45487891090321	8.39	112.90975782180642	280.1768945545161
68	-118.13918289842744	472.55673159370974	118.13918289842744	118.13918289842744	510.5301623176076	118.13918289842744	1000.0	333.3333333333333	-510.5301623176076	-118.13918289842744	472.55673159370974	118.13918289842744	-118.13918289842744	0.0	-417.69408550786284	-236.27836579685487	472.55673159370974	118.13918289842744	-118.13918289842744	333.3333333333333	417.69408550786284	333.3333333333333	-118.13918289842744	417.69408550786284	-118.13918289842744	-118.13918289842744	-464.16673159370976	236.27836579685487	-333.3333333333333	118.13918289842744	417.69408550786284	-417.69408550786284	-464.16673159371004	464.16673159370976	-118.13918289842744	236.27836579685487	-236.27836579685487	-582.3059144921372	118.13918289842744	118.13918289842744	8.39	236.27836579685487	333.3333333333334
69	-55.281065000000034	221.12426000000013	55.281065000000034	55.281065000000034	0.0	55.281065000000034	754.2428637256322	274.3078250000003	0.0	-55.281065000000034	221.12426000000013	55.281065000000034	-55.281065000000034	68.68061127436819	-623.5887612743685	-110.56213000000007	221.12426000000013	55.281065000000034	-55.281065000000034	274.3078250000003	623.5887612743685	274.3078250000003	-55.281065000000034	554.9081500000003	-55.281065000000034	-55.281065000000034	-144.05364872563194	110.56213000000007	-274.3078250000003	55.281065000000034	623.5887612743685	-623.5887612743685	-144.05364872563206	144.05364872563194	-55.281065000000034	110.56213000000007	-110.56213000000007	-199.3347137256319	55.281065000000034	55.281065000000034	8.39	110.56213000000007	274.30782500000004
70	-157.9714358676767	631.8857434707068	157.9714358676767	157.9714358676767	648.36363223064	157.9714358676767	1000.0	463.5778632230639	-648.36363223064	-157.9714358676767	631.8857434707068	157.9714358676767	-157.9714358676767	390.7335896691917	-1000.0	-315.9428717353534	631.8857434707068	157.9714358676767	-157.9714358676767	463.5778632230639	1000.0	463.5778632230639	-157.9714358676767	609.2664103308083	-157.9714358676767	-157.9714358676767	-232.76215380151507	315.9428717353534	-463.5778632230639	157.9714358676767	1000.0	-999.9999999999999	-232.76215380151655	232.76215380151507	-157.9714358676767	315.9428717353534	-315.9428717353534	-390.7335896691917	157.9714358676767	157.9714358676767	8.39	315.9428717353534	463.57786322306396
71	-165.02572635748393	660.1029054299357	165.0257263574839	165.02572635748393	1000.0	165.0257263574839	121.44815893709881	323.0311317874197	-1000.0	-165.0257263574839	660.1029054299357	165.0257263574839	-165.0257263574839	847.6452364251604	-1000.0	-330.0514527149678	660.1029054299357	165.0257263574839	-165.0257263574839	323.0311317874197	1000.0	323.0311317874197	-165.0257263574839	152.35476357483958	-165.02572635748393	-165.0257263574839	195.93233099522456	330.05145271496787	-323.0311317874197	165.0257263574839	1000.0	-1000.0	195.93233099522422	-195.93233099522456	-165.0257263574839	330.0514527149678	-330.05145271496787	30.90660463774077	165.0257263574839	165.0257263574839	8.39	330.0514527149678	323.03113178741984
72	-5.571381049033473	22.285524196133892	5.571381049033473	5.571381049033473	-497.0968395096652	5.571381049033473	626.3800447548325	274.307825	497.0968395096652	-5.571381049033473	22.285524196133892	5.571381049033473	-5.571381049033473	196.54343024516743	-1000.0	-11.142762098066946	22.285524196133892	5.571381049033473	-5.571381049033473	274.307825	1000.0	274.307825	-5.571381049033473	803.4565697548326	-5.571381049033473	-5.571381049033473	182.64790604903354	11.142762098066946	-274.307825	5.571381049033473	1000.0	-1000.0	182.64790604903362	-182.64790604903354	-5.571381049033473	11.142762098066946	-11.142762098066946	177.07652499999926	5.571381049033473	5.571381049033473	8.39	11.142762098066946	274.30782500000004
73	-73.9986483559298	295.9945934237192	73.9986483559298	73.9986483559298	0.0	73.9986483559298	845.771208898245	367.89574177964903	0.0	-73.9986483559298	295.9945934237192	73.9986483559298	-73.9986483559298	257.9160164407019	-1000.0	-147.9972967118596	295.9945934237192	73.9986483559298	-73.9986483559298	367.89574177964903	1000.0	367.89574177964903	-73.9986483559298	742.0839835592981	-73.9986483559298	-73.9986483559298	-29.6885769830173	147.9972967118596	-367.89574177964903	73.9986483559298	1000.0	-1000.0	-29.688576983017356	29.6885769830173	-73.9986483559298	147.9972967118596	-147.9972967118596	-103.68722533894697	73.9986483559298	73.9986483559298	8.39	147.9972967118596	367.8957417796491
74	-133.58119582113181	534.3247832845273	133.58119582113181	133.58119582113181	445.1116318427652	133.58119582113181	1000.0	443.2526631842765	-445.1116318427652	-133.58119582113181	534.3247832845273	133.58119582113181	-133.58119582113181	329.75798955282954	-1000.0	-267.16239164226363	534.3247832845273	133.58119582113181	-133.58119582113181	443.2526631842765	1000.0	443.2526631842765	-133.58119582113181	670.2420104471705	-133.58119582113181	-133.58119582113181	-196.17679373169773	267.16239164226363	-443.2526631842765	133.58119582113181	1000.0	-1000.0	-196.17679373169779	196.17679373169773	-133.58119582113181	267.16239164226363	-267.16239164226363	-329.75798955282954	133.58119582113181	133.58119582113181	8.39	267.16239164226363	443.2526631842764
75	-81.22827115027229	324.91308460108917	81.22827115027229	81.22827115027229	8.837259585602851	81.22827115027229	1000.0	399.6252259585602	-8.837259585602851	-81.22827115027229	324.91308460108917	81.22827115027229	-81.22827115027229	198.87567787568074	-1000.0	-162.45654230054458	324.91308460108917	81.22827115027229	-81.22827115027229	399.6252259585602	1000.0	399.6252259585602	-81.22827115027229	801.1243221243193	-81.22827115027229	-81.22827115027229	-117.64740672540844	162.45654230054458	-399.6252259585602	81.22827115027229	1000.0	-1000.0	-117.64740672540898	117.64740672540844	-81.22827115027229	162.45654230054458	-162.45654230054458	-198.87567787568074	81.22827115027229	81.22827115027229	8.39	162.45654230054458	399.6252259585603
76	-5.845075297998735	23.38030119199494	5.845075297998735	5.845075297998735	-619.3560391833439	5.845075297998735	1000.0	336.8058960816656	619.3560391833439	-5.845075297998735	23.38030119199494	5.845075297998735	-5.845075297998735	10.417688244996842	-1000.0	-11.69015059599747	23.38030119199494	5.845075297998735	-5.845075297998735	336.8058960816656	1000.0	336.8058960816656	-5.845075297998735	989.5823117550032	-5.845075297998735	-5.845075297998735	-4.572612946998095	11.69015059599747	-336.8058960816656	5.845075297998735	1000.0	-1000.0	-4.572612946998049	4.572612946998095	-5.845075297998735	11.69015059599747	-11.69015059599747	-10.417688244996842	5.845075297998735	5.845075297998735	8.39	11.69015059599747	336.8058960816656
77	-16.79813195395377	67.19252781581508	16.79813195395377	16.79813195395377	-528.0805670503852	16.79813195395377	1000.0	345.9334432949615	528.0805670503852	-16.79813195395377	67.19252781581508	16.79813195395377	-16.79813195395377	37.800329884884434	-1000.0	-33.59626390790754	67.19252781581508	16.79813195395377	-16.79813195395377	345.9334432949615	1000.0	345.9334432949615	-16.79813195395377	962.1996701151156	-16.79813195395377	-16.79813195395377	-21.00219793093065	33.59626390790754	-345.9334432949615	16.79813195395377	1000.0	-1000.0	-21.002197930930663	21.00219793093065	-16.79813195395377	33.59626390790754	-33.59626390790754	-37.800329884884434	16.79813195395377	16.79813195395377	8.39	33.59626390790754	345.93344329496136
78	0.0	0.0	0.0	0.0	-570.5559922721715	0.0	707.4729768165141	283.18049613608565	570.5559922721715	0.0	0.0	0.0	0.0	142.06851159174298	-1000.0	0.0	0.0	0.0	0.0	283.18049613608565	1000.0	283.18049613608565	0.0	857.931488408257	0.0	0.0	150.458511591743	0.0	-283.18049613608565	0.0	1000.0	-1000.0	150.45851159174345	-150.458511591743	0.0	0.0	0.0	150.45851159174296	0.0	0.0	8.39	0.0	283.18049613608576
79	0.0	0.0	0.0	0.0	-635.3945240851997	0.0	901.9885722555986	315.59976204259976	635.3945240851997	0.0	0.0	0.0	0.0	44.81071387220072	-1000.0	0.0	0.0	0.0	0.0	315.59976204259976	1000.0	315.59976204259976	0.0	955.1892861277993	0.0	0.0	53.20071387220072	0.0	-315.59976204259976	0.0	1000.0	-1000.0	53.20071387220105	-53.20071387220072	0.0	0.0	0.0	53.20071387220071	0.0	0.0	8.39	0.0	315.59976204259976
80	-139.34110598292853	557.3644239317142	139.34110598292855	139.34110598292853	722.5493931626183	139.34110598292853	311.68447008535736	333.33333333333337	-722.5493931626183	-139.34110598292855	557.3644239317142	139.34110598292853	-139.34110598292855	688.3155299146426	-1000.0	-278.6822119658571	557.3644239317142	139.34110598292853	-139.34110598292853	333.33333333333337	1000.0	333.33333333333337	-139.34110598292853	311.68447008535736	-139.34110598292853	-139.34110598292855	139.3411059829284	278.6822119658571	-333.33333333333337	139.34110598292855	1000.0	-1000.0	139.34110598292978	-139.3411059829284	-139.34110598292853	278.6822119658571	-278.6822119658571	0.0	139.34110598292855	139.34110598292853	8.39	278.6822119658571	333.33333333333337
81	-30.495342288422805	121.98136915369122	30.495342288422805	30.495342288422805	-247.8572271157716	30.495342288422805	501.7602385578854	274.30782499999987	247.8572271157716	-30.495342288422805	121.98136915369122	30.495342288422805	-30.495342288422805	321.16323644211434	-1000.0	-60.99068457684561	121.98136915369122	30.495342288422805	-30.495342288422805	274.30782499999987	1000.0	274.30782499999987	-30.495342288422805	678.8367635578857	-30.495342288422805	-30.495342288422805	207.5718672884231	60.99068457684561	-274.30782499999987	30.495342288422805	1000.0	-1000.0	207.57186728842248	-207.5718672884231	-30.495342288422805	60.99068457684561	-60.99068457684561	177.07652499999926	30.495342288422805	30.495342288422805	8.39	60.99068457684561	274.30782500000004
82	-68.21290463251043	272.8516185300417	68.21290463251043	68.21290463251043	129.31839632510417	68.21290463251043	313.17242683744826	274.30782500000015	-129.31839632510417	-68.21290463251043	272.8516185300417	68.21290463251043	-68.21290463251043	509.75104816255197	-1000.0	-136.42580926502086	272.8516185300417	68.21290463251043	-68.21290463251043	274.30782500000015	1000.0	274.30782500000015	-68.21290463251043	490.24895183744803	-68.21290463251043	-68.21290463251043	245.2894296325103	136.42580926502086	-274.3078250000001	68.21290463251043	1000.0	-1000.0	245.28942963251023	-245.2894296325103	-68.21290463251043	136.42580926502086	-136.42580926502086	177.07652499999926	68.21290463251043	68.21290463251043	8.39	136.42580926502086	274.30782500000004
83	-79.10485748010137	316.4194299204055	79.10485748010137	79.10485748010137	238.23792480101383	79.10485748010137	258.71266259949255	274.3078249999999	-238.23792480101383	-79.10485748010137	316.4194299204055	79.10485748010137	-79.10485748010137	564.2108124005072	-1000.0	-158.20971496020275	316.4194299204055	79.10485748010137	-79.10485748010137	274.3078249999999	1000.0	274.3078249999999	-79.10485748010137	435.78918759949283	-79.10485748010137	-79.10485748010137	256.18138248010166	158.20971496020275	-274.30782499999987	79.10485748010137	1000.0	-1000.0	256.1813824801018	-256.18138248010166	-79.10485748010137	158.20971496020275	-158.20971496020275	177.07652499999926	79.10485748010137	79.10485748010137	8.39	158.20971496020275	274.30782500000004
84	-93.2857614727903	373.1430458911612	93.2857614727903	93.2857614727903	109.31634560658564	93.2857614727903	1000.0	409.6731345606586	-109.31634560658564	-93.2857614727903	373.1430458911612	93.2857614727903	-93.2857614727903	229.01940368197575	-1000.0	-186.5715229455806	373.1430458911612	93.2857614727903	-93.2857614727903	409.6731345606586	1000.0	409.6731345606586	-93.2857614727903	770.9805963180243	-93.2857614727903	-93.2857614727903	-135.73364220918546	186.5715229455806	-409.6731345606586	93.2857614727903	1000.0	-1000.0	-135.73364220918495	135.73364220918546	-93.2857614727903	186.5715229455806	-186.5715229455806	-229.01940368197575	93.2857614727903	93.2857614727903	8.39	186.5715229455806	409.67313456065864
85	-70.08550586214918	280.34202344859665	70.08550586214918	70.08550586214918	0.0	70.08550586214918	1000.0	348.33002931074583	0.0	-70.08550586214918	280.34202344859665	70.08550586214918	-70.08550586214918	44.990087932237415	-747.942646553729	-140.17101172429835	280.34202344859665	70.08550586214918	-70.08550586214918	348.33002931074583	747.942646553729	348.33002931074583	-70.08550586214918	702.9525586214916	-70.08550586214918	-70.08550586214918	-226.96193551635918	140.17101172429832	-348.33002931074583	70.08550586214918	747.942646553729	-747.942646553729	-226.96193551635935	226.96193551635918	-70.08550586214918	140.17101172429835	-140.17101172429832	-297.04744137850844	70.08550586214918	70.08550586214918	8.39	140.17101172429835	348.3300293107457
86	-77.68675382106973	310.7470152842789	77.68675382106973	77.68675382106973	0.0	77.68675382106973	937.9738455267433	386.33626910534866	0.0	-77.68675382106973	310.7470152842789	77.68675382106973	-77.68675382106973	221.03496178930268	-1000.0	-155.37350764213946	310.7470152842789	77.68675382106973	-77.68675382106973	386.33626910534866	1000.0	386.33626910534866	-77.68675382106973	778.9650382106973	-77.68675382106973	-77.68675382106973	-81.32205349497627	155.37350764213946	-386.33626910534866	77.68675382106973	1000.0	-1000.0	-81.3220534949763	81.32205349497627	-77.68675382106973	155.37350764213946	-155.37350764213946	-159.00880731604596	77.68675382106973	77.68675382106973	8.39	155.37350764213946	386.33626910534855
87	-114.80594226109146	459.2237690443658	114.80594226109146	114.80594226109146	288.65118550909546	114.80594226109146	1000.0	427.60661855090956	-288.65118550909546	-114.80594226109146	459.2237690443658	114.80594226109146	-114.80594226109146	282.8198556527286	-1000.0	-229.61188452218292	459.2237690443658	114.80594226109146	-114.80594226109146	427.60661855090956	1000.0	427.60661855090956	-114.80594226109146	717.1801443472714	-114.80594226109146	-114.80594226109146	-168.01391339163712	229.6118845221829	-427.60661855090956	114.80594226109146	1000.0	-1000.0	-168.01391339163726	168.01391339163712	-114.80594226109146	229.61188452218292	-229.6118845221829	-282.8198556527286	114.80594226109146	114.80594226109146	8.39	229.61188452218292	427.6066185509097
88	-132.30415508416473	529.2166203366589	132.30415508416473	132.30415508416473	770.2309008416473	132.30415508416473	-7.283825420824181	274.3078249999999	-770.2309008416473	-132.30415508416473	529.2166203366589	132.30415508416473	-132.30415508416473	830.2073004208239	-1000.0	-264.60831016832947	529.2166203366589	132.30415508416473	-132.30415508416473	274.3078249999999	1000.0	274.3078249999999	-132.30415508416473	169.7926995791761	-132.30415508416473	-132.30415508416473	309.38068008416485	264.60831016832947	-274.3078249999999	132.30415508416473	1000.0	-1000.0	309.38068008416525	-309.38068008416485	-132.30415508416473	264.60831016832947	-264.60831016832947	177.07652499999926	132.30415508416473	132.30415508416473	8.39	264.60831016832947	274.30782500000004
89	-69.56204004466692	278.24816017866766	69.56204004466694	69.56204004466692	24.75873378000246	69.56204004466692	660.5797997766654	333.3333333333333	-24.75873378000246	-69.56204004466694	278.24816017866766	69.56204004466692	-69.56204004466694	339.42020022333463	-1000.0	-139.12408008933383	278.24816017866766	69.56204004466692	-69.56204004466692	333.3333333333333	1000.0	333.3333333333333	-69.56204004466692	660.5797997766654	-69.56204004466692	-69.56204004466694	69.5620400446669	139.12408008933383	-333.3333333333333	69.56204004466694	1000.0	-1000.0	69.56204004466714	-69.5620400446669	-69.56204004466692	139.12408008933383	-139.12408008933383	0.0	69.56204004466694	69.56204004466692	8.39	139.12408008933383	333.3333333333334
90	-155.28106500000004	621.1242600000002	155.28106500000004	155.28106500000004	1000.0	155.28106500000004	390.41571747885257	274.30782500000015	-1000.0	-155.28106500000004	621.1242600000002	155.28106500000004	-155.28106500000004	432.50775752114805	-487.4159075211484	-310.5621300000001	621.1242600000002	155.28106500000004	-155.28106500000004	274.30782500000015	487.4159075211485	274.30782500000015	-155.28106500000004	54.90815000000043	-155.28106500000004	-155.28106500000004	-180.22650247885213	310.5621300000001	-274.30782500000015	155.28106500000004	487.4159075211485	-487.4159075211485	-180.2265024788519	180.22650247885213	-155.28106500000004	310.5621300000001	-310.5621300000001	-335.50756747885214	155.28106500000004	155.28106500000004	8.39	310.5621300000001	274.30782500000004
91	-155.28106499999998	621.1242599999999	155.28106499999998	155.28106499999998	1000.0	155.28106499999998	573.9245916209923	274.30782500000004	-1000.0	-155.28106499999998	621.1242599999999	155.28106499999998	-155.28106499999998	248.99888337900785	-303.90703337900806	-310.56212999999997	621.1242599999999	155.28106499999998	-155.28106499999998	274.30782500000004	303.907033379008	274.30782500000004	-155.28106499999998	54.908150000000205	-155.28106499999998	-155.28106499999998	-363.7353766209921	310.56212999999997	-274.30782500000004	155.28106499999998	303.907033379008	-303.907033379008	-363.73537662099244	363.7353766209921	-155.28106499999998	310.56212999999997	-310.56212999999997	-519.016441620992	155.28106499999998	155.28106499999998	8.39	310.56212999999997	274.30782500000004
92	-155.28106500000004	621.1242600000002	155.28106500000004	155.28106500000004	1000.0	155.28106500000004	531.0699025219345	274.30782500000015	-1000.0	-155.28106500000004	621.1242600000002	155.28106500000004	-155.28106500000004	291.853572478066	-346.7617224780663	-310.5621300000001	621.1242600000002	155.28106500000004	-155.28106500000004	274.30782500000015	346.7617224780663	274.30782500000015	-155.28106500000004	54.90815000000032	-155.28106500000004	-155.28106500000004	-320.8806875219342	310.5621300000001	-274.30782500000015	155.28106500000004	346.7617224780663	-346.7617224780662	-320.880687521934	320.8806875219342	-155.28106500000004	310.5621300000001	-310.5621300000001	-476.1617525219342	155.28106500000004	155.28106500000004	8.39	310.5621300000001	274.30782500000004
93	-155.28106500000004	621.1242600000002	155.28106500000004	155.28106500000004	1000.0	155.28106500000004	742.8170559506342	274.30782500000015	-1000.0	-155.28106500000004	621.1242600000002	155.28106500000004	-155.28106500000004	80.10641904936625	-135.01456904936654	-310.5621300000001	621.1242600000002	155.28106500000004	-155.28106500000004	274.30782500000015	135.01456904936651	274.30782500000015	-155.28106500000004	54.908150000000205	-155.28106500000004	-155.28106500000004	-532.6278409506339	310.5621300000001	-274.30782500000015	155.28106500000004	135.01456904936651	-135.0145690493664	-532.6278409506338	532.6278409506339	-155.28106500000004	310.5621300000001	-310.5621300000001	-687.908905950634	155.28106500000004	155.28106500000004	8.39	310.5621300000001	274.30782500000004
94	-155.28106500000004	621.1242600000002	155.28106500000004	155.28106500000004	1000.0	155.28106500000004	700.5883856727214	274.30782500000015	-1000.0	-155.28106500000004	621.1242600000002	155.28106500000004	-155.28106500000004	122.33508932727898	-177.24323932727916	-310.5621300000001	621.1242600000002	155.28106500000004	-155.28106500000004	274.30782500000015	177.24323932727918	274.30782500000015	-155.28106500000004	54.908150000000205	-155.28106500000004	-155.28106500000004	-490.3991706727212	310.5621300000001	-274.30782500000015	155.28106500000004	177.24323932727918	-177.2432393272793	-490.3991706727208	490.3991706727212	-155.28106500000004	310.5621300000001	-310.5621300000001	-645.6802356727212	155.28106500000004	155.28106500000004	8.39	310.5621300000001	274.30782500000004
95	-55.02293313629164	220.09173254516656	55.02293313629164	55.02293313629164	-209.54055719756965	55.02293313629164	1000.0	377.78744428024305	209.54055719756965	-55.02293313629164	220.09173254516656	55.02293313629164	-55.02293313629164	133.3623328407291	-1000.0	-110.04586627258328	220.09173254516656	55.02293313629164	-55.02293313629164	377.78744428024305	1000.0	377.78744428024305	-55.02293313629164	866.6376671592709	-55.02293313629164	-55.02293313629164	-78.33939970443748	110.04586627258328	-377.78744428024305	55.02293313629164	1000.0	-1000.0	-78.33939970443765	78.33939970443748	-55.02293313629164	110.04586627258328	-110.04586627258328	-133.3623328407291	55.02293313629164	55.02293313629164	8.39	110.04586627258328	377.78744428024294
96	-152.15612477762562	608.6244991105025	152.15612477762562	152.15612477762562	749.2621645911723	152.15612477762562	551.921625667123	384.05204159254185	-749.2621645911723	-152.15612477762562	608.6244991105025	152.15612477762562	-152.15612477762562	600.2344991105025	-1000.0	-304.31224955525124	608.6244991105025	152.15612477762562	-152.15612477762562	384.05204159254185	1000.0	384.05204159254185	-152.15612477762562	399.7655008894975	-152.15612477762562	-152.15612477762562	0.0	304.31224955525124	-384.05204159254185	152.15612477762562	1000.0	-999.9999999999999	0.0	0.0	-152.15612477762562	304.31224955525124	-304.31224955525124	-152.1561247776255	152.15612477762562	152.15612477762562	8.39	304.31224955525124	384.05204159254185
97	-163.39153275894964	653.5661310357985	163.39153275894964	163.39153275894964	1000.0	163.39153275894964	80.5933189737412	314.86016379474825	-1000.0	-163.39153275894964	653.5661310357985	163.39153275894964	-163.39153275894964	863.9871724105034	-1000.0	-326.7830655178993	653.5661310357985	163.39153275894964	-163.39153275894964	314.86016379474825	1000.0	314.86016379474825	-163.39153275894964	136.01282758949662	-163.39153275894964	-163.39153275894964	218.8110413747048	326.7830655178993	-314.86016379474825	163.39153275894964	1000.0	-999.9999999999999	218.81104137470493	-218.8110413747048	-163.39153275894964	326.7830655178993	-326.7830655178993	55.419508615755376	163.39153275894964	163.39153275894964	8.39	326.7830655178993	314.86016379474836
98	-26.5091760926911	106.0367043707644	26.5091760926911	26.5091760926911	-405.76990573975564	26.5091760926911	875.8441195365444	333.3333333333333	405.76990573975564	-26.5091760926911	106.0367043707644	26.5091760926911	-26.5091760926911	124.1558804634555	-1000.0	-53.0183521853822	106.0367043707644	26.5091760926911	-26.5091760926911	333.3333333333333	1000.0	333.3333333333333	-26.5091760926911	875.8441195365444	-26.5091760926911	-26.5091760926911	26.509176092691092	53.0183521853822	-333.3333333333333	26.5091760926911	1000.0	-1000.0	26.509176092691064	-26.509176092691092	-26.5091760926911	53.0183521853822	-53.0183521853822	0.0	26.5091760926911	26.5091760926911	8.39	53.0183521853822	333.3333333333334
99	-33.55888503302127	134.23554013208508	33.55888503302127	33.55888503302127	-335.27281633645396	33.55888503302127	840.5955748348936	333.3333333333333	335.27281633645396	-33.55888503302127	134.23554013208508	33.55888503302127	-33.55888503302127	159.40442516510637	-1000.0	-67.11777006604254	134.23554013208508	33.55888503302127	-33.55888503302127	333.3333333333333	1000.0	333.3333333333333	-33.55888503302127	840.5955748348936	-33.55888503302127	-33.55888503302127	33.558885033021284	67.11777006604254	-333.3333333333333	33.55888503302127	1000.0	-1000.0	33.55888503302137	-33.558885033021284	-33.55888503302127	67.11777006604254	-67.11777006604254	0.0	33.55888503302127	33.55888503302127	8.39	67.11777006604254	333.3333333333332
100	-155.28106500000004	621.1242600000002	155.28106500000004	155.28106500000004	1000.0	155.28106500000004	349.19805108788205	274.30782500000015	-1000.0	-155.28106500000004	621.1242600000002	155.28106500000004	-155.28106500000004	473.72542391211863	-528.633573912119	-310.5621300000001	621.1242600000002	155.28106500000004	-155.28106500000004	274.30782500000015	528.633573912119	274.30782500000015	-155.28106500000004	54.90815000000043	-155.28106500000004	-155.28106500000004	-139.0088360878816	310.5621300000001	-274.30782500000015	155.28106500000004	528.633573912119	-528.6335739121191	-139.00883608788172	139.0088360878816	-155.28106500000004	310.5621300000001	-310.5621300000001	-294.2899010878816	155.28106500000004	155.28106500000004	8.39	310.5621300000001	274.30782500000004
101	-71.66141960169226	286.64567840676904	71.66141960169226	71.66141960169226	-70.88650331923121	71.66141960169226	1000.0	391.65284966807684	70.88650331923121	-71.66141960169226	286.64567840676904	71.66141960169226	-71.66141960169226	174.95854900423066	-1000.0	-143.32283920338452	286.64567840676904	71.66141960169226	-71.66141960169226	391.65284966807684	1000.0	391.65284966807684	-71.66141960169226	825.0414509957693	-71.66141960169226	-71.66141960169226	-103.29712940253839	143.32283920338452	-391.65284966807684	71.66141960169226	1000.0	-1000.0	-103.29712940253822	103.29712940253839	-71.66141960169226	143.32283920338452	-143.32283920338452	-174.95854900423066	71.66141960169226	71.66141960169226	8.39	143.32283920338452	391.6528496680767
102	-144.60640407627466	578.4256163050986	144.60640407627466	144.60640407627466	536.9883673022885	144.60640407627466	1000.0	452.44033673022886	-536.9883673022885	-144.60640407627466	578.4256163050986	144.60640407627466	-144.60640407627466	357.32101019068665	-1000.0	-289.2128081525493	578.4256163050986	144.60640407627466	-144.60640407627466	452.44033673022886	1000.0	452.44033673022886	-144.60640407627466	642.6789898093134	-144.60640407627466	-144.60640407627466	-212.714606114412	289.2128081525493	-452.44033673022886	144.60640407627466	1000.0	-1000.0	-212.71460611441148	212.714606114412	-144.60640407627466	289.2128081525493	-289.2128081525493	-357.32101019068665	144.60640407627466	144.60640407627466	8.39	289.2128081525493	452.4403367302289
103	-134.71934993228138	538.8773997291255	134.71934993228138	134.71934993228138	586.5189327012928	134.71934993228138	604.2319502031559	378.23978331076046	-586.5189327012928	-134.71934993228138	538.8773997291255	134.71934993228138	-134.71934993228138	530.4873997291255	-1000.0	-269.43869986456275	538.8773997291255	134.71934993228138	-134.71934993228138	378.23978331076046	1000.0	378.23978331076046	-134.71934993228138	469.5126002708745	-134.71934993228138	-134.71934993228138	0.0	269.43869986456275	-378.23978331076046	134.71934993228138	1000.0	-1000.0	0.0	0.0	-134.71934993228138	269.43869986456275	-269.43869986456275	-134.71934993228138	134.71934993228138	134.71934993228138	8.39	269.43869986456275	378.23978331076046
104	-43.182740450048385	172.73096180019357	43.18274045004839	43.182740450048385	-308.2088295829301	43.182740450048385	1000.0	367.920617041707	308.2088295829301	-43.18274045004839	172.73096180019357	43.182740450048385	-43.18274045004839	103.76185112512098	-1000.0	-86.36548090009678	172.73096180019357	43.182740450048385	-43.182740450048385	367.920617041707	1000.0	367.920617041707	-43.182740450048385	896.238148874879	-43.182740450048385	-43.18274045004839	-60.5791106750726	86.36548090009678	-367.920617041707	43.18274045004839	1000.0	-1000.0	-60.5791106750724	60.5791106750726	-43.182740450048385	86.36548090009678	-86.36548090009678	-103.76185112512098	43.18274045004839	43.182740450048385	8.39	86.36548090009678	367.92061704170703
105	-60.31770250695037	241.27081002780153	60.31770250695039	60.31770250695037	50.36637506950386	60.31770250695037	822.923475	274.307825	-50.36637506950386	-60.31770250695039	241.27081002780153	60.31770250695037	-60.31770250695039	0.0	-529.724962465248	-120.63540501390075	241.27081002780153	60.31770250695037	-60.31770250695037	274.307825	529.724962465248	274.307825	-60.31770250695037	529.724962465248	-60.31770250695037	-60.31770250695039	-232.88081002780157	120.63540501390077	-274.307825	60.31770250695039	529.724962465248	-529.724962465248	-232.88081002780166	232.88081002780157	-60.31770250695037	120.63540501390075	-120.63540501390077	-293.19851253475196	60.31770250695039	60.31770250695037	8.39	120.63540501390075	274.30782500000004
106	-63.21040587627336	252.84162350509345	63.21040587627336	63.21040587627336	-141.31161769772197	63.21040587627336	1000.0	384.61033823022785	141.31161769772197	-63.21040587627336	252.84162350509345	63.21040587627336	-63.21040587627336	153.83101469068342	-999.9999999999999	-126.42081175254673	252.84162350509345	63.21040587627336	-63.21040587627336	384.61033823022785	1000.0	384.61033823022785	-63.21040587627336	846.1689853093166	-63.21040587627336	-63.21040587627336	-90.62060881441002	126.42081175254673	-384.61033823022785	63.21040587627336	1000.0	-1000.0	-90.62060881441012	90.62060881441002	-63.21040587627336	126.42081175254673	-126.42081175254673	-153.83101469068342	63.21040587627336	63.21040587627336	8.39	126.42081175254673	384.6103382302276
107	-157.0555992272171	628.2223969088684	157.05559922721707	157.0555992272171	1000.0	157.05559922721707	-77.8050193195727	283.1804961360855	-1000.0	-157.05559922721707	628.2223969088684	157.05559922721707	-157.05559922721707	927.346507727829	-1000.0	-314.11119845443415	628.2223969088684	157.05559922721707	-157.05559922721707	283.1804961360855	1000.0	283.1804961360855	-157.05559922721707	72.65349227217098	-157.0555992272171	-157.05559922721707	307.5141108189605	314.1111984544342	-283.1804961360855	157.05559922721707	1000.0	-1000.0	307.5141108189604	-307.5141108189605	-157.05559922721707	314.11119845443415	-314.1111984544342	150.45851159174367	157.05559922721707	157.05559922721707	8.39	314.11119845443415	283.1804961360855
108	-151.92518612870467	607.7007445148187	151.92518612870467	151.92518612870467	966.4412112870466	151.92518612870467	71.68754435647656	274.307825	-966.4412112870466	-151.92518612870467	607.7007445148187	151.92518612870467	-151.92518612870467	751.2359306435233	-822.9234749999998	-303.85037225740933	607.7007445148187	151.92518612870467	-151.92518612870467	274.307825	822.9234749999998	274.307825	-151.92518612870467	71.68754435647656	-151.92518612870467	-151.92518612870467	151.92518612870458	303.85037225740933	-274.307825	151.92518612870467	822.9234749999998	-822.9234749999998	151.92518612870532	-151.92518612870458	-151.92518612870467	303.85037225740933	-303.85037225740933	0.0	151.92518612870467	151.92518612870467	8.39	303.85037225740933	274.30782500000004
109	-160.59049974370956	642.3619989748382	160.59049974370953	160.59049974370956	1000.0	160.59049974370953	10.567493592738515	300.85499871854773	-1000.0	-160.59049974370953	642.3619989748382	160.59049974370953	-160.59049974370953	891.9975025629046	-1000.0	-321.18099948741906	642.3619989748382	160.59049974370953	-160.59049974370953	300.85499871854773	1000.0	300.85499871854773	-160.59049974370953	108.00249743709537	-160.59049974370956	-160.59049974370953	258.0255035880663	321.1809994874191	-300.85499871854773	160.59049974370953	1000.0	-1000.0	258.02550358806616	-258.0255035880663	-160.59049974370953	321.18099948741906	-321.1809994874191	97.43500384435686	160.59049974370953	160.59049974370953	8.39	321.18099948741906	300.8549987185476
110	-155.28106499999998	621.1242599999999	155.28106499999998	155.28106499999998	1000.0	155.28106499999998	211.38840618664358	274.3078249999999	-1000.0	-155.28106499999998	621.1242599999999	155.28106499999998	-155.28106499999998	611.5350688133562	-666.4432188133561	-310.56212999999997	621.1242599999999	155.28106499999998	-155.28106499999998	274.3078249999999	666.4432188133561	274.3078249999999	-155.28106499999998	54.908149999999864	-155.28106499999998	-155.28106499999998	-1.1991911866437022	310.56212999999997	-274.3078249999999	155.28106499999998	666.4432188133561	-666.4432188133561	-1.1991911866438159	1.1991911866437022	-155.28106499999998	310.56212999999997	-310.56212999999997	-156.48025618664371	155.28106499999998	155.28106499999998	8.39	310.56212999999997	274.30782500000004
111	-175.40545037920162	701.6218015168065	175.40545037920162	175.40545037920162	1000.0	175.40545037920162	431.55745417121807	374.92975189600816	-1000.0	-175.40545037920162	701.6218015168065	175.40545037920162	-175.40545037920162	693.2318015168064	-949.3838053088227	-350.81090075840325	701.6218015168065	175.40545037920162	-175.40545037920162	374.92975189600816	949.3838053088227	374.92975189600816	-175.40545037920162	256.15200379201633	-175.40545037920162	-175.40545037920162	0.0	350.81090075840325	-374.92975189600816	175.40545037920162	949.3838053088227	-949.3838053088227	0.0	0.0	-175.40545037920162	350.81090075840325	-350.81090075840325	-175.40545037920174	175.40545037920162	175.40545037920162	8.39	350.81090075840325	374.92975189600793
112	-186.90440784974052	747.6176313989621	186.90440784974052	186.90440784974052	1000.0	186.90440784974052	668.415196243513	432.4245392487027	-1000.0	-186.90440784974052	747.6176313989621	186.90440784974052	-186.90440784974052	628.8584215025949	-1000.0	-373.80881569948104	747.6176313989621	186.90440784974052	-186.90440784974052	432.4245392487027	1000.0	432.4245392487027	-186.90440784974052	371.14157849740513	-186.90440784974052	-186.90440784974052	-110.36920989636724	373.80881569948104	-432.4245392487027	186.90440784974052	1000.0	-1000.0	-110.36920989636735	110.36920989636724	-186.90440784974052	373.80881569948104	-373.80881569948104	-297.2736177461079	186.90440784974052	186.90440784974052	8.39	373.80881569948104	432.42453924870244
113	-29.008844630344193	116.03537852137678	29.008844630344203	29.008844630344193	-426.3246280804649	29.008844630344193	1000.0	356.1090371919535	426.3246280804649	-29.008844630344203	116.03537852137678	29.008844630344193	-29.008844630344203	68.3271115758605	-1000.0	-58.01768926068839	116.03537852137678	29.008844630344193	-29.008844630344193	356.1090371919535	1000.0	356.1090371919535	-29.008844630344193	931.6728884241395	-29.008844630344193	-29.008844630344203	-39.3182669455163	58.01768926068839	-356.1090371919535	29.008844630344203	1000.0	-1000.0	-39.31826694551679	39.3182669455163	-29.008844630344193	58.01768926068839	-58.01768926068839	-68.3271115758605	29.008844630344203	29.008844630344193	8.39	58.01768926068839	356.1090371919534
114	-176.40556805311272	705.6222722124509	176.40556805311272	176.40556805311272	801.9814004426058	176.40556805311272	1000.0	478.9396400442606	-801.9814004426058	-176.40556805311272	705.6222722124509	176.40556805311272	-176.40556805311272	436.8189201327818	-1000.0	-352.81113610622543	705.6222722124509	176.40556805311272	-176.40556805311272	478.9396400442606	1000.0	478.9396400442606	-176.40556805311272	563.1810798672182	-176.40556805311272	-176.40556805311272	-260.41335207966915	352.81113610622543	-478.9396400442606	176.40556805311272	1000.0	-1000.0	-260.413352079669	260.41335207966915	-176.40556805311272	352.81113610622543	-352.81113610622543	-436.81892013278184	176.40556805311272	176.40556805311272	8.39	352.81113610622543	478.9396400442605
115	-183.48878264082055	733.9551305632822	183.48878264082055	183.48878264082055	861.0081886735044	183.48878264082055	1000.0	484.84231886735046	-861.0081886735044	-183.48878264082055	733.9551305632822	183.48878264082055	-183.48878264082055	454.52695660205137	-1000.0	-366.9775652816411	733.9551305632822	183.48878264082055	-183.48878264082055	484.84231886735046	1000.0	484.84231886735046	-183.48878264082055	545.4730433979487	-183.48878264082055	-183.48878264082055	-271.0381739612308	366.9775652816411	-484.84231886735046	183.48878264082055	1000.0	-1000.0	-271.03817396123077	271.0381739612308	-183.48878264082055	366.9775652816411	-366.9775652816411	-454.5269566020513	183.48878264082055	183.48878264082055	8.39	366.9775652816411	484.84231886735057
116	-73.85479496968655	295.41917987874615	73.85479496968655	73.85479496968655	0.0	73.85479496968655	1000.0	367.17647484843275	0.0	-73.85479496968655	295.41917987874615	73.85479496968655	-73.85479496968655	101.52942454529827	-842.1748742421638	-147.7095899393731	295.41917987874615	73.85479496968655	-73.85479496968655	367.17647484843275	842.1748742421638	367.17647484843275	-73.85479496968655	740.6454496968655	-73.85479496968655	-73.85479496968655	-185.49975533344784	147.70958993937307	-367.17647484843275	73.85479496968655	842.1748742421638	-842.1748742421638	-185.49975533344823	185.49975533344784	-73.85479496968655	147.7095899393731	-147.70958993937307	-259.3545503031345	73.85479496968655	73.85479496968655	8.39	147.7095899393731	367.17647484843263
117	-75.4221722136852	301.6886888547408	75.4221722136852	75.4221722136852	0.0	75.4221722136852	1000.0	375.0133610684261	0.0	-75.4221722136852	301.6886888547408	75.4221722136852	-75.4221722136852	125.04008320527814	-881.3593053421303	-150.8443444273704	301.6886888547408	75.4221722136852	-75.4221722136852	375.0133610684261	881.3593053421303	375.0133610684261	-75.4221722136852	756.3192221368521	-75.4221722136852	-75.4221722136852	-168.25860564946268	150.8443444273704	-375.0133610684261	75.4221722136852	881.3593053421303	-881.3593053421303	-168.2586056494631	168.25860564946268	-75.4221722136852	150.8443444273704	-150.8443444273704	-243.6807778631479	75.4221722136852	75.4221722136852	8.39	150.8443444273704	375.0133610684261
118	-155.2810649999999	621.1242599999996	155.2810649999999	155.2810649999999	1000.0	155.2810649999999	140.51063296559283	274.30782499999975	-1000.0	-155.2810649999999	621.1242599999996	155.2810649999999	-155.2810649999999	682.4128420344061	-737.3209920344057	-310.5621299999998	621.1242599999996	155.2810649999999	-155.2810649999999	274.3078249999995	737.3209920344057	274.3078249999995	-155.2810649999999	54.90814999999975	-155.2810649999999	-155.2810649999999	69.67858203440653	310.5621299999998	-274.30782499999987	155.2810649999999	737.3209920344057	-737.3209920344057	69.67858203440642	-69.67858203440653	-155.2810649999999	310.5621299999998	-310.5621299999998	-85.60248296559331	155.2810649999999	155.2810649999999	8.39	310.5621299999998	274.30782500000004
119	-196.70233973768035	786.8093589507214	196.70233973768035	196.70233973768035	1000.0	196.70233973768035	1000.0	481.4141986884019	-1000.0	-196.70233973768035	786.8093589507214	196.70233973768035	-196.70233973768035	444.2425960652056	-913.3634934420094	-393.4046794753607	786.8093589507214	196.70233973768035	-196.70233973768035	481.4141986884019	913.3634934420094	481.4141986884019	-196.70233973768035	469.1208973768038	-196.70233973768035	-196.70233973768035	-334.1767628855158	393.4046794753607	-481.4141986884019	196.70233973768035	913.3634934420094	-913.3634934420094	-334.17676288551604	334.1767628855158	-196.70233973768035	393.4046794753607	-393.4046794753607	-530.8791026231962	196.70233973768035	196.70233973768035	8.39	393.4046794753607	481.41419868840177
120	-172.8545015438239	691.4180061752955	172.8545015438239	172.8545015438239	1000.0	172.8545015438239	317.1675385955988	362.1750077191197	-1000.0	-172.8545015438239	691.4180061752955	172.8545015438239	-172.8545015438239	769.3574845617603	-1000.0	-345.7090030876478	691.4180061752955	172.8545015438239	-172.8545015438239	362.1750077191197	1000.0	362.1750077191197	-172.8545015438239	230.64251543823968	-172.8545015438239	-172.8545015438239	86.32947838646483	345.7090030876478	-362.1750077191197	172.8545015438239	1000.0	-1000.0	86.32947838646368	-86.32947838646483	-172.8545015438239	345.7090030876478	-345.7090030876478	-86.5250231573591	172.8545015438239	172.8545015438239	8.39	345.7090030876478	362.1750077191197
121	-173.86315110194548	695.4526044077819	173.86315110194548	173.86315110194548	1000.0	173.86315110194548	1000.0	367.2182555097274	-1000.0	-173.86315110194548	695.4526044077819	173.86315110194548	-173.86315110194548	101.65476652918207	-342.3837775486368	-347.72630220389095	695.4526044077819	173.86315110194548	-173.86315110194548	367.2182555097274	342.3837775486368	367.2182555097274	-173.86315110194548	240.72901101945467	-173.86315110194548	-173.86315110194548	-585.4078378785998	347.72630220389095	-367.2182555097274	173.86315110194548	342.3837775486368	-342.3837775486368	-585.4078378785996	585.4078378785998	-173.86315110194548	347.72630220389095	-347.72630220389095	-759.2709889805453	173.86315110194548	173.86315110194548	8.39	347.72630220389095	367.2182555097274
122	-170.52871069645133	682.1148427858053	170.52871069645133	170.52871069645133	1000.0	170.52871069645133	259.02276741128435	350.5460534822568	-1000.0	-170.52871069645133	682.1148427858053	170.52871069645133	-170.52871069645133	792.6153930354861	-1000.0	-341.05742139290265	682.1148427858053	170.52871069645133	-170.52871069645133	350.5460534822568	1000.0	350.5460534822568	-170.52871069645133	207.38460696451386	-170.52871069645133	-170.52871069645133	118.89055024968074	341.05742139290265	-350.5460534822568	170.52871069645133	1000.0	-1000.0	118.89055024967996	-118.89055024968074	-170.52871069645133	341.05742139290265	-341.05742139290265	-51.638160446770485	170.52871069645133	170.52871069645133	8.39	341.05742139290265	350.5460534822569
123	-155.28106499999998	621.1242599999999	155.28106499999998	155.28106499999998	1000.0	155.28106499999998	36.79730154454254	274.3078250000001	-1000.0	-155.28106499999998	621.1242599999999	155.28106499999998	-155.28106499999998	786.1261734554571	-841.0343234554571	-310.56212999999997	621.1242599999999	155.28106499999998	-155.28106499999998	274.3078250000001	841.0343234554571	274.3078250000001	-155.28106499999998	54.90814999999998	-155.28106499999998	-155.28106499999998	173.39191345545714	310.56212999999997	-274.3078250000001	155.28106499999998	841.0343234554571	-841.0343234554571	173.39191345545714	-173.39191345545714	-155.28106499999998	310.56212999999997	-310.56212999999997	18.110848455457436	155.28106499999998	155.28106499999998	8.39	310.56212999999997	274.30782500000004
124	-159.53474193294136	638.1389677317654	159.53474193294136	159.53474193294136	1000.0	159.53474193294136	886.7286289941203	295.57620966470677	-1000.0	-159.53474193294136	638.1389677317654	159.53474193294136	-159.53474193294136	0.0	-97.4449193294136	-319.0694838658827	638.1389677317654	159.53474193294136	-159.53474193294136	295.57620966470677	97.44491932941355	295.57620966470677	-159.53474193294136	97.4449193294136	-159.53474193294136	-159.53474193294136	-629.7489677317654	319.0694838658827	-295.57620966470677	159.53474193294136	97.44491932941355	-97.4449193294136	-629.748967731765	629.7489677317654	-159.53474193294136	319.0694838658827	-319.0694838658827	-789.2837096647067	159.53474193294136	159.53474193294136	8.39	319.0694838658827	295.5762096647067
125	-155.28106500000004	621.1242600000002	155.28106500000004	155.28106500000004	1000.0	155.28106500000004	645.2737003899739	274.3078250000002	-1000.0	-155.28106500000004	621.1242600000002	155.28106500000004	-155.28106500000004	177.64977461002667	-232.55792461002704	-310.5621300000001	621.1242600000002	155.28106500000004	-155.28106500000004	274.3078250000002	232.55792461002704	274.3078250000002	-155.28106500000004	54.908150000000376	-155.28106500000004	-155.28106500000004	-435.0844853899735	310.5621300000001	-274.3078250000002	155.28106500000004	232.55792461002704	-232.55792461002704	-435.0844853899732	435.0844853899735	-155.28106500000004	310.5621300000001	-310.5621300000001	-590.3655503899736	155.28106500000004	155.28106500000004	8.39	310.5621300000001	274.30782500000004
126	-165.90235331334787	663.6094132533916	165.90235331334785	165.90235331334787	1000.0	165.90235331334785	982.2427997002181	327.4142665667394	-1000.0	-165.90235331334785	663.6094132533916	165.90235331334785	-165.90235331334785	0.0	-161.12103313347856	-331.8047066266957	663.6094132533916	165.90235331334785	-165.90235331334785	327.4142665667394	161.1210331334786	327.4142665667394	-165.90235331334785	161.12103313347856	-165.90235331334787	-165.90235331334785	-655.2194132533918	331.8047066266958	-327.4142665667394	165.90235331334785	161.1210331334786	-161.12103313347856	-655.2194132533912	655.2194132533918	-165.90235331334785	331.8047066266957	-331.8047066266958	-821.1217665667396	165.90235331334785	165.90235331334785	8.39	331.8047066266957	327.41426656673934
127	-155.28106500000007	621.1242600000003	155.28106500000007	155.28106500000007	1000.0	155.28106500000007	-104.42303272782937	274.3078250000003	-1000.0	-155.28106500000007	621.1242600000003	155.28106500000007	-155.28106500000007	927.3465077278306	-982.2546577278308	-310.56213000000014	621.1242600000003	155.28106500000007	-155.28106500000007	274.3078250000003	982.2546577278308	274.3078250000003	-155.28106500000007	54.908150000000205	-155.28106500000007	-155.28106500000007	314.61224772783044	310.56213000000014	-274.3078250000003	155.28106500000007	982.2546577278308	-982.2546577278308	314.6122477278303	-314.61224772783044	-155.28106500000007	310.56213000000014	-310.56213000000014	159.33118272782957	155.28106500000007	155.28106500000007	8.39	310.56213000000014	274.30782500000004
128	-47.466019605958685	189.86407842383474	47.466019605958685	47.466019605958685	-78.15045394041283	47.466019605958685	416.906851970207	274.3078250000001	78.15045394041283	-47.466019605958685	189.86407842383474	47.466019605958685	-47.466019605958685	406.0166230297932	-1000.0	-94.93203921191737	189.86407842383474	47.466019605958685	-47.466019605958685	274.3078250000001	1000.0	274.3078250000001	-47.466019605958685	593.9833769702068	-47.466019605958685	-47.466019605958685	224.54254460595848	94.93203921191737	-274.3078250000001	47.466019605958685	1000.0	-1000.0	224.54254460595837	-224.54254460595848	-47.466019605958685	94.93203921191737	-94.93203921191737	177.07652499999926	47.466019605958685	47.466019605958685	8.39	94.93203921191737	274.30782500000004
129	-27.874723649079044	111.49889459631618	27.874723649079044	27.874723649079044	-274.0634135092097	27.874723649079044	514.863331754605	274.30782500000004	274.0634135092097	-27.874723649079044	111.49889459631618	27.874723649079044	-27.874723649079044	308.06014324539507	-1000.0	-55.74944729815809	111.49889459631618	27.874723649079044	-27.874723649079044	274.30782500000004	1000.0	274.30782500000004	-27.874723649079044	691.939856754605	-27.874723649079044	-27.874723649079044	204.95124864907888	55.74944729815809	-274.30782500000004	27.874723649079044	1000.0	-1000.0	204.951248649079	-204.95124864907888	-27.874723649079044	55.74944729815809	-55.74944729815809	177.07652499999926	27.874723649079044	27.874723649079044	8.39	55.74944729815809	274.30782500000004
130	-155.28106500000004	621.1242600000002	155.28106500000004	155.28106500000004	1000.0	155.28106500000004	284.18599706936766	274.30782500000015	-1000.0	-155.28106500000004	621.1242600000002	155.28106500000004	-155.28106500000004	538.7374779306327	-593.6456279306329	-310.5621300000001	621.1242600000002	155.28106500000004	-155.28106500000004	274.30782500000015	593.6456279306329	274.30782500000015	-155.28106500000004	54.908150000000205	-155.28106500000004	-155.28106500000004	-73.99678206936744	310.5621300000001	-274.30782500000015	155.28106500000004	593.6456279306329	-593.6456279306329	-73.99678206936733	73.99678206936744	-155.28106500000004	310.5621300000001	-310.5621300000001	-229.27784706936745	155.28106500000004	155.28106500000004	8.39	310.5621300000001	274.30782500000004
131	-195.3584338964098	781.4337355856393	195.3584338964098	195.3584338964098	1000.0	195.3584338964098	879.7658474102453	474.69466948204905	-1000.0	-195.3584338964098	781.4337355856393	195.3584338964098	-195.3584338964098	544.3181610359019	-1000.0	-390.7168677928196	781.4337355856393	195.3584338964098	-195.3584338964098	474.69466948204905	1000.0	474.69466948204905	-195.3584338964098	455.6818389640981	-195.3584338964098	-195.3584338964098	-228.72557454973753	390.71686779281964	-474.69466948204905	195.3584338964098	1000.0	-1000.0	-228.72557454973798	228.72557454973753	-195.3584338964098	390.7168677928196	-390.71686779281964	-424.0840084461472	195.3584338964098	195.3584338964098	8.39	390.7168677928196	474.694669482049
132	-155.281065	621.12426	155.281065	155.281065	1000.0	155.281065	664.7721288449546	274.30782500000004	-1000.0	-155.281065	621.12426	155.281065	-155.281065	158.1513461550457	-213.0594961550458	-310.56213	621.12426	155.281065	-155.281065	274.30782500000004	213.05949615504574	274.30782500000004	-155.281065	54.90815000000009	-155.281065	-155.281065	-454.58291384495436	310.56213	-274.30782500000004	155.281065	213.05949615504574	-213.0594961550458	-454.58291384495396	454.58291384495436	-155.281065	310.56213	-310.56213	-609.8639788449545	155.281065	155.281065	8.39	310.56213	274.30782500000004
133	-178.45733560421436	713.8293424168575	178.45733560421436	178.45733560421436	1000.0	178.45733560421436	457.2383901053599	390.189178021072	-1000.0	-178.45733560421436	713.8293424168575	178.45733560421436	-178.45733560421436	713.329143957856	-1000.0	-356.91467120842873	713.8293424168575	178.45733560421436	-178.45733560421436	390.189178021072	1000.0	390.189178021072	-178.45733560421436	286.670856042144	-178.45733560421436	-178.45733560421436	7.889801540998519	356.91467120842873	-390.189178021072	178.45733560421436	1000.0	-1000.0	7.889801540998008	-7.889801540998519	-178.45733560421436	356.91467120842873	-356.91467120842873	-170.56753406321587	178.45733560421436	178.45733560421436	8.39	356.91467120842873	390.1891780210719
134	-199.4902160776489	797.9608643105956	199.4902160776489	199.4902160776489	1000.0	199.4902160776489	983.0604019412233	495.3535803882447	-1000.0	-199.4902160776489	797.9608643105956	199.4902160776489	-199.4902160776489	503.00033922351065	-1000.0	-398.9804321552978	797.9608643105956	199.4902160776489	-199.4902160776489	495.3535803882447	1000.0	495.3535803882447	-199.4902160776489	496.99966077648935	-199.4902160776489	-199.4902160776489	-286.570525087085	398.9804321552978	-495.3535803882447	199.4902160776489	1000.0	-1000.0	-286.57052508708506	286.570525087085	-199.4902160776489	398.9804321552978	-398.9804321552978	-486.06074116473394	199.4902160776489	199.4902160776489	8.39	398.9804321552978	495.3535803882446
135	-198.14315221235287	792.5726088494116	198.14315221235287	198.14315221235287	1000.0	198.14315221235287	949.383805308822	488.61826106176443	-1000.0	-198.14315221235287	792.5726088494116	198.14315221235287	-198.14315221235287	516.4709778764712	-1000.0	-396.28630442470575	792.5726088494116	198.14315221235287	-198.14315221235287	488.61826106176443	1000.0	488.61826106176443	-198.14315221235287	483.52902212352876	-198.14315221235287	-198.14315221235287	-267.7116309729405	396.2863044247058	-488.61826106176443	198.14315221235287	1000.0	-1000.0	-267.71163097294044	267.7116309729405	-198.14315221235287	396.28630442470575	-396.2863044247058	-465.8547831852933	198.14315221235287	198.14315221235287	8.39	396.28630442470575	488.61826106176443
136	-167.27370939070127	669.094837562805	167.27370939070127	167.27370939070127	1000.0	167.27370939070127	177.64773476753186	334.2710469535064	-1000.0	-167.27370939070127	669.094837562805	167.27370939070127	-167.27370939070127	825.1654060929872	-1000.0	-334.54741878140254	669.094837562805	167.27370939070127	-167.27370939070127	334.2710469535064	1000.0	334.2710469535064	-167.27370939070127	174.83459390701285	-167.27370939070127	-167.27370939070127	164.4605685301823	334.5474187814025	-334.2710469535064	167.27370939070127	1000.0	-1000.0	164.46056853018177	-164.4605685301823	-167.27370939070127	334.54741878140254	-334.5474187814025	-2.813140860519013	167.27370939070127	167.27370939070127	8.39	334.54741878140254	334.2710469535063
137	-155.28106499999998	621.1242599999999	155.28106499999998	155.28106499999998	1000.0	155.28106499999998	495.71551593236904	274.3078249999999	-1000.0	-155.28106499999998	621.1242599999999	155.28106499999998	-155.28106499999998	327.2079590676307	-382.11610906763065	-310.56212999999997	621.1242599999999	155.28106499999998	-155.28106499999998	274.3078249999999	382.11610906763065	274.3078249999999	-155.28106499999998	54.90814999999992	-155.28106499999998	-155.28106499999998	-285.5263009323692	310.56212999999997	-274.3078249999999	155.28106499999998	382.11610906763065	-382.11610906763065	-285.5263009323695	285.5263009323692	-155.28106499999998	310.56212999999997	-310.56212999999997	-440.8073659323691	155.28106499999998	155.28106499999998	8.39	310.56212999999997	274.30782500000004
138	-177.33867196232364	709.3546878492946	177.33867196232367	177.33867196232364	1000.0	177.33867196232367	1000.0	384.5958598116182	-1000.0	-177.33867196232367	709.3546878492946	177.33867196232367	-177.33867196232367	153.7875794348547	-429.27179905809123	-354.67734392464735	709.3546878492946	177.33867196232367	-177.33867196232367	384.5958598116182	429.27179905809123	384.5958598116182	-177.33867196232367	275.4842196232365	-177.33867196232364	-177.33867196232367	-547.1771084144398	354.6773439246473	-384.5958598116182	177.33867196232367	429.27179905809123	-429.27179905809123	-547.1771084144399	547.1771084144398	-177.33867196232367	354.67734392464735	-354.6773439246473	-724.5157803767635	177.33867196232367	177.33867196232367	8.39	354.67734392464735	384.5958598116183
139	-122.45865151926408	489.8346060770563	122.45865151926408	122.45865151926408	352.42376266053407	122.45865151926408	1000.0	433.98387626605336	-352.4237626605341	-122.45865151926408	489.8346060770563	122.45865151926408	-122.45865151926408	301.9516287981602	-1000.0	-244.91730303852816	489.8346060770563	122.45865151926408	-122.45865151926408	433.98387626605336	1000.0	433.98387626605336	-122.45865151926408	698.0483712018398	-122.45865151926408	-122.45865151926408	-179.49297727889615	244.91730303852816	-433.98387626605336	122.45865151926408	1000.0	-1000.0	-179.49297727889623	179.49297727889615	-122.45865151926408	244.91730303852816	-244.91730303852816	-301.9516287981602	122.45865151926408	122.45865151926408	8.39	244.91730303852816	433.98387626605336
140	-128.30277394143098	513.2110957657239	128.30277394143098	128.30277394143098	401.12478284525827	128.30277394143098	1000.0	438.8539782845258	-401.12478284525827	-128.30277394143098	513.2110957657239	128.30277394143098	-128.30277394143098	316.56193485357744	-1000.0	-256.60554788286197	513.2110957657239	128.30277394143098	-128.30277394143098	438.8539782845258	1000.0	438.8539782845258	-128.30277394143098	683.4380651464226	-128.30277394143098	-128.30277394143098	-188.2591609121465	256.60554788286197	-438.8539782845258	128.30277394143098	1000.0	-1000.0	-188.2591609121459	188.2591609121465	-128.30277394143098	256.60554788286197	-256.60554788286197	-316.56193485357744	128.30277394143098	128.30277394143098	8.39	256.60554788286197	438.8539782845259
141	-103.6443180486574	414.57727219462953	103.6443180486574	103.6443180486574	195.63765040547813	103.6443180486574	1000.0	418.3052650405478	-195.63765040547813	-103.6443180486574	414.57727219462953	103.6443180486574	-103.6443180486574	254.91579512164347	-1000.0	-207.2886360973148	414.57727219462953	103.6443180486574	-103.6443180486574	418.3052650405478	1000.0	418.3052650405478	-103.6443180486574	745.0842048783566	-103.6443180486574	-103.6443180486574	-151.271477072986	207.28863609731476	-418.3052650405478	103.6443180486574	1000.0	-1000.0	-151.27147707298604	151.271477072986	-103.6443180486574	207.2886360973148	-207.28863609731476	-254.91579512164344	103.6443180486574	103.6443180486574	8.39	207.2886360973148	418.3052650405479
142	-169.4069111738928	677.6276446955712	169.4069111738928	169.4069111738928	1000.0	169.4069111738928	365.57352291282075	344.937055869464	-1000.0	-169.4069111738928	677.6276446955712	169.4069111738928	-169.4069111738928	669.2376446955712	-865.4042564344992	-338.8138223477856	677.6276446955712	169.4069111738928	-169.4069111738928	344.937055869464	865.4042564344992	344.937055869464	-169.4069111738928	196.16661173892794	-169.4069111738928	-169.4069111738928	0.0	338.8138223477856	-344.937055869464	169.4069111738928	865.4042564344992	-865.4042564344992	0.0	0.0	-169.4069111738928	338.8138223477856	-338.8138223477856	-169.4069111738928	169.4069111738928	169.4069111738928	8.39	338.8138223477856	344.937055869464
143	-109.46082110845853	437.8432844338341	109.46082110845853	109.46082110845853	541.797561084585	109.46082110845853	822.9234749999999	274.307825	-541.797561084585	-109.46082110845853	437.8432844338341	109.46082110845853	-109.46082110845853	0.0	-284.0093694577073	-218.92164221691706	437.8432844338341	109.46082110845853	-109.46082110845853	274.307825	284.0093694577073	274.307825	-109.46082110845853	284.0093694577073	-109.46082110845853	-109.46082110845853	-429.45328443383414	218.92164221691706	-274.307825	109.46082110845853	284.0093694577073	-284.0093694577073	-429.4532844338338	429.45328443383414	-109.46082110845853	218.92164221691706	-218.92164221691706	-538.9141055422926	109.46082110845853	109.46082110845853	8.39	218.92164221691706	274.30782500000004
144	-193.78277496736897	775.1310998694757	193.78277496736888	193.78277496736897	1000.0	193.78277496736897	1000.0	466.81637483684483	-1000.0	-193.78277496736888	775.1310998694757	193.78277496736897	-193.78277496736888	400.4491245105345	-840.3743741842244	-387.56554993473793	775.1310998694757	193.78277496736897	-193.78277496736897	466.81637483684483	840.3743741842244	466.81637483684483	-193.78277496736897	439.9252496736899	-193.78277496736897	-193.78277496736888	-366.29197535894116	387.5655499347379	-466.81637483684483	193.78277496736888	840.3743741842244	-840.3743741842244	-366.29197535894195	366.29197535894116	-193.78277496736897	387.56554993473793	-387.5655499347379	-560.0747503263101	193.78277496736888	193.78277496736897	8.39	387.56554993473793	466.81637483684483
145	-190.9870158015878	763.9480632063511	190.9870158015878	190.9870158015878	1000.0	190.9870158015878	770.4803950396955	452.83757900793915	-1000.0	-190.9870158015878	763.9480632063511	190.9870158015878	-190.9870158015878	588.0323419841217	-1000.0	-381.9740316031756	763.9480632063511	190.9870158015878	-190.9870158015878	452.83757900793915	1000.0	452.83757900793915	-190.9870158015878	411.9676580158783	-190.9870158015878	-190.9870158015878	-167.52572122222932	381.97403160317555	-452.83757900793915	190.9870158015878	1000.0	-1000.0	-167.52572122222966	167.52572122222932	-190.9870158015878	381.9740316031756	-381.97403160317555	-358.5127370238172	190.9870158015878	190.9870158015878	8.39	381.9740316031756	452.83757900793904
146	-192.48995595987157	769.9598238394863	192.48995595987157	192.48995595987157	1000.0	192.48995595987157	1000.0	460.3522797993579	-1000.0	-192.48995595987157	769.9598238394863	192.48995595987157	-192.48995595987157	381.05683939807375	-808.0538989967897	-384.97991191974313	769.9598238394863	192.48995595987157	-192.48995595987157	460.3522797993579	808.0538989967897	460.3522797993579	-192.48995595987157	426.99705959871596	-192.48995595987157	-192.48995595987157	-380.5129844414125	384.97991191974313	-460.3522797993579	192.48995595987157	808.0538989967897	-808.0538989967897	-380.51298444141287	380.5129844414125	-192.48995595987157	384.97991191974313	-384.97991191974313	-573.002940401284	192.48995595987157	192.48995595987157	8.39	384.97991191974313	460.352279799358
147	-178.2579314952067	713.0317259808268	178.2579314952067	178.2579314952067	1000.0	178.2579314952067	1000.0	389.1921574760334	-1000.0	-178.2579314952067	713.0317259808268	178.2579314952067	-178.2579314952067	167.5764724281002	-452.25328738016697	-356.5158629904134	713.0317259808268	178.2579314952067	-178.2579314952067	389.1921574760334	452.25328738016697	389.1921574760334	-178.2579314952067	284.67681495206676	-178.2579314952067	-178.2579314952067	-537.0652535527265	356.5158629904134	-389.1921574760334	178.2579314952067	452.2532873801669	-452.25328738016697	-537.0652535527263	537.0652535527265	-178.2579314952067	356.5158629904134	-356.5158629904134	-715.3231850479333	178.2579314952067	178.2579314952067	8.39	356.5158629904134	389.1921574760335
148	-190.24369095685353	760.9747638274141	190.24369095685353	190.24369095685353	1000.0	190.24369095685353	1000.0	449.1209547842676	-1000.0	-190.24369095685353	760.9747638274141	190.24369095685353	-190.24369095685353	347.3628643528027	-751.8972739213377	-380.48738191370705	760.9747638274141	190.24369095685353	-190.24369095685353	449.1209547842676	751.8972739213377	449.1209547842676	-190.24369095685353	404.53440956853507	-190.24369095685353	-190.24369095685353	-405.22189947461146	380.48738191370705	-449.1209547842676	190.24369095685353	751.8972739213377	-751.8972739213377	-405.22189947461135	405.22189947461146	-190.24369095685353	380.48738191370705	-380.48738191370705	-595.465590431465	190.24369095685353	190.24369095685353	8.39	380.48738191370705	449.1209547842675
149	-192.4558407727084	769.8233630908336	192.4558407727084	192.4558407727084	1000.0	192.4558407727084	807.2010193177114	460.1817038635423	-1000.0	-192.4558407727084	769.8233630908336	192.4558407727084	-192.4558407727084	573.3440922729153	-1000.0	-384.9116815454168	769.8233630908336	192.4558407727084	-192.4558407727084	460.1817038635423	1000.0	460.1817038635423	-192.4558407727084	426.6559077270847	-192.4558407727084	-192.4558407727084	-188.0892708179183	384.9116815454168	-460.1817038635423	192.4558407727084	1000.0	-1000.0	-188.08927081791916	188.0892708179183	-192.4558407727084	384.9116815454168	-384.9116815454168	-380.5451115906267	192.4558407727084	192.4558407727084	8.39	384.9116815454168	460.18170386354217
150	-2.780119143467703	11.120476573870812	2.780119143467703	2.780119143467703	-643.0604752319896	2.780119143467703	1000.0	333.3333333333333	643.0604752319896	-2.780119143467703	11.120476573870812	2.780119143467703	-2.780119143467703	0.0	-994.4894042826614	-5.560238286935406	11.120476573870812	2.780119143467703	-2.780119143467703	333.3333333333333	994.4894042826614	333.3333333333333	-2.780119143467703	994.4894042826614	-2.780119143467703	-2.780119143467703	-2.7304765738708134	5.560238286935406	-333.3333333333333	2.780119143467703	994.4894042826614	-994.4894042826614	-2.7304765738707033	2.7304765738708134	-2.780119143467703	5.560238286935406	-5.560238286935406	-5.5105957173385605	2.780119143467703	2.780119143467703	8.39	5.560238286935406	333.3333333333334
151	-113.90355875488675	455.614235019547	113.90355875488676	113.90355875488675	468.1739208822009	113.90355875488676	1000.0	333.3333333333333	-468.1739208822009	-113.90355875488676	455.614235019547	113.90355875488676	-113.90355875488676	0.0	-438.87220622556623	-227.80711750977352	455.614235019547	113.90355875488676	-113.90355875488676	333.3333333333333	438.8722062255663	333.3333333333333	-113.90355875488676	438.87220622556623	-113.90355875488675	-113.90355875488676	-447.22423501954694	227.8071175097735	-333.3333333333333	113.90355875488676	438.8722062255663	-438.87220622556623	-447.2242350195475	447.22423501954694	-113.90355875488676	227.80711750977352	-227.8071175097735	-561.1277937744337	113.90355875488676	113.90355875488676	8.39	227.80711750977352	333.3333333333333
152	-74.62550247226405	298.5020098890561	74.62550247226405	74.62550247226405	0.0	74.62550247226405	1000.0	371.03001236132025	0.0	-74.62550247226405	298.5020098890561	74.62550247226405	-74.62550247226405	113.09003708396074	-861.4425618066012	-149.2510049445281	298.5020098890561	74.62550247226405	-74.62550247226405	371.03001236132025	861.4425618066012	371.03001236132025	-74.62550247226405	748.3525247226405	-74.62550247226405	-74.62550247226405	-177.02197280509534	149.25100494452806	-371.03001236132025	74.62550247226405	861.4425618066012	-861.4425618066012	-177.02197280509537	177.02197280509534	-74.62550247226405	149.2510049445281	-149.25100494452806	-251.6474752773595	74.62550247226405	74.62550247226405	8.39	149.2510049445281	371.0300123613202
153	-83.98415946479254	335.93663785917016	83.98415946479254	83.98415946479254	31.80299553993771	83.98415946479254	1000.0	401.9217995539937	-31.80299553993771	-83.98415946479254	335.93663785917016	83.98415946479254	-83.98415946479254	205.7653986619814	-1000.0	-167.96831892958508	335.93663785917016	83.98415946479254	-83.98415946479254	401.9217995539937	1000.0	401.9217995539937	-83.98415946479254	794.2346013380186	-83.98415946479254	-83.98415946479254	-121.78123919718871	167.96831892958508	-401.9217995539937	83.98415946479254	1000.0	-1000.0	-121.7812391971886	121.78123919718871	-83.98415946479254	167.96831892958508	-167.96831892958508	-205.7653986619814	83.98415946479254	83.98415946479254	8.39	167.96831892958508	401.9217995539938
154	-8.594303471700083	34.377213886800334	8.594303471700083	8.594303471700083	-596.4458044024992	8.594303471700083	1000.0	339.0969195597501	596.4458044024992	-8.594303471700083	34.377213886800334	8.594303471700083	-8.594303471700083	17.290758679250217	-1000.0	-17.188606943400167	34.377213886800334	8.594303471700083	-8.594303471700083	339.0969195597501	1000.0	339.0969195597501	-8.594303471700083	982.7092413207498	-8.594303471700083	-8.594303471700083	-8.696455207550116	17.188606943400167	-339.0969195597501	8.594303471700083	1000.0	-1000.0	-8.696455207550173	8.696455207550116	-8.594303471700083	17.188606943400167	-17.188606943400167	-17.29075867925019	8.594303471700083	8.594303471700083	8.39	17.188606943400167	339.0969195597501
155	-19.536385164885875	78.1455406595435	19.536385164885875	19.536385164885875	-505.2617902926178	19.536385164885875	1000.0	348.2153209707382	505.2617902926178	-19.536385164885875	78.1455406595435	19.536385164885875	-19.536385164885875	44.64596291221471	-1000.0	-39.07277032977175	78.1455406595435	19.536385164885875	-19.536385164885875	348.2153209707382	1000.0	348.2153209707382	-19.536385164885875	955.3540370877853	-19.536385164885875	-19.536385164885875	-25.109577747328785	39.07277032977175	-348.2153209707382	19.536385164885875	1000.0	-1000.0	-25.1095777473285	25.109577747328785	-19.536385164885875	39.07277032977175	-39.07277032977175	-44.64596291221471	19.536385164885875	19.536385164885875	8.39	39.07277032977175	348.2153209707381
156	-14.059878743021665	56.23951497208666	14.059878743021665	14.059878743021665	-550.8993438081528	14.059878743021665	1000.0	343.65156561918474	550.8993438081528	-14.059878743021665	56.23951497208666	14.059878743021665	-14.059878743021665	30.954696857554154	-1000.0	-28.11975748604333	56.23951497208666	14.059878743021665	-14.059878743021665	343.65156561918474	1000.0	343.65156561918474	-14.059878743021665	969.0453031424458	-14.059878743021665	-14.059878743021665	-16.894818114532512	28.11975748604333	-343.65156561918474	14.059878743021665	1000.0	-1000.0	-16.894818114532484	16.894818114532512	-14.059878743021665	28.11975748604333	-28.11975748604333	-30.954696857554154	14.059878743021665	14.059878743021665	8.39	28.11975748604333	343.6515656191846
157	-112.30004632140854	449.2001852856342	112.30004632140854	112.30004632140854	570.1898132140853	112.30004632140854	822.923475	274.30782500000004	-570.1898132140853	-112.30004632140854	449.2001852856342	112.30004632140854	-112.30004632140854	0.0	-269.81324339295725	-224.6000926428171	449.2001852856342	112.30004632140854	-112.30004632140854	274.30782500000004	269.81324339295725	274.30782500000004	-112.30004632140854	269.81324339295725	-112.30004632140854	-112.30004632140854	-440.8101852856342	224.6000926428171	-274.30782500000004	112.30004632140854	269.81324339295725	-269.81324339295725	-440.8101852856339	440.8101852856342	-112.30004632140854	224.6000926428171	-224.6000926428171	-553.1102316070428	112.30004632140854	112.30004632140854	8.39	224.6000926428171	274.30782500000004
158	-57.94109180659846	231.76436722639383	57.94109180659846	57.94109180659846	0.0	57.94109180659846	444.3322951649616	287.6079590329923	0.0	-57.94109180659846	231.76436722639383	57.94109180659846	-57.94109180659846	418.49158193401536	-1000.0	-115.88218361319691	231.76436722639383	57.94109180659846	-57.94109180659846	287.6079590329923	1000.0	287.6079590329923	-57.94109180659846	581.5084180659846	-57.94109180659846	-57.94109180659846	195.11721470762157	115.88218361319691	-287.6079590329923	57.94109180659846	1000.0	-1000.0	195.11721470762143	-195.11721470762157	-57.94109180659846	115.88218361319691	-115.88218361319691	137.17612290102306	57.94109180659846	57.94109180659846	8.39	115.88218361319691	287.6079590329923
159	-89.38753158187748	357.55012632750993	89.38753158187748	89.38753158187748	163.4219614308566	89.38753158187748	740.2274052543676	363.12917719395915	-163.4219614308566	-89.38753158187748	357.55012632750993	89.38753158187748	-89.38753158187748	349.16012632750994	-1000.0	-178.77506316375496	357.55012632750993	89.38753158187748	-89.38753158187748	363.12917719395915	1000.0	363.12917719395915	-89.38753158187748	650.8398736724901	-89.38753158187748	-89.38753158187748	0.0	178.77506316375496	-363.12917719395915	89.38753158187748	1000.0	-1000.0	0.0	0.0	-89.38753158187748	178.77506316375496	-178.77506316375496	-89.38753158187751	89.38753158187748	89.38753158187748	8.39	178.77506316375496	363.12917719395926
160	-64.13254289853265	256.5301715941306	64.13254289853265	64.13254289853265	0.0	64.13254289853265	643.4229289853266	318.5652144926633	0.0	-64.13254289853265	256.5301715941306	64.13254289853265	-64.13254289853265	312.2727144926632	-955.6956434779898	-128.2650857970653	256.5301715941306	64.13254289853265	-64.13254289853265	318.5652144926633	955.6956434779898	318.5652144926633	-64.13254289853265	643.4229289853266	-64.13254289853265	-64.13254289853265	64.13254289853262	128.2650857970653	-318.5652144926633	64.13254289853265	955.6956434779898	-955.6956434779898	64.13254289853234	-64.13254289853262	-64.13254289853265	128.2650857970653	-128.2650857970653	0.0	64.13254289853265	64.13254289853265	8.39	128.2650857970653	318.5652144926633
161	-66.49544380336059	265.98177521344235	66.49544380336056	66.49544380336059	0.0	66.49544380336059	667.0519380336059	330.37971901680294	0.0	-66.49544380336056	265.98177521344235	66.49544380336059	-66.49544380336056	324.0872190168029	-991.1391570504088	-132.99088760672117	265.98177521344235	66.49544380336059	-66.49544380336059	330.37971901680294	991.1391570504088	330.37971901680294	-66.49544380336059	667.0519380336059	-66.49544380336059	-66.49544380336056	66.49544380336056	132.99088760672117	-330.37971901680294	66.49544380336056	991.1391570504088	-991.1391570504088	66.49544380336033	-66.49544380336056	-66.49544380336059	132.99088760672117	-132.99088760672117	0.0	66.49544380336056	66.49544380336059	8.39	132.99088760672117	330.37971901680294
162	-101.4319167492852	405.7276669971408	101.4319167492852	101.4319167492852	461.5085174928517	101.4319167492852	324.153891253574	274.307825	-461.5085174928517	-101.4319167492852	405.7276669971408	101.4319167492852	-101.4319167492852	498.76958374642595	-822.9234749999999	-202.8638334985704	405.7276669971408	101.4319167492852	-101.4319167492852	274.307825	822.9234749999999	274.307825	-101.4319167492852	324.153891253574	-101.4319167492852	-101.4319167492852	101.43191674928516	202.8638334985704	-274.307825	101.4319167492852	822.9234749999999	-822.9234749999999	101.43191674928568	-101.43191674928516	-101.4319167492852	202.8638334985704	-202.8638334985704	0.0	101.4319167492852	101.4319167492852	8.39	202.8638334985704	274.30782500000004
163	-61.46893663343722	245.87574653374887	61.46893663343722	61.46893663343722	0.0	61.46893663343722	532.5284158359304	305.24718316718605	0.0	-61.46893663343722	245.87574653374887	61.46893663343722	-61.46893663343722	383.2131336656279	-1000.0	-122.93787326687443	245.87574653374887	61.46893663343722	-61.46893663343722	305.24718316718605	1000.0	305.24718316718605	-61.46893663343722	616.7868663343721	-61.46893663343722	-61.46893663343722	145.72738713187906	122.93787326687443	-305.24718316718605	61.46893663343722	1000.0	-1000.0	145.72738713187908	-145.72738713187906	-61.46893663343722	122.93787326687443	-122.93787326687443	84.25845049844173	61.46893663343722	61.46893663343722	8.39	122.93787326687443	305.24718316718594
164	-155.281065	621.12426	155.281065	155.281065	1000.0	155.281065	632.9369103668415	274.30782500000004	-1000.0	-155.281065	621.12426	155.281065	-155.281065	189.98656463315874	-244.89471463315886	-310.56213	621.12426	155.281065	-155.281065	274.30782500000004	244.89471463315886	274.30782500000004	-155.281065	54.90815000000009	-155.281065	-155.281065	-422.7476953668413	310.56213	-274.30782500000004	155.281065	244.89471463315886	-244.89471463315874	-422.747695366841	422.7476953668413	-155.281065	310.56213	-310.56213	-578.0287603668413	155.281065	155.281065	8.39	310.56213	274.30782500000004
165	-40.5830031509331	162.3320126037324	40.5830031509331	40.5830031509331	-146.9806184906689	40.5830031509331	668.9814623962675	274.3078249999999	146.9806184906689	-40.5830031509331	162.3320126037324	40.5830031509331	-40.5830031509331	153.9420126037324	-782.3404718490667	-81.1660063018662	162.3320126037324	40.5830031509331	-40.5830031509331	274.3078249999999	782.3404718490667	274.3078249999999	-40.5830031509331	628.3984592453344	-40.5830031509331	-40.5830031509331	0.0	81.1660063018662	-274.3078249999999	40.5830031509331	782.3404718490667	-782.3404718490667	0.0	0.0	-40.5830031509331	81.1660063018662	-81.1660063018662	-40.58300315093311	40.5830031509331	40.5830031509331	8.39	81.1660063018662	274.30782500000004
166	-81.90875282855129	327.63501131420514	81.90875282855129	81.90875282855129	266.2768782855129	81.90875282855129	244.69318585724292	274.3078249999999	-266.2768782855129	-81.90875282855129	327.63501131420514	81.90875282855129	-81.90875282855129	578.2302891427568	-1000.0	-163.81750565710257	327.63501131420514	81.90875282855129	-81.90875282855129	274.3078249999999	1000.0	274.3078249999999	-81.90875282855129	421.76971085724324	-81.90875282855129	-81.90875282855129	258.9852778285516	163.81750565710257	-274.3078249999999	81.90875282855129	1000.0	-999.9999999999999	258.98527782855194	-258.9852778285516	-81.90875282855129	163.81750565710257	-163.81750565710257	177.07652499999926	81.90875282855129	81.90875282855129	8.39	163.81750565710257	274.30782500000004
167	-141.8349902165717	567.3399608662868	141.8349902165717	141.8349902165717	513.893251804764	141.8349902165717	1000.0	450.13082518047645	-513.893251804764	-141.8349902165717	567.3399608662868	141.8349902165717	-141.8349902165717	350.39247554142923	-1000.0	-283.6699804331434	567.3399608662868	141.8349902165717	-141.8349902165717	450.1308251804765	1000.0	450.1308251804765	-141.8349902165717	649.6075244585708	-141.8349902165717	-141.8349902165717	-208.55748532485757	283.6699804331434	-450.13082518047645	141.8349902165717	1000.0	-1000.0	-208.55748532485723	208.55748532485757	-141.8349902165717	283.6699804331434	-283.6699804331434	-350.39247554142923	141.8349902165717	141.8349902165717	8.39	283.6699804331434	450.1308251804766
168	-157.94109180659854	631.7643672263941	157.94109180659854	157.94109180659854	1000.0	157.94109180659854	-55.667704835037284	287.6079590329926	-1000.0	-157.94109180659854	631.7643672263941	157.94109180659854	-157.94109180659854	918.491581934015	-1000.0	-315.88218361319707	631.7643672263941	157.94109180659854	-157.94109180659854	287.6079590329926	1000.0	287.6079590329926	-157.94109180659854	81.50841806598498	-157.94109180659854	-157.94109180659854	295.1172147076209	315.88218361319707	-287.6079590329926	157.94109180659854	1000.0	-999.9999999999999	295.11721470762143	-295.1172147076209	-157.94109180659854	315.88218361319707	-315.88218361319707	137.17612290102227	157.94109180659854	157.94109180659854	8.39	315.88218361319707	287.6079590329925
169	-172.2004561741552	688.8018246966208	172.2004561741552	172.2004561741552	1000.0	172.2004561741552	300.81640435387965	358.90478087077605	-1000.0	-172.2004561741552	688.8018246966208	172.2004561741552	-172.2004561741552	775.8979382584481	-1000.0	-344.4009123483104	688.8018246966208	172.2004561741552	-172.2004561741552	358.90478087077605	1000.0	358.90478087077605	-172.2004561741552	224.1020617415519	-172.2004561741552	-172.2004561741552	95.48611356182732	344.4009123483104	-358.90478087077605	172.2004561741552	1000.0	-999.9999999999999	95.4861135618275	-95.48611356182732	-172.2004561741552	344.4009123483104	-344.4009123483104	-76.71434261232764	172.2004561741552	172.2004561741552	8.39	344.4009123483104	358.90478087077577
170	-22.4086304091728	89.6345216366912	22.4086304091728	22.4086304091728	-461.71444951438724	22.4086304091728	941.1641087724815	340.8028768030576	461.71444951438724	-22.4086304091728	89.6345216366912	22.4086304091728	-22.4086304091728	81.24452163669122	-1000.0	-44.8172608183456	89.6345216366912	22.4086304091728	-22.4086304091728	340.8028768030576	1000.0	340.8028768030576	-22.4086304091728	918.7554783633088	-22.4086304091728	-22.4086304091728	0.0	44.8172608183456	-340.8028768030576	22.4086304091728	1000.0	-1000.0	0.0	0.0	-22.4086304091728	44.8172608183456	-44.8172608183456	-22.4086304091727	22.4086304091728	22.4086304091728	8.39	44.8172608183456	340.8028768030577
171	-96.55963016530443	386.2385206612177	96.55963016530443	96.55963016530443	136.59858471087026	96.55963016530443	1000.0	412.401358471087	-136.59858471087026	-96.55963016530443	386.2385206612177	96.55963016530443	-96.55963016530443	237.20407541326108	-1000.0	-193.11926033060885	386.2385206612177	96.55963016530443	-96.55963016530443	412.401358471087	1000.0	412.401358471087	-96.55963016530443	762.7959245867389	-96.55963016530443	-96.55963016530443	-140.64444524795664	193.11926033060885	-412.401358471087	96.55963016530443	1000.0	-1000.0	-140.6444452479568	140.64444524795664	-96.55963016530443	193.11926033060885	-193.11926033060885	-237.20407541326108	96.55963016530443	96.55963016530443	8.39	193.11926033060885	412.401358471087
172	-90.01189278027601	360.04757112110406	90.01189278027601	90.01189278027601	82.03410650230003	90.01189278027601	1000.0	406.94491065023004	-82.03410650230003	-90.01189278027601	360.04757112110406	90.01189278027601	-90.01189278027601	220.83473195069004	-1000.0	-180.02378556055203	360.04757112110406	90.01189278027601	-90.01189278027601	406.94491065023004	1000.0	406.94491065023004	-90.01189278027601	779.1652680493099	-90.01189278027601	-90.01189278027601	-130.82283917041403	180.02378556055203	-406.94491065023004	90.01189278027601	1000.0	-999.9999999999999	-130.82283917041389	130.82283917041403	-90.01189278027601	180.02378556055203	-180.02378556055203	-220.83473195069007	90.01189278027601	90.01189278027601	8.39	180.02378556055203	406.94491065023016
173	-174.93907812920506	699.7563125168203	174.9390781292051	174.93907812920506	1000.0	174.9390781292051	1000.0	372.5978906460253	-1000.0	-174.9390781292051	699.7563125168203	174.9390781292051	-174.9390781292051	117.79367193807593	-369.2819532301264	-349.8781562584102	699.7563125168203	174.9390781292051	-174.9390781292051	372.5978906460253	369.2819532301264	372.5978906460253	-174.9390781292051	251.4882812920505	-174.93907812920506	-174.9390781292051	-573.5726405787444	349.8781562584102	-372.5978906460253	174.9390781292051	369.2819532301264	-369.2819532301264	-573.5726405787441	573.5726405787444	-174.9390781292051	349.8781562584102	-349.8781562584102	-748.5117187079495	174.9390781292051	174.9390781292051	8.39	349.8781562584102	372.5978906460254
174	-197.15403769741692	788.6161507896676	197.15403769741692	197.15403769741692	1000.0	197.15403769741692	924.6559424354235	483.6726884870847	-1000.0	-197.15403769741692	788.6161507896676	197.15403769741692	-197.15403769741692	526.3621230258304	-1000.0	-394.30807539483385	788.6161507896676	197.15403769741692	-197.15403769741692	483.6726884870847	1000.0	483.6726884870847	-197.15403769741692	473.63787697416956	-197.15403769741692	-197.15403769741692	-253.86402776383704	394.3080753948338	-483.6726884870847	197.15403769741692	1000.0	-1000.0	-253.86402776383778	253.86402776383704	-197.15403769741692	394.30807539483385	-394.3080753948338	-451.0180654612541	197.15403769741692	197.15403769741692	8.39	394.30807539483385	483.6726884870846
175	-117.17012938692463	468.68051754769846	117.17012938692463	117.17012938692463	308.35274489103847	117.17012938692463	1000.0	429.57677448910385	-308.35274489103847	-117.17012938692463	468.68051754769846	117.17012938692463	-117.17012938692463	288.73032346731156	-1000.0	-234.34025877384926	468.68051754769846	117.17012938692463	-117.17012938692463	429.57677448910385	1000.0	429.57677448910385	-117.17012938692463	711.2696765326884	-117.17012938692463	-117.17012938692463	-171.56019408038685	234.34025877384923	-429.57677448910385	117.17012938692463	1000.0	-1000.0	-171.56019408038668	171.56019408038685	-117.17012938692463	234.34025877384926	-234.34025877384923	-288.73032346731156	117.17012938692463	117.17012938692463	8.39	234.34025877384926	429.57677448910385
176	-155.28106500000004	621.1242600000002	155.28106500000004	155.28106500000004	1000.0	155.28106500000004	-20.424959204678128	274.3078250000001	-1000.0	-155.28106500000004	621.1242600000002	155.28106500000004	-155.28106500000004	843.3484342046788	-898.2565842046793	-310.5621300000001	621.1242600000002	155.28106500000004	-155.28106500000004	274.3078250000001	898.2565842046793	274.3078250000001	-155.28106500000004	54.90815000000043	-155.28106500000004	-155.28106500000004	230.61417420467865	310.5621300000001	-274.3078250000001	155.28106500000004	898.2565842046793	-898.2565842046793	230.61417420467848	-230.61417420467865	-155.28106500000004	310.5621300000001	-310.5621300000001	75.33310920467852	155.28106500000004	155.28106500000004	8.39	310.5621300000001	274.30782500000004
177	-181.12783218538402	724.5113287415361	181.12783218538402	181.12783218538402	1000.0	181.12783218538402	524.0008046346009	403.54166092692014	-1000.0	-181.12783218538402	724.5113287415361	181.12783218538402	-181.12783218538402	686.6241781461596	-1000.0	-362.25566437076805	724.5113287415361	181.12783218538402	-181.12783218538402	403.5416609269202	1000.0	403.5416609269202	-181.12783218538402	313.3758218538404	-181.12783218538402	-181.12783218538402	-29.497150595376525	362.25566437076805	-403.54166092692014	181.12783218538402	1000.0	-999.9999999999999	-29.497150595376638	29.497150595376525	-181.12783218538402	362.25566437076805	-362.25566437076805	-210.62498278076043	181.12783218538402	181.12783218538402	8.39	362.25566437076805	403.5416609269201
178	-139.27904711560737	557.1161884624295	139.27904711560737	139.27904711560737	629.0761064123355	139.27904711560737	590.5528586531781	379.75968237186925	-629.0761064123355	-139.27904711560737	557.1161884624295	139.27904711560737	-139.27904711560737	548.7261884624294	-1000.0	-278.55809423121474	557.1161884624295	139.27904711560737	-139.27904711560737	379.75968237186925	1000.0	379.75968237186925	-139.27904711560737	451.2738115375706	-139.27904711560737	-139.27904711560737	0.0	278.55809423121474	-379.75968237186925	139.27904711560737	1000.0	-1000.0	0.0	0.0	-139.27904711560737	278.55809423121474	-278.55809423121474	-139.27904711560757	139.27904711560737	139.27904711560737	8.39	278.55809423121474	379.759682371869
179	-162.87225417407254	651.4890166962902	162.87225417407254	162.87225417407254	1000.0	162.87225417407254	293.69229591479814	312.26377087036275	-1000.0	-162.87225417407254	651.4890166962902	162.87225417407254	-162.87225417407254	643.0990166962902	-773.9190584370158	-325.7445083481451	651.4890166962902	162.87225417407254	-162.87225417407254	312.26377087036275	773.9190584370158	312.26377087036275	-162.87225417407254	130.82004174072563	-162.87225417407254	-162.87225417407254	0.0	325.7445083481451	-312.26377087036275	162.87225417407254	773.9190584370158	-773.9190584370158	0.0	0.0	-162.87225417407254	325.7445083481451	-325.7445083481451	-162.87225417407262	162.87225417407254	162.87225417407254	8.39	325.7445083481451	312.2637708703627
180	-146.27196896346723	585.0878758538689	146.27196896346723	146.27196896346723	909.9090396346724	146.27196896346723	246.2255991461315	274.3078250000001	-909.9090396346724	-146.27196896346723	585.0878758538689	146.27196896346723	-146.27196896346723	576.6978758538689	-676.6515060365332	-292.54393792693446	585.0878758538689	146.27196896346723	-146.27196896346723	274.3078250000001	676.6515060365332	274.3078250000001	-146.27196896346723	99.95363018266426	-146.27196896346723	-146.27196896346723	0.0	292.54393792693446	-274.3078250000001	146.27196896346723	676.6515060365332	-676.6515060365332	0.0	0.0	-146.27196896346723	292.54393792693446	-292.54393792693446	-146.27196896346732	146.27196896346723	146.27196896346723	8.39	292.54393792693446	274.30782500000004
181	-155.28106500000004	621.1242600000002	155.28106500000004	155.28106500000004	1000.0	155.28106500000004	509.6592444945419	274.3078250000002	-1000.0	-155.28106500000004	621.1242600000002	155.28106500000004	-155.28106500000004	313.2642305054586	-368.1723805054589	-310.5621300000001	621.1242600000002	155.28106500000004	-155.28106500000004	274.3078250000002	368.17238050545893	274.3078250000002	-155.28106500000004	54.90815000000032	-155.28106500000004	-155.28106500000004	-299.47002949454156	310.5621300000001	-274.3078250000002	155.28106500000004	368.17238050545893	-368.17238050545905	-299.4700294945412	299.47002949454156	-155.28106500000004	310.5621300000001	-310.5621300000001	-454.75109449454146	155.28106500000004	155.28106500000004	8.39	310.5621300000001	274.30782500000004
182	-122.03457884532169	488.13831538128676	122.03457884532169	122.03457884532169	667.5351384532163	122.03457884532169	343.1751596187138	274.30782500000015	-667.5351384532163	-122.03457884532169	488.13831538128676	122.03457884532169	-122.03457884532169	479.7483153812868	-700.8888961546788	-244.06915769064338	488.13831538128676	122.03457884532169	-122.03457884532169	274.30782500000015	700.8888961546788	274.30782500000015	-122.03457884532169	221.140580773392	-122.03457884532169	-122.03457884532169	0.0	244.06915769064338	-274.30782500000015	122.03457884532169	700.8888961546788	-700.8888961546788	0.0	0.0	-122.03457884532169	244.06915769064338	-244.06915769064338	-122.03457884532168	122.03457884532169	122.03457884532169	8.39	244.06915769064338	274.30782500000004
183	-155.281065	621.12426	155.281065	155.281065	1000.0	155.281065	401.21498864975695	274.30782500000015	-1000.0	-155.281065	621.12426	155.281065	-155.281065	421.70848635024345	-476.61663635024377	-310.56213	621.12426	155.281065	-155.281065	274.30782500000015	476.61663635024377	274.30782500000015	-155.281065	54.90815000000032	-155.281065	-155.281065	-191.02577364975662	310.56213	-274.30782500000015	155.281065	476.61663635024377	-476.61663635024377	-191.02577364975696	191.02577364975662	-155.281065	310.56213	-310.56213	-346.3068386497565	155.281065	155.281065	8.39	310.56213	274.30782500000004
184	-179.88089006856237	719.5235602742495	179.88089006856237	179.88089006856237	1000.0	179.88089006856237	492.82725171405855	397.3069503428117	-1000.0	-179.88089006856237	719.5235602742495	179.88089006856237	-179.88089006856237	699.0935993143767	-1000.0	-359.76178013712473	719.5235602742495	179.88089006856237	-179.88089006856237	397.3069503428117	1000.0	397.3069503428117	-179.88089006856237	300.90640068562334	-179.88089006856237	-179.88089006856237	-12.039960959872815	359.76178013712473	-397.3069503428117	179.88089006856237	1000.0	-1000.0	-12.039960959872417	12.039960959872815	-179.88089006856237	359.76178013712473	-359.76178013712473	-191.9208510284352	179.88089006856237	179.88089006856237	8.39	359.76178013712473	397.30695034281183
185	-180.0964071476821	720.3856285907284	180.0964071476821	180.0964071476821	1000.0	180.0964071476821	1000.0	398.38453573841065	-1000.0	-180.0964071476821	720.3856285907284	180.0964071476821	-180.0964071476821	195.15360721523186	-498.2151786920532	-360.1928142953642	720.3856285907284	180.0964071476821	-180.0964071476821	398.38453573841065	498.2151786920532	398.38453573841065	-180.0964071476821	303.0615714768213	-180.0964071476821	-180.0964071476821	-516.8420213754965	360.1928142953642	-398.38453573841065	180.0964071476821	498.2151786920532	-498.2151786920532	-516.8420213754966	516.8420213754965	-180.0964071476821	360.1928142953642	-360.1928142953642	-696.9384285231787	180.0964071476821	180.0964071476821	8.39	360.1928142953642	398.38453573841053
186	-172.75348531993288	691.0139412797314	172.75348531993288	172.75348531993288	1000.0	172.75348531993288	1000.0	361.6699265996644	-1000.0	-172.75348531993288	691.0139412797314	172.75348531993288	-172.75348531993288	85.00977979899318	-314.64213299832204	-345.50697063986576	691.0139412797314	172.75348531993288	-172.75348531993288	361.6699265996644	314.64213299832204	361.6699265996644	-172.75348531993288	229.63235319932892	-172.75348531993288	-172.75348531993288	-597.6141614807381	345.5069706398657	-361.6699265996644	172.75348531993288	314.6421329983221	-314.64213299832204	-597.6141614807384	597.6141614807381	-172.75348531993288	345.50697063986576	-345.5069706398657	-770.3676468006711	172.75348531993288	172.75348531993288	8.39	345.50697063986576	361.6699265996643
187	-174.46595869633126	697.863834785325	174.46595869633126	174.46595869633126	1000.0	174.46595869633126	1000.0	370.2322934816563	-1000.0	-174.46595869633126	697.863834785325	174.46595869633126	-174.46595869633126	110.69688044496877	-357.4539674082813	-348.9319173926625	697.863834785325	174.46595869633126	-174.46595869633126	370.2322934816563	357.4539674082813	370.2322934816563	-174.46595869633126	246.75708696331253	-174.46595869633126	-174.46595869633126	-578.7769543403563	348.9319173926625	-370.2322934816563	174.46595869633126	357.4539674082813	-357.4539674082813	-578.7769543403565	578.7769543403563	-174.46595869633126	348.9319173926625	-348.9319173926625	-753.2429130366875	174.46595869633126	174.46595869633126	8.39	348.9319173926625	370.2322934816562
188	-155.95143599204147	623.805743968166	155.95143599204147	155.95143599204147	1000.0	155.95143599204147	832.9790398806225	277.6596799602075	-1000.0	-155.95143599204147	623.805743968166	155.95143599204147	-155.95143599204147	0.0	-61.61185992041504	-311.90287198408294	623.805743968166	155.95143599204147	-155.95143599204147	277.6596799602075	61.6118599204151	277.6596799602075	-155.95143599204147	61.6118599204151	-155.95143599204147	-155.95143599204147	-615.4157439681661	311.902871984083	-277.6596799602075	155.95143599204147	61.6118599204151	-61.6118599204151	-615.4157439681661	615.4157439681661	-155.95143599204147	311.90287198408294	-311.902871984083	-771.3671799602075	155.95143599204147	155.95143599204147	8.39	311.90287198408294	277.65967996020754
189	-162.2338787144749	648.9355148578996	162.23387871447494	162.2338787144749	1000.0	162.23387871447494	927.215680717124	309.0718935723747	-1000.0	-162.23387871447494	648.9355148578996	162.23387871447494	-162.23387871447494	0.0	-124.43628714474941	-324.4677574289499	648.9355148578996	162.23387871447494	-162.23387871447494	309.0718935723747	124.43628714474937	309.0718935723747	-162.23387871447494	124.43628714474937	-162.2338787144749	-162.23387871447494	-640.5455148578995	324.4677574289498	-309.0718935723747	162.23387871447494	124.43628714474937	-124.43628714474937	-640.5455148579001	640.5455148578995	-162.23387871447494	324.4677574289499	-324.4677574289498	-802.7793935723746	162.23387871447494	162.23387871447494	8.39	324.4677574289499	309.07189357237456
190	-171.0329818187993	684.1319272751972	171.0329818187993	171.0329818187993	1000.0	171.0329818187993	271.62954546998407	353.06740909399673	-1000.0	-171.0329818187993	684.1319272751972	171.0329818187993	-171.0329818187993	787.5726818120063	-1000.0	-342.0659636375986	684.1319272751972	171.0329818187993	-171.0329818187993	353.06740909399673	1000.0	353.06740909399673	-171.0329818187993	212.4273181879937	-171.0329818187993	-171.0329818187993	111.83075453680908	342.0659636375986	-353.06740909399673	171.0329818187993	1000.0	-1000.0	111.830754536808	-111.83075453680908	-171.0329818187993	342.0659636375986	-342.0659636375986	-59.20222728199042	171.0329818187993	171.0329818187993	8.39	342.0659636375986	353.06740909399673
191	-155.281065	621.12426	155.281065	155.281065	1000.0	155.281065	732.2387740460166	274.30782500000004	-1000.0	-155.281065	621.12426	155.281065	-155.281065	90.68470095398348	-145.59285095398354	-310.56213	621.12426	155.281065	-155.281065	274.30782500000004	145.59285095398354	274.30782500000004	-155.281065	54.90815000000009	-155.281065	-155.281065	-522.0495590460166	310.56213	-274.30782500000004	155.281065	145.59285095398354	-145.59285095398357	-522.0495590460166	522.0495590460166	-155.281065	310.56213	-310.56213	-677.3306240460166	155.281065	155.281065	8.39	310.56213	274.30782500000004
192	-155.28106499999998	621.1242599999999	155.28106499999998	155.28106499999998	1000.0	155.28106499999998	690.0523324383819	274.30782500000004	-1000.0	-155.28106499999998	621.1242599999999	155.28106499999998	-155.28106499999998	132.8711425616182	-187.77929256161838	-310.56212999999997	621.1242599999999	155.28106499999998	-155.28106499999998	274.30782500000004	187.77929256161838	274.30782500000004	-155.28106499999998	54.908150000000205	-155.28106499999998	-155.28106499999998	-479.8631174383818	310.56212999999997	-274.30782500000004	155.28106499999998	187.77929256161838	-187.77929256161838	-479.8631174383827	479.8631174383818	-155.28106499999998	310.56212999999997	-310.56212999999997	-635.1441824383817	155.28106499999998	155.28106499999998	8.39	310.56212999999997	274.30782500000004
193	-77.9520883396234	311.8083533584936	77.9520883396234	77.9520883396234	-18.464263836471684	77.9520883396234	1000.0	396.8950736163529	18.464263836471684	-77.9520883396234	311.8083533584936	77.9520883396234	-77.9520883396234	190.6852208490585	-1000.0	-155.9041766792468	311.8083533584936	77.9520883396234	-77.9520883396234	396.8950736163529	1000.0	396.8950736163529	-77.9520883396234	809.3147791509415	-77.9520883396234	-77.9520883396234	-112.73313250943511	155.9041766792468	-396.8950736163529	77.9520883396234	1000.0	-1000.0	-112.73313250943511	112.73313250943511	-77.9520883396234	155.9041766792468	-155.9041766792468	-190.6852208490585	77.9520883396234	77.9520883396234	8.39	155.9041766792468	396.8950736163529
194	-136.91888571555003	547.6755428622001	136.91888571555003	136.91888571555003	472.92571429625013	136.91888571555003	1000.0	446.03407142962504	-472.92571429625013	-136.91888571555003	547.6755428622001	136.91888571555003	-136.91888571555003	338.1022142888751	-1000.0	-273.83777143110007	547.6755428622001	136.91888571555003	-136.91888571555003	446.03407142962504	1000.0	446.03407142962504	-136.91888571555003	661.8977857111249	-136.91888571555003	-136.91888571555003	-201.18332857332507	273.83777143110007	-446.03407142962504	136.91888571555003	1000.0	-1000.0	-201.1833285733248	201.18332857332507	-136.91888571555003	273.83777143110007	-273.83777143110007	-338.1022142888751	136.91888571555003	136.91888571555003	8.39	273.83777143110007	446.03407142962493
195	-52.83105606247182	211.3242242498873	52.83105606247182	52.83105606247182	-227.80619947940139	52.83105606247182	1000.0	375.96088005205985	227.80619947940139	-52.83105606247182	211.3242242498873	52.83105606247182	-52.83105606247182	127.88264015617956	-1000.0	-105.66211212494365	211.3242242498873	52.83105606247182	-52.83105606247182	375.96088005205985	1000.0	375.96088005205985	-52.83105606247182	872.1173598438204	-52.83105606247182	-52.83105606247182	-75.05158409370773	105.66211212494365	-375.96088005205985	52.83105606247182	1000.0	-1000.0	-75.05158409370785	75.05158409370773	-52.83105606247182	105.66211212494365	-105.66211212494365	-127.8826401561796	52.83105606247182	52.83105606247182	8.39	105.66211212494365	375.96088005205996
196	-125.84963851340956	503.3985540536383	125.8496385134096	125.84963851340956	587.6347184674288	125.84963851340956	1000.0	333.3333333333333	-587.6347184674288	-125.8496385134096	503.3985540536383	125.84963851340956	-125.8496385134096	0.0	-379.1418074329521	-251.69927702681915	503.3985540536383	125.84963851340956	-125.84963851340956	333.3333333333333	379.1418074329521	333.3333333333333	-125.84963851340956	379.1418074329521	-125.84963851340956	-125.8496385134096	-495.0085540536383	251.69927702681915	-333.3333333333333	125.8496385134096	379.1418074329521	-379.1418074329521	-495.0085540536377	495.0085540536383	-125.84963851340956	251.69927702681915	-251.69927702681915	-620.8581925670479	125.8496385134096	125.84963851340956	8.39	251.69927702681915	333.3333333333332
197	-47.95867517509287	191.83470070037149	47.95867517509286	47.95867517509287	-191.27491491573795	47.95867517509286	1000.0	333.3333333333333	191.27491491573795	-47.95867517509286	191.83470070037149	47.95867517509286	-47.95867517509286	0.0	-768.5966241245357	-95.91735035018571	191.83470070037149	47.95867517509286	-47.95867517509286	333.3333333333333	768.5966241245357	333.3333333333333	-47.95867517509286	768.5966241245357	-47.95867517509287	-47.95867517509286	-183.44470070037153	95.91735035018574	-333.3333333333333	47.95867517509286	768.5966241245357	-768.5966241245357	-183.44470070037164	183.44470070037153	-47.95867517509286	95.91735035018571	-95.91735035018574	-231.40337587546438	47.95867517509286	47.95867517509286	8.39	95.91735035018571	333.3333333333334
198	-72.53787267687319	290.1514907074927	72.53787267687319	72.53787267687319	0.0	72.53787267687319	1000.0	360.591863384366	0.0	-72.53787267687319	290.1514907074927	72.53787267687319	-72.53787267687319	81.77559015309788	-809.2518169218299	-145.07574535374638	290.1514907074927	72.53787267687319	-72.53787267687319	360.591863384366	809.2518169218299	360.591863384366	-72.53787267687319	727.476226768732	-72.53787267687319	-72.53787267687319	-199.9859005543948	145.07574535374636	-360.591863384366	72.53787267687319	809.2518169218299	-809.2518169218299	-199.9859005543951	199.9859005543948	-72.53787267687319	145.07574535374638	-145.07574535374636	-272.523773231268	72.53787267687319	72.53787267687319	8.39	145.07574535374638	360.591863384366
199	-109.47632457980313	437.90529831921253	109.47632457980313	109.47632457980313	244.2377048316926	109.47632457980313	1000.0	423.1652704831693	-244.2377048316926	-109.47632457980313	437.90529831921253	109.47632457980313	-109.47632457980313	269.49581144950787	-1000.0	-218.95264915960627	437.90529831921253	109.47632457980313	-109.47632457980313	423.1652704831693	1000.0	423.1652704831693	-109.47632457980313	730.5041885504921	-109.47632457980313	-109.47632457980313	-160.01948686970468	218.95264915960627	-423.1652704831693	109.47632457980313	1000.0	-1000.0	-160.01948686970462	160.01948686970468	-109.47632457980313	218.95264915960627	-218.95264915960627	-269.49581144950787	109.47632457980313	109.47632457980313	8.39	218.95264915960627	423.1652704831694
200	-184.4660086247553	737.8640344990212	184.4660086247553	184.4660086247553	1000.0	184.4660086247553	607.4552156188813	420.23254312377634	-1000.0	-184.4660086247553	737.8640344990212	184.4660086247553	-184.4660086247553	653.2424137524475	-1000.0	-368.9320172495106	737.8640344990212	184.4660086247553	-184.4660086247553	420.23254312377634	1000.0	420.23254312377634	-184.4660086247553	346.75758624755247	-184.4660086247553	-184.4660086247553	-76.23162074657364	368.9320172495106	-420.23254312377634	184.4660086247553	1000.0	-1000.0	-76.23162074657358	76.23162074657364	-184.4660086247553	368.9320172495106	-368.9320172495106	-260.69762937132884	184.4660086247553	184.4660086247553	8.39	368.9320172495106	420.2325431237762
201	-159.04898160648486	636.1959264259393	159.04898160648486	159.04898160648486	1000.0	159.04898160648486	92.58731606484822	293.14740803242415	-1000.0	-159.04898160648486	636.1959264259393	159.04898160648486	-159.04898160648486	786.8549080324242	-879.4422240972724	-318.0979632129697	636.1959264259393	159.04898160648486	-159.04898160648486	293.14740803242415	879.4422240972724	293.14740803242415	-159.04898160648486	92.58731606484822	-159.04898160648486	-159.04898160648486	159.04898160648497	318.09796321296966	-293.14740803242415	159.04898160648486	879.4422240972724	-879.4422240972724	159.04898160648492	-159.04898160648497	-159.04898160648486	318.0979632129697	-318.09796321296966	0.0	159.04898160648486	159.04898160648486	8.39	318.0979632129697	293.14740803242404
202	-159.57850417643425	638.314016705737	159.57850417643425	159.57850417643425	1000.0	159.57850417643425	-14.73239558914247	295.79502088217146	-1000.0	-159.57850417643425	638.314016705737	159.57850417643425	-159.57850417643425	902.1174582356568	-1000.0	-319.1570083528685	638.314016705737	159.57850417643425	-159.57850417643425	295.79502088217146	1000.0	295.79502088217146	-159.57850417643425	97.88254176434316	-159.57850417643425	-159.57850417643425	272.1934415299199	319.1570083528685	-295.79502088217146	159.57850417643425	1000.0	-1000.0	272.19344152991926	-272.1934415299199	-159.57850417643425	319.1570083528685	-319.1570083528685	112.61493735348563	159.57850417643425	159.57850417643425	8.39	319.1570083528685	295.79502088217134
203	-129.29422953215655	517.1769181286262	129.29422953215655	129.29422953215655	740.131645321566	129.29422953215655	7.765802339216634	274.3078249999999	-740.131645321566	-129.29422953215655	517.1769181286262	129.29422953215655	-129.29422953215655	815.157672660783	-1000.0	-258.5884590643131	517.1769181286262	129.29422953215655	-129.29422953215655	274.3078249999999	1000.0	274.3078249999999	-129.29422953215655	184.84232733921698	-129.29422953215655	-129.29422953215655	306.37075453215675	258.5884590643131	-274.3078249999999	129.29422953215655	1000.0	-1000.0	306.37075453215647	-306.37075453215675	-129.29422953215655	258.5884590643131	-258.5884590643131	177.07652499999926	129.29422953215655	129.29422953215655	8.39	258.5884590643131	274.30782500000004
204	-19.99488098574223	79.97952394296892	19.99488098574223	19.99488098574223	-352.86184014257776	19.99488098574223	554.262545071289	274.30782500000004	352.86184014257776	-19.99488098574223	79.97952394296892	19.99488098574223	-19.99488098574223	268.6609299287111	-1000.0	-39.98976197148446	79.97952394296892	19.99488098574223	-19.99488098574223	274.30782500000004	1000.0	274.30782500000004	-19.99488098574223	731.3390700712889	-19.99488098574223	-19.99488098574223	197.07140598574216	39.98976197148446	-274.30782500000004	19.99488098574223	1000.0	-1000.0	197.0714059857421	-197.07140598574216	-19.99488098574223	39.98976197148446	-39.98976197148446	177.07652499999926	19.99488098574223	19.99488098574223	8.39	39.98976197148446	274.30782500000004
205	-16.470026515577118	65.88010606230847	16.470026515577118	16.470026515577118	-388.11038484422863	16.470026515577118	571.8868174221141	274.3078249999999	388.11038484422863	-16.470026515577118	65.88010606230847	16.470026515577118	-16.470026515577118	251.0366575778858	-1000.0	-32.940053031154235	65.88010606230847	16.470026515577118	-16.470026515577118	274.3078249999999	1000.0	274.3078249999999	-16.470026515577118	748.9633424221142	-16.470026515577118	-16.470026515577118	193.54655151557733	32.940053031154235	-274.3078249999999	16.470026515577118	1000.0	-1000.0	193.54655151557733	-193.54655151557733	-16.470026515577118	32.940053031154235	-32.940053031154235	177.07652499999926	16.470026515577118	16.470026515577118	8.39	32.940053031154235	274.30782500000004
206	-107.4670751835442	429.8683007341768	107.4670751835442	107.4670751835442	521.8601018354419	107.4670751835442	822.923475	274.30782500000004	-521.8601018354419	-107.4670751835442	429.8683007341768	107.4670751835442	-107.4670751835442	0.0	-293.978099082279	-214.9341503670884	429.8683007341768	107.4670751835442	-107.4670751835442	274.30782500000004	293.97809908227896	274.30782500000004	-107.4670751835442	293.978099082279	-107.4670751835442	-107.4670751835442	-421.4783007341768	214.9341503670884	-274.30782500000004	107.4670751835442	293.97809908227896	-293.978099082279	-421.47830073417686	421.4783007341768	-107.4670751835442	214.9341503670884	-214.9341503670884	-528.9453759177211	107.4670751835442	107.4670751835442	8.39	214.9341503670884	274.30782500000004
207	-62.49827126180562	249.99308504722248	62.49827126180562	62.49827126180562	72.17206261805617	62.49827126180562	822.9234749999999	274.307825	-72.17206261805617	-62.49827126180562	249.99308504722248	62.49827126180562	-62.49827126180562	0.0	-518.8221186909718	-124.99654252361124	249.99308504722248	62.49827126180562	-62.49827126180562	274.307825	518.8221186909718	274.307825	-62.49827126180562	518.8221186909718	-62.49827126180562	-62.49827126180562	-241.60308504722246	124.99654252361124	-274.307825	62.49827126180562	518.8221186909718	-518.8221186909718	-241.6030850472224	241.60308504722246	-62.49827126180562	124.99654252361124	-124.99654252361124	-304.1013563090281	62.49827126180562	62.49827126180562	8.39	124.99654252361124	274.30782500000004
208	-73.69852391301062	294.7940956520425	73.69852391301062	73.69852391301062	-53.9106340582449	73.69852391301062	1000.0	393.3504365941755	53.9106340582449	-73.69852391301062	294.7940956520425	73.69852391301062	-73.69852391301062	180.05130978252657	-1000.0	-147.39704782602124	294.7940956520425	73.69852391301062	-73.69852391301062	393.3504365941755	1000.0	393.3504365941755	-73.69852391301062	819.9486902174734	-73.69852391301062	-73.69852391301062	-106.35278586951591	147.39704782602124	-393.3504365941755	73.69852391301062	1000.0	-1000.0	-106.35278586951594	106.35278586951591	-73.69852391301062	147.39704782602124	-147.39704782602124	-180.05130978252657	73.69852391301062	73.69852391301062	8.39	147.39704782602124	393.3504365941754
209	-198.1502456225772	792.6009824903088	198.1502456225772	198.1502456225772	983.1870468548103	198.1502456225772	1000.0	497.06020468548104	-983.1870468548103	-198.1502456225772	792.6009824903088	198.1502456225772	-198.1502456225772	491.180614056443	-1000.0	-396.3004912451544	792.6009824903088	198.1502456225772	-198.1502456225772	497.06020468548104	1000.0	497.06020468548104	-198.1502456225772	508.819385943557	-198.1502456225772	-198.1502456225772	-293.0303684338657	396.3004912451544	-497.06020468548104	198.1502456225772	1000.0	-1000.0	-293.0303684338668	293.0303684338657	-198.1502456225772	396.3004912451544	-396.3004912451544	-491.180614056443	198.1502456225772	198.1502456225772	8.39	396.3004912451544	497.0602046854808
210	-39.436511058963255	157.74604423585305	39.436511058963276	39.436511058963255	-339.42740784197275	39.436511058963255	1000.0	364.7987592158027	339.42740784197275	-39.436511058963276	157.74604423585305	39.436511058963255	-39.436511058963276	94.39627764740817	-1000.0	-78.87302211792652	157.74604423585305	39.436511058963255	-39.436511058963255	364.7987592158027	1000.0	364.7987592158027	-39.436511058963255	905.6037223525918	-39.436511058963255	-39.436511058963276	-54.95976658844488	78.87302211792652	-364.7987592158027	39.436511058963276	1000.0	-1000.0	-54.95976658844506	54.95976658844488	-39.436511058963255	78.87302211792652	-78.87302211792652	-94.39627764740817	39.436511058963276	39.436511058963255	8.39	78.87302211792652	364.79875921580276
211	-144.19023495256397	576.7609398102559	144.19023495256397	144.19023495256397	889.0916995256398	144.19023495256397	-66.71422476282045	274.3078249999999	-889.0916995256398	-144.19023495256397	576.7609398102559	144.19023495256397	-144.19023495256397	889.6376997628201	-1000.0	-288.38046990512794	576.7609398102559	144.19023495256397	-144.19023495256397	274.3078249999999	1000.0	274.3078249999999	-144.19023495256397	110.36230023717985	-144.19023495256397	-144.19023495256397	321.26675995256426	288.38046990512794	-274.3078249999999	144.19023495256397	1000.0	-1000.0	321.2667599525643	-321.26675995256426	-144.19023495256397	288.38046990512794	-288.38046990512794	177.07652499999926	144.19023495256397	144.19023495256397	8.39	288.38046990512794	274.30782500000004
212	-144.156386056923	576.625544227692	144.156386056923	144.156386056923	866.5715504743583	144.156386056923	0.0	285.39865504743585	-866.5715504743583	-144.156386056923	576.625544227692	144.156386056923	-144.156386056923	856.1959651423075	-1000.0	-288.312772113846	576.625544227692	144.156386056923	-144.156386056923	285.39865504743585	1000.0	285.39865504743585	-144.156386056923	143.8040348576925	-144.156386056923	-144.156386056923	287.9604209146155	288.312772113846	-285.39865504743585	144.156386056923	1000.0	-1000.0	287.9604209146155	-287.9604209146155	-144.156386056923	288.312772113846	-288.312772113846	143.8040348576925	144.156386056923	144.156386056923	8.39	288.312772113846	285.3986550474358
213	-24.29600741679214	97.18402966716857	24.296007416792147	24.29600741679214	-427.90159249874534	24.29600741679214	886.9099629160393	333.3333333333333	427.90159249874534	-24.296007416792147	97.18402966716857	24.29600741679214	-24.296007416792147	113.09003708396074	-1000.0	-48.592014833584294	97.18402966716857	24.29600741679214	-24.29600741679214	333.3333333333333	1000.0	333.3333333333333	-24.29600741679214	886.9099629160393	-24.29600741679214	-24.296007416792147	24.29600741679215	48.59201483358429	-333.3333333333333	24.296007416792147	1000.0	-1000.0	24.296007416792463	-24.29600741679215	-24.29600741679214	48.592014833584294	-48.59201483358429	0.0	24.296007416792147	24.29600741679214	8.39	48.592014833584294	333.3333333333334
214	-155.28106499999998	621.1242599999999	155.28106499999998	155.28106499999998	1000.0	155.28106499999998	338.84199297872215	274.3078249999999	-1000.0	-155.28106499999998	621.1242599999999	155.28106499999998	-155.28106499999998	484.08148202127774	-538.9896320212777	-310.56212999999997	621.1242599999999	155.28106499999998	-155.28106499999998	274.3078249999999	538.9896320212777	274.3078249999999	-155.28106499999998	54.90814999999992	-155.28106499999998	-155.28106499999998	-128.65277797872216	310.56212999999997	-274.3078249999999	155.28106499999998	538.9896320212777	-538.9896320212777	-128.65277797872238	128.65277797872216	-155.28106499999998	310.56212999999997	-310.56212999999997	-283.9338429787222	155.28106499999998	155.28106499999998	8.39	310.56212999999997	274.30782500000004
215	-155.28106500000004	621.1242600000002	155.28106500000004	155.28106500000004	1000.0	155.28106500000004	320.3813930389938	274.30782500000015	-1000.0	-155.28106500000004	621.1242600000002	155.28106500000004	-155.28106500000004	502.5420819610067	-557.450231961007	-310.5621300000001	621.1242600000002	155.28106500000004	-155.28106500000004	274.30782500000015	557.450231961007	274.30782500000015	-155.28106500000004	54.90815000000032	-155.28106500000004	-155.28106500000004	-110.19217803899346	310.5621300000001	-274.30782500000015	155.28106500000004	557.450231961007	-557.450231961007	-110.1921780389934	110.19217803899346	-155.28106500000004	310.5621300000001	-310.5621300000001	-265.4732430389935	155.28106500000004	155.28106500000004	8.39	310.5621300000001	274.30782500000004
216	-120.09077626782147	480.3631050712859	120.09077626782147	120.09077626782147	648.0971126782144	120.09077626782147	350.95036992871405	274.307825	-648.0971126782144	-120.09077626782147	480.3631050712859	120.09077626782147	-120.09077626782147	471.9731050712859	-702.8326987321785	-240.18155253564294	480.3631050712859	120.09077626782147	-120.09077626782147	274.307825	702.8326987321785	274.307825	-120.09077626782147	230.85959366089264	-120.09077626782147	-120.09077626782147	0.0	240.18155253564294	-274.307825	120.09077626782147	702.8326987321785	-702.8326987321785	0.0	0.0	-120.09077626782147	240.18155253564294	-240.18155253564294	-120.09077626782141	120.09077626782147	120.09077626782147	8.39	240.18155253564294	274.30782500000004
217	-155.28106499999998	621.1242599999999	155.28106499999998	155.28106499999998	1000.0	155.28106499999998	455.3572745105345	274.30782500000004	-1000.0	-155.28106499999998	621.1242599999999	155.28106499999998	-155.28106499999998	367.5662004894655	-422.4743504894655	-310.56212999999997	621.1242599999999	155.28106499999998	-155.28106499999998	274.30782500000004	422.47435048946545	274.30782500000004	-155.28106499999998	54.908150000000035	-155.28106499999998	-155.28106499999998	-245.16805951053448	310.56212999999997	-274.30782500000004	155.28106499999998	422.47435048946545	-422.4743504894655	-245.16805951053465	245.16805951053448	-155.28106499999998	310.56212999999997	-310.56212999999997	-400.4491245105345	155.28106499999998	155.28106499999998	8.39	310.56212999999997	274.30782500000004
218	-165.4513797355307	661.805518942123	165.4513797355307	165.4513797355307	1000.0	165.4513797355307	322.0626770908377	325.1593986776536	-1000.0	-165.4513797355307	661.805518942123	165.4513797355307	-165.4513797355307	653.4155189421231	-810.0268162974302	-330.9027594710614	661.805518942123	165.4513797355307	-165.4513797355307	325.1593986776536	810.0268162974302	325.1593986776536	-165.4513797355307	156.61129735530707	-165.4513797355307	-165.4513797355307	0.0	330.9027594710615	-325.1593986776536	165.4513797355307	810.0268162974302	-810.0268162974302	0.0	0.0	-165.4513797355307	330.9027594710614	-330.9027594710615	-165.45137973553065	165.4513797355307	165.4513797355307	8.39	330.9027594710614	325.1593986776536
219	-58.43609616784209	233.74438467136835	58.43609616784209	58.43609616784209	-125.4581024334737	58.43609616784209	833.0817114964738	352.8120320559474	125.4581024334737	-58.43609616784209	233.74438467136835	58.43609616784209	-58.43609616784209	225.35438467136834	-1000.0	-116.87219233568418	233.74438467136835	58.43609616784209	-58.43609616784209	352.8120320559474	1000.0	352.8120320559474	-58.43609616784209	774.6456153286317	-58.43609616784209	-58.43609616784209	0.0	116.87219233568418	-352.8120320559474	58.43609616784209	1000.0	-1000.0	0.0	0.0	-58.43609616784209	116.87219233568418	-116.87219233568418	-58.43609616784204	58.43609616784209	58.43609616784209	8.39	116.87219233568418	352.8120320559474
220	-146.6087239746585	586.434895898634	146.6087239746585	146.6087239746585	795.225573079918	146.6087239746585	275.3463801267076	333.3333333333333	-795.225573079918	-146.6087239746585	586.434895898634	146.6087239746585	-146.6087239746585	724.6536198732924	-1000.0	-293.217447949317	586.434895898634	146.6087239746585	-146.6087239746585	333.3333333333333	1000.0	333.3333333333333	-146.6087239746585	275.3463801267076	-146.6087239746585	-146.6087239746585	146.60872397465846	293.217447949317	-333.3333333333333	146.6087239746585	1000.0	-1000.0	146.60872397465857	-146.60872397465846	-146.6087239746585	293.217447949317	-293.217447949317	0.0	146.6087239746585	146.6087239746585	8.39	293.217447949317	333.3333333333334
221	-156.1701066478356	624.6804265913426	156.1701066478356	156.1701066478356	1000.0	156.1701066478356	-99.94233380410833	278.7530332391783	-1000.0	-156.1701066478356	624.6804265913426	156.1701066478356	-156.1701066478356	936.2014335216433	-1000.0	-312.3402132956712	624.6804265913426	156.1701066478356	-156.1701066478356	278.7530332391783	1000.0	278.7530332391783	-156.1701066478356	63.79856647835675	-156.1701066478356	-156.1701066478356	319.9110069303006	312.3402132956713	-278.7530332391783	156.1701066478356	1000.0	-1000.0	319.9110069303	-319.9110069303006	-156.1701066478356	312.3402132956712	-312.3402132956713	163.74090028246508	156.1701066478356	156.1701066478356	8.39	312.3402132956712	278.7530332391783
222	-150.16127077097494	600.6450830838997	150.16127077097494	150.16127077097494	948.8020577097492	150.16127077097494	80.50712114512544	274.30782500000004	-948.8020577097492	-150.16127077097494	600.6450830838997	150.16127077097494	-150.16127077097494	742.4163538548747	-822.9234750000002	-300.3225415419499	600.6450830838997	150.16127077097494	-150.16127077097494	274.30782500000004	822.9234750000002	274.30782500000004	-150.16127077097494	80.50712114512544	-150.16127077097494	-150.16127077097494	150.16127077097497	300.3225415419499	-274.30782500000004	150.16127077097494	822.9234750000002	-822.9234750000002	150.16127077097485	-150.16127077097497	-150.16127077097494	300.3225415419499	-300.3225415419499	0.0	150.16127077097494	150.16127077097494	8.39	300.3225415419499	274.30782500000004
223	-191.40488145030398	765.6195258012159	191.40488145030398	191.40488145030398	1000.0	191.40488145030398	780.9270362575994	454.92690725152	-1000.0	-191.40488145030398	765.6195258012159	191.40488145030398	-191.40488145030398	583.8536854969602	-1000.0	-382.80976290060795	765.6195258012159	191.40488145030398	-191.40488145030398	454.92690725152	1000.0	454.92690725152	-191.40488145030398	416.1463145030398	-191.40488145030398	-191.40488145030398	-173.3758403042557	382.80976290060795	-454.92690725152	191.40488145030398	1000.0	-1000.0	-173.37584030425597	173.3758403042557	-191.40488145030398	382.80976290060795	-382.80976290060795	-364.78072175455964	191.40488145030398	191.40488145030398	8.39	382.80976290060795	454.9269072515197
224	-173.78822004591999	695.1528801836799	173.78822004591999	173.78822004591999	1000.0	173.78822004591999	340.5105011479999	366.8436002296	-1000.0	-173.78822004591999	695.1528801836799	173.78822004591999	-173.78822004591999	760.0202995408	-1000.0	-347.57644009183997	695.1528801836799	173.78822004591999	-173.78822004591999	366.8436002296	1000.0	366.8436002296	-173.78822004591999	239.9797004592	-173.78822004591999	-173.78822004591999	73.25741935712006	347.57644009183997	-366.8436002296	173.78822004591999	1000.0	-1000.0	73.25741935712	-73.25741935712006	-173.78822004591999	347.57644009183997	-347.57644009183997	-100.5308006887999	173.78822004591999	173.78822004591999	8.39	347.57644009183997	366.8436002295999
225	-194.43224415867232	777.7289766346893	194.43224415867232	194.43224415867232	1000.0	194.43224415867232	856.6111039668083	470.06372079336165	-1000.0	-194.43224415867232	777.7289766346893	194.43224415867232	-194.43224415867232	553.5800584132767	-1000.0	-388.86448831734464	777.7289766346893	194.43224415867232	-194.43224415867232	470.06372079336165	1000.0	470.06372079336165	-194.43224415867232	446.4199415867233	-194.43224415867232	-194.43224415867232	-215.7589182214126	388.86448831734464	-470.06372079336165	194.43224415867232	1000.0	-1000.0	-215.7589182214129	215.7589182214126	-194.43224415867232	388.86448831734464	-388.86448831734464	-410.19116238008496	194.43224415867232	194.43224415867232	8.39	388.86448831734464	470.06372079336165
226	-155.28106500000004	621.1242600000002	155.28106500000004	155.28106500000004	1000.0	155.28106500000004	219.96204984532395	274.30782500000015	-1000.0	-155.28106500000004	621.1242600000002	155.28106500000004	-155.28106500000004	602.9614251546765	-657.8695751546767	-310.5621300000001	621.1242600000002	155.28106500000004	-155.28106500000004	274.30782500000015	657.8695751546767	274.30782500000015	-155.28106500000004	54.908150000000205	-155.28106500000004	-155.28106500000004	-9.7728348453237	310.5621300000001	-274.30782500000015	155.28106500000004	657.8695751546767	-657.8695751546767	-9.772834845323814	9.7728348453237	-155.28106500000004	310.5621300000001	-310.5621300000001	-165.05389984532374	155.28106500000004	155.28106500000004	8.39	310.5621300000001	274.30782500000004
227	-155.28106500000004	621.1242600000002	155.28106500000004	155.28106500000004	1000.0	155.28106500000004	543.9895966610336	274.30782500000015	-1000.0	-155.28106500000004	621.1242600000002	155.28106500000004	-155.28106500000004	278.93387833896674	-333.8420283389669	-310.5621300000001	621.1242600000002	155.28106500000004	-155.28106500000004	274.30782500000015	333.8420283389669	274.30782500000015	-155.28106500000004	54.90815000000015	-155.28106500000004	-155.28106500000004	-333.80038166103344	310.5621300000001	-274.30782500000015	155.28106500000004	333.8420283389669	-333.8420283389669	-333.8003816610332	333.80038166103344	-155.28106500000004	310.5621300000001	-310.5621300000001	-489.08144666103345	155.28106500000004	155.28106500000004	8.39	310.5621300000001	274.30782500000004
228	0.0	0.0	0.0	0.0	-552.8106499999999	0.0	822.2761616207267	274.307825	552.8106499999999	0.0	0.0	0.0	0.0	0.6473133792732604	-831.9607883792733	0.0	0.0	0.0	0.0	274.307825	831.9607883792733	274.307825	0.0	831.313475	0.0	0.0	9.037313379273261	0.0	-274.307825	0.0	831.9607883792733	-831.9607883792733	9.037313379273428	-9.037313379273261	0.0	0.0	0.0	9.037313379273261	0.0	0.0	8.39	0.0	274.30782500000004
229	-1.677999999999997	6.711999999999989	1.6779999999999973	1.677999999999997	-614.7022972516619	1.677999999999997	940.9309458774928	313.64364862583096	614.7022972516619	-1.6779999999999973	6.711999999999989	1.677999999999997	-1.6779999999999973	0.0	-940.9309458774928	-3.3559999999999945	6.711999999999989	1.677999999999997	-1.677999999999997	313.64364862583096	940.9309458774928	313.64364862583096	-1.677999999999997	940.9309458774928	-1.677999999999997	-1.6779999999999973	1.6780000000000115	3.3559999999999945	-313.64364862583096	1.6779999999999973	940.9309458774928	-940.9309458774928	1.6779999999994288	-1.6780000000000115	-1.677999999999997	3.3559999999999945	-3.3559999999999945	0.0	1.6779999999999973	1.677999999999997	8.39	3.3559999999999945	313.64364862583085
230	-136.95486884735428	547.8194753894171	136.95486884735428	136.95486884735428	816.7380384735421	136.95486884735428	283.4939996105833	274.30782500000015	-816.7380384735421	-136.95486884735428	547.8194753894171	136.95486884735428	-136.95486884735428	539.4294753894171	-685.9686061526462	-273.90973769470855	547.8194753894171	136.95486884735428	-136.95486884735428	274.30782500000015	685.9686061526462	274.30782500000015	-136.95486884735428	146.53913076322908	-136.95486884735428	-136.95486884735428	0.0	273.90973769470855	-274.30782500000015	136.95486884735428	685.9686061526462	-685.9686061526462	0.0	0.0	-136.95486884735428	273.90973769470855	-273.90973769470855	-136.9548688473542	136.95486884735428	136.95486884735428	8.39	273.90973769470855	274.30782500000004
231	-146.1756793261477	584.7027173045908	146.1756793261477	146.1756793261477	693.4446737107119	146.1756793261477	569.8629620215569	382.05855977538255	-693.4446737107119	-146.1756793261477	584.7027173045908	146.1756793261477	-146.1756793261477	576.3127173045908	-1000.0	-292.3513586522954	584.7027173045908	146.1756793261477	-146.1756793261477	382.05855977538255	1000.0	382.05855977538255	-146.1756793261477	423.6872826954092	-146.1756793261477	-146.1756793261477	0.0	292.3513586522954	-382.05855977538255	146.1756793261477	1000.0	-1000.0	0.0	0.0	-146.1756793261477	292.3513586522954	-292.3513586522954	-146.1756793261477	146.1756793261477	146.1756793261477	8.39	292.3513586522954	382.05855977538255
232	-162.54784471170368	650.1913788468147	162.54784471170368	162.54784471170368	846.251550642568	162.54784471170368	520.7464658648892	387.51594823723457	-846.251550642568	-162.54784471170368	650.1913788468147	162.54784471170368	-162.54784471170368	641.8013788468147	-1000.0	-325.09568942340735	650.1913788468147	162.54784471170368	-162.54784471170368	387.51594823723457	1000.0	387.51594823723457	-162.54784471170368	358.1986211531853	-162.54784471170368	-162.54784471170368	0.0	325.09568942340735	-387.51594823723457	162.54784471170368	1000.0	-1000.0	0.0	0.0	-162.54784471170368	325.09568942340735	-325.09568942340735	-162.54784471170387	162.54784471170368	162.54784471170368	8.39	325.09568942340735	387.51594823723445
233	-61.20281922312992	244.8112768925197	61.20281922312992	61.20281922312992	0.0	61.20281922312992	675.3285114544291	303.91659611564955	0.0	-61.20281922312992	244.8112768925197	61.20281922312992	-61.20281922312992	236.4212768925197	-850.5469691238188	-122.40563844625984	244.8112768925197	61.20281922312992	-61.20281922312992	303.91659611564955	850.5469691238188	303.91659611564955	-61.20281922312992	614.1256922312991	-61.20281922312992	-61.20281922312992	0.0	122.40563844625984	-303.91659611564955	61.20281922312992	850.5469691238188	-850.5469691238188	0.0	0.0	-61.20281922312992	122.40563844625984	-122.40563844625984	-61.20281922312995	61.20281922312992	61.20281922312992	8.39	122.40563844625984	303.91659611564967
234	-62.65982662686011	250.63930650744044	62.65982662686011	62.65982662686011	73.78761626860086	62.65982662686011	580.6741684925595	274.30782500000004	-73.78761626860086	-62.65982662686011	250.63930650744044	62.65982662686011	-62.65982662686011	242.24930650744042	-760.2636483731399	-125.31965325372022	250.63930650744044	62.65982662686011	-62.65982662686011	274.30782500000004	760.2636483731399	274.30782500000004	-62.65982662686011	518.0143418656994	-62.65982662686011	-62.65982662686011	0.0	125.31965325372022	-274.30782500000004	62.65982662686011	760.2636483731399	-760.2636483731399	0.0	0.0	-62.65982662686011	125.31965325372022	-125.31965325372022	-62.65982662686008	62.65982662686011	62.65982662686011	8.39	125.31965325372022	274.30782500000004
235	-160.35491340110272	641.4196536044109	160.35491340110272	160.35491340110272	1000.0	160.35491340110272	899.031201016541	299.6770670055137	-1000.0	-160.35491340110272	641.4196536044109	160.35491340110272	-160.35491340110272	0.0	-105.64663401102746	-320.70982680220544	641.4196536044109	160.35491340110272	-160.35491340110272	299.6770670055137	105.64663401102746	299.6770670055137	-160.35491340110272	105.64663401102746	-160.35491340110272	-160.35491340110272	-633.0296536044109	320.70982680220544	-299.6770670055137	160.35491340110272	105.6466340110275	-105.64663401102746	-633.0296536044109	633.0296536044109	-160.35491340110272	320.70982680220544	-320.70982680220544	-793.3845670055135	160.35491340110272	160.35491340110272	8.39	320.70982680220544	299.6770670055136
236	-198.0107395440849	792.0429581763397	198.01073954408488	198.0107395440849	1000.0	198.01073954408488	1000.0	487.9561977204244	-1000.0	-198.01073954408488	792.0429581763397	198.01073954408488	-198.01073954408488	463.8685931612732	-946.0734886021218	-396.02147908816977	792.0429581763397	198.01073954408488	-198.01073954408488	487.9561977204244	946.0734886021218	487.9561977204244	-198.01073954408488	482.20489544084853	-198.0107395440849	-198.01073954408488	-319.78436501506656	396.0214790881698	-487.9561977204244	198.01073954408488	946.0734886021218	-946.0734886021218	-319.7843650150659	319.78436501506656	-198.01073954408488	396.02147908816977	-396.0214790881698	-517.7951045591515	198.01073954408488	198.01073954408488	8.39	396.02147908816977	487.9561977204243
237	0.0	0.0	0.0	0.0	-552.8106500000001	0.0	786.7492728757928	274.30782500000004	552.8106500000001	0.0	0.0	0.0	0.0	36.17420212420723	-867.4876771242073	0.0	0.0	0.0	0.0	274.30782500000004	867.4876771242073	274.30782500000004	0.0	831.313475	0.0	0.0	44.56420212420723	0.0	-274.30782500000004	0.0	867.4876771242073	-867.4876771242073	44.56420212420704	-44.56420212420723	0.0	0.0	0.0	44.56420212420723	0.0	0.0	8.39	0.0	274.30782500000004
238	-22.949662479593467	91.79864991837387	22.949662479593467	22.949662479593467	-323.31402520406505	22.949662479593467	739.5148250816259	274.3078249999999	323.3140252040651	-22.949662479593467	91.79864991837387	22.949662479593467	-22.949662479593467	83.40864991837387	-799.9738125204062	-45.899324959186934	91.79864991837387	22.949662479593467	-22.949662479593467	274.3078249999999	799.9738125204062	274.3078249999999	-22.949662479593467	716.5651626020324	-22.949662479593467	-22.949662479593467	0.0	45.899324959186934	-274.3078249999999	22.949662479593467	799.9738125204062	-799.9738125204062	0.0	0.0	-22.949662479593467	45.899324959186934	-45.899324959186934	-22.949662479593485	22.949662479593467	22.949662479593467	8.39	45.899324959186934	274.30782500000004
239	-188.5737978835813	754.2951915343252	188.5737978835813	188.5737978835813	1000.0	188.5737978835813	710.1499470895334	440.77148941790665	-1000.0	-188.5737978835813	754.2951915343252	188.5737978835813	-188.5737978835813	612.1645211641866	-1000.0	-377.1475957671626	754.2951915343252	188.5737978835813	-188.5737978835813	440.77148941790665	1000.0	440.77148941790665	-188.5737978835813	387.83547883581343	-188.5737978835813	-188.5737978835813	-133.74067037013867	377.1475957671626	-440.77148941790665	188.5737978835813	1000.0	-1000.0	-133.7406703701388	133.74067037013867	-188.5737978835813	377.1475957671626	-377.1475957671626	-322.31446825371995	188.5737978835813	188.5737978835813	8.39	377.1475957671626	440.77148941790665
240	-166.71007584365725	666.840303374629	166.71007584365725	166.71007584365725	1000.0	166.71007584365725	994.358637654859	331.45287921828634	-1000.0	-166.71007584365725	666.840303374629	166.71007584365725	-166.71007584365725	0.0	-169.19825843657276	-333.4201516873145	666.840303374629	166.71007584365725	-166.71007584365725	331.45287921828634	169.19825843657281	331.45287921828634	-166.71007584365725	169.19825843657276	-166.71007584365725	-166.71007584365725	-658.450303374629	333.4201516873145	-331.45287921828634	166.71007584365725	169.19825843657281	-169.19825843657276	-658.4503033746296	658.450303374629	-166.71007584365725	333.4201516873145	-333.4201516873145	-825.1603792182862	166.71007584365725	166.71007584365725	8.39	333.4201516873145	331.4528792182862
241	-146.89044952817574	587.561798112703	146.89044952817574	146.89044952817574	556.0220794014647	146.89044952817574	1000.0	454.34370794014643	-556.0220794014647	-146.89044952817574	587.561798112703	146.89044952817574	-146.89044952817574	363.03112382043946	-1000.0	-293.7808990563515	587.561798112703	146.89044952817574	-146.89044952817574	454.34370794014643	1000.0	454.34370794014643	-146.89044952817574	636.9688761795605	-146.89044952817574	-146.89044952817574	-216.1406742922635	293.7808990563515	-454.34370794014643	146.89044952817574	1000.0	-1000.0	-216.14067429226355	216.1406742922635	-146.89044952817574	293.7808990563515	-293.7808990563515	-363.03112382043946	146.89044952817574	146.89044952817574	8.39	293.7808990563515	454.3437079401463
242	-161.8521726160371	647.4086904641484	161.8521726160371	161.8521726160371	1000.0	161.8521726160371	921.4900892405567	307.16336308018555	-1000.0	-161.8521726160371	647.4086904641484	161.8521726160371	-161.8521726160371	0.0	-120.61922616037106	-323.7043452320742	647.4086904641484	161.8521726160371	-161.8521726160371	307.16336308018555	120.619226160371	307.16336308018555	-161.8521726160371	120.61922616037106	-161.8521726160371	-161.8521726160371	-639.0186904641484	323.7043452320742	-307.16336308018555	161.8521726160371	120.619226160371	-120.61922616037106	-639.0186904641488	639.0186904641484	-161.8521726160371	323.7043452320742	-323.7043452320742	-800.8708630801857	161.8521726160371	161.8521726160371	8.39	323.7043452320742	307.16336308018543
243	-155.28106500000004	621.1242600000002	155.28106500000004	155.28106500000004	1000.0	155.28106500000004	130.9984584253743	274.3078250000003	-1000.0	-155.28106500000004	621.1242600000002	155.28106500000004	-155.28106500000004	691.9250165746262	-746.8331665746268	-310.5621300000001	621.1242600000002	155.28106500000004	-155.28106500000004	274.3078250000003	746.8331665746268	274.3078250000003	-155.28106500000004	54.90815000000066	-155.28106500000004	-155.28106500000004	79.190756574626	310.5621300000001	-274.3078250000003	155.28106500000004	746.8331665746268	-746.8331665746268	79.19075657462582	-79.190756574626	-155.28106500000004	310.5621300000001	-310.5621300000001	-76.09030842537365	155.28106500000004	155.28106500000004	8.39	310.5621300000001	274.30782500000004
244	-195.74285417844595	782.9714167137838	195.74285417844595	195.74285417844595	1000.0	195.74285417844595	1000.0	476.6167708922299	-1000.0	-195.74285417844595	782.9714167137838	195.74285417844595	-195.74285417844595	429.8503126766898	-889.3763544611498	-391.4857083568919	782.9714167137838	195.74285417844595	-195.74285417844595	476.6167708922299	889.3763544611498	476.6167708922299	-195.74285417844595	459.52604178446006	-195.74285417844595	-195.74285417844595	-344.73110403709404	391.4857083568919	-476.6167708922299	195.74285417844595	889.3763544611498	-889.3763544611498	-344.73110403709495	344.73110403709404	-195.74285417844595	391.4857083568919	-391.4857083568919	-540.4739582155399	195.74285417844595	195.74285417844595	8.39	391.4857083568919	476.61677089223
245	-155.28106500000004	621.1242600000002	155.28106500000004	155.28106500000004	1000.0	155.28106500000004	150.02280750581136	274.3078250000001	-1000.0	-155.28106500000004	621.1242600000002	155.28106500000004	-155.28106500000004	672.9006674941895	-727.80881749419	-310.5621300000001	621.1242600000002	155.28106500000004	-155.28106500000004	274.3078250000001	727.80881749419	274.3078250000001	-155.28106500000004	54.90815000000043	-155.28106500000004	-155.28106500000004	60.16640749418934	310.5621300000001	-274.3078250000001	155.28106500000004	727.80881749419	-727.80881749419	60.16640749418917	-60.16640749418934	-155.28106500000004	310.5621300000001	-310.5621300000001	-95.11465750581092	155.28106500000004	155.28106500000004	8.39	310.5621300000001	274.30782500000004
246	-184.84374821430882	739.3749928572353	184.84374821430882	184.84374821430882	1000.0	184.84374821430882	616.898705357721	422.12124107154415	-1000.0	-184.84374821430882	739.3749928572353	184.84374821430882	-184.84374821430882	649.4650178569115	-1000.0	-369.68749642861764	739.3749928572353	184.84374821430882	-184.84374821430882	422.12124107154415	1000.0	422.12124107154415	-184.84374821430882	350.53498214308854	-184.84374821430882	-184.84374821430882	-81.51997500032383	369.68749642861764	-422.12124107154415	184.84374821430882	1000.0	-1000.0	-81.51997500032456	81.51997500032383	-184.84374821430882	369.68749642861764	-369.68749642861764	-266.3637232146325	184.84374821430882	184.84374821430882	8.39	369.68749642861764	422.1212410715445
247	-161.84061079640395	647.3624431856158	161.84061079640395	161.84061079640395	1000.0	161.84061079640395	120.50360796403947	307.1055539820197	-1000.0	-161.84061079640395	647.3624431856158	161.84061079640395	-161.84061079640395	800.8130539820197	-921.3166619460592	-323.6812215928079	647.3624431856158	161.84061079640395	-161.84061079640395	307.1055539820197	921.3166619460592	307.1055539820197	-161.84061079640395	120.50360796403947	-161.84061079640395	-161.84061079640395	161.840610796404	323.6812215928079	-307.1055539820197	161.84061079640395	921.3166619460592	-921.3166619460592	161.84061079640435	-161.840610796404	-161.84061079640395	323.6812215928079	-323.6812215928079	0.0	161.84061079640395	161.84061079640395	8.39	323.6812215928079	307.10555398201996
248	-58.74604402986682	234.98417611946738	58.746044029866844	58.74604402986682	34.64979029866856	58.74604402986682	360.5067298506655	274.307825	-34.649790298668535	-58.746044029866844	234.98417611946738	58.74604402986682	-58.746044029866844	462.41674514933436	-1000.0	-117.49208805973366	234.98417611946738	58.74604402986682	-58.74604402986682	274.307825	1000.0	274.307825	-58.74604402986682	537.5832548506656	-58.74604402986682	-58.746044029866844	235.82256902986686	117.49208805973369	-274.307825	58.746044029866844	1000.0	-1000.0	235.82256902986666	-235.82256902986686	-58.74604402986682	117.49208805973366	-117.49208805973369	177.07652499999926	58.746044029866844	58.74604402986682	8.39	117.49208805973366	274.30782500000004
249	-136.03654855643774	544.146194225751	136.03654855643774	136.03654855643774	807.5548355643781	136.03654855643774	0.0	274.3078249999999	-807.5548355643781	-136.03654855643774	544.146194225751	136.03654855643774	-136.03654855643774	822.9234749999998	-974.0542072178109	-272.0730971128755	544.146194225751	136.03654855643774	-136.03654855643774	274.3078249999999	974.0542072178109	274.3078249999999	-136.03654855643774	151.1307322178111	-136.03654855643774	-136.03654855643774	287.167280774249	272.0730971128755	-274.3078249999999	136.03654855643774	974.0542072178109	-974.0542072178109	287.1672807742479	-287.167280774249	-136.03654855643774	272.0730971128755	-272.0730971128755	151.1307322178111	136.03654855643774	136.03654855643774	8.39	272.0730971128755	274.30782500000004
250	-59.511009450162014	238.04403780064803	59.511009450162014	59.511009450162014	0.0	59.511009450162014	483.5802362540503	295.45754725081014	0.0	-59.511009450162014	238.04403780064803	59.511009450162014	-59.511009450162014	402.7924054983798	-1000.0	-119.02201890032403	238.04403780064803	59.511009450162014	-59.511009450162014	295.45754725081014	1000.0	295.45754725081014	-59.511009450162014	597.2075945016202	-59.511009450162014	-59.511009450162014	173.13836769773184	119.02201890032401	-295.45754725081014	59.511009450162014	1000.0	-1000.0	173.13836769773172	-173.13836769773184	-59.511009450162014	119.02201890032403	-119.02201890032401	113.62735824756987	59.511009450162014	59.511009450162014	8.39	119.02201890032403	295.4575472508098
251	-94.91942195035485	379.6776878014194	94.91942195035485	94.91942195035485	215.05293820331212	94.91942195035485	723.6317341489355	364.97314065011824	-215.05293820331212	-94.91942195035485	379.6776878014194	94.91942195035485	-94.91942195035485	371.28768780141934	-1000.0	-189.8388439007097	379.6776878014194	94.91942195035485	-94.91942195035485	364.97314065011824	1000.0	364.97314065011824	-94.91942195035485	628.7123121985807	-94.91942195035485	-94.91942195035485	0.0	189.8388439007097	-364.97314065011824	94.91942195035485	1000.0	-1000.0	0.0	0.0	-94.91942195035485	189.8388439007097	-189.8388439007097	-94.91942195035483	94.91942195035485	94.91942195035485	8.39	189.8388439007097	364.97314065011824
252	-161.5902115822986	646.3608463291943	161.59021158229856	161.5902115822986	1000.0	161.59021158229856	35.560289557465126	305.853557911493	-1000.0	-161.59021158229856	646.3608463291943	161.59021158229856	-161.59021158229856	882.0003841770139	-1000.0	-323.18042316459713	646.3608463291943	161.59021158229856	-161.59021158229856	305.853557911493	1000.0	305.853557911493	-161.59021158229856	117.99961582298613	-161.5902115822986	-161.59021158229856	244.0295378478196	323.18042316459713	-305.853557911493	161.59021158229856	1000.0	-1000.0	244.02953784781903	-244.0295378478196	-161.59021158229856	323.18042316459713	-323.18042316459713	82.439326265521	161.59021158229856	161.59021158229856	8.39	323.18042316459713	305.853557911493
253	-70.28477464475833	281.1390985790333	70.28477464475833	70.28477464475833	150.03709644758342	70.28477464475833	302.81307677620765	274.3078249999999	-150.03709644758342	-70.28477464475833	281.1390985790333	70.28477464475833	-70.28477464475833	520.110398223792	-1000.0	-140.56954928951666	281.1390985790333	70.28477464475833	-70.28477464475833	274.3078249999999	1000.0	274.3078249999999	-70.28477464475833	479.889601776208	-70.28477464475833	-70.28477464475833	247.36129964475867	140.56954928951666	-274.3078249999999	70.28477464475833	1000.0	-1000.0	247.36129964475884	-247.36129964475867	-70.28477464475833	140.56954928951666	-140.56954928951666	177.07652499999926	70.28477464475833	70.28477464475833	8.39	140.56954928951666	274.30782500000004
254	-155.28106499999998	621.1242599999999	155.28106499999998	155.28106499999998	1000.0	155.28106499999998	261.8241179610567	274.3078249999999	-1000.0	-155.28106499999998	621.1242599999999	155.28106499999998	-155.28106499999998	561.0993570389431	-616.007507038943	-310.56212999999997	621.1242599999999	155.28106499999998	-155.28106499999998	274.3078249999999	616.007507038943	274.3078249999999	-155.28106499999998	54.908149999999864	-155.28106499999998	-155.28106499999998	-51.63490296105681	310.56212999999997	-274.3078249999999	155.28106499999998	616.007507038943	-616.007507038943	-51.63490296105681	51.63490296105681	-155.28106499999998	310.56212999999997	-310.56212999999997	-206.91596796105682	155.28106499999998	155.28106499999998	8.39	310.56212999999997	274.30782500000004
255	-69.18760657902844	276.75042631611376	69.18760657902844	69.18760657902844	-91.50161184142951	69.18760657902844	1000.0	389.591338815857	91.50161184142951	-69.18760657902844	276.75042631611376	69.18760657902844	-69.18760657902844	168.7740164475711	-1000.0	-138.37521315805688	276.75042631611376	69.18760657902844	-69.18760657902844	389.591338815857	1000.0	389.591338815857	-69.18760657902844	831.2259835524289	-69.18760657902844	-69.18760657902844	-99.58640986854266	138.37521315805688	-389.591338815857	69.18760657902844	1000.0	-1000.0	-99.58640986854292	99.58640986854266	-69.18760657902844	138.37521315805688	-138.37521315805688	-168.77401644757106	69.18760657902844	69.18760657902844	8.39	138.37521315805688	389.5913388158571
256	-62.81888479186097	251.27553916744387	62.81888479186097	62.81888479186097	0.0	62.81888479186097	566.2771197965237	311.99692395930475	0.0	-62.81888479186097	251.27553916744387	62.81888479186097	-62.81888479186097	369.71365208139053	-1000.0	-125.63776958372193	251.27553916744387	62.81888479186097	-62.81888479186097	311.99692395930475	1000.0	311.99692395930475	-62.81888479186097	630.2863479186094	-62.81888479186097	-62.81888479186097	126.82811291394665	125.63776958372193	-311.99692395930475	62.81888479186097	1000.0	-1000.0	126.8281129139471	-126.82811291394665	-62.81888479186097	125.63776958372193	-125.63776958372193	64.00922812208569	62.81888479186097	62.81888479186097	8.39	125.63776958372193	311.99692395930487
257	-55.28106500000002	221.12426000000008	55.28106500000002	55.28106500000002	0.0	55.28106500000002	472.00647926741885	274.30782500000015	0.0	-55.28106500000002	221.12426000000008	55.28106500000002	-55.28106500000002	350.9169957325814	-905.8251457325816	-110.56213000000004	221.12426000000008	55.28106500000002	-55.28106500000002	274.30782500000015	905.8251457325816	274.30782500000015	-55.28106500000002	554.9081500000002	-55.28106500000002	-55.28106500000002	138.18273573258134	110.56213000000004	-274.30782500000015	55.28106500000002	905.8251457325816	-905.8251457325816	138.1827357325813	-138.18273573258134	-55.28106500000002	110.56213000000004	-110.56213000000004	82.90167073258135	55.28106500000002	55.28106500000002	8.39	110.56213000000004	274.30782500000004
258	-168.48027146188556	673.9210858475423	168.48027146188556	168.48027146188556	1000.0	168.48027146188556	1000.0	340.30385730942777	-1000.0	-168.48027146188556	673.9210858475423	168.48027146188556	-168.48027146188556	20.91157192828328	-207.81178654713872	-336.96054292377113	673.9210858475423	168.48027146188556	-168.48027146188556	340.30385730942777	207.8117865471387	340.30385730942777	-168.48027146188556	186.90021461885544	-168.48027146188556	-168.48027146188556	-644.619513919259	336.96054292377113	-340.30385730942777	168.48027146188556	207.8117865471387	-207.81178654713872	-644.6195139192585	644.619513919259	-168.48027146188556	336.96054292377113	-336.96054292377113	-813.0997853811446	168.48027146188556	168.48027146188556	8.39	336.96054292377113	340.30385730942766
259	-158.4667371579526	633.8669486318104	158.4667371579526	158.4667371579526	1000.0	158.4667371579526	-42.526571051184774	290.23618578976306	-1000.0	-158.4667371579526	633.8669486318104	158.4667371579526	-158.4667371579526	913.2351284204739	-1000.0	-316.9334743159052	633.8669486318104	158.4667371579526	-158.4667371579526	290.23618578976306	1000.0	290.23618578976306	-158.4667371579526	86.76487157952613	-158.4667371579526	-158.4667371579526	287.7581797886635	316.9334743159052	-290.23618578976306	158.4667371579526	1000.0	-1000.0	287.7581797886633	-287.7581797886635	-158.4667371579526	316.9334743159052	-316.9334743159052	129.2914426307109	158.4667371579526	158.4667371579526	8.39	316.9334743159052	290.23618578976317
260	-161.99458198479135	647.9783279391654	161.99458198479135	161.99458198479135	1000.0	161.99458198479135	45.66954961978418	307.87540992395685	-1000.0	-161.99458198479135	647.9783279391654	161.99458198479135	-161.99458198479135	877.9566801520863	-1000.0	-323.9891639695827	647.9783279391654	161.99458198479135	-161.99458198479135	307.87540992395685	1000.0	307.87540992395685	-161.99458198479135	122.04331984791372	-161.99458198479135	-161.99458198479135	238.36835221292085	323.9891639695827	-307.87540992395685	161.99458198479135	1000.0	-1000.0	238.3683522129204	-238.36835221292085	-161.99458198479135	323.9891639695827	-323.9891639695827	76.37377022812954	161.99458198479135	161.99458198479135	8.39	323.9891639695827	307.87540992395697
261	-155.6366816591343	622.5467266365372	155.6366816591343	155.6366816591343	1000.0	155.6366816591343	-113.27795852164294	276.08590829567146	-1000.0	-155.6366816591343	622.5467266365372	155.6366816591343	-155.6366816591343	941.5356834086572	-1000.0	-311.2733633182686	622.5467266365372	155.6366816591343	-155.6366816591343	276.08590829567146	1000.0	276.08590829567146	-155.6366816591343	58.46431659134282	-155.6366816591343	-155.6366816591343	327.37895677212	311.2733633182686	-276.08590829567146	155.6366816591343	1000.0	-1000.0	327.3789567721201	-327.37895677212	-155.6366816591343	311.2733633182686	-311.2733633182686	171.74227511298577	155.6366816591343	155.6366816591343	8.39	311.2733633182686	276.0859082956716
262	-199.1030782700251	796.4123130801003	199.1030782700251	199.1030782700251	1000.0	199.1030782700251	973.381956750627	493.41789135012544	-1000.0	-199.1030782700251	796.4123130801003	199.1030782700251	-199.1030782700251	506.8717172997492	-1000.0	-398.2061565400502	796.4123130801003	199.1030782700251	-199.1030782700251	493.41789135012544	1000.0	493.41789135012544	-199.1030782700251	493.1282827002508	-199.1030782700251	-199.1030782700251	-281.15059578035095	398.20615654005013	-493.41789135012544	199.1030782700251	1000.0	-1000.0	-281.1505957803517	281.15059578035095	-199.1030782700251	398.2061565400502	-398.20615654005013	-480.25367405037616	199.1030782700251	199.1030782700251	8.39	398.2061565400502	493.4178913501252
263	-45.89330031228532	183.57320124914128	45.89330031228532	45.89330031228532	-93.87764687714699	45.89330031228532	647.7402737508588	274.30782500000004	93.87764687714699	-45.89330031228532	183.57320124914128	45.89330031228532	-45.89330031228532	175.1832012491413	-777.0301746877149	-91.78660062457064	183.57320124914128	45.89330031228532	-45.89330031228532	274.30782500000004	777.0301746877149	274.30782500000004	-45.89330031228532	601.8469734385735	-45.89330031228532	-45.89330031228532	0.0	91.78660062457064	-274.30782500000004	45.89330031228532	777.0301746877149	-777.0301746877149	0.0	0.0	-45.89330031228532	91.78660062457064	-91.78660062457064	-45.893300312285305	45.89330031228532	45.89330031228532	8.39	91.78660062457064	274.30782500000004
264	-29.18765358739031	116.75061434956125	29.18765358739031	29.18765358739031	-260.9341141260972	29.18765358739031	714.5628606504392	274.30782500000015	260.9341141260972	-29.18765358739031	116.75061434956125	29.18765358739031	-29.18765358739031	108.36061434956125	-793.7358214126101	-58.37530717478062	116.75061434956125	29.18765358739031	-29.18765358739031	274.30782500000015	793.7358214126101	274.30782500000015	-29.18765358739031	685.3752070630488	-29.18765358739031	-29.18765358739031	0.0	58.37530717478062	-274.30782500000015	29.18765358739031	793.7358214126101	-793.7358214126101	0.0	0.0	-29.18765358739031	58.37530717478062	-58.37530717478062	-29.1876535873904	29.18765358739031	29.18765358739031	8.39	58.37530717478062	274.30782500000004
265	-57.19649914585515	228.7859965834206	57.19649914585515	57.19649914585515	0.0	57.19649914585515	631.2589906044067	283.8849957292758	0.0	-57.19649914585515	228.7859965834206	57.19649914585515	-57.19649914585515	220.3959965834206	-794.4584880419721	-114.3929982917103	228.7859965834206	57.19649914585515	-57.19649914585515	283.8849957292758	794.4584880419721	283.8849957292758	-57.19649914585515	574.0624914585516	-57.19649914585515	-57.19649914585515	0.0	114.3929982917103	-283.8849957292758	57.19649914585515	794.4584880419721	-794.4584880419721	0.0	0.0	-57.19649914585515	114.3929982917103	-114.3929982917103	-57.196499145855114	57.19649914585515	57.19649914585515	8.39	114.3929982917103	283.8849957292757
266	-26.572255262222285	106.28902104888914	26.572255262222285	26.572255262222285	-287.0880973777775	26.572255262222285	725.0244539511114	274.3078250000002	287.0880973777775	-26.572255262222285	106.28902104888914	26.572255262222285	-26.572255262222285	97.89902104888914	-796.3512197377783	-53.14451052444457	106.28902104888914	26.572255262222285	-26.572255262222285	274.3078250000002	796.3512197377783	274.3078250000002	-26.572255262222285	698.4521986888891	-26.572255262222285	-26.572255262222285	0.0	53.14451052444457	-274.3078250000002	26.572255262222285	796.3512197377783	-796.3512197377783	0.0	0.0	-26.572255262222285	53.14451052444457	-53.14451052444457	-26.572255262222257	26.572255262222285	26.572255262222285	8.39	53.14451052444457	274.30782500000004
267	-39.28053476407636	157.12213905630543	39.28053476407636	39.28053476407636	-160.00530235923668	39.28053476407636	674.1913359436951	274.30782500000015	160.00530235923668	-39.28053476407636	157.12213905630543	39.28053476407636	-39.28053476407636	148.7321390563054	-783.6429402359241	-78.56106952815271	157.12213905630543	39.28053476407636	-39.28053476407636	274.30782500000015	783.6429402359241	274.30782500000015	-39.28053476407636	634.9108011796187	-39.28053476407636	-39.28053476407636	0.0	78.56106952815271	-274.30782500000015	39.28053476407636	783.6429402359241	-783.6429402359241	0.0	0.0	-39.28053476407636	78.56106952815271	-78.56106952815271	-39.28053476407638	39.28053476407636	39.28053476407636	8.39	78.56106952815271	274.30782500000004
268	-155.28106500000004	621.1242600000002	155.28106500000004	155.28106500000004	1000.0	155.28106500000004	291.5758668506347	274.30782500000015	-1000.0	-155.28106500000004	621.1242600000002	155.28106500000004	-155.28106500000004	531.3476081493656	-586.2557581493656	-310.5621300000001	621.1242600000002	155.28106500000004	-155.28106500000004	274.30782500000015	586.2557581493656	274.30782500000015	-155.28106500000004	54.90815000000009	-155.28106500000004	-155.28106500000004	-81.38665185063462	310.5621300000001	-274.30782500000015	155.28106500000004	586.2557581493656	-586.2557581493656	-81.38665185063428	81.38665185063462	-155.28106500000004	310.5621300000001	-310.5621300000001	-236.66771685063463	155.28106500000004	155.28106500000004	8.39	310.5621300000001	274.30782500000004
269	-153.72171982903512	614.8868793161405	153.72171982903512	153.72171982903512	763.8743850709945	153.72171982903512	547.2248405128946	384.5739066096783	-763.8743850709945	-153.72171982903512	614.8868793161405	153.72171982903512	-153.72171982903512	606.4968793161405	-1000.0	-307.44343965807025	614.8868793161405	153.72171982903512	-153.72171982903512	384.5739066096783	1000.0	384.5739066096784	-153.72171982903512	393.5031206838595	-153.72171982903512	-153.72171982903512	0.0	307.44343965807025	-384.5739066096783	153.72171982903512	1000.0	-1000.0	0.0	0.0	-153.72171982903512	307.44343965807025	-307.44343965807025	-153.72171982903512	153.72171982903512	153.72171982903512	8.39	307.44343965807025	384.5739066096784
270	-155.281065	621.12426	155.281065	155.281065	1000.0	155.281065	276.79612728810025	274.30782500000015	-1000.0	-155.281065	621.12426	155.281065	-155.281065	546.1273477119	-601.0354977119002	-310.56213	621.12426	155.281065	-155.281065	274.30782500000015	601.0354977119002	274.30782500000015	-155.281065	54.908150000000205	-155.281065	-155.281065	-66.60691228810003	310.56213	-274.30782500000015	155.281065	601.0354977119002	-601.0354977119002	-66.6069122881002	66.60691228810003	-155.281065	310.56213	-310.56213	-221.88797728810005	155.281065	155.281065	8.39	310.56213	274.30782500000004
271	-195.00796551723877	780.0318620689552	195.00796551723877	195.00796551723877	1000.0	195.00796551723877	871.00413793097	472.942327586194	-1000.0	-195.00796551723877	780.0318620689552	195.00796551723877	-195.00796551723877	547.822844827612	-1000.0	-390.01593103447755	780.0318620689552	195.00796551723877	-195.00796551723877	472.942327586194	1000.0	472.942327586194	-195.00796551723877	452.177155172388	-195.00796551723877	-195.00796551723877	-223.81901724134332	390.0159310344776	-472.942327586194	195.00796551723877	1000.0	-1000.0	-223.81901724134372	223.81901724134332	-195.00796551723877	390.01593103447755	-390.0159310344776	-418.82698275858206	195.00796551723877	195.00796551723877	8.39	390.01593103447755	472.942327586194
272	-168.98531260682054	675.9412504272821	168.98531260682054	168.98531260682054	1000.0	168.98531260682054	1000.0	342.8290630341028	-1000.0	-168.98531260682054	675.9412504272821	168.98531260682054	-168.98531260682054	28.48718910230832	-220.437815170514	-337.9706252136411	675.9412504272821	168.98531260682054	-168.98531260682054	342.8290630341028	220.437815170514	342.8290630341028	-168.98531260682054	191.95062606820568	-168.98531260682054	-168.98531260682054	-639.0640613249736	337.97062521364103	-342.8290630341028	168.98531260682054	220.43781517051397	-220.437815170514	-639.0640613249739	639.0640613249736	-168.98531260682054	337.9706252136411	-337.97062521364103	-808.0493739317943	168.98531260682054	168.98531260682054	8.39	337.9706252136411	342.8290630341028
273	-32.02405011797744	128.09620047190975	32.02405011797744	32.02405011797744	-350.6211654868922	32.02405011797744	1000.0	333.3333333333333	350.6211654868922	-32.02405011797744	128.09620047190975	32.02405011797744	-32.02405011797744	0.0	-848.2697494101128	-64.04810023595488	128.09620047190975	32.02405011797744	-32.02405011797744	333.3333333333333	848.2697494101128	333.3333333333333	-32.02405011797744	848.2697494101128	-32.02405011797744	-32.02405011797744	-119.70620047190977	64.04810023595488	-333.3333333333333	32.02405011797744	848.2697494101128	-848.2697494101128	-119.70620047191	119.70620047190977	-32.02405011797744	64.04810023595488	-64.04810023595488	-151.7302505898872	32.02405011797744	32.02405011797744	8.39	64.04810023595488	333.3333333333334
274	-155.2810649999999	621.1242599999996	155.2810649999999	155.2810649999999	1000.0	155.2810649999999	202.8830781415172	274.30782499999975	-1000.0	-155.2810649999999	621.1242599999996	155.2810649999999	-155.2810649999999	620.0403968584816	-674.9485468584809	-310.5621299999998	621.1242599999996	155.2810649999999	-155.2810649999999	274.3078249999995	674.9485468584809	274.3078249999995	-155.2810649999999	54.90814999999975	-155.2810649999999	-155.2810649999999	7.3061368584819775	310.5621299999998	-274.30782499999987	155.2810649999999	674.9485468584809	-674.9485468584809	7.30613685848175	-7.3061368584819775	-155.2810649999999	310.5621299999998	-310.5621299999998	-147.9749281415179	155.2810649999999	155.2810649999999	8.39	310.5621299999998	274.30782500000004
275	-185.39689441339158	741.5875776535663	185.39689441339158	185.39689441339158	1000.0	185.39689441339158	1000.0	424.886972066958	-1000.0	-185.39689441339158	741.5875776535663	185.39689441339158	-185.39689441339158	274.66091620087406	-630.7273603347902	-370.79378882678316	741.5875776535663	185.39689441339158	-185.39689441339158	424.886972066958	630.7273603347902	424.886972066958	-185.39689441339158	356.06644413391615	-185.39689441339158	-185.39689441339158	-458.5366614526923	370.79378882678316	-424.886972066958	185.39689441339158	630.7273603347902	-630.7273603347902	-458.53666145269244	458.5366614526923	-185.39689441339158	370.79378882678316	-370.79378882678316	-643.9335558660839	185.39689441339158	185.39689441339158	8.39	370.79378882678316	424.8869720669581
276	-176.59148081343037	706.3659232537213	176.59148081343037	176.59148081343037	1000.0	176.59148081343037	1000.0	380.85990406715183	-1000.0	-176.59148081343037	706.3659232537213	176.59148081343037	-176.59148081343037	142.57971220145544	-410.5920203357591	-353.18296162686073	706.3659232537213	176.59148081343037	-176.59148081343037	380.85990406715183	410.5920203357591	380.85990406715183	-176.59148081343037	268.0123081343037	-176.59148081343037	-176.59148081343037	-555.3962110522658	353.1829616268607	-380.85990406715183	176.59148081343037	410.5920203357591	-410.5920203357591	-555.3962110522668	555.3962110522658	-176.59148081343037	353.18296162686073	-353.1829616268607	-731.9876918656963	176.59148081343037	176.59148081343037	8.39	353.18296162686073	380.8599040671517
277	-130.80220223371265	523.2088089348506	130.80220223371265	130.80220223371265	421.9533519476056	130.80220223371265	1000.0	440.93683519476053	-421.9533519476056	-130.80220223371265	523.2088089348506	130.80220223371265	-130.80220223371265	322.8105055842816	-1000.0	-261.6044044674253	523.2088089348506	130.80220223371265	-130.80220223371265	440.93683519476053	1000.0	440.93683519476053	-130.80220223371265	677.1894944157184	-130.80220223371265	-130.80220223371265	-192.008303350569	261.6044044674253	-440.93683519476053	130.80220223371265	1000.0	-1000.0	-192.0083033505689	192.008303350569	-130.80220223371265	261.6044044674253	-261.6044044674253	-322.8105055842816	130.80220223371265	130.80220223371265	8.39	261.6044044674253	440.93683519476053
278	-179.17177361478747	716.6870944591499	179.17177361478747	179.17177361478747	1000.0	179.17177361478747	475.09934036968684	393.7613680739374	-1000.0	-179.17177361478747	716.6870944591499	179.17177361478747	-179.17177361478747	706.1847638521252	-1000.0	-358.34354722957494	716.6870944591499	179.17177361478747	-179.17177361478747	393.7613680739374	1000.0	393.7613680739374	-179.17177361478747	293.81523614787477	-179.17177361478747	-179.17177361478747	-2.11233060702466	358.34354722957494	-393.7613680739374	179.17177361478747	1000.0	-1000.0	-2.1123306070240346	2.11233060702466	-179.17177361478747	358.34354722957494	-358.34354722957494	-181.28410422181207	179.17177361478747	179.17177361478747	8.39	358.34354722957494	393.7613680739375
279	-198.47991683161302	793.9196673264521	198.47991683161302	198.47991683161302	1000.0	198.47991683161302	957.802920790326	490.3020841580652	-1000.0	-198.47991683161302	793.9196673264521	198.47991683161302	-198.47991683161302	513.1033316838696	-1000.0	-396.95983366322605	793.9196673264521	198.47991683161302	-198.47991683161302	490.3020841580652	1000.0	490.3020841580652	-198.47991683161302	486.89666831613044	-198.47991683161302	-198.47991683161302	-272.42633564258256	396.95983366322605	-490.3020841580652	198.47991683161302	1000.0	-1000.0	-272.4263356425828	272.42633564258256	-198.47991683161302	396.95983366322605	-396.95983366322605	-470.9062524741955	198.47991683161302	198.47991683161302	8.39	396.95983366322605	490.30208415806516
280	-170.99310338208005	683.9724135283203	170.99310338208002	170.99310338208005	1000.0	170.99310338208002	1000.0	352.8680169104003	-1000.0	-170.99310338208002	683.9724135283203	170.99310338208002	-170.99310338208002	58.604050731200886	-270.63258455200156	-341.98620676416004	683.9724135283203	170.99310338208002	-170.99310338208002	352.8680169104003	270.6325845520016	352.8680169104003	-170.99310338208002	212.02853382080067	-170.99310338208005	-170.99310338208002	-616.9783627971196	341.98620676416016	-352.8680169104003	170.99310338208002	270.6325845520016	-270.63258455200156	-616.9783627971192	616.9783627971196	-170.99310338208002	341.98620676416004	-341.98620676416016	-787.9714661791993	170.99310338208002	170.99310338208002	8.39	341.98620676416004	352.8680169104005
281	-155.28106499999998	621.1242599999999	155.28106499999998	155.28106499999998	1000.0	155.28106499999998	169.2830759228461	274.3078250000001	-1000.0	-155.28106499999998	621.1242599999999	155.28106499999998	-155.28106499999998	653.6403990771539	-708.5485490771539	-310.56212999999997	621.1242599999999	155.28106499999998	-155.28106499999998	274.3078250000001	708.5485490771539	274.3078250000001	-155.28106499999998	54.90814999999998	-155.28106499999998	-155.28106499999998	40.906139077153966	310.56212999999997	-274.3078250000001	155.28106499999998	708.5485490771539	-708.5485490771539	40.90613907715391	-40.906139077153966	-155.28106499999998	310.56212999999997	-310.56212999999997	-114.37492592284613	155.28106499999998	155.28106499999998	8.39	310.56212999999997	274.30782500000004
282	-155.28106499999998	621.1242599999999	155.28106499999998	155.28106499999998	1000.0	155.28106499999998	186.0123936122176	274.30782499999987	-1000.0	-155.28106499999998	621.1242599999999	155.28106499999998	-155.28106499999998	636.9110813877824	-691.8192313877819	-310.56212999999997	621.1242599999999	155.28106499999998	-155.28106499999998	274.30782499999987	691.8192313877819	274.30782499999987	-155.28106499999998	54.90814999999975	-155.28106499999998	-155.28106499999998	24.17682138778241	310.56212999999997	-274.30782499999987	155.28106499999998	691.8192313877819	-691.8192313877819	24.176821387782127	-24.17682138778241	-155.28106499999998	310.56212999999997	-310.56212999999997	-131.10424361221808	155.28106499999998	155.28106499999998	8.39	310.56212999999997	274.30782500000004
283	-159.91171382373588	639.6468552949435	159.91171382373588	159.91171382373588	1000.0	159.91171382373588	892.3832073560382	297.4610691186794	-1000.0	-159.91171382373588	639.6468552949435	159.91171382373588	-159.91171382373588	0.0	-101.21463823735876	-319.82342764747176	639.6468552949435	159.91171382373588	-159.91171382373588	297.4610691186794	101.21463823735871	297.4610691186794	-159.91171382373588	101.21463823735876	-159.91171382373588	-159.91171382373588	-631.2568552949435	319.82342764747176	-297.4610691186794	159.91171382373588	101.21463823735871	-101.21463823735876	-631.2568552949431	631.2568552949435	-159.91171382373588	319.82342764747176	-319.82342764747176	-791.1685691186794	159.91171382373588	159.91171382373588	8.39	319.82342764747176	297.4610691186793
284	-155.2810649999999	621.1242599999996	155.2810649999999	155.2810649999999	1000.0	155.2810649999999	27.2697503512491	274.30782499999975	-1000.0	-155.2810649999999	621.1242599999996	155.2810649999999	-155.2810649999999	795.6537246487501	-850.5618746487488	-310.5621299999998	621.1242599999996	155.2810649999999	-155.2810649999999	274.3078249999995	850.5618746487488	274.3078249999995	-155.2810649999999	54.90814999999975	-155.2810649999999	-155.2810649999999	182.91946464875048	310.5621299999998	-274.30782499999987	155.2810649999999	850.5618746487488	-850.5618746487488	182.91946464875036	-182.91946464875048	-155.2810649999999	310.5621299999998	-310.5621299999998	27.638399648749626	155.2810649999999	155.2810649999999	8.39	310.5621299999998	274.30782500000004
285	-175.73213546632414	702.9285418652966	175.73213546632414	175.73213546632414	1000.0	175.73213546632414	1000.0	376.5631773316208	-1000.0	-175.73213546632414	702.9285418652966	175.73213546632414	-175.73213546632414	129.68953199486242	-389.1083866581041	-351.4642709326483	702.9285418652966	175.73213546632414	-175.73213546632414	376.5631773316208	389.1083866581041	376.5631773316208	-175.73213546632414	259.4188546632417	-175.73213546632414	-175.73213546632414	-564.8490098704342	351.4642709326483	-376.5631773316208	175.73213546632414	389.1083866581041	-389.1083866581041	-564.8490098704349	564.8490098704342	-175.73213546632414	351.4642709326483	-351.4642709326483	-740.5811453367583	175.73213546632414	175.73213546632414	8.39	351.4642709326483	376.5631773316207
286	-120.9946988525113	483.97879541004517	120.9946988525113	120.9946988525113	340.2241571042607	120.9946988525113	1000.0	432.7639157104261	-340.2241571042607	-120.9946988525113	483.97879541004517	120.9946988525113	-120.9946988525113	298.29174713127827	-1000.0	-241.9893977050226	483.97879541004517	120.9946988525113	-120.9946988525113	432.7639157104261	1000.0	432.7639157104261	-120.9946988525113	701.7082528687217	-120.9946988525113	-120.9946988525113	-177.29704827876685	241.98939770502258	-432.7639157104261	120.9946988525113	1000.0	-1000.0	-177.29704827876708	177.29704827876685	-120.9946988525113	241.9893977050226	-241.98939770502258	-298.29174713127827	120.9946988525113	120.9946988525113	8.39	241.9893977050226	432.763915710426
287	-157.52967595383103	630.1187038153241	157.529675953831	157.52967595383103	1000.0	157.529675953831	856.6526393074655	285.5508797691552	-1000.0	-157.529675953831	630.1187038153241	157.529675953831	-157.529675953831	0.0	-77.39425953831042	-315.059351907662	630.1187038153241	157.529675953831	-157.529675953831	285.5508797691552	77.3942595383104	285.5508797691552	-157.529675953831	77.39425953831042	-157.52967595383103	-157.529675953831	-621.7287038153243	315.05935190766206	-285.5508797691552	157.529675953831	77.3942595383104	-77.39425953831042	-621.7287038153246	621.7287038153243	-157.529675953831	315.059351907662	-315.05935190766206	-779.2583797691551	157.529675953831	157.529675953831	8.39	315.059351907662	285.5508797691551
288	-123.92260418601688	495.69041674406753	123.92260418601688	123.92260418601688	364.6233682168075	123.92260418601688	1000.0	435.20383682168085	-364.6233682168075	-123.92260418601688	495.69041674406753	123.92260418601688	-123.92260418601688	305.6115104650422	-1000.0	-247.84520837203377	495.69041674406753	123.92260418601688	-123.92260418601688	435.20383682168085	1000.0	435.20383682168085	-123.92260418601688	694.3884895349578	-123.92260418601688	-123.92260418601688	-181.68890627902533	247.84520837203377	-435.20383682168085	123.92260418601688	1000.0	-1000.0	-181.6889062790258	181.68890627902533	-123.92260418601688	247.84520837203377	-247.84520837203377	-305.6115104650422	123.92260418601688	123.92260418601688	8.39	247.84520837203377	435.20383682168074
289	-126.84466539710036	507.37866158840137	126.84466539710036	126.84466539710036	388.9738783091696	126.84466539710036	1000.0	437.638887830917	-388.9738783091696	-126.84466539710036	507.37866158840137	126.84466539710036	-126.84466539710036	312.9166634927509	-1000.0	-253.6893307942007	507.37866158840137	126.84466539710036	-126.84466539710036	437.638887830917	1000.0	437.638887830917	-126.84466539710036	687.0833365072491	-126.84466539710036	-126.84466539710036	-186.07199809565043	253.68933079420069	-437.638887830917	126.84466539710036	1000.0	-1000.0	-186.07199809565077	186.07199809565043	-126.84466539710036	253.6893307942007	-253.68933079420069	-312.9166634927509	126.84466539710036	126.84466539710036	8.39	253.6893307942007	437.6388878309171
290	-102.18728403217722	408.7491361287088	102.18728403217722	102.18728403217722	183.4957002681433	102.18728403217722	1000.0	417.09107002681435	-183.4957002681433	-102.18728403217722	408.7491361287088	102.18728403217722	-102.18728403217722	251.27321008044302	-1000.0	-204.37456806435443	408.7491361287088	102.18728403217722	-102.18728403217722	417.09107002681435	1000.0	417.09107002681435	-102.18728403217722	748.726789919557	-102.18728403217722	-102.18728403217722	-149.08592604826578	204.3745680643544	-417.09107002681435	102.18728403217722	1000.0	-1000.0	-149.0859260482656	149.08592604826578	-102.18728403217722	204.37456806435443	-204.3745680643544	-251.27321008044305	102.18728403217722	102.18728403217722	8.39	204.37456806435443	417.0910700268141
291	-170.14976212304228	680.5990484921691	170.14976212304228	170.14976212304228	1000.0	170.14976212304228	373.7448833534651	348.65131061521146	-1000.0	-170.14976212304228	680.5990484921691	170.14976212304228	-170.14976212304228	672.2090484921691	-875.8041697225921	-340.29952424608456	680.5990484921691	170.14976212304228	-170.14976212304228	348.65131061521146	875.8041697225921	348.65131061521146	-170.14976212304228	203.59512123042293	-170.14976212304228	-170.14976212304228	0.0	340.29952424608456	-348.65131061521146	170.14976212304228	875.8041697225921	-875.8041697225921	0.0	0.0	-170.14976212304228	340.29952424608456	-340.29952424608456	-170.1497621230422	170.14976212304228	170.14976212304228	8.39	340.29952424608456	348.65131061521134
292	-105.10135206513756	420.4054082605503	105.10135206513758	105.10135206513756	498.20287065137563	105.10135206513758	822.923475	274.30782500000004	-498.20287065137563	-105.10135206513758	420.4054082605503	105.10135206513758	-105.10135206513758	0.0	-305.80671467431216	-210.20270413027515	420.4054082605503	105.10135206513758	-105.10135206513758	274.30782500000004	305.80671467431216	274.30782500000004	-105.10135206513758	305.80671467431216	-105.10135206513756	-105.10135206513758	-412.0154082605503	210.20270413027515	-274.30782500000004	105.10135206513758	305.80671467431216	-305.80671467431216	-412.01540826055015	412.0154082605503	-105.10135206513758	210.20270413027515	-210.20270413027515	-517.1167603256879	105.10135206513758	105.10135206513758	8.39	210.20270413027515	274.30782500000004
293	-155.28106500000004	621.1242600000002	155.28106500000004	155.28106500000004	1000.0	155.28106500000004	762.377866913978	274.30782499999987	-1000.0	-155.28106500000004	621.1242600000002	155.28106500000004	-155.28106500000004	60.54560808602297	-115.45375808602365	-310.5621300000001	621.1242600000002	155.28106500000004	-155.28106500000004	274.30782499999987	115.45375808602364	274.30782499999987	-155.28106500000004	54.90815000000068	-155.28106500000004	-155.28106500000004	-552.1886519139772	310.56213	-274.30782499999987	155.28106500000004	115.45375808602364	-115.45375808602365	-552.1886519139771	552.1886519139772	-155.28106500000004	310.5621300000001	-310.56213	-707.4697169139773	155.28106500000004	155.28106500000004	8.39	310.5621300000001	274.30782500000004
294	-194.10686009382937	776.4274403753175	194.10686009382937	194.10686009382937	1000.0	194.10686009382937	1000.0	468.4368004691478	-1000.0	-194.10686009382937	776.4274403753175	194.10686009382937	-194.10686009382937	405.3104014074397	-848.4765023457339	-388.21372018765874	776.4274403753175	194.10686009382937	-194.10686009382937	468.4368004691478	848.4765023457339	468.4368004691478	-194.10686009382937	443.1661009382942	-194.10686009382937	-194.10686009382937	-362.7270389678778	388.21372018765874	-468.4368004691478	194.10686009382937	848.4765023457339	-848.4765023457339	-362.72703896787834	362.7270389678778	-194.10686009382937	388.21372018765874	-388.21372018765874	-556.8338990617058	194.10686009382937	194.10686009382937	8.39	388.21372018765874	468.4368004691467
295	-193.4582761036681	773.8331044146723	193.45827610366806	193.4582761036681	1000.0	193.4582761036681	1000.0	465.19388051834056	-1000.0	-193.45827610366806	773.8331044146723	193.4582761036681	-193.45827610366806	395.58164155502175	-832.261902591703	-386.9165522073362	773.8331044146723	193.4582761036681	-193.4582761036681	465.19388051834056	832.261902591703	465.19388051834056	-193.4582761036681	436.68026103668126	-193.4582761036681	-193.45827610366806	-369.8614628596505	386.91655220733617	-465.19388051834056	193.45827610366806	832.261902591703	-832.261902591703	-369.8614628596512	369.8614628596505	-193.4582761036681	386.9165522073362	-386.91655220733617	-563.3197389633187	193.45827610366806	193.4582761036681	8.39	386.9165522073362	465.1938805183405
296	-192.81186918555764	771.2474767422306	192.81186918555764	192.81186918555764	1000.0	192.81186918555764	1000.0	461.96184592778786	-1000.0	-192.81186918555764	771.2474767422306	192.81186918555764	-192.81186918555764	385.88553778336495	-816.1017296389405	-385.6237383711153	771.2474767422306	192.81186918555764	-192.81186918555764	461.96184592778786	816.1017296389405	461.96184592778786	-192.81186918555764	430.2161918555755	-192.81186918555764	-192.81186918555764	-376.9719389588656	385.6237383711152	-461.96184592778786	192.81186918555764	816.1017296389405	-816.1017296389405	-376.9719389588651	376.9719389588656	-192.81186918555764	385.6237383711153	-385.6237383711152	-569.7838081444245	192.81186918555764	192.81186918555764	8.39	385.6237383711153	461.96184592778724
297	-178.52888820991623	714.1155528396649	178.52888820991623	178.52888820991623	1000.0	178.52888820991623	1000.0	390.5469410495812	-1000.0	-178.52888820991623	714.1155528396649	178.52888820991623	-178.52888820991623	171.64082314874378	-459.0272052479064	-357.05777641983246	714.1155528396649	178.52888820991623	-178.52888820991623	390.5469410495812	459.0272052479064	390.5469410495812	-178.52888820991623	287.38638209916263	-178.52888820991623	-178.52888820991623	-534.0847296909212	357.0577764198324	-390.5469410495812	178.52888820991623	459.0272052479064	-459.0272052479064	-534.0847296909217	534.0847296909212	-178.52888820991623	357.05777641983246	-357.0577764198324	-712.6136179008374	178.52888820991623	178.52888820991623	8.39	357.05777641983246	390.54694104958133
298	-172.10980874675877	688.4392349870351	172.10980874675877	172.10980874675877	1000.0	172.10980874675877	1000.0	358.45154373379387	-1000.0	-172.10980874675877	688.4392349870351	172.10980874675877	-172.10980874675877	75.35463120138161	-298.55021866896936	-344.21961749351755	688.4392349870351	172.10980874675877	-172.10980874675877	358.45154373379387	298.55021866896936	358.45154373379387	-172.10980874675877	223.19558746758779	-172.10980874675877	-172.10980874675877	-604.6946037856535	344.2196174935175	-358.45154373379387	172.10980874675877	298.55021866896936	-298.55021866896936	-604.6946037856537	604.6946037856535	-172.10980874675877	344.21961749351755	-344.2196174935175	-776.8044125324122	172.10980874675877	172.10980874675877	8.39	344.21961749351755	358.45154373379387
299	-190.88483298485173	763.5393319394069	190.88483298485173	190.88483298485173	1000.0	190.88483298485173	1000.0	452.32666492425864	-1000.0	-190.88483298485173	763.5393319394069	190.88483298485173	-190.88483298485173	356.97999477277585	-767.925824621293	-381.76966596970345	763.5393319394069	190.88483298485173	-190.88483298485173	452.32666492425864	767.925824621293	452.32666492425864	-190.88483298485173	410.9458298485172	-190.88483298485173	-190.88483298485173	-398.16933716663107	381.7696659697035	-452.32666492425864	190.88483298485173	767.925824621293	-767.925824621293	-398.1693371666309	398.16933716663107	-190.88483298485173	381.76966596970345	-381.7696659697035	-589.0541701514828	190.88483298485173	190.88483298485173	8.39	381.76966596970345	452.3266649242585
300	-177.99084511536083	711.9633804614433	177.99084511536083	177.99084511536083	1000.0	177.99084511536083	1000.0	387.8567255768042	-1000.0	-177.99084511536083	711.9633804614433	177.99084511536083	-177.99084511536083	163.5701767304127	-445.5761278840212	-355.98169023072165	711.9633804614433	177.99084511536083	-177.99084511536083	387.8567255768042	445.57612788402116	387.8567255768042	-177.99084511536083	282.0059511536085	-177.99084511536083	-177.99084511536083	-540.0032037310307	355.9816902307216	-387.8567255768042	177.99084511536083	445.57612788402116	-445.5761278840212	-540.0032037310311	540.0032037310307	-177.99084511536083	355.98169023072165	-355.9816902307216	-717.9940488463915	177.99084511536083	177.99084511536083	8.39	355.98169023072165	387.8567255768043
301	-110.89100917234745	443.5640366893898	110.89100917234745	110.89100917234745	256.0267431028956	110.89100917234745	1000.0	424.3441743102896	-256.0267431028956	-110.89100917234745	443.5640366893898	110.89100917234745	-110.89100917234745	273.0325229308686	-1000.0	-221.7820183446949	443.5640366893898	110.89100917234745	-110.89100917234745	424.3441743102896	1000.0	424.3441743102896	-110.89100917234745	726.9674770691313	-110.89100917234745	-110.89100917234745	-162.14151375852123	221.78201834469496	-424.3441743102896	110.89100917234745	1000.0	-999.9999999999999	-162.14151375852197	162.14151375852123	-110.89100917234745	221.7820183446949	-221.78201834469496	-273.0325229308687	110.89100917234745	110.89100917234745	8.39	221.7820183446949	424.3441743102895
302	-72.14076276083539	288.56305104334155	72.14076276083539	72.14076276083539	0.0	72.14076276083539	799.3240690208847	358.60631380417686	0.0	-72.14076276083539	288.56305104334155	72.14076276083539	-72.14076276083539	276.4948723916461	-1000.0	-144.28152552167077	288.56305104334155	72.14076276083539	-72.14076276083539	358.60631380417686	1000.0	358.60631380417686	-72.14076276083539	723.5051276083539	-72.14076276083539	-72.14076276083539	-3.6781786516954753	144.2815255216708	-358.60631380417686	72.14076276083539	1000.0	-1000.0	-3.678178651695305	3.6781786516954753	-72.14076276083539	144.28152552167077	-144.2815255216708	-75.81894141253088	72.14076276083539	72.14076276083539	8.39	144.28152552167077	358.6063138041771
303	-4.178541358156154	16.714165432624615	4.178541358156154	4.178541358156154	-511.0252364184387	4.178541358156154	822.9234750000003	274.30782500000004	511.0252364184387	-4.178541358156154	16.714165432624615	4.178541358156154	-4.178541358156154	0.0	-810.4207682092194	-8.357082716312307	16.714165432624615	4.178541358156154	-4.178541358156154	274.30782500000004	810.4207682092194	274.30782500000004	-4.178541358156154	810.4207682092194	-4.178541358156154	-4.178541358156154	-8.324165432624618	8.357082716312334	-274.30782500000004	4.178541358156154	810.4207682092194	-810.4207682092194	-8.324165432624511	8.324165432624618	-4.178541358156154	8.357082716312307	-8.357082716312334	-12.502706790780849	4.178541358156154	4.178541358156154	8.39	8.357082716312307	274.30782500000004
304	-148.08527755733127	592.3411102293251	148.08527755733127	148.08527755733127	928.0421255733128	148.08527755733127	822.923475	274.307825	-928.0421255733128	-148.08527755733127	592.3411102293251	148.08527755733127	-148.08527755733127	0.0	-90.88708721334362	-296.17055511466253	592.3411102293251	148.08527755733127	-148.08527755733127	274.307825	90.88708721334365	274.307825	-148.08527755733127	90.88708721334362	-148.08527755733127	-148.08527755733127	-583.9511102293251	296.17055511466253	-274.307825	148.08527755733127	90.88708721334365	-90.88708721334362	-583.9511102293258	583.9511102293251	-148.08527755733127	296.17055511466253	-296.17055511466253	-732.0363877866564	148.08527755733127	148.08527755733127	8.39	296.17055511466253	274.30782500000004
305	-166.11377738210328	664.4551095284131	166.1137773821033	166.11377738210328	1000.0	166.1137773821033	148.64943455258128	328.4713869105163	-1000.0	-166.1137773821033	664.4551095284131	166.1137773821033	-166.1137773821033	836.7647261789675	-1000.0	-332.2275547642066	664.4551095284131	166.1137773821033	-166.1137773821033	328.4713869105163	1000.0	328.4713869105163	-166.1137773821033	163.23527382103248	-166.11377738210328	-166.1137773821033	180.6996166505545	332.2275547642066	-328.4713869105163	166.1137773821033	1000.0	-1000.0	180.6996166505553	-180.6996166505545	-166.1137773821033	332.2275547642066	-332.2275547642066	14.585839268451195	166.1137773821033	166.1137773821033	8.39	332.2275547642066	328.4713869105164
306	-183.80860664147792	735.2344265659115	183.80860664147792	183.80860664147792	1000.0	183.80860664147792	1000.0	416.9455332073894	-1000.0	-183.80860664147792	735.2344265659115	183.80860664147792	-183.80860664147792	250.83659962216825	-591.0201660369471	-367.61721328295584	735.2344265659115	183.80860664147792	-183.80860664147792	416.9455332073894	591.0201660369471	416.9455332073894	-183.80860664147792	340.18356641477885	-183.80860664147792	-183.80860664147792	-476.007826943743	367.61721328295573	-416.9455332073894	183.80860664147792	591.0201660369471	-591.0201660369471	-476.0078269437429	476.007826943743	-183.80860664147792	367.61721328295584	-367.61721328295573	-659.8164335852211	183.80860664147792	183.80860664147792	8.39	367.61721328295584	416.9455332073894
307	-85.37039337828533	341.4815735131413	85.37039337828533	85.37039337828533	300.89328378285313	85.37039337828533	822.9234750000003	274.30782500000004	-300.8932837828532	-85.37039337828533	341.4815735131413	85.37039337828533	-85.37039337828533	0.0	-404.46150810857347	-170.74078675657066	341.4815735131413	85.37039337828533	-85.37039337828533	274.30782500000004	404.4615081085735	274.30782500000004	-85.37039337828533	404.46150810857347	-85.37039337828533	-85.37039337828533	-333.09157351314127	170.74078675657063	-274.30782500000004	85.37039337828533	404.4615081085735	-404.46150810857347	-333.0915735131404	333.09157351314127	-85.37039337828533	170.74078675657066	-170.74078675657063	-418.4619668914267	85.37039337828533	85.37039337828533	8.39	170.74078675657066	274.30782500000004
308	-7.22243861302311	28.88975445209244	7.22243861302311	7.22243861302311	-480.58626386976937	7.22243861302311	822.923475	274.30782500000004	480.58626386976937	-7.22243861302311	28.88975445209244	7.22243861302311	-7.22243861302311	0.0	-795.2012819348845	-14.44487722604622	28.88975445209244	7.22243861302311	-7.22243861302311	274.30782500000004	795.2012819348845	274.30782500000004	-7.22243861302311	795.2012819348845	-7.22243861302311	-7.22243861302311	-20.49975445209244	14.444877226046174	-274.30782500000004	7.22243861302311	795.2012819348845	-795.2012819348845	-20.49975445209219	20.49975445209244	-7.22243861302311	14.44487722604622	-14.444877226046174	-27.72219306511556	7.22243861302311	7.22243861302311	8.39	14.44487722604622	274.30782500000004
309	-1.3343513347489155	5.337405338995662	1.3343513347489155	1.3343513347489155	-539.4671366525113	1.3343513347489155	822.9234750000006	274.3078250000002	539.4671366525113	-1.3343513347489155	5.337405338995662	1.3343513347489155	-1.3343513347489155	0.0	-824.6417183262561	-2.668702669497831	5.337405338995662	1.3343513347489155	-1.3343513347489155	274.3078250000002	824.6417183262561	274.3078250000002	-1.3343513347489155	824.6417183262561	-1.3343513347489155	-1.3343513347489155	3.0525946610043384	2.6687026694978613	-274.3078250000002	1.3343513347489155	824.6417183262561	-824.6417183262561	3.052594661004264	-3.0525946610043384	-1.3343513347489155	2.668702669497831	-2.6687026694978613	1.7182433262554468	1.3343513347489155	1.3343513347489155	8.39	2.668702669497831	274.30782500000004
310	0.0	0.0	0.0	0.0	-585.0135972468577	0.0	871.2278958702865	290.4092986234288	585.0135972468577	0.0	0.0	0.0	0.0	0.0	-879.6178958702864	0.0	0.0	0.0	0.0	290.4092986234288	879.6178958702864	290.4092986234288	0.0	879.6178958702864	0.0	0.0	8.39	0.0	-290.4092986234288	0.0	879.6178958702864	-879.6178958702864	8.390000000000043	-8.39	0.0	0.0	0.0	8.389999999999873	0.0	0.0	8.39	0.0	290.40929862342875
311	-18.169996812630753	72.67998725052301	18.169996812630753	18.169996812630753	-371.11068187369244	18.169996812630753	758.6334877494769	274.307825	371.11068187369244	-18.169996812630753	72.67998725052301	18.169996812630753	-18.169996812630753	64.28998725052301	-804.7534781873692	-36.339993625261506	72.67998725052301	18.169996812630753	-18.169996812630753	274.307825	804.7534781873692	274.307825	-18.169996812630753	740.4634909368461	-18.169996812630753	-18.169996812630753	0.0	36.33999362526151	-274.307825	18.169996812630753	804.7534781873692	-804.7534781873692	0.0	0.0	-18.169996812630753	36.339993625261506	-36.33999362526151	-18.169996812630757	18.169996812630753	18.169996812630753	8.39	36.339993625261506	274.30782500000004
312	-192.14966079204748	768.5986431681899	192.14966079204748	192.14966079204748	1000.0	192.14966079204748	799.546519801188	458.65080396023757	-1000.0	-192.14966079204748	768.5986431681899	192.14966079204748	-192.14966079204748	576.4058920795247	-1000.0	-384.29932158409497	768.5986431681899	192.14966079204748	-192.14966079204748	458.65080396023757	1000.0	458.65080396023757	-192.14966079204748	423.59410792047527	-192.14966079204748	-192.14966079204748	-183.80275108866522	384.29932158409497	-458.65080396023757	192.14966079204748	1000.0	-1000.0	-183.80275108866522	183.80275108866522	-192.14966079204748	384.29932158409497	-384.29932158409497	-375.9524118807127	192.14966079204748	192.14966079204748	8.39	384.29932158409497	458.65080396023757
313	-31.597493606534655	126.38997442613864	31.59749360653466	31.597493606534655	-404.7525532788778	31.597493606534655	1000.0	358.26624467211224	404.7525532788778	-31.59749360653466	126.38997442613864	31.597493606534655	-31.59749360653466	74.79873401633665	-1000.0	-63.19498721306932	126.38997442613864	31.597493606534655	-31.597493606534655	358.26624467211224	1000.0	358.26624467211224	-31.597493606534655	925.2012659836633	-31.597493606534655	-31.59749360653466	-43.20124040980198	63.19498721306934	-358.26624467211224	31.59749360653466	1000.0	-1000.0	-43.201240409801834	43.20124040980198	-31.597493606534655	63.19498721306932	-63.19498721306934	-74.79873401633665	31.59749360653466	31.597493606534655	8.39	63.19498721306932	358.26624467211235
314	-174.2302325469226	696.9209301876904	174.2302325469226	174.2302325469226	783.8536045576882	174.2302325469226	1000.0	477.12686045576885	-783.8536045576882	-174.2302325469226	696.9209301876904	174.2302325469226	-174.2302325469226	431.3805813673065	-1000.0	-348.4604650938452	696.9209301876904	174.2302325469226	-174.2302325469226	477.12686045576885	1000.0	477.12686045576885	-174.2302325469226	568.6194186326935	-174.2302325469226	-174.2302325469226	-257.1503488203839	348.4604650938452	-477.12686045576885	174.2302325469226	1000.0	-1000.0	-257.15034882038304	257.1503488203839	-174.2302325469226	348.4604650938452	-348.4604650938452	-431.3805813673065	174.2302325469226	174.2302325469226	8.39	348.4604650938452	477.12686045576885
315	-12.698945034887322	50.79578013954929	12.698945034887322	12.698945034887322	-425.8211996511266	12.698945034887322	822.9234749999999	274.307825	425.8211996511266	-12.698945034887322	50.79578013954929	12.698945034887322	-12.698945034887322	0.0	-767.8187498255634	-25.397890069774643	50.79578013954929	12.698945034887322	-12.698945034887322	274.307825	767.8187498255634	274.307825	-12.698945034887322	767.8187498255634	-12.698945034887322	-12.698945034887322	-42.40578013954928	25.39789006977469	-274.307825	12.698945034887322	767.8187498255634	-767.8187498255634	-42.405780139549336	42.40578013954928	-12.698945034887322	25.397890069774643	-25.39789006977469	-55.10472517443657	12.698945034887322	12.698945034887322	8.39	25.397890069774643	274.30782500000004
316	-143.06197548509485	572.2479019403794	143.06197548509485	143.06197548509485	877.8091048509478	143.06197548509485	822.9234750000005	274.30782500000015	-877.8091048509478	-143.06197548509485	572.2479019403794	143.06197548509485	-143.06197548509485	0.0	-116.00359757452628	-286.1239509701897	572.2479019403794	143.06197548509485	-143.06197548509485	274.30782500000015	116.00359757452634	274.30782500000015	-143.06197548509485	116.00359757452628	-143.06197548509485	-143.06197548509485	-563.8579019403794	286.12395097018975	-274.30782500000015	143.06197548509485	116.00359757452634	-116.00359757452628	-563.857901940379	563.8579019403794	-143.06197548509485	286.1239509701897	-286.12395097018975	-706.9198774254742	143.06197548509485	143.06197548509485	8.39	286.1239509701897	274.30782500000004
317	-155.28106499999998	621.1242599999999	155.28106499999998	155.28106499999998	1000.0	155.28106499999998	64.1375287993846	274.30782499999987	-1000.0	-155.28106499999998	621.1242599999999	155.28106499999998	-155.28106499999998	758.7859462006154	-813.694096200615	-310.56212999999997	621.1242599999999	155.28106499999998	-155.28106499999998	274.30782499999987	813.694096200615	274.30782499999987	-155.28106499999998	54.90814999999975	-155.28106499999998	-155.28106499999998	146.05168620061545	310.56213	-274.30782499999987	155.28106499999998	813.694096200615	-813.694096200615	146.0516862006154	-146.05168620061545	-155.28106499999998	310.56212999999997	-310.56213	-9.22937879938496	155.28106499999998	155.28106499999998	8.39	310.56212999999997	274.30782500000004
318	-113.46616874454332	453.8646749781733	113.46616874454332	113.46616874454332	277.4864062045277	113.46616874454332	1000.0	426.4901406204528	-277.4864062045277	-113.46616874454332	453.8646749781733	113.46616874454332	-113.46616874454332	279.4704218613583	-1000.0	-226.93233748908665	453.8646749781733	113.46616874454332	-113.46616874454332	426.4901406204528	1000.0	426.4901406204528	-113.46616874454332	720.5295781386417	-113.46616874454332	-113.46616874454332	-166.004253116815	226.93233748908665	-426.4901406204528	113.46616874454332	1000.0	-1000.0	-166.00425311681533	166.004253116815	-113.46616874454332	226.93233748908665	-226.93233748908665	-279.4704218613583	113.46616874454332	113.46616874454332	8.39	226.93233748908665	426.4901406204527
319	-192.75794662446089	771.0317864978434	192.75794662446089	192.75794662446089	1000.0	192.75794662446089	814.753665611522	461.69223312230446	-1000.0	-192.75794662446089	771.0317864978434	192.75794662446089	-192.75794662446089	570.3230337553912	-1000.0	-385.51589324892177	771.0317864978434	192.75794662446089	-192.75794662446089	461.69223312230446	1000.0	461.69223312230446	-192.75794662446089	429.6769662446088	-192.75794662446089	-192.75794662446089	-192.31875274245215	385.51589324892166	-461.69223312230446	192.75794662446089	1000.0	-1000.0	-192.31875274245306	192.31875274245215	-192.75794662446089	385.51589324892177	-385.51589324892166	-385.0766993669132	192.75794662446089	192.75794662446089	8.39	385.51589324892177	461.6922331223041
320	-170.7082152272256	682.8328609089021	170.7082152272256	170.7082152272256	1000.0	170.7082152272256	1000.0	351.443576136128	-1000.0	-170.7082152272256	682.8328609089021	170.7082152272256	-170.7082152272256	54.330728408383834	-263.5103806806399	-341.4164304544512	682.8328609089021	170.7082152272256	-170.7082152272256	351.443576136128	263.51038068063986	351.443576136128	-170.7082152272256	209.17965227225608	-170.7082152272256	-170.7082152272256	-620.1121325005181	341.4164304544511	-351.443576136128	170.7082152272256	263.51038068063986	-263.5103806806399	-620.1121325005192	620.1121325005181	-170.7082152272256	341.4164304544512	-341.4164304544511	-790.8203477277439	170.7082152272256	170.7082152272256	8.39	341.4164304544512	351.4435761361279
321	-49.291862823911245	197.16745129564498	49.291862823911245	49.291862823911245	-177.94303842755437	49.291862823911245	1000.0	333.3333333333333	177.94303842755437	-49.291862823911245	197.16745129564498	49.291862823911245	-49.291862823911245	0.0	-761.9306858804437	-98.58372564782249	197.16745129564498	49.291862823911245	-49.291862823911245	333.3333333333333	761.9306858804437	333.3333333333333	-49.291862823911245	761.9306858804437	-49.291862823911245	-49.291862823911245	-188.777451295645	98.58372564782246	-333.3333333333333	49.291862823911245	761.9306858804437	-761.9306858804437	-188.7774512956443	188.777451295645	-49.291862823911245	98.58372564782249	-98.58372564782246	-238.06931411955634	49.291862823911245	49.291862823911245	8.39	98.58372564782249	333.33333333333326
322	-1.6689205363159574	6.6756821452638295	1.6689205363159574	1.6689205363159574	-654.1421964245602	1.6689205363159574	999.9546026815798	333.3182008938599	654.1421964245602	-1.6689205363159574	6.6756821452638295	1.6689205363159574	-1.6689205363159574	0.0	-1000.0	-3.3378410726319148	6.6756821452638295	1.6689205363159574	-1.6689205363159574	333.3182008938599	1000.0	333.3182008938599	-1.6689205363159574	1000.0	-1.6689205363159574	-1.6689205363159574	1.714317854736171	3.3378410726319316	-333.3182008938599	1.6689205363159574	1000.0	-1000.0	1.7143178547362936	-1.714317854736171	-1.6689205363159574	3.3378410726319148	-3.3378410726319316	0.04539731842019945	1.6689205363159574	1.6689205363159574	8.39	3.3378410726319148	333.31820089386
323	-126.95125872836334	507.80503491345337	126.95125872836334	126.95125872836334	598.6509206169667	126.95125872836334	373.6337063581833	333.3333333333333	-598.6509206169667	-126.95125872836334	507.80503491345337	126.95125872836334	-126.95125872836334	626.3662936418167	-1000.0	-253.90251745672668	507.80503491345337	126.95125872836334	-126.95125872836334	333.3333333333333	1000.0	333.3333333333333	-126.95125872836334	373.6337063581833	-126.95125872836334	-126.95125872836334	126.95125872836331	253.90251745672663	-333.3333333333333	126.95125872836334	1000.0	-1000.0	126.9512587283632	-126.95125872836331	-126.95125872836334	253.90251745672668	-253.90251745672663	0.0	126.95125872836334	126.95125872836334	8.39	253.90251745672668	333.33333333333354
324	-63.83659074401631	255.34636297606525	63.83659074401631	63.83659074401631	0.0	63.83659074401631	640.4634074401631	317.0854537200816	0.0	-63.83659074401631	255.34636297606525	63.83659074401631	-63.83659074401631	310.7929537200816	-951.2563611602448	-127.67318148803263	255.34636297606525	63.83659074401631	-63.83659074401631	317.0854537200816	951.2563611602448	317.0854537200816	-63.83659074401631	640.4634074401631	-63.83659074401631	-63.83659074401631	63.83659074401632	127.67318148803258	-317.0854537200816	63.83659074401631	951.2563611602448	-951.2563611602448	63.83659074401629	-63.83659074401632	-63.83659074401631	127.67318148803263	-127.67318148803258	0.0	63.83659074401631	63.83659074401631	8.39	127.67318148803263	317.0854537200816
325	-88.06667606471072	352.2667042588429	88.06667606471072	88.06667606471072	151.09397660396658	88.06667606471072	744.1899718058678	362.68889202157027	-151.09397660396658	-88.06667606471072	352.2667042588429	88.06667606471072	-88.06667606471072	343.8767042588429	-1000.0	-176.13335212942144	352.2667042588429	88.06667606471072	-88.06667606471072	362.6888920215703	1000.0	362.68889202157027	-88.06667606471072	656.1232957411571	-88.06667606471072	-88.06667606471072	0.0	176.13335212942138	-362.68889202157027	88.06667606471072	1000.0	-1000.0	0.0	0.0	-88.06667606471072	176.13335212942144	-176.13335212942138	-88.06667606471069	88.06667606471072	88.06667606471072	8.39	176.13335212942144	362.68889202157027
326	-178.75328811102202	715.0131524440881	178.75328811102202	178.75328811102202	1000.0	178.75328811102202	464.63720277555143	391.6689405551103	-1000.0	-178.75328811102202	715.0131524440881	178.75328811102202	-178.75328811102202	710.3696188897793	-1000.0	-357.50657622204403	715.0131524440881	178.75328811102202	-178.75328811102202	391.6689405551103	1000.0	391.6689405551103	-178.75328811102202	289.6303811102207	-178.75328811102202	-178.75328811102202	3.746466445691226	357.50657622204403	-391.6689405551103	178.75328811102202	1000.0	-1000.0	3.7464664456902597	-3.746466445691226	-178.75328811102202	357.50657622204403	-357.50657622204403	-175.00682166533073	178.75328811102202	178.75328811102202	8.39	357.50657622204403	391.6689405551103
327	-164.42849505304906	657.7139802121962	164.42849505304906	164.42849505304906	1000.0	164.42849505304906	106.51737632622621	320.04497526524534	-1000.0	-164.42849505304906	657.7139802121962	164.42849505304906	-164.42849505304906	853.6175494695095	-1000.0	-328.8569901060981	657.7139802121962	164.42849505304906	-164.42849505304906	320.04497526524534	1000.0	320.04497526524534	-164.42849505304906	146.38245053049047	-164.42849505304906	-164.42849505304906	204.29356925731327	328.8569901060981	-320.04497526524534	164.42849505304906	1000.0	-1000.0	204.29356925731355	-204.29356925731327	-164.42849505304906	328.8569901060981	-328.8569901060981	39.86507420426426	164.42849505304906	164.42849505304906	8.39	328.8569901060981	320.04497526524506
328	-169.5096767173914	678.0387068695655	169.5096767173914	169.5096767173914	911.2286493623196	169.5096767173914	499.8609698478259	389.8365589057971	-911.2286493623196	-169.5096767173914	678.0387068695655	169.5096767173914	-169.5096767173914	669.6487068695656	-1000.0	-339.0193534347828	678.0387068695655	169.5096767173914	-169.5096767173914	389.8365589057971	1000.0	389.8365589057971	-169.5096767173914	330.3512931304345	-169.5096767173914	-169.5096767173914	0.0	339.0193534347827	-389.8365589057971	169.5096767173914	1000.0	-1000.0	0.0	0.0	-169.5096767173914	339.0193534347828	-339.0193534347827	-169.50967671739147	169.5096767173914	169.5096767173914	8.39	339.0193534347828	389.8365589057971
329	0.0	0.0	0.0	0.0	-610.3059662546311	0.0	826.7228987638932	303.05548312731554	610.3059662546311	0.0	0.0	0.0	0.0	82.44355061805345	-1000.0	0.0	0.0	0.0	0.0	303.05548312731554	1000.0	303.05548312731554	0.0	917.5564493819465	0.0	0.0	90.83355061805345	0.0	-303.05548312731554	0.0	1000.0	-1000.0	90.83355061805355	-90.83355061805345	0.0	0.0	0.0	90.83355061805338	0.0	0.0	8.39	0.0	303.0554831273154
330	-65.12402994206414	260.49611976825656	65.12402994206414	65.12402994206414	98.42964942064111	65.12402994206414	328.6168002896799	274.30782500000015	-98.42964942064111	-65.12402994206414	260.49611976825656	65.12402994206414	-65.12402994206414	494.3066747103204	-1000.0	-130.24805988412828	260.49611976825656	65.12402994206414	-65.12402994206414	274.30782500000015	1000.0	274.30782500000015	-65.12402994206414	505.6933252896796	-65.12402994206414	-65.12402994206414	242.20055494206383	130.24805988412822	-274.30782500000015	65.12402994206414	1000.0	-1000.0	242.20055494206366	-242.20055494206383	-65.12402994206414	130.24805988412828	-130.24805988412822	177.07652499999926	65.12402994206414	65.12402994206414	8.39	130.24805988412828	274.30782500000004
331	-177.13767214691654	708.5506885876662	177.13767214691654	177.13767214691654	1000.0	177.13767214691654	424.2468036729136	383.59086073458275	-1000.0	-177.13767214691654	708.5506885876662	177.13767214691654	-177.13767214691654	726.5257785308345	-1000.0	-354.2753442938331	708.5506885876662	177.13767214691654	-177.13767214691654	383.59086073458275	1000.0	383.59086073458275	-177.13767214691654	273.4742214691655	-177.13767214691654	-177.13767214691654	26.3650899431683	354.2753442938331	-383.59086073458275	177.13767214691654	1000.0	-1000.0	26.365089943168186	-26.3650899431683	-177.13767214691654	354.2753442938331	-354.2753442938331	-150.77258220374802	177.13767214691654	177.13767214691654	8.39	354.2753442938331	383.59086073458275
332	-155.281065	621.12426	155.281065	155.281065	1000.0	155.281065	639.0929685883842	274.30782500000004	-1000.0	-155.281065	621.12426	155.281065	-155.281065	183.8305064116159	-238.7386564116161	-310.56213	621.12426	155.281065	-155.281065	274.30782500000004	238.73865641161615	274.30782500000004	-155.281065	54.908150000000205	-155.281065	-155.281065	-428.9037535883842	310.56213	-274.30782500000004	155.281065	238.73865641161615	-238.7386564116161	-428.9037535883844	428.9037535883842	-155.281065	310.56213	-310.56213	-584.184818588384	155.281065	155.281065	8.39	310.56213	274.30782500000004
333	-155.28106500000004	621.1242600000002	155.28106500000004	155.28106500000004	1000.0	155.28106500000004	626.7808521452994	274.30782500000015	-1000.0	-155.28106500000004	621.1242600000002	155.28106500000004	-155.28106500000004	196.14262285470124	-251.05077285470156	-310.5621300000001	621.1242600000002	155.28106500000004	-155.28106500000004	274.30782500000015	251.05077285470156	274.30782500000015	-155.28106500000004	54.90815000000032	-155.28106500000004	-155.28106500000004	-416.59163714529893	310.56213	-274.30782500000015	155.28106500000004	251.05077285470156	-251.05077285470156	-416.5916371452988	416.59163714529893	-155.28106500000004	310.5621300000001	-310.56213	-571.8727021452991	155.28106500000004	155.28106500000004	8.39	310.5621300000001	274.30782500000004
334	-41.88027206319163	167.52108825276653	41.88027206319163	41.88027206319163	-134.00792936808375	41.88027206319163	663.7923867472335	274.30782500000004	134.00792936808375	-41.88027206319163	167.52108825276653	41.88027206319163	-41.88027206319163	159.13108825276655	-781.0432029368084	-83.76054412638327	167.52108825276653	41.88027206319163	-41.88027206319163	274.30782500000004	781.0432029368084	274.30782500000004	-41.88027206319163	621.9121146840419	-41.88027206319163	-41.88027206319163	0.0	83.76054412638325	-274.30782500000004	41.88027206319163	781.0432029368084	-781.0432029368084	0.0	0.0	-41.88027206319163	83.76054412638327	-83.76054412638325	-41.88027206319168	41.88027206319163	41.88027206319163	8.39	83.76054412638327	274.30782500000004
335	-85.0869386780371	340.3477547121484	85.0869386780371	85.0869386780371	298.05873678037096	85.0869386780371	228.80225660981387	274.3078249999999	-298.05873678037096	-85.0869386780371	340.3477547121484	85.0869386780371	-85.0869386780371	594.1212183901857	-1000.0	-170.1738773560742	340.3477547121484	85.0869386780371	-85.0869386780371	274.3078249999999	1000.0	274.3078249999999	-85.0869386780371	405.87878160981427	-85.0869386780371	-85.0869386780371	262.1634636780373	170.17387735607417	-274.3078249999999	85.0869386780371	1000.0	-1000.0	262.1634636780377	-262.1634636780373	-85.0869386780371	170.1738773560742	-170.17387735607417	177.07652499999926	85.0869386780371	85.0869386780371	8.39	170.1738773560742	274.30782500000004
336	-51.71200112783424	206.84800451133697	51.71200112783424	51.71200112783424	-35.690638721657706	51.71200112783424	822.9234749999999	274.307825	35.69063872165765	-51.71200112783424	206.84800451133697	51.71200112783424	-51.71200112783424	0.0	-572.7534693608287	-103.42400225566848	206.84800451133697	51.71200112783424	-51.71200112783424	274.307825	572.7534693608287	274.307825	-51.71200112783424	572.7534693608287	-51.71200112783424	-51.71200112783424	-198.45800451133698	103.42400225566848	-274.307825	51.71200112783424	572.7534693608287	-572.7534693608287	-198.4580045113363	198.45800451133698	-51.71200112783424	103.42400225566848	-103.42400225566848	-250.17000563917122	51.71200112783424	51.71200112783424	8.39	103.42400225566848	274.30782500000004
337	-9.88226866597708	39.52907466390832	9.88226866597708	9.88226866597708	-578.6271591175473	9.88226866597708	978.7431940020688	336.627422888659	578.6271591175473	-9.88226866597708	39.52907466390832	9.88226866597708	-9.88226866597708	31.139074663908318	-1000.0	-19.76453733195416	39.52907466390832	9.88226866597708	-9.88226866597708	336.62742288865905	1000.0	336.627422888659	-9.88226866597708	968.8609253360917	-9.88226866597708	-9.88226866597708	0.0	19.764537331954216	-336.627422888659	9.88226866597708	1000.0	-1000.0	0.0	0.0	-9.88226866597708	19.76453733195416	-19.764537331954216	-9.882268665977108	9.88226866597708	9.88226866597708	8.39	19.76453733195416	336.627422888659
338	-122.05340214228922	488.21360856915686	122.05340214228924	122.05340214228922	549.6723547562258	122.05340214228922	1000.0	333.3333333333333	-549.6723547562258	-122.05340214228924	488.21360856915686	122.05340214228922	-122.05340214228924	0.0	-398.12298928855387	-244.10680428457843	488.21360856915686	122.05340214228922	-122.05340214228922	333.3333333333333	398.12298928855387	333.3333333333333	-122.05340214228922	398.12298928855387	-122.05340214228922	-122.05340214228924	-479.8236085691568	244.1068042845784	-333.3333333333333	122.05340214228924	398.12298928855387	-398.12298928855387	-479.82360856915693	479.8236085691568	-122.05340214228922	244.10680428457843	-244.1068042845784	-601.8770107114461	122.05340214228924	122.05340214228922	8.39	244.10680428457843	333.3333333333332
339	-186.6202009267326	746.4808037069301	186.6202009267326	186.6202009267326	1000.0	186.6202009267326	1000.0	431.0035046336629	-1000.0	-186.6202009267326	746.4808037069301	186.6202009267326	-186.6202009267326	293.0105139009887	-661.3100231683146	-373.2404018534652	746.4808037069301	186.6202009267326	-186.6202009267326	431.0035046336629	661.3100231683146	431.0035046336629	-186.6202009267326	368.2995092673259	-186.6202009267326	-186.6202009267326	-445.08028980594116	373.2404018534651	-431.0035046336629	186.6202009267326	661.3100231683146	-661.3100231683146	-445.08028980594133	445.08028980594116	-186.6202009267326	373.2404018534652	-373.2404018534651	-631.7004907326741	186.6202009267326	186.6202009267326	8.39	373.2404018534652	431.0035046336629
340	-157.7792661826705	631.117064730682	157.7792661826705	157.7792661826705	1000.0	157.7792661826705	237.66942800937588	286.7988309133527	-1000.0	-157.7792661826705	631.117064730682	157.7792661826705	-157.7792661826705	622.7270647306821	-702.6172265573875	-315.558532365341	631.117064730682	157.7792661826705	-157.7792661826705	286.7988309133527	702.6172265573875	286.7988309133527	-157.7792661826705	79.89016182670548	-157.7792661826705	-157.7792661826705	0.0	315.5585323653411	-286.7988309133527	157.7792661826705	702.6172265573875	-702.6172265573875	0.0	0.0	-157.7792661826705	315.558532365341	-315.5585323653411	-157.7792661826704	157.7792661826705	157.7792661826705	8.39	315.558532365341	286.7988309133528
341	-129.55498751586413	518.2199500634564	129.55498751586413	129.55498751586413	411.5598959655343	129.55498751586413	1000.0	439.89748959655344	-411.5598959655343	-129.55498751586413	518.2199500634564	129.55498751586413	-129.55498751586413	319.69246878966027	-1000.0	-259.10997503172825	518.2199500634564	129.55498751586413	-129.55498751586413	439.89748959655344	1000.0	439.89748959655344	-129.55498751586413	680.3075312103397	-129.55498751586413	-129.55498751586413	-190.13748127379603	259.10997503172825	-439.89748959655344	129.55498751586413	1000.0	-1000.0	-190.1374812737963	190.13748127379603	-129.55498751586413	259.10997503172825	-259.10997503172825	-319.6924687896603	129.55498751586413	129.55498751586413	8.39	259.10997503172825	439.8974895965533
342	-140.59054198398374	562.362167935935	140.59054198398374	140.59054198398374	503.52284986653103	140.59054198398374	1000.0	449.09378498665313	-503.52284986653103	-140.59054198398374	562.362167935935	140.59054198398374	-140.59054198398374	347.28135495995934	-1000.0	-281.1810839679675	562.362167935935	140.59054198398374	-140.59054198398374	449.09378498665313	1000.0	449.09378498665313	-140.59054198398374	652.7186450400407	-140.59054198398374	-140.59054198398374	-206.69081297597563	281.1810839679674	-449.09378498665313	140.59054198398374	1000.0	-1000.0	-206.69081297597558	206.69081297597563	-140.59054198398374	281.1810839679675	-281.1810839679674	-347.28135495995934	140.59054198398374	140.59054198398374	8.39	281.1810839679675	449.093784986653
343	-171.22879829374548	684.9151931749819	171.22879829374548	171.22879829374548	1000.0	171.22879829374548	1000.0	354.0464914687275	-1000.0	-171.22879829374548	684.9151931749819	171.22879829374548	-171.22879829374548	62.1394744061826	-276.5249573436377	-342.45759658749097	684.9151931749819	171.22879829374548	-171.22879829374548	354.0464914687275	276.52495734363765	354.0464914687275	-171.22879829374548	214.3854829374551	-171.22879829374548	-171.22879829374548	-614.3857187687994	342.457596587491	-354.0464914687275	171.22879829374548	276.52495734363765	-276.5249573436377	-614.3857187687995	614.3857187687994	-171.22879829374548	342.45759658749097	-342.457596587491	-785.6145170625449	171.22879829374548	171.22879829374548	8.39	342.45759658749097	354.0464914687276
344	-189.3487297430393	757.3949189721573	189.3487297430393	189.3487297430393	1000.0	189.3487297430393	1000.0	444.6461487151971	-1000.0	-189.3487297430393	757.3949189721573	189.3487297430393	-189.3487297430393	333.93844614558907	-729.5232435759831	-378.6974594860786	757.3949189721573	189.3487297430393	-189.3487297430393	444.6461487151971	729.5232435759831	444.6461487151971	-189.3487297430393	395.584797430394	-189.3487297430393	-189.3487297430393	-415.0664728265682	378.6974594860786	-444.6461487151971	189.3487297430393	729.5232435759831	-729.5232435759831	-415.06647282656843	415.0664728265682	-189.3487297430393	378.6974594860786	-378.6974594860786	-604.415202569606	189.3487297430393	189.3487297430393	8.39	378.6974594860786	444.64614871519603
345	-25.997815965396992	103.99126386158797	25.997815965396992	25.997815965396992	-451.4165336216917	25.997815965396992	1000.0	353.5998466378308	451.4165336216917	-25.997815965396992	103.99126386158797	25.997815965396992	-25.997815965396992	60.79953991349249	-1000.0	-51.995631930793984	103.99126386158797	25.997815965396992	-25.997815965396992	353.5998466378308	1000.0	353.5998466378308	-25.997815965396992	939.2004600865075	-25.997815965396992	-25.997815965396992	-34.80172394809547	51.995631930793934	-353.5998466378308	25.997815965396992	1000.0	-1000.0	-34.80172394809558	34.80172394809547	-25.997815965396992	51.995631930793984	-51.995631930793934	-60.79953991349248	25.997815965396992	25.997815965396992	8.39	51.995631930793984	353.5998466378309
346	-98.19983838025394	392.79935352101575	98.19983838025394	98.19983838025394	150.26698650211625	98.19983838025394	1000.0	413.7681986502116	-150.26698650211625	-98.19983838025394	392.79935352101575	98.19983838025394	-98.19983838025394	241.30459595063485	-1000.0	-196.39967676050787	392.79935352101575	98.19983838025394	-98.19983838025394	413.7681986502116	1000.0	413.7681986502116	-98.19983838025394	758.6954040493652	-98.19983838025394	-98.19983838025394	-143.1047575703809	196.39967676050787	-413.7681986502116	98.19983838025394	1000.0	-1000.0	-143.10475757038125	143.1047575703809	-98.19983838025394	196.39967676050787	-196.39967676050787	-241.30459595063485	98.19983838025394	98.19983838025394	8.39	196.39967676050787	413.7681986502116
347	-184.06404334078866	736.2561733631545	184.06404334078866	184.06404334078866	1000.0	184.06404334078866	597.406083519717	418.2227167039434	-1000.0	-184.06404334078866	736.2561733631545	184.06404334078866	-184.06404334078866	657.2620665921131	-1000.0	-368.1280866815773	736.2561733631545	184.06404334078866	-184.06404334078866	418.2227167039434	1000.0	418.2227167039434	-184.06404334078866	342.7379334078869	-184.06404334078866	-184.06404334078866	-70.6041067710413	368.1280866815773	-418.2227167039434	184.06404334078866	1000.0	-1000.0	-70.60410677104187	70.6041067710413	-184.06404334078866	368.1280866815773	-368.1280866815773	-254.66815011183007	184.06404334078866	184.06404334078866	8.39	368.1280866815773	418.22271670394326
348	-182.08185016587095	728.3274006634838	182.08185016587095	182.08185016587095	1000.0	182.08185016587095	1000.0	408.3117508293547	-1000.0	-182.08185016587095	728.3274006634838	182.08185016587095	-182.08185016587095	224.93525248806407	-547.8512541467734	-364.1637003317419	728.3274006634838	182.08185016587095	-182.08185016587095	408.3117508293547	547.8512541467734	408.3117508293547	-182.08185016587095	322.9160016587093	-182.08185016587095	-182.08185016587095	-495.00214817541973	364.1637003317419	-408.3117508293547	182.08185016587095	547.8512541467734	-547.8512541467734	-495.0021481754193	495.00214817541973	-182.08185016587095	364.1637003317419	-364.1637003317419	-677.0839983412907	182.08185016587095	182.08185016587095	8.39	364.1637003317419	408.31175082935465
349	-182.62749494795662	730.5099797918265	182.62749494795662	182.62749494795662	1000.0	182.62749494795662	1000.0	411.0399747397832	-1000.0	-182.62749494795662	730.5099797918265	182.62749494795662	-182.62749494795662	233.11992421934963	-561.4923736989161	-365.25498989591324	730.5099797918265	182.62749494795662	-182.62749494795662	411.0399747397832	561.4923736989161	411.0399747397832	-182.62749494795662	328.3724494795665	-182.62749494795662	-182.62749494795662	-489.00005557247687	365.25498989591324	-411.0399747397832	182.62749494795662	561.4923736989161	-561.4923736989161	-489.0000555724773	489.00005557247687	-182.62749494795662	365.25498989591324	-365.25498989591324	-671.6275505204335	182.62749494795662	182.62749494795662	8.39	365.25498989591324	411.03997473978325
350	-199.42455469020635	797.6982187608254	199.42455469020635	199.42455469020635	1000.0	199.42455469020635	1000.0	495.0252734510318	-1000.0	-199.42455469020635	797.6982187608254	199.42455469020635	-199.42455469020635	485.0758203530954	-981.4188672551591	-398.8491093804127	797.6982187608254	199.42455469020635	-199.42455469020635	495.0252734510318	981.4188672551591	495.0252734510318	-199.42455469020635	496.34304690206363	-199.42455469020635	-199.42455469020635	-304.23239840773	398.84910938041276	-495.0252734510318	199.42455469020635	981.4188672551591	-981.4188672551591	-304.23239840773005	304.23239840773	-199.42455469020635	398.8491093804127	-398.84910938041276	-503.65695309793637	199.42455469020635	199.42455469020635	8.39	398.8491093804127	495.0252734510318
351	-181.5362053837855	726.144821535142	181.5362053837855	181.5362053837855	1000.0	181.5362053837855	1000.0	405.58352691892765	-1000.0	-181.5362053837855	726.144821535142	181.5362053837855	-181.5362053837855	216.75058075678248	-534.2101345946371	-363.072410767571	726.144821535142	181.5362053837855	-181.5362053837855	405.58352691892765	534.2101345946371	405.58352691892765	-181.5362053837855	317.4595538378546	-181.5362053837855	-181.5362053837855	-501.00424077835953	363.072410767571	-405.58352691892765	181.5362053837855	534.2101345946371	-534.2101345946371	-501.00424077835964	501.00424077835953	-181.5362053837855	363.072410767571	-363.072410767571	-682.5404461621454	181.5362053837855	181.5362053837855	8.39	363.072410767571	405.5835269189264
352	-197.73896391363394	790.9558556545356	197.73896391363394	197.73896391363394	1000.0	197.73896391363394	1000.0	486.59731956816984	-1000.0	-197.73896391363394	790.9558556545356	197.73896391363394	-197.73896391363394	459.7919587045095	-939.2790978408495	-395.4779278272679	790.9558556545356	197.73896391363394	-197.73896391363394	486.59731956816984	939.2790978408495	486.59731956816984	-197.73896391363394	479.48713913634003	-197.73896391363394	-197.73896391363394	-322.773896950026	395.4779278272679	-486.59731956816984	197.73896391363394	939.2790978408495	-939.2790978408495	-322.7738969500267	322.773896950026	-197.73896391363394	395.4779278272679	-395.4779278272679	-520.51286086366	197.73896391363394	197.73896391363394	8.39	395.4779278272679	486.59731956816995
353	-25.508616526513684	102.03446610605475	25.50861652651368	25.508616526513684	-415.77550140152977	25.50861652651368	1000.0	333.3333333333333	415.77550140152977	-25.50861652651368	102.03446610605475	25.50861652651368	-25.50861652651368	0.0	-880.8469173674315	-51.01723305302736	102.03446610605475	25.50861652651368	-25.50861652651368	333.3333333333333	880.8469173674315	333.3333333333333	-25.50861652651368	880.8469173674315	-25.508616526513684	-25.50861652651368	-93.64446610605478	51.017233053027326	-333.3333333333333	25.50861652651368	880.8469173674315	-880.8469173674315	-93.64446610605472	93.64446610605478	-25.50861652651368	51.01723305302736	-51.017233053027326	-119.1530826325685	25.50861652651368	25.50861652651368	8.39	51.01723305302736	333.33333333333337
354	-15.262542481526834	61.05016992610734	15.262542481526834	15.262542481526834	-400.1852251847315	15.262542481526834	822.9234749999999	274.307825	400.1852251847315	-15.262542481526834	61.05016992610734	15.262542481526834	-15.262542481526834	0.0	-755.0007625923658	-30.52508496305367	61.05016992610734	15.262542481526834	-15.262542481526834	274.307825	755.0007625923658	274.307825	-15.262542481526834	755.0007625923658	-15.262542481526834	-15.262542481526834	-52.66016992610733	30.5250849630537	-274.307825	15.262542481526834	755.0007625923658	-755.0007625923658	-52.66016992610753	52.66016992610733	-15.262542481526834	30.52508496305367	-30.5250849630537	-67.9227124076341	15.262542481526834	15.262542481526834	8.39	30.52508496305367	274.30782500000004
355	-89.76773732676156	359.07094930704625	89.76773732676156	89.76773732676156	226.81570660094903	89.76773732676156	1000.0	333.3333333333333	-226.81570660094903	-89.76773732676156	359.07094930704625	89.76773732676156	-89.76773732676156	0.0	-559.5513133661922	-179.53547465352312	359.07094930704625	89.76773732676156	-89.76773732676156	333.3333333333333	559.5513133661922	333.3333333333333	-89.76773732676156	559.5513133661922	-89.76773732676156	-89.76773732676156	-350.68094930704626	179.53547465352312	-333.3333333333333	89.76773732676156	559.5513133661922	-559.5513133661922	-350.6809493070464	350.68094930704626	-89.76773732676156	179.53547465352312	-179.53547465352312	-440.4486866338078	89.76773732676156	89.76773732676156	8.39	179.53547465352312	333.3333333333334
356	-79.0159035581793	316.0636142327172	79.0159035581793	79.0159035581793	119.29736891512638	79.0159035581793	1000.0	333.3333333333333	-119.29736891512638	-79.0159035581793	316.0636142327172	79.0159035581793	-79.0159035581793	0.0	-613.3104822091035	-158.0318071163586	316.0636142327172	79.0159035581793	-79.0159035581793	333.3333333333333	613.3104822091035	333.3333333333333	-79.0159035581793	613.3104822091035	-79.0159035581793	-79.0159035581793	-307.6736142327172	158.03180711635855	-333.3333333333333	79.0159035581793	613.3104822091035	-613.3104822091035	-307.67361423271745	307.6736142327172	-79.0159035581793	158.0318071163586	-158.03180711635855	-386.6895177908965	79.0159035581793	79.0159035581793	8.39	158.0318071163586	333.33333333333337
357	-155.2810649999999	621.1242599999996	155.2810649999999	155.2810649999999	1000.0	155.2810649999999	113.83621708775628	274.30782499999975	-1000.0	-155.2810649999999	621.1242599999996	155.2810649999999	-155.2810649999999	709.0872579122426	-763.9954079122422	-310.5621299999998	621.1242599999996	155.2810649999999	-155.2810649999999	274.3078249999995	763.9954079122422	274.3078249999995	-155.2810649999999	54.90814999999975	-155.2810649999999	-155.2810649999999	96.35299791224304	310.5621299999998	-274.30782499999987	155.2810649999999	763.9954079122422	-763.9954079122422	96.35299791224293	-96.35299791224304	-155.2810649999999	310.5621299999998	-310.5621299999998	-58.92806708775676	155.2810649999999	155.2810649999999	8.39	310.5621299999998	274.30782500000004
358	-164.57267857580223	658.2907143032089	164.57267857580223	164.57267857580223	703.3739881316852	164.57267857580223	1000.0	469.07889881316856	-703.3739881316852	-164.57267857580223	658.2907143032089	164.57267857580223	-164.57267857580223	407.2366964395056	-1000.0	-329.14535715160446	658.2907143032089	164.57267857580223	-164.57267857580223	469.07889881316856	1000.0	469.07889881316856	-164.57267857580223	592.7633035604945	-164.57267857580223	-164.57267857580223	-242.66401786370335	329.14535715160446	-469.07889881316856	164.57267857580223	1000.0	-1000.0	-242.66401786370352	242.66401786370335	-164.57267857580223	329.14535715160446	-329.14535715160446	-407.2366964395055	164.57267857580223	164.57267857580223	8.39	329.14535715160446	469.0788988131687
359	-132.3995510548996	529.5982042195984	132.3995510548996	132.3995510548996	435.26459212416347	132.3995510548996	1000.0	442.2679592124164	-435.26459212416347	-132.3995510548996	529.5982042195984	132.3995510548996	-132.3995510548996	326.803877637249	-1000.0	-264.7991021097992	529.5982042195984	132.3995510548996	-132.3995510548996	442.2679592124164	1000.0	442.2679592124164	-132.3995510548996	673.196122362751	-132.3995510548996	-132.3995510548996	-194.40432658234943	264.79910210979915	-442.2679592124164	132.3995510548996	1000.0	-1000.0	-194.40432658234994	194.40432658234943	-132.3995510548996	264.7991021097992	-264.79910210979915	-326.803877637249	132.3995510548996	132.3995510548996	8.39	264.7991021097992	442.26795921241614
360	-168.8346097615291	675.3384390461163	168.83460976152907	168.8346097615291	1000.0	168.83460976152907	216.67024403822552	342.0755488076452	-1000.0	-168.83460976152907	675.3384390461163	168.83460976152907	-168.83460976152907	809.5564023847098	-1000.0	-337.66921952305813	675.3384390461163	168.83460976152907	-168.83460976152907	342.0755488076452	1000.0	342.0755488076452	-168.83460976152907	190.44359761529017	-168.8346097615291	-168.83460976152907	142.60796333859344	337.66921952305813	-342.0755488076452	168.83460976152907	1000.0	-1000.0	142.60796333859446	-142.60796333859344	-168.83460976152907	337.66921952305813	-337.66921952305813	-26.226646422935346	168.83460976152907	168.83460976152907	8.39	337.66921952305813	342.0755488076453
361	-115.98567163688222	463.94268654752887	115.98567163688222	115.98567163688222	607.0460663688222	115.98567163688222	74.30859181558912	274.3078250000001	-607.0460663688222	-115.98567163688222	463.94268654752887	115.98567163688222	-115.98567163688222	748.6148831844109	-1000.0	-231.97134327376443	463.94268654752887	115.98567163688222	-115.98567163688222	274.3078250000001	1000.0	274.3078250000001	-115.98567163688222	251.38511681558907	-115.98567163688222	-115.98567163688222	293.06219663688205	231.97134327376443	-274.3078250000001	115.98567163688222	1000.0	-1000.0	293.06219663688205	-293.06219663688205	-115.98567163688222	231.97134327376443	-231.97134327376443	177.07652499999926	115.98567163688222	115.98567163688222	8.39	231.97134327376443	274.30782500000004
362	-149.181147574766	596.724590299064	149.181147574766	149.181147574766	939.0008257476602	149.181147574766	-91.66878787383041	274.3078249999999	-939.0008257476602	-149.181147574766	596.724590299064	149.181147574766	-149.181147574766	914.5922628738302	-1000.0	-298.362295149532	596.724590299064	149.181147574766	-149.181147574766	274.3078249999999	1000.0	274.3078249999999	-149.181147574766	85.40773712616976	-149.181147574766	-149.181147574766	326.2576725747663	298.362295149532	-274.3078249999999	149.181147574766	1000.0	-1000.0	326.25767257476576	-326.2576725747663	-149.181147574766	298.362295149532	-298.362295149532	177.07652499999926	149.181147574766	149.181147574766	8.39	298.362295149532	274.30782500000004
363	-87.0994473022628	348.3977892090512	87.0994473022628	87.0994473022628	318.183823022628	87.0994473022628	218.73971348868554	274.3078249999999	-318.183823022628	-87.0994473022628	348.3977892090512	87.0994473022628	-87.0994473022628	604.1837615113142	-1000.0	-174.1988946045256	348.3977892090512	87.0994473022628	-87.0994473022628	274.3078249999999	1000.0	274.3078249999999	-87.0994473022628	395.8162384886858	-87.0994473022628	-87.0994473022628	264.17597230226284	174.19889460452555	-274.3078249999999	87.0994473022628	1000.0	-1000.0	264.17597230226335	-264.17597230226284	-87.0994473022628	174.1988946045256	-174.19889460452555	177.07652499999926	87.0994473022628	87.0994473022628	8.39	174.1988946045256	274.30782500000004
364	-159.08745331078444	636.3498132431378	159.08745331078444	159.08745331078444	1000.0	159.08745331078444	-27.008667230388955	293.3397665539223	-1000.0	-159.08745331078444	636.3498132431378	159.08745331078444	-159.08745331078444	907.0279668921555	-1000.0	-318.1749066215689	636.3498132431378	159.08745331078444	-159.08745331078444	293.3397665539223	1000.0	293.3397665539223	-159.08745331078444	92.97203310784448	-159.08745331078444	-159.08745331078444	279.06815364901775	318.1749066215689	-293.3397665539223	159.08745331078444	1000.0	-1000.0	279.06815364901786	-279.06815364901775	-159.08745331078444	318.1749066215689	-318.1749066215689	119.98070033823343	159.08745331078444	159.08745331078444	8.39	318.1749066215689	293.3397665539222
365	-75.81753595921926	303.270143836877	75.81753595921926	75.81753595921926	205.36470959219295	75.81753595921926	275.1492702039029	274.3078249999999	-205.36470959219295	-75.81753595921926	303.270143836877	75.81753595921926	-75.81753595921926	547.7742047960967	-1000.0	-151.6350719184385	303.270143836877	75.81753595921926	-75.81753595921926	274.3078249999999	1000.0	274.3078249999999	-75.81753595921926	452.2257952039033	-75.81753595921926	-75.81753595921926	252.89406095921964	151.63507191843848	-274.3078249999999	75.81753595921926	1000.0	-1000.0	252.8940609592193	-252.89406095921964	-75.81753595921926	151.6350719184385	-151.63507191843848	177.07652499999926	75.81753595921926	75.81753595921926	8.39	151.6350719184385	274.30782500000004
366	-117.22237059773649	468.88948239094594	117.22237059773649	117.22237059773649	619.413055977365	117.22237059773649	68.12509701131712	274.3078249999999	-619.413055977365	-117.22237059773649	468.88948239094594	117.22237059773649	-117.22237059773649	754.7983779886827	-1000.0	-234.44474119547297	468.88948239094594	117.22237059773649	-117.22237059773649	274.3078249999999	1000.0	274.3078249999999	-117.22237059773649	245.20162201131734	-117.22237059773649	-117.22237059773649	294.2988955977367	234.44474119547294	-274.3078249999999	117.22237059773649	1000.0	-1000.0	294.29889559773665	-294.2988955977367	-117.22237059773649	234.44474119547297	-234.44474119547294	177.07652499999926	117.22237059773649	117.22237059773649	8.39	234.44474119547297	274.30782500000004
367	-148.19949836431832	592.7979934572733	148.19949836431832	148.19949836431832	900.2641530359859	148.19949836431832	0.0	288.7679153035986	-900.2641530359859	-148.19949836431832	592.7979934572733	148.19949836431832	-148.19949836431832	866.3037459107958	-1000.0	-296.39899672863663	592.7979934572733	148.19949836431832	-148.19949836431832	288.7679153035986	1000.0	288.7679153035986	-148.19949836431832	133.69625408920422	-148.19949836431832	-148.19949836431832	281.8957524535225	296.3989967286366	-288.7679153035986	148.19949836431832	1000.0	-1000.0	281.89575245352245	-281.8957524535225	-148.19949836431832	296.39899672863663	-296.3989967286366	133.69625408920422	148.19949836431832	148.19949836431832	8.39	296.39899672863663	288.7679153035985
368	-96.82547245313285	387.30188981253144	96.82547245313283	96.82547245313285	297.39305786466196	96.82547245313285	524.2626377343357	333.33333333333337	-297.39305786466196	-96.82547245313283	387.30188981253144	96.82547245313285	-96.82547245313283	475.7373622656643	-1000.0	-193.65094490626572	387.30188981253144	96.82547245313285	-96.82547245313285	333.33333333333337	1000.0	333.33333333333337	-96.82547245313285	524.2626377343357	-96.82547245313285	-96.82547245313283	96.82547245313282	193.65094490626575	-333.33333333333337	96.82547245313283	1000.0	-1000.0	96.82547245313219	-96.82547245313282	-96.82547245313285	193.65094490626572	-193.65094490626575	0.0	96.82547245313283	96.82547245313285	8.39	193.65094490626572	333.33333333333337
369	-132.88302235148174	531.532089405927	132.88302235148174	132.88302235148174	657.9685568481507	132.88302235148174	343.9748882425913	333.3333333333333	-657.9685568481507	-132.88302235148174	531.532089405927	132.88302235148174	-132.88302235148174	656.0251117574087	-1000.0	-265.7660447029635	531.532089405927	132.88302235148174	-132.88302235148174	333.3333333333333	1000.0	333.3333333333333	-132.88302235148174	343.9748882425913	-132.88302235148174	-132.88302235148174	132.8830223514817	265.7660447029634	-333.3333333333333	132.88302235148174	1000.0	-1000.0	132.8830223514817	-132.8830223514817	-132.88302235148174	265.7660447029635	-265.7660447029634	0.0	132.88302235148174	132.88302235148174	8.39	265.7660447029635	333.3333333333334
370	-179.0160480597448	716.0641922389792	179.0160480597448	179.0160480597448	1000.0	179.0160480597448	1000.0	392.98274029872414	-1000.0	-179.0160480597448	716.0641922389792	179.0160480597448	-179.0160480597448	178.94822089617224	-471.2062014936205	-358.0320961194896	716.0641922389792	179.0160480597448	-179.0160480597448	392.98274029872414	471.2062014936205	392.98274029872414	-179.0160480597448	292.25798059744824	-179.0160480597448	-179.0160480597448	-528.725971342807	358.03209611948955	-392.98274029872414	179.0160480597448	471.2062014936205	-471.2062014936205	-528.725971342807	528.725971342807	-179.0160480597448	358.0320961194896	-358.03209611948955	-707.7420194025517	179.0160480597448	179.0160480597448	8.39	358.0320961194896	392.982740298724
371	-161.4200064069938	645.6800256279752	161.4200064069938	161.4200064069938	677.1017200582818	161.4200064069938	1000.0	466.4516720058282	-677.1017200582818	-161.4200064069938	645.6800256279752	161.4200064069938	-161.4200064069938	399.3550160174845	-1000.0	-322.8400128139876	645.6800256279752	161.4200064069938	-161.4200064069938	466.4516720058282	1000.0	466.4516720058282	-161.4200064069938	600.6449839825154	-161.4200064069938	-161.4200064069938	-237.93500961049068	322.84001281398764	-466.4516720058282	161.4200064069938	1000.0	-1000.0	-237.93500961049114	237.93500961049068	-161.4200064069938	322.8400128139876	-322.84001281398764	-399.35501601748456	161.4200064069938	161.4200064069938	8.39	322.8400128139876	466.45167200582796
372	-21.137956429811897	84.55182571924759	21.137956429811897	21.137956429811897	-459.48210236854754	21.137956429811897	1000.0	333.3333333333333	459.48210236854754	-21.137956429811897	84.55182571924759	21.137956429811897	-21.137956429811897	0.0	-902.7002178509405	-42.275912859623794	84.55182571924759	21.137956429811897	-21.137956429811897	333.3333333333333	902.7002178509405	333.3333333333333	-21.137956429811897	902.7002178509405	-21.137956429811897	-21.137956429811897	-76.16182571924759	42.27591285962376	-333.3333333333333	21.137956429811897	902.7002178509405	-902.7002178509405	-76.16182571924736	76.16182571924759	-21.137956429811897	42.275912859623794	-42.27591285962376	-97.29978214905952	21.137956429811897	21.137956429811897	8.39	42.275912859623794	333.3333333333334
373	-44.28514967755305	177.1405987102122	44.28514967755305	44.28514967755305	-109.95915322446956	44.28514967755305	654.1728762897878	274.30782500000004	109.95915322446956	-44.28514967755305	177.1405987102122	44.28514967755305	-44.28514967755305	168.75059871021222	-778.638325322447	-88.5702993551061	177.1405987102122	44.28514967755305	-44.28514967755305	274.30782500000004	778.638325322447	274.30782500000004	-44.28514967755305	609.8877266122348	-44.28514967755305	-44.28514967755305	0.0	88.57029935510604	-274.30782500000004	44.28514967755305	778.638325322447	-778.638325322447	0.0	0.0	-44.28514967755305	88.5702993551061	-88.57029935510604	-44.28514967755302	44.28514967755305	44.28514967755305	8.39	88.5702993551061	274.30782500000004
374	-67.69742652444563	270.7897060977826	67.69742652444565	67.69742652444563	124.16361524445654	67.69742652444563	822.923475	274.30782500000004	-124.16361524445654	-67.69742652444565	270.7897060977826	67.69742652444563	-67.69742652444565	0.0	-492.8263423777717	-135.3948530488913	270.7897060977826	67.69742652444563	-67.69742652444563	274.30782500000004	492.8263423777717	274.30782500000004	-67.69742652444563	492.8263423777717	-67.69742652444563	-67.69742652444565	-262.3997060977826	135.39485304889126	-274.30782500000004	67.69742652444565	492.8263423777717	-492.8263423777717	-262.3997060977823	262.3997060977826	-67.69742652444563	135.3948530488913	-135.39485304889126	-330.0971326222283	67.69742652444565	67.69742652444563	8.39	135.3948530488913	274.30782500000004
375	-69.8572807586266	279.4291230345064	69.8572807586266	69.8572807586266	145.76215758626586	69.8572807586266	822.923475	274.30782500000004	-145.76215758626586	-69.8572807586266	279.4291230345064	69.8572807586266	-69.8572807586266	0.0	-482.02707120686705	-139.7145615172532	279.4291230345064	69.8572807586266	-69.8572807586266	274.30782500000004	482.02707120686705	274.30782500000004	-69.8572807586266	482.02707120686705	-69.8572807586266	-69.8572807586266	-271.0391230345064	139.71456151725317	-274.30782500000004	69.8572807586266	482.02707120686705	-482.02707120686705	-271.0391230345069	271.0391230345064	-69.8572807586266	139.7145615172532	-139.71456151725317	-340.896403793133	69.8572807586266	69.8572807586266	8.39	139.7145615172532	274.30782500000004
376	-140.2959916291795	561.183966516718	140.2959916291795	140.2959916291795	638.5675885390091	140.2959916291795	587.5020251124615	380.0986638763931	-638.5675885390091	-140.2959916291795	561.183966516718	140.2959916291795	-140.2959916291795	552.793966516718	-1000.0	-280.591983258359	561.183966516718	140.2959916291795	-140.2959916291795	380.0986638763931	1000.0	380.0986638763931	-140.2959916291795	447.206033483282	-140.2959916291795	-140.2959916291795	0.0	280.59198325835905	-380.0986638763931	140.2959916291795	1000.0	-1000.0	0.0	0.0	-140.2959916291795	280.591983258359	-280.59198325835905	-140.29599162917953	140.2959916291795	140.2959916291795	8.39	280.591983258359	380.09866387639323
377	-155.28106500000004	621.1242600000002	155.28106500000004	155.28106500000004	1000.0	155.28106500000004	374.2276099936662	274.30782500000015	-1000.0	-155.28106500000004	621.1242600000002	155.28106500000004	-155.28106500000004	448.6958650063344	-503.60401500633463	-310.5621300000001	621.1242600000002	155.28106500000004	-155.28106500000004	274.30782500000015	503.60401500633463	274.30782500000015	-155.28106500000004	54.90815000000026	-155.28106500000004	-155.28106500000004	-164.03839499366586	310.56213	-274.30782500000015	155.28106500000004	503.60401500633463	-503.60401500633463	-164.0383949936657	164.03839499366586	-155.28106500000004	310.5621300000001	-310.56213	-319.31945999366593	155.28106500000004	155.28106500000004	8.39	310.5621300000001	274.30782500000004
378	-157.53998349428116	630.1599339771246	157.53998349428116	157.53998349428116	1000.0	157.53998349428116	-65.69541264297209	285.60241747140566	-1000.0	-157.53998349428116	630.1599339771246	157.53998349428116	-157.53998349428116	922.502665057189	-1000.0	-315.0799669885623	630.1599339771246	157.53998349428116	-157.53998349428116	285.60241747140566	1000.0	285.60241747140566	-157.53998349428116	77.497334942811	-157.53998349428116	-157.53998349428116	300.7327310800643	315.0799669885623	-285.60241747140566	157.53998349428116	1000.0	-1000.0	300.7327310800647	-300.7327310800643	-157.53998349428116	315.0799669885623	-315.0799669885623	143.19274758578308	157.53998349428116	157.53998349428116	8.39	315.0799669885623	285.60241747140554
379	-8.164142149356637	32.65656859742655	8.164142149356637	8.164142149356637	-471.1692285064337	8.164142149356637	613.4162392532169	274.30782500000004	471.1692285064337	-8.164142149356637	32.65656859742655	8.164142149356637	-8.164142149356637	209.50723574678312	-1000.0	-16.328284298713275	32.65656859742655	8.164142149356637	-8.164142149356637	274.30782500000004	1000.0	274.30782500000004	-8.164142149356637	790.4927642532168	-8.164142149356637	-8.164142149356637	185.2406671493566	16.328284298713243	-274.30782500000004	8.164142149356637	1000.0	-1000.0	185.24066714935668	-185.2406671493566	-8.164142149356637	16.328284298713275	-16.328284298713243	177.07652499999926	8.164142149356637	8.164142149356637	8.39	16.328284298713275	274.30782500000004
380	-36.84130897862322	147.36523591449287	36.84130897862322	36.84130897862322	-327.00944953285	36.84130897862322	897.8660730641302	345.61376965954105	327.00944953285	-36.84130897862322	147.36523591449287	36.84130897862322	-36.84130897862322	138.97523591449288	-1000.0	-73.68261795724644	147.36523591449287	36.84130897862322	-36.84130897862322	345.61376965954105	1000.0	345.61376965954105	-36.84130897862322	861.0247640855071	-36.84130897862322	-36.84130897862322	0.0	73.6826179572464	-345.61376965954105	36.84130897862322	1000.0	-1000.0	0.0	0.0	-36.84130897862322	73.68261795724644	-73.6826179572464	-36.84130897862315	36.84130897862322	36.84130897862322	8.39	73.68261795724644	345.61376965954105
381	-36.10369015747723	144.41476062990893	36.10369015747723	36.10369015747723	-191.7737484252275	36.10369015747723	473.7184992126133	274.30782499999987	191.7737484252275	-36.10369015747723	144.41476062990893	36.10369015747723	-36.10369015747723	349.20497578738645	-1000.0	-72.20738031495446	144.41476062990893	36.10369015747723	-36.10369015747723	274.30782499999987	1000.0	274.30782499999987	-36.10369015747723	650.7950242126135	-36.10369015747723	-36.10369015747723	213.18021515747745	72.20738031495443	-274.30782499999987	36.10369015747723	1000.0	-1000.0	213.18021515747742	-213.18021515747745	-36.10369015747723	72.20738031495446	-72.20738031495443	177.07652499999926	36.10369015747723	36.10369015747723	8.39	72.20738031495446	274.30782500000004
382	-155.281065	621.12426	155.281065	155.281065	1000.0	155.281065	557.8326772916406	274.30782500000004	-1000.0	-155.281065	621.12426	155.281065	-155.281065	265.09079770835973	-319.9989477083598	-310.56213	621.12426	155.281065	-155.281065	274.30782500000004	319.99894770835976	274.30782500000004	-155.281065	54.90815000000009	-155.281065	-155.281065	-347.64346229164033	310.56213	-274.30782500000004	155.281065	319.99894770835976	-319.9989477083598	-347.6434622916404	347.64346229164033	-155.281065	310.56213	-310.56213	-502.9245272916405	155.281065	155.281065	8.39	310.56213	274.30782500000004
383	-155.281065	621.12426	155.281065	155.281065	1000.0	155.281065	525.7130878118963	274.30782500000004	-1000.0	-155.281065	621.12426	155.281065	-155.281065	297.21038718810377	-352.11853718810397	-310.56213	621.12426	155.281065	-155.281065	274.30782500000004	352.118537188104	274.30782500000004	-155.281065	54.908150000000205	-155.281065	-155.281065	-315.5238728118963	310.56213	-274.30782500000004	155.281065	352.118537188104	-352.11853718810397	-315.5238728118965	315.5238728118963	-155.281065	310.56213	-310.56213	-470.80493781189614	155.281065	155.281065	8.39	310.56213	274.30782500000004
384	-155.281065	621.12426	155.281065	155.281065	1000.0	155.281065	515.0422273715418	274.30782500000004	-1000.0	-155.281065	621.12426	155.281065	-155.281065	307.8812476284585	-362.78939762845863	-310.56213	621.12426	155.281065	-155.281065	274.30782500000004	362.7893976284586	274.30782500000004	-155.281065	54.90815000000015	-155.281065	-155.281065	-304.8530123715416	310.56213	-274.30782500000004	155.281065	362.7893976284586	-362.78939762845863	-304.85301237154175	304.8530123715416	-155.281065	310.56213	-310.56213	-460.13407737154165	155.281065	155.281065	8.39	310.56213	274.30782500000004
385	-155.281065	621.12426	155.281065	155.281065	1000.0	155.281065	737.5173367164206	274.30782500000004	-1000.0	-155.281065	621.12426	155.281065	-155.281065	85.40613828357948	-140.3142882835796	-310.56213	621.12426	155.281065	-155.281065	274.30782500000004	140.31428828357957	274.30782500000004	-155.281065	54.90815000000012	-155.281065	-155.281065	-527.3281217164206	310.56213	-274.30782500000004	155.281065	140.31428828357957	-140.3142882835796	-527.3281217164201	527.3281217164206	-155.281065	310.56213	-310.56213	-682.6091867164205	155.281065	155.281065	8.39	310.56213	274.30782500000004
386	-155.281065	621.12426	155.281065	155.281065	1000.0	155.281065	748.0956186210377	274.30782500000004	-1000.0	-155.281065	621.12426	155.281065	-155.281065	74.82785637896242	-129.73600637896254	-310.56213	621.12426	155.281065	-155.281065	274.30782500000004	129.73600637896254	274.30782500000004	-155.281065	54.90815000000012	-155.281065	-155.281065	-537.9064036210376	310.56213	-274.30782500000004	155.281065	129.73600637896257	-129.73600637896254	-537.9064036210373	537.9064036210376	-155.281065	310.56213	-310.56213	-693.1874686210376	155.281065	155.281065	8.39	310.56213	274.30782500000004
387	-164.87739136243877	659.5095654497551	164.87739136243877	164.87739136243877	1000.0	164.87739136243877	966.8683704365814	322.2894568121938	-1000.0	-164.87739136243877	659.5095654497551	164.87739136243877	-164.87739136243877	0.0	-150.87141362438754	-329.75478272487754	659.5095654497551	164.87739136243877	-164.87739136243877	322.2894568121938	150.87141362438751	322.2894568121938	-164.87739136243877	150.87141362438754	-164.87739136243877	-164.87739136243877	-651.1195654497551	329.7547827248775	-322.2894568121938	164.87739136243877	150.87141362438751	-150.87141362438754	-651.1195654497544	651.1195654497551	-164.87739136243877	329.75478272487754	-329.7547827248775	-815.9969568121938	164.87739136243877	164.87739136243877	8.39	329.75478272487754	322.2894568121937
388	-167.4686720799073	669.8746883196292	167.4686720799073	167.4686720799073	1000.0	167.4686720799073	1000.0	335.2458603995365	-1000.0	-167.4686720799073	669.8746883196292	167.4686720799073	-167.4686720799073	5.737581198609817	-182.52180199768313	-334.9373441598146	669.8746883196292	167.4686720799073	-167.4686720799073	335.2458603995365	182.52180199768316	335.2458603995365	-167.4686720799073	176.7842207990733	-167.4686720799073	-167.4686720799073	-655.7471071210193	334.93734415981453	-335.2458603995365	167.4686720799073	182.52180199768316	-182.5218019976831	-655.74710712102	655.7471071210193	-167.4686720799073	334.9373441598146	-334.93734415981453	-823.2157792009267	167.4686720799073	167.4686720799073	8.39	334.9373441598146	335.24586039953664
389	-159.12582890329685	636.5033156131874	159.12582890329685	159.12582890329685	1000.0	159.12582890329685	252.48161793626537	293.5316445164843	-1000.0	-159.12582890329685	636.5033156131874	159.12582890329685	-159.12582890329685	628.1133156131874	-721.4691046461561	-318.2516578065937	636.5033156131874	159.12582890329685	-159.12582890329685	293.5316445164843	721.4691046461561	293.5316445164843	-159.12582890329685	93.35578903296869	-159.12582890329685	-159.12582890329685	0.0	318.2516578065937	-293.5316445164843	159.12582890329685	721.4691046461561	-721.4691046461561	0.0	0.0	-159.12582890329685	318.2516578065937	-318.2516578065937	-159.12582890329668	159.12582890329685	159.12582890329685	8.39	318.2516578065937	293.5316445164844
390	-167.88927132502215	671.5570853000886	167.88927132502215	167.88927132502215	1000.0	167.88927132502215	1000.0	337.3488566251107	-1000.0	-167.88927132502215	671.5570853000886	167.88927132502215	-167.88927132502215	12.046569875332182	-193.03678312555363	-335.7785426500443	671.5570853000886	167.88927132502215	-167.88927132502215	337.3488566251107	193.0367831255536	337.3488566251107	-167.88927132502215	180.99021325022144	-167.88927132502215	-167.88927132502215	-651.1205154247564	335.7785426500443	-337.3488566251107	167.88927132502215	193.0367831255536	-193.03678312555363	-651.1205154247568	651.1205154247564	-167.88927132502215	335.7785426500443	-335.7785426500443	-819.0097867497785	167.88927132502215	167.88927132502215	8.39	335.7785426500443	337.34885662511084
391	-198.60590112146966	794.4236044858785	198.60590112146966	198.60590112146966	1000.0	198.60590112146966	1000.0	490.93200560734834	-1000.0	-198.60590112146966	794.4236044858785	198.60590112146966	-198.60590112146966	472.7960168220448	-960.9525280367415	-397.2118022429393	794.4236044858785	198.60590112146966	-198.60590112146966	490.93200560734834	960.9525280367415	490.93200560734834	-198.60590112146966	488.15651121469665	-198.60590112146966	-198.60590112146966	-313.23758766383366	397.21180224293926	-490.93200560734834	198.60590112146966	960.9525280367415	-960.9525280367415	-313.23758766383384	313.23758766383366	-198.60590112146966	397.2118022429393	-397.21180224293926	-511.84348878530335	198.60590112146966	198.60590112146966	8.39	397.2118022429393	490.93200560734823
392	-79.06215988147208	316.2486395258883	79.06215988147208	79.06215988147208	-9.21366765439937	79.06215988147208	1000.0	397.82013323456005	9.21366765439937	-79.06215988147208	316.2486395258883	79.06215988147208	-79.06215988147208	193.4603997036802	-1000.0	-158.12431976294417	316.2486395258883	79.06215988147208	-79.06215988147208	397.82013323456005	1000.0	397.82013323456005	-79.06215988147208	806.5396002963198	-79.06215988147208	-79.06215988147208	-114.39823982220804	158.1243197629442	-397.82013323456005	79.06215988147208	1000.0	-1000.0	-114.39823982220793	114.39823982220804	-79.06215988147208	158.12431976294417	-158.1243197629442	-193.4603997036802	79.06215988147208	79.06215988147208	8.39	158.12431976294417	397.82013323456016
393	-154.6396442465576	618.5585769862305	154.63964424655762	154.6396442465576	875.5347757989097	154.6396442465576	1000.0	333.3333333333333	-875.5347757989097	-154.63964424655762	618.5585769862305	154.6396442465576	-154.63964424655762	0.0	-235.19177876721187	-309.27928849311525	618.5585769862305	154.6396442465576	-154.6396442465576	333.3333333333333	235.19177876721187	333.3333333333333	-154.6396442465576	235.19177876721187	-154.6396442465576	-154.63964424655762	-610.1685769862306	309.27928849311525	-333.3333333333333	154.63964424655762	235.19177876721187	-235.19177876721187	-610.1685769862308	610.1685769862306	-154.6396442465576	309.27928849311525	-309.27928849311525	-764.8082212327881	154.63964424655762	154.6396442465576	8.39	309.27928849311525	333.3333333333334
394	-115.30072487173624	461.20289948694494	115.30072487173624	115.30072487173624	482.145582050696	115.30072487173624	1000.0	333.3333333333333	-482.145582050696	-115.30072487173624	461.20289948694494	115.30072487173624	-115.30072487173624	0.0	-431.8863756413189	-230.60144974347247	461.20289948694494	115.30072487173624	-115.30072487173624	333.3333333333333	431.88637564131886	333.3333333333333	-115.30072487173624	431.8863756413189	-115.30072487173624	-115.30072487173624	-452.81289948694496	230.60144974347247	-333.3333333333333	115.30072487173624	431.88637564131886	-431.8863756413189	-452.81289948694524	452.81289948694496	-115.30072487173624	230.60144974347247	-230.60144974347247	-568.1136243586811	115.30072487173624	115.30072487173624	8.39	230.60144974347247	333.3333333333334
395	-196.4543889615376	785.8175558461504	196.4543889615376	196.4543889615376	1000.0	196.4543889615376	1000.0	480.1744448076877	-1000.0	-196.4543889615376	785.8175558461504	196.4543889615376	-196.4543889615376	440.5233344230644	-907.1647240384395	-392.9087779230752	785.8175558461504	196.4543889615376	-196.4543889615376	480.1744448076877	907.1647240384395	480.1744448076877	-196.4543889615376	466.64138961537515	-196.4543889615376	-196.4543889615376	-336.904221423086	392.90877792307515	-480.1744448076877	196.4543889615376	907.1647240384395	-907.1647240384395	-336.90422142308574	336.904221423086	-196.4543889615376	392.9087779230752	-392.90877792307515	-533.3586103846249	196.4543889615376	196.4543889615376	8.39	392.9087779230752	480.174444807687
396	-43.390438040406764	173.56175216162708	43.390438040406764	43.390438040406764	-236.95728626259904	43.390438040406764	1000.0	333.3333333333333	236.95728626259904	-43.390438040406764	173.56175216162708	43.390438040406764	-43.390438040406764	0.0	-791.4378097979661	-86.78087608081353	173.56175216162708	43.390438040406764	-43.390438040406764	333.3333333333333	791.4378097979661	333.3333333333333	-43.390438040406764	791.4378097979661	-43.390438040406764	-43.390438040406764	-165.1717521616271	86.78087608081353	-333.3333333333333	43.390438040406764	791.4378097979661	-791.4378097979661	-165.1717521616269	165.1717521616271	-43.390438040406764	86.78087608081353	-86.78087608081353	-208.5621902020339	43.390438040406764	43.390438040406764	8.39	86.78087608081353	333.3333333333333
397	-45.220655397046286	180.88262158818517	45.22065539704628	45.220655397046286	-218.6551126962037	45.22065539704628	1000.0	333.3333333333333	218.6551126962037	-45.22065539704628	180.88262158818517	45.22065539704628	-45.22065539704628	0.0	-782.2867230147685	-90.44131079409256	180.88262158818517	45.22065539704628	-45.22065539704628	333.3333333333333	782.2867230147685	333.3333333333333	-45.22065539704628	782.2867230147685	-45.220655397046286	-45.22065539704628	-172.49262158818522	90.4413107940926	-333.3333333333333	45.22065539704628	782.2867230147685	-782.2867230147685	-172.49262158818522	172.49262158818522	-45.22065539704628	90.44131079409256	-90.4413107940926	-217.71327698523146	45.22065539704628	45.22065539704628	8.39	90.44131079409256	333.3333333333334
398	-53.92480272230791	215.69921088923164	53.92480272230791	53.92480272230791	-13.562622776920875	53.92480272230791	822.9234749999999	274.307825	13.562622776920875	-53.92480272230791	215.69921088923164	53.92480272230791	-53.92480272230791	0.0	-561.6894613884604	-107.84960544461582	215.69921088923164	53.92480272230791	-53.92480272230791	274.307825	561.6894613884604	274.307825	-53.92480272230791	561.6894613884604	-53.92480272230791	-53.92480272230791	-207.30921088923162	107.8496054446158	-274.307825	53.92480272230791	561.6894613884604	-561.6894613884604	-207.30921088923162	207.30921088923162	-53.92480272230791	107.84960544461582	-107.8496054446158	-261.2340136115396	53.92480272230791	53.92480272230791	8.39	107.84960544461582	274.30782500000004
399	-124.74801829845579	498.9920731938232	124.7480182984558	124.74801829845579	576.6185163178914	124.74801829845579	1000.0	333.3333333333333	-576.6185163178914	-124.7480182984558	498.9920731938232	124.74801829845579	-124.7480182984558	0.0	-384.64990850772097	-249.4960365969116	498.9920731938232	124.74801829845579	-124.74801829845579	333.3333333333333	384.64990850772097	333.3333333333333	-124.74801829845579	384.64990850772097	-124.74801829845579	-124.7480182984558	-490.60207319382323	249.4960365969116	-333.3333333333333	124.7480182984558	384.64990850772097	-384.64990850772097	-490.6020731938231	490.60207319382323	-124.74801829845579	249.4960365969116	-249.4960365969116	-615.350091492279	124.7480182984558	124.74801829845579	8.39	249.4960365969116	333.3333333333334
400	-138.03888069200153	552.1555227680061	138.03888069200153	138.03888069200153	709.5271402533484	138.03888069200153	1000.0	333.3333333333333	-709.5271402533484	-138.03888069200153	552.1555227680061	138.03888069200153	-138.03888069200153	0.0	-318.1955965399924	-276.07776138400305	552.1555227680061	138.03888069200153	-138.03888069200153	333.3333333333333	318.1955965399924	333.3333333333333	-138.03888069200153	318.1955965399924	-138.03888069200153	-138.03888069200153	-543.7655227680061	276.077761384003	-333.3333333333333	138.03888069200153	318.1955965399924	-318.1955965399924	-543.7655227680054	543.7655227680061	-138.03888069200153	276.07776138400305	-276.077761384003	-681.8044034600076	138.03888069200153	138.03888069200153	8.39	276.07776138400305	333.3333333333334
401	-171.69006723782448	686.760268951298	171.6900672378245	171.69006723782448	1000.0	171.6900672378245	288.0566809456111	356.35283618912223	-1000.0	-171.6900672378245	686.760268951298	171.6900672378245	-171.6900672378245	781.0018276217556	-1000.0	-343.380134475649	686.760268951298	171.6900672378245	-171.6900672378245	356.35283618912223	1000.0	356.35283618912223	-171.6900672378245	218.99817237824436	-171.69006723782448	-171.6900672378245	102.63155867045748	343.380134475649	-356.35283618912223	171.6900672378245	1000.0	-1000.0	102.6315586704581	-102.63155867045748	-171.6900672378245	343.380134475649	-343.380134475649	-69.05850856736674	171.6900672378245	171.6900672378245	8.39	343.380134475649	356.35283618912257
402	-187.1634000648305	748.6536002593218	187.1634000648305	187.1634000648305	1000.0	187.1634000648305	1000.0	433.7195003241523	-1000.0	-187.1634000648305	748.6536002593218	187.1634000648305	-187.1634000648305	301.158500972457	-674.8900016207616	-374.326800129661	748.6536002593218	187.1634000648305	-187.1634000648305	433.7195003241523	674.8900016207616	433.7195003241523	-187.1634000648305	373.73150064830463	-187.1634000648305	-187.1634000648305	-439.10509928686463	374.3268001296609	-433.7195003241523	187.1634000648305	674.8900016207616	-674.8900016207616	-439.1050992868646	439.10509928686463	-187.1634000648305	374.326800129661	-374.3268001296609	-626.2684993516954	187.1634000648305	187.1634000648305	8.39	374.326800129661	433.7195003241524
403	-195.20195915390488	780.8078366156195	195.20195915390488	195.20195915390488	1000.0	195.20195915390488	1000.0	473.91229576952446	-1000.0	-195.20195915390488	780.8078366156195	195.20195915390488	-195.20195915390488	421.7368873085734	-875.8539788476223	-390.40391830780976	780.8078366156195	195.20195915390488	-195.20195915390488	473.91229576952446	875.8539788476223	473.91229576952446	-195.20195915390488	454.11709153904894	-195.20195915390488	-195.20195915390488	-350.68094930704615	390.4039183078098	-473.91229576952446	195.20195915390488	875.8539788476223	-875.8539788476223	-350.6809493070462	350.68094930704615	-195.20195915390488	390.40391830780976	-390.4039183078098	-545.8829084609511	195.20195915390488	195.20195915390488	8.39	390.40391830780976	473.91229576952446
404	-34.634207205866744	138.53682882346698	34.634207205866744	34.634207205866744	-206.46857794133302	34.634207205866744	822.9234750000002	274.30782500000004	206.46857794133302	-34.634207205866744	138.53682882346698	34.634207205866744	-34.634207205866744	0.0	-658.1424389706664	-69.26841441173349	138.53682882346698	34.634207205866744	-34.634207205866744	274.30782500000004	658.1424389706664	274.30782500000004	-34.634207205866744	658.1424389706664	-34.634207205866744	-34.634207205866744	-130.146828823467	69.26841441173349	-274.30782500000004	34.634207205866744	658.1424389706664	-658.1424389706664	-130.1468288234666	130.146828823467	-34.634207205866744	69.26841441173349	-69.26841441173349	-164.7810360293338	34.634207205866744	34.634207205866744	8.39	69.26841441173349	274.30782500000004
405	-160.08551395563916	640.3420558225567	160.08551395563916	160.08551395563916	1000.0	160.08551395563916	-2.057151109020083	298.330069778196	-1000.0	-160.08551395563916	640.3420558225567	160.08551395563916	-160.08551395563916	897.047360443608	-1000.0	-320.1710279112783	640.3420558225567	160.08551395563916	-160.08551395563916	298.330069778196	1000.0	298.330069778196	-160.08551395563916	102.952639556392	-160.08551395563916	-160.08551395563916	265.0953046210511	320.1710279112783	-298.330069778196	160.08551395563916	1000.0	-1000.0	265.0953046210509	-265.0953046210511	-160.08551395563916	320.1710279112783	-320.1710279112783	105.0097906654122	160.08551395563916	160.08551395563916	8.39	320.1710279112783	298.3300697781959
406	-163.6309329408881	654.5237317635524	163.6309329408881	163.6309329408881	1000.0	163.6309329408881	86.5783235222036	316.05716470444077	-1000.0	-163.6309329408881	654.5237317635524	163.6309329408881	-163.6309329408881	861.5931705911185	-1000.0	-327.2618658817762	654.5237317635524	163.6309329408881	-163.6309329408881	316.05716470444077	1000.0	316.05716470444077	-163.6309329408881	138.40682940888155	-163.6309329408881	-163.6309329408881	215.45943882756603	327.2618658817762	-316.05716470444077	163.6309329408881	1000.0	-1000.0	215.45943882756546	-215.45943882756603	-163.6309329408881	327.2618658817762	-327.2618658817762	51.828505886677945	163.6309329408881	163.6309329408881	8.39	327.2618658817762	316.05716470444065
407	0.0	0.0	0.0	0.0	-561.6655757938137	0.0	680.801727381441	278.7352878969068	561.6655757938137	0.0	0.0	0.0	0.0	155.40413630927952	-1000.0	0.0	0.0	0.0	0.0	278.7352878969068	1000.0	278.7352878969068	0.0	844.5958636907205	0.0	0.0	163.7941363092795	0.0	-278.7352878969068	0.0	1000.0	-1000.0	163.79413630927934	-163.7941363092795	0.0	0.0	0.0	163.79413630927957	0.0	0.0	8.39	0.0	278.7352878969068
408	-111.13292587733777	444.5317035093511	111.13292587733777	111.13292587733777	558.5186087733782	111.13292587733777	98.57232061331062	274.30782499999987	-558.5186087733782	-111.13292587733777	444.5317035093511	111.13292587733777	-111.13292587733777	724.3511543866891	-1000.0	-222.26585175467554	444.5317035093511	111.13292587733777	-111.13292587733777	274.30782499999987	1000.0	274.30782499999987	-111.13292587733777	275.64884561331087	-111.13292587733777	-111.13292587733777	288.20945087733804	222.2658517546755	-274.30782499999987	111.13292587733777	1000.0	-1000.0	288.2094508773373	-288.20945087733804	-111.13292587733777	222.26585175467554	-222.2658517546755	177.07652499999926	111.13292587733777	111.13292587733777	8.39	222.26585175467554	274.30782500000004
409	-80.16780000000001	320.6712	80.16780000000001	80.16780000000001	0.0	80.16780000000001	1000.0	398.74150000000003	0.0	-80.16780000000001	320.6712	80.16780000000001	-80.16780000000001	196.2245	-1000.0	-160.33560000000003	320.6712	80.16780000000001	-80.16780000000001	398.74150000000003	1000.0	398.74150000000003	-80.16780000000001	803.7755	-80.16780000000001	-80.16780000000001	-116.05669999999995	160.3356	-398.74150000000003	80.16780000000001	1000.0	-1000.0	-116.05669999999984	116.05669999999995	-80.16780000000001	160.33560000000003	-160.3356	-196.22450000000003	80.16780000000001	80.16780000000001	8.39	160.33560000000003	398.7414999999997
410	-36.7669270716665	147.067708286666	36.7669270716665	36.7669270716665	-361.6739410694458	36.7669270716665	1000.0	362.57410589305545	361.6739410694458	-36.7669270716665	147.067708286666	36.7669270716665	-36.7669270716665	87.72231767916625	-1000.0	-73.533854143333	147.067708286666	36.7669270716665	-36.7669270716665	362.57410589305545	1000.0	362.57410589305545	-36.7669270716665	912.2776823208337	-36.7669270716665	-36.7669270716665	-50.955390607499766	73.53385414333297	-362.57410589305545	36.7669270716665	1000.0	-1000.0	-50.955390607499965	50.955390607499766	-36.7669270716665	73.533854143333	-73.53385414333297	-87.72231767916628	36.7669270716665	36.7669270716665	8.39	73.533854143333	362.57410589305533
411	-167.92655243879196	671.7062097551678	167.92655243879196	167.92655243879196	731.3229369899332	167.92655243879196	1000.0	471.87379369899327	-731.3229369899332	-167.92655243879196	671.7062097551678	167.92655243879196	-167.92655243879196	415.6213810969799	-1000.0	-335.8531048775839	671.7062097551678	167.92655243879196	-167.92655243879196	471.87379369899327	1000.0	471.87379369899327	-167.92655243879196	584.3786189030201	-167.92655243879196	-167.92655243879196	-247.69482865818793	335.853104877584	-471.87379369899327	167.92655243879196	1000.0	-1000.0	-247.6948286581881	247.69482865818793	-167.92655243879196	335.8531048775839	-335.853104877584	-415.6213810969799	167.92655243879196	167.92655243879196	8.39	335.8531048775839	471.87379369899327
412	-108.46195440007645	433.84781760030586	108.46195440007644	108.46195440007645	531.8088940007646	108.46195440007645	822.923475	274.30782500000004	-531.8088940007646	-108.46195440007644	433.84781760030586	108.46195440007645	-108.46195440007644	0.0	-289.00370299961776	-216.92390880015293	433.84781760030586	108.46195440007645	-108.46195440007645	274.30782500000004	289.00370299961776	274.30782500000004	-108.46195440007645	289.00370299961776	-108.46195440007645	-108.46195440007644	-425.4578176003059	216.92390880015296	-274.30782500000004	108.46195440007644	289.00370299961776	-289.00370299961776	-425.4578176003058	425.4578176003059	-108.46195440007645	216.92390880015293	-216.92390880015296	-533.9197720003823	108.46195440007644	108.46195440007645	8.39	216.92390880015293	274.30782500000004
413	-91.41834696285159	365.6733878514064	91.41834696285157	91.41834696285159	361.372819628516	91.41834696285159	822.923475	274.30782500000004	-361.372819628516	-91.41834696285157	365.6733878514064	91.41834696285159	-91.41834696285157	0.0	-374.2217401857421	-182.8366939257032	365.6733878514064	91.41834696285159	-91.41834696285159	274.30782500000004	374.2217401857421	274.30782500000004	-91.41834696285159	374.2217401857421	-91.41834696285159	-91.41834696285157	-357.2833878514064	182.83669392570323	-274.30782500000004	91.41834696285157	374.2217401857421	-374.2217401857421	-357.28338785140653	357.2833878514064	-91.41834696285159	182.8366939257032	-182.83669392570323	-448.701734814258	91.41834696285157	91.41834696285159	8.39	182.8366939257032	274.30782500000004
414	-62.58535754256113	250.3414301702445	62.58535754256113	62.58535754256113	0.0	62.58535754256113	690.5364329681723	310.8292877128056	0.0	-62.58535754256113	250.3414301702445	62.58535754256113	-62.58535754256113	241.95143017024452	-869.9025055958557	-125.17071508512225	250.3414301702445	62.58535754256113	-62.58535754256113	310.8292877128056	869.9025055958557	310.8292877128056	-62.58535754256113	627.9510754256112	-62.58535754256113	-62.58535754256113	0.0	125.17071508512231	-310.8292877128056	62.58535754256113	869.9025055958557	-869.9025055958557	0.0	0.0	-62.58535754256113	125.17071508512225	-125.17071508512231	-62.585357542561155	62.58535754256113	62.58535754256113	8.39	125.17071508512225	310.82928771280547
415	-155.28106500000004	621.1242600000002	155.28106500000004	155.28106500000004	1000.0	155.28106500000004	363.92504537482364	274.30782500000015	-1000.0	-155.28106500000004	621.1242600000002	155.28106500000004	-155.28106500000004	458.99842962517675	-513.906579625177	-310.5621300000001	621.1242600000002	155.28106500000004	-155.28106500000004	274.30782500000015	513.906579625177	274.30782500000015	-155.28106500000004	54.908150000000205	-155.28106500000004	-155.28106500000004	-153.73583037482342	310.56213	-274.30782500000015	155.28106500000004	513.906579625177	-513.906579625177	-153.73583037482308	153.73583037482342	-155.28106500000004	310.5621300000001	-310.56213	-309.01689537482343	155.28106500000004	155.28106500000004	8.39	310.5621300000001	274.30782500000004
416	-181.11730631027064	724.4692252410825	181.11730631027064	181.11730631027064	1000.0	181.11730631027064	1000.0	403.4890315513533	-1000.0	-181.11730631027064	724.4692252410825	181.11730631027064	-181.11730631027064	210.4670946540599	-523.7376577567666	-362.23461262054127	724.4692252410825	181.11730631027064	-181.11730631027064	403.4890315513533	523.7376577567666	403.4890315513533	-181.11730631027064	313.27056310270666	-181.11730631027064	-181.11730631027064	-505.6121305870226	362.23461262054127	-403.4890315513533	181.11730631027064	523.7376577567666	-523.7376577567666	-505.61213058702367	505.6121305870226	-181.11730631027064	362.23461262054127	-362.23461262054127	-686.7294368972933	181.11730631027064	181.11730631027064	8.39	362.23461262054127	403.489031551353
417	-82.94853155330816	331.79412621323263	82.94853155330816	82.94853155330816	23.172762944234705	82.94853155330816	1000.0	401.05877629442347	-23.172762944234705	-82.94853155330816	331.79412621323263	82.94853155330816	-82.94853155330816	203.1763288832704	-1000.0	-165.89706310661632	331.79412621323263	82.94853155330816	-82.94853155330816	401.05877629442347	1000.0	401.05877629442347	-82.94853155330816	796.8236711167297	-82.94853155330816	-82.94853155330816	-120.22779732996224	165.89706310661632	-401.05877629442347	82.94853155330816	1000.0	-1000.0	-120.22779732996213	120.22779732996224	-82.94853155330816	165.89706310661632	-165.89706310661632	-203.17632888327034	82.94853155330816	82.94853155330816	8.39	165.89706310661632	401.05877629442335
418	-76.92057301149845	307.6822920459938	76.92057301149845	76.92057301149845	-27.06022490417951	76.92057301149845	1000.0	396.035477509582	27.06022490417951	-76.92057301149845	307.6822920459938	76.92057301149845	-76.92057301149845	188.10643252874613	-1000.0	-153.8411460229969	307.6822920459938	76.92057301149845	-76.92057301149845	396.035477509582	1000.0	396.035477509582	-76.92057301149845	811.8935674712538	-76.92057301149845	-76.92057301149845	-111.18585951724768	153.8411460229969	-396.035477509582	76.92057301149845	1000.0	-1000.0	-111.18585951724782	111.18585951724768	-76.92057301149845	153.8411460229969	-153.8411460229969	-188.10643252874615	76.92057301149845	76.92057301149845	8.39	153.8411460229969	396.0354775095821
419	-74.23432871704836	296.9373148681934	74.23432871704836	74.23432871704836	0.0	74.23432871704836	1000.0	369.0741435852417	0.0	-74.23432871704836	296.9373148681934	74.23432871704836	-74.23432871704836	107.22243075572521	-851.6632179262086	-148.4686574340967	296.9373148681934	74.23432871704836	-74.23432871704836	369.0741435852417	851.6632179262086	369.0741435852417	-74.23432871704836	744.4407871704834	-74.23432871704836	-74.23432871704836	-181.32488411246823	148.4686574340967	-369.0741435852417	74.23432871704836	851.6632179262086	-851.6632179262086	-181.324884112468	181.32488411246823	-74.23432871704836	148.4686574340967	-148.4686574340967	-255.55921282951658	74.23432871704836	74.23432871704836	8.39	148.4686574340967	369.0741435852418
420	-96.14483911064023	384.57935644256094	96.14483911064023	96.14483911064023	226.49016503264227	96.14483911064023	719.9554826680793	365.38161303688	-226.49016503264227	-96.14483911064023	384.57935644256094	96.14483911064023	-96.14483911064023	376.18935644256095	-1000.0	-192.28967822128047	384.57935644256094	96.14483911064023	-96.14483911064023	365.38161303688	1000.0	365.38161303688	-96.14483911064023	623.8106435574391	-96.14483911064023	-96.14483911064023	0.0	192.2896782212805	-365.38161303688	96.14483911064023	1000.0	-1000.0	0.0	0.0	-96.14483911064023	192.28967822128047	-192.2896782212805	-96.14483911064019	96.14483911064023	96.14483911064023	8.39	192.28967822128047	365.3816130368802
421	-174.5090446954597	698.0361787818389	174.5090446954597	174.5090446954597	957.8894171576239	174.5090446954597	484.86286591362057	391.5030148984865	-957.8894171576239	-174.5090446954597	698.0361787818389	174.5090446954597	-174.5090446954597	689.646178781839	-1000.0	-349.0180893909194	698.0361787818389	174.5090446954597	-174.5090446954597	391.5030148984865	1000.0	391.5030148984865	-174.5090446954597	310.353821218161	-174.5090446954597	-174.5090446954597	0.0	349.0180893909194	-391.5030148984865	174.5090446954597	1000.0	-1000.0	0.0	0.0	-174.5090446954597	349.0180893909194	-349.0180893909194	-174.50904469545958	174.5090446954597	174.5090446954597	8.39	349.0180893909194	391.5030148984865
422	-16.213480742452123	64.8539229698085	16.213480742452123	16.213480742452123	-519.53584640378	16.213480742452123	959.7495577726436	338.73782691415073	519.53584640378	-16.213480742452123	64.8539229698085	16.213480742452123	-16.213480742452123	56.46392296980849	-1000.0	-32.42696148490425	64.8539229698085	16.213480742452123	-16.213480742452123	338.73782691415073	1000.0	338.73782691415073	-16.213480742452123	943.5360770301916	-16.213480742452123	-16.213480742452123	0.0	32.42696148490427	-338.73782691415073	16.213480742452123	1000.0	-1000.0	0.0	0.0	-16.213480742452123	32.42696148490425	-32.42696148490427	-16.21348074245202	16.213480742452123	16.213480742452123	8.39	32.42696148490425	338.7378269141506
423	-60.44161713192527	241.7664685277011	60.44161713192526	60.44161713192527	-164.3848572339559	60.44161713192527	1000.0	382.3030142766044	164.3848572339559	-60.44161713192526	241.7664685277011	60.44161713192527	-60.44161713192526	146.9090428298132	-1000.0	-120.88323426385055	241.7664685277011	60.44161713192527	-60.44161713192527	382.3030142766044	1000.0	382.3030142766044	-60.44161713192527	853.0909571701868	-60.44161713192527	-60.44161713192526	-86.46742569788793	120.88323426385057	-382.3030142766044	60.44161713192526	1000.0	-1000.0	-86.46742569788819	86.46742569788793	-60.44161713192527	120.88323426385055	-120.88323426385057	-146.9090428298132	60.44161713192526	60.44161713192527	8.39	120.88323426385055	382.30301427660424
424	-61.69861869717227	246.79447478868912	61.69861869717227	61.69861869717227	0.0	61.69861869717227	538.2704674293071	306.3955934858614	0.0	-61.69861869717227	246.79447478868912	61.69861869717227	-61.69861869717227	380.91631302827716	-1000.0	-123.39723739434454	246.79447478868912	61.69861869717227	-61.69861869717227	306.3955934858614	1000.0	306.3955934858614	-61.69861869717227	619.0836869717228	-61.69861869717227	-61.69861869717227	142.51183823958797	123.39723739434453	-306.3955934858614	61.69861869717227	1000.0	-1000.0	142.5118382395878	-142.51183823958797	-61.69861869717227	123.39723739434454	-123.39723739434453	80.81321954241571	61.69861869717227	61.69861869717227	8.39	123.39723739434454	306.3955934858614
425	-29.126813301067664	116.50725320427065	29.126813301067664	29.126813301067664	-379.59353365599003	29.126813301067664	862.7559334946617	333.3333333333333	379.59353365599003	-29.126813301067664	116.50725320427065	29.126813301067664	-29.126813301067664	137.24406650533834	-1000.0	-58.25362660213533	116.50725320427065	29.126813301067664	-29.126813301067664	333.3333333333333	1000.0	333.3333333333333	-29.126813301067664	862.7559334946617	-29.126813301067664	-29.126813301067664	29.1268133010677	58.25362660213534	-333.3333333333333	29.126813301067664	1000.0	-1000.0	29.12681330106767	-29.1268133010677	-29.126813301067664	58.25362660213533	-58.25362660213534	0.0	29.126813301067664	29.126813301067664	8.39	58.25362660213533	333.3333333333333
426	-60.84800738471896	243.39202953887585	60.84800738471896	60.84800738471896	-62.38159281947706	60.84800738471896	704.1499630764051	333.3333333333333	62.38159281947706	-60.84800738471896	243.39202953887585	60.84800738471896	-60.84800738471896	295.8500369235948	-1000.0	-121.69601476943792	243.39202953887585	60.84800738471896	-60.84800738471896	333.3333333333333	1000.0	333.3333333333333	-60.84800738471896	704.1499630764051	-60.84800738471896	-60.84800738471896	60.848007384718954	121.69601476943797	-333.3333333333333	60.84800738471896	1000.0	-1000.0	60.84800738471888	-60.848007384718954	-60.84800738471896	121.69601476943792	-121.69601476943797	0.0	60.84800738471896	60.84800738471896	8.39	121.69601476943792	333.3333333333334
427	-69.83483280210511	279.33933120842045	69.83483280210511	69.83483280210511	0.0	69.83483280210511	741.6758200526276	347.0766640105256	0.0	-69.83483280210511	279.33933120842045	69.83483280210511	-69.83483280210511	299.55417197894894	-1000.0	-139.66966560421022	279.33933120842045	69.83483280210511	-69.83483280210511	347.0766640105256	1000.0	347.0766640105256	-69.83483280210511	700.445828021051	-69.83483280210511	-69.83483280210511	28.604840770528483	139.6696656042102	-347.0766640105256	69.83483280210511	1000.0	-1000.0	28.604840770528483	-28.604840770528483	-69.83483280210511	139.66966560421022	-139.6696656042102	-41.22999203157656	69.83483280210511	69.83483280210511	8.39	139.66966560421022	347.0766640105255
428	-67.00949907532008	268.0379963012803	67.00949907532008	67.00949907532008	-45.43967529701273	67.00949907532008	807.3615027740398	355.6698330251067	45.43967529701273	-67.00949907532008	268.0379963012803	67.00949907532008	-67.00949907532008	259.64799630128033	-1000.0	-134.01899815064016	268.0379963012803	67.00949907532008	-67.00949907532008	355.6698330251067	1000.0	355.6698330251067	-67.00949907532008	740.3520036987197	-67.00949907532008	-67.00949907532008	0.0	134.0189981506402	-355.6698330251067	67.00949907532008	1000.0	-1000.0	0.0	0.0	-67.00949907532008	134.01899815064016	-134.0189981506402	-67.00949907532004	67.00949907532008	67.00949907532008	8.39	134.01899815064016	355.6698330251066
429	-170.40859721338623	681.6343888535449	170.40859721338623	170.40859721338623	919.6185739916051	170.40859721338623	497.1642083598415	390.1361990711287	-919.6185739916051	-170.40859721338623	681.6343888535449	170.40859721338623	-170.40859721338623	673.2443888535448	-1000.0	-340.81719442677246	681.6343888535449	170.40859721338623	-170.40859721338623	390.1361990711287	1000.0	390.1361990711287	-170.40859721338623	326.7556111464552	-170.40859721338623	-170.40859721338623	0.0	340.8171944267724	-390.1361990711287	170.40859721338623	1000.0	-1000.0	0.0	0.0	-170.40859721338623	340.81719442677246	-340.8171944267724	-170.40859721338632	170.40859721338623	170.40859721338623	8.39	340.81719442677246	390.13619907112894
430	-178.1183975508136	712.4735902032544	178.1183975508136	178.1183975508136	991.57671047426	178.1183975508136	474.03480734755954	392.70613251693794	-991.57671047426	-178.1183975508136	712.4735902032544	178.1183975508136	-178.1183975508136	704.0835902032543	-1000.0	-356.2367951016272	712.4735902032544	178.1183975508136	-178.1183975508136	392.70613251693794	1000.0	392.70613251693794	-178.1183975508136	295.9164097967457	-178.1183975508136	-178.1183975508136	0.0	356.2367951016272	-392.70613251693794	178.1183975508136	1000.0	-1000.0	0.0	0.0	-178.1183975508136	356.2367951016272	-356.2367951016272	-178.11839755081382	178.1183975508136	178.1183975508136	8.39	356.2367951016272	392.70613251693794
431	-168.28988298504063	673.1595319401625	168.28988298504063	168.28988298504063	1000.0	168.28988298504063	1000.0	339.3519149252032	-1000.0	-168.28988298504063	673.1595319401625	168.28988298504063	-168.28988298504063	18.055744775609682	-203.05207462601615	-336.57976597008127	673.1595319401625	168.28988298504063	-168.28988298504063	339.3519149252032	203.05207462601618	339.3519149252032	-168.28988298504063	184.99632985040648	-168.28988298504063	-168.28988298504063	-646.7137871645529	336.5797659700813	-339.3519149252032	168.28988298504063	203.05207462601618	-203.05207462601618	-646.7137871645532	646.7137871645529	-168.28988298504063	336.57976597008127	-336.5797659700813	-815.0036701495935	168.28988298504063	168.28988298504063	8.39	336.57976597008127	339.3519149252032
432	-199.71663272135018	798.8665308854006	199.71663272135018	199.71663272135018	1000.0	199.71663272135018	988.7208180337548	496.48566360675096	-1000.0	-199.71663272135018	798.8665308854006	199.71663272135018	-199.71663272135018	500.736172786498	-1000.0	-399.43326544270036	798.8665308854006	199.71663272135018	-199.71663272135018	496.48566360675096	1000.0	496.48566360675096	-199.71663272135018	499.263827213502	-199.71663272135018	-199.71663272135018	-289.74035809890256	399.4332654427003	-496.48566360675096	199.71663272135018	1000.0	-1000.0	-289.7403580989034	289.74035809890256	-199.71663272135018	399.43326544270036	-399.4332654427003	-489.45699082025277	199.71663272135018	199.71663272135018	8.39	399.43326544270036	496.4856636067511
433	-189.85126365916224	759.4050546366489	189.85126365916224	189.85126365916224	1000.0	189.85126365916224	1000.0	447.1588182958112	-1000.0	-189.85126365916224	759.4050546366489	189.85126365916224	-189.85126365916224	341.47645488743376	-742.0865914790564	-379.7025273183245	759.4050546366489	189.85126365916224	-189.85126365916224	447.1588182958112	742.0865914790564	447.1588182958112	-189.85126365916224	400.6101365916227	-189.85126365916224	-189.85126365916224	-409.538599749215	379.7025273183244	-447.1588182958112	189.85126365916224	742.0865914790564	-742.0865914790564	-409.53859974921573	409.538599749215	-189.85126365916224	379.7025273183245	-379.7025273183244	-599.3898634083773	189.85126365916224	189.85126365916224	8.39	379.7025273183245	447.1588182958112
434	-196.92864041550843	787.7145616620337	196.92864041550843	196.92864041550843	1000.0	196.92864041550843	1000.0	482.5457020775423	-1000.0	-196.92864041550843	787.7145616620337	196.92864041550843	-196.92864041550843	447.63710623262637	-919.0210103877102	-393.85728083101685	787.7145616620337	196.92864041550843	-196.92864041550843	482.5457020775423	919.0210103877102	482.5457020775423	-196.92864041550843	471.3839041550839	-196.92864041550843	-196.92864041550843	-331.68745542940735	393.85728083101685	-482.5457020775423	196.92864041550843	919.0210103877102	-919.0210103877102	-331.68745542940746	331.68745542940735	-196.92864041550843	393.85728083101685	-393.85728083101685	-528.6160958449161	196.92864041550843	196.92864041550843	8.39	393.85728083101685	482.5457020775419
435	-197.14750498877953	788.5900199551181	197.14750498877953	197.14750498877953	974.8308749064962	197.14750498877953	1000.0	496.2245874906495	-974.8308749064962	-197.14750498877953	788.5900199551181	197.14750498877953	-197.14750498877953	488.67376247194886	-1000.0	-394.29500997755906	788.5900199551181	197.14750498877953	-197.14750498877953	496.2245874906495	1000.0	496.2245874906495	-197.14750498877953	511.32623752805114	-197.14750498877953	-197.14750498877953	-291.5262574831693	394.29500997755906	-496.2245874906495	197.14750498877953	1000.0	-1000.0	-291.5262574831694	291.5262574831693	-197.14750498877953	394.29500997755906	-394.29500997755906	-488.67376247194886	197.14750498877953	197.14750498877953	8.39	394.29500997755906	496.2245874906494
436	-179.5983328474576	718.3933313898305	179.5983328474576	179.5983328474576	1000.0	179.5983328474576	1000.0	395.89416423728795	-1000.0	-179.5983328474576	718.3933313898305	179.5983328474576	-179.5983328474576	187.682492711864	-485.76332118643995	-359.1966656949152	718.3933313898305	179.5983328474576	-179.5983328474576	395.89416423728795	485.76332118643995	395.89416423728795	-179.5983328474576	298.0808284745759	-179.5983328474576	-179.5983328474576	-522.3208386779664	359.1966656949153	-395.89416423728795	179.5983328474576	485.76332118643995	-485.76332118643995	-522.320838677966	522.3208386779664	-179.5983328474576	359.1966656949152	-359.1966656949153	-701.9191715254241	179.5983328474576	179.5983328474576	8.39	359.1966656949152	395.8941642372882
437	-157.2778587501344	629.1114350005375	157.2778587501344	157.2778587501344	1000.0	157.2778587501344	-72.24853124663981	284.29179375067207	-1000.0	-157.2778587501344	629.1114350005375	157.2778587501344	-157.2778587501344	925.1239124986558	-1000.0	-314.5557175002688	629.1114350005375	157.2778587501344	-157.2778587501344	284.29179375067207	1000.0	284.29179375067207	-157.2778587501344	74.87608750134416	-157.2778587501344	-157.2778587501344	304.4024774981185	314.55571750026877	-284.29179375067207	157.2778587501344	1000.0	-1000.0	304.402477498118	-304.4024774981185	-157.2778587501344	314.5557175002688	-314.55571750026877	147.12461874798396	157.2778587501344	157.2778587501344	8.39	314.5557175002688	284.29179375067184
438	-45.0446463674328	180.1785854697312	45.04464636743281	45.0446463674328	-292.69294693806	45.0446463674328	1000.0	369.472205306194	292.69294693806	-45.04464636743281	180.1785854697312	45.0446463674328	-45.04464636743281	108.41661591858201	-1000.0	-90.0892927348656	180.1785854697312	45.0446463674328	-45.0446463674328	369.472205306194	1000.0	369.472205306194	-45.0446463674328	891.583384081418	-45.0446463674328	-45.04464636743281	-63.37196955114919	90.08929273486558	-369.472205306194	45.04464636743281	1000.0	-1000.0	-63.37196955114956	63.37196955114919	-45.0446463674328	90.0892927348656	-90.08929273486558	-108.41661591858201	45.04464636743281	45.0446463674328	8.39	90.0892927348656	369.47220530619416
439	-134.56304133385905	538.2521653354362	134.56304133385905	134.56304133385905	453.29367778215834	134.56304133385905	1000.0	444.07086777821587	-453.29367778215834	-134.56304133385905	538.2521653354362	134.56304133385905	-134.56304133385905	332.2126033346476	-1000.0	-269.1260826677181	538.2521653354362	134.56304133385905	-134.56304133385905	444.07086777821587	1000.0	444.07086777821587	-134.56304133385905	667.7873966653524	-134.56304133385905	-134.56304133385905	-197.6495620007886	269.12608266771804	-444.07086777821587	134.56304133385905	1000.0	-1000.0	-197.6495620007883	197.6495620007886	-134.56304133385905	269.1260826677181	-269.12608266771804	-332.2126033346476	134.56304133385905	134.56304133385905	8.39	269.1260826677181	444.07086777821587
440	-95.36441629572658	381.45766518290634	95.36441629572658	95.36441629572658	400.8335129572657	95.36441629572658	449.85580981709364	274.30782500000004	-400.8335129572657	-95.36441629572658	381.45766518290634	95.36441629572658	-95.36441629572658	373.06766518290635	-727.5590587042734	-190.72883259145317	381.45766518290634	95.36441629572658	-95.36441629572658	274.30782500000004	727.5590587042734	274.30782500000004	-95.36441629572658	354.4913935213672	-95.36441629572658	-95.36441629572658	0.0	190.72883259145317	-274.30782500000004	95.36441629572658	727.5590587042734	-727.5590587042734	0.0	0.0	-95.36441629572658	190.72883259145317	-190.72883259145317	-95.36441629572641	95.36441629572658	95.36441629572658	8.39	190.72883259145317	274.30782500000004
441	-60.810988281468084	243.24395312587234	60.810988281468084	60.810988281468084	0.0	60.810988281468084	905.8723242220212	301.9574414073404	0.0	-60.810988281468084	243.24395312587234	60.810988281468084	-60.810988281468084	0.0	-610.2073828146808	-121.62197656293617	243.24395312587234	60.810988281468084	-60.810988281468084	301.9574414073404	610.2073828146808	301.9574414073404	-60.810988281468084	610.2073828146808	-60.810988281468084	-60.810988281468084	-234.85395312587235	121.6219765629362	-301.9574414073404	60.810988281468084	610.2073828146808	-610.2073828146808	-234.85395312587218	234.85395312587235	-60.810988281468084	121.62197656293617	-121.6219765629362	-295.66494140734045	60.810988281468084	60.810988281468084	8.39	121.62197656293617	301.9574414073403
442	-143.14985905514857	572.5994362205943	143.14985905514857	143.14985905514857	524.850492126238	143.14985905514857	1000.0	451.2265492126238	-524.850492126238	-143.14985905514857	572.5994362205943	143.14985905514857	-143.14985905514857	353.6796476378714	-1000.0	-286.29971811029714	572.5994362205943	143.14985905514857	-143.14985905514857	451.2265492126238	1000.0	451.2265492126238	-143.14985905514857	646.3203523621286	-143.14985905514857	-143.14985905514857	-210.52978858272286	286.29971811029714	-451.2265492126238	143.14985905514857	1000.0	-999.9999999999999	-210.52978858272286	210.52978858272286	-143.14985905514857	286.29971811029714	-286.29971811029714	-353.6796476378714	143.14985905514857	143.14985905514857	8.39	286.29971811029714	451.2265492126238
443	-55.69409353403072	222.77637413612294	55.694093534030735	55.69409353403072	4.130285340307182	55.69409353403072	822.923475	274.30782500000004	-4.130285340307182	-55.694093534030735	222.77637413612294	55.69409353403072	-55.694093534030735	0.0	-552.8430073298464	-111.38818706806147	222.77637413612294	55.69409353403072	-55.69409353403072	274.30782500000004	552.8430073298464	274.30782500000004	-55.69409353403072	552.8430073298464	-55.69409353403072	-55.694093534030735	-214.38637413612298	111.38818706806148	-274.30782500000004	55.694093534030735	552.8430073298464	-552.8430073298464	-214.38637413612275	214.38637413612298	-55.69409353403072	111.38818706806147	-111.38818706806148	-270.08046767015367	55.694093534030735	55.69409353403072	8.39	111.38818706806147	274.30782500000004
444	-119.11302798975505	476.4521119590202	119.11302798975505	119.11302798975505	324.543566581292	119.11302798975505	1000.0	431.19585665812923	-324.543566581292	-119.11302798975505	476.4521119590202	119.11302798975505	-119.11302798975505	293.58756997438763	-1000.0	-238.2260559795101	476.4521119590202	119.11302798975505	-119.11302798975505	431.19585665812923	1000.0	431.19585665812923	-119.11302798975505	706.4124300256124	-119.11302798975505	-119.11302798975505	-174.47454198463254	238.22605597951008	-431.19585665812923	119.11302798975505	1000.0	-1000.0	-174.47454198463242	174.47454198463254	-119.11302798975505	238.2260559795101	-238.22605597951008	-293.58756997438763	119.11302798975505	119.11302798975505	8.39	238.2260559795101	431.1958566581291
445	-182.0083053009206	728.0332212036824	182.0083053009206	182.0083053009206	1000.0	182.0083053009206	546.0126325230138	407.9440265046028	-1000.0	-182.0083053009206	728.0332212036824	182.0083053009206	-182.0083053009206	677.8194469907945	-1000.0	-364.0166106018412	728.0332212036824	182.0083053009206	-182.0083053009206	407.9440265046028	1000.0	407.9440265046028	-182.0083053009206	322.1805530092055	-182.0083053009206	-182.0083053009206	-41.82377421288788	364.0166106018412	-407.9440265046028	182.0083053009206	1000.0	-999.9999999999999	-41.823774212886974	41.82377421288788	-182.0083053009206	364.0166106018412	-364.0166106018412	-223.83207951380837	182.0083053009206	182.0083053009206	8.39	364.0166106018412	407.9440265046028
446	-4.884690822075597	19.538763288302388	4.884690822075597	4.884690822075597	-627.35924314937	4.884690822075597	1000.0	336.005575685063	627.35924314937	-4.884690822075597	19.538763288302388	4.884690822075597	-4.884690822075597	8.016727055189	-1000.0	-9.769381644151194	19.538763288302388	4.884690822075597	-4.884690822075597	336.005575685063	1000.0	336.005575685063	-4.884690822075597	991.983272944811	-4.884690822075597	-4.884690822075597	-3.1320362331133857	9.769381644151167	-336.005575685063	4.884690822075597	1000.0	-1000.0	-3.1320362331135243	3.1320362331133857	-4.884690822075597	9.769381644151194	-9.769381644151167	-8.016727055189	4.884690822075597	4.884690822075597	8.39	9.769381644151194	336.005575685063
447	-108.87183066613107	435.4873226645243	108.87183066613107	108.87183066613107	535.9076566613106	108.87183066613107	395.8261523354757	274.30782500000004	-535.9076566613106	-108.87183066613107	435.4873226645243	108.87183066613107	-108.87183066613107	427.09732266452437	-714.051644333869	-217.74366133226215	435.4873226645243	108.87183066613107	-108.87183066613107	274.30782500000004	714.051644333869	274.30782500000004	-108.87183066613107	286.9543216693446	-108.87183066613107	-108.87183066613107	0.0	217.74366133226215	-274.30782500000004	108.87183066613107	714.051644333869	-714.051644333869	0.0	0.0	-108.87183066613107	217.74366133226215	-217.74366133226215	-108.87183066613102	108.87183066613107	108.87183066613107	8.39	217.74366133226215	274.30782500000004
448	-77.47202085146972	309.8880834058789	77.47202085146972	77.47202085146972	0.0	77.47202085146972	932.6055212867433	385.26260425734864	0.0	-77.47202085146972	309.8880834058789	77.47202085146972	-77.47202085146972	223.18229148530267	-1000.0	-154.94404170293944	309.8880834058789	77.47202085146972	-77.47202085146972	385.26260425734864	1000.0	385.26260425734864	-77.47202085146972	776.8177085146973	-77.47202085146972	-77.47202085146972	-78.31579192057623	154.94404170293944	-385.26260425734864	77.47202085146972	1000.0	-999.9999999999999	-78.31579192057637	78.31579192057623	-77.47202085146972	154.94404170293944	-154.94404170293944	-155.78781277204595	77.47202085146972	77.47202085146972	8.39	154.94404170293944	385.26260425734876
449	-65.66548679673943	262.6619471869577	65.66548679673943	65.66548679673943	0.0	65.66548679673943	978.6898019510913	326.22993398369715	0.0	-65.66548679673943	262.6619471869577	65.66548679673943	-65.66548679673943	0.0	-658.7523679673942	-131.33097359347886	262.6619471869577	65.66548679673943	-65.66548679673943	326.22993398369715	658.7523679673942	326.22993398369715	-65.66548679673943	658.7523679673942	-65.66548679673943	-65.66548679673943	-254.27194718695773	131.3309735934788	-326.22993398369715	65.66548679673943	658.7523679673942	-658.7523679673942	-254.2719471869578	254.27194718695773	-65.66548679673943	131.33097359347886	-131.3309735934788	-319.93743398369713	65.66548679673943	65.66548679673943	8.39	131.33097359347886	326.2299339836969
450	0.0	0.0	0.0	0.0	-552.81065	0.0	808.4483784990898	274.30782500000004	552.81065	0.0	0.0	0.0	0.0	14.47509650091025	-845.7885715009103	0.0	0.0	0.0	0.0	274.30782500000004	845.7885715009103	274.30782500000004	0.0	831.313475	0.0	0.0	22.86509650091025	0.0	-274.30782500000004	0.0	845.7885715009103	-845.7885715009103	22.865096500910397	-22.86509650091025	0.0	0.0	0.0	22.865096500910237	0.0	0.0	8.39	0.0	274.30782500000004
451	0.0	0.0	0.0	0.0	-652.3897869988539	0.0	972.2921804982808	324.0973934994269	652.3897869988539	0.0	0.0	0.0	0.0	0.0	-980.6821804982808	0.0	0.0	0.0	0.0	324.0973934994269	980.6821804982808	324.0973934994269	0.0	980.6821804982808	0.0	0.0	8.39	0.0	-324.0973934994269	0.0	980.6821804982808	-980.6821804982808	8.389999999999873	-8.39	0.0	0.0	0.0	8.389999999999986	0.0	0.0	8.39	0.0	324.09739349942697
452	-59.53030160993154	238.12120643972617	59.53030160993154	59.53030160993154	42.49236609931536	59.53030160993154	533.6619669503423	274.30782500000004	-42.49236609931536	-59.53030160993154	238.12120643972617	59.53030160993154	-59.53030160993154	289.2615080496577	-822.923475	-119.06060321986308	238.12120643972617	59.53030160993154	-59.53030160993154	274.30782500000004	822.923475	274.30782500000004	-59.53030160993154	533.6619669503423	-59.53030160993154	-59.53030160993154	59.53030160993154	119.06060321986308	-274.30782500000004	59.53030160993154	822.923475	-822.923475	59.53030160993171	-59.53030160993154	-59.53030160993154	119.06060321986308	-119.06060321986308	0.0	59.53030160993154	59.53030160993154	8.39	119.06060321986308	274.30782500000004
453	-66.19870152598648	264.7948061039459	66.19870152598648	66.19870152598648	0.0	66.19870152598648	664.0845152598648	328.8960076299324	0.0	-66.19870152598648	264.7948061039459	66.19870152598648	-66.19870152598648	322.60350762993244	-986.6880228897973	-132.39740305197296	264.7948061039459	66.19870152598648	-66.19870152598648	328.8960076299324	986.6880228897973	328.8960076299324	-66.19870152598648	664.0845152598648	-66.19870152598648	-66.19870152598648	66.19870152598651	132.39740305197301	-328.8960076299324	66.19870152598648	986.6880228897973	-986.6880228897973	66.19870152598645	-66.19870152598651	-66.19870152598648	132.39740305197296	-132.39740305197301	0.0	66.19870152598648	66.19870152598648	8.39	132.39740305197296	328.8960076299325
454	-155.28106500000004	621.1242600000002	155.28106500000004	155.28106500000004	1000.0	155.28106500000004	334.40232029384947	274.30782500000015	-1000.0	-155.28106500000004	621.1242600000002	155.28106500000004	-155.28106500000004	488.52115470615087	-543.429304706151	-310.5621300000001	621.1242600000002	155.28106500000004	-155.28106500000004	274.30782500000015	543.429304706151	274.30782500000015	-155.28106500000004	54.908150000000205	-155.28106500000004	-155.28106500000004	-124.21310529384937	310.56213	-274.30782500000015	155.28106500000004	543.429304706151	-543.429304706151	-124.21310529384937	124.21310529384937	-155.28106500000004	310.5621300000001	-310.56213	-279.49417029384927	155.28106500000004	155.28106500000004	8.39	310.5621300000001	274.30782500000004
455	-175.99224639678263	703.9689855871305	175.99224639678263	175.99224639678263	1000.0	175.99224639678263	395.6111599195649	377.86373198391306	-1000.0	-175.99224639678263	703.9689855871305	175.99224639678263	-175.99224639678263	737.9800360321741	-1000.0	-351.98449279356527	703.9689855871305	175.99224639678263	-175.99224639678263	377.86373198391306	1000.0	377.86373198391306	-175.99224639678263	262.0199639678259	-175.99224639678263	-175.99224639678263	42.40105044504355	351.9844927935653	-377.86373198391306	175.99224639678263	1000.0	-1000.0	42.40105044504361	-42.40105044504355	-175.99224639678263	351.98449279356527	-351.9844927935653	-133.591195951739	175.99224639678263	175.99224639678263	8.39	351.98449279356527	377.86373198391294
456	-156.61373843010568	626.4549537204226	156.61373843010568	156.61373843010568	1000.0	156.61373843010568	-88.85153924735778	280.9711921505284	-1000.0	-156.61373843010568	626.4549537204226	156.61373843010568	-156.61373843010568	931.7651156989431	-1000.0	-313.22747686021137	626.4549537204226	156.61373843010568	-156.61373843010568	280.9711921505284	1000.0	280.9711921505284	-156.61373843010568	68.23488430105692	-156.61373843010568	-156.61373843010568	313.70016197852067	313.22747686021125	-280.9711921505284	156.61373843010568	1000.0	-1000.0	313.7001619785202	-313.70016197852067	-156.61373843010568	313.22747686021137	-313.22747686021125	157.0864235484146	156.61373843010568	156.61373843010568	8.39	313.22747686021137	280.9711921505284
457	-155.281065	621.12426	155.281065	155.281065	1000.0	155.281065	811.7879202178152	274.3078250000001	-1000.0	-155.281065	621.12426	155.281065	-155.281065	11.135554782184926	-66.04370478218507	-310.56213	621.12426	155.281065	-155.281065	274.3078250000001	66.04370478218505	274.3078250000001	-155.281065	54.90815000000009	-155.281065	-155.281065	-601.5987052178151	310.56213	-274.3078250000001	155.281065	66.04370478218505	-66.04370478218505	-601.598705217815	601.5987052178151	-155.281065	310.56213	-310.56213	-756.8797702178151	155.281065	155.281065	8.39	310.56213	274.30782500000004
458	-155.28106500000004	621.1242600000002	155.28106500000004	155.28106500000004	1000.0	155.28106500000004	567.5983657453596	274.30782500000015	-1000.0	-155.28106500000004	621.1242600000002	155.28106500000004	-155.28106500000004	255.32510925464084	-310.2332592546411	-310.5621300000001	621.1242600000002	155.28106500000004	-155.28106500000004	274.30782500000015	310.2332592546411	274.30782500000015	-155.28106500000004	54.908150000000205	-155.28106500000004	-155.28106500000004	-357.40915074535934	310.56213	-274.30782500000015	155.28106500000004	310.2332592546411	-310.2332592546411	-357.4091507453593	357.40915074535934	-155.28106500000004	310.5621300000001	-310.56213	-512.6902157453594	155.28106500000004	155.28106500000004	8.39	310.5621300000001	274.30782500000004
459	-191.61423214031078	766.4569285612431	191.61423214031078	191.61423214031078	1000.0	191.61423214031078	786.1608035077695	455.97366070155397	-1000.0	-191.61423214031078	766.4569285612431	191.61423214031078	-191.61423214031078	581.7601785968922	-1000.0	-383.22846428062155	766.4569285612431	191.61423214031078	-191.61423214031078	455.97366070155397	1000.0	455.97366070155397	-191.61423214031078	418.23982140310784	-191.61423214031078	-191.61423214031078	-176.30674996435096	383.22846428062155	-455.97366070155397	191.61423214031078	1000.0	-1000.0	-176.3067499643505	176.30674996435096	-191.61423214031078	383.22846428062155	-383.22846428062155	-367.9209821046616	191.61423214031078	191.61423214031078	8.39	383.22846428062155	455.9736607015536
460	-173.34812316416648	693.3924926566659	173.34812316416648	173.34812316416648	1000.0	173.34812316416648	329.5080791041613	364.64311582083224	-1000.0	-173.34812316416648	693.3924926566659	173.34812316416648	-173.34812316416648	764.4212683583356	-1000.0	-346.69624632833296	693.3924926566659	173.34812316416648	-173.34812316416648	364.64311582083224	1000.0	364.64311582083224	-173.34812316416648	235.5787316416645	-173.34812316416648	-173.34812316416648	79.41877570166969	346.696246328333	-364.64311582083224	173.34812316416648	1000.0	-1000.0	79.41877570166997	-79.41877570166969	-173.34812316416648	346.69624632833296	-346.696246328333	-93.92934746249682	173.34812316416648	173.34812316416648	8.39	346.69624632833296	364.64311582083224
461	-191.19553076029717	764.7821230411887	191.19553076029717	191.19553076029717	1000.0	191.19553076029717	775.6932690074295	453.8801538014859	-1000.0	-191.19553076029717	764.7821230411887	191.19553076029717	-191.19553076029717	585.9471923970282	-1000.0	-382.39106152059435	764.7821230411887	191.19553076029717	-191.19553076029717	453.8801538014859	1000.0	453.8801538014859	-191.19553076029717	414.0528076029718	-191.19553076029717	-191.19553076029717	-170.44493064416054	382.39106152059435	-453.8801538014859	191.19553076029717	1000.0	-1000.0	-170.44493064416042	170.44493064416054	-191.19553076029717	382.39106152059435	-382.39106152059435	-361.6404614044577	191.19553076029717	191.19553076029717	8.39	382.39106152059435	453.880153801486
462	-59.26805762002542	237.07223048010167	59.26805762002542	59.26805762002542	-117.69312887976263	59.26805762002542	830.5858271399238	353.0893525400084	117.69312887976263	-59.26805762002542	237.07223048010167	59.26805762002542	-59.26805762002542	228.68223048010168	-1000.0	-118.53611524005083	237.07223048010167	59.26805762002542	-59.26805762002542	353.0893525400084	1000.0	353.0893525400084	-59.26805762002542	771.3177695198983	-59.26805762002542	-59.26805762002542	0.0	118.53611524005078	-353.0893525400084	59.26805762002542	1000.0	-1000.0	0.0	0.0	-59.26805762002542	118.53611524005083	-118.53611524005078	-59.2680576200255	59.26805762002542	59.26805762002542	8.39	118.53611524005083	353.0893525400085
463	-78.5783976401603	314.3135905606412	78.5783976401603	78.5783976401603	62.53671130816305	78.5783976401603	772.6548070795192	359.52613254672013	-62.53671130816305	-78.5783976401603	314.3135905606412	78.5783976401603	-78.5783976401603	305.92359056064123	-1000.0	-157.1567952803206	314.3135905606412	78.5783976401603	-78.5783976401603	359.52613254672013	1000.0	359.52613254672013	-78.5783976401603	694.0764094393587	-78.5783976401603	-78.5783976401603	0.0	157.15679528032058	-359.52613254672013	78.5783976401603	1000.0	-1000.0	0.0	0.0	-78.5783976401603	157.1567952803206	-157.15679528032058	-78.5783976401604	78.5783976401603	78.5783976401603	8.39	157.1567952803206	359.52613254672
464	-74.22456828609137	296.8982731443655	74.22456828609137	74.22456828609137	0.0	74.22456828609137	851.4192071522845	369.0253414304569	0.0	-74.22456828609137	296.8982731443655	74.22456828609137	-74.22456828609137	255.6568171390862	-1000.0	-148.44913657218274	296.8982731443655	74.22456828609137	-74.22456828609137	369.0253414304569	1000.0	369.0253414304569	-74.22456828609137	744.3431828609138	-74.22456828609137	-74.22456828609137	-32.85145600527926	148.44913657218274	-369.0253414304569	74.22456828609137	1000.0	-999.9999999999999	-32.85145600527943	32.85145600527926	-74.22456828609137	148.44913657218274	-148.44913657218274	-107.07602429137066	74.22456828609137	74.22456828609137	8.39	148.44913657218274	369.025341430457
465	-183.04364094842774	732.174563793711	183.04364094842774	183.04364094842774	1000.0	183.04364094842774	1000.0	413.12070474213857	-1000.0	-183.04364094842774	732.174563793711	183.04364094842774	-183.04364094842774	239.36211422641577	-571.896023710693	-366.0872818968555	732.174563793711	183.04364094842774	-183.04364094842774	413.12070474213857	571.896023710693	413.12070474213857	-183.04364094842774	332.5339094842773	-183.04364094842774	-183.04364094842774	-484.42244956729525	366.08728189685553	-413.12070474213857	183.04364094842774	571.896023710693	-571.896023710693	-484.4224495672947	484.42244956729525	-183.04364094842774	366.0872818968555	-366.08728189685553	-667.4660905157227	183.04364094842774	183.04364094842774	8.39	366.0872818968555	413.1207047421388
466	-173.60863773462728	694.4345509385091	173.60863773462728	173.60863773462728	1000.0	173.60863773462728	411.79251508090005	365.9456886731364	-1000.0	-173.60863773462728	694.4345509385091	173.60863773462728	-173.60863773462728	686.0445509385091	-924.2284282847818	-347.21727546925456	694.4345509385091	173.60863773462728	-173.60863773462728	365.9456886731364	924.2284282847818	365.9456886731364	-173.60863773462728	238.18387734627277	-173.60863773462728	-173.60863773462728	0.0	347.21727546925456	-365.9456886731364	173.60863773462728	924.2284282847818	-924.2284282847818	0.0	0.0	-173.60863773462728	347.21727546925456	-347.21727546925456	-173.60863773462734	173.60863773462728	173.60863773462728	8.39	347.21727546925456	365.9456886731364
467	-196.82370322144178	787.2948128857669	196.82370322144178	196.82370322144178	1000.0	196.82370322144178	916.3975805360441	482.0210161072088	-1000.0	-196.82370322144178	787.2948128857669	196.82370322144178	-196.82370322144178	529.6654677855822	-1000.0	-393.64740644288355	787.2948128857669	196.82370322144178	-196.82370322144178	482.0210161072088	1000.0	482.0210161072088	-196.82370322144178	470.3345322144178	-196.82370322144178	-196.82370322144178	-249.23934510018444	393.6474064428835	-482.0210161072088	196.82370322144178	1000.0	-1000.0	-249.2393451001853	249.23934510018444	-196.82370322144178	393.64740644288355	-393.6474064428835	-446.0630483216263	196.82370322144178	196.82370322144178	8.39	393.64740644288355	482.0210161072087
468	-42.27824133625484	169.11296534501932	42.27824133625484	42.27824133625484	-315.74632219787645	42.27824133625484	1000.0	367.1668677802124	315.74632219787645	-42.27824133625484	169.11296534501932	42.27824133625484	-42.27824133625484	101.50060334063708	-1000.0	-84.55648267250967	169.11296534501932	42.27824133625484	-42.27824133625484	367.1668677802124	1000.0	367.1668677802124	-42.27824133625484	898.4993966593629	-42.27824133625484	-42.27824133625484	-59.22236200438219	84.55648267250967	-367.1668677802124	42.27824133625484	1000.0	-1000.0	-59.22236200438215	59.22236200438219	-42.27824133625484	84.55648267250967	-84.55648267250967	-101.50060334063708	42.27824133625484	42.27824133625484	8.39	84.55648267250967	367.16686778021216
469	-177.78448066902192	711.1379226760876	177.7844806690219	177.78448066902192	1000.0	177.7844806690219	440.41701672554746	386.82490334510953	-1000.0	-177.7844806690219	711.1379226760876	177.7844806690219	-177.7844806690219	720.0576933097809	-1000.0	-355.5689613380438	711.1379226760876	177.7844806690219	-177.7844806690219	386.82490334510953	1000.0	386.82490334510953	-177.7844806690219	279.9423066902191	-177.78448066902192	-177.7844806690219	17.309770633693233	355.5689613380438	-386.82490334510953	177.7844806690219	1000.0	-1000.0	17.309770633692892	-17.309770633693233	-177.7844806690219	355.5689613380438	-355.5689613380438	-160.47471003532837	177.7844806690219	177.7844806690219	8.39	355.5689613380438	386.82490334510965
470	-155.281065	621.12426	155.281065	155.281065	1000.0	155.281065	539.710180306989	274.30782500000015	-1000.0	-155.281065	621.12426	155.281065	-155.281065	283.2132946930112	-338.1214446930115	-310.56213	621.12426	155.281065	-155.281065	274.30782500000015	338.1214446930114	274.30782500000015	-155.281065	54.908150000000205	-155.281065	-155.281065	-329.52096530698884	310.56213	-274.30782500000015	155.281065	338.1214446930114	-338.1214446930114	-329.5209653069888	329.52096530698884	-155.281065	310.56213	-310.56213	-484.80203030698874	155.281065	155.281065	8.39	310.56213	274.30782500000004
471	-155.28106499999998	621.1242599999999	155.28106499999998	155.28106499999998	1000.0	155.28106499999998	224.22321919593128	274.3078249999999	-1000.0	-155.28106499999998	621.1242599999999	155.28106499999998	-155.28106499999998	598.7002558040684	-653.6084058040683	-310.56212999999997	621.1242599999999	155.28106499999998	-155.28106499999998	274.3078249999999	653.6084058040683	274.3078249999999	-155.28106499999998	54.908149999999864	-155.28106499999998	-155.28106499999998	-14.034004195931516	310.56213	-274.3078249999999	155.28106499999998	653.6084058040683	-653.6084058040684	-14.034004195931232	14.034004195931516	-155.28106499999998	310.56212999999997	-310.56213	-169.31506919593141	155.28106499999998	155.28106499999998	8.39	310.56212999999997	274.30782500000004
472	-155.281065	621.12426	155.281065	155.281065	1000.0	155.281065	548.2349142158381	274.30782500000004	-1000.0	-155.281065	621.12426	155.281065	-155.281065	274.6885607841623	-329.59671078416244	-310.56213	621.12426	155.281065	-155.281065	274.30782500000004	329.5967107841625	274.30782500000004	-155.281065	54.908150000000205	-155.281065	-155.281065	-338.0456992158378	310.56213	-274.30782500000004	155.281065	329.5967107841625	-329.5967107841625	-338.04569921583743	338.0456992158378	-155.281065	310.56213	-310.56213	-493.3267642158379	155.281065	155.281065	8.39	310.56213	274.30782500000004
473	-187.99069845092606	751.9627938037042	187.99069845092606	187.99069845092606	1000.0	187.99069845092606	695.5724612731515	437.85599225463034	-1000.0	-187.99069845092606	751.9627938037042	187.99069845092606	-187.99069845092606	617.9955154907395	-1000.0	-375.9813969018521	751.9627938037042	187.99069845092606	-187.99069845092606	437.85599225463034	1000.0	437.85599225463034	-187.99069845092606	382.00448450926046	-187.99069845092606	-187.99069845092606	-125.57727831296472	375.9813969018521	-437.85599225463034	187.99069845092606	1000.0	-1000.0	-125.57727831296461	125.57727831296472	-187.99069845092606	375.9813969018521	-375.9813969018521	-313.567976763891	187.99069845092606	187.99069845092606	8.39	375.9813969018521	437.8559922546301
474	-186.99480227999464	747.9792091199786	186.99480227999464	186.99480227999464	1000.0	186.99480227999464	1000.0	432.87651139997325	-1000.0	-186.99480227999464	747.9792091199786	186.99480227999464	-186.99480227999464	298.6295341999197	-670.6750569998662	-373.9896045599893	747.9792091199786	186.99480227999464	-186.99480227999464	432.87651139997325	670.6750569998662	432.87651139997325	-186.99480227999464	372.0455227999465	-186.99480227999464	-186.99480227999464	-440.9596749200589	373.9896045599893	-432.87651139997325	186.99480227999464	670.6750569998662	-670.6750569998663	-440.9596749200588	440.9596749200589	-186.99480227999464	373.9896045599893	-373.9896045599893	-627.9544772000535	186.99480227999464	186.99480227999464	8.39	373.9896045599893	432.87651139997314
475	-155.28106499999996	621.1242599999998	155.28106499999996	155.28106499999996	1000.0	155.28106499999996	-60.67153103119675	274.30782499999975	-1000.0	-155.28106499999996	621.1242599999998	155.28106499999996	-155.28106499999996	883.5950060311959	-938.5031560311959	-310.5621299999999	621.1242599999998	155.28106499999996	-155.28106499999996	274.30782499999964	938.5031560311959	274.30782499999964	-155.28106499999996	54.90814999999998	-155.28106499999996	-155.28106499999996	270.86074603119596	310.5621299999999	-274.30782499999987	155.28106499999996	938.5031560311959	-938.5031560311959	270.86074603119584	-270.86074603119596	-155.28106499999996	310.5621299999999	-310.5621299999999	115.57968103119674	155.28106499999996	155.28106499999996	8.39	310.5621299999999	274.30782500000004
476	-137.69713956927862	550.7885582771145	137.69713956927862	137.69713956927862	824.1607456927867	137.69713956927862	0.0	274.30782499999987	-824.1607456927867	-137.69713956927862	550.7885582771145	137.69713956927862	-137.69713956927862	822.9234749999996	-965.7512521536063	-275.39427913855724	550.7885582771145	137.69713956927862	-137.69713956927862	274.30782499999987	965.7512521536063	274.30782499999987	-137.69713956927862	142.8277771536067	-137.69713956927862	-137.69713956927862	280.5249167228851	275.3942791385573	-274.30782499999987	137.69713956927862	965.7512521536063	-965.7512521536063	280.52491672288505	-280.5249167228851	-137.69713956927862	275.39427913855724	-275.3942791385573	142.8277771536067	137.69713956927862	137.69713956927862	8.39	275.39427913855724	274.30782500000004
477	-140.64552762960665	562.5821105184266	140.64552762960665	140.64552762960665	853.644626296067	140.64552762960665	0.0	274.3078250000003	-853.644626296067	-140.64552762960665	562.5821105184266	140.64552762960665	-140.64552762960665	822.9234749999991	-951.009311851966	-281.2910552592133	562.5821105184266	140.64552762960665	-140.64552762960665	274.3078250000003	951.009311851966	274.3078250000003	-140.64552762960665	128.08583685196686	-140.64552762960665	-140.64552762960665	268.73136448157265	281.2910552592133	-274.3078250000003	140.64552762960665	951.009311851966	-951.009311851966	268.73136448157254	-268.73136448157265	-140.64552762960665	281.2910552592133	-281.2910552592133	128.08583685196686	140.64552762960665	140.64552762960665	8.39	281.2910552592133	274.30782500000004
478	-6.310119777327882	25.24047910931153	6.310119777327882	6.310119777327882	-489.7094522267212	6.310119777327882	622.6863511133606	274.30782500000004	489.7094522267212	-6.310119777327882	25.24047910931153	6.310119777327882	-6.310119777327882	200.23712388663935	-1000.0	-12.620239554655765	25.24047910931153	6.310119777327882	-6.310119777327882	274.30782500000004	1000.0	274.30782500000004	-6.310119777327882	799.7628761133607	-6.310119777327882	-6.310119777327882	183.38664477732783	12.620239554655768	-274.30782500000004	6.310119777327882	1000.0	-1000.0	183.38664477732806	-183.38664477732783	-6.310119777327882	12.620239554655765	-12.620239554655768	177.07652499999926	6.310119777327882	6.310119777327882	8.39	12.620239554655765	274.30782500000004
479	-64.20319879927368	256.8127951970947	64.20319879927368	64.20319879927368	0.0	64.20319879927368	600.884969981842	318.9184939963684	0.0	-64.20319879927368	256.8127951970947	64.20319879927368	-64.20319879927368	355.8705120072632	-1000.0	-128.40639759854736	256.8127951970947	64.20319879927368	-64.20319879927368	318.9184939963684	1000.0	318.9184939963684	-64.20319879927368	644.1294879927368	-64.20319879927368	-64.20319879927368	107.44771681016852	128.4063975985473	-318.9184939963684	64.20319879927368	1000.0	-1000.0	107.44771681016834	-107.44771681016852	-64.20319879927368	128.40639759854736	-128.4063975985473	43.24451801089481	64.20319879927368	64.20319879927368	8.39	128.40639759854736	318.9184939963684
480	-140.83435859181566	563.3374343672626	140.83435859181566	140.83435859181566	838.8879882651307	140.83435859181566	0.0	282.63029882651307	-838.8879882651307	-140.83435859181566	563.3374343672626	140.83435859181566	-140.83435859181566	847.8908964795392	-1000.0	-281.6687171836313	563.3374343672626	140.83435859181566	-140.83435859181566	282.63029882651307	1000.0	282.63029882651307	-140.83435859181566	152.10910352046085	-140.83435859181566	-140.83435859181566	292.9434621122764	281.6687171836313	-282.63029882651307	140.83435859181566	1000.0	-1000.0	292.9434621122762	-292.9434621122764	-140.83435859181566	281.6687171836313	-281.6687171836313	152.10910352046085	140.83435859181566	140.83435859181566	8.39	281.6687171836313	282.6302988265132
481	-35.370418164623615	141.48167265849446	35.370418164623615	35.370418164623615	-199.10646835376414	35.370418164623615	477.38485917688257	274.30782500000015	199.10646835376414	-35.370418164623615	141.48167265849446	35.370418164623615	-35.370418164623615	345.53861582311777	-1000.0	-70.74083632924723	141.48167265849446	35.370418164623615	-35.370418164623615	274.30782500000015	1000.0	274.30782500000015	-35.370418164623615	654.4613841768822	-35.370418164623615	-35.370418164623615	212.44694316462324	70.74083632924726	-274.30782500000015	35.370418164623615	1000.0	-999.9999999999999	212.4469431646234	-212.44694316462324	-35.370418164623615	70.74083632924723	-70.74083632924726	177.07652499999926	35.370418164623615	35.370418164623615	8.39	70.74083632924723	274.30782500000004
482	-71.29243536283235	285.1697414513294	71.29243536283235	71.29243536283235	42.06268696165682	71.29243536283235	1000.0	333.3333333333333	-42.06268696165682	-71.29243536283235	285.1697414513294	71.29243536283235	-71.29243536283235	0.0	-651.9278231858382	-142.5848707256647	285.1697414513294	71.29243536283235	-71.29243536283235	333.3333333333333	651.9278231858382	333.3333333333333	-71.29243536283235	651.9278231858382	-71.29243536283235	-71.29243536283235	-276.7797414513295	142.5848707256647	-333.3333333333333	71.29243536283235	651.9278231858382	-651.9278231858382	-276.7797414513294	276.7797414513295	-71.29243536283235	142.5848707256647	-142.5848707256647	-348.0721768141618	71.29243536283235	71.29243536283235	8.39	142.5848707256647	333.3333333333332
483	-144.40238721382443	577.6095488552977	144.40238721382443	144.40238721382443	773.1622054715779	144.40238721382443	1000.0	333.3333333333333	-773.1622054715779	-144.40238721382443	577.6095488552977	144.40238721382443	-144.40238721382443	0.0	-286.37806393087783	-288.80477442764885	577.6095488552977	144.40238721382443	-144.40238721382443	333.3333333333333	286.37806393087783	333.3333333333333	-144.40238721382443	286.37806393087783	-144.40238721382443	-144.40238721382443	-569.2195488552977	288.8047744276489	-333.3333333333333	144.40238721382443	286.37806393087783	-286.37806393087783	-569.219548855298	569.2195488552977	-144.40238721382443	288.80477442764885	-288.8047744276489	-713.6219360691222	144.40238721382443	144.40238721382443	8.39	288.80477442764885	333.3333333333334
484	-142.744455371823	570.9778214872921	142.744455371823	142.744455371823	756.5828870515634	142.744455371823	1000.0	333.3333333333333	-756.5828870515634	-142.744455371823	570.9778214872921	142.744455371823	-142.744455371823	0.0	-294.66772314088485	-285.488910743646	570.9778214872921	142.744455371823	-142.744455371823	333.3333333333333	294.66772314088485	333.3333333333333	-142.744455371823	294.66772314088485	-142.744455371823	-142.744455371823	-562.5878214872922	285.4889107436461	-333.3333333333333	142.744455371823	294.66772314088485	-294.66772314088485	-562.5878214872914	562.5878214872922	-142.744455371823	285.488910743646	-285.4889107436461	-705.3322768591152	142.744455371823	142.744455371823	8.39	285.488910743646	333.33333333333337
485	-155.28106499999998	621.1242599999999	155.28106499999998	155.28106499999998	1000.0	155.28106499999998	266.73663714302927	274.3078250000001	-1000.0	-155.28106499999998	621.1242599999999	155.28106499999998	-155.28106499999998	556.1868378569704	-611.0949878569704	-310.56212999999997	621.1242599999999	155.28106499999998	-155.28106499999998	274.3078250000001	611.0949878569704	274.3078250000001	-155.28106499999998	54.90814999999998	-155.28106499999998	-155.28106499999998	-56.54742214302951	310.56213	-274.3078250000001	155.28106499999998	611.0949878569704	-611.0949878569704	-56.547422143029564	56.54742214302951	-155.28106499999998	310.56212999999997	-310.56213	-211.8284871430293	155.28106499999998	155.28106499999998	8.39	310.56212999999997	274.30782500000004
486	-160.7641789637153	643.0567158548612	160.7641789637153	160.7641789637153	1000.0	160.7641789637153	905.1701844557293	301.7233948185764	-1000.0	-160.7641789637153	643.0567158548612	160.7641789637153	-160.7641789637153	0.0	-109.73928963715285	-321.5283579274306	643.0567158548612	160.7641789637153	-160.7641789637153	301.7233948185764	109.73928963715285	301.7233948185764	-160.7641789637153	109.73928963715286	-160.7641789637153	-160.7641789637153	-634.6667158548612	321.52835792743053	-301.7233948185764	160.7641789637153	109.73928963715286	-109.73928963715286	-634.666715854861	634.6667158548612	-160.7641789637153	321.5283579274306	-321.52835792743053	-795.4308948185765	160.7641789637153	160.7641789637153	8.39	321.5283579274306	301.72339481857654
487	-82.09012161219329	328.36048644877314	82.09012161219329	82.09012161219329	16.01934676827741	82.09012161219329	1000.0	400.3434346768277	-16.01934676827741	-82.09012161219329	328.36048644877314	82.09012161219329	-82.09012161219329	201.03030403048322	-1000.0	-164.18024322438657	328.36048644877314	82.09012161219329	-82.09012161219329	400.3434346768277	1000.0	400.3434346768277	-82.09012161219329	798.9696959695168	-82.09012161219329	-82.09012161219329	-118.94018241828994	164.18024322438657	-400.3434346768277	82.09012161219329	1000.0	-1000.0	-118.94018241828991	118.94018241828994	-82.09012161219329	164.18024322438657	-164.18024322438657	-201.03030403048322	82.09012161219329	82.09012161219329	8.39	164.18024322438657	400.3434346768278
488	-184.27289536081577	737.0915814432632	184.27289536081577	184.27289536081577	1000.0	184.27289536081577	1000.0	419.26697680407887	-1000.0	-184.27289536081577	737.0915814432632	184.27289536081577	-184.27289536081577	257.80093041223665	-602.6273840203943	-368.54579072163153	737.0915814432632	184.27289536081577	-184.27289536081577	419.26697680407887	602.6273840203943	419.26697680407887	-184.27289536081577	344.82645360815775	-184.27289536081577	-184.27289536081577	-470.90065103102665	368.54579072163165	-419.26697680407887	184.27289536081577	602.6273840203943	-602.6273840203943	-470.9006510310263	470.90065103102665	-184.27289536081577	368.54579072163153	-368.54579072163165	-655.1735463918423	184.27289536081577	184.27289536081577	8.39	368.54579072163153	419.26697680407887
489	-193.42302828464574	773.692113138583	193.42302828464574	193.42302828464574	1000.0	193.42302828464574	831.3807071161441	465.0176414232288	-1000.0	-193.42302828464574	773.692113138583	193.42302828464574	-193.42302828464574	563.6722171535423	-1000.0	-386.8460565692915	773.692113138583	193.42302828464574	-193.42302828464574	465.0176414232288	1000.0	465.0176414232288	-193.42302828464574	436.3277828464577	-193.42302828464574	-193.42302828464574	-201.62989598504066	386.8460565692915	-465.0176414232288	193.42302828464574	1000.0	-1000.0	-201.62989598504055	201.62989598504066	-193.42302828464574	386.8460565692915	-386.8460565692915	-395.0529242696864	193.42302828464574	193.42302828464574	8.39	386.8460565692915	465.01764142322867
490	-193.62020103665483	774.4808041466193	193.62020103665483	193.62020103665483	1000.0	193.62020103665483	1000.0	466.0035051832742	-1000.0	-193.62020103665483	774.4808041466193	193.62020103665483	-193.62020103665483	398.0105155498227	-836.3100259163712	-387.24040207330967	774.4808041466193	193.62020103665483	-193.62020103665483	466.0035051832742	836.3100259163712	466.0035051832742	-193.62020103665483	438.2995103665485	-193.62020103665483	-193.62020103665483	-368.08028859679666	387.2404020733097	-466.0035051832742	193.62020103665483	836.3100259163712	-836.3100259163712	-368.0802885967967	368.08028859679666	-193.62020103665483	387.24040207330967	-387.2404020733097	-561.7004896334515	193.62020103665483	193.62020103665483	8.39	387.24040207330967	466.0035051832742
491	-159.31803399618252	637.2721359847302	159.31803399618252	159.31803399618252	1000.0	159.31803399618252	883.4780099427386	294.49266998091286	-1000.0	-159.31803399618252	637.2721359847302	159.31803399618252	-159.31803399618252	0.0	-95.27783996182586	-318.63606799236504	637.2721359847302	159.31803399618252	-159.31803399618252	294.49266998091286	95.27783996182586	294.49266998091286	-159.31803399618252	95.27783996182586	-159.31803399618252	-159.31803399618252	-628.8821359847303	318.63606799236504	-294.49266998091286	159.31803399618252	95.27783996182586	-95.27783996182586	-628.8821359847309	628.8821359847303	-159.31803399618252	318.63606799236504	-318.63606799236504	-788.2001699809127	159.31803399618252	159.31803399618252	8.39	318.63606799236504	294.49266998091286
492	-155.28106500000007	621.1242600000003	155.28106500000007	155.28106500000007	1000.0	155.28106500000007	355.0107303956313	274.3078250000002	-1000.0	-155.28106500000007	621.1242600000003	155.28106500000007	-155.28106500000007	467.91274460436955	-522.8208946043699	-310.56213000000014	621.1242600000003	155.28106500000007	-155.28106500000007	274.3078250000002	522.8208946043699	274.3078250000002	-155.28106500000007	54.90815000000043	-155.28106500000007	-155.28106500000007	-144.82151539563074	310.56213000000014	-274.3078250000002	155.28106500000007	522.8208946043699	-522.8208946043699	-144.82151539562994	144.82151539563074	-155.28106500000007	310.56213000000014	-310.56213000000014	-300.10258039563087	155.28106500000007	155.28106500000007	8.39	310.56213000000014	274.30782500000004
493	-195.550259617146	782.201038468584	195.550259617146	195.550259617146	1000.0	195.550259617146	1000.0	475.6537980857306	-1000.0	-195.550259617146	782.201038468584	195.550259617146	-195.550259617146	426.96139425718957	-884.5614904286504	-391.100519234292	782.201038468584	195.550259617146	-195.550259617146	475.6537980857306	884.5614904286504	475.6537980857306	-195.550259617146	457.6000961714608	-195.550259617146	-195.550259617146	-346.84964421139443	391.10051923429205	-475.6537980857306	195.550259617146	884.5614904286504	-884.5614904286504	-346.84964421139495	346.84964421139443	-195.550259617146	391.100519234292	-391.10051923429205	-542.3999038285392	195.550259617146	195.550259617146	8.39	391.100519234292	475.65379808572936
494	-162.7545758795146	651.0183035180584	162.7545758795146	162.7545758795146	1000.0	162.7545758795146	64.6693969878653	311.6753793975731	-1000.0	-162.7545758795146	651.0183035180584	162.7545758795146	-162.7545758795146	870.3567412048536	-1000.0	-325.5091517590292	651.0183035180584	162.7545758795146	-162.7545758795146	311.6753793975731	1000.0	311.6753793975731	-162.7545758795146	129.64325879514627	-162.7545758795146	-162.7545758795146	227.72843768679525	325.50915175902924	-311.6753793975731	162.7545758795146	1000.0	-1000.0	227.72843768679508	-227.72843768679525	-162.7545758795146	325.5091517590292	-325.50915175902924	64.97386180728097	162.7545758795146	162.7545758795146	8.39	325.5091517590292	311.6753793975731
495	-163.1046361274382	652.4185445097528	163.1046361274382	163.1046361274382	1000.0	163.1046361274382	73.42090318595535	313.4256806371911	-1000.0	-163.1046361274382	652.4185445097528	163.1046361274382	-163.1046361274382	866.8561387256178	-1000.0	-326.2092722548764	652.4185445097528	163.1046361274382	-163.1046361274382	313.4256806371911	1000.0	313.4256806371911	-163.1046361274382	133.14386127438217	-163.1046361274382	-163.1046361274382	222.82759421586502	326.2092722548764	-313.4256806371911	163.1046361274382	1000.0	-999.9999999999999	222.82759421586462	-222.82759421586502	-163.1046361274382	326.2092722548764	-326.2092722548764	59.722958088426864	163.1046361274382	163.1046361274382	8.39	326.2092722548764	313.4256806371911
496	-155.28106500000004	621.1242600000002	155.28106500000004	155.28106500000004	1000.0	155.28106500000004	712.663901989672	274.30782500000015	-1000.0	-155.28106500000004	621.1242600000002	155.28106500000004	-155.28106500000004	110.25957301032855	-165.1677230103288	-310.5621300000001	621.1242600000002	155.28106500000004	-155.28106500000004	274.30782500000015	165.1677230103288	274.30782500000015	-155.28106500000004	54.908150000000205	-155.28106500000004	-155.28106500000004	-502.47468698967157	310.56213	-274.30782500000015	155.28106500000004	165.16772301032879	-165.1677230103287	-502.4746869896712	502.47468698967157	-155.28106500000004	310.5621300000001	-310.56213	-657.7557519896718	155.28106500000004	155.28106500000004	8.39	310.5621300000001	274.30782500000004
497	-171.88179076782	687.5271630712803	171.88179076782004	171.88179076782	1000.0	171.88179076782004	392.7971984460204	357.31145383910024	-1000.0	-171.88179076782004	687.5271630712803	171.88179076782004	-171.88179076782004	679.1371630712804	-900.0525707494809	-343.76358153564007	687.5271630712803	171.88179076782004	-171.88179076782004	357.31145383910024	900.0525707494809	357.31145383910024	-171.88179076782004	220.9154076782005	-171.88179076782	-171.88179076782004	0.0	343.7635815356401	-357.31145383910024	171.88179076782004	900.0525707494809	-900.0525707494809	0.0	0.0	-171.88179076782004	343.76358153564007	-343.7635815356401	-171.88179076782	171.88179076782004	171.88179076782004	8.39	343.76358153564007	357.3114538391003
498	-160.32070102626844	641.2828041050738	160.32070102626844	160.32070102626844	1000.0	160.32070102626844	265.6252112889523	299.5060051313421	-1000.0	-160.32070102626844	641.2828041050738	160.32070102626844	-160.32070102626844	632.8928041050738	-738.1973143677578	-320.6414020525369	641.2828041050738	160.32070102626844	-160.32070102626844	299.5060051313421	738.1973143677578	299.5060051313421	-160.32070102626844	105.30451026268406	-160.32070102626844	-160.32070102626844	0.0	320.64140205253693	-299.5060051313421	160.32070102626844	738.1973143677578	-738.1973143677578	0.0	0.0	-160.32070102626844	320.6414020525369	-320.64140205253693	-160.32070102626824	160.32070102626844	160.32070102626844	8.39	320.6414020525369	299.50600513134214
499	-167.09695175451265	668.3878070180506	167.09695175451265	167.09695175451265	1000.0	167.09695175451265	1000.0	333.3872587725633	-1000.0	-167.09695175451265	668.3878070180506	167.09695175451265	-167.09695175451265	0.16177631768997003	-173.2287938628167	-334.1939035090253	668.3878070180506	167.09695175451265	-167.09695175451265	333.3872587725633	173.2287938628167	333.3872587725633	-167.09695175451265	173.06701754512676	-167.09695175451265	-167.09695175451265	-659.8360307003607	334.1939035090253	-333.3872587725633	167.09695175451265	173.2287938628167	-173.22879386281673	-659.8360307003605	659.8360307003607	-167.09695175451265	334.1939035090253	-334.1939035090253	-826.9329824548732	167.09695175451265	167.09695175451265	8.39	334.1939035090253	333.3872587725633
500	-155.2810649999999	621.1242599999996	155.2810649999999	155.2810649999999	1000.0	155.2810649999999	126.23285898072484	274.30782499999975	-1000.0	-155.2810649999999	621.1242599999996	155.2810649999999	-155.2810649999999	696.6906160192741	-751.5987660192736	-310.5621299999998	621.1242599999996	155.2810649999999	-155.2810649999999	274.3078249999995	751.5987660192736	274.3078249999995	-155.2810649999999	54.90814999999975	-155.2810649999999	-155.2810649999999	83.9563560192745	310.5621299999998	-274.30782499999987	155.2810649999999	751.5987660192736	-751.5987660192736	83.95635601927438	-83.9563560192745	-155.2810649999999	310.5621299999998	-310.5621299999998	-71.32470898072529	155.2810649999999	155.2810649999999	8.39	310.5621299999998	274.30782500000004
501	-155.28106499999996	621.1242599999998	155.28106499999996	155.28106499999996	1000.0	155.28106499999996	135.76405787002378	274.30782499999975	-1000.0	-155.28106499999996	621.1242599999998	155.28106499999996	-155.28106499999996	687.1594171299757	-742.067567129975	-310.5621299999999	621.1242599999998	155.28106499999996	-155.28106499999996	274.3078249999995	742.067567129975	274.3078249999995	-155.28106499999996	54.90814999999975	-155.28106499999996	-155.28106499999996	74.42515712997579	310.5621299999999	-274.30782499999987	155.28106499999996	742.067567129975	-742.067567129975	74.42515712997567	-74.42515712997579	-155.28106499999996	310.5621299999999	-310.5621299999999	-80.85590787002457	155.28106499999996	155.28106499999996	8.39	310.5621299999999	274.30782500000004
502	-195.9028744788616	783.6114979154464	195.9028744788616	195.9028744788616	1000.0	195.9028744788616	1000.0	477.4168723943081	-1000.0	-195.9028744788616	783.6114979154464	195.9028744788616	-195.9028744788616	432.2506171829244	-893.3768619715407	-391.8057489577232	783.6114979154464	195.9028744788616	-195.9028744788616	477.4168723943081	893.3768619715407	477.4168723943081	-195.9028744788616	461.1262447886163	-195.9028744788616	-195.9028744788616	-342.97088073252206	391.80574895772315	-477.4168723943081	195.9028744788616	893.3768619715407	-893.3768619715406	-342.9708807325225	342.97088073252206	-195.9028744788616	391.8057489577232	-391.80574895772315	-538.8737552113837	195.9028744788616	195.9028744788616	8.39	391.8057489577232	477.4168723943082
503	-155.28106499999998	621.1242599999999	155.28106499999998	155.28106499999998	1000.0	155.28106499999998	154.7693826013804	274.3078250000001	-1000.0	-155.28106499999998	621.1242599999999	155.28106499999998	-155.28106499999998	668.1540923986192	-723.0622423986192	-310.56212999999997	621.1242599999999	155.28106499999998	-155.28106499999998	274.3078250000001	723.0622423986192	274.3078250000001	-155.28106499999998	54.90814999999998	-155.28106499999998	-155.28106499999998	55.41983239861929	310.56213	-274.3078250000001	155.28106499999998	723.0622423986192	-723.0622423986192	55.419832398619235	-55.41983239861929	-155.28106499999998	310.56212999999997	-310.56213	-99.86123260138038	155.28106499999998	155.28106499999998	8.39	310.56212999999997	274.30782500000004
504	-99.0434691839467	396.1738767357868	99.0434691839467	99.0434691839467	157.2972431995555	99.0434691839467	1000.0	414.4712243199556	-157.2972431995555	-99.0434691839467	396.1738767357868	99.0434691839467	-99.0434691839467	243.41367295986674	-1000.0	-198.0869383678934	396.1738767357868	99.0434691839467	-99.0434691839467	414.4712243199556	1000.0	414.4712243199556	-99.0434691839467	756.5863270401333	-99.0434691839467	-99.0434691839467	-144.37020377592	198.08693836789337	-414.4712243199556	99.0434691839467	1000.0	-1000.0	-144.3702037759199	144.37020377592	-99.0434691839467	198.0869383678934	-198.08693836789337	-243.41367295986674	99.0434691839467	99.0434691839467	8.39	198.0869383678934	414.4712243199556
505	-151.08505110232738	604.3402044093095	151.08505110232738	151.08505110232738	590.977092519395	151.08505110232738	1000.0	457.8392092519395	-590.977092519395	-151.08505110232738	604.3402044093095	151.08505110232738	-151.08505110232738	373.51762775581847	-1000.0	-302.17010220465477	604.3402044093095	151.08505110232738	-151.08505110232738	457.8392092519395	1000.0	457.8392092519395	-151.08505110232738	626.4823722441815	-151.08505110232738	-151.08505110232738	-222.43257665349108	302.17010220465477	-457.8392092519395	151.08505110232738	1000.0	-1000.0	-222.43257665349205	222.43257665349108	-151.08505110232738	302.17010220465477	-302.17010220465477	-373.51762775581847	151.08505110232738	151.08505110232738	8.39	302.17010220465477	457.8392092519394
506	-185.0635844348582	740.2543377394328	185.06358443485826	185.0635844348582	874.1315369571514	185.0635844348582	1000.0	486.15465369571524	-874.1315369571514	-185.06358443485826	740.2543377394328	185.0635844348582	-185.06358443485826	458.46396108714555	-1000.0	-370.1271688697164	740.2543377394328	185.0635844348582	-185.0635844348582	486.15465369571524	1000.0	486.15465369571524	-185.0635844348582	541.5360389128545	-185.0635844348582	-185.06358443485826	-273.4003766522874	370.12716886971634	-486.15465369571524	185.06358443485826	1000.0	-1000.0	-273.4003766522867	273.4003766522874	-185.0635844348582	370.1271688697164	-370.12716886971634	-458.46396108714555	185.06358443485826	185.0635844348582	8.39	370.1271688697164	486.1546536957151
507	-7.764356979994438	31.057427919977744	7.764356979994438	7.764356979994438	-603.362025166713	7.764356979994438	1000.0	338.4052974833287	603.362025166713	-7.764356979994438	31.057427919977744	7.764356979994438	-7.764356979994438	15.215892449986098	-1000.0	-15.528713959988876	31.057427919977744	7.764356979994438	-7.764356979994438	338.4052974833287	1000.0	338.4052974833287	-7.764356979994438	984.7841075500139	-7.764356979994438	-7.764356979994438	-7.4515354699916365	15.528713959988863	-338.4052974833287	7.764356979994438	1000.0	-1000.0	-7.451535469991711	7.4515354699916365	-7.764356979994438	15.528713959988876	-15.528713959988863	-15.215892449986086	7.764356979994438	7.764356979994438	8.39	15.528713959988876	338.4052974833287
508	-78.97296731613163	315.89186926452646	78.97296731613163	78.97296731613163	0.0	78.97296731613163	1000.0	392.76733658065814	0.0	-78.97296731613163	315.89186926452646	78.97296731613163	-78.97296731613163	178.30200974197453	-970.1291829032909	-157.94593463226326	315.89186926452646	78.97296731613163	-78.97296731613163	392.76733658065814	970.1291829032909	392.76733658065814	-78.97296731613163	791.8271731613164	-78.97296731613163	-78.97296731613163	-129.1998595225519	157.9459346322633	-392.76733658065814	78.97296731613163	970.1291829032909	-970.1291829032908	-129.19985952255206	129.1998595225519	-78.97296731613163	157.94593463226326	-157.9459346322633	-208.1728268386836	78.97296731613163	78.97296731613163	8.39	157.94593463226326	392.76733658065837
509	-66.89698107554977	267.5879243021991	66.89698107554977	66.89698107554977	0.0	66.89698107554977	997.1622161332466	332.38740537774885	0.0	-66.89698107554977	267.5879243021991	66.89698107554977	-66.89698107554977	0.0	-671.0673107554977	-133.79396215109955	267.5879243021991	66.89698107554977	-66.89698107554977	332.38740537774885	671.0673107554977	332.38740537774885	-66.89698107554977	671.0673107554977	-66.89698107554977	-66.89698107554977	-259.1979243021991	133.79396215109955	-332.38740537774885	66.89698107554977	671.0673107554977	-671.0673107554977	-259.19792430219906	259.1979243021991	-66.89698107554977	133.79396215109955	-133.79396215109955	-326.0949053777489	66.89698107554977	66.89698107554977	8.39	133.79396215109955	332.3874053777487
510	-70.33563651317016	281.34254605268063	70.33563651317016	70.33563651317016	0.0	70.33563651317016	1000.0	349.58068256585074	0.0	-70.33563651317016	281.34254605268063	70.33563651317016	-70.33563651317016	48.742047697552266	-754.1959128292538	-140.67127302634032	281.34254605268063	70.33563651317016	-70.33563651317016	349.58068256585074	754.1959128292538	349.58068256585074	-70.33563651317016	705.4538651317016	-70.33563651317016	-70.33563651317016	-224.21049835512838	140.67127302634026	-349.58068256585074	70.33563651317016	754.1959128292538	-754.1959128292538	-224.21049835512844	224.21049835512838	-70.33563651317016	140.67127302634032	-140.67127302634026	-294.5461348682984	70.33563651317016	70.33563651317016	8.39	140.67127302634032	349.5806825658508
511	-69.50437280226943	278.0174912090777	69.50437280226943	69.50437280226943	0.0	69.50437280226943	1000.0	345.4243640113472	0.0	-69.50437280226943	278.0174912090777	69.50437280226943	-69.50437280226943	36.273092034041554	-733.414320056736	-139.00874560453886	278.0174912090777	69.50437280226943	-69.50437280226943	345.4243640113472	733.414320056736	345.4243640113472	-69.50437280226943	697.1412280226943	-69.50437280226943	-69.50437280226943	-233.35439917503618	139.00874560453883	-345.4243640113472	69.50437280226943	733.414320056736	-733.414320056736	-233.35439917503626	233.35439917503618	-69.50437280226943	139.00874560453886	-139.00874560453883	-302.85877197730565	69.50437280226943	69.50437280226943	8.39	139.00874560453886	345.4243640113471
512	-71.66910320589533	286.67641282358124	71.66910320589533	71.66910320589533	0.0	71.66910320589533	1000.0	356.24801602947656	0.0	-71.66910320589533	286.67641282358124	71.66910320589533	-71.66910320589533	68.74404808842979	-787.532580147383	-143.33820641179065	286.67641282358124	71.66910320589533	-71.66910320589533	356.24801602947656	787.532580147383	356.24801602947656	-71.66910320589533	718.7885320589533	-71.66910320589533	-71.66910320589533	-209.5423647351514	143.33820641179068	-356.24801602947656	71.66910320589533	787.532580147383	-787.532580147383	-209.54236473515132	209.5423647351514	-71.66910320589533	143.33820641179065	-143.33820641179068	-281.21146794104675	71.66910320589533	71.66910320589533	8.39	143.33820641179065	356.2480160294767
513	-94.100958051095	376.40383220438	94.100958051095	94.100958051095	116.10965042579167	94.100958051095	1000.0	410.35246504257924	-116.10965042579167	-94.100958051095	376.40383220438	94.100958051095	-94.100958051095	231.05739512773752	-1000.0	-188.20191610219	376.40383220438	94.100958051095	-94.100958051095	410.35246504257924	1000.0	410.35246504257924	-94.100958051095	768.9426048722625	-94.100958051095	-94.100958051095	-136.95643707664252	188.20191610219	-410.35246504257924	94.100958051095	1000.0	-1000.0	-136.95643707664254	136.95643707664252	-94.100958051095	188.20191610219	-188.20191610219	-231.05739512773755	94.100958051095	94.100958051095	8.39	188.20191610219	410.3524650425791
514	-61.770821541089134	247.08328616435654	61.770821541089134	61.770821541089134	0.0	61.770821541089134	920.269823116337	306.7566077054457	0.0	-61.770821541089134	247.08328616435654	61.770821541089134	-61.770821541089134	0.0	-619.8057154108913	-123.54164308217827	247.08328616435654	61.770821541089134	-61.770821541089134	306.7566077054457	619.8057154108913	306.7566077054457	-61.770821541089134	619.8057154108913	-61.770821541089134	-61.770821541089134	-238.69328616435655	123.54164308217833	-306.7566077054457	61.770821541089134	619.8057154108913	-619.8057154108913	-238.69328616435627	238.69328616435655	-61.770821541089134	123.54164308217827	-123.54164308217833	-300.4641077054457	61.770821541089134	61.770821541089134	8.39	123.54164308217827	306.75660770544556
515	-69.99027819203758	279.9611127681503	69.99027819203758	69.99027819203758	-84.81268173302016	69.99027819203758	1000.0	390.2602318266979	84.81268173302016	-69.99027819203758	279.9611127681503	69.99027819203758	-69.99027819203758	170.78069548009395	-1000.0	-139.98055638407516	279.9611127681503	69.99027819203758	-69.99027819203758	390.2602318266979	1000.0	390.2602318266979	-69.99027819203758	829.219304519906	-69.99027819203758	-69.99027819203758	-100.79041728805637	139.98055638407516	-390.2602318266979	69.99027819203758	1000.0	-1000.0	-100.79041728805623	100.79041728805637	-69.99027819203758	139.98055638407516	-139.98055638407516	-170.78069548009398	69.99027819203758	69.99027819203758	8.39	139.98055638407516	390.2602318266979
516	-58.01632262458104	232.06529049832417	58.01632262458104	58.01632262458104	-184.59564479515797	58.01632262458104	1000.0	380.28193552048424	184.59564479515797	-58.01632262458104	232.06529049832417	58.01632262458104	-58.01632262458104	140.8458065614526	-1000.0	-116.03264524916209	232.06529049832417	58.01632262458104	-58.01632262458104	380.28193552048424	1000.0	380.28193552048424	-58.01632262458104	859.1541934385474	-58.01632262458104	-58.01632262458104	-82.82948393687155	116.0326452491621	-380.28193552048424	58.01632262458104	1000.0	-1000.0	-82.82948393687174	82.82948393687155	-58.01632262458104	116.03264524916209	-116.0326452491621	-140.8458065614526	58.01632262458104	58.01632262458104	8.39	116.03264524916209	380.281935520484
517	-63.10293614148938	252.41174456595752	63.10293614148938	63.10293614148938	0.0	63.10293614148938	573.3784035372342	313.4171807074469	0.0	-63.10293614148938	252.41174456595752	63.10293614148938	-63.10293614148938	366.87313858510635	-1000.0	-126.20587228297876	252.41174456595752	63.10293614148938	-63.10293614148938	313.4171807074469	1000.0	313.4171807074469	-63.10293614148938	633.1268614148937	-63.10293614148938	-63.10293614148938	122.85139401914884	126.20587228297882	-313.4171807074469	63.10293614148938	1000.0	-1000.0	122.85139401914927	-122.85139401914884	-63.10293614148938	126.20587228297876	-126.20587228297882	59.74845787765935	63.10293614148938	63.10293614148938	8.39	126.20587228297876	313.4171807074468
518	-140.24526659065114	560.9810663626046	140.24526659065114	140.24526659065114	849.6420159065113	140.24526659065114	-46.989382953256296	274.3078249999999	-849.6420159065113	-140.24526659065114	560.9810663626046	140.24526659065114	-140.24526659065114	869.912857953256	-1000.0	-280.4905331813023	560.9810663626046	140.24526659065114	-140.24526659065114	274.3078249999999	1000.0	274.3078249999999	-140.24526659065114	130.08714204674402	-140.24526659065114	-140.24526659065114	317.3217915906514	280.4905331813022	-274.3078249999999	140.24526659065114	1000.0	-1000.0	317.321791590652	-317.3217915906514	-140.24526659065114	280.4905331813023	-280.4905331813022	177.07652499999926	140.24526659065114	140.24526659065114	8.39	280.4905331813023	274.30782500000004
519	-147.30095624432872	589.2038249773149	147.30095624432872	147.30095624432872	920.198912443288	147.30095624432872	-82.26783122164412	274.3078249999999	-920.198912443288	-147.30095624432872	589.2038249773149	147.30095624432872	-147.30095624432872	905.1913062216438	-1000.0	-294.60191248865743	589.2038249773149	147.30095624432872	-147.30095624432872	274.3078249999999	1000.0	274.3078249999999	-147.30095624432872	94.8086937783562	-147.30095624432872	-147.30095624432872	324.37748124432903	294.6019124886575	-274.3078249999999	147.30095624432872	1000.0	-1000.0	324.3774812443277	-324.37748124432903	-147.30095624432872	294.60191248865743	-294.6019124886575	177.07652499999926	147.30095624432872	147.30095624432872	8.39	294.60191248865743	274.30782500000004
520	-18.240213329084728	72.96085331633891	18.240213329084728	18.240213329084728	-500.61967559520923	18.240213329084728	953.6693600127459	339.41340444302824	500.61967559520923	-18.240213329084728	72.96085331633891	18.240213329084728	-18.240213329084728	64.57085331633891	-1000.0	-36.480426658169456	72.96085331633891	18.240213329084728	-18.240213329084728	339.41340444302824	1000.0	339.41340444302824	-18.240213329084728	935.4291466836611	-18.240213329084728	-18.240213329084728	0.0	36.48042665816945	-339.41340444302824	18.240213329084728	1000.0	-1000.0	0.0	0.0	-18.240213329084728	36.480426658169456	-36.48042665816945	-18.240213329084668	18.240213329084728	18.240213329084728	8.39	36.480426658169456	339.41340444302836
521	-25.319758788833603	101.27903515533443	25.319758788833603	25.319758788833603	-434.5439179708864	25.319758788833603	932.4307236334992	341.77325292961126	434.5439179708864	-25.319758788833603	101.27903515533443	25.319758788833603	-25.319758788833603	92.88903515533444	-1000.0	-50.639517577667206	101.27903515533443	25.319758788833603	-25.319758788833603	341.77325292961126	1000.0	341.77325292961126	-25.319758788833603	907.1109648446655	-25.319758788833603	-25.319758788833603	0.0	50.63951757766722	-341.77325292961126	25.319758788833603	1000.0	-1000.0	0.0	0.0	-25.319758788833603	50.639517577667206	-50.63951757766722	-25.31975878883361	25.319758788833603	25.319758788833603	8.39	50.639517577667206	341.7732529296109
522	-120.82091769562871	483.28367078251483	120.82091769562871	120.82091769562871	655.3985269562872	120.82091769562871	50.13236152185577	274.3078249999999	-655.3985269562872	-120.82091769562871	483.28367078251483	120.82091769562871	-120.82091769562871	772.7911134781438	-1000.0	-241.64183539125742	483.28367078251483	120.82091769562871	-120.82091769562871	274.3078249999999	1000.0	274.3078249999999	-120.82091769562871	227.20888652185624	-120.82091769562871	-120.82091769562871	297.897442695629	241.64183539125747	-274.3078249999999	120.82091769562871	1000.0	-1000.0	297.8974426956292	-297.897442695629	-120.82091769562871	241.64183539125742	-241.64183539125747	177.07652499999926	120.82091769562871	120.82091769562871	8.39	241.64183539125742	274.30782500000004
523	-138.46014182982253	553.8405673192901	138.46014182982253	138.46014182982253	831.7907682982254	138.46014182982253	-38.06375914911325	274.3078249999999	-831.7907682982254	-138.46014182982253	553.8405673192901	138.46014182982253	-138.46014182982253	860.987234149113	-1000.0	-276.92028365964507	553.8405673192901	138.46014182982253	-138.46014182982253	274.3078249999999	1000.0	274.3078249999999	-138.46014182982253	139.01276585088704	-138.46014182982253	-138.46014182982253	315.5366668298228	276.92028365964507	-274.3078249999999	138.46014182982253	1000.0	-1000.0	315.53666682982293	-315.5366668298228	-138.46014182982253	276.92028365964507	-276.92028365964507	177.07652499999926	138.46014182982253	138.46014182982253	8.39	276.92028365964507	274.30782500000004
524	-154.3902452688686	617.5609810754744	154.3902452688686	154.3902452688686	991.0918026886861	154.3902452688686	-117.71427634434356	274.3078249999999	-991.0918026886861	-154.3902452688686	617.5609810754744	154.3902452688686	-154.3902452688686	940.6377513443433	-1000.0	-308.7804905377372	617.5609810754744	154.3902452688686	-154.3902452688686	274.3078249999999	1000.0	274.3078249999999	-154.3902452688686	59.362248655656686	-154.3902452688686	-154.3902452688686	331.4667702688689	308.78049053773725	-274.3078249999999	154.3902452688686	1000.0	-1000.0	331.46677026886886	-331.4667702688689	-154.3902452688686	308.7804905377372	-308.78049053773725	177.07652499999926	154.3902452688686	154.3902452688686	8.39	308.7804905377372	274.30782500000004
525	-134.56753846002545	538.2701538401019	134.56753846002542	134.56753846002545	786.6644871668791	134.56753846002545	0.0	277.4079487166878	-786.6644871668791	-134.56753846002542	538.2701538401019	134.56753846002545	-134.56753846002542	832.2238461500637	-1000.0	-269.13507692005095	538.2701538401019	134.56753846002545	-134.56753846002545	277.4079487166878	1000.0	277.4079487166878	-134.56753846002545	167.77615384993638	-134.56753846002545	-134.56753846002542	302.34369230996174	269.135076920051	-277.4079487166878	134.56753846002542	1000.0	-1000.0	302.34369230996117	-302.34369230996174	-134.56753846002545	269.13507692005095	-269.135076920051	167.77615384993638	134.56753846002542	134.56753846002545	8.39	269.13507692005095	277.40794871668794
526	-122.60247933318227	490.4099173327291	122.60247933318227	122.60247933318227	673.2141433318232	122.60247933318227	41.22455333408812	274.3078249999999	-673.2141433318232	-122.60247933318227	490.4099173327291	122.60247933318227	-122.60247933318227	781.6989216659116	-1000.0	-245.20495866636455	490.4099173327291	122.60247933318227	-122.60247933318227	274.3078249999999	1000.0	274.3078249999999	-122.60247933318227	218.3010783340884	-122.60247933318227	-122.60247933318227	299.6790043331825	245.20495866636452	-274.3078249999999	122.60247933318227	1000.0	-1000.0	299.67900433318226	-299.6790043331825	-122.60247933318227	245.20495866636455	-245.20495866636452	177.07652499999926	122.60247933318227	122.60247933318227	8.39	245.20495866636455	274.30782500000004
527	-69.39940959250522	277.5976383700209	69.39940959250522	69.39940959250522	141.18344592505238	69.39940959250522	307.23990203747337	274.3078249999999	-141.18344592505238	-69.39940959250522	277.5976383700209	69.39940959250522	-69.39940959250522	515.6835729625263	-1000.0	-138.79881918501044	277.5976383700209	69.39940959250522	-69.39940959250522	274.3078249999999	1000.0	274.3078249999999	-69.39940959250522	484.31642703747366	-69.39940959250522	-69.39940959250522	246.47593459250544	138.79881918501042	-274.3078249999999	69.39940959250522	1000.0	-1000.0	246.47593459250552	-246.47593459250544	-69.39940959250522	138.79881918501044	-138.79881918501042	177.07652499999926	69.39940959250522	69.39940959250522	8.39	138.79881918501044	274.30782500000004
528	-152.61571813978833	610.4628725591533	152.61571813978833	152.61571813978833	973.3465313978836	152.61571813978833	-108.84164069894234	274.30782499999987	-973.3465313978836	-152.61571813978833	610.4628725591533	152.61571813978833	-152.61571813978833	931.765115698942	-1000.0	-305.23143627957666	610.4628725591533	152.61571813978833	-152.61571813978833	274.30782499999987	1000.0	274.30782499999987	-152.61571813978833	68.23488430105795	-152.61571813978833	-152.61571813978833	329.69224313978873	305.23143627957666	-274.30782499999987	152.61571813978833	1000.0	-1000.0	329.6922431397886	-329.69224313978873	-152.61571813978833	305.23143627957666	-305.23143627957666	177.07652499999926	152.61571813978833	152.61571813978833	8.39	305.23143627957666	274.30782500000004
529	-28.53250154817296	114.13000619269184	28.53250154817296	28.53250154817296	-267.4856345182703	28.53250154817296	511.57444225913474	274.3078249999999	267.4856345182703	-28.53250154817296	114.13000619269184	28.53250154817296	-28.53250154817296	311.349032740865	-1000.0	-57.06500309634592	114.13000619269184	28.53250154817296	-28.53250154817296	274.3078249999999	1000.0	274.3078249999999	-28.53250154817296	688.650967259135	-28.53250154817296	-28.53250154817296	205.60902654817318	57.06500309634589	-274.3078249999999	28.53250154817296	1000.0	-1000.0	205.6090265481733	-205.60902654817318	-28.53250154817296	57.06500309634592	-57.06500309634589	177.07652499999926	28.53250154817296	28.53250154817296	8.39	57.06500309634592	274.30782500000004
530	-57.569540068887555	230.27816027555022	57.569540068887555	57.569540068887555	0.0	57.569540068887555	435.04350172218886	285.7502003444378	0.0	-57.569540068887555	230.27816027555022	57.569540068887555	-57.569540068887555	422.20709931112447	-1000.0	-115.13908013777511	230.27816027555022	57.569540068887555	-57.569540068887555	285.7502003444378	1000.0	285.7502003444378	-57.569540068887555	577.7929006888755	-57.569540068887555	-57.569540068887555	200.31893903557418	115.13908013777507	-285.7502003444378	57.569540068887555	1000.0	-1000.0	200.3189390355742	-200.31893903557418	-57.569540068887555	115.13908013777511	-115.13908013777507	142.7493989666866	57.569540068887555	57.569540068887555	8.39	115.13908013777511	285.7502003444377
531	-46.68123267841568	186.72493071366273	46.68123267841568	46.68123267841568	-85.99832321584313	46.68123267841568	420.8307866079215	274.307825	85.99832321584313	-46.68123267841568	186.72493071366273	46.68123267841568	-46.68123267841568	402.09268839207846	-1000.0	-93.36246535683136	186.72493071366273	46.68123267841568	-46.68123267841568	274.307825	1000.0	274.307825	-46.68123267841568	597.9073116079215	-46.68123267841568	-46.68123267841568	223.75775767841571	93.36246535683131	-274.307825	46.68123267841568	1000.0	-999.9999999999999	223.75775767841571	-223.75775767841571	-46.68123267841568	93.36246535683136	-93.36246535683131	177.07652499999926	46.68123267841568	46.68123267841568	8.39	93.36246535683136	274.30782500000004
532	-29.842805626607607	119.37122250643043	29.842805626607607	29.842805626607607	-254.38259373392407	29.842805626607607	505.0229218669623	274.30782500000004	254.38259373392407	-29.842805626607607	119.37122250643043	29.842805626607607	-29.842805626607607	317.9005531330379	-1000.0	-59.685611253215214	119.37122250643043	29.842805626607607	-29.842805626607607	274.30782500000004	1000.0	274.30782500000004	-29.842805626607607	682.0994468669621	-29.842805626607607	-29.842805626607607	206.91933062660743	59.68561125321526	-274.30782500000004	29.842805626607607	1000.0	-1000.0	206.91933062660752	-206.91933062660743	-29.842805626607607	59.685611253215214	-59.68561125321526	177.07652499999926	29.842805626607607	29.842805626607607	8.39	59.685611253215214	274.30782500000004
533	-55.28106500000001	221.12426000000005	55.28106500000001	55.28106500000001	0.0	55.28106500000001	795.2781916110496	274.30782500000004	0.0	-55.28106500000001	221.12426000000005	55.28106500000001	-55.28106500000001	27.64528338895059	-582.5534333889507	-110.56213000000002	221.12426000000005	55.28106500000001	-55.28106500000001	274.30782500000004	582.5534333889507	274.30782500000004	-55.28106500000001	554.9081500000001	-55.28106500000001	-55.28106500000001	-185.08897661104947	110.56213000000002	-274.30782500000004	55.28106500000001	582.5534333889507	-582.5534333889508	-185.08897661104942	185.08897661104947	-55.28106500000001	110.56213000000002	-110.56213000000002	-240.3700416110495	55.28106500000001	55.28106500000001	8.39	110.56213000000002	274.30782500000004
534	-100.70647216960421	402.82588867841685	100.70647216960421	100.70647216960421	269.06540691630596	100.70647216960421	706.2705834911874	366.9021573898681	-269.06540691630596	-100.70647216960421	402.82588867841685	100.70647216960421	-100.70647216960421	394.43588867841686	-1000.0	-201.41294433920842	402.82588867841685	100.70647216960421	-100.70647216960421	366.9021573898681	1000.0	366.9021573898681	-100.70647216960421	605.5641113215831	-100.70647216960421	-100.70647216960421	0.0	201.41294433920848	-366.9021573898681	100.70647216960421	1000.0	-1000.0	0.0	0.0	-100.70647216960421	201.41294433920842	-201.41294433920848	-100.70647216960424	100.70647216960421	100.70647216960421	8.39	201.41294433920842	366.9021573898681
535	-145.38947242596132	581.5578897038453	145.38947242596132	145.38947242596132	686.1067426423058	145.38947242596132	572.2215827221162	381.7964908086538	-686.1067426423058	-145.38947242596132	581.5578897038453	145.38947242596132	-145.38947242596132	573.1678897038453	-1000.0	-290.77894485192263	581.5578897038453	145.38947242596132	-145.38947242596132	381.7964908086538	1000.0	381.7964908086538	-145.38947242596132	426.8321102961547	-145.38947242596132	-145.38947242596132	0.0	290.7789448519227	-381.7964908086538	145.38947242596132	1000.0	-1000.0	0.0	0.0	-145.38947242596132	290.77894485192263	-290.7789448519227	-145.38947242596146	145.38947242596132	145.38947242596132	8.39	290.77894485192263	381.7964908086539
536	-41.81774313289731	167.27097253158925	41.81774313289731	41.81774313289731	-280.56273075962497	41.81774313289731	882.9367706013081	347.27258104429916	280.56273075962497	-41.81774313289731	167.27097253158925	41.81774313289731	-41.81774313289731	158.88097253158926	-1000.0	-83.63548626579463	167.27097253158925	41.81774313289731	-41.81774313289731	347.27258104429916	1000.0	347.27258104429916	-41.81774313289731	841.1190274684108	-41.81774313289731	-41.81774313289731	0.0	83.63548626579461	-347.27258104429916	41.81774313289731	1000.0	-1000.0	0.0	0.0	-41.81774313289731	83.63548626579463	-83.63548626579461	-41.81774313289736	41.81774313289731	41.81774313289731	8.39	83.63548626579463	347.27258104429916
537	-55.433756884883834	221.73502753953534	55.433756884883834	55.433756884883834	-153.47993574108423	55.433756884883834	842.0887293453484	351.8112522949613	153.47993574108423	-55.433756884883834	221.73502753953534	55.433756884883834	-55.433756884883834	213.34502753953535	-1000.0	-110.86751376976767	221.73502753953534	55.433756884883834	-55.433756884883834	351.8112522949613	1000.0	351.8112522949613	-55.433756884883834	786.6549724604647	-55.433756884883834	-55.433756884883834	0.0	110.8675137697677	-351.8112522949613	55.433756884883834	1000.0	-1000.0	0.0	0.0	-55.433756884883834	110.86751376976767	-110.8675137697677	-55.43375688488368	55.433756884883834	55.433756884883834	8.39	110.86751376976767	351.8112522949612
538	-55.28106500000001	221.12426000000005	55.28106500000001	55.28106500000001	0.0	55.28106500000001	780.4836723089525	274.30782500000004	0.0	-55.28106500000001	221.12426000000005	55.28106500000001	-55.28106500000001	42.4398026910477	-597.3479526910478	-110.56213000000002	221.12426000000005	55.28106500000001	-55.28106500000001	274.30782500000004	597.3479526910478	274.30782500000004	-55.28106500000001	554.9081500000001	-55.28106500000001	-55.28106500000001	-170.29445730895236	110.56213000000002	-274.30782500000004	55.28106500000001	597.3479526910478	-597.3479526910477	-170.2944573089523	170.29445730895236	-55.28106500000001	110.56213000000002	-110.56213000000002	-225.57552230895237	55.28106500000001	55.28106500000001	8.39	110.56213000000002	274.30782500000004
539	-158.32679320364093	633.3071728145637	158.32679320364093	158.32679320364093	912.4062653697428	158.32679320364093	1000.0	333.3333333333333	-912.4062653697428	-158.32679320364093	633.3071728145637	158.32679320364093	-158.32679320364093	0.0	-216.75603398179533	-316.65358640728186	633.3071728145637	158.32679320364093	-158.32679320364093	333.3333333333333	216.75603398179533	333.3333333333333	-158.32679320364093	216.75603398179533	-158.32679320364093	-158.32679320364093	-624.9171728145637	316.65358640728186	-333.3333333333333	158.32679320364093	216.75603398179533	-216.75603398179533	-624.9171728145637	624.9171728145637	-158.32679320364093	316.65358640728186	-316.65358640728186	-783.2439660182047	158.32679320364093	158.32679320364093	8.39	316.65358640728186	333.3333333333334
540	-121.43877572815344	485.7551029126139	121.43877572815343	121.43877572815344	661.577107281535	121.43877572815344	822.923475	274.30782500000004	-661.577107281535	-121.43877572815343	485.7551029126139	121.43877572815344	-121.43877572815343	0.0	-224.11959635923267	-242.87755145630692	485.7551029126139	121.43877572815344	-121.43877572815344	274.30782500000004	224.11959635923267	274.30782500000004	-121.43877572815344	224.11959635923267	-121.43877572815344	-121.43877572815343	-477.36510291261396	242.87755145630695	-274.30782500000004	121.43877572815343	224.11959635923264	-224.11959635923267	-477.36510291261453	477.36510291261396	-121.43877572815344	242.87755145630692	-242.87755145630695	-598.8038786407674	121.43877572815343	121.43877572815344	8.39	242.87755145630692	274.30782500000004
541	-32.78993274058431	131.15973096233725	32.78993274058431	32.78993274058431	-224.91132259415699	32.78993274058431	700.153744037663	274.30782500000004	224.91132259415699	-32.78993274058431	131.15973096233725	32.78993274058431	-32.78993274058431	122.76973096233723	-790.1335422594159	-65.57986548116862	131.15973096233725	32.78993274058431	-32.78993274058431	274.30782500000004	790.1335422594159	274.30782500000004	-32.78993274058431	667.3638112970787	-32.78993274058431	-32.78993274058431	0.0	65.57986548116867	-274.30782500000004	32.78993274058431	790.1335422594159	-790.1335422594159	0.0	0.0	-32.78993274058431	65.57986548116862	-65.57986548116867	-32.78993274058439	32.78993274058431	32.78993274058431	8.39	65.57986548116862	274.30782500000004
542	-61.539979126647964	246.15991650659186	61.539979126647964	61.539979126647964	0.0	61.539979126647964	679.0372703931278	305.6023956332399	0.0	-61.539979126647964	246.15991650659186	61.539979126647964	-61.539979126647964	237.76991650659187	-855.2672077730717	-123.07995825329593	246.15991650659186	61.539979126647964	-61.539979126647964	305.6023956332399	855.2672077730717	305.6023956332399	-61.539979126647964	617.4972912664798	-61.539979126647964	-61.539979126647964	0.0	123.0799582532959	-305.6023956332399	61.539979126647964	855.2672077730717	-855.2672077730717	0.0	0.0	-61.539979126647964	123.07995825329593	-123.0799582532959	-61.53997912664795	61.539979126647964	61.539979126647964	8.39	123.07995825329593	305.6023956332399
543	-155.28106499999998	621.1242599999999	155.28106499999998	155.28106499999998	1000.0	155.28106499999998	198.62190879090886	274.3078250000001	-1000.0	-155.28106499999998	621.1242599999999	155.28106499999998	-155.28106499999998	624.3015662090909	-679.2097162090909	-310.56212999999997	621.1242599999999	155.28106499999998	-155.28106499999998	274.3078250000001	679.2097162090909	274.3078250000001	-155.28106499999998	54.90814999999998	-155.28106499999998	-155.28106499999998	11.56730620909093	310.56213	-274.3078250000001	155.28106499999998	679.2097162090909	-679.2097162090909	11.56730620909093	-11.56730620909093	-155.28106499999998	310.56212999999997	-310.56213	-143.71375879090897	155.28106499999998	155.28106499999998	8.39	310.56212999999997	274.30782500000004
544	-171.27824569360794	685.1129827744318	171.27824569360794	171.27824569360794	1000.0	171.27824569360794	386.15820262968725	354.2937284680397	-1000.0	-171.27824569360794	685.1129827744318	171.27824569360794	-171.27824569360794	676.7229827744318	-891.6029397105112	-342.5564913872159	685.1129827744318	171.27824569360794	-171.27824569360794	354.2937284680397	891.6029397105112	354.2937284680397	-171.27824569360794	214.87995693607945	-171.27824569360794	-171.27824569360794	0.0	342.55649138721583	-354.2937284680397	171.27824569360794	891.6029397105112	-891.6029397105112	0.0	0.0	-171.27824569360794	342.5564913872159	-342.55649138721583	-171.27824569360791	171.27824569360794	171.27824569360794	8.39	342.5564913872159	354.2937284680397
545	-155.28106499999998	621.1242599999999	155.28106499999998	155.28106499999998	1000.0	155.28106499999998	207.14424749212552	274.3078250000001	-1000.0	-155.28106499999998	621.1242599999999	155.28106499999998	-155.28106499999998	615.7792275078743	-670.6873775078743	-310.56212999999997	621.1242599999999	155.28106499999998	-155.28106499999998	274.3078250000001	670.6873775078743	274.3078250000001	-155.28106499999998	54.90814999999998	-155.28106499999998	-155.28106499999998	3.0449675078743894	310.56213	-274.3078250000001	155.28106499999998	670.6873775078743	-670.6873775078743	3.0449675078743894	-3.0449675078743894	-155.28106499999998	310.56212999999997	-310.56213	-152.2360974921255	155.28106499999998	155.28106499999998	8.39	310.56212999999997	274.30782500000004
546	-187.9840590110196	751.9362360440784	187.9840590110196	187.9840590110196	1000.0	187.9840590110196	1000.0	437.82279505509814	-1000.0	-187.9840590110196	751.9362360440784	187.9840590110196	-187.9840590110196	313.4683851652943	-695.4064752754906	-375.9681180220392	751.9362360440784	187.9840590110196	-187.9840590110196	437.82279505509814	695.4064752754906	437.82279505509814	-187.9840590110196	381.9380901101963	-187.9840590110196	-187.9840590110196	-430.07785087878415	375.9681180220392	-437.82279505509814	187.9840590110196	695.4064752754906	-695.4064752754907	-430.0778508787847	430.07785087878415	-187.9840590110196	375.9681180220392	-375.9681180220392	-618.0619098898037	187.9840590110196	187.9840590110196	8.39	375.9681180220392	437.8227950550979
547	-185.2544079761456	741.0176319045822	185.2544079761456	185.2544079761456	1000.0	185.2544079761456	1000.0	424.17453988072793	-1000.0	-185.2544079761456	741.0176319045822	185.2544079761456	-185.2544079761456	272.5236196421838	-627.1651994036398	-370.5088159522912	741.0176319045822	185.2544079761456	-185.2544079761456	424.17453988072793	627.1651994036398	424.17453988072793	-185.2544079761456	354.641579761456	-185.2544079761456	-185.2544079761456	-460.1040122623983	370.5088159522911	-424.17453988072793	185.2544079761456	627.1651994036398	-627.1651994036398	-460.10401226239895	460.1040122623983	-185.2544079761456	370.5088159522912	-370.5088159522911	-645.358420238544	185.2544079761456	185.2544079761456	8.39	370.5088159522912	424.17453988072793
548	-55.281065	221.12426	55.281065	55.281065	0.0	55.281065	453.6933275319366	274.307825	0.0	-55.281065	221.12426	55.281065	-55.281065	369.2301474680635	-924.1382974680635	-110.56213	221.12426	55.281065	-55.281065	274.307825	924.1382974680635	274.307825	-55.281065	554.90815	-55.281065	-55.281065	156.49588746806347	110.56213000000002	-274.307825	55.281065	924.1382974680635	-924.1382974680635	156.49588746806353	-156.49588746806347	-55.281065	110.56213	-110.56213000000002	101.21482246806347	55.281065	55.281065	8.39	110.56213	274.30782500000004
549	-55.99658429865871	223.98633719463484	55.99658429865871	55.99658429865871	0.0	55.99658429865871	562.063342986587	277.88542149329356	0.0	-55.99658429865871	223.98633719463484	55.99658429865871	-55.99658429865871	271.59292149329355	-833.6562644798805	-111.99316859731742	223.98633719463484	55.99658429865871	-55.99658429865871	277.88542149329356	833.6562644798805	277.88542149329356	-55.99658429865871	562.063342986587	-55.99658429865871	-55.99658429865871	55.996584298658746	111.99316859731744	-277.88542149329356	55.99658429865871	833.6562644798805	-833.6562644798805	55.99658429865882	-55.996584298658746	-55.99658429865871	111.99316859731742	-111.99316859731744	0.0	55.99658429865871	55.99658429865871	8.39	111.99316859731742	277.8854214932934
550	-63.21920212659407	252.87680850637625	63.21920212659407	63.21920212659407	0.0	63.21920212659407	941.995531898911	313.99851063297035	0.0	-63.21920212659407	252.87680850637625	63.21920212659407	-63.21920212659407	0.0	-634.2895212659407	-126.43840425318814	252.87680850637625	63.21920212659407	-63.21920212659407	313.99851063297035	634.2895212659407	313.99851063297035	-63.21920212659407	634.2895212659407	-63.21920212659407	-63.21920212659407	-244.4868085063762	126.43840425318808	-313.99851063297035	63.21920212659407	634.2895212659407	-634.2895212659407	-244.48680850637635	244.4868085063762	-63.21920212659407	126.43840425318814	-126.43840425318808	-307.70601063297033	63.21920212659407	63.21920212659407	8.39	126.43840425318814	313.99851063297035
551	-83.43266400260336	333.7306560104135	83.43266400260337	83.43266400260336	281.5159900260337	83.43266400260336	822.923475	274.307825	-281.5159900260337	-83.43266400260337	333.7306560104135	83.43266400260336	-83.43266400260337	0.0	-414.15015498698307	-166.86532800520675	333.7306560104135	83.43266400260336	-83.43266400260336	274.307825	414.1501549869831	274.307825	-83.43266400260336	414.1501549869831	-83.43266400260336	-83.43266400260337	-325.3406560104135	166.86532800520672	-274.307825	83.43266400260337	414.1501549869831	-414.1501549869831	-325.34065601041357	325.3406560104135	-83.43266400260336	166.86532800520675	-166.86532800520672	-408.77332001301687	83.43266400260337	83.43266400260336	8.39	166.86532800520675	274.30782500000004
552	-131.55167670608824	526.206706824353	131.55167670608824	131.55167670608824	428.1989725507356	131.55167670608824	1000.0	441.56139725507353	-428.1989725507356	-131.55167670608824	526.206706824353	131.55167670608824	-131.55167670608824	324.6841917652206	-1000.0	-263.1033534121765	526.206706824353	131.55167670608824	-131.55167670608824	441.5613972550735	1000.0	441.5613972550735	-131.55167670608824	675.3158082347794	-131.55167670608824	-131.55167670608824	-193.1325150591324	263.1033534121765	-441.56139725507353	131.55167670608824	1000.0	-1000.0	-193.13251505913286	193.1325150591324	-131.55167670608824	263.1033534121765	-263.1033534121765	-324.6841917652206	131.55167670608824	131.55167670608824	8.39	263.1033534121765	441.5613972550736
553	-189.02818654418223	756.1127461767289	189.02818654418223	189.02818654418223	907.1698878681859	189.02818654418223	1000.0	489.4584887868185	-907.1698878681859	-189.02818654418223	756.1127461767289	189.02818654418223	-189.02818654418223	468.37546636045556	-1000.0	-378.05637308836447	756.1127461767289	189.02818654418223	-189.02818654418223	489.4584887868185	1000.0	489.4584887868185	-189.02818654418223	531.6245336395444	-189.02818654418223	-189.02818654418223	-279.3472798162734	378.05637308836447	-489.4584887868185	189.02818654418223	1000.0	-999.9999999999999	-279.3472798162743	279.3472798162734	-189.02818654418223	378.05637308836447	-378.05637308836447	-468.37546636045556	189.02818654418223	189.02818654418223	8.39	378.05637308836447	489.4584887868186
554	-199.15700525691082	796.6280210276433	199.15700525691082	199.15700525691082	991.5767104742572	199.15700525691082	1000.0	497.8991710474257	-991.5767104742572	-199.15700525691082	796.6280210276433	199.15700525691082	-199.15700525691082	493.69751314227705	-1000.0	-398.31401051382164	796.6280210276433	199.15700525691082	-199.15700525691082	497.8991710474257	1000.0	497.8991710474257	-199.15700525691082	506.30248685772295	-199.15700525691082	-199.15700525691082	-294.5405078853663	398.3140105138216	-497.8991710474257	199.15700525691082	1000.0	-1000.0	-294.5405078853669	294.5405078853663	-199.15700525691082	398.31401051382164	-398.3140105138216	-493.69751314227705	199.15700525691082	199.15700525691082	8.39	398.31401051382164	497.8991710474258
555	-166.77149527366632	667.0859810946653	166.77149527366632	166.77149527366632	1000.0	166.77149527366632	165.09238184165858	331.7599763683317	-1000.0	-166.77149527366632	667.0859810946653	166.77149527366632	-166.77149527366632	830.1875472633365	-1000.0	-333.54299054733264	667.0859810946653	166.77149527366632	-166.77149527366632	331.7599763683317	1000.0	331.7599763683317	-166.77149527366632	169.81245273666354	-166.77149527366632	-166.77149527366632	171.49156616867117	333.5429905473327	-331.7599763683317	166.77149527366632	1000.0	-1000.0	171.4915661686709	-171.49156616867117	-166.77149527366632	333.54299054733264	-333.5429905473327	4.7200708950049375	166.77149527366632	166.77149527366632	8.39	333.54299054733264	331.7599763683318
556	-160.75840466203186	643.0336186481275	160.75840466203186	160.75840466203186	1000.0	160.75840466203186	14.76511655079755	301.69452331015947	-1000.0	-160.75840466203186	643.0336186481275	160.75840466203186	-160.75840466203186	890.3184533796809	-1000.0	-321.51680932406373	643.0336186481275	160.75840466203186	-160.75840466203186	301.69452331015947	1000.0	301.69452331015947	-160.75840466203186	109.68154662031907	-160.75840466203186	-160.75840466203186	255.67483473155335	321.51680932406373	-301.69452331015947	160.75840466203186	1000.0	-1000.0	255.6748347315521	-255.67483473155335	-160.75840466203186	321.51680932406373	-321.51680932406373	94.91643006952154	160.75840466203186	160.75840466203186	8.39	321.51680932406373	301.69452331015935
557	-167.10675080016134	668.4270032006455	167.10675080016134	167.10675080016134	1000.0	167.10675080016134	173.47377000403367	333.43625400080674	-1000.0	-167.10675080016134	668.4270032006455	167.10675080016134	-167.10675080016134	826.8349919983866	-1000.0	-334.2135016003227	668.4270032006455	167.10675080016134	-167.10675080016134	333.43625400080674	1000.0	333.43625400080674	-167.10675080016134	173.1650080016134	-167.10675080016134	-167.10675080016134	166.79798879774103	334.21350160032273	-333.43625400080674	167.10675080016134	1000.0	-1000.0	166.79798879774103	-166.79798879774103	-167.10675080016134	334.2135016003227	-334.21350160032273	-0.3087620024202806	167.10675080016134	167.10675080016134	8.39	334.2135016003227	333.4362540008066
558	-167.44133715394875	669.765348615795	167.44133715394875	167.44133715394875	1000.0	167.44133715394875	181.83842884871945	335.1091857697439	-1000.0	-167.44133715394875	669.765348615795	167.44133715394875	-167.44133715394875	823.4891284605121	-1000.0	-334.8826743078975	669.765348615795	167.44133715394875	-167.44133715394875	335.1091857697439	1000.0	335.1091857697439	-167.44133715394875	176.51087153948788	-167.44133715394875	-167.44133715394875	162.1137798447171	334.88267430789756	-335.1091857697439	167.44133715394875	1000.0	-1000.0	162.11377984471682	-162.1137798447171	-167.44133715394875	334.8826743078975	-334.88267430789756	-5.327557309231565	167.44133715394875	167.44133715394875	8.39	334.8826743078975	335.109185769744
559	-176.78518610545223	707.1407444218088	176.78518610545217	176.78518610545223	1000.0	176.78518610545217	415.4346526363046	381.82843052726093	-1000.0	-176.78518610545217	707.1407444218088	176.78518610545217	-176.78518610545217	730.0506389454781	-1000.0	-353.57037221090434	707.1407444218088	176.78518610545217	-176.78518610545217	381.82843052726093	1000.0	381.82843052726093	-176.78518610545217	269.9493610545219	-176.78518610545223	-176.78518610545217	31.299894523669195	353.57037221090445	-381.82843052726093	176.78518610545217	1000.0	-1000.0	31.299894523669195	-31.299894523669195	-176.78518610545217	353.57037221090434	-353.57037221090445	-145.4852915817827	176.78518610545217	176.78518610545217	8.39	353.57037221090434	381.82843052726105
560	-176.9658235790259	707.8632943161035	176.9658235790259	176.9658235790259	1000.0	176.9658235790259	1000.0	382.73161789512943	-1000.0	-176.9658235790259	707.8632943161035	176.9658235790259	-176.9658235790259	148.19485368538847	-419.95058947564746	-353.9316471580518	707.8632943161035	176.9658235790259	-176.9658235790259	382.73161789512943	419.95058947564746	382.73161789512943	-176.9658235790259	271.755735790259	-176.9658235790259	-176.9658235790259	-551.278440630715	353.93164715805176	-382.73161789512943	176.9658235790259	419.95058947564746	-419.95058947564746	-551.278440630715	551.278440630715	-176.9658235790259	353.9316471580518	-353.93164715805176	-728.244264209741	176.9658235790259	176.9658235790259	8.39	353.9316471580518	382.73161789512955
561	-155.2810649999999	621.1242599999996	155.2810649999999	155.2810649999999	1000.0	155.2810649999999	190.1863583757158	274.30782499999975	-1000.0	-155.2810649999999	621.1242599999996	155.2810649999999	-155.2810649999999	632.7371166242831	-687.6452666242826	-310.5621299999998	621.1242599999996	155.2810649999999	-155.2810649999999	274.3078249999995	687.6452666242826	274.3078249999995	-155.2810649999999	54.90814999999975	-155.2810649999999	-155.2810649999999	20.00285662428348	310.5621299999998	-274.30782499999987	155.2810649999999	687.6452666242826	-687.6452666242826	20.002856624283368	-20.00285662428348	-155.2810649999999	310.5621299999998	-310.5621299999998	-135.2782083757163	155.2810649999999	155.2810649999999	8.39	310.5621299999998	274.30782500000004
562	-159.7454422097324	638.9817688389296	159.7454422097324	159.7454422097324	1000.0	159.7454422097324	889.8891331459859	296.629711048662	-1000.0	-159.7454422097324	638.9817688389296	159.7454422097324	-159.7454422097324	0.0	-99.55192209732392	-319.4908844194648	638.9817688389296	159.7454422097324	-159.7454422097324	296.629711048662	99.55192209732388	296.629711048662	-159.7454422097324	99.55192209732388	-159.7454422097324	-159.7454422097324	-630.5917688389296	319.4908844194648	-296.629711048662	159.7454422097324	99.55192209732388	-99.55192209732388	-630.5917688389297	630.5917688389296	-159.7454422097324	319.4908844194648	-319.4908844194648	-790.3372110486621	159.7454422097324	159.7454422097324	8.39	319.4908844194648	296.6297110486619
563	-155.28106499999998	621.1242599999999	155.28106499999998	155.28106499999998	1000.0	155.28106499999998	23.11619020893487	274.3078250000003	-1000.0	-155.28106499999998	621.1242599999999	155.28106499999998	-155.28106499999998	799.8072847910648	-854.7154347910651	-310.56212999999997	621.1242599999999	155.28106499999998	-155.28106499999998	274.3078250000003	854.7154347910651	274.3078250000003	-155.28106499999998	54.90815000000032	-155.28106499999998	-155.28106499999998	187.07302479106488	310.56213	-274.3078250000003	155.28106499999998	854.7154347910651	-854.7154347910651	187.07302479106482	-187.07302479106488	-155.28106499999998	310.56212999999997	-310.56213	31.791959791065437	155.28106499999998	155.28106499999998	8.39	310.56212999999997	274.30782500000004
564	-155.28106499999998	621.1242599999999	155.28106499999998	155.28106499999998	1000.0	155.28106499999998	31.423310493563328	274.30782499999987	-1000.0	-155.28106499999998	621.1242599999999	155.28106499999998	-155.28106499999998	791.5001645064367	-846.4083145064365	-310.56212999999997	621.1242599999999	155.28106499999998	-155.28106499999998	274.30782499999987	846.4083145064365	274.30782499999987	-155.28106499999998	54.90814999999975	-155.28106499999998	-155.28106499999998	178.76590450643675	310.56213	-274.30782499999987	155.28106499999998	846.4083145064365	-846.4083145064365	178.7659045064367	-178.76590450643675	-155.28106499999998	310.56212999999997	-310.56213	23.4848395064364	155.28106499999998	155.28106499999998	8.39	310.56212999999997	274.30782500000004
565	-185.96550978352982	743.8620391341193	185.96550978352982	185.96550978352982	1000.0	185.96550978352982	1000.0	427.7300489176491	-1000.0	-185.96550978352982	743.8620391341193	185.96550978352982	-185.96550978352982	283.19014675294744	-644.9427445882458	-371.93101956705965	743.8620391341193	185.96550978352982	-185.96550978352982	427.7300489176491	644.9427445882458	427.7300489176491	-185.96550978352982	361.7525978352983	-185.96550978352982	-185.96550978352982	-452.2818923811719	371.9310195670596	-427.7300489176491	185.96550978352982	644.9427445882458	-644.9427445882457	-452.2818923811721	452.2818923811719	-185.96550978352982	371.93101956705965	-371.9310195670596	-638.2474021647017	185.96550978352982	185.96550978352982	8.39	371.93101956705965	427.7300489176491
566	-155.28106499999998	621.1242599999999	155.28106499999998	155.28106499999998	1000.0	155.28106499999998	-95.79728729303909	274.3078250000001	-1000.0	-155.28106499999998	621.1242599999999	155.28106499999998	-155.28106499999998	918.7207622930389	-973.6289122930389	-310.56212999999997	621.1242599999999	155.28106499999998	-155.28106499999998	274.3078250000001	973.6289122930389	274.3078250000001	-155.28106499999998	54.90814999999998	-155.28106499999998	-155.28106499999998	305.98650229303894	310.56213	-274.3078250000001	155.28106499999998	973.6289122930389	-973.6289122930389	305.98650229303894	-305.98650229303894	-155.28106499999998	310.56212999999997	-310.56213	150.70543729303904	155.28106499999998	155.28106499999998	8.39	310.56212999999997	274.30782500000004
567	-155.281065	621.12426	155.281065	155.281065	1000.0	155.281065	485.2340918242501	274.30782500000004	-1000.0	-155.281065	621.12426	155.281065	-155.281065	337.6893831757502	-392.59753317575036	-310.56213	621.12426	155.281065	-155.281065	274.30782500000004	392.5975331757504	274.30782500000004	-155.281065	54.908150000000205	-155.281065	-155.281065	-275.04487682424985	310.56213	-274.30782500000004	155.281065	392.5975331757504	-392.5975331757504	-275.04487682424946	275.04487682424985	-155.281065	310.56213	-310.56213	-430.32594182424987	155.281065	155.281065	8.39	310.56213	274.30782500000004
568	-107.6757665772037	430.7030663088148	107.6757665772037	107.6757665772037	334.1121547205678	107.6757665772037	685.3627002683888	369.22525552573455	-334.1121547205678	-107.6757665772037	430.7030663088148	107.6757665772037	-107.6757665772037	422.3130663088148	-1000.0	-215.3515331544074	430.7030663088148	107.6757665772037	-107.6757665772037	369.22525552573455	1000.0	369.22525552573455	-107.6757665772037	577.6869336911852	-107.6757665772037	-107.6757665772037	0.0	215.35153315440743	-369.22525552573455	107.6757665772037	1000.0	-1000.0	0.0	0.0	-107.6757665772037	215.3515331544074	-215.35153315440743	-107.67576657720366	107.6757665772037	107.6757665772037	8.39	215.3515331544074	369.22525552573444
569	-157.18354949952948	628.7341979981178	157.18354949952945	157.18354949952948	1000.0	157.18354949952945	851.4607424929418	283.82024749764724	-1000.0	-157.18354949952945	628.7341979981178	157.18354949952945	-157.18354949952945	0.0	-73.9329949952945	-314.3670989990589	628.7341979981178	157.18354949952945	-157.18354949952945	283.82024749764724	73.93299499529451	283.82024749764724	-157.18354949952945	73.93299499529451	-157.18354949952948	-157.18354949952945	-620.3441979981178	314.36709899905895	-283.82024749764724	157.18354949952945	73.93299499529451	-73.93299499529451	-620.344197998118	620.3441979981178	-157.18354949952945	314.3670989990589	-314.36709899905895	-777.5277474976473	157.18354949952945	157.18354949952945	8.39	314.3670989990589	283.82024749764736
570	-126.11415301639066	504.45661206556264	126.11415301639066	126.11415301639066	382.8862751365891	126.11415301639066	1000.0	437.0301275136589	-382.8862751365891	-126.11415301639066	504.45661206556264	126.11415301639066	-126.11415301639066	311.09038254097663	-1000.0	-252.22830603278132	504.45661206556264	126.11415301639066	-126.11415301639066	437.0301275136589	1000.0	437.0301275136589	-126.11415301639066	688.9096174590234	-126.11415301639066	-126.11415301639066	-184.97622952458602	252.22830603278135	-437.0301275136589	126.11415301639066	1000.0	-1000.0	-184.9762295245866	184.97622952458602	-126.11415301639066	252.22830603278132	-252.22830603278135	-311.09038254097663	126.11415301639066	126.11415301639066	8.39	252.22830603278132	437.0301275136588
571	-121.72813913855444	486.9125565542177	121.72813913855444	121.72813913855444	346.33615948795364	121.72813913855444	1000.0	433.3751159487953	-346.33615948795364	-121.72813913855444	486.9125565542177	121.72813913855444	-121.72813913855444	300.1253478463861	-1000.0	-243.45627827710888	486.9125565542177	121.72813913855444	-121.72813913855444	433.3751159487953	1000.0	433.3751159487953	-121.72813913855444	699.8746521536139	-121.72813913855444	-121.72813913855444	-178.39720870783157	243.45627827710882	-433.3751159487953	121.72813913855444	1000.0	-1000.0	-178.39720870783196	178.39720870783157	-121.72813913855444	243.45627827710888	-243.45627827710882	-300.1253478463861	121.72813913855444	121.72813913855444	8.39	243.45627827710888	433.3751159487953
572	-101.45730998992065	405.8292399596825	101.45730998992065	101.45730998992065	177.41258324933855	101.45730998992065	1000.0	416.4827583249339	-177.41258324933855	-101.45730998992065	405.8292399596825	101.45730998992065	-101.45730998992065	249.4482749748016	-1000.0	-202.9146199798413	405.8292399596825	101.45730998992065	-101.45730998992065	416.4827583249339	1000.0	416.4827583249339	-101.45730998992065	750.5517250251984	-101.45730998992065	-101.45730998992065	-147.99096498488092	202.9146199798413	-416.4827583249339	101.45730998992065	1000.0	-999.9999999999999	-147.99096498488086	147.99096498488092	-101.45730998992065	202.9146199798413	-202.9146199798413	-249.4482749748016	101.45730998992065	101.45730998992065	8.39	202.9146199798413	416.4827583249338
573	-157.87580240813259	631.5032096325303	157.87580240813259	157.87580240813259	1000.0	157.87580240813259	861.8445361219893	287.2815120406631	-1000.0	-157.87580240813259	631.5032096325303	157.87580240813259	-157.87580240813259	0.0	-80.85552408132634	-315.75160481626517	631.5032096325303	157.87580240813259	-157.87580240813259	287.2815120406631	80.8555240813264	287.2815120406631	-157.87580240813259	80.8555240813264	-157.87580240813259	-157.87580240813259	-623.1132096325304	315.75160481626517	-287.2815120406631	157.87580240813259	80.8555240813264	-80.8555240813264	-623.1132096325309	623.1132096325304	-157.87580240813259	315.75160481626517	-315.75160481626517	-780.9890120406629	157.87580240813259	157.87580240813259	8.39	315.75160481626517	287.2815120406631
574	-124.65311656672651	498.61246626690604	124.65311656672651	124.65311656672651	370.7109713893879	124.65311656672651	1000.0	435.81259713893877	-370.7109713893879	-124.65311656672651	498.61246626690604	124.65311656672651	-124.65311656672651	307.43779141681625	-1000.0	-249.30623313345302	498.61246626690604	124.65311656672651	-124.65311656672651	435.81259713893877	1000.0	435.81259713893877	-124.65311656672651	692.5622085831837	-124.65311656672651	-124.65311656672651	-182.7846748500898	249.30623313345302	-435.81259713893877	124.65311656672651	1000.0	-1000.0	-182.78467485008997	182.7846748500898	-124.65311656672651	249.30623313345302	-249.30623313345302	-307.43779141681625	124.65311656672651	124.65311656672651	8.39	249.30623313345302	435.81259713893866
575	-102.91725807443376	411.66903229773504	102.91725807443376	102.91725807443376	189.57881728694804	102.91725807443376	1000.0	417.6993817286948	-189.57881728694804	-102.91725807443376	411.66903229773504	102.91725807443376	-102.91725807443376	253.09814518608442	-1000.0	-205.83451614886752	411.66903229773504	102.91725807443376	-102.91725807443376	417.6993817286948	1000.0	417.6993817286948	-102.91725807443376	746.9018548139156	-102.91725807443376	-102.91725807443376	-150.18088711165063	205.83451614886758	-417.6993817286948	102.91725807443376	1000.0	-1000.0	-150.18088711165075	150.18088711165063	-102.91725807443376	205.83451614886752	-205.83451614886758	-253.09814518608442	102.91725807443376	102.91725807443376	8.39	205.83451614886752	417.6993817286948
576	-104.37429209091397	417.4971683636559	104.37429209091397	104.37429209091397	201.72076742428305	104.37429209091397	1000.0	418.91357674242835	-201.72076742428308	-104.37429209091397	417.4971683636559	104.37429209091397	-104.37429209091397	256.7407302272849	-1000.0	-208.74858418182794	417.4971683636559	104.37429209091397	-104.37429209091397	418.91357674242835	1000.0	418.91357674242835	-104.37429209091397	743.259269772715	-104.37429209091397	-104.37429209091397	-152.36643813637096	208.74858418182794	-418.91357674242835	104.37429209091397	1000.0	-1000.0	-152.36643813637073	152.36643813637096	-104.37429209091397	208.74858418182794	-208.74858418182794	-256.7407302272849	104.37429209091397	104.37429209091397	8.39	208.74858418182794	418.91357674242823
577	-155.28106500000004	621.1242600000002	155.28106500000004	155.28106500000004	1000.0	155.28106500000004	144.58817256067405	274.3078250000003	-1000.0	-155.28106500000004	621.1242600000002	155.28106500000004	-155.28106500000004	678.3353024393264	-733.2434524393267	-310.5621300000001	621.1242600000002	155.28106500000004	-155.28106500000004	274.3078250000003	733.2434524393267	274.3078250000003	-155.28106500000004	54.90815000000032	-155.28106500000004	-155.28106500000004	65.60104243932619	310.56213	-274.3078250000003	155.28106500000004	733.2434524393267	-733.2434524393267	65.60104243932608	-65.60104243932619	-155.28106500000004	310.5621300000001	-310.56213	-89.6800225606737	155.28106500000004	155.28106500000004	8.39	310.5621300000001	274.30782500000004
578	-32.87151237910325	131.486049516413	32.87151237910325	32.87151237910325	-394.13573017413955	32.87151237910325	1000.0	359.3279269825861	394.13573017413955	-32.87151237910325	131.486049516413	32.87151237910325	-32.87151237910325	77.98378094775813	-1000.0	-65.7430247582065	131.486049516413	32.87151237910325	-32.87151237910325	359.3279269825861	1000.0	359.3279269825861	-32.87151237910325	922.0162190522419	-32.87151237910325	-32.87151237910325	-45.11226856865487	65.7430247582065	-359.3279269825861	32.87151237910325	1000.0	-1000.0	-45.112268568655054	45.11226856865487	-32.87151237910325	65.7430247582065	-65.7430247582065	-77.98378094775813	32.87151237910325	32.87151237910325	8.39	65.7430247582065	359.327926982586
579	-105.82550960433434	423.30203841733737	105.82550960433434	105.82550960433434	213.81424670278616	105.82550960433434	1000.0	420.12292467027856	-213.81424670278616	-105.82550960433434	423.30203841733737	105.82550960433434	-105.82550960433434	260.36877401083586	-1000.0	-211.65101920866869	423.30203841733737	105.82550960433434	-105.82550960433434	420.12292467027856	1000.0	420.12292467027856	-105.82550960433434	739.6312259891641	-105.82550960433434	-105.82550960433434	-154.54326440650152	211.65101920866869	-420.12292467027856	105.82550960433434	1000.0	-1000.0	-154.54326440650146	154.54326440650152	-105.82550960433434	211.65101920866869	-211.65101920866869	-260.36877401083586	105.82550960433434	105.82550960433434	8.39	211.65101920866869	420.1229246702787
580	-18.16999681263071	72.67998725052284	18.16999681263071	18.16999681263071	-516.648359894744	18.16999681263071	1000.0	347.0766640105256	516.648359894744	-18.16999681263071	72.67998725052284	18.16999681263071	-18.16999681263071	41.229992031576785	-1000.0	-36.33999362526142	72.67998725052284	18.16999681263071	-18.16999681263071	347.0766640105256	1000.0	347.0766640105256	-18.16999681263071	958.7700079684232	-18.16999681263071	-18.16999681263071	-23.059995218946064	36.3399936252614	-347.0766640105256	18.16999681263071	1000.0	-1000.0	-23.059995218945915	23.059995218946064	-18.16999681263071	36.33999362526142	-36.3399936252614	-41.229992031576785	18.16999681263071	18.16999681263071	8.39	36.33999362526142	347.0766640105257
581	0.0	0.0	0.0	0.0	-638.7356068655466	0.0	912.0118205966397	317.2703034327733	638.7356068655466	0.0	0.0	0.0	0.0	39.79908970168013	-1000.0	0.0	0.0	0.0	0.0	317.2703034327733	1000.0	317.2703034327733	0.0	960.2009102983199	0.0	0.0	48.18908970168013	0.0	-317.2703034327733	0.0	1000.0	-999.9999999999999	48.18908970168013	-48.18908970168013	0.0	0.0	0.0	48.18908970168012	0.0	0.0	8.39	0.0	317.2703034327733
582	-149.34371204614092	597.3748481845637	149.34371204614092	149.34371204614092	822.5754537947425	149.34371204614092	1000.0	333.3333333333333	-822.5754537947425	-149.34371204614092	597.3748481845637	149.34371204614092	-149.34371204614092	0.0	-261.6714397692954	-298.68742409228184	597.3748481845637	149.34371204614092	-149.34371204614092	333.3333333333333	261.6714397692954	333.3333333333333	-149.34371204614092	261.6714397692954	-149.34371204614092	-149.34371204614092	-588.9848481845637	298.68742409228184	-333.3333333333333	149.34371204614092	261.6714397692954	-261.6714397692954	-588.9848481845637	588.9848481845637	-149.34371204614092	298.68742409228184	-298.68742409228184	-738.3285602307046	149.34371204614092	149.34371204614092	8.39	298.68742409228184	333.3333333333334
583	-55.281065000000034	221.12426000000013	55.281065000000034	55.281065000000034	0.0	55.281065000000034	766.4372335049625	274.3078250000002	0.0	-55.281065000000034	221.12426000000013	55.281065000000034	-55.281065000000034	56.48624149503803	-611.3943914950381	-110.56213000000007	221.12426000000013	55.281065000000034	-55.281065000000034	274.3078250000002	611.3943914950381	274.3078250000002	-55.281065000000034	554.9081500000001	-55.281065000000034	-55.281065000000034	-156.2480185049621	110.56213000000002	-274.3078250000002	55.281065000000034	611.3943914950381	-611.3943914950381	-156.2480185049622	156.2480185049621	-55.281065000000034	110.56213000000007	-110.56213000000002	-211.5290835049624	55.281065000000034	55.281065000000034	8.39	110.56213000000007	274.30782500000004
584	-162.82796067283678	651.3118426913471	162.82796067283678	162.82796067283678	688.834672273639	162.82796067283678	1000.0	467.624967227364	-688.834672273639	-162.82796067283678	651.3118426913471	162.82796067283678	-162.82796067283678	402.87490168209195	-1000.0	-325.65592134567356	651.3118426913471	162.82796067283678	-162.82796067283678	467.624967227364	1000.0	467.624967227364	-162.82796067283678	597.125098317908	-162.82796067283678	-162.82796067283678	-240.0469410092552	325.6559213456735	-467.624967227364	162.82796067283678	1000.0	-1000.0	-240.04694100925389	240.0469410092552	-162.82796067283678	325.65592134567356	-325.6559213456735	-402.87490168209195	162.82796067283678	162.82796067283678	8.39	325.65592134567356	467.624967227364
585	-72.94857696259325	291.79430785037295	72.94857696259325	72.94857696259325	0.0	72.94857696259325	1000.0	362.64538481296626	0.0	-72.94857696259325	291.79430785037295	72.94857696259325	-72.94857696259325	87.93615443889873	-819.5194240648312	-145.8971539251865	291.79430785037295	72.94857696259325	-72.94857696259325	362.64538481296626	819.5194240648312	362.64538481296626	-72.94857696259325	731.5832696259325	-72.94857696259325	-72.94857696259325	-195.4681534114742	145.89715392518644	-362.64538481296626	72.94857696259325	819.5194240648312	-819.5194240648312	-195.46815341147436	195.4681534114742	-72.94857696259325	145.8971539251865	-145.89715392518644	-268.41673037406747	72.94857696259325	72.94857696259325	8.39	145.8971539251865	362.64538481296614
586	-12.698945034887332	50.79578013954933	12.698945034887336	12.698945034887332	-562.2404580426056	12.698945034887332	1000.0	342.51745419573945	562.2404580426056	-12.698945034887336	50.79578013954933	12.698945034887332	-12.698945034887336	27.55236258721834	-1000.0	-25.397890069774665	50.79578013954933	12.698945034887332	-12.698945034887332	342.51745419573945	1000.0	342.51745419573945	-12.698945034887332	972.4476374127817	-12.698945034887332	-12.698945034887336	-14.853417552330995	25.39789006977469	-342.51745419573945	12.698945034887336	1000.0	-1000.0	-14.853417552330768	14.853417552330995	-12.698945034887332	25.397890069774665	-25.39789006977469	-27.55236258721834	12.698945034887336	12.698945034887332	8.39	25.397890069774665	342.5174541957395
587	-156.99988626975622	627.9995450790249	156.99988626975622	156.99988626975622	640.2673855813017	156.99988626975622	1000.0	462.7682385581302	-640.2673855813017	-156.99988626975622	627.9995450790249	156.99988626975622	-156.99988626975622	388.30471567439054	-1000.0	-313.99977253951243	627.9995450790249	156.99988626975622	-156.99988626975622	462.7682385581302	1000.0	462.7682385581302	-156.99988626975622	611.6952843256095	-156.99988626975622	-156.99988626975622	-231.30482940463435	313.9997725395124	-462.7682385581302	156.99988626975622	1000.0	-1000.0	-231.30482940463435	231.30482940463435	-156.99988626975622	313.99977253951243	-313.9997725395124	-388.30471567439054	156.99988626975622	156.99988626975622	8.39	313.99977253951243	462.7682385581303
588	-81.08672055553058	324.34688222212236	81.08672055553059	81.08672055553058	258.0565555553058	81.08672055553058	822.9234749999999	274.307825	-258.0565555553058	-81.08672055553059	324.34688222212236	81.08672055553058	-81.08672055553059	0.0	-425.879872222347	-162.17344111106118	324.34688222212236	81.08672055553058	-81.08672055553058	274.307825	425.879872222347	274.307825	-81.08672055553058	425.879872222347	-81.08672055553058	-81.08672055553059	-315.9568822221224	162.17344111106115	-274.307825	81.08672055553059	425.879872222347	-425.879872222347	-315.95688222212226	315.9568822221224	-81.08672055553058	162.17344111106118	-162.17344111106115	-397.04360277765295	81.08672055553059	81.08672055553058	8.39	162.17344111106118	274.30782500000004
589	-79.20486888333429	316.81947553333714	79.20486888333429	79.20486888333429	239.2380388333429	79.20486888333429	822.9234749999999	274.30782500000004	-239.2380388333429	-79.20486888333429	316.81947553333714	79.20486888333429	-79.20486888333429	0.0	-435.2891305833286	-158.40973776666857	316.81947553333714	79.20486888333429	-79.20486888333429	274.30782500000004	435.28913058332864	274.30782500000004	-79.20486888333429	435.2891305833286	-79.20486888333429	-79.20486888333429	-308.42947553333715	158.4097377666685	-274.30782500000004	79.20486888333429	435.28913058332864	-435.2891305833286	-308.4294755333373	308.42947553333715	-79.20486888333429	158.40973776666857	-158.4097377666685	-387.6343444166713	79.20486888333429	79.20486888333429	8.39	158.40973776666857	274.30782500000004
590	-115.42545004526318	461.7018001810527	115.42545004526318	115.42545004526318	601.4438504526319	115.42545004526318	369.6116748189474	274.30782500000004	-601.4438504526319	-115.42545004526318	461.7018001810527	115.42545004526318	-115.42545004526318	453.3118001810527	-707.4980249547369	-230.85090009052635	461.7018001810527	115.42545004526318	-115.42545004526318	274.30782500000004	707.4980249547369	274.30782500000004	-115.42545004526318	254.18622477368422	-115.42545004526318	-115.42545004526318	0.0	230.85090009052635	-274.30782500000004	115.42545004526318	707.4980249547369	-707.4980249547369	0.0	0.0	-115.42545004526318	230.85090009052635	-230.85090009052635	-115.42545004526318	115.42545004526318	115.42545004526318	8.39	230.85090009052635	274.30782500000004
591	-192.16675250081627	768.6670100032651	192.16675250081627	192.16675250081627	1000.0	192.16675250081627	1000.0	458.73626250408125	-1000.0	-192.16675250081627	768.6670100032651	192.16675250081627	-192.16675250081627	376.2087875122438	-799.9738125204062	-384.33350500163255	768.6670100032651	192.16675250081627	-192.16675250081627	458.73626250408125	799.9738125204062	458.73626250408125	-192.16675250081627	423.7650250081624	-192.16675250081627	-192.16675250081627	-384.06822249102123	384.3335050016326	-458.73626250408125	192.16675250081627	799.9738125204062	-799.9738125204062	-384.0682224910209	384.06822249102123	-192.16675250081627	384.33350500163255	-384.3335050016326	-576.2349749918376	192.16675250081627	192.16675250081627	8.39	384.33350500163255	458.73626250408137
592	-178.39368080927616	713.5747232371046	178.39368080927616	178.39368080927616	1000.0	178.39368080927616	1000.0	389.8709040463809	-1000.0	-178.39368080927616	713.5747232371046	178.39368080927616	-178.39368080927616	169.61271213914262	-455.64702023190443	-356.7873616185523	713.5747232371046	178.39368080927616	-178.39368080927616	389.8709040463809	455.64702023190443	389.8709040463809	-178.39368080927616	286.0343080927618	-178.39368080927616	-178.39368080927616	-535.5720110979621	356.78736161855227	-389.8709040463809	178.39368080927616	455.6470202319044	-455.64702023190443	-535.5720110979621	535.5720110979621	-178.39368080927616	356.7873616185523	-356.78736161855227	-713.9656919072381	178.39368080927616	178.39368080927616	8.39	356.7873616185523	389.8709040463809
593	-158.6625262948353	634.6501051793412	158.66252629483526	158.6625262948353	1000.0	158.66252629483526	873.6453944225298	291.2151314741766	-1000.0	-158.66252629483526	634.6501051793412	158.66252629483526	-158.66252629483526	0.0	-88.72276294835333	-317.3250525896705	634.6501051793412	158.66252629483526	-158.66252629483526	291.2151314741766	88.7227629483533	291.2151314741766	-158.66252629483526	88.72276294835333	-158.6625262948353	-158.66252629483526	-626.2601051793413	317.3250525896706	-291.2151314741766	158.66252629483526	88.7227629483533	-88.72276294835333	-626.2601051793417	626.2601051793413	-158.66252629483526	317.3250525896705	-317.3250525896706	-784.9226314741765	158.66252629483526	158.66252629483526	8.39	317.3250525896705	291.2151314741766
594	-155.28106500000004	621.1242600000002	155.28106500000004	155.28106500000004	1000.0	155.28106500000004	583.6130263853573	274.3078250000001	-1000.0	-155.28106500000004	621.1242600000002	155.28106500000004	-155.28106500000004	239.3104486146429	-294.218598614643	-310.5621300000001	621.1242600000002	155.28106500000004	-155.28106500000004	274.3078250000001	294.21859861464304	274.3078250000001	-155.28106500000004	54.90815000000009	-155.28106500000004	-155.28106500000004	-373.4238113853573	310.56213	-274.3078250000001	155.28106500000004	294.21859861464304	-294.218598614643	-373.4238113853568	373.4238113853573	-155.28106500000004	310.5621300000001	-310.56213	-528.7048763853572	155.28106500000004	155.28106500000004	8.39	310.5621300000001	274.30782500000004
595	-199.26349500369565	797.0539800147826	199.26349500369565	199.26349500369565	1000.0	199.26349500369565	1000.0	494.2199750184784	-1000.0	-199.26349500369565	797.0539800147826	199.26349500369565	-199.26349500369565	482.65992505543477	-977.3923750923909	-398.5269900073913	797.0539800147826	199.26349500369565	-199.26349500369565	494.2199750184784	977.3923750923909	494.2199750184784	-199.26349500369565	494.73245003695615	-199.26349500369565	-199.26349500369565	-306.00405495934785	398.5269900073913	-494.2199750184784	199.26349500369565	977.3923750923909	-977.3923750923909	-306.0040549593482	306.00405495934785	-199.26349500369565	398.5269900073913	-398.5269900073913	-505.26754996304385	199.26349500369565	199.26349500369565	8.39	398.5269900073913	494.2199750184776
596	-184.8622119649118	739.4488478596472	184.8622119649118	184.8622119649118	1000.0	184.8622119649118	1000.0	422.2135598245589	-1000.0	-184.8622119649118	739.4488478596472	184.8622119649118	-184.8622119649118	266.640679473677	-617.3602991227949	-369.7244239298236	739.4488478596472	184.8622119649118	-184.8622119649118	422.2135598245589	617.3602991227949	422.2135598245589	-184.8622119649118	350.71961964911793	-184.8622119649118	-184.8622119649118	-464.41816838597026	369.7244239298236	-422.2135598245589	184.8622119649118	617.3602991227949	-617.3602991227949	-464.41816838597015	464.41816838597026	-184.8622119649118	369.7244239298236	-369.7244239298236	-649.2803803508821	184.8622119649118	184.8622119649118	8.39	369.7244239298236	422.2135598245592
597	-178.66355586045398	714.6542234418157	178.66355586045398	178.66355586045398	1000.0	178.66355586045398	1000.0	391.22027930226983	-1000.0	-178.66355586045398	714.6542234418157	178.66355586045398	-178.66355586045398	173.66083790680958	-462.39389651134945	-357.32711172090796	714.6542234418157	178.66355586045398	-178.66355586045398	391.22027930226983	462.39389651134945	391.22027930226983	-178.66355586045398	288.7330586045399	-178.66355586045398	-178.66355586045398	-532.6033855350059	357.32711172090785	-391.22027930226983	178.66355586045398	462.39389651134945	-462.39389651134945	-532.603385535007	532.6033855350059	-178.66355586045398	357.32711172090796	-357.32711172090785	-711.2669413954601	178.66355586045398	178.66355586045398	8.39	357.32711172090796	391.22027930226994
598	-106.57772219345324	426.310888773813	106.57772219345324	106.57772219345324	394.9155552678658	106.57772219345324	1000.0	333.3333333333333	-394.9155552678658	-106.57772219345324	426.310888773813	106.57772219345324	-106.57772219345324	0.0	-475.50138903273375	-213.15544438690648	426.310888773813	106.57772219345324	-106.57772219345324	333.3333333333333	475.50138903273375	333.3333333333333	-106.57772219345324	475.50138903273375	-106.57772219345324	-106.57772219345324	-417.9208887738131	213.15544438690654	-333.3333333333333	106.57772219345324	475.50138903273375	-475.50138903273375	-417.92088877381286	417.9208887738131	-106.57772219345324	213.15544438690648	-213.15544438690654	-524.4986109672662	106.57772219345324	106.57772219345324	8.39	213.15544438690648	333.33333333333337
599	-170.78135052874774	683.125402114991	170.78135052874774	170.78135052874774	1000.0	170.78135052874774	265.33876321869366	351.8092526437387	-1000.0	-170.78135052874774	683.125402114991	170.78135052874774	-170.78135052874774	790.0889947125224	-1000.0	-341.5627010574955	683.125402114991	170.78135052874774	-170.78135052874774	351.8092526437387	1000.0	351.8092526437387	-170.78135052874774	209.91100528747756	-170.78135052874774	-170.78135052874774	115.35359259753142	341.5627010574955	-351.8092526437387	170.78135052874774	1000.0	-1000.0	115.3535925975311	-115.35359259753142	-170.78135052874774	341.5627010574955	-341.5627010574955	-55.42775793121609	170.78135052874774	170.78135052874774	8.39	341.5627010574955	351.80925264373883
600	-190.56490311288064	762.2596124515226	190.56490311288064	190.56490311288064	1000.0	190.56490311288064	1000.0	450.7270155644032	-1000.0	-190.56490311288064	762.2596124515226	190.56490311288064	-190.56490311288064	352.1810466932095	-759.9275778220158	-381.1298062257613	762.2596124515226	190.56490311288064	-190.56490311288064	450.7270155644032	759.9275778220158	450.7270155644032	-190.56490311288064	407.7465311288063	-190.56490311288064	-190.56490311288064	-401.6885657583131	381.1298062257613	-450.7270155644032	190.56490311288064	759.9275778220158	-759.9275778220158	-401.68856575831313	401.6885657583131	-190.56490311288064	381.1298062257613	-381.1298062257613	-592.2534688711937	190.56490311288064	190.56490311288064	8.39	381.1298062257613	450.7270155644031
601	-20.946632771523465	83.78653108609387	20.94663277152347	20.946632771523465	-493.50972690397106	20.946632771523465	1000.0	349.3905273096029	493.50972690397106	-20.94663277152347	83.78653108609387	20.946632771523465	-20.94663277152347	48.17158192880868	-1000.0	-41.89326554304694	83.78653108609387	20.946632771523465	-20.946632771523465	349.3905273096029	1000.0	349.3905273096029	-20.946632771523465	951.8284180711913	-20.946632771523465	-20.94663277152347	-27.224949157285195	41.89326554304694	-349.3905273096029	20.94663277152347	1000.0	-1000.0	-27.22494915728533	27.224949157285195	-20.946632771523465	41.89326554304694	-41.89326554304694	-48.17158192880868	20.94663277152347	20.946632771523465	8.39	41.89326554304694	349.3905273096031
602	-77.81652080470955	311.2660832188383	77.81652080470957	77.81652080470955	225.35455804709613	77.81652080470955	822.923475	274.30782500000004	-225.3545580470961	-77.81652080470957	311.2660832188383	77.81652080470955	-77.81652080470957	0.0	-442.2308709764522	-155.63304160941914	311.2660832188383	77.81652080470955	-77.81652080470955	274.30782500000004	442.23087097645225	274.30782500000004	-77.81652080470955	442.2308709764522	-77.81652080470955	-77.81652080470957	-302.8760832188383	155.63304160941914	-274.30782500000004	77.81652080470957	442.23087097645225	-442.2308709764522	-302.8760832188388	302.8760832188383	-77.81652080470955	155.63304160941914	-155.63304160941914	-380.69260402354774	77.81652080470957	77.81652080470955	8.39	155.63304160941914	274.30782500000004
603	-154.60935326597445	618.4374130638978	154.60935326597445	154.60935326597445	993.2828826597449	154.60935326597445	822.923475	274.307825	-993.2828826597449	-154.60935326597445	618.4374130638978	154.60935326597445	-154.60935326597445	0.0	-58.26670867012773	-309.2187065319489	618.4374130638978	154.60935326597445	-154.60935326597445	274.307825	58.26670867012773	274.307825	-154.60935326597445	58.26670867012773	-154.60935326597445	-154.60935326597445	-610.0474130638978	309.2187065319489	-274.307825	154.60935326597445	58.26670867012774	-58.26670867012773	-610.0474130638983	610.0474130638978	-154.60935326597445	309.2187065319489	-309.2187065319489	-764.6567663298723	154.60935326597445	154.60935326597445	8.39	309.2187065319489	274.30782500000004
604	-100.7600271437372	403.0401085749488	100.7600271437372	100.7600271437372	336.7386047707055	100.7600271437372	1000.0	333.3333333333333	-336.7386047707055	-100.7600271437372	403.0401085749488	100.7600271437372	-100.7600271437372	0.0	-504.58986428131385	-201.5200542874744	403.0401085749488	100.7600271437372	-100.7600271437372	333.3333333333333	504.58986428131385	333.3333333333333	-100.7600271437372	504.58986428131385	-100.7600271437372	-100.7600271437372	-394.65010857494883	201.5200542874744	-333.3333333333333	100.7600271437372	504.58986428131385	-504.58986428131385	-394.6501085749487	394.65010857494883	-100.7600271437372	201.5200542874744	-201.5200542874744	-495.41013571868615	100.7600271437372	100.7600271437372	8.39	201.5200542874744	333.3333333333332
605	-98.74260443975743	394.9704177590297	98.74260443975743	98.74260443975743	316.5643777309074	98.74260443975743	1000.0	333.3333333333333	-316.5643777309073	-98.74260443975743	394.9704177590297	98.74260443975743	-98.74260443975743	0.0	-514.6769778012128	-197.48520887951486	394.9704177590297	98.74260443975743	-98.74260443975743	333.3333333333333	514.6769778012128	333.3333333333333	-98.74260443975743	514.6769778012128	-98.74260443975743	-98.74260443975743	-386.58041775902973	197.48520887951486	-333.3333333333333	98.74260443975743	514.6769778012128	-514.6769778012128	-386.5804177590285	386.58041775902973	-98.74260443975743	197.48520887951486	-197.48520887951486	-485.32302219878716	98.74260443975743	98.74260443975743	8.39	197.48520887951486	333.3333333333333
606	-110.18508156066785	440.7403262426714	110.18508156066785	110.18508156066785	430.989148940012	110.18508156066785	1000.0	333.3333333333333	-430.98914894001194	-110.18508156066785	440.7403262426714	110.18508156066785	-110.18508156066785	0.0	-457.46459219666076	-220.3701631213357	440.7403262426714	110.18508156066785	-110.18508156066785	333.3333333333333	457.46459219666076	333.3333333333333	-110.18508156066785	457.46459219666076	-110.18508156066785	-110.18508156066785	-432.3503262426714	220.3701631213357	-333.3333333333333	110.18508156066785	457.46459219666076	-457.46459219666076	-432.3503262426719	432.3503262426714	-110.18508156066785	220.3701631213357	-220.3701631213357	-542.5354078033392	110.18508156066785	110.18508156066785	8.39	220.3701631213357	333.3333333333334
607	-111.89372304168194	447.5748921667278	111.89372304168198	111.89372304168194	448.07556375015315	111.89372304168194	1000.0	333.3333333333333	-448.0755637501532	-111.89372304168198	447.5748921667278	111.89372304168194	-111.89372304168198	0.0	-448.9213847915902	-223.7874460833639	447.5748921667278	111.89372304168194	-111.89372304168194	333.3333333333333	448.9213847915902	333.3333333333333	-111.89372304168194	448.9213847915902	-111.89372304168194	-111.89372304168198	-439.1848921667278	223.78744608336388	-333.3333333333333	111.89372304168198	448.9213847915902	-448.9213847915902	-439.18489216672816	439.1848921667278	-111.89372304168194	223.7874460833639	-223.78744608336388	-551.0786152084098	111.89372304168198	111.89372304168194	8.39	223.7874460833639	333.3333333333333
608	-15.468545411846911	61.87418164738765	15.468545411846913	15.468545411846911	-539.1604549012759	15.468545411846911	1000.0	344.8254545098725	539.1604549012759	-15.468545411846913	61.87418164738765	15.468545411846911	-15.468545411846913	34.47636352961729	-1000.0	-30.937090823693826	61.87418164738765	15.468545411846911	-15.468545411846911	344.8254545098725	1000.0	344.8254545098725	-15.468545411846911	965.5236364703827	-15.468545411846911	-15.468545411846913	-19.00781811777037	30.93709082369378	-344.8254545098725	15.468545411846913	1000.0	-1000.0	-19.00781811777	19.00781811777037	-15.468545411846911	30.937090823693826	-30.93709082369378	-34.47636352961729	15.468545411846913	15.468545411846911	8.39	30.937090823693826	344.8254545098724
609	-90.71371341738124	362.85485366952497	90.71371341738124	90.71371341738124	87.88261181151051	90.71371341738124	1000.0	407.52976118115106	-87.88261181151057	-90.71371341738124	362.85485366952497	90.71371341738124	-90.71371341738124	222.5892835434531	-1000.0	-181.42742683476249	362.85485366952497	90.71371341738124	-90.71371341738124	407.52976118115106	1000.0	407.52976118115106	-90.71371341738124	777.4107164565469	-90.71371341738124	-90.71371341738124	-131.87557012607186	181.42742683476249	-407.52976118115106	90.71371341738124	1000.0	-1000.0	-131.87557012607198	131.87557012607186	-90.71371341738124	181.42742683476249	-181.42742683476249	-222.58928354345312	90.71371341738124	90.71371341738124	8.39	181.42742683476249	407.5297611811509
610	-147.89170586378071	591.5668234551227	147.89170586378071	147.89170586378071	564.3658821981726	147.89170586378071	1000.0	455.17808821981725	-564.3658821981726	-147.89170586378071	591.5668234551227	147.89170586378071	-147.89170586378071	365.53426465945176	-1000.0	-295.78341172756143	591.5668234551227	147.89170586378071	-147.89170586378071	455.17808821981725	1000.0	455.17808821981725	-147.89170586378071	634.4657353405482	-147.89170586378071	-147.89170586378071	-217.64255879567088	295.7834117275614	-455.17808821981725	147.89170586378071	1000.0	-1000.0	-217.64255879567122	217.64255879567088	-147.89170586378071	295.78341172756143	-295.7834117275614	-365.53426465945176	147.89170586378071	147.89170586378071	8.39	295.78341172756143	455.17808821981725
611	-3.4779318285972463	13.911727314388985	3.4779318285972463	3.4779318285972463	-636.0823483806944	3.4779318285972463	1000.0	333.33333333333337	636.0823483806944	-3.4779318285972463	13.911727314388985	3.4779318285972463	-3.4779318285972463	0.0	-991.0003408570138	-6.9558636571944925	13.911727314388985	3.4779318285972463	-3.4779318285972463	333.33333333333337	991.0003408570138	333.33333333333337	-3.4779318285972463	991.0003408570138	-3.4779318285972463	-3.4779318285972463	-5.521727314388986	6.9558636571944925	-333.33333333333337	3.4779318285972463	991.0003408570138	-991.0003408570138	-5.521727314388954	5.521727314388986	-3.4779318285972463	6.9558636571944925	-6.9558636571944925	-8.999659142986161	3.4779318285972463	3.4779318285972463	8.39	6.9558636571944925	333.33333333333337
612	-47.85662325834893	191.42649303339573	47.85662325834893	47.85662325834893	-269.2598061804256	47.85662325834893	1000.0	371.8155193819575	269.25980618042564	-47.85662325834893	191.42649303339573	47.85662325834893	-47.85662325834893	115.44655814587233	-1000.0	-95.71324651669786	191.42649303339573	47.85662325834893	-47.85662325834893	371.8155193819575	1000.0	371.8155193819575	-47.85662325834893	884.5534418541276	-47.85662325834893	-47.85662325834893	-67.58993488752341	95.71324651669786	-371.8155193819575	47.85662325834893	1000.0	-1000.0	-67.58993488752361	67.58993488752341	-47.85662325834893	95.71324651669786	-95.71324651669786	-115.44655814587236	47.85662325834893	47.85662325834893	8.39	95.71324651669786	371.81551938195753
613	-84.92261798481142	339.6904719392457	84.92261798481142	84.92261798481142	39.623483206761875	84.92261798481142	1000.0	402.7038483206762	-39.62348320676186	-84.92261798481142	339.6904719392457	84.92261798481142	-84.92261798481142	208.11154496202857	-1000.0	-169.84523596962285	339.6904719392457	84.92261798481142	-84.92261798481142	402.7038483206762	1000.0	402.7038483206762	-84.92261798481142	791.8884550379714	-84.92261798481142	-84.92261798481142	-123.18892697721714	169.84523596962285	-402.7038483206762	84.92261798481142	1000.0	-1000.0	-123.18892697721685	123.18892697721714	-84.92261798481142	169.84523596962285	-169.84523596962285	-208.11154496202857	84.92261798481142	84.92261798481142	8.39	169.84523596962285	402.7038483206762
614	-165.78525035162025	663.141001406481	165.78525035162025	165.78525035162025	1000.0	165.78525035162025	140.43625879050626	326.82875175810125	-1000.0	-165.78525035162025	663.141001406481	165.78525035162025	-165.78525035162025	840.0499964837975	-1000.0	-331.5705007032405	663.141001406481	165.78525035162025	-165.78525035162025	326.82875175810125	1000.0	326.82875175810125	-165.78525035162025	159.95000351620251	-165.78525035162025	-165.78525035162025	185.29899507731636	331.5705007032405	-326.82875175810125	165.78525035162025	1000.0	-1000.0	185.29899507731676	-185.29899507731636	-165.78525035162025	331.5705007032405	-331.5705007032405	19.513744725696256	165.78525035162025	165.78525035162025	8.39	331.5705007032405	326.82875175810125
615	-183.46039759387773	733.8415903755108	183.46039759387773	183.46039759387773	1000.0	183.46039759387773	1000.0	415.2044879693886	-1000.0	-183.46039759387773	733.8415903755108	183.46039759387773	-183.46039759387773	245.61346390816584	-582.3149398469432	-366.92079518775546	733.8415903755108	183.46039759387773	-183.46039759387773	415.2044879693886	582.3149398469432	415.2044879693886	-183.46039759387773	336.7014759387773	-183.46039759387773	-183.46039759387773	-479.83812646734486	366.9207951877554	-415.2044879693886	183.46039759387773	582.3149398469432	-582.3149398469432	-479.83812646734486	479.83812646734486	-183.46039759387773	366.92079518775546	-366.9207951877554	-663.2985240612227	183.46039759387773	183.46039759387773	8.39	366.92079518775546	415.2044879693887
616	-193.31469580097678	773.258783203907	193.31469580097678	193.31469580097678	1000.0	193.31469580097678	1000.0	464.47597900488375	-1000.0	-193.31469580097678	773.258783203907	193.31469580097678	-193.31469580097678	393.42793701465126	-828.6723950244187	-386.62939160195356	773.258783203907	193.31469580097678	-193.31469580097678	464.47597900488375	828.6723950244187	464.47597900488375	-193.31469580097678	435.24445800976747	-193.31469580097678	-193.31469580097678	-371.44084618925564	386.6293916019535	-464.47597900488375	193.31469580097678	828.6723950244187	-828.6723950244187	-371.4408461892555	371.44084618925564	-193.31469580097678	386.62939160195356	-386.6293916019535	-564.7555419902326	193.31469580097678	193.31469580097678	8.39	386.62939160195356	464.47597900488387
617	-98.54739787734908	394.18959150939634	98.54739787734908	98.54739787734908	432.663328773491	98.54739787734908	161.49996061325396	274.3078249999999	-432.663328773491	-98.54739787734908	394.18959150939634	98.54739787734908	-98.54739787734908	661.4235143867458	-1000.0	-197.09479575469817	394.18959150939634	98.54739787734908	-98.54739787734908	274.3078249999999	1000.0	274.3078249999999	-98.54739787734908	338.57648561325425	-98.54739787734908	-98.54739787734908	275.6239228773494	197.09479575469817	-274.3078249999999	98.54739787734908	1000.0	-1000.0	275.62392287734946	-275.6239228773494	-98.54739787734908	197.09479575469817	-197.09479575469817	177.07652499999926	98.54739787734908	98.54739787734908	8.39	197.09479575469817	274.30782500000004
618	-160.32342667887792	641.2937067155117	160.32342667887792	160.32342667887792	1000.0	160.32342667887792	3.8906669719475335	299.5196333943896	-1000.0	-160.32342667887792	641.2937067155117	160.32342667887792	-160.32342667887792	894.668233211221	-1000.0	-320.64685335775584	641.2937067155117	160.32342667887792	-160.32342667887792	299.5196333943896	1000.0	299.5196333943896	-160.32342667887792	105.33176678877896	-160.32342667887792	-160.32342667887792	261.76452649570933	320.64685335775584	-299.5196333943896	160.32342667887792	1000.0	-1000.0	261.76452649570956	-261.76452649570933	-160.32342667887792	320.64685335775584	-320.64685335775584	101.44109981683143	160.32342667887792	160.32342667887792	8.39	320.64685335775584	299.5196333943895
619	-86.06212410111821	344.24849640447286	86.06212410111821	86.06212410111821	307.8105910111824	86.06212410111821	401.0028544944088	274.3078249999999	-307.81059101118234	-86.06212410111821	344.24849640447286	86.06212410111821	-86.06212410111821	421.92062050559105	-822.9234749999998	-172.12424820223643	344.24849640447286	86.06212410111821	-86.06212410111821	274.3078249999999	822.9234749999998	274.3078249999999	-86.06212410111821	401.0028544944088	-86.06212410111821	-86.06212410111821	86.0621241011182	172.12424820223643	-274.3078249999999	86.06212410111821	822.9234749999998	-822.9234749999998	86.06212410111755	-86.0621241011182	-86.06212410111821	172.12424820223643	-172.12424820223643	0.0	86.06212410111821	86.06212410111821	8.39	172.12424820223643	274.30782500000004
620	0.0	0.0	0.0	0.0	-590.7182686175229	0.0	879.7849029262843	293.2616343087614	590.7182686175229	0.0	0.0	0.0	0.0	0.0	-888.1749029262843	0.0	0.0	0.0	0.0	293.2616343087614	888.1749029262843	293.2616343087614	0.0	888.1749029262843	0.0	0.0	8.39	0.0	-293.2616343087614	0.0	888.1749029262843	-888.1749029262843	8.389999999999986	-8.39	0.0	0.0	0.0	8.389999999999986	0.0	0.0	8.39	0.0	293.2616343087615
621	-0.7638841976823831	3.0555367907295325	0.7638841976823831	0.7638841976823831	-545.1718080231765	0.7638841976823831	822.9234750000005	274.30782500000015	545.1718080231765	-0.7638841976823831	3.0555367907295325	0.7638841976823831	-0.7638841976823831	0.0	-827.4940540115886	-1.5277683953647663	3.0555367907295325	0.7638841976823831	-0.7638841976823831	274.30782500000015	827.4940540115886	274.30782500000015	-0.7638841976823831	827.4940540115886	-0.7638841976823831	-0.7638841976823831	5.334463209270468	1.5277683953647738	-274.30782500000015	0.7638841976823831	827.4940540115886	-827.4940540115886	5.334463209270439	-5.334463209270468	-0.7638841976823831	1.5277683953647663	-1.5277683953647738	4.570579011588052	0.7638841976823831	0.7638841976823831	8.39	1.5277683953647663	274.30782500000004
622	-78.53260434827816	314.1304173931126	78.53260434827816	78.53260434827816	232.51539348278138	78.53260434827816	438.65045325860933	274.30782500000004	-232.51539348278138	-78.53260434827816	314.1304173931126	78.53260434827816	-78.53260434827816	384.2730217413908	-822.923475	-157.0652086965563	314.1304173931126	78.53260434827816	-78.53260434827816	274.30782500000004	822.923475	274.30782500000004	-78.53260434827816	438.6504532586093	-78.53260434827816	-78.53260434827816	78.53260434827808	157.06520869655628	-274.30782500000004	78.53260434827816	822.923475	-822.923475	78.5326043482782	-78.53260434827808	-78.53260434827816	157.0652086965563	-157.06520869655628	0.0	78.53260434827816	78.53260434827816	8.39	157.0652086965563	274.30782500000004
623	-17.48543624815092	69.94174499260367	17.48543624815092	17.48543624815092	-377.9562875184908	17.48543624815092	743.8862937592454	274.307825	377.9562875184908	-17.48543624815092	69.94174499260367	17.48543624815092	-17.48543624815092	79.03718124075453	-822.9234749999999	-34.97087249630184	69.94174499260367	17.48543624815092	-17.48543624815092	274.307825	822.9234749999999	274.307825	-17.48543624815092	743.8862937592454	-17.48543624815092	-17.48543624815092	17.48543624815086	34.97087249630181	-274.307825	17.48543624815092	822.9234749999999	-822.9234749999999	17.485436248150734	-17.48543624815086	-17.48543624815092	34.97087249630184	-34.97087249630181	0.0	17.48543624815092	17.48543624815092	8.39	34.97087249630184	274.30782500000004
624	0.0	0.0	0.0	0.0	-617.555403720974	0.0	920.040605581461	306.680201860487	617.555403720974	0.0	0.0	0.0	0.0	0.0	-928.430605581461	0.0	0.0	0.0	0.0	306.680201860487	928.430605581461	306.680201860487	0.0	928.430605581461	0.0	0.0	8.39	0.0	-306.680201860487	0.0	928.430605581461	-928.430605581461	8.3900000000001	-8.39	0.0	0.0	0.0	8.389999999999986	0.0	0.0	8.39	0.0	306.6802018604871
625	-12.014384470407519	48.057537881630076	12.014384470407519	12.014384470407519	-432.66680529592486	12.014384470407519	771.2415526479624	274.30782500000004	432.66680529592486	-12.014384470407519	48.057537881630076	12.014384470407519	-12.014384470407519	51.68192235203762	-822.923475	-24.028768940815038	48.057537881630076	12.014384470407519	-12.014384470407519	274.30782500000004	822.923475	274.30782500000004	-12.014384470407519	771.2415526479624	-12.014384470407519	-12.014384470407519	12.014384470407546	24.028768940815038	-274.30782500000004	12.014384470407519	822.923475	-822.923475	12.014384470407379	-12.014384470407546	-12.014384470407519	24.028768940815038	-24.028768940815038	0.0	12.014384470407519	12.014384470407519	8.39	24.028768940815038	274.30782500000004
626	-55.281064999999984	221.12425999999994	55.281064999999984	55.281064999999984	0.0	55.281064999999984	378.06327280680705	274.3078250000001	0.0	-55.281064999999984	221.12425999999994	55.281064999999984	-55.281064999999984	444.8602021931927	-999.7683521931926	-110.56212999999997	221.12425999999994	55.281064999999984	-55.281064999999984	274.3078250000001	999.7683521931926	274.3078250000001	-55.281064999999984	554.90815	-55.281064999999984	-55.281064999999984	232.1259421931927	110.56212999999997	-274.3078250000001	55.281064999999984	999.7683521931926	-999.7683521931926	232.12594219319266	-232.1259421931927	-55.281064999999984	110.56212999999997	-110.56212999999997	176.84487719319293	55.281064999999984	55.281064999999984	8.39	110.56212999999997	274.30782500000004
627	-72.30244460239732	289.20977840958926	72.30244460239732	72.30244460239732	0.0	72.30244460239732	803.3661150599331	359.41472301198655	0.0	-72.30244460239732	289.20977840958926	72.30244460239732	-72.30244460239732	274.87805397602676	-1000.0	-144.60488920479463	289.20977840958926	72.30244460239732	-72.30244460239732	359.41472301198655	1000.0	359.41472301198655	-72.30244460239732	725.1219460239732	-72.30244460239732	-72.30244460239732	-5.941724433562513	144.60488920479463	-359.41472301198655	72.30244460239732	1000.0	-1000.0	-5.94172443356274	5.941724433562513	-72.30244460239732	144.60488920479463	-144.60488920479463	-78.24416903595989	72.30244460239732	72.30244460239732	8.39	144.60488920479463	359.41472301198655
628	-75.09168273626334	300.3667309450534	75.09168273626334	75.09168273626334	0.0	75.09168273626334	873.097068406584	373.3609136813168	0.0	-75.09168273626334	300.3667309450534	75.09168273626334	-75.09168273626334	246.9856726373664	-1000.0	-150.18336547252667	300.3667309450534	75.09168273626334	-75.09168273626334	373.3609136813168	1000.0	373.3609136813168	-75.09168273626334	753.0143273626336	-75.09168273626334	-75.09168273626334	-44.99105830768707	150.1833654725267	-373.3609136813168	75.09168273626334	1000.0	-1000.0	-44.991058307687155	44.99105830768707	-75.09168273626334	150.18336547252667	-150.1833654725267	-120.08274104395036	75.09168273626334	75.09168273626334	8.39	150.18336547252667	373.3609136813168
629	-13.380772822662633	53.523091290650534	13.380772822662633	13.380772822662633	-419.0029217733738	13.380772822662633	777.7903837093496	274.30782500000004	419.0029217733738	-13.380772822662633	53.523091290650534	13.380772822662633	-13.380772822662633	45.133091290650526	-809.5427021773376	-26.761545645325267	53.523091290650534	13.380772822662633	-13.380772822662633	274.30782500000004	809.5427021773376	274.30782500000004	-13.380772822662633	764.409610886687	-13.380772822662633	-13.380772822662633	0.0	26.761545645325267	-274.30782500000004	13.380772822662633	809.5427021773376	-809.5427021773376	0.0	0.0	-13.380772822662633	26.761545645325267	-26.761545645325267	-13.380772822662607	13.380772822662633	13.380772822662633	8.39	26.761545645325267	274.30782500000004
630	-143.62497695936196	574.4999078374478	143.62497695936196	143.62497695936196	883.4391195936191	143.62497695936196	256.8135671625526	274.30782500000015	-883.4391195936191	-143.62497695936196	574.4999078374478	143.62497695936196	-143.62497695936196	566.1099078374478	-679.2984980406385	-287.2499539187239	574.4999078374478	143.62497695936196	-143.62497695936196	274.30782500000015	679.2984980406385	274.30782500000015	-143.62497695936196	113.18859020319064	-143.62497695936196	-143.62497695936196	0.0	287.2499539187239	-274.30782500000015	143.62497695936196	679.2984980406385	-679.2984980406385	0.0	0.0	-143.62497695936196	287.2499539187239	-287.2499539187239	-143.62497695936196	143.62497695936196	143.62497695936196	8.39	287.2499539187239	274.30782500000004
631	-136.99463882676127	547.9785553070451	136.99463882676127	136.99463882676127	607.7549623831053	136.99463882676127	597.4060835197162	378.99821294225376	-607.7549623831053	-136.99463882676127	547.9785553070451	136.99463882676127	-136.99463882676127	539.5885553070451	-1000.0	-273.98927765352255	547.9785553070451	136.99463882676127	-136.99463882676127	378.99821294225376	1000.0	378.99821294225376	-136.99463882676127	460.4114446929549	-136.99463882676127	-136.99463882676127	0.0	273.98927765352255	-378.99821294225376	136.99463882676127	1000.0	-1000.0	0.0	0.0	-136.99463882676127	273.98927765352255	-273.98927765352255	-136.99463882676127	136.99463882676127	136.99463882676127	8.39	273.98927765352255	378.99821294225376
632	-173.11724502365195	692.4689800946079	173.11724502365195	173.11724502365195	944.8992868874184	173.11724502365195	489.03826492904415	391.0390816745507	-944.8992868874184	-173.11724502365195	692.4689800946079	173.11724502365195	-173.11724502365195	684.0789800946079	-1000.0	-346.2344900473039	692.4689800946079	173.11724502365195	-173.11724502365195	391.0390816745507	1000.0	391.0390816745507	-173.11724502365195	315.9210199053921	-173.11724502365195	-173.11724502365195	0.0	346.23449004730395	-391.0390816745507	173.11724502365195	1000.0	-1000.0	0.0	0.0	-173.11724502365195	346.2344900473039	-346.23449004730395	-173.11724502365206	173.11724502365195	173.11724502365195	8.39	346.2344900473039	391.0390816745506
633	-162.5819988402113	650.3279953608451	162.5819988402113	162.5819988402113	1000.0	162.5819988402113	60.35497100528153	310.81249420105627	-1000.0	-162.5819988402113	650.3279953608451	162.5819988402113	-162.5819988402113	872.0825115978874	-1000.0	-325.1639976804226	650.3279953608451	162.5819988402113	-162.5819988402113	310.81249420105627	1000.0	310.81249420105627	-162.5819988402113	127.91748840211255	-162.5819988402113	-162.5819988402113	230.14451623704258	325.16399768042254	-310.81249420105627	162.5819988402113	1000.0	-1000.0	230.1445162370428	-230.14451623704258	-162.5819988402113	325.1639976804226	-325.16399768042254	67.56251739683103	162.5819988402113	162.5819988402113	8.39	325.1639976804226	310.81249420105627
634	-173.19642651375375	692.785706055015	173.19642651375375	173.19642651375375	1000.0	173.19642651375375	325.7156628438439	363.8846325687688	-1000.0	-173.19642651375375	692.785706055015	173.19642651375375	-173.19642651375375	765.9382348624624	-1000.0	-346.3928530275075	692.785706055015	173.19642651375375	-173.19642651375375	363.8846325687688	1000.0	363.8846325687688	-173.19642651375375	234.06176513753758	-173.19642651375375	-173.19642651375375	81.54252880744741	346.3928530275075	-363.8846325687688	173.19642651375375	1000.0	-1000.0	81.54252880744707	-81.54252880744741	-173.19642651375375	346.3928530275075	-346.3928530275075	-91.65389770630634	173.19642651375375	173.19642651375375	8.39	346.3928530275075	363.8846325687688
635	-185.16141167222392	740.6456466888957	185.16141167222392	185.16141167222392	1000.0	185.16141167222392	624.8402918055968	423.70955836111943	-1000.0	-185.16141167222392	740.6456466888957	185.16141167222392	-185.16141167222392	646.2883832777613	-1000.0	-370.32282334444784	740.6456466888957	185.16141167222392	-185.16141167222392	423.70955836111943	1000.0	423.70955836111943	-185.16141167222392	353.71161672223866	-185.16141167222392	-185.16141167222392	-85.96726341113435	370.32282334444784	-423.70955836111943	185.16141167222392	1000.0	-1000.0	-85.96726341113327	85.96726341113435	-185.16141167222392	370.32282334444784	-370.32282334444784	-271.1286750833582	185.16141167222392	185.16141167222392	8.39	370.32282334444784	423.70955836111943
636	-23.621488603255607	94.48595441302243	23.621488603255607	23.621488603255607	-316.5957639674439	23.621488603255607	736.8275205869774	274.3078249999999	316.5957639674439	-23.621488603255607	94.48595441302243	23.621488603255607	-23.621488603255607	86.09595441302243	-799.3019863967443	-47.24297720651121	94.48595441302243	23.621488603255607	-23.621488603255607	274.3078249999999	799.3019863967443	274.3078249999999	-23.621488603255607	713.2060319837218	-23.621488603255607	-23.621488603255607	0.0	47.24297720651121	-274.3078249999999	23.621488603255607	799.3019863967443	-799.3019863967443	0.0	0.0	-23.621488603255607	47.24297720651121	-47.24297720651121	-23.621488603255557	23.621488603255607	23.621488603255607	8.39	47.24297720651121	274.30782500000004
637	-20.777516957792283	83.11006783116913	20.777516957792283	20.777516957792283	-345.0354804220774	20.777516957792283	748.2034071688313	274.3078250000001	345.0354804220774	-20.777516957792283	83.11006783116913	20.777516957792283	-20.777516957792283	74.72006783116913	-802.1459580422081	-41.555033915584566	83.11006783116913	20.777516957792283	-20.777516957792283	274.3078250000001	802.1459580422081	274.3078250000001	-20.777516957792283	727.425890211039	-20.777516957792283	-20.777516957792283	0.0	41.555033915584566	-274.3078250000001	20.777516957792283	802.1459580422081	-802.1459580422081	0.0	0.0	-20.777516957792283	41.555033915584566	-41.555033915584566	-20.777516957792272	20.777516957792283	20.777516957792283	8.39	41.555033915584566	274.30782500000004
638	-63.28918796262213	253.15675185048852	63.28918796262213	63.28918796262213	-80.16257901552675	63.28918796262213	818.5224361121336	354.42972932087406	80.16257901552675	-63.28918796262213	253.15675185048852	63.28918796262213	-63.28918796262213	244.7667518504885	-1000.0	-126.57837592524426	253.15675185048852	63.28918796262213	-63.28918796262213	354.42972932087406	1000.0	354.42972932087406	-63.28918796262213	755.2332481495115	-63.28918796262213	-63.28918796262213	0.0	126.57837592524426	-354.42972932087406	63.28918796262213	1000.0	-1000.0	0.0	0.0	-63.28918796262213	126.57837592524426	-126.57837592524426	-63.28918796262212	63.28918796262213	63.28918796262213	8.39	126.57837592524426	354.4297293208742
639	-49.96246689814183	199.8498675925673	49.96246689814183	49.96246689814183	-251.7111091821514	49.96246689814183	1000.0	373.57038908178487	251.7111091821514	-49.96246689814183	199.8498675925673	49.96246689814183	-49.96246689814183	120.71116724535455	-1000.0	-99.92493379628365	199.8498675925673	49.96246689814183	-49.96246689814183	373.57038908178487	1000.0	373.57038908178487	-49.96246689814183	879.2888327546455	-49.96246689814183	-49.96246689814183	-70.74870034721278	99.92493379628365	-373.57038908178487	49.96246689814183	1000.0	-1000.0	-70.74870034721283	70.74870034721278	-49.96246689814183	99.92493379628365	-99.92493379628365	-120.71116724535455	49.96246689814183	49.96246689814183	8.39	99.92493379628365	373.5703890817847
640	-0.8361291886942839	3.3445167547771346	0.8361291886942839	0.8361291886942839	-659.694138742038	0.8361291886942839	995.7906459434714	331.93021531449045	659.694138742038	-0.8361291886942839	3.3445167547771346	0.8361291886942839	-0.8361291886942839	0.0	-1000.0	-1.6722583773885678	3.3445167547771346	0.8361291886942839	-0.8361291886942839	331.93021531449045	1000.0	331.93021531449045	-0.8361291886942839	1000.0	-0.8361291886942839	-0.8361291886942839	5.045483245222866	1.6722583773885162	-331.93021531449045	0.8361291886942839	1000.0	-1000.0	5.045483245223011	-5.045483245222866	-0.8361291886942839	1.6722583773885678	-1.6722583773885162	4.209354056528568	0.8361291886942839	0.8361291886942839	8.39	1.6722583773885678	331.93021531449057
641	-155.28106500000004	621.1242600000002	155.28106500000004	155.28106500000004	1000.0	155.28106500000004	611.1635101004899	274.30782500000015	-1000.0	-155.28106500000004	621.1242600000002	155.28106500000004	-155.28106500000004	211.75996489951063	-266.6681148995109	-310.5621300000001	621.1242600000002	155.28106500000004	-155.28106500000004	274.30782500000015	266.6681148995109	274.30782500000015	-155.28106500000004	54.908150000000205	-155.28106500000004	-155.28106500000004	-400.97429510048954	310.56213	-274.30782500000015	155.28106500000004	266.6681148995109	-266.6681148995108	-400.9742951004893	400.97429510048954	-155.28106500000004	310.5621300000001	-310.56213	-556.2553601004897	155.28106500000004	155.28106500000004	8.39	310.5621300000001	274.30782500000004
642	-48.62393581185324	194.49574324741295	48.62393581185324	48.62393581185324	-66.57129188146769	48.62393581185324	636.817731752587	274.307825	66.57129188146769	-48.62393581185324	194.49574324741295	48.62393581185324	-48.62393581185324	186.10574324741293	-774.2995391881467	-97.24787162370647	194.49574324741295	48.62393581185324	-48.62393581185324	274.307825	774.2995391881467	274.307825	-48.62393581185324	588.1937959407337	-48.62393581185324	-48.62393581185324	0.0	97.24787162370649	-274.307825	48.62393581185324	774.2995391881467	-774.2995391881466	0.0	0.0	-48.62393581185324	97.24787162370647	-97.24787162370649	-48.623935811853244	48.62393581185324	48.62393581185324	8.39	97.24787162370647	274.30782500000004
643	-2.0975	8.39	2.0975	2.0975	-533.6094310879796	2.0975	825.5841466319696	275.19471554398984	533.6094310879796	-2.0975	8.39	2.0975	-2.0975	0.0	-823.4866466319695	-4.195	8.39	2.0975	-2.0975	275.19471554398984	823.4866466319695	275.19471554398984	-2.0975	823.4866466319695	-2.0975	-2.0975	0.0	4.19500000000005	-275.19471554398984	2.0975	823.4866466319695	-823.4866466319695	0.0	0.0	-2.0975	4.195	-4.19500000000005	-2.097500000000025	2.0975	2.0975	8.39	4.195	275.1947155439898
644	-56.20707643681187	224.8283057472475	56.20707643681187	56.20707643681187	0.0	56.20707643681187	836.813646552178	278.93788218405933	0.0	-56.20707643681187	224.8283057472475	56.20707643681187	-56.20707643681187	0.0	-564.1682643681187	-112.41415287362373	224.8283057472475	56.20707643681187	-56.20707643681187	278.93788218405933	564.1682643681187	278.93788218405933	-56.20707643681187	564.1682643681187	-56.20707643681187	-56.20707643681187	-216.43830574724754	112.41415287362372	-278.93788218405933	56.20707643681187	564.1682643681187	-564.1682643681187	-216.4383057472475	216.43830574724754	-56.20707643681187	112.41415287362373	-112.41415287362372	-272.6453821840594	56.20707643681187	56.20707643681187	8.39	112.41415287362373	278.9378821840594
645	-133.0475223869629	532.1900895478516	133.0475223869629	133.0475223869629	777.6645738696288	133.0475223869629	-11.000661934815007	274.3078249999999	-777.6645738696288	-133.0475223869629	532.1900895478516	133.0475223869629	-133.0475223869629	833.9241369348147	-1000.0	-266.0950447739258	532.1900895478516	133.0475223869629	-133.0475223869629	274.3078249999999	1000.0	274.3078249999999	-133.0475223869629	166.07586306518533	-133.0475223869629	-133.0475223869629	310.12404738696307	266.0950447739258	-274.3078249999999	133.0475223869629	1000.0	-1000.0	310.1240473869636	-310.12404738696307	-133.0475223869629	266.0950447739258	-266.0950447739258	177.07652499999926	133.0475223869629	133.0475223869629	8.39	266.0950447739258	274.30782500000004
646	-45.342971449726654	181.37188579890662	45.342971449726654	45.342971449726654	-99.38093550273331	45.342971449726654	427.52209275136624	274.3078249999999	99.38093550273331	-45.342971449726654	181.37188579890662	45.342971449726654	-45.342971449726654	395.4013822486335	-1000.0	-90.68594289945331	181.37188579890662	45.342971449726654	-45.342971449726654	274.3078249999999	1000.0	274.3078249999999	-45.342971449726654	604.5986177513664	-45.342971449726654	-45.342971449726654	222.4194964497269	90.68594289945327	-274.3078249999999	45.342971449726654	1000.0	-1000.0	222.41949644972692	-222.4194964497269	-45.342971449726654	90.68594289945331	-90.68594289945327	177.07652499999926	45.342971449726654	45.342971449726654	8.39	90.68594289945331	274.30782500000004
647	-66.34736940695089	265.38947762780367	66.34736940695089	66.34736940695089	0.0	66.34736940695089	654.4892351737728	329.63934703475456	0.0	-66.34736940695089	265.38947762780367	66.34736940695089	-66.34736940695089	334.42880593049085	-1000.0	-132.69473881390178	265.38947762780367	66.34736940695089	-66.34736940695089	329.63934703475456	1000.0	329.63934703475456	-66.34736940695089	665.5711940695091	-66.34736940695089	-66.34736940695089	77.42932830268705	132.69473881390184	-329.63934703475456	66.34736940695089	1000.0	-1000.0	77.429328302687	-77.42932830268705	-66.34736940695089	132.69473881390178	-132.69473881390184	11.081958895736307	66.34736940695089	66.34736940695089	8.39	132.69473881390178	329.63934703475456
648	-88.72578296777692	354.9031318711077	88.72578296777692	88.72578296777692	157.24564103258456	88.72578296777692	742.2126510966693	362.9085943225923	-157.24564103258456	-88.72578296777692	354.9031318711077	88.72578296777692	-88.72578296777692	346.5131318711077	-1000.0	-177.45156593555384	354.9031318711077	88.72578296777692	-88.72578296777692	362.9085943225923	1000.0	362.9085943225923	-88.72578296777692	653.4868681288923	-88.72578296777692	-88.72578296777692	0.0	177.45156593555384	-362.9085943225923	88.72578296777692	1000.0	-1000.0	0.0	0.0	-88.72578296777692	177.45156593555384	-177.45156593555384	-88.72578296777704	88.72578296777692	88.72578296777692	8.39	177.45156593555384	362.9085943225924
649	-123.26122163474673	493.04488653898693	123.26122163474673	123.26122163474673	479.5764019243033	123.26122163474673	638.6063350957598	374.42040721158224	-479.5764019243033	-123.26122163474673	493.04488653898693	123.26122163474673	-123.26122163474673	484.6548865389869	-1000.0	-246.52244326949346	493.04488653898693	123.26122163474673	-123.26122163474673	374.42040721158224	1000.0	374.42040721158224	-123.26122163474673	515.3451134610132	-123.26122163474673	-123.26122163474673	0.0	246.52244326949346	-374.42040721158224	123.26122163474673	1000.0	-1000.0	0.0	0.0	-123.26122163474673	246.52244326949346	-246.52244326949346	-123.26122163474673	123.26122163474673	123.26122163474673	8.39	246.52244326949346	374.42040721158236
650	-178.0770632048296	712.3082528193186	178.07706320482964	178.0770632048296	1000.0	178.07706320482964	460.94519525312586	388.2878160241482	-1000.0	-178.07706320482964	712.3082528193186	178.07706320482964	-178.07706320482964	703.9182528193186	-986.786384867615	-356.1541264096593	712.3082528193186	178.07706320482964	-178.07706320482964	388.2878160241482	986.786384867615	388.2878160241482	-178.07706320482964	282.8681320482963	-178.0770632048296	-178.07706320482964	0.0	356.1541264096593	-388.2878160241482	178.07706320482964	986.786384867615	-986.786384867615	0.0	0.0	-178.07706320482964	356.1541264096593	-356.1541264096593	-178.07706320482953	178.07706320482964	178.07706320482964	8.39	356.1541264096593	388.2878160241483
651	-107.80112298666354	431.20449194665423	107.80112298666357	107.80112298666354	230.27769155552983	107.80112298666354	1000.0	421.769269155553	-230.27769155552988	-107.80112298666357	431.20449194665423	107.80112298666354	-107.80112298666357	265.3078074666589	-1000.0	-215.60224597332714	431.20449194665423	107.80112298666354	-107.80112298666354	421.769269155553	1000.0	421.769269155553	-107.80112298666354	734.6921925333411	-107.80112298666354	-107.80112298666357	-157.50668447999533	215.60224597332711	-421.769269155553	107.80112298666357	1000.0	-1000.0	-157.5066844799955	157.50668447999533	-107.80112298666354	215.60224597332714	-215.60224597332711	-265.3078074666589	107.80112298666357	107.80112298666354	8.39	215.60224597332714	421.7692691555528
652	-77.99568227509106	311.98272910036417	77.99568227509106	77.99568227509106	0.0	77.99568227509106	945.6970568772764	387.8809113754553	0.0	-77.99568227509106	311.98272910036417	77.99568227509106	-77.99568227509106	217.9456772490894	-1000.0	-155.9913645501821	311.98272910036417	77.99568227509106	-77.99568227509106	387.8809113754553	1000.0	387.8809113754553	-77.99568227509106	782.0543227509106	-77.99568227509106	-77.99568227509106	-85.64705185127474	155.99136455018208	-387.8809113754553	77.99568227509106	1000.0	-1000.0	-85.64705185127502	85.64705185127474	-77.99568227509106	155.9913645501821	-155.99136455018208	-163.64273412636578	77.99568227509106	77.99568227509106	8.39	155.9913645501821	387.8809113754552
653	-135.37663204573542	541.5065281829417	135.37663204573542	135.37663204573542	460.0736003811288	135.37663204573542	1000.0	444.7488600381128	-460.0736003811288	-135.37663204573542	541.5065281829417	135.37663204573542	-135.37663204573542	334.2465801143386	-1000.0	-270.75326409147084	541.5065281829417	135.37663204573542	-135.37663204573542	444.7488600381128	1000.0	444.7488600381128	-135.37663204573542	665.7534198856615	-135.37663204573542	-135.37663204573542	-198.8699480686031	270.75326409147084	-444.7488600381128	135.37663204573542	1000.0	-1000.0	-198.86994806860304	198.8699480686031	-135.37663204573542	270.75326409147084	-270.75326409147084	-334.2465801143385	135.37663204573542	135.37663204573542	8.39	270.75326409147084	444.7488600381129
654	-178.90096841191908	715.6038736476763	178.90096841191908	178.90096841191908	1000.0	178.90096841191908	468.32921029797706	392.40734205959546	-1000.0	-178.90096841191908	715.6038736476763	178.90096841191908	-178.90096841191908	708.8928158808092	-1000.0	-357.80193682383816	715.6038736476763	178.90096841191908	-178.90096841191908	392.40734205959546	1000.0	392.40734205959546	-178.90096841191908	291.10718411919083	-178.90096841191908	-178.90096841191908	1.6789422331328296	357.80193682383816	-392.40734205959546	178.90096841191908	1000.0	-1000.0	1.6789422331326591	-1.6789422331328296	-178.90096841191908	357.80193682383816	-357.80193682383816	-177.22202617878622	178.90096841191908	178.90096841191908	8.39	357.80193682383816	392.40734205959524
655	-164.5761751781527	658.3047007126108	164.5761751781527	164.5761751781527	1000.0	164.5761751781527	110.20937945381729	320.78337589076347	-1000.0	-164.5761751781527	658.3047007126108	164.5761751781527	-164.5761751781527	852.1407482184732	-1000.0	-329.1523503563054	658.3047007126108	164.5761751781527	-164.5761751781527	320.78337589076347	1000.0	320.78337589076347	-164.5761751781527	147.85925178152684	-164.5761751781527	-164.5761751781527	202.2260475058622	329.1523503563054	-320.78337589076347	164.5761751781527	1000.0	-1000.0	202.22604750586225	-202.2260475058622	-164.5761751781527	329.1523503563054	-329.1523503563054	37.649872327709545	164.5761751781527	164.5761751781527	8.39	329.1523503563054	320.7833758907633
656	-161.1041871673085	644.416748669234	161.1041871673085	161.1041871673085	1000.0	161.1041871673085	113.1393716730854	303.42343583654264	-1000.0	-161.1041871673085	644.416748669234	161.1041871673085	-161.1041871673085	797.1309358365426	-910.270307509628	-322.208374334617	644.416748669234	161.1041871673085	-161.1041871673085	303.42343583654264	910.270307509628	303.42343583654264	-161.1041871673085	113.1393716730854	-161.1041871673085	-161.1041871673085	161.1041871673085	322.208374334617	-303.42343583654264	161.1041871673085	910.270307509628	-910.270307509628	161.10418716730828	-161.1041871673085	-161.1041871673085	322.208374334617	-322.208374334617	0.0	161.1041871673085	161.1041871673085	8.39	322.208374334617	303.42343583654275
657	-175.23930800096866	700.9572320038747	175.2393080009687	175.23930800096866	1000.0	175.2393080009687	376.7877000242165	374.09904000484335	-1000.0	-175.2393080009687	700.9572320038747	175.2393080009687	-175.2393080009687	745.5094199903134	-1000.0	-350.4786160019374	700.9572320038747	175.2393080009687	-175.2393080009687	374.09904000484335	1000.0	374.09904000484335	-175.2393080009687	254.4905800096866	-175.23930800096866	-175.2393080009687	52.94218798643885	350.4786160019373	-374.09904000484335	175.2393080009687	1000.0	-1000.0	52.942187986438796	-52.94218798643885	-175.2393080009687	350.4786160019374	-350.4786160019373	-122.29712001452992	175.2393080009687	175.2393080009687	8.39	350.4786160019374	374.09904000484335
658	-161.25020496945814	645.0008198778326	161.25020496945814	161.25020496945814	1000.0	161.25020496945814	27.060124236453476	304.1535248472907	-1000.0	-161.25020496945814	645.0008198778326	161.25020496945814	-161.25020496945814	885.4004503054186	-1000.0	-322.5004099389163	645.0008198778326	161.25020496945814	-161.25020496945814	304.1535248472907	1000.0	304.1535248472907	-161.25020496945814	114.59954969458136	-161.25020496945814	-161.25020496945814	248.78963042758596	322.5004099389163	-304.1535248472907	161.25020496945814	1000.0	-1000.0	248.7896304275859	-248.78963042758596	-161.25020496945814	322.5004099389163	-322.5004099389163	87.53942545812795	161.25020496945814	161.25020496945814	8.39	322.5004099389163	304.1535248472904
659	-77.4745550876466	309.8982203505864	77.4745550876466	77.4745550876466	103.88388420979932	77.4745550876466	621.017224561767	333.3333333333333	-103.88388420979932	-77.4745550876466	309.8982203505864	77.4745550876466	-77.4745550876466	378.98277543823303	-1000.0	-154.9491101752932	309.8982203505864	77.4745550876466	-77.4745550876466	333.3333333333333	1000.0	333.3333333333333	-77.4745550876466	621.017224561767	-77.4745550876466	-77.4745550876466	77.47455508764659	154.9491101752932	-333.3333333333333	77.4745550876466	1000.0	-1000.0	77.47455508764679	-77.47455508764659	-77.4745550876466	154.9491101752932	-154.9491101752932	0.0	77.4745550876466	77.4745550876466	8.39	154.9491101752932	333.3333333333334
660	-38.62799810226111	154.51199240904444	38.62799810226111	38.62799810226111	-166.53066897738893	38.62799810226111	461.09695948869467	274.3078250000001	166.53066897738893	-38.62799810226111	154.51199240904444	38.62799810226111	-38.62799810226111	361.8265155113054	-1000.0	-77.25599620452222	154.51199240904444	38.62799810226111	-38.62799810226111	274.3078250000001	1000.0	274.3078250000001	-38.62799810226111	638.1734844886946	-38.62799810226111	-38.62799810226111	215.70452310226096	77.25599620452222	-274.3078250000001	38.62799810226111	1000.0	-1000.0	215.7045231022604	-215.70452310226096	-38.62799810226111	77.25599620452222	-77.25599620452222	177.07652499999926	38.62799810226111	38.62799810226111	8.39	77.25599620452222	274.30782500000004
661	-155.28106499999998	621.1242599999999	155.28106499999998	155.28106499999998	1000.0	155.28106499999998	629.8527251978487	274.30782500000004	-1000.0	-155.28106499999998	621.1242599999999	155.28106499999998	-155.28106499999998	193.0707498021515	-247.9788998021517	-310.56212999999997	621.1242599999999	155.28106499999998	-155.28106499999998	274.30782500000004	247.97889980215166	274.30782500000004	-155.28106499999998	54.90815000000018	-155.28106499999998	-155.28106499999998	-419.6635101978485	310.56212999999997	-274.30782500000004	155.28106499999998	247.97889980215166	-247.9788998021517	-419.6635101978488	419.6635101978485	-155.28106499999998	310.56212999999997	-310.56212999999997	-574.9445751978485	155.28106499999998	155.28106499999998	8.39	310.56212999999997	274.30782500000004
662	-155.28106500000004	621.1242600000002	155.28106500000004	155.28106500000004	1000.0	155.28106500000004	636.0087834193916	274.30782500000015	-1000.0	-155.28106500000004	621.1242600000002	155.28106500000004	-155.28106500000004	186.91469158060875	-241.822841580609	-310.5621300000001	621.1242600000002	155.28106500000004	-155.28106500000004	274.30782500000015	241.82284158060907	274.30782500000015	-155.28106500000004	54.90815000000026	-155.28106500000004	-155.28106500000004	-425.81956841939143	310.5621300000001	-274.30782500000015	155.28106500000004	241.82284158060907	-241.822841580609	-425.8195684193913	425.81956841939143	-155.28106500000004	310.5621300000001	-310.5621300000001	-581.1006334193914	155.28106500000004	155.28106500000004	8.39	310.5621300000001	274.30782500000004
663	-27.224791924037522	108.89916769615009	27.224791924037522	27.224791924037522	-280.56273075962486	27.224791924037522	722.4143073038499	274.307825	280.5627307596249	-27.224791924037522	108.89916769615009	27.224791924037522	-27.224791924037522	100.50916769615009	-795.6986830759624	-54.449583848075044	108.89916769615009	27.224791924037522	-27.224791924037522	274.307825	795.6986830759624	274.307825	-27.224791924037522	695.1895153798123	-27.224791924037522	-27.224791924037522	0.0	54.449583848075044	-274.307825	27.224791924037522	795.6986830759624	-795.6986830759624	0.0	0.0	-27.224791924037522	54.449583848075044	-54.449583848075044	-27.224791924037618	27.224791924037522	27.224791924037522	8.39	54.449583848075044	274.30782500000004
664	-145.9276785760094	583.7107143040377	145.92767857600947	145.9276785760094	788.4151190934274	145.9276785760094	1000.0	333.3333333333333	-788.4151190934274	-145.92767857600947	583.7107143040377	145.9276785760094	-145.92767857600947	0.0	-278.75160711995284	-291.8553571520188	583.7107143040377	145.9276785760094	-145.9276785760094	333.3333333333333	278.75160711995284	333.3333333333333	-145.9276785760094	278.75160711995284	-145.9276785760094	-145.92767857600947	-575.3207143040377	291.8553571520188	-333.3333333333333	145.92767857600947	278.75160711995284	-278.75160711995284	-575.3207143040377	575.3207143040377	-145.9276785760094	291.8553571520188	-291.8553571520188	-721.2483928800472	145.92767857600947	145.9276785760094	8.39	291.8553571520188	333.3333333333334
665	-150.85347081854968	603.4138832741988	150.8534708185497	150.85347081854968	837.6730415188301	150.85347081854968	1000.0	333.3333333333333	-837.6730415188301	-150.8534708185497	603.4138832741988	150.85347081854968	-150.8534708185497	0.0	-254.12264590725144	-301.7069416370994	603.4138832741988	150.85347081854968	-150.85347081854968	333.3333333333333	254.12264590725147	333.3333333333333	-150.85347081854968	254.12264590725144	-150.85347081854968	-150.8534708185497	-595.0238832741989	301.7069416370994	-333.3333333333333	150.8534708185497	254.12264590725147	-254.12264590725144	-595.0238832741979	595.0238832741989	-150.85347081854968	301.7069416370994	-301.7069416370994	-745.8773540927485	150.8534708185497	150.85347081854968	8.39	301.7069416370994	333.3333333333333
666	-120.17142105312129	480.6856842124852	120.17142105312128	120.17142105312129	530.8525438645464	120.17142105312129	1000.0	333.3333333333333	-530.8525438645464	-120.17142105312128	480.6856842124852	120.17142105312129	-120.17142105312128	0.0	-407.5328947343935	-240.3428421062426	480.6856842124852	120.17142105312129	-120.17142105312129	333.3333333333333	407.5328947343935	333.3333333333333	-120.17142105312129	407.5328947343935	-120.17142105312129	-120.17142105312128	-472.29568421248524	240.3428421062426	-333.3333333333333	120.17142105312128	407.5328947343935	-407.5328947343935	-472.29568421248524	472.29568421248524	-120.17142105312129	240.3428421062426	-240.3428421062426	-592.4671052656065	120.17142105312128	120.17142105312129	8.39	240.3428421062426	333.3333333333334
667	-18.8895954188211	75.5583816752844	18.8895954188211	18.8895954188211	-363.914695811789	18.8895954188211	755.7550933247155	274.30782500000004	363.914695811789	-18.8895954188211	75.5583816752844	18.8895954188211	-18.8895954188211	67.16838167528437	-804.0338795811789	-37.7791908376422	75.5583816752844	18.8895954188211	-18.8895954188211	274.30782500000004	804.0338795811789	274.30782500000004	-18.8895954188211	736.8654979058945	-18.8895954188211	-18.8895954188211	0.0	37.7791908376422	-274.30782500000004	18.8895954188211	804.0338795811789	-804.0338795811788	0.0	0.0	-18.8895954188211	37.7791908376422	-37.7791908376422	-18.889595418821045	18.8895954188211	18.8895954188211	8.39	37.7791908376422	274.30782500000004
668	-84.47683326214948	337.90733304859793	84.47683326214948	84.47683326214948	291.9576826214944	84.47683326214948	231.85278368925208	274.3078249999999	-291.9576826214944	-84.47683326214948	337.90733304859793	84.47683326214948	-84.47683326214948	591.0706913107476	-1000.0	-168.95366652429897	337.90733304859793	84.47683326214948	-84.47683326214948	274.3078249999999	1000.0	274.3078249999999	-84.47683326214948	408.92930868925237	-84.47683326214948	-84.47683326214948	261.5533582621497	168.95366652429902	-274.3078249999999	84.47683326214948	1000.0	-1000.0	261.5533582621507	-261.5533582621497	-84.47683326214948	168.95366652429897	-168.95366652429902	177.07652499999926	84.47683326214948	84.47683326214948	8.39	168.95366652429897	274.30782500000004
669	-153.02704529094274	612.108181163771	153.02704529094274	153.02704529094274	607.1603774245234	153.02704529094274	1000.0	459.4575377424523	-607.1603774245234	-153.02704529094274	612.108181163771	153.02704529094274	-153.02704529094274	378.37261322735685	-1000.0	-306.0540905818855	612.108181163771	153.02704529094274	-153.02704529094274	459.4575377424523	1000.0	459.4575377424523	-153.02704529094274	621.6273867726431	-153.02704529094274	-153.02704529094274	-225.3455679364141	306.0540905818855	-459.4575377424523	153.02704529094274	1000.0	-1000.0	-225.34556793641627	225.3455679364141	-153.02704529094274	306.0540905818855	-306.0540905818855	-378.37261322735685	153.02704529094274	153.02704529094274	8.39	306.0540905818855	459.45753774245225
670	-176.30167619678573	705.2067047871429	176.30167619678573	176.30167619678573	1000.0	176.30167619678573	1000.0	379.4108809839285	-1000.0	-176.30167619678573	705.2067047871429	176.30167619678573	-176.30167619678573	138.23264295178546	-403.34690491964227	-352.60335239357147	705.2067047871429	176.30167619678573	-176.30167619678573	379.4108809839285	403.34690491964227	379.4108809839285	-176.30167619678573	265.1142619678568	-176.30167619678573	-176.30167619678573	-558.5840618353574	352.6033523935714	-379.4108809839285	176.30167619678573	403.34690491964227	-403.34690491964227	-558.584061835357	558.5840618353574	-176.30167619678573	352.60335239357147	-352.6033523935714	-734.8857380321432	176.30167619678573	176.30167619678573	8.39	352.60335239357147	379.4108809839284
671	-183.19983809225897	732.7993523690358	183.19983809225897	183.19983809225897	1000.0	183.19983809225897	1000.0	413.90169046129495	-1000.0	-183.19983809225897	732.7993523690358	183.19983809225897	-183.19983809225897	241.70507138388493	-575.8009523064751	-366.39967618451794	732.7993523690358	183.19983809225897	-183.19983809225897	413.90169046129495	575.8009523064751	413.90169046129495	-183.19983809225897	334.09588092259014	-183.19983809225897	-183.19983809225897	-482.7042809851507	366.39967618451783	-413.90169046129495	183.19983809225897	575.8009523064751	-575.8009523064751	-482.7042809851521	482.7042809851507	-183.19983809225897	366.39967618451794	-366.39967618451783	-665.9041190774099	183.19983809225897	183.19983809225897	8.39	366.39967618451794	413.9016904612952
672	-9.239574034032874	36.958296136131494	9.239574034032874	9.239574034032874	-578.4659263263378	9.239574034032874	1000.0	333.3333333333333	578.4659263263378	-9.239574034032874	36.958296136131494	9.239574034032874	-9.239574034032874	0.0	-962.1921298298356	-18.479148068065747	36.958296136131494	9.239574034032874	-9.239574034032874	333.3333333333333	962.1921298298356	333.3333333333333	-9.239574034032874	962.1921298298356	-9.239574034032874	-9.239574034032874	-28.56829613613149	18.479148068065747	-333.3333333333333	9.239574034032874	962.1921298298356	-962.1921298298356	-28.568296136132005	28.56829613613149	-9.239574034032874	18.479148068065747	-18.479148068065747	-37.80787017016439	9.239574034032874	9.239574034032874	8.39	18.479148068065747	333.33333333333337
673	-55.28106499999998	221.1242599999999	55.28106499999998	55.28106499999998	0.0	55.28106499999998	728.638828318659	274.307825	0.0	-55.28106499999998	221.1242599999999	55.28106499999998	-55.28106499999998	94.28464668134066	-649.1927966813405	-110.56212999999995	221.1242599999999	55.28106499999998	-55.28106499999998	274.307825	649.1927966813405	274.307825	-55.28106499999998	554.9081499999999	-55.28106499999998	-55.28106499999998	-118.44961331865925	110.56212999999991	-274.307825	55.28106499999998	649.1927966813405	-649.1927966813405	-118.44961331865935	118.44961331865925	-55.28106499999998	110.56212999999995	-110.56212999999991	-173.7306783186591	55.28106499999998	55.28106499999998	8.39	110.56212999999995	274.30782500000004
674	-192.91451960634848	771.6580784253939	192.91451960634848	192.91451960634848	939.5559967195702	192.91451960634848	1000.0	492.6970996719571	-939.5559967195702	-192.91451960634848	771.6580784253939	192.91451960634848	-192.91451960634848	478.0912990158712	-1000.0	-385.82903921269696	771.6580784253939	192.91451960634848	-192.91451960634848	492.6970996719571	1000.0	492.6970996719571	-192.91451960634848	521.9087009841288	-192.91451960634848	-192.91451960634848	-285.17677940952274	385.8290392126969	-492.6970996719571	192.91451960634848	1000.0	-1000.0	-285.17677940952206	285.17677940952274	-192.91451960634848	385.82903921269696	-385.8290392126969	-478.0912990158712	192.91451960634848	192.91451960634848	8.39	385.82903921269696	492.6970996719572
675	-10.5249632979213	42.0998531916852	10.5249632979213	10.5249632979213	-447.5610170207872	10.5249632979213	822.9234749999999	274.307825	447.5610170207872	-10.5249632979213	42.0998531916852	10.5249632979213	-10.5249632979213	0.0	-778.6886585103935	-21.0499265958426	42.0998531916852	10.5249632979213	-10.5249632979213	274.307825	778.6886585103935	274.307825	-10.5249632979213	778.6886585103935	-10.5249632979213	-10.5249632979213	-33.7098531916852	21.049926595842635	-274.307825	10.5249632979213	778.6886585103935	-778.6886585103935	-33.70985319168494	33.7098531916852	-10.5249632979213	21.0499265958426	-21.049926595842635	-44.23481648960649	10.5249632979213	10.5249632979213	8.39	21.0499265958426	274.30782500000004
676	-118.02445539748652	472.0978215899461	118.02445539748652	118.02445539748652	315.47212831238755	118.02445539748652	1000.0	430.2887128312387	-315.47212831238755	-118.02445539748652	472.0978215899461	118.02445539748652	-118.02445539748652	290.86613849371633	-1000.0	-236.04891079497304	472.0978215899461	118.02445539748652	-118.02445539748652	430.2887128312387	1000.0	430.2887128312387	-118.02445539748652	709.1338615062837	-118.02445539748652	-118.02445539748652	-172.84168309622976	236.04891079497304	-430.2887128312387	118.02445539748652	1000.0	-1000.0	-172.8416830962297	172.84168309622976	-118.02445539748652	236.04891079497304	-236.04891079497304	-290.86613849371633	118.02445539748652	118.02445539748652	8.39	236.04891079497304	430.28871283123885
677	-197.58833938156909	790.3533575262763	197.58833938156909	197.58833938156909	1000.0	197.58833938156909	1000.0	485.8441969078455	-1000.0	-197.58833938156909	790.3533575262763	197.58833938156909	-197.58833938156909	457.53259072353643	-935.5134845392274	-395.17667876313817	790.3533575262763	197.58833938156909	-197.58833938156909	485.8441969078455	935.5134845392274	485.8441969078455	-197.58833938156909	477.980893815691	-197.58833938156909	-197.58833938156909	-324.4307668027399	395.17667876313817	-485.8441969078455	197.58833938156909	935.5134845392274	-935.5134845392274	-324.43076680274	324.4307668027399	-197.58833938156909	395.17667876313817	-395.17667876313817	-522.0191061843091	197.58833938156909	197.58833938156909	8.39	395.17667876313817	485.8441969078452
678	-91.3478013184422	365.3912052737687	91.3478013184422	91.3478013184422	93.16667765368494	91.3478013184422	1000.0	408.0581677653685	-93.16667765368494	-91.3478013184422	365.3912052737687	91.3478013184422	-91.3478013184422	224.17450329610546	-1000.0	-182.6956026368844	365.3912052737687	91.3478013184422	-91.3478013184422	408.0581677653685	1000.0	408.0581677653685	-91.3478013184422	775.8254967038945	-91.3478013184422	-91.3478013184422	-132.82670197766322	182.69560263688436	-408.0581677653685	91.3478013184422	1000.0	-1000.0	-132.82670197766353	132.82670197766322	-91.3478013184422	182.6956026368844	-182.69560263688436	-224.1745032961055	91.3478013184422	91.3478013184422	8.39	182.6956026368844	408.0581677653684
679	-171.8687022653028	687.4748090612112	171.8687022653028	171.8687022653028	1000.0	171.8687022653028	1000.0	357.24601132651406	-1000.0	-171.8687022653028	687.4748090612112	171.8687022653028	-171.8687022653028	71.7380339795422	-292.5225566325705	-343.7374045306056	687.4748090612112	171.8687022653028	-171.8687022653028	357.24601132651406	292.5225566325705	357.24601132651406	-171.8687022653028	220.78452265302835	-171.8687022653028	-171.8687022653028	-607.346775081669	343.73740453060555	-357.24601132651406	171.8687022653028	292.5225566325705	-292.5225566325705	-607.3467750816694	607.346775081669	-171.8687022653028	343.7374045306056	-343.73740453060555	-779.2154773469716	171.8687022653028	171.8687022653028	8.39	343.7374045306056	357.2460113265141
680	-155.28106500000007	621.1242600000003	155.28106500000007	155.28106500000007	1000.0	155.28106500000007	288.6082447519632	274.30782500000015	-1000.0	-155.28106500000007	621.1242600000003	155.28106500000007	-155.28106500000007	534.3152302480371	-589.2233802480372	-310.56213000000014	621.1242600000003	155.28106500000007	-155.28106500000007	274.30782500000015	589.2233802480372	274.30782500000015	-155.28106500000007	54.90815000000009	-155.28106500000007	-155.28106500000007	-78.4190297519632	310.56213000000014	-274.30782500000015	155.28106500000007	589.2233802480372	-589.2233802480372	-78.41902975196166	78.4190297519632	-155.28106500000007	310.56213000000014	-310.56213000000014	-233.7000947519631	155.28106500000007	155.28106500000007	8.39	310.56213000000014	274.30782500000004
681	-95.91634245185168	383.6653698074067	95.91634245185168	95.91634245185168	406.3527745185165	95.91634245185168	822.9234750000005	274.30782500000015	-406.3527745185165	-95.91634245185168	383.6653698074067	95.91634245185168	-95.91634245185168	0.0	-351.73176274074206	-191.83268490370335	383.6653698074067	95.91634245185168	-95.91634245185168	274.30782500000015	351.73176274074206	274.30782500000015	-95.91634245185168	351.73176274074206	-95.91634245185168	-95.91634245185168	-375.2753698074067	191.83268490370335	-274.30782500000015	95.91634245185168	351.73176274074206	-351.73176274074206	-375.27536980740683	375.2753698074067	-95.91634245185168	191.83268490370335	-191.83268490370335	-471.19171225925845	95.91634245185168	95.91634245185168	8.39	191.83268490370335	274.30782500000004
682	-155.28106499999998	621.1242599999999	155.28106499999998	155.28106499999998	1000.0	155.28106499999998	241.18833069115726	274.3078250000003	-1000.0	-155.28106499999998	621.1242599999999	155.28106499999998	-155.28106499999998	581.7351443088423	-636.6432943088427	-310.56212999999997	621.1242599999999	155.28106499999998	-155.28106499999998	274.3078250000003	636.6432943088427	274.3078250000003	-155.28106499999998	54.90815000000032	-155.28106499999998	-155.28106499999998	-30.999115691157613	310.56213	-274.3078250000003	155.28106499999998	636.6432943088427	-636.6432943088427	-30.99911569115767	30.999115691157613	-155.28106499999998	310.56212999999997	-310.56213	-186.28018069115694	155.28106499999998	155.28106499999998	8.39	310.56212999999997	274.30782500000004
683	-92.66140027439157	370.64560109756627	92.66140027439157	92.66140027439157	373.8033527439153	92.66140027439157	822.9234750000002	274.30782500000004	-373.8033527439153	-92.66140027439157	370.64560109756627	92.66140027439157	-92.66140027439157	0.0	-368.0064736280423	-185.32280054878314	370.64560109756627	92.66140027439157	-92.66140027439157	274.30782500000004	368.0064736280423	274.30782500000004	-92.66140027439157	368.0064736280423	-92.66140027439157	-92.66140027439157	-362.2556010975662	185.3228005487831	-274.30782500000004	92.66140027439157	368.0064736280423	-368.0064736280423	-362.255601097566	362.2556010975662	-92.66140027439157	185.32280054878314	-185.3228005487831	-454.9170013719579	92.66140027439157	92.66140027439157	8.39	185.32280054878314	274.30782500000004
684	-75.08169743980388	300.3267897592155	75.08169743980388	75.08169743980388	0.0	75.08169743980388	1000.0	373.3109871990194	0.0	-75.08169743980388	300.3267897592155	75.08169743980388	-75.08169743980388	119.93296159705821	-872.847435995097	-150.16339487960775	300.3267897592155	75.08169743980388	-75.08169743980388	373.3109871990194	872.847435995097	373.3109871990194	-75.08169743980388	752.9144743980388	-75.08169743980388	-75.08169743980388	-172.0038281621573	150.16339487960772	-373.3109871990194	75.08169743980388	872.847435995097	-872.847435995097	-172.00382816215745	172.0038281621573	-75.08169743980388	150.16339487960775	-150.16339487960772	-247.0855256019612	75.08169743980388	75.08169743980388	8.39	150.16339487960775	373.3109871990195
685	-108.76286840792187	435.05147363168754	108.76286840792187	108.76286840792187	416.767017412552	108.76286840792187	1000.0	333.3333333333333	-416.767017412552	-108.76286840792187	435.05147363168754	108.76286840792187	-108.76286840792187	0.0	-464.5756579603905	-217.52573681584374	435.05147363168754	108.76286840792187	-108.76286840792187	333.3333333333333	464.5756579603906	333.3333333333333	-108.76286840792187	464.5756579603905	-108.76286840792187	-108.76286840792187	-426.6614736316876	217.52573681584374	-333.3333333333333	108.76286840792187	464.5756579603906	-464.5756579603905	-426.6614736316878	426.6614736316876	-108.76286840792187	217.52573681584374	-217.52573681584374	-535.4243420396094	108.76286840792187	108.76286840792187	8.39	217.52573681584374	333.3333333333333
686	-171.11071514300113	684.4428605720045	171.11071514300113	171.11071514300113	1000.0	171.11071514300113	1000.0	353.4560757150056	-1000.0	-171.11071514300113	684.4428605720045	171.11071514300113	-171.11071514300113	60.36822714501682	-273.57287857502797	-342.22143028600226	684.4428605720045	171.11071514300113	-171.11071514300113	353.4560757150056	273.57287857502797	353.4560757150056	-171.11071514300113	213.20465143001115	-171.11071514300113	-171.11071514300113	-615.6846334269877	342.22143028600226	-353.4560757150056	171.11071514300113	273.57287857502797	-273.57287857502797	-615.6846334269881	615.6846334269877	-171.11071514300113	342.22143028600226	-342.22143028600226	-786.7953485699888	171.11071514300113	171.11071514300113	8.39	342.22143028600226	353.4560757150056
687	-130.1798420895062	520.7193683580248	130.1798420895062	130.1798420895062	748.987770895062	130.1798420895062	822.923475	274.307825	-748.987770895062	-130.1798420895062	520.7193683580248	130.1798420895062	-130.1798420895062	0.0	-180.414264552469	-260.3596841790124	520.7193683580248	130.1798420895062	-130.1798420895062	274.307825	180.41426455246904	274.307825	-130.1798420895062	180.414264552469	-130.1798420895062	-130.1798420895062	-512.3293683580246	260.35968417901245	-274.307825	130.1798420895062	180.41426455246904	-180.414264552469	-512.3293683580249	512.3293683580246	-130.1798420895062	260.3596841790124	-260.35968417901245	-642.509210447531	130.1798420895062	130.1798420895062	8.39	260.3596841790124	274.30782500000004
688	-87.12024341371531	348.48097365486126	87.12024341371531	87.12024341371531	318.3917841371533	87.12024341371531	822.923475	274.30782500000004	-318.39178413715337	-87.12024341371531	348.48097365486126	87.12024341371531	-87.12024341371531	0.0	-395.71225793142344	-174.24048682743063	348.48097365486126	87.12024341371531	-87.12024341371531	274.30782500000004	395.71225793142344	274.30782500000004	-87.12024341371531	395.71225793142344	-87.12024341371531	-87.12024341371531	-340.0909736548613	174.2404868274307	-274.30782500000004	87.12024341371531	395.71225793142344	-395.71225793142344	-340.09097365486144	340.0909736548613	-87.12024341371531	174.24048682743063	-174.2404868274307	-427.2112170685766	87.12024341371531	87.12024341371531	8.39	174.24048682743063	274.30782500000004
689	-55.28106499999999	221.12425999999996	55.28106499999999	55.28106499999999	0.0	55.28106499999999	445.41780209024387	274.307825	0.0	-55.28106499999999	221.12425999999996	55.28106499999999	-55.28106499999999	377.5056729097561	-932.413822909756	-110.56212999999998	221.12425999999996	55.28106499999999	-55.28106499999999	274.307825	932.413822909756	274.307825	-55.28106499999999	554.90815	-55.28106499999999	-55.28106499999999	164.77141290975615	110.56213000000002	-274.307825	55.28106499999999	932.413822909756	-932.413822909756	164.771412909756	-164.77141290975615	-55.28106499999999	110.56212999999998	-110.56213000000002	109.490347909756	55.28106499999999	55.28106499999999	8.39	110.56212999999998	274.30782500000004
690	-129.8776626310417	519.5106505241669	129.87766263104166	129.8776626310417	745.9659763104173	129.8776626310417	4.848636844790917	274.3078249999999	-745.9659763104173	-129.87766263104166	519.5106505241669	129.8776626310417	-129.87766263104166	818.0748381552087	-1000.0	-259.75532526208343	519.5106505241669	129.8776626310417	-129.8776626310417	274.3078249999999	1000.0	274.3078249999999	-129.8776626310417	181.92516184479132	-129.8776626310417	-129.87766263104166	306.9541876310417	259.7553252620835	-274.3078249999999	129.87766263104166	1000.0	-1000.0	306.9541876310418	-306.9541876310417	-129.8776626310417	259.75532526208343	-259.7553252620835	177.07652499999926	129.87766263104166	129.8776626310417	8.39	259.75532526208343	274.30782500000004
691	-41.19913840193324	164.79655360773296	41.19913840193324	41.19913840193324	-286.3363749152895	41.19913840193324	884.7925847942001	347.06637946731104	286.33637491528947	-41.19913840193324	164.79655360773296	41.19913840193324	-41.19913840193324	156.40655360773297	-1000.0	-82.39827680386648	164.79655360773296	41.19913840193324	-41.19913840193324	347.06637946731104	1000.0	347.0663794673111	-41.19913840193324	843.593446392267	-41.19913840193324	-41.19913840193324	0.0	82.39827680386645	-347.06637946731104	41.19913840193324	1000.0	-1000.0	0.0	0.0	-41.19913840193324	82.39827680386648	-82.39827680386645	-41.19913840193317	41.19913840193324	41.19913840193324	8.39	82.39827680386648	347.0663794673111
692	-59.188882431131354	236.75552972452542	59.188882431131354	59.188882431131354	0.0	59.188882431131354	593.9863243113136	293.8469121556568	0.0	-59.188882431131354	236.75552972452542	59.188882431131354	-59.188882431131354	287.5544121556568	-881.5407364669704	-118.37776486226271	236.75552972452542	59.188882431131354	-59.188882431131354	293.8469121556568	881.5407364669704	293.8469121556568	-59.188882431131354	593.9863243113136	-59.188882431131354	-59.188882431131354	59.18888243113142	118.37776486226267	-293.8469121556568	59.188882431131354	881.5407364669704	-881.5407364669704	59.188882431131276	-59.18888243113142	-59.188882431131354	118.37776486226271	-118.37776486226267	0.0	59.188882431131354	59.188882431131354	8.39	118.37776486226271	293.8469121556568
693	-60.34198940006911	241.36795760027644	60.3419894000691	60.34198940006911	0.0	60.3419894000691	898.8373410010367	299.6124470003456	0.0	-60.3419894000691	241.36795760027644	60.3419894000691	-60.3419894000691	0.0	-605.5173940006912	-120.6839788001382	241.36795760027644	60.3419894000691	-60.3419894000691	299.6124470003456	605.5173940006912	299.6124470003456	-60.3419894000691	605.5173940006912	-60.34198940006911	-60.3419894000691	-232.97795760027648	120.68397880013822	-299.6124470003456	60.3419894000691	605.5173940006912	-605.5173940006912	-232.97795760027657	232.97795760027648	-60.3419894000691	120.6839788001382	-120.68397880013822	-293.31994700034556	60.3419894000691	60.3419894000691	8.39	120.6839788001382	299.6124470003456
694	-92.4672975735302	369.8691902941208	92.4672975735302	92.4672975735302	102.49581311275188	92.4672975735302	1000.0	408.99108131127514	-102.49581311275188	-92.4672975735302	369.8691902941208	92.4672975735302	-92.4672975735302	226.97324393382553	-1000.0	-184.9345951470604	369.8691902941208	92.4672975735302	-92.4672975735302	408.99108131127514	1000.0	408.99108131127514	-92.4672975735302	773.0267560661745	-92.4672975735302	-92.4672975735302	-134.5059463602953	184.93459514706046	-408.99108131127514	92.4672975735302	1000.0	-1000.0	-134.50594636029547	134.5059463602953	-92.4672975735302	184.9345951470604	-184.93459514706046	-226.97324393382553	92.4672975735302	92.4672975735302	8.39	184.9345951470604	408.9910813112753
695	-95.74116626604457	382.9646650641783	95.74116626604457	95.74116626604457	129.77805221703784	95.74116626604457	1000.0	411.7193052217038	-129.77805221703784	-95.74116626604457	382.9646650641783	95.74116626604457	-95.74116626604457	235.15791566511143	-1000.0	-191.48233253208915	382.9646650641783	95.74116626604457	-95.74116626604457	411.7193052217038	1000.0	411.7193052217038	-95.74116626604457	764.8420843348886	-95.74116626604457	-95.74116626604457	-139.41674939906687	191.48233253208912	-411.7193052217038	95.74116626604457	1000.0	-1000.0	-139.4167493990658	139.41674939906687	-95.74116626604457	191.48233253208915	-191.48233253208912	-235.15791566511143	95.74116626604457	95.74116626604457	8.39	191.48233253208915	411.7193052217038
696	-89.19669620197143	356.78678480788574	89.19669620197143	89.19669620197143	75.24080168309558	89.19669620197143	1000.0	406.2655801683095	-75.24080168309558	-89.19669620197143	356.78678480788574	89.19669620197143	-89.19669620197143	218.7967405049286	-1000.0	-178.39339240394287	356.78678480788574	89.19669620197143	-89.19669620197143	406.2655801683095	1000.0	406.2655801683095	-89.19669620197143	781.2032594950714	-89.19669620197143	-89.19669620197143	-129.60004430295714	178.39339240394293	-406.2655801683095	89.19669620197143	1000.0	-1000.0	-129.60004430295749	129.60004430295714	-89.19669620197143	178.39339240394287	-178.39339240394293	-218.7967405049286	89.19669620197143	89.19669620197143	8.39	178.39339240394287	406.26558016830955
697	-186.4084797193739	745.6339188774956	186.4084797193739	186.4084797193739	885.3389976614491	186.4084797193739	1000.0	487.2753997661449	-885.3389976614491	-186.4084797193739	745.6339188774956	186.4084797193739	-186.4084797193739	461.82619929843474	-1000.0	-372.8169594387478	745.6339188774956	186.4084797193739	-186.4084797193739	487.2753997661449	1000.0	487.2753997661449	-186.4084797193739	538.1738007015653	-186.4084797193739	-186.4084797193739	-275.4177195790609	372.81695943874774	-487.2753997661449	186.4084797193739	1000.0	-1000.0	-275.4177195790603	275.4177195790609	-186.4084797193739	372.8169594387478	-372.81695943874774	-461.82619929843474	186.4084797193739	186.4084797193739	8.39	372.8169594387478	487.2753997661449
698	-181.8092816609751	727.2371266439004	181.8092816609751	181.8092816609751	1000.0	181.8092816609751	1000.0	406.94890830487554	-1000.0	-181.8092816609751	727.2371266439004	181.8092816609751	-181.8092816609751	220.84672491462652	-541.0370415243774	-363.6185633219502	727.2371266439004	181.8092816609751	-181.8092816609751	406.94890830487554	541.0370415243774	406.94890830487554	-181.8092816609751	320.1903166097509	-181.8092816609751	-181.8092816609751	-498.0004017292739	363.6185633219502	-406.94890830487554	181.8092816609751	541.0370415243774	-541.0370415243774	-498.00040172927396	498.0004017292739	-181.8092816609751	363.6185633219502	-363.6185633219502	-679.8096833902491	181.8092816609751	181.8092816609751	8.39	363.6185633219502	406.94890830487543
699	-181.40088166702756	725.6035266681104	181.40088166702756	181.40088166702756	1000.0	181.40088166702756	1000.0	404.90690833513787	-1000.0	-181.40088166702756	725.6035266681104	181.40088166702756	-181.40088166702756	214.72072500541356	-530.8270416756892	-362.8017633340551	725.6035266681104	181.40088166702756	-181.40088166702756	404.90690833513787	530.8270416756892	404.90690833513787	-181.40088166702756	316.10631667027565	-181.40088166702756	-181.40088166702756	-502.49280166269693	362.8017633340552	-404.90690833513787	181.40088166702756	530.8270416756892	-530.8270416756892	-502.49280166269676	502.49280166269693	-181.40088166702756	362.8017633340551	-362.8017633340552	-683.8936833297244	181.40088166702756	181.40088166702756	8.39	362.8017633340551	404.9069083351378
700	-194.9309707466098	779.7238829864392	194.9309707466098	194.9309707466098	1000.0	194.9309707466098	1000.0	472.557353733049	-1000.0	-194.9309707466098	779.7238829864392	194.9309707466098	-194.9309707466098	417.67206119914704	-869.0792686652451	-389.8619414932196	779.7238829864392	194.9309707466098	-194.9309707466098	472.557353733049	869.0792686652451	472.557353733049	-194.9309707466098	451.40720746609804	-194.9309707466098	-194.9309707466098	-353.6618217872923	389.86194149321955	-472.557353733049	194.9309707466098	869.0792686652451	-869.0792686652451	-353.6618217872926	353.6618217872923	-194.9309707466098	389.8619414932196	-389.86194149321955	-548.592792533902	194.9309707466098	194.9309707466098	8.39	389.8619414932196	472.557353733049
701	-183.26004518534586	733.0401807413834	183.26004518534586	183.26004518534586	1000.0	183.26004518534586	577.3061296336474	414.20272592672944	-1000.0	-183.26004518534586	733.0401807413834	183.26004518534586	-183.26004518534586	665.302048146541	-1000.0	-366.5200903706917	733.0401807413834	183.26004518534586	-183.26004518534586	414.20272592672944	1000.0	414.20272592672944	-183.26004518534586	334.697951853459	-183.26004518534586	-183.26004518534586	-59.34813259484247	366.5200903706917	-414.20272592672944	183.26004518534586	1000.0	-1000.0	-59.348132594842525	59.34813259484247	-183.26004518534586	366.5200903706917	-366.5200903706917	-242.60817778018838	183.26004518534586	183.26004518534586	8.39	366.5200903706917	414.20272592672933
702	-30.876276243002287	123.50510497200915	30.876276243002287	30.876276243002287	-410.76269797498094	30.876276243002287	1000.0	357.66523020250185	410.76269797498094	-30.876276243002287	123.50510497200915	30.876276243002287	-30.876276243002287	72.99569060750572	-1000.0	-61.752552486004575	123.50510497200915	30.876276243002287	-30.876276243002287	357.66523020250185	1000.0	357.66523020250185	-30.876276243002287	927.0043093924943	-30.876276243002287	-30.876276243002287	-42.11941436450343	61.75255248600456	-357.66523020250185	30.876276243002287	1000.0	-1000.0	-42.11941436450337	42.11941436450343	-30.876276243002287	61.752552486004575	-61.75255248600456	-72.99569060750571	30.876276243002287	30.876276243002287	8.39	61.752552486004575	357.6652302025021
703	-14.662413276012762	58.64965310405105	14.662413276012762	14.662413276012762	-545.8782226998936	14.662413276012762	1000.0	344.15367773001066	545.8782226998936	-14.662413276012762	58.64965310405105	14.662413276012762	-14.662413276012762	32.4610331900319	-1000.0	-29.324826552025524	58.64965310405105	14.662413276012762	-14.662413276012762	344.15367773001066	1000.0	344.15367773001066	-14.662413276012762	967.5389668099681	-14.662413276012762	-14.662413276012762	-17.79861991401915	29.324826552025524	-344.15367773001066	14.662413276012762	1000.0	-1000.0	-17.798619914019184	17.79861991401915	-14.662413276012762	29.324826552025524	-29.324826552025524	-32.46103319003191	14.662413276012762	14.662413276012762	8.39	29.324826552025524	344.15367773001054
704	-2.0975	8.39	2.0975	2.0975	-595.4169396212037	2.0975	918.2954094318054	306.0984698106018	595.4169396212037	-2.0975	8.39	2.0975	-2.0975	0.0	-916.1979094318054	-4.195	8.39	2.0975	-2.0975	306.0984698106018	916.1979094318054	306.0984698106018	-2.0975	916.1979094318054	-2.0975	-2.0975	0.0	4.19500000000005	-306.0984698106018	2.0975	916.1979094318054	-916.1979094318054	0.0	0.0	-2.0975	4.195	-4.19500000000005	-2.097500000000011	2.0975	2.0975	8.39	4.195	306.098469810602
705	0.0	0.0	0.0	0.0	-584.2541941491338	0.0	748.5675824474014	290.0295970745669	584.2541941491338	0.0	0.0	0.0	0.0	121.52120877629933	-1000.0	0.0	0.0	0.0	0.0	290.0295970745669	1000.0	290.0295970745669	0.0	878.4787912237007	0.0	0.0	129.91120877629933	0.0	-290.0295970745669	0.0	1000.0	-1000.0	129.91120877629933	-129.91120877629933	0.0	0.0	0.0	129.9112087762993	0.0	0.0	8.39	0.0	290.029597074567
706	-154.90309980900986	619.6123992360394	154.90309980900986	154.90309980900986	622.7941650750824	154.90309980900986	1000.0	461.0209165075082	-622.7941650750824	-154.90309980900986	619.6123992360394	154.90309980900986	-154.90309980900986	383.06274952252465	-1000.0	-309.8061996180197	619.6123992360394	154.90309980900986	-154.90309980900986	461.0209165075082	1000.0	461.0209165075082	-154.90309980900986	616.9372504774753	-154.90309980900986	-154.90309980900986	-228.1596497135148	309.8061996180197	-461.0209165075082	154.90309980900986	1000.0	-1000.0	-228.15964971351536	228.1596497135148	-154.90309980900986	309.8061996180197	-309.8061996180197	-383.06274952252465	154.90309980900986	154.90309980900986	8.39	309.8061996180197	461.0209165075082
707	-171.37387045286658	685.4954818114662	171.37387045286658	171.37387045286658	1000.0	171.37387045286658	280.15176132166425	354.77185226433284	-1000.0	-171.37387045286658	685.4954818114662	171.37387045286658	-171.37387045286658	784.1637954713342	-1000.0	-342.74774090573317	685.4954818114662	171.37387045286658	-171.37387045286658	354.77185226433284	1000.0	354.77185226433284	-171.37387045286658	215.8362045286658	-171.37387045286658	-171.37387045286658	107.05831365986808	342.74774090573305	-354.77185226433284	171.37387045286658	1000.0	-1000.0	107.0583136598683	-107.05831365986808	-171.37387045286658	342.74774090573317	-342.74774090573305	-64.31555679299845	171.37387045286658	171.37387045286658	8.39	342.74774090573317	354.77185226433295
708	-146.70867073953062	586.8346829581225	146.70867073953062	146.70867073953062	698.4192602356195	146.70867073953062	568.2639877814083	382.2362235798435	-698.4192602356195	-146.70867073953062	586.8346829581225	146.70867073953062	-146.70867073953062	578.4446829581224	-1000.0	-293.41734147906124	586.8346829581225	146.70867073953062	-146.70867073953062	382.2362235798435	1000.0	382.2362235798435	-146.70867073953062	421.55531704187763	-146.70867073953062	-146.70867073953062	0.0	293.4173414790612	-382.2362235798435	146.70867073953062	1000.0	-1000.0	0.0	0.0	-146.70867073953062	293.41734147906124	-293.4173414790612	-146.7086707395307	146.70867073953062	146.70867073953062	8.39	293.41734147906124	382.23622357984374
709	-180.8495984705341	723.3983938821364	180.8495984705341	180.8495984705341	1000.0	180.8495984705341	1000.0	402.15049235267037	-1000.0	-180.8495984705341	723.3983938821364	180.8495984705341	-180.8495984705341	206.45147705801105	-517.0449617633517	-361.6991969410682	723.3983938821364	180.8495984705341	-180.8495984705341	402.15049235267037	517.0449617633517	402.15049235267037	-180.8495984705341	310.59348470534064	-180.8495984705341	-180.8495984705341	-508.55691682412527	361.6991969410682	-402.15049235267037	180.8495984705341	517.0449617633517	-517.0449617633517	-508.5569168241248	508.55691682412527	-180.8495984705341	361.6991969410682	-361.6991969410682	-689.4065152946594	180.8495984705341	180.8495984705341	8.39	361.6991969410682	402.15049235267037
710	-149.9572349911171	599.8289399644682	149.9572349911171	149.9572349911171	581.5786249259755	149.9572349911171	1000.0	456.8993624925976	-581.5786249259755	-149.9572349911171	599.8289399644682	149.9572349911171	-149.9572349911171	370.6980874777927	-1000.0	-299.9144699822342	599.8289399644682	149.9572349911171	-149.9572349911171	456.8993624925976	1000.0	456.8993624925976	-149.9572349911171	629.3019125222073	-149.9572349911171	-149.9572349911171	-220.7408524866753	299.9144699822341	-456.8993624925976	149.9572349911171	1000.0	-1000.0	-220.74085248667615	220.7408524866753	-149.9572349911171	299.9144699822342	-299.9144699822341	-370.6980874777927	149.9572349911171	149.9572349911171	8.39	299.9144699822342	456.8993624925973
711	-155.2810649999999	621.1242599999996	155.2810649999999	155.2810649999999	1000.0	155.2810649999999	117.17657991677416	274.30782499999975	-1000.0	-155.2810649999999	621.1242599999996	155.2810649999999	-155.2810649999999	705.7468950832247	-760.6550450832242	-310.5621299999998	621.1242599999996	155.2810649999999	-155.2810649999999	274.3078249999995	760.6550450832242	274.3078249999995	-155.2810649999999	54.90814999999975	-155.2810649999999	-155.2810649999999	93.01263508322506	310.5621299999998	-274.30782499999987	155.2810649999999	760.6550450832242	-760.6550450832242	93.01263508322495	-93.01263508322506	-155.2810649999999	310.5621299999998	-310.5621299999998	-62.268429916774636	155.2810649999999	155.2810649999999	8.39	310.5621299999998	274.30782500000004
712	-168.555106374753	674.220425499012	168.555106374753	168.555106374753	1000.0	168.555106374753	209.68265936882426	340.6780318737649	-1000.0	-168.555106374753	674.220425499012	168.555106374753	-168.555106374753	812.3514362524703	-1000.0	-337.110212749506	674.220425499012	168.555106374753	-168.555106374753	340.6780318737649	1000.0	340.6780318737649	-168.555106374753	187.6485637475297	-168.555106374753	-168.555106374753	146.5210107534583	337.110212749506	-340.6780318737649	168.555106374753	1000.0	-1000.0	146.521010753459	-146.5210107534583	-168.555106374753	337.110212749506	-337.110212749506	-22.03409562129457	168.555106374753	168.555106374753	8.39	337.110212749506	340.6780318737649
713	-116.57671605415338	466.3068642166135	116.57671605415338	116.57671605415338	612.9565105415342	116.57671605415338	71.35336972923233	274.30782499999987	-612.9565105415342	-116.57671605415338	466.3068642166135	116.57671605415338	-116.57671605415338	751.5701052707673	-1000.0	-233.15343210830676	466.3068642166135	116.57671605415338	-116.57671605415338	274.30782499999987	1000.0	274.30782499999987	-116.57671605415338	248.42989472923273	-116.57671605415338	-116.57671605415338	293.6532410541538	233.1534321083068	-274.30782499999987	116.57671605415338	1000.0	-1000.0	293.6532410541537	-293.6532410541538	-116.57671605415338	233.15343210830676	-233.1534321083068	177.07652499999926	116.57671605415338	116.57671605415338	8.39	233.15343210830676	274.30782500000004
714	-99.30086090231825	397.203443609273	99.30086090231825	99.30086090231825	440.1979590231829	99.30086090231825	157.73264548840825	274.3078249999999	-440.1979590231829	-99.30086090231825	397.203443609273	99.30086090231825	-99.30086090231825	665.1908295115915	-1000.0	-198.6017218046365	397.203443609273	99.30086090231825	-99.30086090231825	274.3078249999999	1000.0	274.3078249999999	-99.30086090231825	334.80917048840854	-99.30086090231825	-99.30086090231825	276.37738590231857	198.60172180463655	-274.3078249999999	99.30086090231825	1000.0	-1000.0	276.3773859023185	-276.37738590231857	-99.30086090231825	198.6017218046365	-198.60172180463655	177.07652499999926	99.30086090231825	99.30086090231825	8.39	198.6017218046365	274.30782500000004
715	-152.25864902415842	609.0345960966337	152.25864902415842	152.25864902415842	934.0904085346536	152.25864902415842	0.0	292.1505408534653	-934.0904085346536	-152.25864902415842	609.0345960966337	152.25864902415842	-152.25864902415842	876.451622560396	-1000.0	-304.51729804831683	609.0345960966337	152.25864902415842	-152.25864902415842	292.1505408534653	1000.0	292.1505408534653	-152.25864902415842	123.548377439604	-152.25864902415842	-152.25864902415842	275.8070264637623	304.5172980483169	-292.1505408534653	152.25864902415842	1000.0	-1000.0	275.8070264637624	-275.8070264637623	-152.25864902415842	304.51729804831683	-304.5172980483169	123.548377439604	152.25864902415842	152.25864902415842	8.39	304.51729804831683	292.15054085346543
716	-163.03250526735616	652.1300210694246	163.03250526735616	163.03250526735616	1000.0	163.03250526735616	132.42255267356109	313.06502633678065	-1000.0	-163.03250526735616	652.1300210694246	163.03250526735616	-163.03250526735616	806.7725263367807	-939.1950790103418	-326.0650105347123	652.1300210694246	163.03250526735616	-163.03250526735616	313.06502633678065	939.1950790103418	313.06502633678065	-163.03250526735616	132.42255267356109	-163.03250526735616	-163.03250526735616	163.0325052673561	326.0650105347123	-313.06502633678065	163.03250526735616	939.1950790103418	-939.1950790103418	163.03250526735667	-163.0325052673561	-163.03250526735616	326.0650105347123	-326.0650105347123	0.0	163.03250526735616	163.03250526735616	8.39	326.0650105347123	313.06502633678065
717	-155.76915010932015	623.0766004372806	155.76915010932015	155.76915010932015	1000.0	155.76915010932015	59.78900109320148	276.7482505466008	-1000.0	-155.76915010932015	623.0766004372806	155.76915010932015	-155.76915010932015	770.4557505466008	-830.2447516398023	-311.5383002186403	623.0766004372806	155.76915010932015	-155.76915010932015	276.7482505466008	830.2447516398023	276.7482505466008	-155.76915010932015	59.78900109320148	-155.76915010932015	-155.76915010932015	155.7691501093202	311.5383002186403	-276.7482505466008	155.76915010932015	830.2447516398023	-830.2447516398023	155.7691501093205	-155.7691501093202	-155.76915010932015	311.5383002186403	-311.5383002186403	0.0	155.76915010932015	155.76915010932015	8.39	311.5383002186403	276.7482505466008
718	-155.2810649999999	621.1242599999996	155.2810649999999	155.2810649999999	1000.0	155.2810649999999	-30.307104951270077	274.30782499999975	-1000.0	-155.2810649999999	621.1242599999996	155.2810649999999	-155.2810649999999	853.2305799512692	-908.1387299512681	-310.5621299999998	621.1242599999996	155.2810649999999	-155.2810649999999	274.3078249999995	908.1387299512681	274.3078249999995	-155.2810649999999	54.90814999999975	-155.2810649999999	-155.2810649999999	240.49631995126958	310.5621299999998	-274.30782499999987	155.2810649999999	908.1387299512681	-908.1387299512681	240.49631995126947	-240.49631995126958	-155.2810649999999	310.5621299999998	-310.5621299999998	85.21525495126903	155.2810649999999	155.2810649999999	8.39	310.5621299999998	274.30782500000004
719	-155.28106499999998	621.1242599999999	155.28106499999998	155.28106499999998	1000.0	155.28106499999998	-23.71022950950783	274.30782499999987	-1000.0	-155.28106499999998	621.1242599999999	155.28106499999998	-155.28106499999998	846.6337045095079	-901.5418545095076	-310.56212999999997	621.1242599999999	155.28106499999998	-155.28106499999998	274.30782499999987	901.5418545095076	274.30782499999987	-155.28106499999998	54.90814999999975	-155.28106499999998	-155.28106499999998	233.89944450950793	310.56213	-274.30782499999987	155.28106499999998	901.5418545095076	-901.5418545095076	233.89944450950787	-233.89944450950793	-155.28106499999998	310.56212999999997	-310.56213	78.61837950950758	155.28106499999998	155.28106499999998	8.39	310.56212999999997	274.30782500000004
720	-2.7608084543866056	11.043233817546422	2.7608084543866056	2.7608084543866056	-645.0224046678314	2.7608084543866056	1000.0	334.2177446058488	645.0224046678314	-2.7608084543866056	11.043233817546422	2.7608084543866056	-2.7608084543866056	2.653233817546422	-999.8924253631598	-5.521616908773211	11.043233817546422	2.7608084543866056	-2.7608084543866056	334.2177446058488	999.8924253631598	334.2177446058488	-2.7608084543866056	997.2391915456134	-2.7608084543866056	-2.7608084543866056	0.0	5.52161690877324	-334.2177446058488	2.7608084543866056	999.8924253631598	-999.8924253631598	0.0	0.0	-2.7608084543866056	5.521616908773211	-5.52161690877324	-2.76080845438662	2.7608084543866056	2.7608084543866056	8.39	5.521616908773211	334.2177446058488
721	-156.62937315167105	626.5174926066843	156.62937315167105	156.62937315167105	895.4320648500441	156.62937315167105	1000.0	333.3333333333333	-895.4320648500441	-156.62937315167105	626.5174926066843	156.62937315167105	-156.62937315167105	0.0	-225.24313424164464	-313.2587463033421	626.5174926066843	156.62937315167105	-156.62937315167105	333.3333333333333	225.2431342416446	333.3333333333333	-156.62937315167105	225.24313424164464	-156.62937315167105	-156.62937315167105	-618.1274926066844	313.25874630334215	-333.3333333333333	156.62937315167105	225.2431342416446	-225.24313424164464	-618.1274926066842	618.1274926066844	-156.62937315167105	313.2587463033421	-313.25874630334215	-774.7568657583554	156.62937315167105	156.62937315167105	8.39	313.2587463033421	333.3333333333334
722	-53.92480272230793	215.69921088923175	53.92480272230794	53.92480272230793	-218.69164398076725	53.92480272230793	1000.0	376.87233560192334	218.69164398076725	-53.92480272230794	215.69921088923175	53.92480272230793	-53.92480272230794	130.61700680576985	-1000.0	-107.84960544461588	215.69921088923175	53.92480272230793	-53.92480272230793	376.87233560192334	1000.0	376.87233560192334	-53.92480272230793	869.3829931942302	-53.92480272230793	-53.92480272230794	-76.69220408346195	107.84960544461592	-376.87233560192334	53.92480272230794	1000.0	-1000.0	-76.69220408346195	76.69220408346195	-53.92480272230793	107.84960544461588	-107.84960544461592	-130.61700680576985	53.92480272230794	53.92480272230793	8.39	107.84960544461588	376.87233560192317
723	-60.86284251509541	243.4513700603817	60.86284251509543	60.86284251509541	55.81777515095405	60.86284251509541	822.923475	274.307825	-55.81777515095405	-60.86284251509543	243.4513700603817	60.86284251509541	-60.86284251509543	0.0	-526.9992624245228	-121.72568503019083	243.4513700603817	60.86284251509541	-60.86284251509541	274.307825	526.9992624245228	274.307825	-60.86284251509541	526.9992624245228	-60.86284251509541	-60.86284251509543	-235.06137006038173	121.72568503019079	-274.307825	60.86284251509543	526.9992624245228	-526.9992624245228	-235.06137006038136	235.06137006038173	-60.86284251509541	121.72568503019083	-121.72568503019079	-295.92421257547716	60.86284251509543	60.86284251509541	8.39	121.72568503019083	274.30782500000004
724	-64.00331077475566	256.01324309902265	64.00331077475566	64.00331077475566	0.0	64.00331077475566	706.1339185223122	317.9190538737783	0.0	-64.00331077475566	256.01324309902265	64.00331077475566	-64.00331077475566	247.62324309902266	-889.7538508465792	-128.00662154951132	256.01324309902265	64.00331077475566	-64.00331077475566	317.9190538737783	889.7538508465792	317.9190538737783	-64.00331077475566	642.1306077475565	-64.00331077475566	-64.00331077475566	0.0	128.00662154951135	-317.9190538737783	64.00331077475566	889.7538508465792	-889.7538508465791	0.0	0.0	-64.00331077475566	128.00662154951132	-128.00662154951135	-64.00331077475568	64.00331077475566	64.00331077475566	8.39	128.00662154951132	317.9190538737782
725	-72.56358027390954	290.2543210956382	72.56358027390952	72.56358027390954	172.82515273909485	72.56358027390954	822.9234749999999	274.30782500000004	-172.82515273909485	-72.56358027390952	290.2543210956382	72.56358027390954	-72.56358027390952	0.0	-468.4955736304522	-145.1271605478191	290.2543210956382	72.56358027390954	-72.56358027390954	274.30782500000004	468.4955736304522	274.30782500000004	-72.56358027390954	468.4955736304522	-72.56358027390954	-72.56358027390952	-281.8643210956382	145.12716054781913	-274.30782500000004	72.56358027390952	468.4955736304522	-468.4955736304522	-281.8643210956369	281.8643210956382	-72.56358027390954	145.1271605478191	-145.12716054781913	-354.4279013695477	72.56358027390952	72.56358027390954	8.39	145.1271605478191	274.30782500000004
726	-21.712932541108337	86.85173016443335	21.712932541108337	21.712932541108337	-468.20762961632227	21.712932541108337	943.251202376675	340.5709775137028	468.20762961632227	-21.712932541108337	86.85173016443335	21.712932541108337	-21.712932541108337	78.46173016443336	-1000.0	-43.425865082216674	86.85173016443335	21.712932541108337	-21.712932541108337	340.5709775137028	1000.0	340.5709775137028	-21.712932541108337	921.5382698355667	-21.712932541108337	-21.712932541108337	0.0	43.425865082216674	-340.5709775137028	21.712932541108337	1000.0	-1000.0	0.0	0.0	-21.712932541108337	43.425865082216674	-43.425865082216674	-21.71293254110833	21.712932541108337	21.712932541108337	8.39	43.425865082216674	340.5709775137028
727	-58.98777342026021	235.95109368104085	58.98777342026021	58.98777342026021	0.0	58.98777342026021	650.9630076228622	292.84136710130105	0.0	-58.98777342026021	235.95109368104085	58.98777342026021	-58.98777342026021	227.56109368104086	-819.5363278836428	-117.97554684052042	235.95109368104085	58.98777342026021	-58.98777342026021	292.84136710130105	819.5363278836428	292.84136710130105	-58.98777342026021	591.975234202602	-58.98777342026021	-58.98777342026021	0.0	117.97554684052045	-292.84136710130105	58.98777342026021	819.5363278836428	-819.5363278836428	0.0	0.0	-58.98777342026021	117.97554684052042	-117.97554684052045	-58.98777342026017	58.98777342026021	58.98777342026021	8.39	117.97554684052042	292.84136710130093
728	-40.00861061285621	160.03444245142484	40.00861061285621	40.00861061285621	-152.72454387143807	40.00861061285621	822.9234749999999	274.307825	152.72454387143807	-40.00861061285621	160.03444245142484	40.00861061285621	-40.00861061285621	0.0	-631.2704219357189	-80.01722122571242	160.03444245142484	40.00861061285621	-40.00861061285621	274.307825	631.2704219357189	274.307825	-40.00861061285621	631.2704219357189	-40.00861061285621	-40.00861061285621	-151.64444245142482	80.01722122571243	-274.307825	40.00861061285621	631.2704219357189	-631.2704219357189	-151.64444245142488	151.64444245142482	-40.00861061285621	80.01722122571242	-80.01722122571243	-191.65305306428107	40.00861061285621	40.00861061285621	8.39	80.01722122571242	274.30782500000004
729	-136.1462166269729	544.5848665078915	136.1462166269729	136.1462166269729	466.48680522477423	136.1462166269729	1000.0	445.3901805224774	-466.48680522477423	-136.1462166269729	544.5848665078915	136.1462166269729	-136.1462166269729	336.1705415674322	-1000.0	-272.2924332539458	544.5848665078915	136.1462166269729	-136.1462166269729	445.3901805224774	1000.0	445.3901805224774	-136.1462166269729	663.8294584325678	-136.1462166269729	-136.1462166269729	-200.02432494045934	272.2924332539458	-445.3901805224774	136.1462166269729	1000.0	-1000.0	-200.0243249404598	200.02432494045934	-136.1462166269729	272.2924332539458	-272.2924332539458	-336.1705415674322	136.1462166269729	136.1462166269729	8.39	272.2924332539458	445.3901805224774
730	-179.77286141537266	719.0914456614905	179.77286141537266	179.77286141537266	1000.0	179.77286141537266	1000.0	396.76680707686336	-1000.0	-179.77286141537266	719.0914456614905	179.77286141537266	-179.77286141537266	190.30042123058996	-490.1265353843167	-359.5457228307453	719.0914456614905	179.77286141537266	-179.77286141537266	396.76680707686336	490.1265353843167	396.76680707686336	-179.77286141537266	299.82611415372673	-179.77286141537266	-179.77286141537266	-520.4010244309005	359.54572283074526	-396.76680707686336	179.77286141537266	490.1265353843167	-490.12653538431675	-520.4010244309006	520.4010244309005	-179.77286141537266	359.5457228307453	-359.54572283074526	-700.1738858462733	179.77286141537266	179.77286141537266	8.39	359.5457228307453	396.76680707686324
731	-179.34089056853648	717.3635622741458	179.34089056853648	179.34089056853648	1000.0	179.34089056853648	1000.0	394.6069528426824	-1000.0	-179.34089056853648	717.3635622741458	179.34089056853648	-179.34089056853648	183.82085852804715	-479.32726421341204	-358.68178113707296	717.3635622741458	179.34089056853648	-179.34089056853648	394.6069528426824	479.32726421341204	394.6069528426824	-179.34089056853648	295.5064056853648	-179.34089056853648	-179.34089056853648	-525.1527037460986	358.6817811370729	-394.6069528426824	179.34089056853648	479.32726421341204	-479.32726421341204	-525.1527037460992	525.1527037460986	-179.34089056853648	358.68178113707296	-358.6817811370729	-704.4935943146352	179.34089056853648	179.34089056853648	8.39	358.68178113707296	394.6069528426824
732	-179.98884597484906	719.9553838993962	179.98884597484906	179.98884597484906	1000.0	179.98884597484906	1000.0	397.84672987424534	-1000.0	-179.98884597484906	719.9553838993962	179.98884597484906	-179.98884597484906	193.54018962273602	-495.5261493712268	-359.9776919496981	719.9553838993962	179.98884597484906	-179.98884597484906	397.84672987424534	495.5261493712268	397.84672987424534	-179.98884597484906	301.9859597484908	-179.98884597484906	-179.98884597484906	-518.0251942766602	359.97769194969806	-397.84672987424534	179.98884597484906	495.5261493712268	-495.5261493712269	-518.0251942766606	518.0251942766602	-179.98884597484906	359.9776919496981	-359.97769194969806	-698.0140402515092	179.98884597484906	179.98884597484906	8.39	359.9776919496981	397.84672987424545
733	-180.2043994274203	720.8175977096812	180.2043994274203	180.2043994274203	1000.0	180.2043994274203	1000.0	398.9244971371016	-1000.0	-180.2043994274203	720.8175977096812	180.2043994274203	-180.2043994274203	196.77349141130486	-500.9149856855082	-360.4087988548406	720.8175977096812	180.2043994274203	-180.2043994274203	398.9244971371016	500.9149856855082	398.9244971371016	-180.2043994274203	304.1414942742033	-180.2043994274203	-180.2043994274203	-515.6541062983763	360.4087988548406	-398.9244971371016	180.2043994274203	500.9149856855082	-500.9149856855081	-515.6541062983765	515.6541062983763	-180.2043994274203	360.4087988548406	-360.4087988548406	-695.8585057257967	180.2043994274203	180.2043994274203	8.39	360.4087988548406	398.9244971371017
734	-156.2275606749359	624.9102426997435	156.2275606749359	156.2275606749359	633.831338957799	156.2275606749359	1000.0	462.1246338957799	-633.831338957799	-156.2275606749359	624.9102426997435	156.2275606749359	-156.2275606749359	386.37390168733975	-1000.0	-312.4551213498718	624.9102426997435	156.2275606749359	-156.2275606749359	462.1246338957799	1000.0	462.1246338957799	-156.2275606749359	613.6260983126602	-156.2275606749359	-156.2275606749359	-230.1463410124038	312.4551213498718	-462.1246338957799	156.2275606749359	1000.0	-999.9999999999999	-230.14634101240415	230.1463410124038	-156.2275606749359	312.4551213498718	-312.4551213498718	-386.37390168733975	156.2275606749359	156.2275606749359	8.39	312.4551213498718	462.1246338957799
735	-172.21715931354794	688.8686372541918	172.21715931354794	172.21715931354794	1000.0	172.21715931354794	1000.0	358.9882965677398	-1000.0	-172.21715931354794	688.8686372541918	172.21715931354794	-172.21715931354794	76.96488970321923	-301.2339828386987	-344.4343186270959	688.8686372541918	172.21715931354794	-172.21715931354794	358.9882965677398	301.2339828386987	358.9882965677398	-172.21715931354794	224.26909313547947	-172.21715931354794	-172.21715931354794	-603.5137475509725	344.4343186270959	-358.9882965677398	172.21715931354794	301.2339828386987	-301.2339828386988	-603.5137475509731	603.5137475509725	-172.21715931354794	344.4343186270959	-344.4343186270959	-775.7309068645205	172.21715931354794	172.21715931354794	8.39	344.4343186270959	358.98829656773955
736	-66.51154742534597	266.04618970138387	66.511547425346	66.51154742534597	-113.8021047887836	66.51154742534597	1000.0	387.3612895211216	113.8021047887836	-66.511547425346	266.04618970138387	66.51154742534597	-66.511547425346	162.08386856336494	-1000.0	-133.02309485069193	266.04618970138387	66.51154742534597	-66.51154742534597	387.3612895211216	1000.0	387.3612895211216	-66.51154742534597	837.916131436635	-66.51154742534597	-66.511547425346	-95.57232113801896	133.0230948506919	-387.3612895211216	66.511547425346	1000.0	-1000.0	-95.57232113801905	95.57232113801896	-66.51154742534597	133.02309485069193	-133.0230948506919	-162.08386856336494	66.511547425346	66.51154742534597	8.39	133.02309485069193	387.3612895211217
737	-23.06134041318422	92.24536165273686	23.06134041318422	23.06134041318422	-475.8871632234649	23.06134041318422	1000.0	351.15278367765353	475.8871632234649	-23.06134041318422	92.24536165273686	23.06134041318422	-23.06134041318422	53.45835103296055	-1000.0	-46.12268082636844	92.24536165273686	23.06134041318422	-23.06134041318422	351.15278367765353	1000.0	351.15278367765353	-23.06134041318422	946.5416489670395	-23.06134041318422	-23.06134041318422	-30.397010619776296	46.12268082636842	-351.15278367765353	23.06134041318422	1000.0	-1000.0	-30.397010619776438	30.397010619776296	-23.06134041318422	46.12268082636844	-46.12268082636842	-53.458351032960536	23.06134041318422	23.06134041318422	8.39	46.12268082636844	351.15278367765353
738	-37.408209057917915	149.63283623167166	37.408209057917915	37.408209057917915	-356.3299245173507	37.408209057917915	1000.0	363.1085075482649	356.3299245173507	-37.408209057917915	149.63283623167166	37.408209057917915	-37.408209057917915	89.32552264479477	-1000.0	-74.81641811583583	149.63283623167166	37.408209057917915	-37.408209057917915	363.1085075482649	1000.0	363.1085075482649	-37.408209057917915	910.6744773552052	-37.408209057917915	-37.408209057917915	-51.9173135868769	74.81641811583583	-363.1085075482649	37.408209057917915	1000.0	-1000.0	-51.91731358687667	51.9173135868769	-37.408209057917915	74.81641811583583	-74.81641811583583	-89.32552264479477	37.408209057917915	37.408209057917915	8.39	74.81641811583583	363.1085075482649
739	-101.72829535026628	406.9131814010652	101.72829535026627	101.72829535026628	464.4723035026634	101.72829535026628	822.923475	274.30782500000004	-464.4723035026634	-101.72829535026627	406.9131814010652	101.72829535026628	-101.72829535026627	0.0	-322.6719982486686	-203.4565907005326	406.9131814010652	101.72829535026628	-101.72829535026628	274.30782500000004	322.6719982486686	274.30782500000004	-101.72829535026628	322.6719982486686	-101.72829535026628	-101.72829535026627	-398.5231814010652	203.45659070053262	-274.30782500000004	101.72829535026627	322.6719982486686	-322.6719982486686	-398.52318140106644	398.5231814010652	-101.72829535026628	203.4565907005326	-203.45659070053262	-500.2514767513315	101.72829535026627	101.72829535026628	8.39	203.4565907005326	274.30782500000004
740	-94.23729141028197	376.9491656411279	94.23729141028197	94.23729141028197	389.56226410282045	94.23729141028197	822.923475	274.30782500000004	-389.56226410282045	-94.23729141028197	376.9491656411279	94.23729141028197	-94.23729141028197	0.0	-360.12701794859015	-188.47458282056394	376.9491656411279	94.23729141028197	-94.23729141028197	274.30782500000004	360.12701794859015	274.30782500000004	-94.23729141028197	360.12701794859015	-94.23729141028197	-94.23729141028197	-368.5591656411279	188.4745828205639	-274.30782500000004	94.23729141028197	360.12701794859015	-360.12701794859015	-368.5591656411295	368.5591656411279	-94.23729141028197	188.47458282056394	-188.4745828205639	-462.79645705140985	94.23729141028197	94.23729141028197	8.39	188.47458282056394	274.30782500000004
741	-95.30437745431743	381.21750981726973	95.30437745431746	95.30437745431743	400.2331245431743	95.30437745431743	822.9234749999999	274.307825	-400.2331245431743	-95.30437745431746	381.21750981726973	95.30437745431743	-95.30437745431746	0.0	-354.79158772841276	-190.60875490863486	381.21750981726973	95.30437745431743	-95.30437745431743	274.307825	354.79158772841276	274.307825	-95.30437745431743	354.79158772841276	-95.30437745431743	-95.30437745431746	-372.82750981726974	190.60875490863486	-274.307825	95.30437745431746	354.79158772841276	-354.79158772841276	-372.82750981726963	372.82750981726974	-95.30437745431743	190.60875490863486	-190.60875490863486	-468.1318872715872	95.30437745431746	95.30437745431743	8.39	190.60875490863486	274.30782500000004
742	-126.61445705388107	506.4578282155243	126.61445705388107	126.61445705388107	510.8732658362235	126.61445705388107	628.5466288383568	375.5381523512937	-510.8732658362235	-126.61445705388107	506.4578282155243	126.61445705388107	-126.61445705388107	498.0678282155243	-1000.0	-253.22891410776214	506.4578282155243	126.61445705388107	-126.61445705388107	375.5381523512937	1000.0	375.5381523512937	-126.61445705388107	501.9321717844757	-126.61445705388107	-126.61445705388107	0.0	253.2289141077622	-375.5381523512937	126.61445705388107	1000.0	-1000.0	0.0	0.0	-126.61445705388107	253.22891410776214	-253.2289141077622	-126.6144570538811	126.61445705388107	126.61445705388107	8.39	253.22891410776214	375.5381523512936
743	-169.8842025302341	679.5368101209364	169.88420253023412	169.8842025302341	1000.0	169.88420253023412	242.91006325585352	347.3235126511707	-1000.0	-169.88420253023412	679.5368101209364	169.88420253023412	-169.88420253023412	799.0604746976585	-1000.0	-339.76840506046824	679.5368101209364	169.88420253023412	-169.88420253023412	347.3235126511707	1000.0	347.3235126511707	-169.88420253023412	200.93952530234154	-169.8842025302341	-169.88420253023412	127.91366457672223	339.76840506046824	-347.3235126511707	169.88420253023412	1000.0	-1000.0	127.91366457672166	-127.91366457672223	-169.88420253023412	339.76840506046824	-339.76840506046824	-41.97053795351201	169.88420253023412	169.88420253023412	8.39	339.76840506046824	347.3235126511708
744	-162.49939464810902	649.9975785924361	162.49939464810902	162.49939464810902	1000.0	162.49939464810902	931.1984197216353	310.3994732405451	-1000.0	-162.49939464810902	649.9975785924361	162.49939464810902	-162.49939464810902	0.0	-127.0914464810902	-324.99878929621804	649.9975785924361	162.49939464810902	-162.49939464810902	310.3994732405451	127.0914464810902	310.3994732405451	-162.49939464810902	127.0914464810902	-162.49939464810902	-162.49939464810902	-641.6075785924361	324.9987892962181	-310.3994732405451	162.49939464810902	127.09144648109019	-127.0914464810902	-641.6075785924359	641.6075785924361	-162.49939464810902	324.99878929621804	-324.9987892962181	-804.1069732405451	162.49939464810902	162.49939464810902	8.39	324.99878929621804	310.3994732405452
745	-163.55722283857068	654.2288913542827	163.5572228385707	163.55722283857068	1000.0	163.5572228385707	947.0658425785607	315.68861419285355	-1000.0	-163.5572228385707	654.2288913542827	163.5572228385707	-163.5572228385707	0.0	-137.66972838570723	-327.1144456771414	654.2288913542827	163.5572228385707	-163.5572228385707	315.68861419285355	137.66972838570723	315.68861419285355	-163.5572228385707	137.66972838570723	-163.55722283857068	-163.5572228385707	-645.8388913542826	327.11444567714136	-315.68861419285355	163.5572228385707	137.66972838570723	-137.6697283857072	-645.8388913542834	645.8388913542826	-163.5572228385707	327.1144456771414	-327.11444567714136	-809.3961141928535	163.5572228385707	163.5572228385707	8.39	327.1144456771414	315.68861419285366
746	-52.27264765008767	209.09059060035068	52.27264765008767	52.27264765008767	-30.084173499123267	52.27264765008767	622.2228843996495	274.30782500000004	30.084173499123267	-52.27264765008767	209.09059060035068	52.27264765008767	-52.27264765008767	200.70059060035067	-770.6508273499123	-104.54529530017534	209.09059060035068	52.27264765008767	-52.27264765008767	274.30782500000004	770.6508273499123	274.30782500000004	-52.27264765008767	569.9502367495618	-52.27264765008767	-52.27264765008767	0.0	104.54529530017533	-274.30782500000004	52.27264765008767	770.6508273499123	-770.6508273499123	0.0	0.0	-52.27264765008767	104.54529530017534	-104.54529530017533	-52.27264765008772	52.27264765008767	52.27264765008767	8.39	104.54529530017534	274.30782500000004
747	0.0	0.0	0.0	0.0	-663.350732860011	0.0	988.7335992900165	329.5778664300055	663.350732860011	0.0	0.0	0.0	0.0	0.0	-997.1235992900165	0.0	0.0	0.0	0.0	329.5778664300055	997.1235992900165	329.5778664300055	0.0	997.1235992900165	0.0	0.0	8.39	0.0	-329.5778664300055	0.0	997.1235992900165	-997.1235992900165	8.389999999999873	-8.39	0.0	0.0	0.0	8.389999999999986	0.0	0.0	8.39	0.0	329.5778664300056
748	-136.6152128296288	546.4608513185152	136.6152128296288	136.6152128296288	813.3414782962884	136.6152128296288	822.9234749999999	274.307825	-813.3414782962884	-136.6152128296288	546.4608513185152	136.6152128296288	-136.6152128296288	0.0	-148.23741085185594	-273.2304256592576	546.4608513185152	136.6152128296288	-136.6152128296288	274.307825	148.23741085185588	274.307825	-136.6152128296288	148.23741085185588	-136.6152128296288	-136.6152128296288	-538.0708513185152	273.23042565925766	-274.307825	136.6152128296288	148.23741085185588	-148.23741085185588	-538.0708513185162	538.0708513185152	-136.6152128296288	273.2304256592576	-273.23042565925766	-674.686064148144	136.6152128296288	136.6152128296288	8.39	273.2304256592576	274.30782500000004
749	-139.786581744633	559.1463269785321	139.78658174463297	139.786581744633	845.0551674463309	139.786581744633	822.923475	274.30782500000004	-845.0551674463309	-139.78658174463297	559.1463269785321	139.786581744633	-139.78658174463297	0.0	-132.38056627683494	-279.57316348926605	559.1463269785321	139.786581744633	-139.786581744633	274.30782500000004	132.380566276835	274.30782500000004	-139.786581744633	132.380566276835	-139.786581744633	-139.78658174463297	-550.7563269785321	279.5731634892661	-274.30782500000004	139.78658174463297	132.380566276835	-132.380566276835	-550.7563269785336	550.7563269785321	-139.786581744633	279.57316348926605	-279.5731634892661	-690.542908723165	139.78658174463297	139.786581744633	8.39	279.57316348926605	274.30782500000004
750	-137.6709253637096	550.6837014548385	137.6709253637096	137.6709253637096	823.8986036370957	137.6709253637096	822.923475	274.30782500000004	-823.8986036370957	-137.6709253637096	550.6837014548385	137.6709253637096	-137.6709253637096	0.0	-142.9588481814519	-275.3418507274192	550.6837014548385	137.6709253637096	-137.6709253637096	274.30782500000004	142.9588481814519	274.30782500000004	-137.6709253637096	142.9588481814519	-137.6709253637096	-137.6709253637096	-542.2937014548385	275.3418507274192	-274.30782500000004	137.6709253637096	142.95884818145197	-142.9588481814519	-542.2937014548381	542.2937014548385	-137.6709253637096	275.3418507274192	-275.3418507274192	-679.9646268185481	137.6709253637096	137.6709253637096	8.39	275.3418507274192	274.30782500000004
751	-148.79559747909136	595.1823899163655	148.79559747909136	148.79559747909136	717.8972431381866	148.79559747909136	562.0032075627256	382.9318658263637	-717.8972431381866	-148.79559747909136	595.1823899163655	148.79559747909136	-148.79559747909136	586.7923899163657	-1000.0	-297.5911949581827	595.1823899163655	148.79559747909136	-148.79559747909136	382.9318658263637	1000.0	382.9318658263637	-148.79559747909136	413.20761008363434	-148.79559747909136	-148.79559747909136	0.0	297.59119495818277	-382.9318658263637	148.79559747909136	1000.0	-1000.0	0.0	0.0	-148.79559747909136	297.5911949581827	-297.59119495818277	-148.79559747909127	148.79559747909136	148.79559747909136	8.39	297.5911949581827	382.93186582636395
752	-80.97541708800219	323.90166835200876	80.97541708800219	80.97541708800219	256.9435208800221	80.97541708800219	249.35986455998855	274.30782499999987	-256.9435208800221	-80.97541708800219	323.90166835200876	80.97541708800219	-80.97541708800219	573.5636104400112	-1000.0	-161.95083417600438	323.90166835200876	80.97541708800219	-80.97541708800219	274.30782499999987	1000.0	274.30782499999987	-80.97541708800219	426.4363895599888	-80.97541708800219	-80.97541708800219	258.0519420880024	161.95083417600438	-274.30782499999987	80.97541708800219	1000.0	-1000.0	258.0519420880024	-258.0519420880024	-80.97541708800219	161.95083417600438	-161.95083417600438	177.07652499999926	80.97541708800219	80.97541708800219	8.39	161.95083417600438	274.30782500000004
753	-135.56161172061613	542.2464468824646	135.56161172061616	135.56161172061613	802.8054672061612	135.56161172061613	822.9234749999999	274.307825	-802.8054672061612	-135.56161172061616	542.2464468824646	135.56161172061613	-135.56161172061616	0.0	-153.50541639691914	-271.1232234412323	542.2464468824646	135.56161172061613	-135.56161172061613	274.307825	153.50541639691914	274.307825	-135.56161172061613	153.50541639691914	-135.56161172061613	-135.56161172061616	-533.8564468824648	271.1232234412323	-274.307825	135.56161172061616	153.50541639691912	-153.50541639691914	-533.856446882464	533.8564468824648	-135.56161172061613	271.1232234412323	-271.1232234412323	-669.4180586030808	135.56161172061616	135.56161172061613	8.39	271.1232234412323	274.30782500000004
754	-129.23153404595706	516.9261361838282	129.23153404595706	129.23153404595706	739.5046904595704	129.23153404595706	822.923475	274.30782500000004	-739.5046904595704	-129.23153404595706	516.9261361838282	129.23153404595706	-129.23153404595706	0.0	-185.15580477021467	-258.4630680919141	516.9261361838282	129.23153404595706	-129.23153404595706	274.30782500000004	185.15580477021467	274.30782500000004	-129.23153404595706	185.15580477021467	-129.23153404595706	-129.23153404595706	-508.53613618382826	258.4630680919141	-274.30782500000004	129.23153404595706	185.15580477021467	-185.15580477021467	-508.5361361838281	508.53613618382826	-129.23153404595706	258.4630680919141	-258.4630680919141	-637.7676702297854	129.23153404595706	129.23153404595706	8.39	258.4630680919141	274.30782500000004
755	-128.18003593317002	512.7201437326801	128.18003593317002	128.18003593317002	728.9897093317004	128.18003593317002	822.923475	274.30782500000004	-728.9897093317004	-128.18003593317002	512.7201437326801	128.18003593317002	-128.18003593317002	0.0	-190.41329533414992	-256.36007186634004	512.7201437326801	128.18003593317002	-128.18003593317002	274.30782500000004	190.4132953341499	274.30782500000004	-128.18003593317002	190.4132953341499	-128.18003593317002	-128.18003593317002	-504.3301437326801	256.36007186634004	-274.30782500000004	128.18003593317002	190.4132953341499	-190.4132953341499	-504.3301437326806	504.3301437326801	-128.18003593317002	256.36007186634004	-256.36007186634004	-632.5101796658502	128.18003593317002	128.18003593317002	8.39	256.36007186634004	274.30782500000004
756	-68.90156018870887	275.60624075483554	68.90156018870887	68.90156018870887	0.0	68.90156018870887	760.0146620757976	342.41030094354454	0.0	-68.90156018870887	275.60624075483554	68.90156018870887	-68.90156018870887	267.2162407548356	-958.3293426419244	-137.80312037741774	275.60624075483554	68.90156018870887	-68.90156018870887	342.41030094354454	958.3293426419244	342.41030094354454	-68.90156018870887	691.1131018870888	-68.90156018870887	-68.90156018870887	0.0	137.80312037741783	-342.41030094354454	68.90156018870887	958.3293426419244	-958.3293426419243	0.0	0.0	-68.90156018870887	137.80312037741774	-137.80312037741783	-68.9015601887088	68.90156018870887	68.90156018870887	8.39	137.80312037741774	342.410300943544
757	-55.28106500000001	221.12426000000005	55.28106500000001	55.28106500000001	0.0	55.28106500000001	808.5552188555359	274.30782500000004	0.0	-55.28106500000001	221.12426000000005	55.28106500000001	-55.28106500000001	14.368256144464226	-569.2764061444643	-110.56213000000002	221.12426000000005	55.28106500000001	-55.28106500000001	274.30782500000004	569.2764061444643	274.30782500000004	-55.28106500000001	554.9081500000001	-55.28106500000001	-55.28106500000001	-198.36600385553584	110.56213000000002	-274.30782500000004	55.28106500000001	569.2764061444643	-569.2764061444643	-198.36600385553578	198.36600385553584	-55.28106500000001	110.56213000000002	-110.56213000000002	-253.64706885553585	55.28106500000001	55.28106500000001	8.39	110.56213000000002	274.30782500000004
758	-124.17451718785996	496.69806875143985	124.17451718785996	124.17451718785996	688.9345218785995	124.17451718785996	822.923475	274.30782500000004	-688.9345218785995	-124.17451718785996	496.69806875143985	124.17451718785996	-124.17451718785996	0.0	-210.4408890607002	-248.34903437571992	496.69806875143985	124.17451718785996	-124.17451718785996	274.30782500000004	210.44088906070021	274.30782500000004	-124.17451718785996	210.44088906070021	-124.17451718785996	-124.17451718785996	-488.30806875143986	248.34903437571995	-274.30782500000004	124.17451718785996	210.44088906070021	-210.44088906070021	-488.30806875144003	488.30806875143986	-124.17451718785996	248.34903437571992	-248.34903437571995	-612.4825859392997	124.17451718785996	124.17451718785996	8.39	248.34903437571992	274.30782500000004
759	-57.755687489480714	231.02274995792285	57.755687489480714	57.755687489480714	0.0	57.755687489480714	439.69718723701806	286.6809374474036	0.0	-57.755687489480714	231.02274995792285	57.755687489480714	-57.755687489480714	420.34562510519277	-1000.0	-115.51137497896143	231.02274995792285	57.755687489480714	-57.755687489480714	286.6809374474036	1000.0	286.6809374474036	-57.755687489480714	579.6543748948072	-57.755687489480714	-57.755687489480714	197.7128751472699	115.51137497896138	-286.6809374474036	57.755687489480714	1000.0	-1000.0	197.71287514726964	-197.7128751472699	-57.755687489480714	115.51137497896143	-115.51137497896138	139.95718765778918	57.755687489480714	57.755687489480714	8.39	115.51137497896143	286.6809374474037
760	-155.28106500000004	621.1242600000002	155.28106500000004	155.28106500000004	1000.0	155.28106500000004	682.1713540830433	274.30782500000015	-1000.0	-155.28106500000004	621.1242600000002	155.28106500000004	-155.28106500000004	140.75212091695704	-195.6602709169573	-310.5621300000001	621.1242600000002	155.28106500000004	-155.28106500000004	274.30782500000015	195.6602709169573	274.30782500000015	-155.28106500000004	54.908150000000205	-155.28106500000004	-155.28106500000004	-471.9821390830431	310.56213	-274.30782500000015	155.28106500000004	195.6602709169573	-195.6602709169572	-471.9821390830425	471.9821390830431	-155.28106500000004	310.5621300000001	-310.56213	-627.2632040830431	155.28106500000004	155.28106500000004	8.39	310.5621300000001	274.30782500000004
761	-112.91292450407067	451.6516980162827	112.91292450407067	112.91292450407067	576.3185950407064	112.91292450407067	379.6617769837176	274.3078250000001	-576.3185950407064	-112.91292450407067	451.6516980162827	112.91292450407067	-112.91292450407067	443.2616980162827	-710.0105504959296	-225.82584900814135	451.6516980162827	112.91292450407067	-112.91292450407067	274.3078250000001	710.0105504959296	274.3078250000001	-112.91292450407067	266.74885247964687	-112.91292450407067	-112.91292450407067	0.0	225.8258490081414	-274.3078250000001	112.91292450407067	710.0105504959296	-710.0105504959296	0.0	0.0	-112.91292450407067	225.82584900814135	-225.8258490081414	-112.9129245040707	112.91292450407067	112.91292450407067	8.39	225.82584900814135	274.30782500000004
762	-155.28106499999998	621.1242599999999	155.28106499999998	155.28106499999998	1000.0	155.28106499999998	822.4905245911618	274.30782500000004	-1000.0	-155.28106499999998	621.1242599999999	155.28106499999998	-155.28106499999998	0.43295040883822367	-55.341100408838365	-310.56212999999997	621.1242599999999	155.28106499999998	-155.28106499999998	274.30782500000004	55.341100408838315	274.30782500000004	-155.28106499999998	54.90815000000009	-155.28106499999998	-155.28106499999998	-612.3013095911617	310.56213	-274.30782500000004	155.28106499999998	55.341100408838315	-55.341100408838315	-612.3013095911624	612.3013095911617	-155.28106499999998	310.56212999999997	-310.56213	-767.5823745911617	155.28106499999998	155.28106499999998	8.39	310.56212999999997	274.30782500000004
763	-54.821302984045516	219.28521193618207	54.821302984045516	54.821302984045516	-4.5976201595452855	54.821302984045516	612.0282630638184	274.30782500000015	4.597620159545272	-54.821302984045516	219.28521193618207	54.821302984045516	-54.821302984045516	210.89521193618208	-768.1021720159549	-109.64260596809103	219.28521193618207	54.821302984045516	-54.821302984045516	274.30782500000015	768.1021720159549	274.30782500000015	-54.821302984045516	557.2069600797729	-54.821302984045516	-54.821302984045516	0.0	109.64260596809106	-274.30782500000015	54.821302984045516	768.1021720159549	-768.1021720159549	0.0	0.0	-54.821302984045516	109.64260596809103	-109.64260596809106	-54.82130298404553	54.821302984045516	54.821302984045516	8.39	109.64260596809103	274.30782500000004
764	-86.11466079605417	344.4586431842167	86.11466079605418	86.11466079605417	308.3359579605417	86.11466079605417	822.923475	274.30782500000004	-308.3359579605417	-86.11466079605418	344.4586431842167	86.11466079605417	-86.11466079605418	0.0	-400.74017101972913	-172.22932159210836	344.4586431842167	86.11466079605417	-86.11466079605417	274.30782500000004	400.74017101972913	274.30782500000004	-86.11466079605417	400.74017101972913	-86.11466079605417	-86.11466079605418	-336.06864318421674	172.22932159210836	-274.30782500000004	86.11466079605418	400.74017101972913	-400.74017101972913	-336.0686431842166	336.06864318421674	-86.11466079605417	172.22932159210836	-172.22932159210836	-422.1833039802709	86.11466079605418	86.11466079605417	8.39	172.22932159210836	274.30782500000004
765	-127.50317045605517	510.0126818242207	127.50317045605517	127.50317045605517	394.4614204671266	127.50317045605517	1000.0	438.18764204671265	-394.4614204671266	-127.50317045605517	510.0126818242207	127.50317045605517	-127.50317045605517	314.56292614013796	-1000.0	-255.00634091211035	510.0126818242207	127.50317045605517	-127.50317045605517	438.18764204671265	1000.0	438.18764204671265	-127.50317045605517	685.437073859862	-127.50317045605517	-127.50317045605517	-187.0597556840828	255.00634091211035	-438.18764204671265	127.50317045605517	1000.0	-1000.0	-187.05975568408303	187.0597556840828	-127.50317045605517	255.00634091211035	-255.00634091211035	-314.56292614013796	127.50317045605517	127.50317045605517	8.39	255.00634091211035	438.18764204671265
766	-178.6296983929962	714.5187935719848	178.6296983929962	178.6296983929962	820.515819941636	178.6296983929962	1000.0	480.79308199416346	-820.515819941636	-178.6296983929962	714.5187935719848	178.6296983929962	-178.6296983929962	442.3792459824905	-1000.0	-357.2593967859924	714.5187935719848	178.6296983929962	-178.6296983929962	480.79308199416346	1000.0	480.79308199416346	-178.6296983929962	557.6207540175095	-178.6296983929962	-178.6296983929962	-263.74954758949434	357.2593967859924	-480.79308199416346	178.6296983929962	1000.0	-999.9999999999999	-263.74954758949616	263.74954758949434	-178.6296983929962	357.2593967859924	-357.2593967859924	-442.3792459824905	178.6296983929962	178.6296983929962	8.39	357.2593967859924	480.79308199416363
767	-163.26436220038747	653.0574488015499	163.26436220038747	163.26436220038747	1000.0	163.26436220038747	77.41405500968682	314.22431100193734	-1000.0	-163.26436220038747	653.0574488015499	163.26436220038747	-163.26436220038747	865.2588779961252	-1000.0	-326.52872440077493	653.0574488015499	163.26436220038747	-163.26436220038747	314.22431100193734	1000.0	314.22431100193734	-163.26436220038747	134.7411220038748	-163.26436220038747	-163.26436220038747	220.59142919457543	326.52872440077493	-314.22431100193734	163.26436220038747	1000.0	-1000.0	220.5914291945757	-220.59142919457543	-163.26436220038747	326.52872440077493	-326.52872440077493	57.327066994188044	163.26436220038747	163.26436220038747	8.39	326.52872440077493	314.22431100193745
768	-179.3868540935356	717.5474163741424	179.3868540935356	179.3868540935356	1000.0	179.3868540935356	480.4763523383893	394.8367704676778	-1000.0	-179.3868540935356	717.5474163741424	179.3868540935356	-179.3868540935356	704.0339590646444	-1000.0	-358.7737081870712	717.5474163741424	179.3868540935356	-179.3868540935356	394.8367704676778	1000.0	394.8367704676778	-179.3868540935356	295.96604093535564	-179.3868540935356	-179.3868540935356	-5.123457309498008	358.7737081870712	-394.8367704676778	179.3868540935356	1000.0	-1000.0	-5.12345730949761	5.123457309498008	-179.3868540935356	358.7737081870712	-358.7737081870712	-184.5103114030336	179.3868540935356	179.3868540935356	8.39	358.7737081870712	394.83677046767804
769	-56.33122547633163	225.32490190532658	56.331225476331646	56.33122547633163	0.0	56.331225476331646	621.740980239648	279.5586273816582	0.0	-56.331225476331646	225.32490190532658	56.331225476331646	-56.331225476331646	216.93490190532657	-782.344656668643	-112.66245095266329	225.32490190532658	56.331225476331646	-56.331225476331646	279.5586273816582	782.344656668643	279.5586273816582	-56.331225476331646	565.4097547633164	-56.33122547633163	-56.331225476331646	0.0	112.66245095266329	-279.5586273816582	56.331225476331646	782.344656668643	-782.344656668643	0.0	0.0	-56.331225476331646	112.66245095266329	-112.66245095266329	-56.33122547633161	56.331225476331646	56.331225476331646	8.39	112.66245095266329	279.55862738165825
770	-155.28106500000004	621.1242600000002	155.28106500000004	155.28106500000004	1000.0	155.28106500000004	512.4284722957505	274.30782500000015	-1000.0	-155.28106500000004	621.1242600000002	155.28106500000004	-155.28106500000004	310.4950027042499	-365.40315270425003	-310.5621300000001	621.1242600000002	155.28106500000004	-155.28106500000004	274.30782500000015	365.40315270425003	274.30782500000015	-155.28106500000004	54.908150000000205	-155.28106500000004	-155.28106500000004	-302.2392572957503	310.5621300000001	-274.30782500000015	155.28106500000004	365.40315270425003	-365.40315270425003	-302.2392572957499	302.2392572957503	-155.28106500000004	310.5621300000001	-310.5621300000001	-457.52032229575025	155.28106500000004	155.28106500000004	8.39	310.5621300000001	274.30782500000004
771	-51.18276231108228	204.7310492443291	51.18276231108228	51.18276231108228	-241.54198074098107	51.18276231108228	1000.0	374.58730192590184	241.5419807409811	-51.18276231108228	204.7310492443291	51.18276231108228	-51.18276231108228	123.7619057777057	-1000.0	-102.36552462216456	204.7310492443291	51.18276231108228	-51.18276231108228	374.58730192590184	1000.0	374.58730192590184	-51.18276231108228	876.2380942222943	-51.18276231108228	-51.18276231108228	-72.57914346662338	102.36552462216456	-374.58730192590184	51.18276231108228	1000.0	-1000.0	-72.57914346662331	72.57914346662338	-51.18276231108228	102.36552462216456	-102.36552462216456	-123.7619057777057	51.18276231108228	51.18276231108228	8.39	102.36552462216456	374.58730192590195
772	-138.57515159236493	554.3006063694596	138.57515159236493	138.57515159236493	486.7279299363742	138.57515159236493	1000.0	447.41429299363745	-486.72792993637427	-138.57515159236493	554.3006063694596	138.57515159236493	-138.57515159236493	342.2428789809123	-1000.0	-277.15030318472986	554.3006063694596	138.57515159236493	-138.57515159236493	447.41429299363745	1000.0	447.41429299363745	-138.57515159236493	657.7571210190877	-138.57515159236493	-138.57515159236493	-203.66772738854723	277.1503031847298	-447.41429299363745	138.57515159236493	1000.0	-1000.0	-203.66772738854706	203.66772738854723	-138.57515159236493	277.15030318472986	-277.1503031847298	-342.2428789809123	138.57515159236493	138.57515159236493	8.39	277.15030318472986	447.41429299363733
773	-76.36795144830657	305.4718057932263	76.36795144830657	76.36795144830657	0.0	76.36795144830657	1000.0	379.74225724153297	0.0	-76.36795144830657	305.4718057932263	76.36795144830657	-76.36795144830657	139.22677172459888	-905.0037862076649	-152.73590289661314	305.4718057932263	76.36795144830657	-76.36795144830657	379.74225724153297	905.0037862076649	379.74225724153297	-76.36795144830657	765.7770144830661	-76.36795144830657	-76.36795144830657	-157.85503406862742	152.73590289661314	-379.74225724153297	76.36795144830657	905.0037862076649	-905.0037862076649	-157.8550340686278	157.85503406862742	-76.36795144830657	152.73590289661314	-152.73590289661314	-234.22298551693393	76.36795144830657	76.36795144830657	8.39	152.73590289661314	379.74225724153297
774	-177.14496914545282	708.5798765818113	177.14496914545282	177.14496914545282	808.1430762121066	177.14496914545282	1000.0	479.5558076212107	-808.1430762121066	-177.14496914545282	708.5798765818113	177.14496914545282	-177.14496914545282	438.66742286363205	-1000.0	-354.28993829090564	708.5798765818113	177.14496914545282	-177.14496914545282	479.5558076212107	1000.0	479.5558076212107	-177.14496914545282	561.332577136368	-177.14496914545282	-177.14496914545282	-261.52245371817924	354.28993829090564	-479.5558076212107	177.14496914545282	1000.0	-1000.0	-261.5224537181789	261.52245371817924	-177.14496914545282	354.28993829090564	-354.28993829090564	-438.66742286363205	177.14496914545282	177.14496914545282	8.39	354.28993829090564	479.55580762121065
775	-52.28308898589396	209.13235594357585	52.28308898589396	52.28308898589396	-232.372591784217	52.28308898589396	1000.0	375.5042408215783	232.37259178421698	-52.28308898589396	209.13235594357585	52.28308898589396	-52.28308898589396	126.5127224647349	-1000.0	-104.56617797178792	209.13235594357585	52.28308898589396	-52.28308898589396	375.5042408215783	1000.0	375.5042408215783	-52.28308898589396	873.4872775352651	-52.28308898589396	-52.28308898589396	-74.22963347884092	104.56617797178792	-375.5042408215783	52.28308898589396	1000.0	-1000.0	-74.22963347884074	74.22963347884092	-52.28308898589396	104.56617797178792	-104.56617797178792	-126.5127224647349	52.28308898589396	52.28308898589396	8.39	104.56617797178792	375.5042408215782
776	-119.84876312499038	479.39505249996154	119.84876312499038	119.84876312499038	330.6746927082533	119.84876312499038	1000.0	431.80896927082534	-330.67469270825336	-119.84876312499038	479.39505249996154	119.84876312499038	-119.84876312499038	295.426907812476	-1000.0	-239.69752624998077	479.39505249996154	119.84876312499038	-119.84876312499038	431.80896927082534	1000.0	431.80896927082534	-119.84876312499038	704.573092187524	-119.84876312499038	-119.84876312499038	-175.57814468748558	239.69752624998077	-431.80896927082534	119.84876312499038	1000.0	-1000.0	-175.57814468748566	175.57814468748558	-119.84876312499038	239.69752624998077	-239.69752624998077	-295.426907812476	119.84876312499038	119.84876312499038	8.39	239.69752624998077	431.80896927082534
777	-54.47715355303344	217.90861421213373	54.47715355303344	54.47715355303344	-214.08872039138805	54.47715355303344	1000.0	377.33262796086115	214.08872039138805	-54.47715355303344	217.90861421213373	54.47715355303344	-54.47715355303344	131.99788388258358	-1000.0	-108.95430710606688	217.90861421213373	54.47715355303344	-54.47715355303344	377.33262796086115	1000.0	377.33262796086115	-54.47715355303344	868.0021161174164	-54.47715355303344	-54.47715355303344	-77.52073032955013	108.95430710606686	-377.33262796086115	54.47715355303344	1000.0	-1000.0	-77.5207303295502	77.52073032955013	-54.47715355303344	108.95430710606688	-108.95430710606686	-131.99788388258358	54.47715355303344	54.47715355303344	8.39	108.95430710606688	377.3326279608614
778	-53.37683564573003	213.50734258292013	53.37683564573003	53.37683564573003	-223.25803628558322	53.37683564573003	1000.0	376.4156963714417	223.25803628558322	-53.37683564573003	213.50734258292013	53.37683564573003	-53.37683564573003	129.2470891143251	-1000.0	-106.75367129146007	213.50734258292013	53.37683564573003	-53.37683564573003	376.4156963714417	1000.0	376.4156963714417	-53.37683564573003	870.752910885675	-53.37683564573003	-53.37683564573003	-75.87025346859502	106.75367129146007	-376.4156963714417	53.37683564573003	1000.0	-1000.0	-75.87025346859485	75.87025346859502	-53.37683564573003	106.75367129146007	-106.75367129146007	-129.2470891143251	53.37683564573003	53.37683564573003	8.39	106.75367129146007	376.4156963714416
779	-2.0975	8.39	2.0975	2.0975	-613.6232398550214	2.0975	945.604859782532	315.20161992751065	613.6232398550214	-2.0975	8.39	2.0975	-2.0975	0.0	-943.507359782532	-4.195	8.39	2.0975	-2.0975	315.20161992751065	943.507359782532	315.20161992751065	-2.0975	943.507359782532	-2.0975	-2.0975	0.0	4.195	-315.20161992751065	2.0975	943.507359782532	-943.507359782532	0.0	0.0	-2.0975	4.195	-4.195	-2.097500000000011	2.0975	2.0975	8.39	4.195	315.20161992751076
780	-187.33851530088452	749.3540612035382	187.33851530088452	187.33851530088452	1000.0	187.33851530088452	679.2678825221136	434.5950765044227	-1000.0	-187.33851530088452	749.3540612035382	187.33851530088452	-187.33851530088452	624.5173469911546	-1000.0	-374.67703060176905	749.3540612035382	187.33851530088452	-187.33851530088452	434.5950765044227	1000.0	434.5950765044227	-187.33851530088452	375.48265300884543	-187.33851530088452	-187.33851530088452	-116.44671421238377	374.6770306017691	-434.5950765044227	187.33851530088452	1000.0	-1000.0	-116.44671421238422	116.44671421238377	-187.33851530088452	374.67703060176905	-374.6770306017691	-303.7852295132682	187.33851530088452	187.33851530088452	8.39	374.67703060176905	434.59507650442265
781	-190.11655882224213	760.4662352889686	190.11655882224213	190.11655882224213	1000.0	190.11655882224213	748.7189705560534	448.4852941112107	-1000.0	-190.11655882224213	760.4662352889686	190.11655882224213	-190.11655882224213	596.7369117775787	-1000.0	-380.23311764448425	760.4662352889686	190.11655882224213	-190.11655882224213	448.4852941112107	1000.0	448.4852941112107	-190.11655882224213	403.2630882224213	-190.11655882224213	-190.11655882224213	-155.33932351139003	380.2331176444843	-448.4852941112107	190.11655882224213	1000.0	-1000.0	-155.33932351139043	155.33932351139003	-190.11655882224213	380.23311764448425	-380.2331176444843	-345.4558823336321	190.11655882224213	190.11655882224213	8.39	380.23311764448425	448.4852941112107
782	-186.7230701674592	746.8922806698369	186.7230701674592	186.7230701674592	1000.0	186.7230701674592	1000.0	431.51785083729607	-1000.0	-186.7230701674592	746.8922806698369	186.7230701674592	-186.7230701674592	294.55355251188826	-663.8817541864804	-373.4461403349184	746.8922806698369	186.7230701674592	-186.7230701674592	431.51785083729607	663.8817541864804	431.51785083729607	-186.7230701674592	369.32820167459215	-186.7230701674592	-186.7230701674592	-443.9487281579486	373.4461403349184	-431.51785083729607	186.7230701674592	663.8817541864804	-663.8817541864804	-443.9487281579489	443.9487281579486	-186.7230701674592	373.4461403349184	-373.4461403349184	-630.6717983254078	186.7230701674592	186.7230701674592	8.39	373.4461403349184	431.51785083729595
783	-186.4694243215929	745.8776972863715	186.4694243215929	186.4694243215929	1000.0	186.4694243215929	657.540608039822	430.2496216079644	-1000.0	-186.4694243215929	745.8776972863715	186.4694243215929	-186.4694243215929	633.2082567840712	-1000.0	-372.9388486431858	745.8776972863715	186.4694243215929	-186.4694243215929	430.2496216079644	1000.0	430.2496216079644	-186.4694243215929	366.7917432159288	-186.4694243215929	-186.4694243215929	-104.27944050230019	372.93884864318574	-430.2496216079644	186.4694243215929	1000.0	-1000.0	-104.2794405023003	104.27944050230019	-186.4694243215929	372.9388486431858	-372.93884864318574	-290.7488648238932	186.4694243215929	186.4694243215929	8.39	372.9388486431858	430.2496216079644
784	-166.44421178643594	665.7768471457438	166.44421178643594	166.44421178643594	1000.0	166.44421178643594	156.9102946609005	330.12355893218	-1000.0	-166.44421178643594	665.7768471457438	166.44421178643594	-166.44421178643594	833.4603821356396	-1000.0	-332.8884235728719	665.7768471457438	166.44421178643594	-166.44421178643594	330.12355893218	1000.0	330.12355893218	-166.44421178643594	166.53961786436037	-166.44421178643594	-166.44421178643594	176.07353498989596	332.8884235728719	-330.12355893218	166.44421178643594	1000.0	-999.9999999999999	176.0735349898947	-176.07353498989596	-166.44421178643594	332.8884235728719	-332.8884235728719	9.629323203459876	166.44421178643594	166.44421178643594	8.39	332.8884235728719	330.1235589321801
785	-135.24568929943763	540.9827571977505	135.24568929943763	135.24568929943763	681.5952263277097	135.24568929943763	332.1615535028118	333.3333333333333	-681.5952263277097	-135.24568929943763	540.9827571977505	135.24568929943763	-135.24568929943763	667.8384464971882	-1000.0	-270.49137859887526	540.9827571977505	135.24568929943763	-135.24568929943763	333.3333333333333	1000.0	333.3333333333333	-135.24568929943763	332.1615535028118	-135.24568929943763	-135.24568929943763	135.24568929943757	270.49137859887526	-333.3333333333333	135.24568929943763	1000.0	-1000.0	135.24568929943672	-135.24568929943757	-135.24568929943763	270.49137859887526	-270.49137859887526	0.0	135.24568929943763	135.24568929943763	8.39	270.49137859887526	333.3333333333332
786	-121.95369236589303	487.8147694635722	121.95369236589302	121.95369236589303	666.7262736589304	121.95369236589303	44.4684881705349	274.30782500000004	-666.7262736589304	-121.95369236589302	487.8147694635722	121.95369236589303	-121.95369236589302	778.4549868294652	-1000.0	-243.9073847317861	487.8147694635722	121.95369236589303	-121.95369236589303	274.30782500000004	1000.0	274.30782500000004	-121.95369236589303	221.54501317053484	-121.95369236589303	-121.95369236589302	299.03021736589295	243.9073847317861	-274.30782500000004	121.95369236589302	1000.0	-1000.0	299.0302173658932	-299.03021736589295	-121.95369236589303	243.9073847317861	-243.9073847317861	177.07652499999926	121.95369236589302	121.95369236589303	8.39	243.9073847317861	274.30782500000004
787	-166.840828980962	667.363315923848	166.840828980962	166.840828980962	722.2752415080165	166.840828980962	1000.0	470.96902415080166	-722.2752415080165	-166.840828980962	667.363315923848	166.840828980962	-166.840828980962	412.907072452405	-1000.0	-333.681657961924	667.363315923848	166.840828980962	-166.840828980962	470.96902415080166	1000.0	470.96902415080166	-166.840828980962	587.0929275475951	-166.840828980962	-166.840828980962	-246.06624347144293	333.681657961924	-470.96902415080166	166.840828980962	1000.0	-1000.0	-246.0662434714427	246.06624347144293	-166.840828980962	333.681657961924	-333.681657961924	-412.907072452405	166.840828980962	166.840828980962	8.39	333.681657961924	470.96902415080154
788	-126.3895871305174	505.5583485220696	126.38958713051743	126.3895871305174	593.0342046385072	126.3895871305174	1000.0	333.3333333333333	-593.0342046385072	-126.38958713051743	505.5583485220696	126.3895871305174	-126.38958713051743	0.0	-376.44206434741295	-252.7791742610348	505.5583485220696	126.3895871305174	-126.3895871305174	333.3333333333333	376.44206434741295	333.3333333333333	-126.3895871305174	376.44206434741295	-126.3895871305174	-126.38958713051743	-497.16834852206955	252.7791742610348	-333.3333333333333	126.38958713051743	376.44206434741295	-376.44206434741295	-497.16834852206904	497.16834852206955	-126.3895871305174	252.7791742610348	-252.7791742610348	-623.557935652587	126.38958713051743	126.3895871305174	8.39	252.7791742610348	333.3333333333334
789	-102.77689068681595	411.10756274726384	102.77689068681595	102.77689068681595	356.90724020149304	102.77689068681595	1000.0	333.3333333333333	-356.90724020149304	-102.77689068681595	411.10756274726384	102.77689068681595	-102.77689068681595	0.0	-494.5055465659202	-205.5537813736319	411.10756274726384	102.77689068681595	-102.77689068681595	333.3333333333333	494.5055465659202	333.3333333333333	-102.77689068681595	494.5055465659202	-102.77689068681595	-102.77689068681595	-402.7175627472639	205.55378137363192	-333.3333333333333	102.77689068681595	494.5055465659202	-494.5055465659202	-402.71756274726386	402.7175627472639	-102.77689068681595	205.5537813736319	-205.55378137363192	-505.4944534340798	102.77689068681595	102.77689068681595	8.39	205.5537813736319	333.3333333333334
790	-34.09762144161685	136.3904857664674	34.09762144161685	34.09762144161685	-211.83443558383146	34.09762144161685	822.923475	274.307825	211.83443558383146	-34.09762144161685	136.3904857664674	34.09762144161685	-34.09762144161685	0.0	-660.8253677919157	-68.1952428832337	136.3904857664674	34.09762144161685	-34.09762144161685	274.307825	660.8253677919157	274.307825	-34.09762144161685	660.8253677919157	-34.09762144161685	-34.09762144161685	-128.00048576646742	68.1952428832337	-274.307825	34.09762144161685	660.8253677919157	-660.8253677919157	-128.00048576646748	128.00048576646742	-34.09762144161685	68.1952428832337	-68.1952428832337	-162.0981072080843	34.09762144161685	34.09762144161685	8.39	68.1952428832337	274.30782500000004
791	-2.779185510020806	11.116742040083224	2.779185510020806	2.779185510020806	-525.0187948997918	2.779185510020806	822.9234749999997	274.3078249999999	525.0187948997918	-2.779185510020806	11.116742040083224	2.779185510020806	-2.779185510020806	0.0	-817.4175474498957	-5.558371020041612	11.116742040083224	2.779185510020806	-2.779185510020806	274.3078249999999	817.4175474498957	274.3078249999999	-2.779185510020806	817.4175474498957	-2.779185510020806	-2.779185510020806	-2.7267420400832236	5.558371020041612	-274.3078249999999	2.779185510020806	817.4175474498957	-817.4175474498957	-2.7267420400826836	2.7267420400832236	-2.779185510020806	5.558371020041612	-5.558371020041612	-5.505927550104047	2.779185510020806	2.779185510020806	8.39	5.558371020041612	274.30782500000004
792	-146.1781628483681	584.7126513934724	146.1781628483681	146.1781628483681	908.9709784836809	146.1781628483681	-76.65386424184032	274.30782500000004	-908.9709784836809	-146.1781628483681	584.7126513934724	146.1781628483681	-146.1781628483681	899.5773392418404	-1000.0	-292.3563256967362	584.7126513934724	146.1781628483681	-146.1781628483681	274.30782500000004	1000.0	274.30782500000004	-146.1781628483681	100.42266075815951	-146.1781628483681	-146.1781628483681	323.254687848368	292.3563256967362	-274.30782500000004	146.1781628483681	1000.0	-1000.0	323.2546878483676	-323.254687848368	-146.1781628483681	292.3563256967362	-292.3563256967362	177.07652499999926	146.1781628483681	146.1781628483681	8.39	292.3563256967362	274.30782500000004
793	-154.06969837557187	616.2787935022875	154.06969837557187	154.06969837557187	869.8353170890521	154.06969837557187	1000.0	333.3333333333333	-869.8353170890521	-154.06969837557187	616.2787935022875	154.06969837557187	-154.06969837557187	0.0	-238.0415081221406	-308.13939675114375	616.2787935022875	154.06969837557187	-154.06969837557187	333.3333333333333	238.0415081221406	333.3333333333333	-154.06969837557187	238.0415081221406	-154.06969837557187	-154.06969837557187	-607.8887935022875	308.13939675114375	-333.3333333333333	154.06969837557187	238.0415081221406	-238.0415081221406	-607.8887935022874	607.8887935022875	-154.06969837557187	308.13939675114375	-308.13939675114375	-761.9584918778594	154.06969837557187	154.06969837557187	8.39	308.13939675114375	333.3333333333334
794	-155.28106499999998	621.1242599999999	155.28106499999998	155.28106499999998	1000.0	155.28106499999998	89.58882878606856	274.3078250000001	-1000.0	-155.28106499999998	621.1242599999999	155.28106499999998	-155.28106499999998	733.3346462139314	-788.2427962139313	-310.56212999999997	621.1242599999999	155.28106499999998	-155.28106499999998	274.3078250000001	788.2427962139313	274.3078250000001	-155.28106499999998	54.90814999999998	-155.28106499999998	-155.28106499999998	120.60038621393142	310.56212999999997	-274.3078250000001	155.28106499999998	788.2427962139313	-788.2427962139313	120.60038621393136	-120.60038621393142	-155.28106499999998	310.56212999999997	-310.56212999999997	-34.6806787860686	155.28106499999998	155.28106499999998	8.39	310.56212999999997	274.30782500000004
795	-177.17049431239724	708.681977249589	177.17049431239724	177.17049431239724	1000.0	177.17049431239724	1000.0	383.75497156198617	-1000.0	-177.17049431239724	708.681977249589	177.17049431239724	-177.17049431239724	151.26491468595862	-425.06735780993085	-354.3409886247945	708.681977249589	177.17049431239724	-177.17049431239724	383.75497156198617	425.06735780993085	383.75497156198617	-177.17049431239724	273.80244312397235	-177.17049431239724	-177.17049431239724	-549.0270625636304	354.3409886247945	-383.75497156198617	177.17049431239724	425.06735780993085	-425.06735780993085	-549.02706256363	549.0270625636304	-177.17049431239724	354.3409886247945	-354.3409886247945	-726.1975568760276	177.17049431239724	177.17049431239724	8.39	354.3409886247945	383.75497156198617
796	-155.2810649999999	621.1242599999996	155.2810649999999	155.2810649999999	1000.0	155.2810649999999	83.59180625252087	274.30782499999975	-1000.0	-155.2810649999999	621.1242599999996	155.2810649999999	-155.2810649999999	739.3316687474783	-794.2398187474778	-310.5621299999998	621.1242599999996	155.2810649999999	-155.2810649999999	274.3078249999995	794.2398187474778	274.3078249999995	-155.2810649999999	54.90814999999975	-155.2810649999999	-155.2810649999999	126.59740874747865	310.5621299999998	-274.30782499999987	155.2810649999999	794.2398187474778	-794.2398187474778	126.59740874747854	-126.59740874747865	-155.2810649999999	310.5621299999998	-310.5621299999998	-28.68365625252136	155.2810649999999	155.2810649999999	8.39	310.5621299999998	274.30782500000004
797	-155.28106499999993	621.1242599999997	155.28106499999993	155.28106499999993	1000.0	155.28106499999993	95.58580334362789	274.30782499999987	-1000.0	-155.28106499999993	621.1242599999997	155.28106499999993	-155.28106499999993	727.3376716563707	-782.2458216563706	-310.56212999999985	621.1242599999997	155.28106499999993	-155.28106499999993	274.30782499999987	782.2458216563706	274.30782499999987	-155.28106499999993	54.908149999999864	-155.28106499999993	-155.28106499999993	114.6034116563709	310.56212999999985	-274.30782499999987	155.28106499999993	782.2458216563706	-782.2458216563706	114.60341165637084	-114.6034116563709	-155.28106499999993	310.56212999999985	-310.56212999999985	-40.67765334362798	155.28106499999993	155.28106499999993	8.39	310.56212999999985	274.30782500000004
798	-162.11399105290343	648.4559642116138	162.11399105290346	162.11399105290343	1000.0	162.11399105290346	925.417365793552	308.47245526451735	-1000.0	-162.11399105290346	648.4559642116138	162.11399105290346	-162.11399105290346	0.0	-123.23741052903472	-324.2279821058069	648.4559642116138	162.11399105290346	-162.11399105290346	308.47245526451735	123.23741052903472	308.47245526451735	-162.11399105290346	123.23741052903472	-162.11399105290343	-162.11399105290346	-640.0659642116138	324.2279821058069	-308.47245526451735	162.11399105290346	123.23741052903472	-123.23741052903472	-640.0659642116145	640.0659642116138	-162.11399105290346	324.2279821058069	-324.2279821058069	-802.1799552645173	162.11399105290346	162.11399105290346	8.39	324.2279821058069	308.4724552645173
799	-155.2810650000001	621.1242600000004	155.2810650000001	155.2810650000001	1000.0	155.2810650000001	213.91253912474974	274.30782500000026	-1000.0	-155.2810650000001	621.1242600000004	155.2810650000001	-155.2810650000001	609.0109358752512	-663.9190858752517	-310.5621300000002	621.1242600000004	155.2810650000001	-155.2810650000001	274.30782500000026	663.9190858752517	274.30782500000026	-155.2810650000001	54.908150000000546	-155.2810650000001	-155.2810650000001	-3.7233241247491833	310.5621300000002	-274.30782500000026	155.2810650000001	663.9190858752517	-663.9190858752517	-3.7233241247484443	3.7233241247491833	-155.2810650000001	310.5621300000002	-310.5621300000002	-159.0043891247492	155.2810650000001	155.2810650000001	8.39	310.5621300000002	274.30782500000004
800	-2.0975	8.39	2.0975	2.0975	-557.229257971113	2.0975	861.0138869566697	287.00462898555656	557.229257971113	-2.0975	8.39	2.0975	-2.0975	0.0	-858.9163869566696	-4.195	8.39	2.0975	-2.0975	287.00462898555656	858.9163869566696	287.00462898555656	-2.0975	858.9163869566696	-2.0975	-2.0975	0.0	4.195	-287.00462898555656	2.0975	858.9163869566696	-858.9163869566696	0.0	0.0	-2.0975	4.195	-4.195	-2.097500000000025	2.0975	2.0975	8.39	4.195	287.00462898555656
801	-145.9509274234013	583.8037096936052	145.9509274234013	145.9509274234013	906.6986242340126	145.9509274234013	101.55883788299337	274.30782500000004	-906.6986242340126	-145.9509274234013	583.8037096936052	145.9509274234013	-145.9509274234013	721.3646371170066	-822.923475	-291.9018548468026	583.8037096936052	145.9509274234013	-145.9509274234013	274.30782500000004	822.923475	274.30782500000004	-145.9509274234013	101.55883788299343	-145.9509274234013	-145.9509274234013	145.95092742340125	291.9018548468026	-274.30782500000004	145.9509274234013	822.923475	-822.923475	145.95092742340177	-145.95092742340125	-145.9509274234013	291.9018548468026	-291.9018548468026	0.0	145.9509274234013	145.9509274234013	8.39	291.9018548468026	274.30782500000004
802	-134.53670284203082	538.1468113681234	134.5367028420308	134.53670284203082	792.5563784203084	134.53670284203082	822.923475	274.30782500000004	-792.5563784203084	-134.5367028420308	538.1468113681234	134.53670284203082	-134.5367028420308	0.0	-158.62996078984588	-269.0734056840617	538.1468113681234	134.53670284203082	-134.53670284203082	274.30782500000004	158.62996078984588	274.30782500000004	-134.53670284203082	158.62996078984588	-134.53670284203082	-134.5367028420308	-529.7568113681234	269.0734056840617	-274.30782500000004	134.5367028420308	158.62996078984588	-158.62996078984588	-529.7568113681232	529.7568113681234	-134.53670284203082	269.0734056840617	-269.0734056840617	-664.2935142101542	134.5367028420308	134.53670284203082	8.39	269.0734056840617	274.30782500000004
803	-96.41235247006664	385.64940988026655	96.41235247006664	96.41235247006664	411.3128747006665	96.41235247006664	822.923475	274.30782500000004	-411.3128747006665	-96.41235247006664	385.64940988026655	96.41235247006664	-96.41235247006664	0.0	-349.25171264966684	-192.82470494013327	385.64940988026655	96.41235247006664	-96.41235247006664	274.30782500000004	349.25171264966684	274.30782500000004	-96.41235247006664	349.25171264966684	-96.41235247006664	-96.41235247006664	-377.25940988026656	192.82470494013327	-274.30782500000004	96.41235247006664	349.25171264966684	-349.2517126496668	-377.2594098802667	377.25940988026656	-96.41235247006664	192.82470494013327	-192.82470494013327	-473.67176235033315	96.41235247006664	96.41235247006664	8.39	192.82470494013327	274.30782500000004
804	-60.47294215874875	241.891768634995	60.47294215874875	60.47294215874875	0.0	60.47294215874875	667.2998637462363	300.26721079374374	0.0	-60.47294215874875	241.891768634995	60.47294215874875	-60.47294215874875	233.50176863499502	-840.3286902224825	-120.9458843174975	241.891768634995	60.47294215874875	-60.47294215874875	300.26721079374374	840.3286902224825	300.26721079374374	-60.47294215874875	606.8269215874875	-60.47294215874875	-60.47294215874875	0.0	120.9458843174975	-300.26721079374374	60.47294215874875	840.3286902224825	-840.3286902224825	0.0	0.0	-60.47294215874875	120.9458843174975	-120.9458843174975	-60.472942158748765	60.47294215874875	60.47294215874875	8.39	120.9458843174975	300.26721079374363
805	-155.28106500000004	621.1242600000002	155.28106500000004	155.28106500000004	1000.0	155.28106500000004	506.07483850511085	274.30782500000015	-1000.0	-155.28106500000004	621.1242600000002	155.28106500000004	-155.28106500000004	316.8486364948896	-371.75678649488987	-310.5621300000001	621.1242600000002	155.28106500000004	-155.28106500000004	274.30782500000015	371.75678649488987	274.30782500000015	-155.28106500000004	54.908150000000205	-155.28106500000004	-155.28106500000004	-295.8856235051106	310.5621300000001	-274.30782500000015	155.28106500000004	371.75678649488987	-371.75678649488987	-295.8856235051105	295.8856235051106	-155.28106500000004	310.5621300000001	-310.5621300000001	-451.16668850511064	155.28106500000004	155.28106500000004	8.39	310.5621300000001	274.30782500000004
806	-155.28106500000004	621.1242600000002	155.28106500000004	155.28106500000004	1000.0	155.28106500000004	366.3877304467869	274.30782500000015	-1000.0	-155.28106500000004	621.1242600000002	155.28106500000004	-155.28106500000004	456.5357445532135	-511.44389455321374	-310.5621300000001	621.1242600000002	155.28106500000004	-155.28106500000004	274.30782500000015	511.44389455321374	274.30782500000015	-155.28106500000004	54.908150000000205	-155.28106500000004	-155.28106500000004	-156.1985154467867	310.5621300000001	-274.30782500000015	155.28106500000004	511.44389455321374	-511.4438945532138	-156.19851544678653	156.1985154467867	-155.28106500000004	310.5621300000001	-310.5621300000001	-311.4795804467867	155.28106500000004	155.28106500000004	8.39	310.5621300000001	274.30782500000004
807	-174.23124017009525	696.924960680381	174.23124017009525	174.23124017009525	1000.0	174.23124017009525	1000.0	369.05870085047616	-1000.0	-174.23124017009525	696.924960680381	174.23124017009525	-174.23124017009525	107.17610255142836	-351.58600425238046	-348.4624803401905	696.924960680381	174.23124017009525	-174.23124017009525	369.05870085047616	351.58600425238046	369.05870085047616	-174.23124017009525	244.4099017009521	-174.23124017009525	-174.23124017009525	-581.3588581289526	348.4624803401905	-369.05870085047616	174.23124017009525	351.58600425238046	-351.58600425238046	-581.3588581289522	581.3588581289526	-174.23124017009525	348.4624803401905	-348.4624803401905	-755.5900982990479	174.23124017009525	174.23124017009525	8.39	348.4624803401905	369.05870085047604
808	-190.4665638808968	761.8662555235873	190.4665638808968	190.4665638808968	1000.0	190.4665638808968	1000.0	450.2353194044841	-1000.0	-190.4665638808968	761.8662555235873	190.4665638808968	-190.4665638808968	350.7059582134523	-757.4690970224204	-380.9331277617936	761.8662555235873	190.4665638808968	-190.4665638808968	450.2353194044841	757.4690970224204	450.2353194044841	-190.4665638808968	406.76313880896816	-190.4665638808968	-190.4665638808968	-402.770297310135	380.9331277617936	-450.2353194044841	190.4665638808968	757.4690970224204	-757.4690970224204	-402.77029731013516	402.770297310135	-190.4665638808968	380.9331277617936	-380.9331277617936	-593.2368611910318	190.4665638808968	190.4665638808968	8.39	380.9331277617936	450.2353194044841
809	-197.27123466151974	789.084938646079	197.27123466151974	197.27123466151974	1000.0	197.27123466151974	1000.0	484.25867330759934	-1000.0	-197.27123466151974	789.084938646079	197.27123466151974	-197.27123466151974	452.77601992279574	-927.5858665379933	-394.5424693230395	789.084938646079	197.27123466151974	-197.27123466151974	484.25867330759934	927.5858665379933	484.25867330759934	-197.27123466151974	474.80984661519756	-197.27123466151974	-197.27123466151974	-327.91891872328324	394.5424693230395	-484.25867330759934	197.27123466151974	927.5858665379933	-927.5858665379933	-327.91891872328375	327.91891872328324	-197.27123466151974	394.5424693230395	-394.5424693230395	-525.1901533848024	197.27123466151974	197.27123466151974	8.39	394.5424693230395	484.25867330759786
810	-193.92643150712254	775.7057260284902	193.92643150712254	193.92643150712254	1000.0	193.92643150712254	843.9657876780631	467.53465753561267	-1000.0	-193.92643150712254	775.7057260284902	193.92643150712254	-193.92643150712254	558.6381849287748	-1000.0	-387.8528630142451	775.7057260284902	193.92643150712254	-193.92643150712254	467.53465753561267	1000.0	467.53465753561267	-193.92643150712254	441.36181507122524	-193.92643150712254	-193.92643150712254	-208.67754109971543	387.8528630142451	-467.53465753561267	193.92643150712254	1000.0	-1000.0	-208.67754109971492	208.67754109971543	-193.92643150712254	387.8528630142451	-387.8528630142451	-402.60397260683783	193.92643150712254	193.92643150712254	8.39	387.8528630142451	467.53465753561255
811	-169.55847689974533	678.2339075989813	169.55847689974533	169.55847689974533	1000.0	169.55847689974533	234.76692249363413	345.6948844987267	-1000.0	-169.55847689974533	678.2339075989813	169.55847689974533	-169.55847689974533	802.3177310025463	-1000.0	-339.11695379949066	678.2339075989813	169.55847689974533	-169.55847689974533	345.6948844987267	1000.0	345.6948844987267	-169.55847689974533	197.68226899745366	-169.55847689974533	-169.55847689974533	132.473823403565	339.11695379949066	-345.6948844987267	169.55847689974533	1000.0	-999.9999999999999	132.47382340356444	-132.473823403565	-169.55847689974533	339.11695379949066	-339.11695379949066	-37.08465349618052	169.55847689974533	169.55847689974533	8.39	339.11695379949066	345.6948844987268
812	-161.9377801036894	647.7511204147576	161.9377801036894	161.9377801036894	840.557614301101	161.9377801036894	522.5766596889317	387.31259336789645	-840.557614301101	-161.9377801036894	647.7511204147576	161.9377801036894	-161.9377801036894	639.3611204147576	-1000.0	-323.8755602073788	647.7511204147576	161.9377801036894	-161.9377801036894	387.31259336789645	1000.0	387.31259336789645	-161.9377801036894	360.6388795852424	-161.9377801036894	-161.9377801036894	0.0	323.8755602073788	-387.31259336789645	161.9377801036894	1000.0	-1000.0	0.0	0.0	-161.9377801036894	323.8755602073788	-323.8755602073788	-161.9377801036893	161.9377801036894	161.9377801036894	8.39	323.8755602073788	387.31259336789657
813	-58.05731942491325	232.229277699653	58.05731942491325	58.05731942491325	0.0	58.05731942491325	640.7280136740458	288.1890971245662	0.0	-58.05731942491325	232.229277699653	58.05731942491325	-58.05731942491325	223.839277699653	-806.5099719487854	-116.1146388498265	232.229277699653	58.05731942491325	-58.05731942491325	288.1890971245662	806.5099719487854	288.1890971245662	-58.05731942491325	582.6706942491323	-58.05731942491325	-58.05731942491325	0.0	116.1146388498265	-288.1890971245662	58.05731942491325	806.5099719487854	-806.5099719487853	0.0	0.0	-58.05731942491325	116.1146388498265	-116.1146388498265	-58.05731942491332	58.05731942491325	58.05731942491325	8.39	116.1146388498265	288.1890971245661
814	-53.0039809668607	212.0159238674428	53.0039809668607	53.0039809668607	-22.770840331393305	53.0039809668607	619.2975511325577	274.30782500000015	22.770840331393305	-53.0039809668607	212.0159238674428	53.0039809668607	-53.0039809668607	203.6259238674428	-769.9194940331398	-106.0079619337214	212.0159238674428	53.0039809668607	-53.0039809668607	274.30782500000015	769.9194940331398	274.30782500000015	-53.0039809668607	566.293570165697	-53.0039809668607	-53.0039809668607	0.0	106.0079619337214	-274.30782500000015	53.0039809668607	769.9194940331398	-769.9194940331399	0.0	0.0	-53.0039809668607	106.0079619337214	-106.0079619337214	-53.003980966860695	53.0039809668607	53.0039809668607	8.39	106.0079619337214	274.30782500000004
815	-151.4967412428206	605.9869649712824	151.4967412428206	151.4967412428206	962.1567624282059	151.4967412428206	225.32651002871796	274.3078250000001	-962.1567624282059	-151.4967412428206	605.9869649712824	151.4967412428206	-151.4967412428206	597.5969649712824	-671.4267337571798	-302.9934824856412	605.9869649712824	151.4967412428206	-151.4967412428206	274.3078250000001	671.4267337571798	274.3078250000001	-151.4967412428206	73.82976878589739	-151.4967412428206	-151.4967412428206	0.0	302.9934824856412	-274.3078250000001	151.4967412428206	671.4267337571798	-671.4267337571798	0.0	0.0	-151.4967412428206	302.9934824856412	-302.9934824856412	-151.49674124282058	151.4967412428206	151.4967412428206	8.39	302.9934824856412	274.30782500000004
816	-42.30861839261563	169.2344735704625	42.30861839261563	42.30861839261563	-129.72446607384413	42.30861839261563	662.079001429538	274.30782500000015	129.72446607384413	-42.30861839261563	169.2344735704625	42.30861839261563	-42.30861839261563	160.84447357046253	-780.6148566073849	-84.61723678523126	169.2344735704625	42.30861839261563	-42.30861839261563	274.30782500000015	780.6148566073849	274.30782500000015	-42.30861839261563	619.7703830369223	-42.30861839261563	-42.30861839261563	0.0	84.61723678523126	-274.30782500000015	42.30861839261563	780.6148566073849	-780.6148566073848	0.0	0.0	-42.30861839261563	84.61723678523126	-84.61723678523126	-42.30861839261564	42.30861839261563	42.30861839261563	8.39	84.61723678523126	274.30782500000004
817	-116.47825952180484	465.9130380872194	116.47825952180484	116.47825952180484	302.587162681707	116.47825952180484	1000.0	429.00021626817073	-302.587162681707	-116.47825952180484	465.9130380872194	116.47825952180484	-116.47825952180484	287.00064880451214	-1000.0	-232.9565190436097	465.9130380872194	116.47825952180484	-116.47825952180484	429.00021626817073	1000.0	429.00021626817073	-116.47825952180484	712.9993511954879	-116.47825952180484	-116.47825952180484	-170.52238928270725	232.9565190436097	-429.00021626817073	116.47825952180484	1000.0	-1000.0	-170.5223892827073	170.52238928270725	-116.47825952180484	232.9565190436097	-232.9565190436097	-287.00064880451214	116.47825952180484	116.47825952180484	8.39	232.9565190436097	429.0002162681708
818	-59.475447096806484	237.90178838722593	59.4754470968065	59.475447096806484	-172.4362741932793	59.475447096806484	1000.0	381.49787258067204	172.4362741932793	-59.4754470968065	237.90178838722593	59.475447096806484	-59.4754470968065	144.49361774201623	-1000.0	-118.95089419361297	237.90178838722593	59.475447096806484	-59.475447096806484	381.49787258067204	1000.0	381.49787258067204	-59.475447096806484	855.5063822579838	-59.475447096806484	-59.4754470968065	-85.01817064520975	118.95089419361297	-381.49787258067204	59.4754470968065	1000.0	-1000.0	-85.01817064520947	85.01817064520975	-59.475447096806484	118.95089419361297	-118.95089419361297	-144.49361774201623	59.4754470968065	59.475447096806484	8.39	118.95089419361297	381.49787258067204
819	-194.60244862644504	778.4097945057802	194.60244862644504	194.60244862644504	953.6220718870422	194.60244862644504	1000.0	494.1037071887042	-953.6220718870422	-194.60244862644504	778.4097945057802	194.60244862644504	-194.60244862644504	482.3111215661126	-1000.0	-389.2048972528901	778.4097945057802	194.60244862644504	-194.60244862644504	494.1037071887042	1000.0	494.1037071887042	-194.60244862644504	517.6888784338873	-194.60244862644504	-194.60244862644504	-287.70867293966757	389.2048972528901	-494.1037071887042	194.60244862644504	1000.0	-1000.0	-287.7086729396681	287.70867293966757	-194.60244862644504	389.2048972528901	-389.2048972528901	-482.31112156611266	194.60244862644504	194.60244862644504	8.39	389.2048972528901	494.1037071887042
820	-34.10658691212947	136.4263476485179	34.10658691212947	34.10658691212947	-383.84344239892107	34.10658691212947	1000.0	360.3571557601079	383.84344239892107	-34.10658691212947	136.4263476485179	34.10658691212947	-34.10658691212947	81.07146728032369	-1000.0	-68.21317382425894	136.4263476485179	34.10658691212947	-34.10658691212947	360.3571557601079	1000.0	360.3571557601079	-34.10658691212947	918.9285327196764	-34.10658691212947	-34.10658691212947	-46.964880368194216	68.21317382425894	-360.3571557601079	34.10658691212947	1000.0	-1000.0	-46.9648803681942	46.964880368194216	-34.10658691212947	68.21317382425894	-68.21317382425894	-81.07146728032365	34.10658691212947	34.10658691212947	8.39	68.21317382425894	360.3571557601079
821	-177.4727753533357	709.8911014133428	177.4727753533357	177.4727753533357	985.5509032977999	177.4727753533357	475.9716739399928	392.49092511777854	-985.5509032977999	-177.4727753533357	709.8911014133428	177.4727753533357	-177.4727753533357	701.5011014133428	-1000.0	-354.9455507066714	709.8911014133428	177.4727753533357	-177.4727753533357	392.49092511777854	1000.0	392.49092511777854	-177.4727753533357	298.4988985866572	-177.4727753533357	-177.4727753533357	0.0	354.9455507066714	-392.49092511777854	177.4727753533357	1000.0	-1000.0	0.0	0.0	-177.4727753533357	354.9455507066714	-354.9455507066714	-177.47277535333558	177.4727753533357	177.4727753533357	8.39	354.9455507066714	392.49092511777866
822	-61.40778716704409	245.6311486681764	61.40778716704411	61.40778716704409	-156.3334402746327	61.40778716704409	1000.0	383.10815597253674	156.3334402746327	-61.40778716704411	245.6311486681764	61.40778716704409	-61.40778716704411	149.32446791761026	-1000.0	-122.8155743340882	245.6311486681764	61.40778716704409	-61.40778716704409	383.10815597253674	1000.0	383.10815597253674	-61.40778716704409	850.6755320823897	-61.40778716704409	-61.40778716704411	-87.91668075056617	122.8155743340882	-383.10815597253674	61.40778716704411	1000.0	-1000.0	-87.91668075056577	87.91668075056617	-61.40778716704409	122.8155743340882	-122.8155743340882	-149.32446791761026	61.40778716704411	61.40778716704409	8.39	122.8155743340882	383.1081559725369
823	-10.37076967054188	41.48307868216752	10.37076967054188	10.37076967054188	-581.641919412151	10.37076967054188	1000.0	340.5773080587849	581.641919412151	-10.37076967054188	41.48307868216752	10.37076967054188	-10.37076967054188	21.73192417635471	-1000.0	-20.74153934108376	41.48307868216752	10.37076967054188	-10.37076967054188	340.5773080587849	1000.0	340.5773080587849	-10.37076967054188	978.2680758236453	-10.37076967054188	-10.37076967054188	-11.361154505812806	20.74153934108376	-340.5773080587849	10.37076967054188	1000.0	-1000.0	-11.361154505812681	11.361154505812806	-10.37076967054188	20.74153934108376	-20.74153934108376	-21.73192417635471	10.37076967054188	10.37076967054188	8.39	20.74153934108376	340.5773080587848
824	-74.20576492363318	296.82305969453273	74.20576492363318	74.20576492363318	-49.68362563639004	74.20576492363318	1000.0	393.77313743636097	49.68362563639004	-74.20576492363318	296.82305969453273	74.20576492363318	-74.20576492363318	181.31941230908296	-1000.0	-148.41152984726637	296.82305969453273	74.20576492363318	-74.20576492363318	393.77313743636097	1000.0	393.77313743636097	-74.20576492363318	818.680587690917	-74.20576492363318	-74.20576492363318	-107.11364738544978	148.41152984726637	-393.77313743636097	74.20576492363318	1000.0	-1000.0	-107.11364738544995	107.11364738544978	-74.20576492363318	148.41152984726637	-148.41152984726637	-181.31941230908296	74.20576492363318	74.20576492363318	8.39	148.41152984726637	393.7731374363612
825	-73.18924987228533	292.75699948914126	73.18924987228533	73.18924987228533	-58.15458439762221	73.18924987228533	1000.0	392.92604156023776	58.15458439762221	-73.18924987228533	292.75699948914126	73.18924987228533	-73.18924987228533	178.7781246807133	-1000.0	-146.37849974457066	292.75699948914126	73.18924987228533	-73.18924987228533	392.92604156023776	1000.0	392.92604156023776	-73.18924987228533	821.2218753192867	-73.18924987228533	-73.18924987228533	-105.58887480842793	146.37849974457063	-392.92604156023776	73.18924987228533	1000.0	-1000.0	-105.5888748084281	105.58887480842793	-73.18924987228533	146.37849974457066	-146.37849974457063	-178.7781246807133	73.18924987228533	73.18924987228533	8.39	146.37849974457066	392.92604156023776
826	-27.267379828658143	109.06951931463257	27.267379828658143	27.267379828658143	-280.13685171341854	27.267379828658143	517.9000508567087	274.3078249999999	280.13685171341854	-27.267379828658143	109.06951931463257	27.267379828658143	-27.267379828658143	305.023424143291	-1000.0	-54.534759657316286	109.06951931463257	27.267379828658143	-27.267379828658143	274.3078249999999	1000.0	274.3078249999999	-27.267379828658143	694.976575856709	-27.267379828658143	-27.267379828658143	204.3439048286584	54.534759657316286	-274.3078249999999	27.267379828658143	1000.0	-1000.0	204.34390482865865	-204.3439048286584	-27.267379828658143	54.534759657316286	-54.534759657316286	177.07652499999926	27.267379828658143	27.267379828658143	8.39	54.534759657316286	274.30782500000004
827	0.0	0.0	0.0	0.0	-554.6693509659939	0.0	659.8130528979816	275.237175482997	554.6693509659939	0.0	0.0	0.0	0.0	165.89847355100918	-1000.0	0.0	0.0	0.0	0.0	275.237175482997	1000.0	275.237175482997	0.0	834.1015264489909	0.0	0.0	174.2884735510092	0.0	-275.237175482997	0.0	1000.0	-1000.0	174.28847355100925	-174.2884735510092	0.0	0.0	0.0	174.28847355100916	0.0	0.0	8.39	0.0	275.23717548299686
828	0.0	0.0	0.0	0.0	-656.7270052378092	0.0	965.9860157134273	326.26600261890457	656.7270052378092	0.0	0.0	0.0	0.0	12.811992143286375	-1000.0	0.0	0.0	0.0	0.0	326.26600261890457	1000.0	326.26600261890457	0.0	987.1880078567136	0.0	0.0	21.201992143286375	0.0	-326.26600261890457	0.0	1000.0	-1000.0	21.201992143286418	-21.201992143286375	0.0	0.0	0.0	21.20199214328636	0.0	0.0	8.39	0.0	326.26600261890445
829	-76.24085776846005	304.9634310738402	76.24085776846005	76.24085776846005	209.59792768460017	76.24085776846005	273.0326611577002	274.30782500000015	-209.59792768460017	-76.24085776846005	304.9634310738402	76.24085776846005	-76.24085776846005	549.8908138423	-1000.0	-152.4817155369201	304.9634310738402	76.24085776846005	-76.24085776846005	274.30782500000015	1000.0	274.30782500000015	-76.24085776846005	450.10918615770004	-76.24085776846005	-76.24085776846005	253.31738276845977	152.4817155369201	-274.30782500000015	76.24085776846005	1000.0	-999.9999999999999	253.31738276845994	-253.31738276845977	-76.24085776846005	152.4817155369201	-152.4817155369201	177.07652499999926	76.24085776846005	76.24085776846005	8.39	152.4817155369201	274.30782500000004
830	-159.46488060666817	637.8595224266727	159.46488060666817	159.46488060666817	1000.0	159.46488060666817	-17.572984833294765	295.22690303334105	-1000.0	-159.46488060666817	637.8595224266727	159.46488060666817	-159.46488060666817	903.2536939333178	-1000.0	-318.92976121333635	637.8595224266727	159.46488060666817	-159.46488060666817	295.22690303334105	1000.0	295.22690303334105	-159.46488060666817	96.74630606668222	-159.46488060666817	-159.46488060666817	273.78417150664507	318.92976121333635	-295.22690303334105	159.46488060666817	1000.0	-999.9999999999999	273.7841715066449	-273.78417150664507	-159.46488060666817	318.92976121333635	-318.92976121333635	114.31929089997698	159.46488060666817	159.46488060666817	8.39	318.92976121333635	295.22690303334105
831	-157.65925939431443	630.6370375772577	157.65925939431443	157.65925939431443	1000.0	157.65925939431443	0.0	286.19879697157234	-1000.0	-157.65925939431443	630.6370375772577	157.65925939431443	-157.65925939431443	858.596390914717	-937.2864848578618	-315.31851878862886	630.6370375772577	157.65925939431443	-157.65925939431443	286.19879697157234	937.2864848578618	286.19879697157234	-157.65925939431443	78.6900939431448	-157.65925939431443	-157.65925939431443	236.3493533374591	315.31851878862886	-286.19879697157234	157.65925939431443	937.2864848578618	-937.2864848578618	236.34935333745835	-236.3493533374591	-157.65925939431443	315.31851878862886	-315.31851878862886	78.6900939431448	157.65925939431443	157.65925939431443	8.39	315.31851878862886	286.1987969715724
832	-51.15979831248422	204.63919324993688	51.15979831248422	51.15979831248422	-41.21266687515788	51.15979831248422	398.43795843757914	274.30782500000004	41.21266687515788	-51.15979831248422	204.63919324993688	51.15979831248422	-51.15979831248422	424.48551656242097	-1000.0	-102.31959662496844	204.63919324993688	51.15979831248422	-51.15979831248422	274.30782500000004	1000.0	274.30782500000004	-51.15979831248422	575.514483437579	-51.15979831248422	-51.15979831248422	228.23632331248407	102.31959662496844	-274.30782500000004	51.15979831248422	1000.0	-1000.0	228.23632331248405	-228.23632331248407	-51.15979831248422	102.31959662496844	-102.31959662496844	177.07652499999926	51.15979831248422	51.15979831248422	8.39	102.31959662496844	274.30782500000004
833	-58.941762438923206	235.76704975569282	58.941762438923206	58.941762438923206	36.60697438923205	58.941762438923206	822.923475	274.30782500000004	-36.60697438923205	-58.941762438923206	235.76704975569282	58.941762438923206	-58.941762438923206	0.0	-536.604662805384	-117.88352487784641	235.76704975569282	58.941762438923206	-58.941762438923206	274.30782500000004	536.604662805384	274.30782500000004	-58.941762438923206	536.604662805384	-58.941762438923206	-58.941762438923206	-227.37704975569284	117.88352487784641	-274.30782500000004	58.941762438923206	536.604662805384	-536.604662805384	-227.3770497556929	227.37704975569284	-58.941762438923206	117.88352487784641	-117.88352487784641	-286.31881219461604	58.941762438923206	58.941762438923206	8.39	117.88352487784641	274.30782500000004
834	-101.15669488154947	404.6267795261979	101.15669488154947	101.15669488154947	273.26748556112864	101.15669488154947	704.9199153553516	367.0522316271831	-273.26748556112864	-101.15669488154947	404.6267795261979	101.15669488154947	-101.15669488154947	396.2367795261979	-1000.0	-202.31338976309894	404.6267795261979	101.15669488154947	-101.15669488154947	367.0522316271831	1000.0	367.0522316271831	-101.15669488154947	603.7632204738021	-101.15669488154947	-101.15669488154947	0.0	202.31338976309894	-367.0522316271831	101.15669488154947	1000.0	-1000.0	0.0	0.0	-101.15669488154947	202.31338976309894	-202.31338976309894	-101.15669488154947	101.15669488154947	101.15669488154947	8.39	202.31338976309894	367.05223162718335
835	-155.28106500000004	621.1242600000002	155.28106500000004	155.28106500000004	1000.0	155.28106500000004	677.1641660464668	274.30782500000015	-1000.0	-155.28106500000004	621.1242600000002	155.28106500000004	-155.28106500000004	145.75930895353355	-200.66745895353375	-310.5621300000001	621.1242600000002	155.28106500000004	-155.28106500000004	274.30782500000015	200.66745895353375	274.30782500000015	-155.28106500000004	54.908150000000205	-155.28106500000004	-155.28106500000004	-466.9749510464666	310.5621300000001	-274.30782500000015	155.28106500000004	200.66745895353375	-200.6674589535337	-466.97495104646583	466.9749510464666	-155.28106500000004	310.5621300000001	-310.5621300000001	-622.2560160464666	155.28106500000004	155.28106500000004	8.39	310.5621300000001	274.30782500000004
836	-155.281065	621.12426	155.281065	155.281065	1000.0	155.281065	647.6545515408679	274.30782500000004	-1000.0	-155.281065	621.12426	155.281065	-155.281065	175.2689234591322	-230.17707345913232	-310.56213	621.12426	155.281065	-155.281065	274.30782500000004	230.17707345913232	274.30782500000004	-155.281065	54.90815000000009	-155.281065	-155.281065	-437.46533654086784	310.56213	-274.30782500000004	155.281065	230.17707345913232	-230.17707345913234	-437.46533654086755	437.46533654086784	-155.281065	310.56213	-310.56213	-592.7464015408679	155.281065	155.281065	8.39	310.56213	274.30782500000004
837	-169.71970886346173	678.8788354538469	169.71970886346173	169.71970886346173	1000.0	169.71970886346173	369.01429749807915	346.5010443173087	-1000.0	-169.71970886346173	678.8788354538469	169.71970886346173	-169.71970886346173	670.488835453847	-869.7834240884644	-339.43941772692347	678.8788354538469	169.71970886346173	-169.71970886346173	346.5010443173087	869.7834240884644	346.5010443173087	-169.71970886346173	199.2945886346174	-169.71970886346173	-169.71970886346173	0.0	339.43941772692347	-346.5010443173087	169.71970886346173	869.7834240884644	-869.7834240884645	0.0	0.0	-169.71970886346173	339.43941772692347	-339.43941772692347	-169.71970886346173	169.71970886346173	169.71970886346173	8.39	339.43941772692347	346.5010443173086
838	-79.60319798285587	318.4127919314235	79.60319798285587	79.60319798285587	0.0	79.60319798285587	985.8849495713965	395.91848991427923	0.0	-79.60319798285587	318.4127919314235	79.60319798285587	-79.60319798285587	201.87052017144143	-1000.0	-159.20639596571175	318.4127919314235	79.60319798285587	-79.60319798285587	395.91848991427923	1000.0	395.91848991427923	-79.60319798285587	798.1294798285586	-79.60319798285587	-79.60319798285587	-108.15227175998209	159.20639596571175	-395.91848991427923	79.60319798285587	1000.0	-1000.0	-108.15227175998211	108.15227175998209	-79.60319798285587	159.20639596571175	-159.20639596571175	-187.75546974283796	79.60319798285587	79.60319798285587	8.39	159.20639596571175	395.91848991427923
839	-125.17535694030029	500.70142776120116	125.17535694030032	125.17535694030029	698.9429194030026	125.17535694030029	822.9234749999999	274.30782500000004	-698.9429194030026	-125.17535694030032	500.70142776120116	125.17535694030029	-125.17535694030032	0.0	-205.43669029849855	-250.35071388060058	500.70142776120116	125.17535694030029	-125.17535694030029	274.30782500000004	205.43669029849855	274.30782500000004	-125.17535694030029	205.43669029849855	-125.17535694030029	-125.17535694030032	-492.3114277612011	250.35071388060058	-274.30782500000004	125.17535694030032	205.43669029849855	-205.43669029849855	-492.31142776120043	492.3114277612011	-125.17535694030029	250.35071388060058	-250.35071388060058	-617.4867847015014	125.17535694030032	125.17535694030029	8.39	250.35071388060058	274.30782500000004
840	-55.28106500000001	221.12426000000005	55.28106500000001	55.28106500000001	0.0	55.28106500000001	633.366999398063	274.30782500000004	0.0	-55.28106500000001	221.12426000000005	55.28106500000001	-55.28106500000001	189.55647560193722	-744.4646256019373	-110.56213000000002	221.12426000000005	55.28106500000001	-55.28106500000001	274.30782500000004	744.4646256019373	274.30782500000004	-55.28106500000001	554.9081500000001	-55.28106500000001	-55.28106500000001	-23.17778439806284	110.56213000000002	-274.30782500000004	55.28106500000001	744.4646256019373	-744.4646256019372	-23.177784398062784	23.17778439806284	-55.28106500000001	110.56213000000002	-110.56213000000002	-78.45884939806285	55.28106500000001	55.28106500000001	8.39	110.56213000000002	274.30782500000004
841	-181.4076819550843	725.6307278203373	181.4076819550843	181.4076819550843	843.6656829590357	181.4076819550843	1000.0	483.10806829590365	-843.6656829590357	-181.4076819550843	725.6307278203373	181.4076819550843	-181.4076819550843	449.3242048877108	-1000.0	-362.8153639101686	725.6307278203373	181.4076819550843	-181.4076819550843	483.10806829590365	1000.0	483.10806829590365	-181.4076819550843	550.6757951122893	-181.4076819550843	-181.4076819550843	-267.91652293262655	362.8153639101686	-483.10806829590365	181.4076819550843	1000.0	-1000.0	-267.91652293262626	267.91652293262655	-181.4076819550843	362.8153639101686	-362.8153639101686	-449.3242048877108	181.4076819550843	181.4076819550843	8.39	362.8153639101686	483.1080682959037
842	-64.31607222241513	257.2642888896605	64.31607222241513	64.31607222241513	0.0	64.31607222241513	958.4485833362272	319.48286111207574	0.0	-64.31607222241513	257.2642888896605	64.31607222241513	-64.31607222241513	0.0	-645.2582222241515	-128.63214444483026	257.2642888896605	64.31607222241513	-64.31607222241513	319.48286111207574	645.2582222241515	319.48286111207574	-64.31607222241513	645.2582222241515	-64.31607222241513	-64.31607222241513	-248.87428888966053	128.63214444483026	-319.48286111207574	64.31607222241513	645.2582222241515	-645.2582222241515	-248.87428888966076	248.87428888966053	-64.31607222241513	128.63214444483026	-128.63214444483026	-313.19036111207566	64.31607222241513	64.31607222241513	8.39	128.63214444483026	319.4828611120757
843	-164.9878983719268	659.9515934877073	164.98789837192683	164.9878983719268	979.0173170526016	164.98789837192683	1000.0	333.3333333333333	-979.0173170526016	-164.98789837192683	659.9515934877073	164.98789837192683	-164.98789837192683	0.0	-183.45050814036586	-329.97579674385366	659.9515934877073	164.98789837192683	-164.98789837192683	333.3333333333333	183.45050814036586	333.3333333333333	-164.98789837192683	183.45050814036586	-164.9878983719268	-164.98789837192683	-651.5615934877073	329.97579674385366	-333.3333333333333	164.98789837192683	183.45050814036586	-183.45050814036586	-651.561593487708	651.5615934877073	-164.98789837192683	329.97579674385366	-329.97579674385366	-816.5494918596341	164.98789837192683	164.98789837192683	8.39	329.97579674385366	333.33333333333337
844	-166.5229495673868	666.0917982695474	166.52294956738683	166.5229495673868	1000.0	166.52294956738683	991.5517435108026	330.5172478369342	-1000.0	-166.52294956738683	666.0917982695474	166.52294956738683	-166.52294956738683	0.0	-167.32699567386828	-333.04589913477366	666.0917982695474	166.52294956738683	-166.52294956738683	330.5172478369342	167.32699567386828	330.5172478369342	-166.52294956738683	167.32699567386828	-166.5229495673868	-166.52294956738683	-657.7017982695476	333.0458991347737	-330.5172478369342	166.52294956738683	167.32699567386828	-167.32699567386828	-657.7017982695472	657.7017982695476	-166.52294956738683	333.04589913477366	-333.0458991347737	-824.2247478369343	166.52294956738683	166.52294956738683	8.39	333.04589913477366	330.5172478369342
845	-189.73856402317057	758.9542560926823	189.73856402317057	189.73856402317057	1000.0	189.73856402317057	1000.0	446.5953201158534	-1000.0	-189.73856402317057	758.9542560926823	189.73856402317057	-189.73856402317057	339.7859603475579	-739.2691005792644	-379.47712804634114	758.9542560926823	189.73856402317057	-189.73856402317057	446.5953201158534	739.2691005792644	446.5953201158534	-189.73856402317057	399.48314023170656	-189.73856402317057	-189.73856402317057	-410.7782957451244	379.47712804634114	-446.5953201158534	189.73856402317057	739.2691005792644	-739.2691005792644	-410.77829574512464	410.7782957451244	-189.73856402317057	379.47712804634114	-379.47712804634114	-600.5168597682934	189.73856402317057	189.73856402317057	8.39	379.47712804634114	446.59532011585185
846	-181.43303572105773	725.7321428842309	181.43303572105773	181.43303572105773	1000.0	181.43303572105773	531.6308930264439	405.0676786052888	-1000.0	-181.43303572105773	725.7321428842309	181.43303572105773	-181.43303572105773	683.5721427894224	-1000.0	-362.86607144211547	725.7321428842309	181.43303572105773	-181.43303572105773	405.0676786052888	1000.0	405.0676786052888	-181.43303572105773	316.4278572105776	-181.43303572105773	-181.43303572105773	-33.77000009480855	362.86607144211547	-405.0676786052888	181.43303572105773	1000.0	-999.9999999999999	-33.77000009480918	33.77000009480855	-181.43303572105773	362.86607144211547	-362.86607144211547	-215.2030358158663	181.43303572105773	181.43303572105773	8.39	362.86607144211547	405.0676786052887
847	-195.59538714342554	782.3815485737022	195.5953871434255	195.59538714342554	1000.0	195.5953871434255	885.6896785856383	475.8794357171277	-1000.0	-195.5953871434255	782.3815485737022	195.5953871434255	-195.5953871434255	541.9486285657447	-1000.0	-391.190774286851	782.3815485737022	195.5953871434255	-195.5953871434255	475.8794357171277	1000.0	475.8794357171277	-195.5953871434255	458.0513714342553	-195.59538714342554	-195.5953871434255	-232.0429200079576	391.1907742868511	-475.8794357171277	195.5953871434255	1000.0	-1000.0	-232.04292000795732	232.0429200079576	-195.5953871434255	391.190774286851	-391.1907742868511	-427.63830715138295	195.5953871434255	195.5953871434255	8.39	391.190774286851	475.8794357171276
848	-141.3356750358184	565.3427001432736	141.3356750358184	141.3356750358184	860.5461003581844	141.3356750358184	265.9707748567266	274.3078250000001	-860.5461003581844	-141.3356750358184	565.3427001432736	141.3356750358184	-141.3356750358184	556.9527001432737	-681.5877999641818	-282.6713500716368	565.3427001432736	141.3356750358184	-141.3356750358184	274.3078250000001	681.5877999641818	274.3078250000001	-141.3356750358184	124.63509982090818	-141.3356750358184	-141.3356750358184	0.0	282.6713500716368	-274.3078250000001	141.3356750358184	681.5877999641818	-681.5877999641818	0.0	0.0	-141.3356750358184	282.6713500716368	-282.6713500716368	-141.33567503581844	141.3356750358184	141.3356750358184	8.39	282.6713500716368	274.30782500000004
849	0.0	0.0	0.0	0.0	-566.3899096231589	0.0	843.2923644347384	281.09745481157944	566.3899096231589	0.0	0.0	0.0	0.0	0.0	-851.6823644347385	0.0	0.0	0.0	0.0	281.09745481157944	851.6823644347385	281.09745481157944	0.0	851.6823644347385	0.0	0.0	8.39	0.0	-281.09745481157944	0.0	851.6823644347385	-851.6823644347385	8.389999999999986	-8.39	0.0	0.0	0.0	8.389999999999986	0.0	0.0	8.39	0.0	281.09745481157955
850	-185.8289526215502	743.3158104862008	185.8289526215502	185.8289526215502	1000.0	185.8289526215502	641.528815538755	427.04726310775106	-1000.0	-185.8289526215502	743.3158104862008	185.8289526215502	-185.8289526215502	639.612973784498	-1000.0	-371.6579052431004	743.3158104862008	185.8289526215502	-185.8289526215502	427.04726310775106	1000.0	427.04726310775106	-185.8289526215502	360.38702621550203	-185.8289526215502	-185.8289526215502	-95.31283670170285	371.6579052431004	-427.04726310775106	185.8289526215502	1000.0	-1000.0	-95.31283670170319	95.31283670170285	-185.8289526215502	371.6579052431004	-371.6579052431004	-281.14178932325297	185.8289526215502	185.8289526215502	8.39	371.6579052431004	427.0472631077507
851	-97.3231663932696	389.2926655730784	97.3231663932696	97.3231663932696	237.48788633718306	97.3231663932696	716.4205008201913	365.77438879775656	-237.48788633718306	-97.3231663932696	389.2926655730784	97.3231663932696	-97.3231663932696	380.90266557307837	-1000.0	-194.6463327865392	389.2926655730784	97.3231663932696	-97.3231663932696	365.77438879775656	1000.0	365.77438879775656	-97.3231663932696	619.0973344269216	-97.3231663932696	-97.3231663932696	0.0	194.6463327865392	-365.77438879775656	97.3231663932696	1000.0	-1000.0	0.0	0.0	-97.3231663932696	194.6463327865392	-194.6463327865392	-97.32316639326962	97.3231663932696	97.3231663932696	8.39	194.6463327865392	365.77438879775667
852	-36.399513974873386	145.59805589949354	36.399513974873386	36.399513974873386	-331.1328695678484	36.399513974873386	899.1914580753798	345.46650465829117	331.1328695678484	-36.399513974873386	145.59805589949354	36.399513974873386	-36.399513974873386	137.20805589949356	-1000.0	-72.79902794974677	145.59805589949354	36.399513974873386	-36.399513974873386	345.46650465829117	1000.0	345.46650465829117	-36.399513974873386	862.7919441005065	-36.399513974873386	-36.399513974873386	0.0	72.79902794974677	-345.46650465829117	36.399513974873386	1000.0	-1000.0	0.0	0.0	-36.399513974873386	72.79902794974677	-72.79902794974677	-36.399513974873386	36.399513974873386	36.399513974873386	8.39	72.79902794974677	345.46650465829106
853	0.0	0.0	0.0	0.0	-552.8106499999998	0.0	676.72068878559	274.3078249999999	552.8106499999998	0.0	0.0	0.0	0.0	146.20278621440977	-977.5162612144096	0.0	0.0	0.0	0.0	274.3078249999999	977.5162612144096	274.3078249999999	0.0	831.3134749999998	0.0	0.0	154.59278621440978	0.0	-274.3078249999999	0.0	977.5162612144096	-977.5162612144096	154.5927862144094	-154.59278621440978	0.0	0.0	0.0	154.59278621440976	0.0	0.0	8.39	0.0	274.30782500000004
854	-81.49691465976792	325.9876586390717	81.49691465976792	81.49691465976792	262.1584965976792	81.49691465976792	423.8289017011605	274.30782500000004	-262.1584965976792	-81.49691465976792	325.9876586390717	81.49691465976792	-81.49691465976792	399.09457329883963	-822.923475	-162.99382931953585	325.9876586390717	81.49691465976792	-81.49691465976792	274.30782500000004	822.923475	274.30782500000004	-81.49691465976792	423.8289017011605	-81.49691465976792	-81.49691465976792	81.49691465976792	162.99382931953585	-274.30782500000004	81.49691465976792	822.923475	-822.923475	81.49691465976792	-81.49691465976792	-81.49691465976792	162.99382931953585	-162.99382931953585	0.0	81.49691465976792	81.49691465976792	8.39	162.99382931953585	274.30782500000004
855	-57.3883235075514	229.5532940302056	57.3883235075514	57.3883235075514	0.0	57.3883235075514	575.980735075514	284.844117537757	0.0	-57.3883235075514	229.5532940302056	57.3883235075514	-57.3883235075514	278.551617537757	-854.532352613271	-114.7766470151028	229.5532940302056	57.3883235075514	-57.3883235075514	284.844117537757	854.532352613271	284.844117537757	-57.3883235075514	575.980735075514	-57.3883235075514	-57.3883235075514	57.388323507551405	114.7766470151028	-284.844117537757	57.3883235075514	854.532352613271	-854.532352613271	57.38832350755143	-57.388323507551405	-57.3883235075514	114.7766470151028	-114.7766470151028	0.0	57.3883235075514	57.3883235075514	8.39	114.7766470151028	284.84411753775703
856	-144.7425587396491	578.9702349585964	144.7425587396491	144.7425587396491	894.6149373964913	144.7425587396491	-69.47584369824631	274.3078249999999	-894.6149373964913	-144.7425587396491	578.9702349585964	144.7425587396491	-144.7425587396491	892.3993186982459	-1000.0	-289.4851174792982	578.9702349585964	144.7425587396491	-144.7425587396491	274.3078249999999	1000.0	274.3078249999999	-144.7425587396491	107.6006813017541	-144.7425587396491	-144.7425587396491	321.8190837396495	289.4851174792982	-274.3078249999999	144.7425587396491	1000.0	-1000.0	321.81908373964933	-321.8190837396495	-144.7425587396491	289.4851174792982	-289.4851174792982	177.07652499999926	144.7425587396491	144.7425587396491	8.39	289.4851174792982	274.30782500000004
857	-28.620972071661246	114.48388828664498	28.620972071661246	28.620972071661246	-403.7325939978284	28.620972071661246	922.5270837850163	342.87365735722045	403.7325939978284	-28.620972071661246	114.48388828664498	28.620972071661246	-28.620972071661246	106.09388828664498	-1000.0	-57.24194414332249	114.48388828664498	28.620972071661246	-28.620972071661246	342.87365735722045	1000.0	342.87365735722045	-28.620972071661246	893.906111713355	-28.620972071661246	-28.620972071661246	0.0	57.24194414332249	-342.87365735722045	28.620972071661246	1000.0	-1000.0	0.0	0.0	-28.620972071661246	57.24194414332249	-57.24194414332249	-28.6209720716613	28.620972071661246	28.620972071661246	8.39	57.24194414332249	342.87365735722034
858	-70.2272576413605	280.909030565442	70.2272576413605	70.2272576413605	0.0	70.2272576413605	751.4864410340124	349.0387882068024	0.0	-70.2272576413605	280.909030565442	70.2272576413605	-70.2272576413605	295.6299235863951	-1000.0	-140.454515282721	280.909030565442	70.2272576413605	-70.2272576413605	349.0387882068024	1000.0	349.0387882068024	-70.2272576413605	704.3700764136049	-70.2272576413605	-70.2272576413605	23.110893020953085	140.454515282721	-349.0387882068024	70.2272576413605	1000.0	-1000.0	23.110893020953085	-23.110893020953085	-70.2272576413605	140.454515282721	-140.454515282721	-47.11636462040747	70.2272576413605	70.2272576413605	8.39	140.454515282721	349.0387882068025
859	-105.41562353507956	421.66249414031824	105.41562353507956	105.41562353507956	313.0174863274092	105.41562353507956	692.1431293947614	368.47187451169316	-313.0174863274092	-105.41562353507956	421.66249414031824	105.41562353507956	-105.41562353507956	413.2724941403182	-1000.0	-210.83124707015912	421.66249414031824	105.41562353507956	-105.41562353507956	368.47187451169316	1000.0	368.47187451169316	-105.41562353507956	586.7275058596817	-105.41562353507956	-105.41562353507956	0.0	210.83124707015912	-368.47187451169316	105.41562353507956	1000.0	-1000.0	0.0	0.0	-105.41562353507956	210.83124707015912	-210.83124707015912	-105.4156235350797	105.41562353507956	105.41562353507956	8.39	210.83124707015912	368.4718745116932
860	-150.67149628263732	602.6859851305494	150.67149628263732	150.67149628263732	735.4056319712821	150.67149628263732	556.3755111520877	383.5571654275457	-735.4056319712821	-150.67149628263732	602.6859851305494	150.67149628263732	-150.67149628263732	594.2959851305495	-1000.0	-301.34299256527464	602.6859851305494	150.67149628263732	-150.67149628263732	383.5571654275457	1000.0	383.5571654275457	-150.67149628263732	405.7040148694505	-150.67149628263732	-150.67149628263732	0.0	301.3429925652747	-383.5571654275457	150.67149628263732	1000.0	-1000.0	0.0	0.0	-150.67149628263732	301.34299256527464	-301.3429925652747	-150.67149628263724	150.67149628263732	150.67149628263732	8.39	301.34299256527464	383.55716542754584
861	-164.02056927495374	656.082277099815	164.02056927495374	164.02056927495374	1000.0	164.02056927495374	96.3192318738437	318.0053463747687	-1000.0	-164.02056927495374	656.082277099815	164.02056927495374	-164.02056927495374	857.6968072504625	-1000.0	-328.0411385499075	656.082277099815	164.02056927495374	-164.02056927495374	318.0053463747687	1000.0	318.0053463747687	-164.02056927495374	142.30319274953752	-164.02056927495374	-164.02056927495374	210.00453015064755	328.0411385499075	-318.0053463747687	164.02056927495374	1000.0	-1000.0	210.00453015064673	-210.00453015064755	-164.02056927495374	328.0411385499075	-328.0411385499075	45.98396087569381	164.02056927495374	164.02056927495374	8.39	328.0411385499075	318.0053463747688
862	-190.77460139054588	763.0984055621836	190.77460139054588	190.77460139054588	1000.0	190.77460139054588	765.1700347636481	451.7755069527296	-1000.0	-190.77460139054588	763.0984055621836	190.77460139054588	-190.77460139054588	590.1564860945407	-1000.0	-381.54920278109176	763.0984055621836	190.77460139054588	-190.77460139054588	451.7755069527296	1000.0	451.7755069527296	-190.77460139054588	409.8435139054593	-190.77460139054588	-190.77460139054588	-164.55191946764307	381.5492027810918	-451.7755069527296	190.77460139054588	1000.0	-1000.0	-164.55191946764234	164.55191946764307	-190.77460139054588	381.54920278109176	-381.5492027810918	-355.3265208581888	190.77460139054588	190.77460139054588	8.39	381.54920278109176	451.77550695272964
863	-174.47836904490416	697.9134761796165	174.47836904490416	174.47836904490416	1000.0	174.47836904490416	357.7642261226035	370.29434522452067	-1000.0	-174.47836904490416	697.9134761796165	174.47836904490416	-174.47836904490416	753.1188095509586	-1000.0	-348.9567380898083	697.9134761796165	174.47836904490416	-174.47836904490416	370.29434522452067	1000.0	370.29434522452067	-174.47836904490416	246.88119044904136	-174.47836904490416	-174.47836904490416	63.595333371342235	348.95673808980825	-370.29434522452067	174.47836904490416	1000.0	-1000.0	63.59533337134229	-63.595333371342235	-174.47836904490416	348.9567380898083	-348.95673808980825	-110.88303567356212	174.47836904490416	174.47836904490416	8.39	348.9567380898083	370.29434522452055
864	-155.28106500000004	621.1242600000002	155.28106500000004	155.28106500000004	1000.0	155.28106500000004	327.296837210366	274.30782500000015	-1000.0	-155.28106500000004	621.1242600000002	155.28106500000004	-155.28106500000004	495.62663778963463	-550.534787789635	-310.5621300000001	621.1242600000002	155.28106500000004	-155.28106500000004	274.30782500000015	550.534787789635	274.30782500000015	-155.28106500000004	54.90815000000032	-155.28106500000004	-155.28106500000004	-117.10762221036555	310.5621300000001	-274.30782500000015	155.28106500000004	550.534787789635	-550.534787789635	-117.10762221036566	117.10762221036555	-155.28106500000004	310.5621300000001	-310.5621300000001	-272.3886872103657	155.28106500000004	155.28106500000004	8.39	310.5621300000001	274.30782500000004
865	-160.9210120618096	643.6840482472384	160.9210120618096	160.9210120618096	1000.0	160.9210120618096	272.22863267990533	302.5075603090479	-1000.0	-160.9210120618096	643.6840482472384	160.9210120618096	-160.9210120618096	635.2940482472384	-746.6016688653341	-321.8420241236192	643.6840482472384	160.9210120618096	-160.9210120618096	302.5075603090479	746.6016688653341	302.5075603090479	-160.9210120618096	111.30762061809571	-160.9210120618096	-160.9210120618096	0.0	321.8420241236192	-302.5075603090479	160.9210120618096	746.6016688653341	-746.6016688653341	0.0	0.0	-160.9210120618096	321.8420241236192	-321.8420241236192	-160.92101206180962	160.9210120618096	160.9210120618096	8.39	321.8420241236192	302.5075603090478
866	-155.281065	621.12426	155.281065	155.281065	1000.0	155.281065	759.5155975039658	274.30782500000004	-1000.0	-155.281065	621.12426	155.281065	-155.281065	63.407877496034445	-118.31602749603451	-310.56213	621.12426	155.281065	-155.281065	274.30782500000004	118.31602749603451	274.30782500000004	-155.281065	54.90815000000006	-155.281065	-155.281065	-549.3263825039656	310.56213	-274.30782500000004	155.281065	118.31602749603451	-118.31602749603451	-549.3263825039655	549.3263825039656	-155.281065	310.56213	-310.56213	-704.6074475039657	155.281065	155.281065	8.39	310.56213	274.30782500000004
867	-155.28106500000004	621.1242600000002	155.28106500000004	155.28106500000004	1000.0	155.28106500000004	322.6803981299429	274.30782500000015	-1000.0	-155.28106500000004	621.1242600000002	155.28106500000004	-155.28106500000004	500.24307687005756	-555.1512268700578	-310.5621300000001	621.1242600000002	155.28106500000004	-155.28106500000004	274.30782500000015	555.1512268700578	274.30782500000015	-155.28106500000004	54.90815000000026	-155.28106500000004	-155.28106500000004	-112.49118312994267	310.5621300000001	-274.30782500000015	155.28106500000004	555.1512268700578	-555.1512268700578	-112.49118312994227	112.49118312994267	-155.28106500000004	310.5621300000001	-310.5621300000001	-267.7722481299426	155.28106500000004	155.28106500000004	8.39	310.5621300000001	274.30782500000004
868	-161.35978953311164	645.4391581324466	161.35978953311164	161.35978953311164	1000.0	161.35978953311164	277.0551848642282	304.70144766555825	-1000.0	-161.35978953311164	645.4391581324466	161.35978953311164	-161.35978953311164	637.0491581324466	-752.7445534635631	-322.7195790662233	645.4391581324466	161.35978953311164	-161.35978953311164	304.70144766555825	752.7445534635631	304.70144766555825	-161.35978953311164	115.69539533111652	-161.35978953311164	-161.35978953311164	0.0	322.7195790662233	-304.70144766555825	161.35978953311164	752.7445534635631	-752.7445534635631	0.0	0.0	-161.35978953311164	322.7195790662233	-322.7195790662233	-161.35978953311167	161.35978953311164	161.35978953311164	8.39	322.7195790662233	304.7014476655581
869	-118.62707928918257	474.5083171567303	118.62707928918257	118.62707928918257	633.4601428918256	118.62707928918257	356.80515784326974	274.30782500000004	-633.4601428918256	-118.62707928918257	474.5083171567303	118.62707928918257	-118.62707928918257	466.1183171567303	-704.2963957108175	-237.25415857836515	474.5083171567303	118.62707928918257	-118.62707928918257	274.30782500000004	704.2963957108175	274.30782500000004	-118.62707928918257	238.17807855408716	-118.62707928918257	-118.62707928918257	0.0	237.25415857836515	-274.30782500000004	118.62707928918257	704.2963957108175	-704.2963957108175	0.0	0.0	-118.62707928918257	237.25415857836515	-237.25415857836515	-118.62707928918257	118.62707928918257	118.62707928918257	8.39	237.25415857836515	274.30782500000004
870	-106.84292451506259	427.37169806025037	106.84292451506259	106.84292451506259	515.618595150626	106.84292451506259	403.9417769397497	274.30782500000004	-515.618595150626	-106.84292451506259	427.37169806025037	106.84292451506259	-106.84292451506259	418.9816980602504	-716.0805504849375	-213.68584903012518	427.37169806025037	106.84292451506259	-106.84292451506259	274.30782500000004	716.0805504849375	274.30782500000004	-106.84292451506259	297.0988524246871	-106.84292451506259	-106.84292451506259	0.0	213.68584903012518	-274.30782500000004	106.84292451506259	716.0805504849375	-716.0805504849375	0.0	0.0	-106.84292451506259	213.68584903012518	-213.68584903012518	-106.84292451506258	106.84292451506259	106.84292451506259	8.39	213.68584903012518	274.30782500000004
871	-119.00092500367404	476.0037000146962	119.00092500367403	119.00092500367404	519.1475833700742	119.00092500367404	1000.0	333.33333333333337	-519.1475833700742	-119.00092500367403	476.0037000146962	119.00092500367404	-119.00092500367403	0.0	-413.38537498162975	-238.0018500073481	476.0037000146962	119.00092500367404	-119.00092500367404	333.33333333333337	413.38537498162975	333.33333333333337	-119.00092500367404	413.38537498162975	-119.00092500367404	-119.00092500367403	-467.61370001469624	238.0018500073481	-333.33333333333337	119.00092500367403	413.38537498162975	-413.38537498162975	-467.61370001469777	467.61370001469624	-119.00092500367404	238.0018500073481	-238.0018500073481	-586.6146250183702	119.00092500367403	119.00092500367404	8.39	238.0018500073481	333.33333333333337
872	-21.542041424029392	86.16816569611758	21.542041424029392	21.542041424029392	-455.4412524263727	21.542041424029392	1000.0	333.3333333333333	455.4412524263727	-21.542041424029392	86.16816569611758	21.542041424029392	-21.542041424029392	0.0	-900.6797928798529	-43.084082848058785	86.16816569611758	21.542041424029392	-21.542041424029392	333.3333333333333	900.6797928798529	333.3333333333333	-21.542041424029392	900.6797928798529	-21.542041424029392	-21.542041424029392	-77.7781656961176	43.08408284805879	-333.3333333333333	21.542041424029392	900.6797928798529	-900.6797928798529	-77.77816569611761	77.7781656961176	-21.542041424029392	43.084082848058785	-43.08408284805879	-99.32020712014707	21.542041424029392	21.542041424029392	8.39	43.084082848058785	333.3333333333332
873	-24.781255548135327	99.12502219254131	24.781255548135327	24.781255548135327	-304.99809451864655	24.781255548135327	822.9234749999999	274.307825	304.99809451864655	-24.781255548135327	99.12502219254131	24.781255548135327	-24.781255548135327	0.0	-707.4071972593233	-49.562511096270654	99.12502219254131	24.781255548135327	-24.781255548135327	274.307825	707.4071972593233	274.307825	-24.781255548135327	707.4071972593233	-24.781255548135327	-24.781255548135327	-90.73502219254131	49.562511096270654	-274.307825	24.781255548135327	707.4071972593233	-707.4071972593233	-90.73502219254146	90.73502219254131	-24.781255548135327	49.562511096270654	-49.562511096270654	-115.51627774067663	24.781255548135327	24.781255548135327	8.39	49.562511096270654	274.30782500000004
874	-65.05782344382462	260.23129377529847	65.05782344382462	65.05782344382462	0.0	65.05782344382462	969.5748516573694	323.19161721912315	0.0	-65.05782344382462	260.23129377529847	65.05782344382462	-65.05782344382462	0.0	-652.6757344382463	-130.11564688764923	260.23129377529847	65.05782344382462	-65.05782344382462	323.19161721912315	652.6757344382463	323.19161721912315	-65.05782344382462	652.6757344382463	-65.05782344382462	-65.05782344382462	-251.84129377529848	130.11564688764923	-323.19161721912315	65.05782344382462	652.6757344382463	-652.6757344382463	-251.84129377529848	251.84129377529848	-65.05782344382462	130.11564688764923	-130.11564688764923	-316.8991172191231	65.05782344382462	65.05782344382462	8.39	130.11564688764923	323.19161721912315
875	-2.0975	8.39	2.0975	2.0975	-631.3688483363491	2.0975	972.2232725045236	324.0744241681745	631.3688483363491	-2.0975	8.39	2.0975	-2.0975	0.0	-970.1257725045235	-4.195	8.39	2.0975	-2.0975	324.0744241681745	970.1257725045235	324.0744241681745	-2.0975	970.1257725045235	-2.0975	-2.0975	0.0	4.195	-324.0744241681745	2.0975	970.1257725045235	-970.1257725045235	0.0	0.0	-2.0975	4.195	-4.195	-2.097500000000082	2.0975	2.0975	8.39	4.195	324.07442416817446
876	-60.991038684117186	243.9641547364687	60.991038684117186	60.991038684117186	0.0	60.991038684117186	908.5730802617578	302.8576934205859	0.0	-60.991038684117186	243.9641547364687	60.991038684117186	-60.991038684117186	0.0	-612.007886841172	-121.98207736823437	243.9641547364687	60.991038684117186	-60.991038684117186	302.8576934205859	612.007886841172	302.8576934205859	-60.991038684117186	612.007886841172	-60.991038684117186	-60.991038684117186	-235.57415473646867	121.98207736823436	-302.8576934205859	60.991038684117186	612.007886841172	-612.007886841172	-235.57415473646876	235.57415473646867	-60.991038684117186	121.98207736823437	-121.98207736823436	-296.56519342058584	60.991038684117186	60.991038684117186	8.39	121.98207736823437	302.85769342058603
877	-104.6457319894439	418.58292795777567	104.64573198944395	104.6457319894439	493.646669894439	104.6457319894439	822.923475	274.30782500000004	-493.646669894439	-104.64573198944395	418.58292795777567	104.6457319894439	-104.64573198944395	0.0	-308.0848150527804	-209.29146397888783	418.58292795777567	104.6457319894439	-104.6457319894439	274.30782500000004	308.0848150527804	274.30782500000004	-104.6457319894439	308.0848150527804	-104.6457319894439	-104.64573198944395	-410.1929279577757	209.29146397888783	-274.30782500000004	104.64573198944395	308.0848150527804	-308.0848150527804	-410.19292795777517	410.1929279577757	-104.6457319894439	209.29146397888783	-209.29146397888783	-514.8386599472196	104.64573198944395	104.6457319894439	8.39	209.29146397888783	274.30782500000004
878	-5.36584344451309	21.46337377805236	5.36584344451309	5.36584344451309	-623.3496379623908	5.36584344451309	1000.0	336.40653620376094	623.3496379623908	-5.36584344451309	21.46337377805236	5.36584344451309	-5.36584344451309	9.219608611282732	-1000.0	-10.73168688902618	21.46337377805236	5.36584344451309	-5.36584344451309	336.40653620376094	1000.0	336.40653620376094	-5.36584344451309	990.7803913887172	-5.36584344451309	-5.36584344451309	-3.85376516676963	10.73168688902618	-336.40653620376094	5.36584344451309	1000.0	-1000.0	-3.8537651667697244	3.85376516676963	-5.36584344451309	10.73168688902618	-10.73168688902618	-9.219608611282732	5.36584344451309	5.36584344451309	8.39	10.73168688902618	336.4065362037608
879	-72.64546338575998	290.58185354304	72.64546338575998	72.64546338575998	0.0	72.64546338575998	1000.0	361.1298169287999	0.0	-72.64546338575998	290.58185354304	72.64546338575998	-72.64546338575998	83.38945078639983	-811.9415846439997	-145.29092677151996	290.58185354304	72.64546338575998	-72.64546338575998	361.1298169287999	811.9415846439997	361.1298169287999	-72.64546338575998	728.5521338576	-72.64546338575998	-72.64546338575998	-198.80240275664022	145.29092677152	-361.1298169287999	72.64546338575998	811.9415846439997	-811.9415846439997	-198.80240275664025	198.80240275664022	-72.64546338575998	145.29092677151996	-145.29092677152	-271.4478661424	72.64546338575998	72.64546338575998	8.39	145.29092677151996	361.1298169288
880	-77.57917260330014	310.3166904132006	77.57917260330014	77.57917260330014	0.0	77.57917260330014	1000.0	385.7983630165007	0.0	-77.57917260330014	310.3166904132006	77.57917260330014	-77.57917260330014	157.39508904950196	-935.2843150825032	-155.15834520660027	310.3166904132006	77.57917260330014	-77.57917260330014	385.7983630165007	935.2843150825032	385.7983630165007	-77.57917260330014	777.8892260330011	-77.57917260330014	-77.57917260330014	-144.5316013636987	155.1583452066003	-385.7983630165007	77.57917260330014	935.2843150825032	-935.2843150825032	-144.53160136369846	144.5316013636987	-77.57917260330014	155.15834520660027	-155.1583452066003	-222.11077396699886	77.57917260330014	77.57917260330014	8.39	155.15834520660027	385.7983630165007
881	-62.7725034487322	251.0900137949289	62.7725034487322	62.7725034487322	0.0	62.7725034487322	935.2950517309832	311.7650172436611	0.0	-62.7725034487322	251.0900137949289	62.7725034487322	-62.7725034487322	0.0	-629.8225344873222	-125.5450068974644	251.0900137949289	62.7725034487322	-62.7725034487322	311.7650172436611	629.8225344873222	311.7650172436611	-62.7725034487322	629.8225344873222	-62.7725034487322	-62.7725034487322	-242.700013794929	125.54500689746445	-311.7650172436611	62.7725034487322	629.8225344873222	-629.8225344873222	-242.70001379492885	242.700013794929	-62.7725034487322	125.5450068974644	-125.54500689746445	-305.4725172436611	62.7725034487322	62.7725034487322	8.39	125.5450068974644	311.76501724366113
882	-70.81499273685091	283.2599709474036	70.8149927368509	70.81499273685091	0.0	70.8149927368509	1000.0	351.97746368425453	0.0	-70.8149927368509	283.2599709474036	70.8149927368509	-70.8149927368509	55.93239105276382	-766.1798184212731	-141.6299854737018	283.2599709474036	70.8149927368509	-70.8149927368509	351.97746368425453	766.1798184212731	351.97746368425453	-70.8149927368509	710.2474273685093	-70.81499273685091	-70.8149927368509	-218.93757989463978	141.6299854737018	-351.97746368425453	70.8149927368509	766.1798184212731	-766.1798184212731	-218.93757989464012	218.93757989463978	-70.8149927368509	141.6299854737018	-141.6299854737018	-289.7525726314907	70.8149927368509	70.8149927368509	8.39	141.6299854737018	351.97746368425476
883	-75.72915575459365	302.9166230183746	75.72915575459365	75.72915575459365	204.48090754593645	75.72915575459365	528.3968519816254	274.30782500000004	-204.48090754593645	-75.72915575459365	302.9166230183746	75.72915575459365	-75.72915575459365	294.5266230183746	-747.1943192454064	-151.4583115091873	302.9166230183746	75.72915575459365	-75.72915575459365	274.30782500000004	747.1943192454064	274.30782500000004	-75.72915575459365	452.6676962270317	-75.72915575459365	-75.72915575459365	0.0	151.4583115091873	-274.30782500000004	75.72915575459365	747.1943192454064	-747.1943192454064	0.0	0.0	-75.72915575459365	151.4583115091873	-151.4583115091873	-75.72915575459376	75.72915575459365	75.72915575459365	8.39	151.4583115091873	274.30782500000004
884	-134.05799382456044	536.2319752982418	134.05799382456044	134.05799382456044	449.08494853800346	134.05799382456044	1000.0	443.64999485380037	-449.08494853800346	-134.05799382456044	536.2319752982418	134.05799382456044	-134.05799382456044	330.9499845614011	-1000.0	-268.1159876491209	536.2319752982418	134.05799382456044	-134.05799382456044	443.64999485380037	1000.0	443.64999485380037	-134.05799382456044	669.0500154385988	-134.05799382456044	-134.05799382456044	-196.8919907368406	268.1159876491208	-443.64999485380037	134.05799382456044	1000.0	-1000.0	-196.89199073684017	196.8919907368406	-134.05799382456044	268.1159876491209	-268.1159876491208	-330.9499845614011	134.05799382456044	134.05799382456044	8.39	268.1159876491209	443.6499948538004
885	-158.2657698226021	633.0630792904084	158.2657698226021	158.2657698226021	1000.0	158.2657698226021	-47.55075443494832	289.2313491130103	-1000.0	-158.2657698226021	633.0630792904084	158.2657698226021	-158.2657698226021	915.2448017739796	-1000.0	-316.5315396452042	633.0630792904084	158.2657698226021	-158.2657698226021	289.2313491130103	1000.0	289.2313491130103	-158.2657698226021	84.75519822602041	-158.2657698226021	-158.2657698226021	290.5717224835712	316.53153964520425	-289.2313491130103	158.2657698226021	1000.0	-1000.0	290.5717224835718	-290.5717224835712	-158.2657698226021	316.5315396452042	-316.53153964520425	132.30595266096884	158.2657698226021	158.2657698226021	8.39	316.5315396452042	289.2313491130103
886	-165.55821915907387	662.2328766362956	165.55821915907387	165.55821915907387	1000.0	165.55821915907387	134.76047897684634	325.69359579536933	-1000.0	-165.55821915907387	662.2328766362956	165.55821915907387	-165.55821915907387	842.3203084092615	-1000.0	-331.11643831814774	662.2328766362956	165.55821915907387	-165.55821915907387	325.69359579536933	1000.0	325.69359579536933	-165.55821915907387	157.67969159073846	-165.55821915907387	-165.55821915907387	188.47743177296582	331.11643831814786	-325.69359579536933	165.55821915907387	1000.0	-1000.0	188.47743177296627	-188.47743177296582	-165.55821915907387	331.11643831814774	-331.11643831814786	22.919212613892114	165.55821915907387	165.55821915907387	8.39	331.11643831814774	325.6935957953693
887	-191.05805122375443	764.2322048950178	191.05805122375443	191.05805122375443	1000.0	191.05805122375443	1000.0	453.1927561187722	-1000.0	-191.05805122375443	764.2322048950178	191.05805122375443	-191.05805122375443	359.5782683563166	-772.2562805938608	-382.11610244750887	764.2322048950178	191.05805122375443	-191.05805122375443	453.1927561187722	772.2562805938608	453.1927561187722	-191.05805122375443	412.6780122375442	-191.05805122375443	-191.05805122375443	-396.2639365387014	382.11610244750887	-453.1927561187722	191.05805122375443	772.2562805938608	-772.2562805938608	-396.2639365387015	396.2639365387014	-191.05805122375443	382.11610244750887	-382.11610244750887	-587.3219877624558	191.05805122375443	191.05805122375443	8.39	382.11610244750887	453.1927561187722
888	-170.54505348260741	682.1802139304295	170.54505348260741	170.54505348260741	1000.0	170.54505348260741	1000.0	350.627767413037	-1000.0	-170.54505348260741	682.1802139304295	170.54505348260741	-170.54505348260741	51.88330223911112	-259.4313370651853	-341.09010696521483	682.1802139304295	170.54505348260741	-170.54505348260741	350.627767413037	259.4313370651853	350.627767413037	-170.54505348260741	207.54803482607417	-170.54505348260741	-170.54505348260741	-621.9069116913183	341.0901069652148	-350.627767413037	170.54505348260741	259.4313370651853	-259.4313370651853	-621.9069116913183	621.9069116913183	-170.54505348260741	341.09010696521483	-341.0901069652148	-792.4519651739258	170.54505348260741	170.54505348260741	8.39	341.09010696521483	350.627767413037
889	-100.25236876067954	401.0094750427182	100.25236876067954	100.25236876067954	167.3714063389962	100.25236876067954	1000.0	415.4786406338996	-167.3714063389962	-100.25236876067954	401.0094750427182	100.25236876067954	-100.25236876067954	246.43592190169886	-1000.0	-200.5047375213591	401.0094750427182	100.25236876067954	-100.25236876067954	415.4786406338996	1000.0	415.4786406338996	-100.25236876067954	753.5640780983011	-100.25236876067954	-100.25236876067954	-146.18355314101933	200.50473752135906	-415.4786406338996	100.25236876067954	1000.0	-999.9999999999999	-146.18355314101913	146.18355314101933	-100.25236876067954	200.5047375213591	-200.50473752135906	-246.43592190169886	100.25236876067954	100.25236876067954	8.39	200.5047375213591	415.4786406338995
890	-165.3453916187437	661.3815664749749	165.3453916187437	165.3453916187437	1000.0	165.3453916187437	973.8883742811555	324.6294580937185	-1000.0	-165.3453916187437	661.3815664749749	165.3453916187437	-165.3453916187437	0.0	-155.55141618743687	-330.6907832374874	661.3815664749749	165.3453916187437	-165.3453916187437	324.6294580937185	155.55141618743687	324.6294580937185	-165.3453916187437	155.55141618743687	-165.3453916187437	-165.3453916187437	-652.991566474975	330.6907832374875	-324.6294580937185	165.3453916187437	155.55141618743687	-155.55141618743687	-652.9915664749745	652.991566474975	-165.3453916187437	330.6907832374874	-330.6907832374875	-818.3369580937186	165.3453916187437	165.3453916187437	8.39	330.6907832374874	324.6294580937185
891	-155.28106500000004	621.1242600000002	155.28106500000004	155.28106500000004	1000.0	155.28106500000004	41.04913109416509	274.3078250000001	-1000.0	-155.28106500000004	621.1242600000002	155.28106500000004	-155.28106500000004	781.8743439058353	-836.7824939058355	-310.5621300000001	621.1242600000002	155.28106500000004	-155.28106500000004	274.3078250000001	836.7824939058355	274.3078250000001	-155.28106500000004	54.908150000000205	-155.28106500000004	-155.28106500000004	169.14008390583516	310.56213	-274.3078250000001	155.28106500000004	836.7824939058355	-836.7824939058355	169.14008390583524	-169.14008390583516	-155.28106500000004	310.5621300000001	-310.56213	13.859018905835114	155.28106500000004	155.28106500000004	8.39	310.5621300000001	274.30782500000004
892	-109.85534827140775	439.421393085631	109.85534827140775	109.85534827140775	545.7428327140769	109.85534827140775	391.89208191436944	274.30782500000015	-545.7428327140769	-109.85534827140775	439.421393085631	109.85534827140775	-109.85534827140775	431.031393085631	-713.0681267285928	-219.7106965428155	439.421393085631	109.85534827140775	-109.85534827140775	274.30782500000015	713.0681267285928	274.30782500000015	-109.85534827140775	282.03673364296174	-109.85534827140775	-109.85534827140775	0.0	219.71069654281553	-274.30782500000015	109.85534827140775	713.0681267285928	-713.0681267285927	0.0	0.0	-109.85534827140775	219.7106965428155	-219.71069654281553	-109.8553482714077	109.85534827140775	109.85534827140775	8.39	219.7106965428155	274.30782500000004
893	-59.92478945933803	239.69915783735212	59.92478945933803	59.92478945933803	46.4372445933798	59.92478945933803	591.6143171626485	274.3078250000002	-46.4372445933798	-59.92478945933803	239.69915783735212	59.92478945933803	-59.92478945933803	231.30915783735213	-762.9986855406626	-119.84957891867606	239.69915783735212	59.92478945933803	-59.92478945933803	274.3078250000002	762.9986855406626	274.3078250000002	-59.92478945933803	531.6895277033104	-59.92478945933803	-59.92478945933803	0.0	119.84957891867612	-274.3078250000002	59.92478945933803	762.9986855406626	-762.9986855406626	0.0	0.0	-59.92478945933803	119.84957891867606	-119.84957891867612	-59.92478945933806	59.92478945933803	59.92478945933803	8.39	119.84957891867606	274.30782500000004
894	-87.59440617186401	350.37762468745603	87.59440617186401	87.59440617186401	323.13341171863976	87.59440617186401	480.9358503125442	274.30782500000004	-323.13341171863976	-87.59440617186401	350.37762468745603	87.59440617186401	-87.59440617186401	341.987624687456	-735.3290688281361	-175.18881234372802	350.37762468745603	87.59440617186401	-87.59440617186401	274.30782500000004	735.3290688281361	274.30782500000004	-87.59440617186401	393.3414441406801	-87.59440617186401	-87.59440617186401	0.0	175.18881234372805	-274.30782500000004	87.59440617186401	735.3290688281361	-735.3290688281361	0.0	0.0	-87.59440617186401	175.18881234372802	-175.18881234372805	-87.59440617186408	87.59440617186401	87.59440617186401	8.39	175.18881234372802	274.30782500000004
895	-155.281065	621.12426	155.281065	155.281065	1000.0	155.281065	171.63333695847177	274.3078250000001	-1000.0	-155.281065	621.12426	155.281065	-155.281065	651.2901380415283	-706.1982880415285	-310.56213	621.12426	155.281065	-155.281065	274.3078250000001	706.1982880415285	274.3078250000001	-155.281065	54.908150000000205	-155.281065	-155.281065	38.55587804152822	310.56213	-274.3078250000001	155.281065	706.1982880415285	-706.1982880415285	38.55587804152794	-38.55587804152822	-155.281065	310.56213	-310.56213	-116.72518695847157	155.281065	155.281065	8.39	310.56213	274.30782500000004
896	-163.11378442646028	652.4551377058411	163.11378442646028	163.11378442646028	1000.0	163.11378442646028	296.34912869106284	313.47142213230154	-1000.0	-163.11378442646028	652.4551377058411	163.11378442646028	-163.11378442646028	644.0651377058417	-777.3004819704449	-326.22756885292057	652.4551377058411	163.11378442646028	-163.11378442646028	313.47142213230154	777.3004819704449	313.47142213230154	-163.11378442646028	133.23534426460333	-163.11378442646028	-163.11378442646028	0.0	326.2275688529205	-313.47142213230154	163.11378442646028	777.3004819704449	-777.3004819704449	0.0	0.0	-163.11378442646028	326.22756885292057	-326.2275688529205	-163.11378442645946	163.11378442646028	163.11378442646028	8.39	326.22756885292057	313.47142213230154
897	-175.64314424244253	702.57257696977	175.64314424244253	175.64314424244253	1000.0	175.64314424244253	1000.0	376.1182212122126	-1000.0	-175.64314424244253	702.57257696977	175.64314424244253	-175.64314424244253	128.35466363663772	-386.88360606106295	-351.28628848488506	702.57257696977	175.64314424244253	-175.64314424244253	376.1182212122126	386.8836060610629	376.1182212122126	-175.64314424244253	258.52894242442517	-175.64314424244253	-175.64314424244253	-565.8279133331322	351.28628848488506	-376.1182212122126	175.64314424244253	386.8836060610629	-386.8836060610629	-565.8279133331323	565.8279133331322	-175.64314424244253	351.28628848488506	-351.28628848488506	-741.4710575755748	175.64314424244253	175.64314424244253	8.39	351.28628848488506	376.1182212122126
898	-174.70299153220103	698.8119661288041	174.70299153220103	174.70299153220103	1000.0	174.70299153220103	1000.0	371.41745766100513	-1000.0	-174.70299153220103	698.8119661288041	174.70299153220103	-174.70299153220103	114.25237298301542	-363.3797883050257	-349.40598306440205	698.8119661288041	174.70299153220103	-174.70299153220103	371.41745766100513	363.3797883050257	371.41745766100513	-174.70299153220103	249.12741532201028	-174.70299153220103	-174.70299153220103	-576.1695931457887	349.4059830644021	-371.41745766100513	174.70299153220103	363.3797883050257	-363.3797883050257	-576.169593145789	576.1695931457887	-174.70299153220103	349.40598306440205	-349.4059830644021	-750.8725846779897	174.70299153220103	174.70299153220103	8.39	349.40598306440205	371.41745766100524
899	-166.00827677179436	664.0331070871774	166.00827677179436	166.00827677179436	1000.0	166.00827677179436	983.8316515769154	327.9438838589718	-1000.0	-166.00827677179436	664.0331070871774	166.00827677179436	-166.00827677179436	0.0	-162.18026771794356	-332.0165535435887	664.0331070871774	166.00827677179436	-166.00827677179436	327.9438838589718	162.1802677179436	327.9438838589718	-166.00827677179436	162.1802677179436	-166.00827677179436	-166.00827677179436	-655.6431070871774	332.01655354358877	-327.9438838589718	166.00827677179436	162.1802677179436	-162.1802677179436	-655.6431070871776	655.6431070871774	-166.00827677179436	332.0165535435887	-332.01655354358877	-821.6513838589718	166.00827677179436	166.00827677179436	8.39	332.0165535435887	327.9438838589717
900	-147.69390122214307	590.7756048885723	147.69390122214307	147.69390122214307	924.1283622214304	147.69390122214307	822.9234750000004	274.30782500000015	-924.1283622214304	-147.69390122214307	590.7756048885723	147.69390122214307	-147.69390122214307	0.0	-92.84396888928511	-295.38780244428614	590.7756048885723	147.69390122214307	-147.69390122214307	274.30782500000015	92.84396888928507	274.30782500000015	-147.69390122214307	92.84396888928507	-147.69390122214307	-147.69390122214307	-582.3856048885723	295.3878024442861	-274.30782500000015	147.69390122214307	92.84396888928507	-92.84396888928507	-582.3856048885723	582.3856048885723	-147.69390122214307	295.38780244428614	-295.3878024442861	-730.0795061107153	147.69390122214307	147.69390122214307	8.39	295.38780244428614	274.30782500000004
901	-167.99512669901557	671.9805067960623	167.99512669901557	167.99512669901557	1000.0	167.99512669901557	1000.0	337.878133495078	-1000.0	-167.99512669901557	671.9805067960623	167.99512669901557	-167.99512669901557	13.634400485233868	-195.68316747538987	-335.99025339803114	671.9805067960623	167.99512669901557	-167.99512669901557	337.878133495078	195.68316747538984	337.878133495078	-167.99512669901557	182.04876699015597	-167.99512669901557	-167.99512669901557	-649.9561063108284	335.9902533980312	-337.878133495078	167.99512669901557	195.68316747538984	-195.68316747538984	-649.9561063108288	649.9561063108284	-167.99512669901557	335.99025339803114	-335.9902533980312	-817.951233009844	167.99512669901557	167.99512669901557	8.39	335.99025339803114	337.8781334950779
902	-157.47060946282258	629.8824378512903	157.47060946282258	157.47060946282258	644.1900788568549	157.47060946282258	1000.0	463.1605078856855	-644.1900788568549	-157.47060946282258	629.8824378512903	157.47060946282258	-157.47060946282258	389.48152365705647	-1000.0	-314.94121892564516	629.8824378512903	157.47060946282258	-157.47060946282258	463.1605078856855	1000.0	463.1605078856855	-157.47060946282258	610.5184763429436	-157.47060946282258	-157.47060946282258	-232.01091419423386	314.9412189256452	-463.1605078856855	157.47060946282258	1000.0	-1000.0	-232.0109141942342	232.01091419423386	-157.47060946282258	314.94121892564516	-314.9412189256452	-389.48152365705647	157.47060946282258	157.47060946282258	8.39	314.94121892564516	463.1605078856854
903	-198.3070176640574	793.2280706562295	198.3070176640574	198.3070176640574	1000.0	198.3070176640574	1000.0	489.437588320287	-1000.0	-198.3070176640574	793.2280706562295	198.3070176640574	-198.3070176640574	468.312764960861	-953.480441601435	-396.6140353281148	793.2280706562295	198.3070176640574	-198.3070176640574	489.437588320287	953.480441601435	489.437588320287	-198.3070176640574	485.167676640574	-198.3070176640574	-198.3070176640574	-316.52530569536844	396.6140353281148	-489.437588320287	198.3070176640574	953.480441601435	-953.4804416014349	-316.5253056953686	316.52530569536844	-198.3070176640574	396.6140353281148	-396.6140353281148	-514.832323359426	198.3070176640574	198.3070176640574	8.39	396.6140353281148	489.4375883202872
904	-156.3923661707529	625.5694646830117	156.39236617075292	156.3923661707529	1000.0	156.39236617075292	839.5929925612942	279.86433085376467	-1000.0	-156.39236617075292	625.5694646830117	156.39236617075292	-156.39236617075292	0.0	-66.02116170752953	-312.78473234150584	625.5694646830117	156.39236617075292	-156.39236617075292	279.86433085376467	66.02116170752947	279.86433085376467	-156.39236617075292	66.02116170752953	-156.3923661707529	-156.39236617075292	-617.1794646830117	312.7847323415058	-279.86433085376467	156.39236617075292	66.02116170752947	-66.02116170752953	-617.1794646830122	617.1794646830117	-156.39236617075292	312.78473234150584	-312.7847323415058	-773.5718308537647	156.39236617075292	156.39236617075292	8.39	312.78473234150584	279.8643308537648
905	-156.39236617075295	625.5694646830118	156.39236617075295	156.39236617075295	1000.0	156.39236617075295	-94.385845731176	279.8643308537648	-1000.0	-156.39236617075295	625.5694646830118	156.39236617075295	-156.39236617075295	933.9788382924704	-1000.0	-312.7847323415059	625.5694646830118	156.39236617075295	-156.39236617075295	279.8643308537648	1000.0	279.8643308537648	-156.39236617075295	66.0211617075297	-156.39236617075295	-156.39236617075295	316.7993736094586	312.7847323415059	-279.8643308537648	156.39236617075295	1000.0	-1000.0	316.7993736094583	-316.7993736094586	-156.39236617075295	312.7847323415059	-312.7847323415059	160.4070074387057	156.39236617075295	156.39236617075295	8.39	312.7847323415059	279.86433085376467
906	-155.94873438848296	623.7949375539317	155.94873438848296	155.94873438848296	1000.0	155.94873438848296	-105.47664028792656	277.6461719424147	-1000.0	-155.94873438848296	623.7949375539317	155.94873438848296	-155.94873438848296	938.4151561151706	-1000.0	-311.8974687769659	623.7949375539317	155.94873438848296	-155.94873438848296	277.6461719424147	1000.0	277.6461719424147	-155.94873438848296	61.5848438848293	-155.94873438848296	-155.94873438848296	323.01021856123907	311.89746877696587	-277.6461719424147	155.94873438848296	1000.0	-1000.0	323.010218561239	-323.01021856123907	-155.94873438848296	311.8974687769659	-311.89746877696587	167.06148417275585	155.94873438848296	155.94873438848296	8.39	311.8974687769659	277.6461719424148
907	-155.28106500000007	621.1242600000003	155.28106500000007	155.28106500000007	1000.0	155.28106500000007	-106.644148673975	274.30782500000015	-1000.0	-155.28106500000007	621.1242600000003	155.28106500000007	-155.28106500000007	929.5676236739757	-984.4757736739759	-310.56213000000014	621.1242600000003	155.28106500000007	-155.28106500000007	274.30782500000015	984.4757736739759	274.30782500000015	-155.28106500000007	54.908150000000205	-155.28106500000007	-155.28106500000007	316.83336367397555	310.56213000000014	-274.30782500000015	155.28106500000007	984.4757736739759	-984.4757736739759	316.8333636739763	-316.83336367397555	-155.28106500000007	310.56213000000014	-310.56213000000014	161.5522986739752	155.28106500000007	155.28106500000007	8.39	310.56213000000014	274.30782500000004
908	-155.28106500000004	621.1242600000002	155.28106500000004	155.28106500000004	1000.0	155.28106500000004	774.396556880034	274.30782500000015	-1000.0	-155.28106500000004	621.1242600000002	155.28106500000004	-155.28106500000004	48.52691811996647	-103.43506811996679	-310.5621300000001	621.1242600000002	155.28106500000004	-155.28106500000004	274.30782500000015	103.43506811996679	274.30782500000015	-155.28106500000004	54.90815000000032	-155.28106500000004	-155.28106500000004	-564.2073418800337	310.56213	-274.30782500000015	155.28106500000004	103.43506811996679	-103.43506811996679	-564.2073418800333	564.2073418800337	-155.28106500000004	310.5621300000001	-310.56213	-719.4884068800337	155.28106500000004	155.28106500000004	8.39	310.5621300000001	274.30782500000004
909	-155.281065	621.12426	155.281065	155.281065	1000.0	155.281065	332.18692362409786	274.30782500000015	-1000.0	-155.281065	621.12426	155.281065	-155.281065	490.73655137590254	-545.6447013759029	-310.56213	621.12426	155.281065	-155.281065	274.30782500000015	545.6447013759029	274.30782500000015	-155.281065	54.90815000000032	-155.281065	-155.281065	-121.99770862409753	310.56213	-274.30782500000015	155.281065	545.6447013759029	-545.6447013759029	-121.9977086240977	121.99770862409753	-155.281065	310.56213	-310.56213	-277.27877362409754	155.281065	155.281065	8.39	310.56213	274.30782500000004
910	-158.44197868664324	633.767914746573	158.44197868664324	158.44197868664324	1000.0	158.44197868664324	870.3371802996486	290.1123934332162	-1000.0	-158.44197868664324	633.767914746573	158.44197868664324	-158.44197868664324	0.0	-86.51728686643241	-316.8839573732865	633.767914746573	158.44197868664324	-158.44197868664324	290.1123934332162	86.51728686643241	290.1123934332162	-158.44197868664324	86.51728686643241	-158.44197868664324	-158.44197868664324	-625.377914746573	316.8839573732864	-290.1123934332162	158.44197868664324	86.5172868664324	-86.51728686643241	-625.3779147465727	625.377914746573	-158.44197868664324	316.8839573732865	-316.8839573732864	-783.8198934332162	158.44197868664324	158.44197868664324	8.39	316.8839573732865	290.1123934332162
911	-176.2136186561354	704.8544746245414	176.2136186561354	176.2136186561354	1000.0	176.2136186561354	401.1454664033838	378.9705932806767	-1000.0	-176.2136186561354	704.8544746245414	176.2136186561354	-176.2136186561354	735.7663134386464	-1000.0	-352.4272373122708	704.8544746245414	176.2136186561354	-176.2136186561354	378.9705932806767	1000.0	378.9705932806767	-176.2136186561354	264.2336865613536	-176.2136186561354	-176.2136186561354	39.30183881410528	352.4272373122707	-378.9705932806767	176.2136186561354	1000.0	-1000.0	39.301838814105565	-39.30183881410528	-176.2136186561354	352.4272373122708	-352.4272373122707	-136.91177984203023	176.2136186561354	176.2136186561354	8.39	352.4272373122708	378.97059328067684
912	-155.28106500000004	621.1242600000002	155.28106500000004	155.28106500000004	1000.0	155.28106500000004	809.5764296317923	274.3078250000001	-1000.0	-155.28106500000004	621.1242600000002	155.28106500000004	-155.28106500000004	13.347045368208086	-68.25519536820832	-310.5621300000001	621.1242600000002	155.28106500000004	-155.28106500000004	274.3078250000001	68.25519536820832	274.3078250000001	-155.28106500000004	54.908150000000205	-155.28106500000004	-155.28106500000004	-599.3872146317921	310.56213	-274.3078250000001	155.28106500000004	68.2551953682083	-68.25519536820832	-599.3872146317917	599.3872146317921	-155.28106500000004	310.5621300000001	-310.56213	-754.6682796317921	155.28106500000004	155.28106500000004	8.39	310.5621300000001	274.30782500000004
913	-198.7108285372623	794.8433141490492	198.7108285372623	198.7108285372623	1000.0	198.7108285372623	963.5757134315583	491.4566426863116	-1000.0	-198.7108285372623	794.8433141490492	198.7108285372623	-198.7108285372623	510.7942146273766	-1000.0	-397.4216570745246	794.8433141490492	198.7108285372623	-198.7108285372623	491.4566426863116	1000.0	491.4566426863116	-198.7108285372623	489.2057853726234	-198.7108285372623	-198.7108285372623	-275.6590995216726	397.42165707452455	-491.4566426863116	198.7108285372623	1000.0	-1000.0	-275.6590995216722	275.6590995216726	-198.7108285372623	397.4216570745246	-397.42165707452455	-474.3699280589349	198.7108285372623	198.7108285372623	8.39	397.4216570745246	491.4566426863116
914	-156.17234201157592	624.6893680463038	156.17234201157592	156.17234201157592	1000.0	156.17234201157592	836.292630173639	278.76421005787967	-1000.0	-156.17234201157592	624.6893680463038	156.17234201157592	-156.17234201157592	0.0	-63.8209201157594	-312.34468402315184	624.6893680463038	156.17234201157592	-156.17234201157592	278.76421005787967	63.82092011575935	278.76421005787967	-156.17234201157592	63.82092011575935	-156.17234201157592	-156.17234201157592	-616.2993680463039	312.3446840231519	-278.76421005787967	156.17234201157592	63.82092011575935	-63.82092011575935	-616.2993680463037	616.2993680463039	-156.17234201157592	312.34468402315184	-312.3446840231519	-772.4717100578797	156.17234201157592	156.17234201157592	8.39	312.34468402315184	278.7642100578798
915	-172.665484200009	690.661936800036	172.665484200009	172.665484200009	1000.0	172.665484200009	1000.0	361.22992100004495	-1000.0	-172.665484200009	690.661936800036	172.665484200009	-172.665484200009	83.68976300013507	-312.4421050002252	-345.330968400018	690.661936800036	172.665484200009	-172.665484200009	361.22992100004495	312.4421050002252	361.22992100004495	-172.665484200009	228.75234200009015	-172.665484200009	-172.665484200009	-598.5821737999009	345.33096840001804	-361.22992100004495	172.665484200009	312.44210500022524	-312.4421050002253	-598.5821737999014	598.5821737999009	-172.665484200009	345.330968400018	-345.33096840001804	-771.2476579999098	172.665484200009	172.665484200009	8.39	345.330968400018	361.2299210000452
916	-191.5097661459974	766.0390645839894	191.5097661459974	191.5097661459974	1000.0	191.5097661459974	783.5491536499346	455.45133072998686	-1000.0	-191.5097661459974	766.0390645839894	191.5097661459974	-191.5097661459974	582.8048385400261	-1000.0	-383.0195322919948	766.0390645839894	191.5097661459974	-191.5097661459974	455.45133072998686	1000.0	455.45133072998686	-191.5097661459974	417.19516145997386	-191.5097661459974	-191.5097661459974	-174.8442260439632	383.01953229199466	-455.45133072998686	191.5097661459974	1000.0	-1000.0	-174.84422604396343	174.8442260439632	-191.5097661459974	383.0195322919948	-383.01953229199466	-366.35399218996076	191.5097661459974	191.5097661459974	8.39	383.0195322919948	455.451330729987
917	-65.57965791803227	262.318631672129	65.57965791803227	65.57965791803227	-121.56785068306446	65.57965791803227	1000.0	386.5847149316935	121.56785068306446	-65.57965791803227	262.318631672129	65.57965791803227	-65.57965791803227	159.75414479508066	-1000.0	-131.15931583606454	262.318631672129	65.57965791803227	-65.57965791803227	386.5847149316935	1000.0	386.5847149316935	-65.57965791803227	840.2458552049193	-65.57965791803227	-65.57965791803227	-94.17448687704831	131.15931583606448	-386.5847149316935	65.57965791803227	1000.0	-1000.0	-94.17448687704837	94.17448687704831	-65.57965791803227	131.15931583606454	-131.15931583606448	-159.75414479508066	65.57965791803227	65.57965791803227	8.39	131.15931583606454	386.5847149316936
918	-131.7804423181219	527.1217692724877	131.7804423181219	131.7804423181219	764.9937731812195	131.7804423181219	-4.665261590610328	274.3078249999999	-764.9937731812195	-131.7804423181219	527.1217692724877	131.7804423181219	-131.7804423181219	827.5887365906099	-1000.0	-263.5608846362438	527.1217692724877	131.7804423181219	-131.7804423181219	274.3078249999999	1000.0	274.3078249999999	-131.7804423181219	172.41126340939013	-131.7804423181219	-131.7804423181219	308.8569673181222	263.5608846362438	-274.3078249999999	131.7804423181219	1000.0	-1000.0	308.85696731812226	-308.8569673181222	-131.7804423181219	263.5608846362438	-263.5608846362438	177.07652499999926	131.7804423181219	131.7804423181219	8.39	263.5608846362438	274.30782500000004
919	-118.70773198367702	474.83092793470814	118.70773198367704	118.70773198367702	634.2666698367702	118.70773198367702	60.69829008161447	274.3078249999999	-634.2666698367702	-118.70773198367704	474.83092793470814	118.70773198367702	-118.70773198367704	762.2251849183854	-1000.0	-237.41546396735407	474.83092793470814	118.70773198367702	-118.70773198367702	274.3078249999999	1000.0	274.3078249999999	-118.70773198367702	237.77481508161463	-118.70773198367702	-118.70773198367704	295.7842569836772	237.41546396735407	-274.3078249999999	118.70773198367704	1000.0	-1000.0	295.7842569836775	-295.7842569836772	-118.70773198367702	237.41546396735407	-237.41546396735407	177.07652499999926	118.70773198367704	118.70773198367702	8.39	237.41546396735407	274.30782500000004
920	-61.53114069952163	246.12456279808652	61.53114069952163	61.53114069952163	62.500756995216804	61.53114069952163	346.58124650239137	274.30782499999987	-62.500756995216804	-61.53114069952163	246.12456279808652	61.53114069952163	-61.53114069952163	476.34222849760846	-1000.0	-123.06228139904326	246.12456279808652	61.53114069952163	-61.53114069952163	274.30782499999987	1000.0	274.30782499999987	-61.53114069952163	523.6577715023916	-61.53114069952163	-61.53114069952163	238.607665699522	123.06228139904329	-274.30782499999987	61.53114069952163	1000.0	-1000.0	238.60766569952125	-238.607665699522	-61.53114069952163	123.06228139904326	-123.06228139904329	177.07652499999926	61.53114069952163	61.53114069952163	8.39	123.06228139904326	274.30782500000004
921	-188.29485549037028	753.1794219614812	188.29485549037028	188.29485549037028	1000.0	188.29485549037028	703.1763872592583	439.37677745185164	-1000.0	-188.29485549037028	753.1794219614812	188.29485549037028	-188.29485549037028	614.9539450962966	-1000.0	-376.58971098074056	753.1794219614812	188.29485549037028	-188.29485549037028	439.37677745185164	1000.0	439.37677745185164	-188.29485549037028	385.0460549037034	-188.29485549037028	-188.29485549037028	-129.83547686518477	376.5897109807406	-439.37677745185164	188.29485549037028	1000.0	-1000.0	-129.83547686518483	129.83547686518477	-188.29485549037028	376.58971098074056	-376.5897109807406	-318.13033235555486	188.29485549037028	188.29485549037028	8.39	376.58971098074056	439.3767774518517
922	-187.03146436174111	748.1258574469645	187.03146436174111	187.03146436174111	1000.0	187.03146436174111	671.5916090435287	433.05982180870575	-1000.0	-187.03146436174111	748.1258574469645	187.03146436174111	-187.03146436174111	627.5878563825884	-1000.0	-374.06292872348223	748.1258574469645	187.03146436174111	-187.03146436174111	433.05982180870575	1000.0	433.05982180870575	-187.03146436174111	372.41214361741163	-187.03146436174111	-187.03146436174111	-112.1480010643761	374.0629287234822	-433.05982180870575	187.03146436174111	1000.0	-1000.0	-112.14800106437605	112.1480010643761	-187.03146436174111	374.06292872348223	-374.0629287234822	-299.1794654261171	187.03146436174111	187.03146436174111	8.39	374.06292872348223	433.05982180870586
923	-171.94060084593477	687.7624033837391	171.94060084593477	171.94060084593477	1000.0	171.94060084593477	294.3200211483695	357.6055042296739	-1000.0	-171.94060084593477	687.7624033837391	171.94060084593477	-171.94060084593477	778.4964915406522	-1000.0	-343.88120169186953	687.7624033837391	171.94060084593477	-171.94060084593477	357.6055042296739	1000.0	357.6055042296739	-171.94060084593477	221.5035084593478	-171.94060084593477	-171.94060084593477	99.12408815691307	343.8812016918696	-357.6055042296739	171.94060084593477	1000.0	-1000.0	99.12408815691278	-99.12408815691307	-171.94060084593477	343.88120169186953	-343.8812016918696	-72.81651268902169	171.94060084593477	171.94060084593477	8.39	343.88120169186953	357.6055042296739
924	-128.76808275379855	515.0723310151942	128.76808275379855	128.76808275379855	734.8701775379858	128.76808275379855	187.47306123100748	274.3078250000001	-734.8701775379858	-128.76808275379855	515.0723310151942	128.76808275379855	-128.76808275379855	635.4504137689928	-822.9234750000003	-257.5361655075971	515.0723310151942	128.76808275379855	-128.76808275379855	274.3078250000001	822.9234750000003	274.3078250000001	-128.76808275379855	187.47306123100748	-128.76808275379855	-128.76808275379855	128.76808275379858	257.53616550759716	-274.3078250000001	128.76808275379855	822.9234750000003	-822.9234750000003	128.7680827537979	-128.76808275379858	-128.76808275379855	257.5361655075971	-257.53616550759716	0.0	128.76808275379855	128.76808275379855	8.39	257.5361655075971	274.30782500000004
925	-155.28106500000004	621.1242600000002	155.28106500000004	155.28106500000004	1000.0	155.28106500000004	371.0466418846254	274.30782500000015	-1000.0	-155.28106500000004	621.1242600000002	155.28106500000004	-155.28106500000004	451.8768331153753	-506.78498311537567	-310.5621300000001	621.1242600000002	155.28106500000004	-155.28106500000004	274.30782500000015	506.78498311537567	274.30782500000015	-155.28106500000004	54.90815000000043	-155.28106500000004	-155.28106500000004	-160.85742688462494	310.56213	-274.30782500000015	155.28106500000004	506.78498311537567	-506.7849831153758	-160.85742688462489	160.85742688462494	-155.28106500000004	310.5621300000001	-310.56213	-316.13849188462495	155.28106500000004	155.28106500000004	8.39	310.5621300000001	274.30782500000004
926	-184.66951580600315	738.6780632240127	184.66951580600315	184.66951580600315	1000.0	184.66951580600315	612.5428951500791	421.2500790300158	-1000.0	-184.66951580600315	738.6780632240127	184.66951580600315	-184.66951580600315	651.2073419399684	-1000.0	-369.3390316120063	738.6780632240127	184.66951580600315	-184.66951580600315	421.2500790300158	1000.0	421.2500790300158	-184.66951580600315	348.7926580600316	-184.66951580600315	-184.66951580600315	-79.08072128404444	369.33903161200635	-421.2500790300158	184.66951580600315	1000.0	-1000.0	-79.08072128404405	79.08072128404444	-184.66951580600315	369.3390316120063	-369.33903161200635	-263.75023709004745	184.66951580600315	184.66951580600315	8.39	369.3390316120063	421.25007903001585
927	-173.95088511833123	695.8035404733249	173.95088511833123	173.95088511833123	1000.0	173.95088511833123	1000.0	367.65692559165615	-1000.0	-173.95088511833123	695.8035404733249	173.95088511833123	-173.95088511833123	102.97077677496856	-344.577127958281	-347.90177023666246	695.8035404733249	173.95088511833123	-173.95088511833123	367.65692559165615	344.5771279582809	367.65692559165615	-173.95088511833123	241.60635118331243	-173.95088511833123	-173.95088511833123	-584.4427636983564	347.9017702366625	-367.65692559165615	173.95088511833123	344.5771279582809	-344.5771279582809	-584.4427636983567	584.4427636983564	-173.95088511833123	347.90177023666246	-347.9017702366625	-758.3936488166876	173.95088511833123	173.95088511833123	8.39	347.90177023666246	367.65692559165626
928	-88.1355320430015	352.542128172006	88.1355320430015	88.1355320430015	66.39776702501246	88.1355320430015	1000.0	405.3812767025012	-66.39776702501246	-88.1355320430015	352.542128172006	88.1355320430015	-88.1355320430015	216.14383010750376	-1000.0	-176.271064086003	352.542128172006	88.1355320430015	-88.1355320430015	405.3812767025012	1000.0	405.3812767025012	-88.1355320430015	783.8561698924963	-88.1355320430015	-88.1355320430015	-128.0082980645023	176.27106408600298	-405.3812767025012	88.1355320430015	1000.0	-1000.0	-128.00829806450233	128.0082980645023	-88.1355320430015	176.271064086003	-176.27106408600298	-216.14383010750376	88.1355320430015	88.1355320430015	8.39	176.271064086003	405.38127670250134
929	-194.12135171932783	776.4854068773113	194.12135171932783	194.12135171932783	1000.0	194.12135171932783	848.8387929831962	468.50925859663926	-1000.0	-194.12135171932783	776.4854068773113	194.12135171932783	-194.12135171932783	556.6889828067215	-1000.0	-388.24270343865567	776.4854068773113	194.12135171932783	-194.12135171932783	468.50925859663926	1000.0	468.50925859663926	-194.12135171932783	443.31101719327853	-194.12135171932783	-194.12135171932783	-211.40642407058988	388.24270343865567	-468.50925859663926	194.12135171932783	1000.0	-1000.0	-211.40642407059056	211.40642407058988	-194.12135171932783	388.24270343865567	-388.24270343865567	-405.52777578991765	194.12135171932783	194.12135171932783	8.39	388.24270343865567	468.50925859663903
930	-194.32944294365396	777.3177717746157	194.32944294365396	194.32944294365396	1000.0	194.32944294365396	854.0410735913489	469.5497147182698	-1000.0	-194.32944294365396	777.3177717746157	194.32944294365396	-194.32944294365396	554.6080705634604	-1000.0	-388.6588858873079	777.3177717746157	194.32944294365396	-194.32944294365396	469.5497147182698	1000.0	469.5497147182698	-194.32944294365396	445.3919294365396	-194.32944294365396	-194.32944294365396	-214.31970121115523	388.65888588730786	-469.5497147182698	194.32944294365396	1000.0	-1000.0	-214.31970121115586	214.31970121115523	-194.32944294365396	388.6588858873079	-388.65888588730786	-408.6491441548093	194.32944294365396	194.32944294365396	8.39	388.6588858873079	469.5497147182698
931	-163.73396750025537	654.9358700010215	163.73396750025537	163.73396750025537	1000.0	163.73396750025537	949.7170125038307	316.5723375012769	-1000.0	-163.73396750025537	654.9358700010215	163.73396750025537	-163.73396750025537	0.0	-139.43717500255372	-327.46793500051075	654.9358700010215	163.73396750025537	-163.73396750025537	316.5723375012769	139.43717500255366	316.5723375012769	-163.73396750025537	139.43717500255366	-163.73396750025537	-163.73396750025537	-646.5458700010215	327.4679350005108	-316.5723375012769	163.73396750025537	139.43717500255366	-139.43717500255366	-646.5458700010213	646.5458700010215	-163.73396750025537	327.46793500051075	-327.4679350005108	-810.279837501277	163.73396750025537	163.73396750025537	8.39	327.46793500051075	316.57233750127676
932	-155.28106499999993	621.1242599999997	155.28106499999993	155.28106499999993	1000.0	155.28106499999993	409.2302322993572	274.30782499999987	-1000.0	-155.28106499999993	621.1242599999997	155.28106499999993	-155.28106499999993	413.69324270064135	-468.6013927006411	-310.56212999999985	621.1242599999997	155.28106499999993	-155.28106499999993	274.30782499999987	468.6013927006411	274.30782499999987	-155.28106499999993	54.90814999999975	-155.28106499999993	-155.28106499999993	-199.04101729935837	310.5621299999998	-274.30782499999987	155.28106499999993	468.6013927006411	-468.6013927006411	-199.04101729935854	199.04101729935837	-155.28106499999993	310.56212999999985	-310.5621299999998	-354.3220822993575	155.28106499999993	155.28106499999993	8.39	310.56212999999985	274.30782500000004
933	-196.06343517762355	784.2537407104942	196.06343517762352	196.06343517762355	1000.0	196.06343517762352	1000.0	478.21967588811776	-1000.0	-196.06343517762352	784.2537407104942	196.06343517762352	-196.06343517762352	434.6590276643533	-897.390879440589	-392.12687035524704	784.2537407104942	196.06343517762352	-196.06343517762352	478.21967588811776	897.390879440589	478.21967588811776	-196.06343517762352	462.73185177623566	-196.06343517762355	-196.06343517762352	-341.204713046141	392.1268703552471	-478.21967588811776	196.06343517762352	897.390879440589	-897.390879440589	-341.2047130461411	341.204713046141	-196.06343517762352	392.12687035524704	-392.1268703552471	-537.2681482237643	196.06343517762352	196.06343517762352	8.39	392.12687035524704	478.2196758881179
934	-6.765366876339801	27.061467505359204	6.765366876339801	6.765366876339801	-485.1569812366022	6.765366876339801	822.9234750000002	274.30782500000004	485.1569812366022	-6.765366876339801	27.061467505359204	6.765366876339801	-6.765366876339801	0.0	-797.4866406183012	-13.530733752679602	27.061467505359204	6.765366876339801	-6.765366876339801	274.30782500000004	797.4866406183012	274.30782500000004	-6.765366876339801	797.4866406183012	-6.765366876339801	-6.765366876339801	-18.671467505359203	13.530733752679566	-274.30782500000004	6.765366876339801	797.4866406183012	-797.4866406183012	-18.67146750535875	18.671467505359203	-6.765366876339801	13.530733752679602	-13.530733752679566	-25.436834381699015	6.765366876339801	6.765366876339801	8.39	13.530733752679602	274.30782500000004
935	-11.361369725952216	45.44547890380886	11.361369725952216	11.361369725952216	-439.19695274047797	11.361369725952216	822.923475	274.30782500000004	439.19695274047797	-11.361369725952216	45.44547890380886	11.361369725952216	-11.361369725952216	0.0	-774.506626370239	-22.72273945190443	45.44547890380886	11.361369725952216	-11.361369725952216	274.30782500000004	774.506626370239	274.30782500000004	-11.361369725952216	774.506626370239	-11.361369725952216	-11.361369725952216	-37.05547890380886	22.72273945190443	-274.30782500000004	11.361369725952216	774.506626370239	-774.506626370239	-37.05547890380876	37.05547890380886	-11.361369725952216	22.72273945190443	-22.72273945190443	-48.416848629761034	11.361369725952216	11.361369725952216	8.39	22.72273945190443	274.30782500000004
936	-71.59107690985675	286.364307639427	71.59107690985675	71.59107690985675	163.10011909856757	71.59107690985675	822.9234749999999	274.30782500000004	-163.10011909856757	-71.59107690985675	286.364307639427	71.59107690985675	-71.59107690985675	0.0	-473.35809045071625	-143.1821538197135	286.364307639427	71.59107690985675	-71.59107690985675	274.30782500000004	473.3580904507162	274.30782500000004	-71.59107690985675	473.3580904507162	-71.59107690985675	-71.59107690985675	-277.974307639427	143.18215381971345	-274.30782500000004	71.59107690985675	473.3580904507162	-473.3580904507162	-277.97430763942657	277.974307639427	-71.59107690985675	143.1821538197135	-143.18215381971345	-349.56538454928375	71.59107690985675	71.59107690985675	8.39	143.1821538197135	274.30782500000004
937	-142.2888133290421	569.1552533161685	142.2888133290421	142.2888133290421	517.675111075351	142.2888133290421	1000.0	450.5090111075351	-517.675111075351	-142.2888133290421	569.1552533161685	142.2888133290421	-142.2888133290421	351.5270333226053	-1000.0	-284.5776266580842	569.1552533161685	142.2888133290421	-142.2888133290421	450.5090111075351	1000.0	450.5090111075351	-142.2888133290421	648.4729666773947	-142.2888133290421	-142.2888133290421	-209.2382199935633	284.5776266580842	-450.5090111075351	142.2888133290421	1000.0	-1000.0	-209.23821999356323	209.2382199935633	-142.2888133290421	284.5776266580842	-284.5776266580842	-351.5270333226053	142.2888133290421	142.2888133290421	8.39	284.5776266580842	450.5090111075351
938	-88.57701043002737	354.3080417201095	88.57701043002737	88.57701043002737	214.90843763360704	88.57701043002737	565.5049478498631	333.33333333333337	-214.90843763360704	-88.57701043002737	354.3080417201095	88.57701043002737	-88.57701043002737	434.49505215013687	-1000.0	-177.15402086005474	354.3080417201095	88.57701043002737	-88.57701043002737	333.33333333333337	1000.0	333.33333333333337	-88.57701043002737	565.5049478498631	-88.57701043002737	-88.57701043002737	88.57701043002737	177.15402086005474	-333.33333333333337	88.57701043002737	1000.0	-1000.0	88.57701043002703	-88.57701043002737	-88.57701043002737	177.15402086005474	-177.15402086005474	0.0	88.57701043002737	88.57701043002737	8.39	177.15402086005474	333.33333333333326
939	-155.28106500000004	621.1242600000002	155.28106500000004	155.28106500000004	1000.0	155.28106500000004	541.8456090676577	274.30782500000015	-1000.0	-155.28106500000004	621.1242600000002	155.28106500000004	-155.28106500000004	281.0778659323429	-335.9860159323432	-310.5621300000001	621.1242600000002	155.28106500000004	-155.28106500000004	274.30782500000015	335.9860159323432	274.30782500000015	-155.28106500000004	54.90815000000032	-155.28106500000004	-155.28106500000004	-331.6563940676573	310.5621300000001	-274.30782500000015	155.28106500000004	335.9860159323432	-335.9860159323431	-331.6563940676572	331.6563940676573	-155.28106500000004	310.5621300000001	-310.5621300000001	-486.9374590676574	155.28106500000004	155.28106500000004	8.39	310.5621300000001	274.30782500000004
940	-42.7313953922654	170.9255815690616	42.7313953922654	42.7313953922654	-311.9700383977883	42.7313953922654	1000.0	367.5444961602211	311.9700383977883	-42.7313953922654	170.9255815690616	42.7313953922654	-42.7313953922654	102.6334884806635	-1000.0	-85.4627907845308	170.9255815690616	42.7313953922654	-42.7313953922654	367.5444961602211	1000.0	367.5444961602211	-42.7313953922654	897.3665115193365	-42.7313953922654	-42.7313953922654	-59.902093088398104	85.4627907845308	-367.5444961602211	42.7313953922654	1000.0	-1000.0	-59.902093088398146	59.902093088398104	-42.7313953922654	85.4627907845308	-85.4627907845308	-102.6334884806635	42.7313953922654	42.7313953922654	8.39	85.4627907845308	367.5444961602211
941	-177.99872437675958	711.9948975070384	177.99872437675958	177.99872437675958	1000.0	177.99872437675958	445.77310941899043	387.89612188379806	-1000.0	-177.99872437675958	711.9948975070384	177.99872437675958	-177.99872437675958	717.9152562324037	-1000.0	-355.99744875351917	711.9948975070384	177.99872437675958	-177.99872437675958	387.89612188379806	1000.0	387.89612188379806	-177.99872437675958	282.08474376759625	-177.99872437675958	-177.99872437675958	14.310358725365177	355.9974487535192	-387.89612188379806	177.99872437675958	1000.0	-1000.0	14.310358725365177	-14.310358725365177	-177.99872437675958	355.99744875351917	-355.9974487535192	-163.68836565139418	177.99872437675958	177.99872437675958	8.39	355.99744875351917	387.89612188379806
942	-155.28106499999998	621.1242599999999	155.28106499999998	155.28106499999998	1000.0	155.28106499999998	550.3618183107944	274.3078249999999	-1000.0	-155.28106499999998	621.1242599999999	155.28106499999998	-155.28106499999998	272.56165668920545	-327.46980668920537	-310.56212999999997	621.1242599999999	155.28106499999998	-155.28106499999998	274.3078249999999	327.46980668920537	274.3078249999999	-155.28106499999998	54.90814999999998	-155.28106499999998	-155.28106499999998	-340.1726033107945	310.56212999999997	-274.3078249999999	155.28106499999998	327.4698066892054	-327.46980668920537	-340.1726033107949	340.1726033107945	-155.28106499999998	310.56212999999997	-310.56212999999997	-495.45366831079446	155.28106499999998	155.28106499999998	8.39	310.56212999999997	274.30782500000004
943	-155.28106500000004	621.1242600000002	155.28106500000004	155.28106500000004	1000.0	155.28106500000004	537.5747515463211	274.30782500000015	-1000.0	-155.28106500000004	621.1242600000002	155.28106500000004	-155.28106500000004	285.3487234536794	-340.25687345367965	-310.5621300000001	621.1242600000002	155.28106500000004	-155.28106500000004	274.30782500000015	340.25687345367965	274.30782500000015	-155.28106500000004	54.908150000000205	-155.28106500000004	-155.28106500000004	-327.3855365463208	310.5621300000001	-274.30782500000015	155.28106500000004	340.2568734536797	-340.25687345367965	-327.3855365463202	327.3855365463208	-155.28106500000004	310.5621300000001	-310.5621300000001	-482.66660154632086	155.28106500000004	155.28106500000004	8.39	310.5621300000001	274.30782500000004
944	-155.28106500000004	621.1242600000002	155.28106500000004	155.28106500000004	1000.0	155.28106500000004	222.08837335127782	274.30782500000015	-1000.0	-155.28106500000004	621.1242600000002	155.28106500000004	-155.28106500000004	600.8351016487227	-655.743251648723	-310.5621300000001	621.1242600000002	155.28106500000004	-155.28106500000004	274.30782500000015	655.743251648723	274.30782500000015	-155.28106500000004	54.90815000000032	-155.28106500000004	-155.28106500000004	-11.899158351277492	310.5621300000001	-274.30782500000015	155.28106500000004	655.743251648723	-655.743251648723	-11.899158351277492	11.899158351277492	-155.28106500000004	310.5621300000001	-310.5621300000001	-167.1802233512775	155.28106500000004	155.28106500000004	8.39	310.5621300000001	274.30782500000004
945	-114.35565289149531	457.42261156598124	114.35565289149531	114.35565289149531	396.45776032062304	114.35565289149531	665.323041325514	371.451884297165	-396.45776032062304	-114.35565289149531	457.42261156598124	114.35565289149531	-114.35565289149531	449.03261156598126	-1000.0	-228.71130578299062	457.42261156598124	114.35565289149531	-114.35565289149531	371.451884297165	1000.0	371.45188429716507	-114.35565289149531	550.9673884340187	-114.35565289149531	-114.35565289149531	0.0	228.71130578299062	-371.451884297165	114.35565289149531	1000.0	-1000.0	0.0	0.0	-114.35565289149531	228.71130578299062	-228.71130578299062	-114.35565289149531	114.35565289149531	114.35565289149531	8.39	228.71130578299062	371.45188429716507
946	-190.34447602239518	761.3779040895807	190.34447602239518	190.34447602239518	1000.0	190.34447602239518	754.4169005598798	449.62488011197604	-1000.0	-190.34447602239518	761.3779040895807	190.34447602239518	-190.34447602239518	594.4577397760481	-1000.0	-380.68895204479037	761.3779040895807	190.34447602239518	-190.34447602239518	449.62488011197604	1000.0	449.62488011197604	-190.34447602239518	405.54226022395187	-190.34447602239518	-190.34447602239518	-158.53016431353262	380.68895204479037	-449.62488011197604	190.34447602239518	1000.0	-1000.0	-158.53016431353296	158.53016431353262	-190.34447602239518	380.68895204479037	-380.68895204479037	-348.8746403359279	190.34447602239518	190.34447602239518	8.39	380.68895204479037	449.62488011197587
947	-164.78909275027334	659.1563710010934	164.78909275027334	164.78909275027334	1000.0	164.78909275027334	115.53231875683218	321.8479637513665	-1000.0	-164.78909275027334	659.1563710010934	164.78909275027334	-164.78909275027334	850.0115724972673	-1000.0	-329.5781855005467	659.1563710010934	164.78909275027334	-164.78909275027334	321.8479637513665	1000.0	321.8479637513665	-164.78909275027334	149.98842750273275	-164.78909275027334	-164.78909275027334	199.24520149617376	329.5781855005467	-321.8479637513665	164.78909275027334	1000.0	-1000.0	199.24520149617484	-199.24520149617376	-164.78909275027334	329.5781855005467	-329.5781855005467	34.456108745900565	164.78909275027334	164.78909275027334	8.39	329.5781855005467	321.8479637513665
948	-155.28106500000004	621.1242600000002	155.28106500000004	155.28106500000004	1000.0	155.28106500000004	546.1080101208813	274.30782500000015	-1000.0	-155.28106500000004	621.1242600000002	155.28106500000004	-155.28106500000004	276.81546487911925	-331.7236148791195	-310.5621300000001	621.1242600000002	155.28106500000004	-155.28106500000004	274.30782500000015	331.7236148791195	274.30782500000015	-155.28106500000004	54.908150000000205	-155.28106500000004	-155.28106500000004	-335.91879512088093	310.5621300000001	-274.30782500000015	155.28106500000004	331.7236148791195	-331.7236148791194	-335.91879512088076	335.91879512088093	-155.28106500000004	310.5621300000001	-310.5621300000001	-491.1998601208811	155.28106500000004	155.28106500000004	8.39	310.5621300000001	274.30782500000004
949	-44.59722076492422	178.38888305969687	44.59722076492422	44.59722076492422	-296.4214936256315	44.59722076492422	1000.0	369.0993506374369	296.4214936256315	-44.59722076492422	178.38888305969687	44.59722076492422	-44.59722076492422	107.29805191231054	-1000.0	-89.19444152984843	178.38888305969687	44.59722076492422	-44.59722076492422	369.0993506374369	1000.0	369.0993506374369	-44.59722076492422	892.7019480876895	-44.59722076492422	-44.59722076492422	-62.70083114738634	89.19444152984843	-369.0993506374369	44.59722076492422	1000.0	-1000.0	-62.700831147386424	62.70083114738634	-44.59722076492422	89.19444152984843	-89.19444152984843	-107.29805191231054	44.59722076492422	44.59722076492422	8.39	89.19444152984843	369.099350637437
950	-161.03876622153376	644.1550648861352	161.03876622153376	161.03876622153376	1000.0	161.03876622153376	21.77415553834487	303.09633110766896	-1000.0	-161.03876622153376	644.1550648861352	161.03876622153376	-161.03876622153376	887.514837784662	-1000.0	-322.0775324430675	644.1550648861352	161.03876622153376	-161.03876622153376	303.09633110766896	1000.0	303.09633110766896	-161.03876622153376	112.48516221533805	-161.03876622153376	-161.03876622153376	251.74977289852666	322.0775324430676	-303.09633110766896	161.03876622153376	1000.0	-1000.0	251.74977289852637	-251.74977289852666	-161.03876622153376	322.0775324430675	-322.0775324430676	90.71100667699318	161.03876622153376	161.03876622153376	8.39	322.0775324430675	303.0963311076691
951	-155.28106500000004	621.1242600000002	155.28106500000004	155.28106500000004	1000.0	155.28106500000004	209.26825525520326	274.30782500000015	-1000.0	-155.28106500000004	621.1242600000002	155.28106500000004	-155.28106500000004	613.6552197447974	-668.5633697447977	-310.5621300000001	621.1242600000002	155.28106500000004	-155.28106500000004	274.30782500000015	668.5633697447977	274.30782500000015	-155.28106500000004	54.90815000000032	-155.28106500000004	-155.28106500000004	0.9209597447971873	310.5621300000001	-274.30782500000015	155.28106500000004	668.5633697447977	-668.5633697447977	0.9209597447970737	-0.9209597447971873	-155.28106500000004	310.5621300000001	-310.5621300000001	-154.36010525520294	155.28106500000004	155.28106500000004	8.39	310.5621300000001	274.30782500000004
952	-157.6406620817811	630.5626483271244	157.6406620817811	157.6406620817811	1000.0	157.6406620817811	-63.17844795547264	286.1058104089055	-1000.0	-157.6406620817811	630.5626483271244	157.6406620817811	-157.6406620817811	921.4958791821891	-1000.0	-315.2813241635622	630.5626483271244	157.6406620817811	-157.6406620817811	286.1058104089055	1000.0	286.1058104089055	-157.6406620817811	78.50412081781087	-157.6406620817811	-157.6406620817811	299.3232308550647	315.2813241635622	-286.1058104089055	157.6406620817811	1000.0	-1000.0	299.3232308550646	-299.3232308550647	-157.6406620817811	315.2813241635622	-315.2813241635622	141.6825687732835	157.6406620817811	157.6406620817811	8.39	315.2813241635622	286.10581040890537
953	-43.83868857061705	175.3547542824682	43.83868857061705	43.83868857061705	-232.4747809604961	43.83868857061705	789.1965571469145	333.33333333333326	232.4747809604961	-43.83868857061705	175.3547542824682	43.83868857061705	-43.83868857061705	210.80344285308547	-1000.0	-87.6773771412341	175.3547542824682	43.83868857061705	-43.83868857061705	333.33333333333326	1000.0	333.33333333333326	-43.83868857061705	789.1965571469145	-43.83868857061705	-43.83868857061705	43.83868857061725	87.6773771412341	-333.33333333333326	43.83868857061705	1000.0	-1000.0	43.83868857061725	-43.83868857061725	-43.83868857061705	87.6773771412341	-87.6773771412341	0.0	43.83868857061705	43.83868857061705	8.39	87.6773771412341	333.33333333333326
954	-142.48031282138405	569.9212512855362	142.48031282138405	142.48031282138405	871.9924782138405	142.48031282138405	-58.16461410692086	274.3078249999999	-871.9924782138405	-142.48031282138405	569.9212512855362	142.48031282138405	-142.48031282138405	881.0880891069206	-1000.0	-284.9606256427681	569.9212512855362	142.48031282138405	-142.48031282138405	274.3078249999999	1000.0	274.3078249999999	-142.48031282138405	118.91191089307938	-142.48031282138405	-142.48031282138405	319.5568378213843	284.9606256427681	-274.3078249999999	142.48031282138405	1000.0	-999.9999999999999	319.5568378213847	-319.5568378213843	-142.48031282138405	284.9606256427681	-284.9606256427681	177.07652499999926	142.48031282138405	142.48031282138405	8.39	284.9606256427681	274.30782500000004
955	-133.0678746363392	532.2714985453568	133.0678746363392	133.0678746363392	777.8680963633918	133.0678746363392	0.0	274.30782500000004	-777.8680963633918	-133.0678746363392	532.2714985453568	133.0678746363392	-133.0678746363392	822.923475	-988.8975768183038	-266.1357492726784	532.2714985453568	133.0678746363392	-133.0678746363392	274.30782500000004	988.8975768183038	274.30782500000004	-133.0678746363392	165.97410181830378	-133.0678746363392	-133.0678746363392	299.0419764546431	266.1357492726784	-274.30782500000004	133.0678746363392	988.8975768183038	-988.8975768183038	299.04197645464393	-299.0419764546431	-133.0678746363392	266.1357492726784	-266.1357492726784	165.97410181830378	133.0678746363392	133.0678746363392	8.39	266.1357492726784	274.30782500000004
956	-79.90683178446749	319.62732713787	79.9068317844675	79.90683178446749	246.2576678446751	79.90683178446749	254.70279107766237	274.307825	-246.2576678446751	-79.9068317844675	319.62732713787	79.90683178446749	-79.9068317844675	568.2206839223376	-1000.0	-159.813663568935	319.62732713787	79.90683178446749	-79.90683178446749	274.307825	1000.0	274.307825	-79.90683178446749	431.77931607766243	-79.90683178446749	-79.9068317844675	256.98335678446756	159.813663568935	-274.307825	79.9068317844675	1000.0	-1000.0	256.98335678446745	-256.98335678446756	-79.90683178446749	159.813663568935	-159.813663568935	177.07652499999926	79.9068317844675	79.90683178446749	8.39	159.813663568935	274.30782500000004
957	-138.06605404438827	552.2642161775531	138.06605404438827	138.06605404438827	827.8498904438829	138.06605404438827	-36.09332022194209	274.3078249999999	-827.8498904438829	-138.06605404438827	552.2642161775531	138.06605404438827	-138.06605404438827	859.0167952219417	-1000.0	-276.13210808877653	552.2642161775531	138.06605404438827	-138.06605404438827	274.3078249999999	1000.0	274.3078249999999	-138.06605404438827	140.98320477805828	-138.06605404438827	-138.06605404438827	315.1425790443885	276.13210808877653	-274.3078249999999	138.06605404438827	1000.0	-1000.0	315.14257904438836	-315.1425790443885	-138.06605404438827	276.13210808877653	-276.13210808877653	177.07652499999926	138.06605404438827	138.06605404438827	8.39	276.13210808877653	274.30782500000004
958	-107.88762151531031	431.55048606124126	107.88762151531031	107.88762151531031	526.0655651531034	107.88762151531031	114.79884242344778	274.30782499999987	-526.0655651531034	-107.88762151531031	431.55048606124126	107.88762151531031	-107.88762151531031	708.1246325765519	-1000.0	-215.77524303062063	431.55048606124126	107.88762151531031	-107.88762151531031	274.30782499999987	1000.0	274.30782499999987	-107.88762151531031	291.8753674234481	-107.88762151531031	-107.88762151531031	284.9641465153106	215.77524303062063	-274.30782499999987	107.88762151531031	1000.0	-1000.0	284.96414651531074	-284.9641465153106	-107.88762151531031	215.77524303062063	-215.77524303062063	177.07652499999926	107.88762151531031	107.88762151531031	8.39	215.77524303062063	274.30782500000004
959	-2.3239525858785965	9.295810343514386	2.3239525858785965	2.3239525858785965	-648.6987284510117	2.3239525858785965	1000.0	333.8716271548988	648.6987284510117	-2.3239525858785965	9.295810343514386	2.3239525858785965	-2.3239525858785965	1.6148814646964982	-1000.0	-4.647905171757193	9.295810343514386	2.3239525858785965	-2.3239525858785965	333.8716271548988	1000.0	333.8716271548988	-2.3239525858785965	998.3851185353035	-2.3239525858785965	-2.3239525858785965	0.709071121182113	4.647905171757193	-333.8716271548988	2.3239525858785965	1000.0	-1000.0	0.7090711211820846	-0.709071121182113	-2.3239525858785965	4.647905171757193	-4.647905171757193	-1.6148814646964982	2.3239525858785965	2.3239525858785965	8.39	4.647905171757193	333.87162715489893
960	-50.15158988878987	200.6063595551595	50.15158988878987	50.15158988878987	-202.78016103796102	50.15158988878987	857.9352303336304	350.05052996292994	202.78016103796102	-50.15158988878987	200.6063595551595	50.15158988878987	-50.15158988878987	192.2163595551595	-1000.0	-100.30317977757974	200.6063595551595	50.15158988878987	-50.15158988878987	350.05052996292994	1000.0	350.05052996292994	-50.15158988878987	807.7836404448406	-50.15158988878987	-50.15158988878987	0.0	100.30317977757974	-350.05052996292994	50.15158988878987	1000.0	-1000.0	0.0	0.0	-50.15158988878987	100.30317977757974	-100.30317977757974	-50.151589888789886	50.15158988878987	50.15158988878987	8.39	100.30317977757974	350.05052996293006
961	-64.04697481173127	256.1878992469251	64.04697481173127	64.04697481173127	0.0	64.04697481173127	596.9793702932818	318.1373740586564	0.0	-64.04697481173127	256.1878992469251	64.04697481173127	-64.04697481173127	357.4327518826873	-1000.0	-128.09394962346255	256.1878992469251	64.04697481173127	-64.04697481173127	318.1373740586564	1000.0	318.1373740586564	-64.04697481173127	642.5672481173127	-64.04697481173127	-64.04697481173127	109.63485263576216	128.09394962346255	-318.1373740586564	64.04697481173127	1000.0	-999.9999999999999	109.63485263576217	-109.63485263576216	-64.04697481173127	128.09394962346255	-128.09394962346255	45.5878778240309	64.04697481173127	64.04697481173127	8.39	128.09394962346255	318.1373740586564
962	-133.1870520292042	532.7482081168168	133.1870520292042	133.1870520292042	779.0598702920422	133.1870520292042	298.5652668831831	274.307825	-779.0598702920422	-133.1870520292042	532.7482081168168	133.1870520292042	-133.1870520292042	524.3582081168169	-689.7364229707957	-266.3741040584084	532.7482081168168	133.1870520292042	-133.1870520292042	274.307825	689.7364229707957	274.307825	-133.1870520292042	165.37821485397887	-133.1870520292042	-133.1870520292042	0.0	266.3741040584084	-274.307825	133.1870520292042	689.7364229707957	-689.7364229707958	0.0	0.0	-133.1870520292042	266.3741040584084	-266.3741040584084	-133.1870520292042	133.1870520292042	133.1870520292042	8.39	266.3741040584084	274.30782500000004
963	-50.9388097496892	203.75523899875682	50.9388097496892	50.9388097496892	-195.4327756695673	50.9388097496892	855.5735707509323	350.3129365832297	195.4327756695673	-50.9388097496892	203.75523899875682	50.9388097496892	-50.9388097496892	195.36523899875687	-1000.0	-101.8776194993784	203.75523899875682	50.9388097496892	-50.9388097496892	350.3129365832297	1000.0	350.3129365832297	-50.9388097496892	804.6347610012431	-50.9388097496892	-50.9388097496892	0.0	101.87761949937841	-350.3129365832297	50.9388097496892	1000.0	-1000.0	0.0	0.0	-50.9388097496892	101.8776194993784	-101.87761949937841	-50.93880974968917	50.9388097496892	50.9388097496892	8.39	101.8776194993784	350.3129365832298
964	-37.84704859254582	151.3881943701833	37.84704859254582	37.84704859254582	-317.6225464695723	37.84704859254582	894.8488542223625	345.9490161975153	317.6225464695723	-37.84704859254582	151.3881943701833	37.84704859254582	-37.84704859254582	142.99819437018328	-1000.0	-75.69409718509164	151.3881943701833	37.84704859254582	-37.84704859254582	345.9490161975153	1000.0	345.9490161975153	-37.84704859254582	857.0018056298168	-37.84704859254582	-37.84704859254582	0.0	75.69409718509165	-345.9490161975153	37.84704859254582	1000.0	-1000.0	0.0	0.0	-37.84704859254582	75.69409718509164	-75.69409718509165	-37.84704859254583	37.84704859254582	37.84704859254582	8.39	75.69409718509164	345.9490161975154
965	-98.13208538744482	392.52834154977927	98.13208538744485	98.13208538744482	428.5102038744483	98.13208538744482	163.57652306277578	274.307825	-428.5102038744483	-98.13208538744485	392.52834154977927	98.13208538744482	-98.13208538744485	659.3469519372242	-1000.0	-196.26417077488964	392.52834154977927	98.13208538744482	-98.13208538744482	274.307825	1000.0	274.307825	-98.13208538744482	340.65304806277584	-98.13208538744482	-98.13208538744485	275.2086103874449	196.26417077488964	-274.307825	98.13208538744485	1000.0	-1000.0	275.2086103874449	-275.2086103874449	-98.13208538744482	196.26417077488964	-196.26417077488964	177.07652499999926	98.13208538744485	98.13208538744482	8.39	196.26417077488964	274.30782500000004
966	-130.57258550989073	522.2903420395629	130.57258550989073	130.57258550989073	752.9152050989074	130.57258550989073	1.3740224505455956	274.3078249999999	-752.9152050989074	-130.57258550989073	522.2903420395629	130.57258550989073	-130.57258550989073	821.549452549454	-1000.0	-261.14517101978146	522.2903420395629	130.57258550989073	-130.57258550989073	274.3078249999999	1000.0	274.3078249999999	-130.57258550989073	178.45054745054597	-130.57258550989073	-130.57258550989073	307.649110509891	261.14517101978146	-274.3078249999999	130.57258550989073	1000.0	-1000.0	307.6491105098907	-307.649110509891	-130.57258550989073	261.14517101978146	-261.14517101978146	177.07652499999926	130.57258550989073	130.57258550989073	8.39	261.14517101978146	274.30782500000004
967	-56.73771040838541	226.9508416335417	56.73771040838541	56.73771040838541	0.0	56.73771040838541	414.24776020963554	281.5910520419271	0.0	-56.73771040838541	226.9508416335417	56.73771040838541	-56.73771040838541	430.5253959161457	-1000.0	-113.47542081677082	226.9508416335417	56.73771040838541	-56.73771040838541	281.5910520419271	1000.0	281.5910520419271	-56.73771040838541	569.4746040838543	-56.73771040838541	-56.73771040838541	211.9645542826039	113.47542081677085	-281.5910520419271	56.73771040838541	1000.0	-1000.0	211.96455428260393	-211.9645542826039	-56.73771040838541	113.47542081677082	-113.47542081677085	155.22684387421873	56.73771040838541	56.73771040838541	8.39	113.47542081677082	281.5910520419271
968	-144.94543540632438	579.7817416252975	144.94543540632438	144.94543540632438	778.5926873965772	144.94543540632438	1000.0	333.3333333333333	-778.5926873965772	-144.94543540632438	579.7817416252975	144.94543540632438	-144.94543540632438	0.0	-283.6628229683781	-289.89087081264876	579.7817416252975	144.94543540632438	-144.94543540632438	333.3333333333333	283.6628229683781	333.3333333333333	-144.94543540632438	283.6628229683781	-144.94543540632438	-144.94543540632438	-571.3917416252975	289.89087081264876	-333.3333333333333	144.94543540632438	283.6628229683781	-283.6628229683781	-571.3917416252978	571.3917416252975	-144.94543540632438	289.89087081264876	-289.89087081264876	-716.3371770316219	144.94543540632438	144.94543540632438	8.39	289.89087081264876	333.33333333333337
969	-53.320919682209336	213.28367872883734	53.320919682209336	53.320919682209336	-137.65246984457323	53.320919682209336	1000.0	333.3333333333333	137.65246984457323	-53.320919682209336	213.28367872883734	53.320919682209336	-53.320919682209336	0.0	-741.7854015889533	-106.64183936441867	213.28367872883734	53.320919682209336	-53.320919682209336	333.3333333333333	741.7854015889533	333.3333333333333	-53.320919682209336	741.7854015889533	-53.320919682209336	-53.320919682209336	-204.89367872883736	106.64183936441867	-333.3333333333333	53.320919682209336	741.7854015889533	-741.7854015889533	-204.89367872883759	204.89367872883736	-53.320919682209336	106.64183936441867	-106.64183936441867	-258.2145984110467	53.320919682209336	53.320919682209336	8.39	106.64183936441867	333.33333333333337
970	0.0	0.0	0.0	0.0	-552.8106499999998	0.0	713.5376853345917	274.3078249999999	552.8106499999998	0.0	0.0	0.0	0.0	109.38578966540805	-940.6992646654079	0.0	0.0	0.0	0.0	274.3078249999999	940.6992646654079	274.3078249999999	0.0	831.3134749999998	0.0	0.0	117.77578966540806	0.0	-274.3078249999999	0.0	940.6992646654079	-940.6992646654079	117.7757896654079	-117.77578966540806	0.0	0.0	0.0	117.77578966540804	0.0	0.0	8.39	0.0	274.30782500000004
971	-131.30319945632593	525.2127978253037	131.30319945632593	131.30319945632593	760.2213445632595	131.30319945632593	174.79747771837037	274.30782500000004	-760.2213445632595	-131.30319945632593	525.2127978253037	131.30319945632593	-131.30319945632593	648.1259972816297	-822.923475	-262.60639891265185	525.2127978253037	131.30319945632593	-131.30319945632593	274.30782500000004	822.923475	274.30782500000004	-131.30319945632593	174.79747771837037	-131.30319945632593	-131.30319945632593	131.30319945632607	262.60639891265185	-274.30782500000004	131.30319945632593	822.923475	-822.923475	131.30319945632567	-131.30319945632607	-131.30319945632593	262.60639891265185	-262.60639891265185	0.0	131.30319945632593	131.30319945632593	8.39	262.60639891265185	274.30782500000004
972	-47.82994353207992	191.3197741283197	47.82994353207992	47.82994353207992	-74.51121467920085	47.82994353207992	592.1637573396004	274.30782500000004	74.51121467920085	-47.82994353207992	191.3197741283197	47.82994353207992	-47.82994353207992	230.75971766039964	-822.923475	-95.65988706415985	191.3197741283197	47.82994353207992	-47.82994353207992	274.30782500000004	822.923475	274.30782500000004	-47.82994353207992	592.1637573396004	-47.82994353207992	-47.82994353207992	47.82994353207994	95.65988706415985	-274.30782500000004	47.82994353207992	822.923475	-822.923475	47.829943532079994	-47.82994353207994	-47.82994353207992	95.65988706415985	-95.65988706415985	0.0	47.82994353207992	47.82994353207992	8.39	95.65988706415985	274.30782500000004
973	-77.00979315703317	308.0391726281327	77.00979315703317	77.00979315703317	217.28728157033203	77.00979315703317	269.1879842148336	274.30782499999987	-217.28728157033203	-77.00979315703317	308.0391726281327	77.00979315703317	-77.00979315703317	553.7354907851661	-1000.0	-154.01958631406634	308.0391726281327	77.00979315703317	-77.00979315703317	274.30782499999987	1000.0	274.30782499999987	-77.00979315703317	446.2645092148339	-77.00979315703317	-77.00979315703317	254.08631815703342	154.01958631406634	-274.30782499999987	77.00979315703317	1000.0	-1000.0	254.0863181570333	-254.08631815703342	-77.00979315703317	154.01958631406634	-154.01958631406634	177.07652499999926	77.00979315703317	77.00979315703317	8.39	154.01958631406634	274.30782500000004
974	-103.94148322790976	415.7659329116391	103.94148322790977	103.94148322790976	368.55316561243103	103.94148322790977	1000.0	333.3333333333333	-368.55316561243103	-103.94148322790977	415.7659329116391	103.94148322790977	-103.94148322790977	0.0	-488.68258386045113	-207.88296645581954	415.7659329116391	103.94148322790977	-103.94148322790977	333.3333333333333	488.68258386045113	333.3333333333333	-103.94148322790977	488.68258386045113	-103.94148322790976	-103.94148322790977	-407.3759329116391	207.88296645581954	-333.3333333333333	103.94148322790977	488.68258386045113	-488.68258386045113	-407.3759329116389	407.3759329116391	-103.94148322790977	207.88296645581954	-207.88296645581954	-511.31741613954887	103.94148322790977	103.94148322790977	8.39	207.88296645581954	333.3333333333334
975	-158.68668740387184	634.7467496154874	158.68668740387184	158.68668740387184	916.005207372052	158.68668740387184	1000.0	333.3333333333333	-916.005207372052	-158.68668740387184	634.7467496154874	158.68668740387184	-158.68668740387184	0.0	-214.9565629806408	-317.3733748077437	634.7467496154874	158.68668740387184	-158.68668740387184	333.3333333333333	214.9565629806408	333.3333333333333	-158.68668740387184	214.9565629806408	-158.68668740387184	-158.68668740387184	-626.3567496154874	317.3733748077437	-333.3333333333333	158.68668740387184	214.9565629806408	-214.9565629806408	-626.3567496154874	626.3567496154874	-158.68668740387184	317.3733748077437	-317.3733748077437	-785.0434370193592	158.68668740387184	158.68668740387184	8.39	317.3733748077437	333.3333333333333
976	-144.72328410405675	578.8931364162271	144.72328410405672	144.72328410405675	894.4221910405679	144.72328410405675	822.923475	274.30782500000004	-894.4221910405679	-144.72328410405672	578.8931364162271	144.72328410405675	-144.72328410405672	0.0	-107.69705447971626	-289.44656820811355	578.8931364162271	144.72328410405675	-144.72328410405675	274.30782500000004	107.69705447971626	274.30782500000004	-144.72328410405675	107.69705447971626	-144.72328410405675	-144.72328410405672	-570.5031364162271	289.44656820811355	-274.30782500000004	144.72328410405672	107.69705447971626	-107.69705447971629	-570.5031364162279	570.5031364162271	-144.72328410405675	289.44656820811355	-289.44656820811355	-715.2264205202838	144.72328410405672	144.72328410405675	8.39	289.44656820811355	274.30782500000004
977	-169.78961005161102	679.1584402064441	169.78961005161102	169.78961005161102	746.8484170967587	169.78961005161102	1000.0	473.42634170967585	-746.8484170967587	-169.78961005161102	679.1584402064441	169.78961005161102	-169.78961005161102	420.27902512902756	-1000.0	-339.57922010322204	679.1584402064441	169.78961005161102	-169.78961005161102	473.42634170967585	1000.0	473.42634170967585	-169.78961005161102	579.7209748709724	-169.78961005161102	-169.78961005161102	-250.48941507741654	339.57922010322204	-473.42634170967585	169.78961005161102	1000.0	-1000.0	-250.489415077417	250.48941507741654	-169.78961005161102	339.57922010322204	-339.57922010322204	-420.27902512902756	169.78961005161102	169.78961005161102	8.39	339.57922010322204	473.4263417096759
978	-143.9063900410821	575.6255601643285	143.90639004108212	143.9063900410821	886.253250410821	143.9063900410821	822.923475	274.30782500000004	-886.253250410821	-143.90639004108212	575.6255601643285	143.9063900410821	-143.90639004108212	0.0	-111.78152479458943	-287.81278008216424	575.6255601643285	143.9063900410821	-143.9063900410821	274.30782500000004	111.78152479458943	274.30782500000004	-143.9063900410821	111.78152479458947	-143.9063900410821	-143.90639004108212	-567.2355601643285	287.81278008216424	-274.30782500000004	143.90639004108212	111.78152479458947	-111.78152479458947	-567.2355601643283	567.2355601643285	-143.9063900410821	287.81278008216424	-287.81278008216424	-711.1419502054106	143.90639004108212	143.9063900410821	8.39	287.81278008216424	274.30782500000004
979	-73.20887011675973	292.8354804670389	73.20887011675973	73.20887011675973	12.421121089757456	73.20887011675973	788.7633896497208	357.7362900389199	-12.421121089757456	-73.20887011675973	292.8354804670389	73.20887011675973	-73.20887011675973	284.4454804670389	-1000.0	-146.41774023351945	292.8354804670389	73.20887011675973	-73.20887011675973	357.7362900389199	1000.0	357.7362900389199	-73.20887011675973	715.5545195329611	-73.20887011675973	-73.20887011675973	0.0	146.41774023351945	-357.7362900389199	73.20887011675973	1000.0	-1000.0	0.0	0.0	-73.20887011675973	146.41774023351945	-146.41774023351945	-73.20887011675973	73.20887011675973	73.20887011675973	8.39	146.41774023351945	357.73629003892023
980	-158.8335750539354	635.3343002157417	158.83357505393542	158.8335750539354	655.5481254494617	158.8335750539354	1000.0	464.29631254494615	-655.5481254494617	-158.83357505393542	635.3343002157417	158.8335750539354	-158.83357505393542	392.8889376348386	-1000.0	-317.66715010787084	635.3343002157417	158.8335750539354	-158.8335750539354	464.29631254494615	1000.0	464.29631254494615	-158.8335750539354	607.1110623651614	-158.8335750539354	-158.83357505393542	-234.05536258090314	317.66715010787084	-464.29631254494615	158.83357505393542	1000.0	-1000.0	-234.05536258090314	234.05536258090314	-158.8335750539354	317.66715010787084	-317.66715010787084	-392.88893763483856	158.83357505393542	158.8335750539354	8.39	317.66715010787084	464.29631254494603
981	-82.51846817280962	330.0738726912385	82.51846817280962	82.51846817280962	19.5889014400801	82.51846817280962	1000.0	400.700390144008	-19.5889014400801	-82.51846817280962	330.0738726912385	82.51846817280962	-82.51846817280962	202.10117043202405	-1000.0	-165.03693634561924	330.0738726912385	82.51846817280962	-82.51846817280962	400.700390144008	1000.0	400.700390144008	-82.51846817280962	797.898829567976	-82.51846817280962	-82.51846817280962	-119.58270225921444	165.03693634561924	-400.700390144008	82.51846817280962	1000.0	-1000.0	-119.58270225921444	119.58270225921444	-82.51846817280962	165.03693634561924	-165.03693634561924	-202.10117043202405	82.51846817280962	82.51846817280962	8.39	165.03693634561924	400.7003901440082
982	-55.28106499999999	221.12425999999996	55.28106499999999	55.28106499999999	0.0	55.28106499999999	481.7313567638155	274.307825	0.0	-55.28106499999999	221.12425999999996	55.28106499999999	-55.28106499999999	341.19211823618446	-896.1002682361844	-110.56212999999998	221.12425999999996	55.28106499999999	-55.28106499999999	274.307825	896.1002682361844	274.307825	-55.28106499999999	554.90815	-55.28106499999999	-55.28106499999999	128.45785823618453	110.56212999999998	-274.307825	55.28106499999999	896.1002682361844	-896.1002682361843	128.4578582361844	-128.45785823618453	-55.28106499999999	110.56212999999998	-110.56212999999998	73.17679323618447	55.28106499999999	55.28106499999999	8.39	110.56212999999998	274.30782500000004
983	-83.78871025720818	335.1548410288327	83.78871025720818	83.78871025720818	285.07645257208156	83.78871025720818	412.3699237139591	274.30782500000004	-285.07645257208156	-83.78871025720818	335.1548410288327	83.78871025720818	-83.78871025720818	410.55355128604094	-822.923475	-167.57742051441636	335.1548410288327	83.78871025720818	-83.78871025720818	274.30782500000004	822.923475	274.30782500000004	-83.78871025720818	412.3699237139591	-83.78871025720818	-83.78871025720818	83.78871025720821	167.57742051441636	-274.30782500000004	83.78871025720818	822.923475	-822.9234750000002	83.78871025720855	-83.78871025720821	-83.78871025720818	167.57742051441636	-167.57742051441636	0.0	83.78871025720818	83.78871025720818	8.39	167.57742051441636	274.30782500000004
984	-79.21917146753813	316.8766858701525	79.21917146753813	79.21917146753813	0.0	79.21917146753813	976.2842866884534	393.9983573376907	0.0	-79.21917146753813	316.8766858701525	79.21917146753813	-79.21917146753813	205.7107853246186	-1000.0	-158.43834293507626	316.8766858701525	79.21917146753813	-79.21917146753813	393.9983573376907	1000.0	393.9983573376907	-79.21917146753813	794.2892146753813	-79.21917146753813	-79.21917146753813	-102.77590054553394	158.43834293507626	-393.9983573376907	79.21917146753813	1000.0	-1000.0	-102.77590054553428	102.77590054553394	-79.21917146753813	158.43834293507626	-158.43834293507626	-181.99507201307205	79.21917146753813	79.21917146753813	8.39	158.43834293507626	393.9983573376906
985	-171.88592958634337	687.5437183453735	171.88592958634337	171.88592958634337	764.3177465528611	171.88592958634337	1000.0	475.17327465528615	-764.3177465528611	-171.88592958634337	687.5437183453735	171.88592958634337	-171.88592958634337	425.51982396585845	-1000.0	-343.77185917268673	687.5437183453735	171.88592958634337	-171.88592958634337	475.17327465528615	1000.0	475.17327465528615	-171.88592958634337	574.4801760341416	-171.88592958634337	-171.88592958634337	-253.63389437951503	343.77185917268673	-475.17327465528615	171.88592958634337	1000.0	-1000.0	-253.6338943795148	253.63389437951503	-171.88592958634337	343.77185917268673	-343.77185917268673	-425.51982396585845	171.88592958634337	171.88592958634337	8.39	343.77185917268673	475.1732746552861
986	-132.01918366297576	528.0767346519032	132.01918366297573	132.01918366297576	767.3811866297583	132.01918366297576	822.9234749999999	274.307825	-767.3811866297583	-132.01918366297573	528.0767346519032	132.01918366297576	-132.01918366297573	0.0	-171.21755668512105	-264.0383673259516	528.0767346519032	132.01918366297576	-132.01918366297576	274.307825	171.21755668512105	274.307825	-132.01918366297576	171.21755668512105	-132.01918366297576	-132.01918366297573	-519.6867346519032	264.0383673259516	-274.307825	132.01918366297573	171.21755668512105	-171.217556685121	-519.6867346519039	519.6867346519032	-132.01918366297576	264.0383673259516	-264.0383673259516	-651.7059183148789	132.01918366297573	132.01918366297576	8.39	264.0383673259516	274.30782500000004
987	-155.28106499999996	621.1242599999998	155.28106499999996	155.28106499999996	1000.0	155.28106499999996	123.84529365895546	274.30782499999975	-1000.0	-155.28106499999996	621.1242599999998	155.28106499999996	-155.28106499999996	699.0781813410438	-753.9863313410438	-310.5621299999999	621.1242599999998	155.28106499999996	-155.28106499999996	274.30782499999964	753.9863313410438	274.30782499999964	-155.28106499999996	54.90814999999998	-155.28106499999996	-155.28106499999996	86.34392134104382	310.5621299999999	-274.30782499999987	155.28106499999996	753.9863313410438	-753.9863313410438	86.34392134104371	-86.34392134104382	-155.28106499999996	310.5621299999999	-310.5621299999999	-68.9371436589555	155.28106499999996	155.28106499999996	8.39	310.5621299999999	274.30782500000004
988	-167.1774012416205	668.709604966482	167.1774012416205	167.1774012416205	1000.0	167.1774012416205	1000.0	333.78950620810247	-1000.0	-167.1774012416205	668.709604966482	167.1774012416205	-167.1774012416205	1.3685186243075123	-175.24003104051246	-334.354802483241	668.709604966482	167.1774012416205	-167.1774012416205	333.78950620810247	175.24003104051246	333.78950620810247	-167.1774012416205	173.87151241620495	-167.1774012416205	-167.1774012416205	-658.9510863421744	334.354802483241	-333.78950620810247	167.1774012416205	175.24003104051246	-175.24003104051246	-658.9510863421751	658.9510863421744	-167.1774012416205	334.354802483241	-334.354802483241	-826.128487583795	167.1774012416205	167.1774012416205	8.39	334.354802483241	333.78950620810247
989	-155.2810649999999	621.1242599999996	155.2810649999999	155.2810649999999	1000.0	155.2810649999999	128.62042430249423	274.30782499999975	-1000.0	-155.2810649999999	621.1242599999996	155.2810649999999	-155.2810649999999	694.3030506975049	-749.2112006975044	-310.5621299999998	621.1242599999996	155.2810649999999	-155.2810649999999	274.3078249999995	749.2112006975044	274.3078249999995	-155.2810649999999	54.90814999999975	-155.2810649999999	-155.2810649999999	81.56879069750528	310.5621299999998	-274.30782499999987	155.2810649999999	749.2112006975044	-749.2112006975044	81.56879069750516	-81.56879069750528	-155.2810649999999	310.5621299999998	-310.5621299999998	-73.71227430249473	155.2810649999999	155.2810649999999	8.39	310.5621299999998	274.30782500000004
990	-185.75284555021665	743.0113822008666	185.75284555021665	185.75284555021665	1000.0	185.75284555021665	1000.0	426.6667277510833	-1000.0	-185.75284555021665	743.0113822008666	185.75284555021665	-185.75284555021665	280.0001832532497	-639.6261387554162	-371.5056911004333	743.0113822008666	185.75284555021665	-185.75284555021665	426.6667277510833	639.6261387554162	426.6667277510833	-185.75284555021665	359.62595550216645	-185.75284555021665	-185.75284555021665	-454.6211989476169	371.5056911004333	-426.6667277510833	185.75284555021665	639.6261387554162	-639.6261387554162	-454.62119894761736	454.6211989476169	-185.75284555021665	371.5056911004333	-371.5056911004333	-640.3740444978336	185.75284555021665	185.75284555021665	8.39	371.5056911004333	426.66672775108316
991	-162.9611945180248	651.8447780720992	162.9611945180248	162.9611945180248	1000.0	162.9611945180248	69.83486295061982	312.70847259012396	-1000.0	-162.9611945180248	651.8447780720992	162.9611945180248	-162.9611945180248	868.2905548197521	-1000.0	-325.9223890360496	651.8447780720992	162.9611945180248	-162.9611945180248	312.70847259012396	1000.0	312.70847259012396	-162.9611945180248	131.70944518024794	-162.9611945180248	-162.9611945180248	224.83577674765274	325.9223890360496	-312.70847259012396	162.9611945180248	1000.0	-1000.0	224.83577674765252	-224.83577674765274	-162.9611945180248	325.9223890360496	-325.9223890360496	61.87458222962809	162.9611945180248	162.9611945180248	8.39	325.9223890360496	312.70847259012396
992	-184.95757337290448	739.830293491618	184.95757337290448	184.95757337290448	1000.0	184.95757337290448	619.7443343226139	422.69036686452273	-1000.0	-184.95757337290448	739.830293491618	184.95757337290448	-184.95757337290448	648.3267662709543	-1000.0	-369.91514674580895	739.830293491618	184.95757337290448	-184.95757337290448	422.69036686452273	1000.0	422.69036686452273	-184.95757337290448	351.6732337290457	-184.95757337290448	-184.95757337290448	-83.11352722066385	369.915146745809	-422.69036686452273	184.95757337290448	1000.0	-1000.0	-83.11352722066448	83.11352722066385	-184.95757337290448	369.91514674580895	-369.915146745809	-268.0711005935682	184.95757337290448	184.95757337290448	8.39	369.91514674580895	422.69036686452273
993	-199.0284963364393	796.1139853457572	199.0284963364393	199.0284963364393	1000.0	199.0284963364393	1000.0	493.04498168219646	-1000.0	-199.0284963364393	796.1139853457572	199.0284963364393	-199.0284963364393	479.1349450465892	-971.517408410982	-398.0569926728786	796.1139853457572	199.0284963364393	-199.0284963364393	493.04498168219646	971.517408410982	493.04498168219646	-199.0284963364393	492.3824633643928	-199.0284963364393	-199.0284963364393	-308.589040299168	398.0569926728786	-493.04498168219646	199.0284963364393	971.517408410982	-971.517408410982	-308.58904029916783	308.589040299168	-199.0284963364393	398.0569926728786	-398.0569926728786	-507.6175366356072	199.0284963364393	199.0284963364393	8.39	398.0569926728786	493.0449816821961
994	-181.00050031487032	724.0020012594812	181.00050031487032	181.00050031487032	1000.0	181.00050031487032	1000.0	402.9050015743515	-1000.0	-181.00050031487032	724.0020012594812	181.00050031487032	-181.00050031487032	208.7150047230545	-520.8175078717575	-362.00100062974064	724.0020012594812	181.00050031487032	-181.00050031487032	402.9050015743515	520.8175078717575	402.9050015743515	-181.00050031487032	312.1025031487029	-181.00050031487032	-181.00050031487032	-506.89699653642657	362.0010006297406	-402.9050015743515	181.00050031487032	520.8175078717575	-520.8175078717575	-506.8969965364264	506.89699653642657	-181.00050031487032	362.00100062974064	-362.0010006297406	-687.8974968512971	181.00050031487032	181.00050031487032	8.39	362.00100062974064	402.9050015743516
995	-69.91495755883967	279.6598302353587	69.91495755883966	69.91495755883967	28.287908921730022	69.91495755883966	1000.0	333.3333333333333	-28.287908921730022	-69.91495755883966	279.6598302353587	69.91495755883966	-69.91495755883966	0.0	-658.8152122058016	-139.82991511767932	279.6598302353587	69.91495755883966	-69.91495755883966	333.3333333333333	658.8152122058016	333.3333333333333	-69.91495755883966	658.8152122058016	-69.91495755883967	-69.91495755883966	-271.26983023535877	139.82991511767935	-333.3333333333333	69.91495755883966	658.8152122058016	-658.8152122058016	-271.2698302353587	271.26983023535877	-69.91495755883966	139.82991511767932	-139.82991511767935	-341.18478779419837	69.91495755883966	69.91495755883966	8.39	139.82991511767932	333.3333333333333
996	-155.28106499999996	621.1242599999998	155.28106499999996	155.28106499999996	1000.0	155.28106499999996	152.40084162869147	274.30782499999975	-1000.0	-155.28106499999996	621.1242599999998	155.28106499999996	-155.28106499999996	670.5226333713078	-725.4307833713078	-310.5621299999999	621.1242599999998	155.28106499999996	-155.28106499999996	274.30782499999964	725.4307833713078	274.30782499999964	-155.28106499999996	54.90814999999998	-155.28106499999996	-155.28106499999996	57.7883733713079	310.5621299999999	-274.30782499999987	155.28106499999996	725.4307833713078	-725.4307833713078	57.788373371307785	-57.7883733713079	-155.28106499999996	310.5621299999999	-310.5621299999999	-97.49269162869155	155.28106499999996	155.28106499999996	8.39	310.5621299999999	274.30782500000004
997	-158.3943737385827	633.5774949543307	158.3943737385827	158.3943737385827	651.8881144881892	158.3943737385827	1000.0	463.93031144881894	-651.8881144881892	-158.3943737385827	633.5774949543307	158.3943737385827	-158.3943737385827	391.7909343464567	-1000.0	-316.7887474771654	633.5774949543307	158.3943737385827	-158.3943737385827	463.93031144881894	1000.0	463.93031144881894	-158.3943737385827	608.2090656535433	-158.3943737385827	-158.3943737385827	-233.39656060787405	316.7887474771654	-463.93031144881894	158.3943737385827	1000.0	-1000.0	-233.39656060787382	233.39656060787405	-158.3943737385827	316.7887474771654	-316.7887474771654	-391.7909343464567	158.3943737385827	158.3943737385827	8.39	316.7887474771654	463.93031144881905
998	-174.11143254735623	696.4457301894249	174.11143254735623	174.11143254735623	1000.0	174.11143254735623	348.5908136839066	368.4596627367814	-1000.0	-174.11143254735623	696.4457301894249	174.11143254735623	-174.11143254735623	756.788174526437	-1000.0	-348.22286509471246	696.4457301894249	174.11143254735623	-174.11143254735623	368.4596627367814	1000.0	368.4596627367814	-174.11143254735623	243.21182547356284	-174.11143254735623	-174.11143254735623	68.73244433701211	348.22286509471246	-368.4596627367814	174.11143254735623	1000.0	-1000.0	68.73244433701166	-68.73244433701211	-174.11143254735623	348.22286509471246	-348.22286509471246	-105.37898821034378	174.11143254735623	174.11143254735623	8.39	348.22286509471246	368.4596627367814
999	-117.78951800711873	471.1580720284749	117.78951800711873	117.78951800711873	507.0335134045204	117.78951800711873	419.44240996440635	333.3333333333333	-507.0335134045204	-117.78951800711873	471.1580720284749	117.78951800711873	-117.78951800711873	580.5575900355936	-1000.0	-235.57903601423746	471.1580720284749	117.78951800711873	-117.78951800711873	333.3333333333333	1000.0	333.3333333333333	-117.78951800711873	419.44240996440635	-117.78951800711873	-117.78951800711873	117.78951800711872	235.57903601423746	-333.3333333333333	117.78951800711873	1000.0	-1000.0	117.78951800711883	-117.78951800711872	-117.78951800711873	235.57903601423746	-235.57903601423746	0.0	117.78951800711873	117.78951800711873	8.39	235.57903601423746	333.3333333333334
